HIERARCHY
ROOT Hips
{
	OFFSET 0.000000 0.000000 0.000000
	CHANNELS 6 Xposition Yposition Zposition Xrotation Yrotation Zrotation
	JOINT C_ctrl
	{
		OFFSET 0.000000 35.040482 -0.000011
		CHANNELS 3 Xrotation Yrotation Zrotation
		JOINT Bip01
		{
			OFFSET -41.537640 41.789009 -0.000007
			CHANNELS 3 Xrotation Yrotation Zrotation
			JOINT Bip01_Pelvis
			{
				OFFSET -2.462887 0.000000 0.000000
				CHANNELS 3 Xrotation Yrotation Zrotation
				JOINT BN_Tail_01
				{
					OFFSET -11.399368 7.351341 -0.000013
					CHANNELS 3 Xrotation Yrotation Zrotation
					JOINT BN_Tail_02
					{
						OFFSET -11.365196 -0.343025 0.000012
						CHANNELS 3 Xrotation Yrotation Zrotation
						JOINT BN_Tail_03
						{
							OFFSET -15.076256 -0.454979 0.000017
							CHANNELS 3 Xrotation Yrotation Zrotation
							JOINT BN_Tail_04
							{
								OFFSET -17.395691 -0.525002 0.000016
								CHANNELS 3 Xrotation Yrotation Zrotation
								JOINT BN_Tail_05
								{
									OFFSET -16.699837 -0.504005 0.000016
									CHANNELS 3 Xrotation Yrotation Zrotation
									End Site
									{
										OFFSET 0.503998 -16.699829 0.000067
									}
								}
							}
						}
					}
				}
				JOINT Bip01_Spine
				{
					OFFSET 8.297798 5.916809 -0.000020
					CHANNELS 3 Xrotation Yrotation Zrotation
					JOINT Bip01_R_Thigh
					{
						OFFSET -8.297779 -5.916794 10.541781
						CHANNELS 3 Xrotation Yrotation Zrotation
						JOINT Bip01_R_Calf
						{
							OFFSET 5.631542 -22.906792 0.862690
							CHANNELS 3 Xrotation Yrotation Zrotation
							JOINT Bip01_R_HorseLink
							{
								OFFSET -16.984341 -19.231926 -3.555767
								CHANNELS 3 Xrotation Yrotation Zrotation
								JOINT Bip01_R_Foot
								{
									OFFSET 4.290367 -24.783146 0.578056
									CHANNELS 3 Xrotation Yrotation Zrotation
									JOINT Bip01_R_Toe0
									{
										OFFSET 3.561211 -5.815116 0.760802
										CHANNELS 3 Xrotation Yrotation Zrotation
										JOINT Bip01_R_Toe0Nub
										{
											OFFSET 16.135469 0.002017 1.534789
											CHANNELS 3 Xrotation Yrotation Zrotation
											End Site
											{
												OFFSET -0.000002 16.208284 -0.000056
											}
										}
									}
								}
							}
						}
					}
					JOINT Bip01_L_Thigh
					{
						OFFSET -8.297813 -5.916832 -10.541739
						CHANNELS 3 Xrotation Yrotation Zrotation
						JOINT Bip01_L_Calf
						{
							OFFSET 5.631535 -22.906792 -0.862625
							CHANNELS 3 Xrotation Yrotation Zrotation
							JOINT Bip01_L_HorseLink
							{
								OFFSET -16.984318 -19.231949 3.555875
								CHANNELS 3 Xrotation Yrotation Zrotation
								JOINT Bip01_L_Foot
								{
									OFFSET 4.290367 -24.783169 -0.577965
									CHANNELS 3 Xrotation Yrotation Zrotation
									JOINT Bip01_L_Toe0
									{
										OFFSET 3.561245 -5.815111 -0.760799
										CHANNELS 3 Xrotation Yrotation Zrotation
										JOINT Bip01_L_Toe0Nub
										{
											OFFSET 6.574303 -0.000005 -1.538561
											CHANNELS 3 Xrotation Yrotation Zrotation
											End Site
											{
												OFFSET 0.000004 -6.751935 0.000023
											}
										}
									}
								}
							}
						}
					}
					JOINT Bip01_Spine1
					{
						OFFSET 20.556803 -4.626213 -0.000025
						CHANNELS 3 Xrotation Yrotation Zrotation
						JOINT Saddle
						{
							OFFSET 17.608810 18.174690 -0.000143
							CHANNELS 3 Xrotation Yrotation Zrotation
							End Site
							{
								OFFSET -0.000063 -0.000061 -22.448387
							}
						}
						JOINT BN_center
						{
							OFFSET 10.743275 -13.417107 -0.172041
							CHANNELS 3 Xrotation Yrotation Zrotation
							End Site
							{
								OFFSET 22.434088 0.553078 -0.579614
							}
						}
						JOINT Bip01_Spine2
						{
							OFFSET 24.765072 -2.054115 -0.000032
							CHANNELS 3 Xrotation Yrotation Zrotation
							JOINT Handle
							{
								OFFSET 63.735676 16.430748 -16.052464
								CHANNELS 3 Xrotation Yrotation Zrotation
								JOINT IK_Chain01
								{
									OFFSET -4.713058 -6.020439 0.185448
									CHANNELS 3 Xrotation Yrotation Zrotation
									End Site
									{
										OFFSET -0.000023 -0.000023 -7.648071
									}
								}
							}
							JOINT BN_hair04_01
							{
								OFFSET 1.987491 16.256981 -2.049672
								CHANNELS 3 Xrotation Yrotation Zrotation
								JOINT BN_hair04_02
								{
									OFFSET -1.318762 -3.831451 -6.174704
									CHANNELS 3 Xrotation Yrotation Zrotation
									JOINT BN_hair04_03
									{
										OFFSET -0.827490 -5.886627 -5.656666
										CHANNELS 3 Xrotation Yrotation Zrotation
										End Site
										{
											OFFSET -2.658262 5.010620 -5.929780
										}
									}
								}
							}
							JOINT Bip01_Neck
							{
								OFFSET 25.574577 9.433014 -0.000084
								CHANNELS 3 Xrotation Yrotation Zrotation
								JOINT Bip01_R_Clavicle
								{
									OFFSET -16.535652 0.011192 6.705692
									CHANNELS 3 Xrotation Yrotation Zrotation
									JOINT Bip01_R_UpperArm
									{
										OFFSET 20.272621 -12.959984 2.510816
										CHANNELS 3 Xrotation Yrotation Zrotation
										JOINT Bip01_R_Forearm
										{
											OFFSET -13.633509 -15.503704 -0.653585
											CHANNELS 3 Xrotation Yrotation Zrotation
											JOINT Bip01_R_Hand
											{
												OFFSET 2.580030 -27.804676 -1.136415
												CHANNELS 3 Xrotation Yrotation Zrotation
												JOINT Bip01_R_Finger0
												{
													OFFSET -0.281744 -19.659061 -0.398649
													CHANNELS 3 Xrotation Yrotation Zrotation
													JOINT Bip01_Xtra02
													{
														OFFSET 4.152210 -5.712314 0.433813
														CHANNELS 3 Xrotation Yrotation Zrotation
														JOINT Bip01_Xtra02Nub
														{
															OFFSET 15.457960 0.041654 0.507982
															CHANNELS 3 Xrotation Yrotation Zrotation
															End Site
															{
																OFFSET -15.421730 -0.157725 -1.163459
															}
														}
													}
													JOINT Bip01_R_Finger0Nub
													{
														OFFSET 8.362326 -9.718440 -0.143142
														CHANNELS 3 Xrotation Yrotation Zrotation
														End Site
														{
															OFFSET -1.213036 -0.198171 9.872291
														}
													}
												}
											}
										}
									}
								}
								JOINT Bip01_L_Clavicle
								{
									OFFSET -16.535673 0.011162 -6.705583
									CHANNELS 3 Xrotation Yrotation Zrotation
									JOINT Bip01_L_UpperArm
									{
										OFFSET 20.272615 -12.959999 -2.510836
										CHANNELS 3 Xrotation Yrotation Zrotation
										JOINT Bip01_L_Forearm
										{
											OFFSET -13.633495 -15.503681 0.653678
											CHANNELS 3 Xrotation Yrotation Zrotation
											JOINT Bip01_L_Hand
											{
												OFFSET 2.579988 -27.804686 1.136487
												CHANNELS 3 Xrotation Yrotation Zrotation
												JOINT Bip01_L_Finger0
												{
													OFFSET -0.281765 -19.659058 0.398696
													CHANNELS 3 Xrotation Yrotation Zrotation
													JOINT Bip01_Xtra01
													{
														OFFSET 4.083549 -5.738758 -0.666714
														CHANNELS 3 Xrotation Yrotation Zrotation
														JOINT Bip01_Xtra01Nub
														{
															OFFSET 6.758158 -0.395525 -0.023239
															CHANNELS 3 Xrotation Yrotation Zrotation
															End Site
															{
																OFFSET 6.764923 -0.254147 -0.029908
															}
														}
													}
													JOINT Bip01_L_Finger0Nub
													{
														OFFSET -0.012636 -9.629153 0.045740
														CHANNELS 3 Xrotation Yrotation Zrotation
														End Site
														{
															OFFSET 0.988407 0.004791 8.293357
														}
													}
												}
											}
										}
									}
								}
								JOINT BN_hair03_01
								{
									OFFSET -5.894140 16.270622 -2.498433
									CHANNELS 3 Xrotation Yrotation Zrotation
									JOINT BN_hair03_02
									{
										OFFSET -0.189278 -7.800507 -6.219162
										CHANNELS 3 Xrotation Yrotation Zrotation
										JOINT BN_hair03_03
										{
											OFFSET 0.612345 -10.844475 -3.370718
											CHANNELS 3 Xrotation Yrotation Zrotation
											End Site
											{
												OFFSET -2.273296 2.862007 -10.769416
											}
										}
									}
								}
								JOINT Bip01_Neck1
								{
									OFFSET 9.383755 11.908699 -0.000007
									CHANNELS 3 Xrotation Yrotation Zrotation
									JOINT BN_hair02_01
									{
										OFFSET 9.126320 18.808022 -1.420810
										CHANNELS 3 Xrotation Yrotation Zrotation
										JOINT BN_hair02_02
										{
											OFFSET 0.393478 -5.181091 -5.248574
											CHANNELS 3 Xrotation Yrotation Zrotation
											JOINT BN_hair02_03
											{
												OFFSET 0.762280 -8.167076 -0.230047
												CHANNELS 3 Xrotation Yrotation Zrotation
												End Site
												{
													OFFSET -0.025837 -1.251419 -8.109770
												}
											}
										}
									}
									JOINT Bip01_Head
									{
										OFFSET 14.266129 10.475403 -0.000008
										CHANNELS 3 Xrotation Yrotation Zrotation
										JOINT BN_Reins_01
										{
											OFFSET 18.547455 -15.740112 -0.000035
											CHANNELS 3 Xrotation Yrotation Zrotation
											JOINT BN_Reins_02
											{
												OFFSET -5.372810 -5.884506 0.000028
												CHANNELS 3 Xrotation Yrotation Zrotation
												JOINT BN_Reins_03
												{
													OFFSET -6.395866 -15.947449 0.000070
													CHANNELS 3 Xrotation Yrotation Zrotation
													JOINT BN_Halter_R_01
													{
														OFFSET -1.234055 -3.096100 7.096737
														CHANNELS 3 Xrotation Yrotation Zrotation
														End Site
														{
															OFFSET 10.514435 -4.176861 -0.000004
														}
													}
													JOINT BN_Halter_L_01
													{
														OFFSET -1.234062 -3.096146 -7.096726
														CHANNELS 3 Xrotation Yrotation Zrotation
														End Site
														{
															OFFSET -10.514435 4.176865 -0.000000
														}
													}
													JOINT BN_Reins_04
													{
														OFFSET -6.737644 -16.971684 0.000074
														CHANNELS 3 Xrotation Yrotation Zrotation
														JOINT BN_Halter_R_02
														{
															OFFSET -4.688869 -11.781956 7.096771
															CHANNELS 3 Xrotation Yrotation Zrotation
															End Site
															{
																OFFSET 14.669624 -5.827511 -0.000006
															}
														}
														JOINT BN_Halter_L_02
														{
															OFFSET -4.688892 -11.782017 -7.096693
															CHANNELS 3 Xrotation Yrotation Zrotation
															End Site
															{
																OFFSET -14.669624 5.827507 -0.000002
															}
														}
														JOINT BN_Reins_05
														{
															OFFSET -6.822578 -16.971161 0.000074
															CHANNELS 3 Xrotation Yrotation Zrotation
															JOINT BN_Reins_06
															{
																OFFSET -6.140354 -15.095148 0.000066
																CHANNELS 3 Xrotation Yrotation Zrotation
																End Site
																{
																	OFFSET -15.095150 6.140352 -0.000002
																}
															}
														}
													}
												}
											}
										}
										JOINT BN_hair01_01
										{
											OFFSET 8.957344 8.870956 0.112121
											CHANNELS 3 Xrotation Yrotation Zrotation
											JOINT BN_hair01_02
											{
												OFFSET 6.002075 -2.962952 -3.121264
												CHANNELS 3 Xrotation Yrotation Zrotation
												End Site
												{
													OFFSET 5.917702 3.813591 -2.232396
												}
											}
										}
										JOINT BN_Eyebrow_R
										{
											OFFSET 11.795959 -0.430496 4.449781
											CHANNELS 3 Xrotation Yrotation Zrotation
											JOINT Bip01_Xtra06Nub
											{
												OFFSET 2.936661 -0.262573 3.246701
												CHANNELS 3 Xrotation Yrotation Zrotation
												End Site
												{
													OFFSET 2.768745 0.208199 3.394807
												}
											}
										}
										JOINT BN_Eyebrow_L
										{
											OFFSET 11.586395 -0.445618 -4.441728
											CHANNELS 3 Xrotation Yrotation Zrotation
											JOINT Bip01_Xtra05Nub
											{
												OFFSET 3.244698 -0.349442 -4.416700
												CHANNELS 3 Xrotation Yrotation Zrotation
												End Site
												{
													OFFSET 3.053162 0.072495 -4.564033
												}
											}
										}
										JOINT Bip01_R_Ear_01
										{
											OFFSET 7.142960 7.567184 4.311657
											CHANNELS 3 Xrotation Yrotation Zrotation
											JOINT Bip01_Xtra04Nub
											{
												OFFSET 9.464531 9.264214 1.682953
												CHANNELS 3 Xrotation Yrotation Zrotation
												End Site
												{
													OFFSET 8.448181 10.159340 1.910823
												}
											}
										}
										JOINT Bip01__L_Ear_01
										{
											OFFSET 7.214943 7.717056 -4.356771
											CHANNELS 3 Xrotation Yrotation Zrotation
											JOINT Bip01_Xtra03Nub
											{
												OFFSET 9.230225 8.944366 -2.322746
												CHANNELS 3 Xrotation Yrotation Zrotation
												End Site
												{
													OFFSET 8.170288 9.841324 -2.643566
												}
											}
										}
										JOINT Bip01_Jaw
										{
											OFFSET 9.196068 -4.110695 -0.000013
											CHANNELS 3 Xrotation Yrotation Zrotation
											JOINT Bip01_Ponytail1Nub
											{
												OFFSET 10.976463 -21.082108 -0.000053
												CHANNELS 3 Xrotation Yrotation Zrotation
												End Site
												{
													OFFSET 11.247093 -20.938980 0.000113
												}
											}
										}
										JOINT Bip01_HeadNub
										{
											OFFSET 29.954575 -18.249489 -0.000063
											CHANNELS 3 Xrotation Yrotation Zrotation
											End Site
											{
												OFFSET -9.198448 -13.366348 0.000168
											}
										}
									}
								}
							}
						}
					}
				}
			}
		}
	}
}
MOTION
Frames: 156
Frame Time: 0.033333
0.000000 0.000000 0.000000 0.000008 0.000000 -0.000000 -0.000000 0.000000 -0.000000 -0.000000 -2.130784 -0.000008 0.000001 0.000002 -0.000002 -4.142205 -6.101325 21.165875 0.101707 1.751707 3.936611 -0.149903 -1.202922 14.518050 -0.303492 -0.722787 19.753597 -0.122683 1.588421 4.926958 -0.000004 -0.000000 -0.000048 1.444542 -0.048506 -1.783728 -1.327030 -0.151682 6.768056 -1.536886 -0.190336 7.848400 1.473284 0.158552 -12.833981 -0.000064 -0.000003 -0.000085 0.000004 -0.000024 -0.000019 0.464910 -0.068035 -0.233206 -0.183841 -0.008577 -0.932236 -0.950428 -0.012117 -4.816283 0.658580 0.138161 5.981816 -0.000061 0.000006 0.000005 0.008451 -0.000129 0.038663 0.000010 0.000009 0.000006 0.000073 2.130713 -0.000019 0.163007 -0.175372 0.016908 0.000000 0.000004 -0.000032 0.000078 -0.000112 -0.000056 -0.000042 -0.027847 0.027952 3.697616 0.523971 -1.165308 -0.602734 -0.145482 0.237527 -3.234850 -0.707001 1.192656 0.000018 -0.000015 3.044579 -0.000049 0.000007 -3.044575 0.005797 -0.096133 2.308946 -0.000859 -0.116509 2.840892 -0.105531 0.002882 2.505452 0.867556 -0.013858 -7.177740 0.000166 0.000288 -0.000013 -0.802199 0.160591 -0.479847 -0.804181 0.123498 -0.482655 -0.000010 0.000005 -3.044600 -0.036010 -0.013176 -0.580229 -0.008270 -0.134977 -3.297531 0.117169 0.049158 3.282527 -0.000029 0.000368 0.000011 0.000017 -0.000313 -0.000030 0.028270 0.072122 2.451927 -0.000914 0.100647 2.451955 4.818153 0.470126 -0.811247 -0.631337 -0.079504 0.138223 -1.237882 -0.173444 0.263503 0.000004 -0.000005 3.044620 8.519755 0.793282 -0.155109 -0.893469 -0.083543 0.005455 -2.216424 -0.164217 0.155830 0.000013 -0.000049 -17.839834 -0.000062 -0.000322 -32.027669 -0.014918 0.044277 21.443370 -0.000092 -0.000106 -34.167693 -0.000019 -0.000034 -2.721286 0.000018 -0.000023 0.159844 -0.000163 -0.000139 -53.146255 -23.900792 -11.935529 -2.554907 34.949221 16.671930 -5.206570 -0.000090 -0.000113 -36.273516 0.000017 0.000041 -0.000003 4.611973 3.982329 4.609661 1.615699 -0.687385 4.289993 0.000033 -0.000066 0.000019 0.024226 -0.030002 11.786596 0.000045 -0.000030 0.000006 0.023221 -0.032294 11.715991 0.000047 -0.000037 0.000045 0.050271 0.015098 11.755975 -0.000036 0.000007 0.000023 0.050131 0.014752 11.743119 -0.000044 0.000036 -0.000029 -0.004521 -0.052602 11.750662 0.000056 -0.000026 11.750683 
0.000000 0.000000 0.000000 0.000008 0.000000 -0.000000 -0.000000 0.000000 -0.000000 0.031571 -2.099831 0.937740 0.000001 0.000002 -0.000002 -4.656738 -5.059134 17.400061 -0.285167 3.186337 13.310382 0.274847 -3.994736 7.305131 -0.096186 -1.199683 21.642465 -0.439040 4.251209 5.221183 0.015621 0.026340 0.637313 0.540952 1.141189 -1.705675 -0.822967 -0.075327 4.186454 -1.853649 -0.256529 9.486373 2.004694 -0.767261 -13.542374 -0.026127 -0.000003 -0.013699 0.000004 -0.000024 -0.000019 0.684565 2.086912 0.369983 -0.566095 -0.016824 -2.869128 0.188384 0.011888 0.956024 -0.243687 -1.624758 -0.053213 -0.042863 -0.297113 -0.001772 0.008451 -0.000130 0.038663 0.030759 -0.038276 -1.643412 -0.089492 2.108237 0.239886 0.163001 -0.175373 0.016908 -0.017974 0.164159 -1.029291 0.000078 -0.000112 -0.000056 -0.000042 -0.027847 0.027952 3.697596 0.523965 -1.165317 -0.602732 -0.145482 0.237526 -3.234852 -0.707000 1.192654 0.265747 -0.006985 3.364389 -0.260781 -0.038445 -3.741042 0.391786 -0.589264 1.505688 0.006753 -0.269083 6.566157 0.147241 0.924158 1.794629 0.374715 0.860251 -8.191202 0.010233 -0.053330 -0.073220 -0.802227 0.160591 -0.479849 -0.804181 0.123496 -0.482654 -0.240681 -0.257922 -1.628809 1.259166 0.410195 -0.936254 -0.005327 -0.099270 -2.424062 -1.608321 0.598122 4.024245 0.090401 -1.270807 -1.643584 0.005355 0.014050 -0.005095 0.028298 0.072122 2.451926 -0.000914 0.100646 2.451955 4.818146 0.470126 -0.811244 -2.436675 -2.369144 7.419760 -0.439147 0.593055 -2.123146 -0.057565 0.124855 0.842213 8.519741 0.793300 -0.155079 -5.194250 -0.758802 10.246010 -1.136495 -0.520023 -2.867303 -0.263255 -0.114678 -16.110348 -0.000062 -0.000322 -32.027679 0.010590 -0.029999 20.673902 -0.000091 -0.000106 -33.855499 -0.000019 -0.000034 -2.721293 0.000018 -0.000024 0.159842 -0.000161 -0.000139 -52.665949 -23.900794 -11.935528 -2.554914 34.949224 16.671928 -5.206567 -0.000089 -0.000113 -35.971922 0.000007 0.000045 0.000007 4.611711 3.982834 4.614133 3.084510 -4.005510 14.292208 0.000032 -0.000063 0.000017 0.024242 -0.030000 11.786619 0.000040 -0.000046 -0.000007 0.023235 -0.032295 11.715968 0.016552 -0.137854 0.832838 0.050285 0.015120 11.755976 0.037812 0.117343 0.594267 0.050144 0.014777 11.743107 -0.000046 0.000033 -0.286026 -0.004503 -0.052623 11.750668 0.000056 -0.000027 11.750677 
0.000000 0.000000 0.000000 0.000008 0.000000 -0.000000 -0.000000 0.000000 -0.000000 0.058949 -2.067135 1.767478 0.000001 0.000002 -0.000002 -5.043588 -4.000719 13.720447 -0.706766 3.818652 19.792211 0.441700 -5.466169 6.441685 0.230090 -2.002184 20.843097 -0.562637 5.797562 4.445759 0.031385 0.055712 1.234335 -0.270341 2.378756 -2.075466 -0.507279 -0.039258 2.577253 -2.082265 -0.310228 10.674802 2.592446 -1.708341 -14.143852 -0.044360 -0.000003 -0.027085 0.000004 -0.000026 -0.000019 0.600796 4.499493 0.052220 -0.488731 -0.016198 -2.477233 1.146977 0.121740 5.843803 -1.410020 -3.536922 -6.465951 -0.067440 -0.311991 -0.003840 0.008451 -0.000129 0.038663 0.062252 -0.081488 -3.383475 -0.177217 2.085803 0.475088 0.162990 -0.175373 0.016907 -0.033902 0.332971 -2.141172 0.000078 -0.000112 -0.000056 -0.000042 -0.027847 0.027952 3.697596 0.523964 -1.165317 -0.602735 -0.145481 0.237526 -3.234849 -0.707002 1.192655 0.544122 -0.011482 3.749765 -0.535897 -0.061063 -4.416884 0.797164 -1.139044 0.761160 0.024411 -0.421851 10.316399 0.466124 1.910935 1.206028 -0.169481 1.817124 -9.197491 0.020206 -0.105760 -0.144975 -0.802255 0.160591 -0.479851 -0.804181 0.123497 -0.482655 -0.487436 -0.526152 -0.200165 2.631110 0.856848 -1.127427 -0.003153 -0.067251 -1.641654 -3.449135 1.146370 4.876764 0.160947 -2.602404 -3.193006 0.010647 0.028115 -0.010043 0.028325 0.072123 2.451927 -0.000914 0.100646 2.451955 4.818100 0.470106 -0.811262 -5.353423 -5.800457 19.712889 1.081883 2.012262 -6.425396 -0.109424 0.256568 -1.280646 8.519746 0.793290 -0.155097 -12.913654 -1.843467 26.957818 0.751209 -1.160938 -8.281163 -0.542344 -0.261090 -14.375233 -0.000062 -0.000322 -32.027676 0.057626 -0.082782 19.825577 -0.000090 -0.000105 -33.549363 -0.000019 -0.000034 -2.721290 0.000017 -0.000023 0.159842 -0.000159 -0.000138 -52.194909 -23.900796 -11.935526 -2.554912 34.949224 16.671925 -5.206568 -0.000088 -0.000112 -35.676202 0.000033 0.000035 -0.000044 4.611455 3.983320 4.618532 9.374171 -10.185555 33.886891 0.000030 -0.000065 0.000024 0.024259 -0.029995 11.786638 0.000037 -0.000039 -0.000003 0.023253 -0.032302 11.715948 0.034701 -0.272745 1.649512 0.050297 0.015146 11.755995 0.073716 0.232748 1.176910 0.050156 0.014800 11.743105 -0.000047 0.000031 -0.542679 -0.004486 -0.052643 11.750663 0.000056 -0.000026 11.750677 
0.000000 0.000000 0.000000 0.000008 0.000000 -0.000000 -0.000000 0.000000 -0.000000 0.087664 -2.034635 2.650731 0.000001 0.000002 -0.000002 -5.278440 -2.105669 8.307244 -0.821573 3.741783 23.560854 0.903754 -5.556039 11.907823 0.554408 -3.204166 17.334574 -0.453943 6.274969 2.564659 0.047416 0.087544 1.820951 -1.053596 3.604177 -2.309046 -0.142367 -0.008703 0.722449 -2.334454 -0.375299 11.992536 3.176358 -2.629418 -14.775420 -0.060128 0.000002 -0.040106 0.000004 -0.000026 -0.000019 0.280230 6.809887 -0.572032 -0.222437 -0.009996 -1.127869 1.937764 0.275745 9.922725 -2.650606 -5.292732 -12.745808 -0.088714 -0.181604 -0.006173 0.008451 -0.000128 0.038663 0.094057 -0.128929 -5.215674 -0.265705 2.062820 0.712581 0.162968 -0.175373 0.016908 -0.047243 0.508119 -3.323848 0.000078 -0.000112 -0.000056 -0.000042 -0.027847 0.027951 3.697598 0.523966 -1.165316 -0.602733 -0.145479 0.237529 -3.234849 -0.707000 1.192656 0.835632 -0.013472 4.180760 -0.824662 -0.087906 -5.181157 1.223284 -1.646264 0.277182 0.051910 -0.572632 14.054350 0.768426 2.859980 0.548534 -0.664078 2.745966 -10.195764 0.030117 -0.159066 -0.217402 -0.802310 0.160591 -0.479855 -0.804181 0.123497 -0.482655 -0.743475 -0.784599 1.144166 3.960930 1.307361 -1.138862 -0.001328 -0.033338 -0.813689 -5.243971 1.657139 5.698966 0.187017 -3.906151 -4.789674 0.016107 0.042261 -0.015092 0.028379 0.072123 2.451926 -0.000914 0.100646 2.451954 4.818062 0.470109 -0.811237 -7.609910 -6.838720 23.369545 1.952999 2.800852 -8.762879 -0.156866 0.396125 -3.400381 8.519730 0.793287 -0.155095 -17.240408 -2.318636 30.974553 1.745005 -1.504813 -11.242150 -0.833974 -0.440816 -12.601161 -0.000062 -0.000322 -32.027669 0.077643 -0.140401 18.918497 -0.000089 -0.000104 -33.249371 -0.000019 -0.000034 -2.721290 0.000018 -0.000023 0.159844 -0.000157 -0.000138 -51.728588 -23.900794 -11.935530 -2.554910 34.949221 16.671930 -5.206570 -0.000087 -0.000111 -35.377532 0.000033 0.000035 -0.000046 4.611201 3.983818 4.622961 17.769873 -12.241069 49.655943 0.000020 -0.000055 0.000022 0.024291 -0.029990 11.786683 0.000037 -0.000032 0.000012 0.023280 -0.032280 11.715902 0.052407 -0.415623 2.529242 0.050322 0.015193 11.755990 0.112721 0.355191 1.798084 0.050184 0.014847 11.743090 -0.000048 0.000029 -0.801867 -0.004451 -0.052686 11.750663 0.000056 -0.000026 11.750683 
0.000000 0.000000 0.000000 0.000008 0.000000 -0.000000 -0.000000 0.000000 -0.000000 0.122602 -2.004961 3.732065 0.000001 0.000002 -0.000002 -5.193243 -0.201077 2.828591 -0.386283 2.743297 25.522750 0.983257 -3.248916 26.943850 0.374575 -5.700441 6.232022 -0.170914 5.316675 -0.415747 0.063379 0.120331 2.409269 -1.850341 4.707477 -1.845000 0.480913 0.016098 -2.437646 -2.698239 -0.480204 13.907637 3.689433 -3.459090 -15.565374 -0.079480 0.000006 -0.052440 0.000004 -0.000025 -0.000019 -0.054392 8.555450 -0.658682 -0.161703 -0.007701 -0.820060 2.607886 0.452970 13.430017 -3.620603 -6.570884 -18.133640 -0.110412 -0.051476 -0.008431 0.008451 -0.000130 0.038663 0.124937 -0.178552 -7.084360 -0.354973 2.039244 0.948419 0.162925 -0.175374 0.016908 -0.057161 0.686353 -4.532928 0.000078 -0.000112 -0.000055 -0.000042 -0.027847 0.027952 3.697564 0.523974 -1.165300 -0.602731 -0.145482 0.237526 -3.234846 -0.707001 1.192654 1.132571 -0.013066 4.626344 -1.119111 -0.139400 -6.128048 1.655030 -1.988372 0.289281 0.087326 -0.714722 17.625428 0.961377 3.633717 -0.354034 -0.995831 3.492823 -11.160013 0.040254 -0.212592 -0.290567 -0.802417 0.160591 -0.479863 -0.804181 0.123497 -0.482654 -1.006376 -1.004934 2.257350 5.080528 1.728076 -0.936584 0.000211 0.007290 0.177518 -6.764271 2.090402 6.311287 0.141650 -5.047879 -6.533826 0.021550 0.056711 -0.020179 0.028487 0.072123 2.451925 -0.000916 0.100647 2.451937 4.817945 0.470087 -0.811246 -7.289478 -7.018769 24.348788 -1.808302 1.061777 -4.156428 -0.199522 0.538702 -5.540920 8.519724 0.793281 -0.155078 -17.074534 -2.335956 33.313087 -4.700247 -1.184216 -4.848300 -1.126155 -0.650610 -10.806056 -0.000062 -0.000322 -32.027672 0.104261 -0.181755 17.989006 -0.000088 -0.000104 -32.946507 -0.000019 -0.000034 -2.721290 0.000018 -0.000024 0.159842 -0.000155 -0.000137 -51.271413 -23.900796 -11.935529 -2.554907 34.949221 16.671928 -5.206567 -0.000086 -0.000111 -35.076112 0.000033 0.000035 -0.000046 4.610936 3.984320 4.627451 22.268747 -10.530608 56.522739 0.000004 -0.000056 0.000041 0.024356 -0.029969 11.786763 0.000037 -0.000010 0.000002 0.023336 -0.032270 11.715810 0.073420 -0.562651 3.436360 0.050373 0.015286 11.756008 0.154184 0.484169 2.454361 0.050231 0.014940 11.743067 -0.000050 0.000026 -1.037154 -0.004382 -0.052768 11.750663 0.000052 -0.000036 11.750694 
0.000000 0.000000 0.000000 0.000008 0.000000 -0.000000 -0.000000 0.000000 -0.000000 0.167058 -1.980986 5.107727 0.000001 0.000002 -0.000001 -4.441792 2.285904 -3.705261 0.444148 1.102453 24.740388 -0.884106 -0.641939 47.896900 -1.128287 -8.449387 -7.408000 -0.024624 3.274439 -4.393222 0.078498 0.151670 2.994131 -2.669423 5.546122 -0.280668 1.486450 -0.016386 -7.535490 -3.211535 -0.651065 16.642999 4.060537 -4.107840 -16.610912 -0.106735 0.000014 -0.063480 0.000004 -0.000027 -0.000019 -0.083457 9.280853 0.713439 -0.754045 -0.016146 -3.821176 3.224777 0.655899 16.713830 -3.895726 -7.098263 -21.760435 -0.152181 -0.077460 -0.010775 0.008451 -0.000128 0.038663 0.153037 -0.226735 -8.880011 -0.442764 2.019906 0.785089 0.162839 -0.175363 0.016908 -0.063058 0.859123 -5.689223 0.000078 -0.000113 -0.000055 -0.000042 -0.027847 0.027951 3.697534 0.523961 -1.165274 -0.602734 -0.145481 0.237530 -3.234856 -0.707000 1.192656 1.418662 -0.010875 5.042765 -1.404173 -0.232811 -7.311413 2.054596 -2.044555 0.995548 0.126010 -0.838463 20.787256 0.954602 4.089055 -1.630457 -1.044805 3.912325 -12.041717 0.049927 -0.265283 -0.362247 -0.802202 0.160617 -0.479847 -0.804181 0.123497 -0.482654 -1.267291 -1.156330 2.978203 5.805256 2.069107 -0.501055 0.001144 0.057798 1.409116 -7.757286 2.410615 6.529271 0.007851 -5.871987 -8.464239 0.026838 0.070819 -0.025119 0.028270 0.072122 2.451927 -0.000916 0.100647 2.451937 4.818180 0.470120 -0.811248 -4.921060 -8.160749 31.396057 -8.084643 -2.255792 4.982702 -0.236127 0.678449 -7.647700 8.519689 0.793244 -0.155098 -16.151406 -2.383928 46.403233 -16.626695 -0.383398 7.902422 -1.398426 -0.878509 -9.059588 -0.000062 -0.000322 -32.027669 0.116297 -0.215779 17.101064 -0.000087 -0.000103 -32.661749 -0.000019 -0.000034 -2.721290 0.000018 -0.000023 0.159842 -0.000153 -0.000137 -50.823106 -23.900790 -11.935528 -2.554910 34.949224 16.671928 -5.206576 -0.000085 -0.000110 -34.796785 0.000033 0.000035 -0.000048 4.610686 3.984817 4.631831 24.484761 -9.246364 59.937574 -0.000019 -0.000051 0.000052 0.024230 -0.030053 11.786601 0.000021 -0.000008 -0.000019 0.023222 -0.032296 11.715989 0.096062 -0.709636 4.348752 0.050273 0.015097 11.755975 0.193392 0.611097 3.097804 0.050134 0.014754 11.743115 -0.000051 0.000024 -1.267875 -0.004521 -0.052602 11.750667 0.000062 -0.000010 11.750665 
0.000000 0.000000 0.000000 0.000008 0.000000 -0.000000 -0.000000 0.000000 -0.000000 0.227340 -1.962493 6.967342 0.000001 0.000002 -0.000002 -3.180764 4.581787 -10.386513 0.991174 -0.669512 18.244680 -2.491020 -0.451357 66.228656 -1.541763 -9.242831 -9.603390 -0.163632 1.125631 -9.604645 0.092938 0.181015 3.605157 -3.749004 6.032286 4.001129 3.177938 -0.276315 -16.208599 -3.848035 -0.901869 20.100004 4.185576 -4.549362 -17.997871 -0.134548 0.000025 -0.069031 0.000004 -0.000026 -0.000019 0.220925 9.336962 3.390428 -2.105528 0.081145 -10.688146 4.032826 0.983228 21.119092 -3.670651 -7.127979 -24.496509 -0.188752 -0.165782 -0.012821 0.008451 -0.000128 0.038663 0.178496 -0.272548 -10.599758 -0.524164 2.006339 0.036067 0.163011 -0.175386 0.016908 -0.065304 1.028134 -6.782234 0.000078 -0.000112 -0.000056 -0.000042 -0.027847 0.027951 3.697481 0.523947 -1.165310 -0.602734 -0.145480 0.237527 -3.234848 -0.707000 1.192655 1.694636 -0.007927 5.411058 -1.683105 -0.376675 -8.763680 1.958476 -1.673809 0.748607 0.207418 -1.043702 26.173727 1.081352 3.813118 -3.746011 -0.746332 3.916043 -12.398988 0.059845 -0.318332 -0.434684 -0.802229 0.160618 -0.479849 -0.804181 0.123498 -0.482654 -1.529447 -1.235598 3.303484 5.342070 2.382250 -1.430176 -0.001398 0.186710 4.552913 -7.369179 2.616719 7.201150 -0.141376 -6.308981 -10.270323 0.032283 0.085070 -0.030154 0.028270 0.072122 2.451926 -0.000916 0.100646 2.451937 4.818181 0.470119 -0.811253 -3.273202 -8.551962 34.686713 -10.654148 -4.567089 12.587205 -0.268045 0.815667 -9.802057 8.519646 0.793200 -0.155094 -14.623141 -2.272668 53.706870 -23.466331 0.679121 18.996348 -1.646900 -1.124000 -7.327366 -0.000062 -0.000322 -32.027672 0.124232 -0.237562 16.265262 -0.000086 -0.000102 -32.374168 -0.000019 -0.000034 -2.721290 0.000018 -0.000023 0.159844 -0.000151 -0.000136 -50.392350 -23.900790 -11.935528 -2.554910 34.949224 16.671930 -5.206599 -0.000084 -0.000110 -34.514681 0.000033 0.000034 -0.000050 4.610431 3.985324 4.636281 25.111955 -8.775804 60.904326 -0.000074 -0.000045 0.000099 0.024242 -0.030041 11.786625 0.000001 -0.000008 -0.000019 0.023235 -0.032302 11.715966 0.121129 -0.860568 5.291059 0.050286 0.015120 11.755982 0.234447 0.744119 3.773153 0.050143 0.014777 11.743108 -0.000052 0.000022 -1.500896 -0.004503 -0.052623 11.750663 0.000062 -0.000011 11.750662 
0.000000 0.000000 0.000000 0.000008 0.000000 -0.000000 -0.000000 0.000000 -0.000000 0.300637 -1.946637 9.228647 0.000001 0.000002 -0.000003 -1.474941 6.264531 -14.785140 0.328661 -2.452604 0.970907 -0.684490 -1.497431 83.024501 0.603621 -5.775385 8.752809 -1.003586 -1.242982 -19.651805 0.106391 0.206754 4.255543 -4.782621 6.214994 8.896518 5.015624 -0.872091 -25.988025 -4.524480 -1.219011 23.871982 4.154071 -4.849518 -19.644082 -0.152929 0.000038 -0.074529 0.000004 -0.000026 -0.000019 0.803202 9.333870 6.798802 -3.710508 0.413609 -18.991189 4.891835 1.414853 25.971325 -3.468596 -7.051298 -27.454895 -0.225303 -0.254458 -0.014889 0.008451 -0.000129 0.038663 0.200681 -0.313429 -12.183031 -0.588771 1.997895 -1.491782 0.163011 -0.175386 0.016907 -0.064252 1.189741 -7.763591 0.000078 -0.000112 -0.000055 -0.000042 -0.027847 0.027951 3.697614 0.523972 -1.165308 -0.602733 -0.145481 0.237528 -3.234847 -0.707000 1.192654 1.952131 -0.005643 5.697400 -1.949964 -0.560509 -10.377926 2.292516 -1.004771 0.889316 0.285026 -1.199671 30.423718 0.276421 3.298660 -4.755621 -0.155206 3.612833 -12.228357 0.070543 -0.376355 -0.513612 -0.802256 0.160617 -0.479850 -0.804181 0.123497 -0.482654 -1.784282 -1.246349 3.279304 4.946843 2.447106 -1.702982 -0.006507 0.266290 6.497133 -6.909631 2.800852 9.043695 -0.309128 -6.383679 -12.073586 0.037745 0.099339 -0.035250 0.028270 0.072122 2.451927 -0.000916 0.100646 2.451938 4.818151 0.470126 -0.811248 -1.918374 -8.336421 34.115972 -9.439186 -5.446620 17.002035 -0.295382 0.946868 -12.021252 8.519752 0.793295 -0.155100 -10.019322 -1.834231 53.524986 -21.102011 1.996147 26.379726 -1.858462 -1.378694 -5.628058 -0.000062 -0.000322 -32.027672 0.123478 -0.249574 15.522146 -0.000085 -0.000102 -32.100414 -0.000019 -0.000033 -2.721288 0.000018 -0.000023 0.159844 -0.000150 -0.000136 -49.957602 -23.900796 -11.935527 -2.554910 34.949248 16.671921 -5.206595 -0.000083 -0.000109 -34.241535 0.000033 0.000035 -0.000046 4.610169 3.985815 4.640752 23.295946 -9.988253 58.092262 0.000028 -0.000068 0.000017 0.024261 -0.030037 11.786649 -0.000046 0.000004 -0.000069 0.023249 -0.032294 11.715951 0.148836 -1.015112 6.261364 0.050297 0.015145 11.755983 0.276015 0.881531 4.470279 0.050158 0.014800 11.743100 -0.000053 0.000020 -1.726571 -0.004486 -0.052644 11.750661 0.000062 -0.000010 11.750657 
0.000000 0.000000 0.000000 0.000008 0.000000 -0.000000 -0.000000 0.000000 -0.000000 0.377205 -1.931132 11.598784 0.000001 0.000002 -0.000002 0.429575 7.680061 -19.190810 -1.710249 -3.472926 -21.659908 2.935162 -1.257363 96.701859 -0.370687 -0.719213 37.883610 -2.748874 -3.210803 -30.745017 0.118248 0.226810 4.937252 -5.618125 6.209059 13.353933 6.564717 -1.669831 -34.787335 -5.087144 -1.526015 27.104969 4.029337 -5.064047 -21.446664 -0.174463 0.000052 -0.077698 0.000004 -0.000024 -0.000019 1.421112 9.271578 9.994822 -5.137226 0.924050 -26.655524 5.609365 1.849632 30.200282 -3.266393 -6.896973 -30.348463 -0.223842 -0.290106 -0.016290 0.008451 -0.000128 0.038663 0.218690 -0.345960 -13.533500 -0.652325 1.991327 -2.989961 0.163011 -0.175386 0.016908 -0.060733 1.336200 -8.564645 0.000078 -0.000112 -0.000055 -0.000042 -0.027847 0.027952 3.697598 0.523965 -1.165317 -0.602732 -0.145480 0.237527 -3.234852 -0.706998 1.192655 2.176735 -0.005693 5.865494 -2.191244 -0.772250 -12.030944 2.775075 -0.199812 1.966683 0.339722 -1.294719 33.098680 -0.878340 2.867870 -5.861230 0.559450 3.112645 -12.248229 0.080760 -0.433198 -0.591016 -0.802310 0.160618 -0.479855 -0.804180 0.123497 -0.482655 -2.017521 -1.184202 2.899417 4.647040 2.336686 -0.766127 -0.011956 0.324403 7.920148 -6.394300 2.839595 8.669659 -0.620817 -6.153611 -14.618662 0.043151 0.113431 -0.040239 0.028270 0.072122 2.451927 -0.000916 0.100646 2.451937 4.818103 0.470105 -0.811262 0.313916 -8.300121 35.134879 -8.164114 -5.975255 20.171656 -0.317826 1.065392 -14.255036 8.519754 0.793293 -0.155086 -3.495129 -1.217633 54.468744 -15.573772 3.322097 32.002445 -2.016789 -1.624979 -4.026157 -0.000062 -0.000322 -32.027672 0.128535 -0.245942 14.927705 -0.000084 -0.000101 -31.831987 -0.000019 -0.000034 -2.721290 0.000018 -0.000024 0.159842 -0.000148 -0.000135 -49.555167 -23.900794 -11.935528 -2.554916 34.949245 16.671923 -5.206656 -0.000083 -0.000108 -33.988302 0.000033 0.000035 -0.000048 4.609914 3.986311 4.645147 18.912910 -12.109119 51.490156 0.000032 -0.000068 0.000018 0.024293 -0.030031 11.786692 0.000042 -0.000035 0.000003 0.023279 -0.032284 11.715902 0.178528 -1.168312 7.228444 0.050322 0.015191 11.755996 0.316546 1.019019 5.166861 0.050184 0.014846 11.743086 -0.000054 0.000018 -1.947869 -0.004451 -0.052686 11.750661 0.000062 -0.000010 11.750657 
0.000000 0.000000 0.000000 0.000008 0.000000 -0.000000 -0.000000 0.000000 -0.000000 0.451837 -1.913987 13.925449 0.000001 0.000002 -0.000002 2.487283 8.583650 -20.014556 -3.656940 -3.349950 -38.795645 5.859435 -0.920440 94.783075 -2.686953 -0.007393 67.465918 -3.413624 -3.968295 -32.704134 0.128660 0.240310 5.682757 -6.209584 6.166883 16.710867 7.684788 -2.456492 -41.681561 -5.516909 -1.789384 29.645142 3.900384 -5.251268 -23.402917 -0.196183 0.000065 -0.080906 0.000004 -0.000025 -0.000019 1.942585 9.117651 12.397476 -6.211362 1.460646 -32.717057 6.137535 2.218678 33.444318 -3.035328 -6.660798 -33.055240 -0.222377 -0.326110 -0.017671 0.008451 -0.000129 0.038663 0.232837 -0.368605 -14.635108 -0.682349 1.985264 -5.008481 0.163011 -0.175386 0.016907 -0.055725 1.468528 -9.164309 0.000078 -0.000112 -0.000056 -0.000042 -0.027847 0.027952 3.697599 0.523964 -1.165317 -0.602730 -0.145482 0.237528 -3.234852 -0.707004 1.192655 2.367367 -0.009940 5.889042 -2.406059 -1.013144 -13.697787 3.116318 0.582450 4.475894 0.358838 -1.325661 33.985604 -1.789521 2.709855 -8.263331 1.275799 2.500956 -13.165118 0.090795 -0.490644 -0.669217 -0.802418 0.160617 -0.479862 -0.804180 0.123497 -0.482654 -2.227964 -1.041110 2.135099 4.450903 2.102715 2.016934 -0.019272 0.385578 9.422278 -5.874291 2.575134 2.810378 -1.209429 -5.638012 -18.797982 0.048489 0.127629 -0.045241 0.028270 0.072122 2.451900 -0.000916 0.100647 2.451937 4.818027 0.470096 -0.811247 1.507990 -8.314526 35.893587 -6.757101 -6.036474 21.289005 -0.336865 1.171562 -16.585769 8.519730 0.793285 -0.155085 -0.126685 -0.902292 55.090335 -9.733140 4.200316 34.266591 -2.116053 -1.857740 -2.490858 -0.000062 -0.000322 -32.027669 0.115677 -0.240981 14.505285 -0.000083 -0.000101 -31.579523 -0.000019 -0.000034 -2.721287 0.000018 -0.000023 0.159842 -0.000147 -0.000135 -49.169791 -23.900792 -11.935528 -2.554912 34.949217 16.671932 -5.206542 -0.000082 -0.000108 -33.732573 0.000033 0.000035 -0.000050 4.609652 3.986802 4.649594 13.602418 -13.255846 43.424898 0.000029 -0.000064 0.000021 0.024360 -0.030015 11.786777 0.000050 -0.000029 -0.000004 0.023338 -0.032270 11.715810 0.211119 -1.325079 8.223946 0.050373 0.015287 11.756008 0.357580 1.161305 5.887075 0.050231 0.014942 11.743059 -0.000055 0.000016 -2.174189 -0.004381 -0.052769 11.750664 0.000062 -0.000010 11.750664 
0.000000 0.000000 0.000000 0.000008 0.000000 -0.000000 -0.000000 0.000000 -0.000000 0.516882 -1.894723 15.980348 0.000001 0.000002 -0.000003 4.591847 9.444259 -20.885614 -4.344347 -3.125575 -44.670984 6.798745 -4.249460 64.239773 0.357207 -0.991006 101.438377 -1.163824 -1.905901 -21.129387 0.137395 0.245587 6.508649 -6.496475 6.262441 18.003822 8.291454 -2.974993 -45.693498 -5.842505 -2.006979 31.617355 3.903628 -5.448002 -25.452739 -0.218151 0.000081 -0.084132 0.000004 -0.000025 -0.000019 2.237320 8.822595 13.262304 -6.809322 1.824693 -36.245454 6.464516 2.470469 35.520358 -2.822190 -6.365748 -35.356877 -0.220544 -0.362034 -0.019029 0.008451 -0.000127 0.038663 0.242783 -0.378677 -15.416396 -0.712294 1.980327 -7.056010 0.163011 -0.175386 0.016908 -0.050360 1.582594 -9.505365 0.000078 -0.000112 -0.000055 -0.000042 -0.027847 0.027951 3.697561 0.523974 -1.165301 -0.602732 -0.145480 0.237529 -3.234855 -0.707003 1.192655 2.514261 -0.020485 5.725246 -2.583131 -1.280190 -15.304943 3.027123 1.092100 8.952524 0.326609 -1.272842 32.476347 -1.747025 2.951025 -12.966266 1.822669 1.852437 -15.729256 0.101838 -0.552032 -0.752766 -0.802202 0.160618 -0.479847 -0.804180 0.123497 -0.482654 -2.411239 -0.760373 0.664849 4.833059 1.701759 8.622173 -0.038094 0.503978 12.345487 -6.971616 2.605482 -13.635413 -2.030319 -4.738551 -25.026481 0.053934 0.141997 -0.050330 0.028270 0.072122 2.451899 -0.000916 0.100645 2.451939 4.817908 0.470085 -0.811227 -1.719089 -7.556664 29.654448 -3.471776 -5.519252 20.714545 -0.353303 1.261489 -19.037516 8.519718 0.793248 -0.155131 -1.957252 -1.057285 49.810678 -3.575750 4.545213 32.382371 -2.143561 -2.061274 -1.039524 -0.000062 -0.000322 -32.027672 0.116712 -0.221330 14.307717 -0.000082 -0.000100 -31.343168 -0.000019 -0.000034 -2.721290 0.000018 -0.000024 0.159842 -0.000145 -0.000134 -48.808392 -23.900794 -11.935529 -2.554908 34.949224 16.671937 -5.206576 -0.000081 -0.000107 -33.498909 0.000033 0.000035 -0.000050 4.609389 3.987306 4.654069 6.949506 -14.497830 34.133341 0.000022 -0.000062 0.000029 0.024226 -0.030049 11.786602 0.000037 -0.000009 0.000003 0.023220 -0.032322 11.715988 0.246779 -1.482810 9.229572 0.050272 0.015097 11.755982 0.397224 1.305510 6.614505 0.050134 0.014751 11.743116 -0.000057 0.000014 -2.408632 -0.004520 -0.052602 11.750663 0.000062 -0.000010 11.750661 
0.000000 0.000000 0.000000 0.000008 0.000000 -0.000000 -0.000000 0.000000 -0.000000 0.572052 -1.874451 17.751281 0.000001 0.000002 -0.000001 6.558156 10.267564 -18.237290 -4.344218 -3.124559 -44.801222 3.032064 -9.355230 18.714334 4.448374 3.155060 134.716875 0.151721 2.358275 -0.859696 0.141991 0.252504 7.626798 -6.522956 6.520470 17.346886 8.560424 -3.229753 -47.554127 -6.129598 -2.212700 33.395086 4.035691 -5.656199 -27.550572 -0.242699 0.000104 -0.089796 0.000004 -0.000025 -0.000019 2.395442 8.394889 12.708339 -7.090935 2.014271 -37.954975 6.662167 2.632082 36.804051 -2.597609 -6.016724 -37.243789 -0.186031 -0.354248 -0.019125 0.008451 -0.000129 0.038663 0.250325 -0.390029 -15.223604 -0.684480 1.986315 -9.986336 0.163011 -0.175386 0.016907 -0.047343 1.648881 -9.061106 0.000078 -0.000112 -0.000055 -0.000042 -0.027847 0.027951 3.697534 0.523961 -1.165275 -0.602733 -0.145481 0.237528 -3.234850 -0.707003 1.192652 2.538743 -0.050114 4.738137 -2.645356 -1.725682 -17.013446 2.189403 1.391454 14.737923 0.209040 -1.047286 26.269666 -0.025142 3.874100 -18.970637 2.081048 1.005794 -20.149367 0.112510 -0.612172 -0.834733 -0.802228 0.160618 -0.479849 -0.804180 0.123497 -0.482654 -2.471959 -0.393947 -0.689496 5.672972 1.091305 16.083741 -0.062996 0.621543 15.275800 -8.601722 3.294568 -36.159346 -2.847793 -3.472936 -32.415934 0.059368 0.156072 -0.055301 0.028268 0.072121 2.451901 -0.000916 0.100645 2.451939 4.818179 0.470108 -0.811274 -7.206883 -5.899981 19.414227 0.912093 -4.821091 19.711615 -0.371562 1.303693 -22.074213 8.519671 0.793241 -0.155076 -5.397700 -1.314931 40.661079 2.675877 4.539147 27.982469 -1.995916 -2.158719 0.469988 -0.000062 -0.000322 -32.027672 0.111854 -0.200233 14.597354 -0.000081 -0.000099 -31.036438 -0.000019 -0.000034 -2.721290 0.000018 -0.000023 0.159845 -0.000143 -0.000134 -48.340374 -23.900794 -11.935529 -2.554908 34.949224 16.671935 -5.206577 -0.000080 -0.000106 -33.196632 0.000033 0.000035 -0.000046 4.609141 3.987809 4.658463 -1.190817 -15.474135 24.111003 0.000007 -0.000062 0.000032 0.024244 -0.030043 11.786629 0.000033 -0.000022 -0.000021 0.023239 -0.032330 11.715966 0.284565 -1.639533 10.235433 0.050286 0.015122 11.755982 0.436530 1.451280 7.349688 0.050146 0.014775 11.743112 -0.000058 0.000012 -2.646888 -0.004503 -0.052623 11.750665 0.000062 -0.000010 11.750662 
0.000000 0.000000 0.000000 0.000008 0.000000 -0.000000 -0.000000 0.000000 -0.000000 0.625440 -1.852963 19.485152 0.000001 0.000002 -0.000003 8.473329 11.314616 -15.650846 -4.440958 -3.350350 -44.211999 -2.973637 -10.482640 -18.299959 6.259868 7.766399 144.960315 -1.112272 3.405398 27.387243 0.141638 0.255899 9.113222 -6.417082 6.863734 15.757246 8.730655 -3.399827 -48.762175 -6.422141 -2.436644 35.248486 4.193391 -5.867690 -29.792735 -0.246241 0.000104 -0.092962 0.000004 -0.000024 -0.000019 2.570188 7.880140 11.554091 -7.299809 2.162963 -39.245495 6.812928 2.760419 37.799186 -2.358422 -5.620059 -38.993516 -0.151142 -0.346382 -0.019176 0.008451 -0.000130 0.038663 0.253518 -0.394786 -13.854323 -0.595607 2.003140 -14.139209 0.163011 -0.175386 0.016909 -0.047977 1.657741 -7.661260 0.000078 -0.000112 -0.000056 -0.000042 -0.027847 0.027951 3.697473 0.523956 -1.165262 -0.602735 -0.145483 0.237526 -3.234853 -0.706997 1.192657 2.413017 -0.099992 2.788639 -2.556954 -2.367301 -18.793622 0.928506 1.501023 22.021005 0.065924 -0.633458 15.576187 2.926409 4.983868 -26.672468 2.092152 -0.114667 -26.079542 0.123110 -0.673083 -0.917406 -0.802255 0.160618 -0.479858 -0.804181 0.123498 -0.482651 -2.381273 -0.035458 -1.218229 6.678439 0.403421 22.018202 -0.099365 0.756097 18.674777 -9.979255 4.592807 -60.648801 -3.586833 -1.927117 -40.454124 0.064771 0.170253 -0.060350 0.028268 0.072122 2.451894 -0.000916 0.100645 2.451939 4.818184 0.470106 -0.811274 -9.927134 -5.503773 16.705898 3.013617 -4.389395 18.672651 -0.396935 1.289268 -25.842181 8.519597 0.793195 -0.155063 -7.687136 -1.490686 36.884866 6.140129 4.093738 22.611867 -1.646334 -2.090729 2.022767 -0.000062 -0.000322 -32.027669 0.097882 -0.192639 15.614154 -0.000080 -0.000098 -30.710767 -0.000019 -0.000034 -2.721288 0.000018 -0.000023 0.159844 -0.000141 -0.000133 -47.843354 -23.900794 -11.935529 -2.554916 34.949224 16.671935 -5.206574 -0.000079 -0.000106 -32.875582 0.000033 0.000035 -0.000044 4.608882 3.988309 4.662898 -7.282447 -14.499616 16.157620 -0.000027 -0.000065 0.000062 0.024259 -0.030036 11.786646 0.000004 -0.000007 -0.000027 0.023253 -0.032321 11.715944 0.325501 -1.797108 11.251419 0.050297 0.015145 11.755985 0.474350 1.599012 8.092114 0.050159 0.014800 11.743097 -0.000059 0.000010 -2.898953 -0.004486 -0.052644 11.750661 0.000062 -0.000010 11.750658 
0.000000 0.000000 0.000000 0.000008 0.000000 -0.000000 -0.000000 0.000000 -0.000000 0.677245 -1.830280 21.189006 0.000001 0.000002 -0.000001 10.410357 12.882160 -11.368737 -5.019740 -3.906098 -44.622118 -5.400590 -9.046746 -34.680467 12.213983 4.728673 112.865509 2.285489 0.391758 76.062025 0.139183 0.230580 10.678591 -6.177501 7.245197 13.593106 8.820100 -3.492116 -49.407232 -6.715357 -2.676724 37.153944 4.370216 -6.084211 -32.140674 -0.231403 0.000092 -0.094025 0.000004 -0.000026 -0.000019 2.714206 7.325871 10.103768 -7.448617 2.273294 -40.177666 6.926930 2.860506 38.561496 -2.115281 -5.185054 -40.615805 -0.115893 -0.338139 -0.019242 0.008451 -0.000128 0.038663 0.243981 -0.356163 -11.930823 -0.462812 2.008407 -18.633917 0.163011 -0.175386 0.016908 -0.050079 1.628618 -5.822828 0.000078 -0.000112 -0.000057 -0.000042 -0.027847 0.027951 3.697599 0.523964 -1.165320 -0.602737 -0.145479 0.237532 -3.234850 -0.707001 1.192652 2.202094 -0.151929 0.674250 -2.362483 -2.957760 -20.118303 -0.436877 1.248810 28.998518 0.000246 -0.158550 3.866275 6.474958 5.772213 -35.425486 1.939729 -1.221543 -33.057091 0.134014 -0.734550 -1.000891 -0.802310 0.160617 -0.479866 -0.804180 0.123496 -0.482652 -2.207479 0.241343 -1.062822 7.587629 -0.267932 25.656106 -0.156200 0.921536 22.940975 -10.666635 5.828418 -82.246672 -4.205868 -0.253387 -48.418702 0.070242 0.184544 -0.065441 0.028268 0.072123 2.451895 -0.000916 0.100646 2.451940 4.818179 0.470120 -0.811251 -10.855678 -5.482312 16.247102 1.822966 -3.482716 14.081146 -0.428855 1.244240 -29.609270 8.519743 0.793301 -0.155075 -8.272190 -1.547434 36.976366 7.037611 3.032266 15.002427 -1.213776 -1.874710 3.219835 -0.000062 -0.000322 -32.027669 0.110605 -0.191259 17.293984 -0.000080 -0.000098 -30.565373 -0.000019 -0.000034 -2.721287 0.000018 -0.000024 0.159844 -0.000140 -0.000133 -47.621595 -23.900794 -11.935528 -2.554907 34.949224 16.671935 -5.206576 -0.000078 -0.000105 -32.732339 0.000033 0.000035 -0.000050 4.608617 3.988796 4.667381 -10.307475 -13.255778 11.726335 -0.000089 -0.000050 0.000109 0.024295 -0.030022 11.786689 -0.000027 0.000017 -0.000053 0.023282 -0.032313 11.715898 0.369657 -1.955470 12.277577 0.050322 0.015194 11.755995 0.510591 1.748651 8.841792 0.050182 0.014848 11.743087 -0.000061 0.000008 -3.168065 -0.004450 -0.052687 11.750664 0.000062 -0.000010 11.750661 
0.000000 0.000000 0.000000 0.000008 0.000000 -0.000000 -0.000000 0.000000 -0.000000 0.726257 -1.807097 22.822428 0.000001 0.000002 -0.000000 12.118850 14.772215 -7.301264 -5.674048 -4.681238 -44.326787 -5.588617 -7.503184 -41.259004 13.269155 -7.990612 60.199095 7.518535 8.190644 130.941734 0.138758 0.154552 11.992578 -5.882917 7.650389 11.305499 8.843864 -3.516986 -49.579865 -6.994138 -2.920666 39.015564 4.553835 -6.300392 -34.483648 -0.203951 0.000070 -0.093454 0.000004 -0.000023 -0.000019 2.789819 6.799613 8.709100 -7.545988 2.347544 -40.793660 7.010594 2.935701 39.126660 -1.884711 -4.735327 -42.085081 -0.078755 -0.300106 -0.019843 0.008451 -0.000130 0.038663 0.212110 -0.242787 -10.144188 -0.307812 1.985136 -22.466750 0.163011 -0.175386 0.016908 -0.051636 1.583574 -4.125620 0.000078 -0.000112 -0.000060 -0.000042 -0.027847 0.027954 3.697598 0.523966 -1.165314 -0.602738 -0.145477 0.237527 -3.234846 -0.706996 1.192657 1.982199 -0.194037 -0.760223 -2.129124 -3.252907 -20.462482 -1.570576 0.629162 33.717908 0.016036 0.208437 -5.098764 9.755738 5.963288 -44.222555 1.756119 -2.049978 -40.383855 0.144030 -0.794840 -1.082809 -0.802418 0.160617 -0.479880 -0.804181 0.123497 -0.482654 -2.009748 0.355974 -0.404474 8.105064 -0.785647 26.241447 -0.244569 1.122214 28.290336 -10.882285 6.170356 -95.747340 -4.725664 1.322611 -55.393049 0.075563 0.198636 -0.070425 0.028269 0.072121 2.451898 -0.000916 0.100646 2.451937 4.818179 0.470120 -0.811249 -12.614361 -4.152033 10.575550 -0.130714 -1.622282 5.860033 -0.461889 1.196128 -32.556780 8.519740 0.793299 -0.155082 -8.560086 -1.552415 35.175450 7.489162 1.784279 6.628242 -0.814092 -1.584142 3.659381 -0.000062 -0.000322 -32.027672 0.130262 -0.200517 19.332389 -0.000080 -0.000098 -30.697435 -0.000019 -0.000034 -2.721289 0.000018 -0.000023 0.159844 -0.000141 -0.000133 -47.823110 -23.900794 -11.935528 -2.554910 34.949221 16.671937 -5.206576 -0.000079 -0.000106 -32.862700 0.000033 0.000035 -0.000050 4.608366 3.989287 4.671761 -12.258264 -13.007713 9.667931 0.000034 -0.000066 0.000016 0.024359 -0.030006 11.786776 0.000056 -0.000030 -0.000010 0.023342 -0.032306 11.715806 0.415738 -2.109962 13.284016 0.050373 0.015287 11.756011 0.544207 1.895833 9.576879 0.050235 0.014942 11.743061 -0.000062 0.000005 -3.448770 -0.004381 -0.052769 11.750662 0.000062 -0.000010 11.750654 
0.000000 0.000000 0.000000 0.000008 0.000000 -0.000000 -0.000000 0.000000 -0.000000 0.774189 -1.782735 24.442271 0.000001 0.000002 -0.000001 13.265810 16.929838 -2.710936 -6.054442 -5.379135 -43.171327 -5.598157 -6.479387 -45.989105 4.098604 -15.388290 15.121448 6.012980 17.682931 156.628136 0.144330 0.001615 12.802902 -5.581886 8.080559 9.214670 8.815916 -3.487752 -49.376886 -7.259711 -3.168524 40.840211 4.743573 -6.522632 -36.850076 -0.182273 0.000053 -0.093447 0.000004 -0.000026 -0.000019 2.777291 6.338825 7.638292 -7.604162 2.392687 -41.164003 7.073538 2.993245 39.555063 -1.633799 -4.252597 -43.476633 -0.041222 -0.261690 -0.020472 0.008451 -0.000129 0.038663 0.146875 -0.016523 -9.079150 -0.143245 1.921875 -24.861434 0.163011 -0.175386 0.016910 -0.052683 1.542022 -3.048566 0.000078 -0.000112 -0.000060 -0.000028 -0.055878 0.027955 3.697590 0.523970 -1.165272 -0.602739 -0.145479 0.237528 -3.234845 -0.707002 1.192660 1.818172 -0.227071 -0.755113 -1.925716 -3.036522 -19.322253 -2.253248 -0.334483 34.501017 0.034042 0.329760 -8.089582 12.045136 5.631289 -52.550540 1.767236 -2.420416 -47.775937 0.154846 -0.855749 -1.165433 -0.802200 0.160618 -0.479864 -0.804181 0.123497 -0.482658 -1.833199 0.290585 0.217001 8.197567 -0.997524 24.728710 -0.416366 1.413079 36.536328 -11.027019 5.313324 -101.106819 -5.255202 2.944847 -62.171742 0.080985 0.212877 -0.075465 0.028270 0.072121 2.451900 -0.000916 0.100646 2.451941 4.818153 0.470123 -0.811249 -13.352724 -3.406263 7.690027 -1.604708 0.187279 -1.181636 -0.488331 1.168010 -34.041065 8.519741 0.793297 -0.155084 -8.619077 -1.550931 34.632338 7.579507 1.171566 2.614792 -0.509061 -1.315617 2.967890 -0.000062 -0.000322 -32.027672 0.147816 -0.206609 21.399464 -0.000082 -0.000099 -31.133536 -0.000019 -0.000034 -2.721290 0.000018 -0.000023 0.159847 -0.000144 -0.000134 -48.488650 -23.900794 -11.935528 -2.554907 34.949224 16.671928 -5.206599 -0.000080 -0.000106 -33.292336 0.000033 0.000035 -0.000050 4.608108 3.989790 4.676214 -12.983657 -13.086583 9.138142 0.000027 -0.000061 0.000017 0.024226 -0.030004 11.786595 0.000043 -0.000038 0.000004 0.023222 -0.032324 11.715987 0.465012 -2.265137 14.300656 0.050272 0.015098 11.755976 0.577030 2.046469 10.327713 0.050137 0.014755 11.743127 -0.000064 0.000003 -3.752215 -0.004521 -0.052602 11.750663 0.000062 -0.000010 11.750658 
0.000000 0.000000 0.000000 0.000008 0.000000 -0.000000 -0.000000 0.000000 -0.000000 0.821240 -1.757127 26.056086 0.000001 0.000002 -0.000002 14.132887 19.390876 1.834835 -6.121107 -6.006646 -41.049092 -6.186533 -6.031425 -51.227607 -1.474150 -12.954712 -6.742427 18.704232 15.163988 124.168195 0.155100 -0.219752 13.193621 -5.288338 8.537031 7.325372 8.747267 -3.416810 -48.881410 -7.504876 -3.411968 42.574833 4.933569 -6.750098 -39.197725 -0.160403 0.000037 -0.093426 0.000004 -0.000026 -0.000019 2.698553 5.943168 6.821252 -7.629773 2.412755 -41.327654 7.120953 3.037186 39.879760 -1.394994 -3.759036 -44.797315 -0.003349 -0.222905 -0.021110 0.008451 -0.000127 0.038663 0.054702 0.309285 -8.675676 0.035170 1.822331 -25.793938 0.163011 -0.175386 0.016908 -0.053937 1.507147 -2.538077 0.000078 -0.000112 -0.000057 -0.000015 -0.069867 0.027952 3.697564 0.523975 -1.165297 -0.602735 -0.145482 0.237521 -3.234846 -0.706999 1.192651 1.695925 -0.260263 0.618894 -1.886231 -2.082286 -15.070660 -2.385305 -1.789930 28.434591 0.006018 0.108434 -2.648152 13.081019 5.094781 -61.137686 2.226934 -2.131315 -56.237155 0.165907 -0.921202 -1.254564 -0.802228 0.160618 -0.479863 -0.804180 0.123497 -0.482653 -1.671447 0.110663 0.431532 8.057176 -0.927632 22.445777 -0.712038 1.761944 47.709247 -11.204720 3.601320 -101.854779 -5.733674 4.763309 -69.394988 0.086419 0.227204 -0.080533 0.028270 0.072122 2.451900 -0.000916 0.100646 2.451939 4.818107 0.470099 -0.811267 -12.665268 -3.343247 7.719581 -4.506269 1.121860 -5.329913 -0.511337 1.156152 -34.248679 8.519731 0.793290 -0.155100 -8.374701 -1.513156 33.551365 6.030444 1.043756 2.760212 -0.253617 -1.055280 1.210613 -0.000062 -0.000322 -32.027672 0.161725 -0.223053 23.479223 -0.000084 -0.000101 -31.826202 -0.000019 -0.000034 -2.721286 0.000018 -0.000023 0.159847 -0.000148 -0.000135 -49.546042 -23.900794 -11.935528 -2.554912 34.949238 16.671920 -5.206620 -0.000083 -0.000108 -33.975434 0.000033 0.000035 -0.000048 4.607851 3.990296 4.680689 -12.611406 -13.110679 9.486619 0.000029 -0.000061 0.000025 0.024239 -0.029999 11.786618 0.000041 -0.000014 0.000001 0.023238 -0.032323 11.715965 0.517555 -2.420909 15.327402 0.050285 0.015122 11.755979 0.608165 2.198954 11.085941 0.050149 0.014780 11.743126 -0.000066 -0.000000 -4.081999 -0.004503 -0.052623 11.750664 0.000062 -0.000010 11.750663 
0.000000 0.000000 0.000000 0.000008 0.000000 -0.000000 -0.000000 0.000000 -0.000000 0.866287 -1.730964 27.625542 0.000001 0.000002 -0.000000 14.254529 21.581634 6.150983 -5.881384 -6.524225 -38.114006 -6.874691 -5.971185 -54.498858 -2.510060 -7.932122 -17.743942 26.230901 -9.080136 69.199816 0.167674 -0.470354 13.457287 -4.990379 9.000409 5.482892 8.652934 -3.321291 -48.207530 -7.717923 -3.635948 44.126184 5.112999 -6.974311 -41.419544 -0.138912 0.000026 -0.093458 0.000004 -0.000026 -0.000019 2.592326 5.589454 6.002670 -7.629285 2.412374 -41.324540 7.156358 3.070317 40.123308 -1.166634 -3.274544 -46.034228 0.033793 -0.184865 -0.021792 0.008451 -0.000128 0.038663 -0.048039 0.676607 -8.421739 0.208496 1.721892 -26.707985 0.163011 -0.175386 0.016909 -0.055219 1.469531 -2.167860 0.000078 -0.000112 -0.000057 0.000006 -0.125903 0.027949 3.697552 0.523974 -1.165293 -0.602733 -0.145482 0.237532 -3.234848 -0.706998 1.192657 1.563216 -0.300441 2.558493 -2.039871 -0.567607 -8.052646 -2.619476 -3.603643 16.788200 0.014904 -0.350512 8.561504 13.316159 4.558543 -70.210451 3.118231 -1.448215 -65.817581 0.176728 -0.985505 -1.341890 -0.802255 0.160618 -0.479865 -0.804180 0.123497 -0.482654 -1.491831 -0.130552 0.553981 7.806189 -0.735471 19.212258 -1.084380 2.056290 59.308773 -11.296316 1.460520 -99.421764 -6.066274 6.564678 -76.238585 0.091741 0.241314 -0.085523 0.028270 0.072122 2.451898 -0.000916 0.100647 2.451937 4.818015 0.470091 -0.811257 -11.510449 -2.891322 6.573404 -8.809026 1.467148 -7.995623 -0.538184 1.141901 -33.958533 8.519736 0.793276 -0.155117 -7.892401 -1.425975 30.701133 2.906487 0.843499 3.437065 0.031055 -0.751249 -1.096679 -0.000062 -0.000322 -32.027672 0.181885 -0.251532 25.720773 -0.000087 -0.000103 -32.660110 -0.000019 -0.000034 -2.721288 0.000018 -0.000024 0.159845 -0.000153 -0.000137 -50.825678 -23.900790 -11.935528 -2.554913 34.949228 16.671935 -5.206580 -0.000085 -0.000110 -34.794865 0.000033 0.000035 -0.000048 4.607594 3.990794 4.685084 -12.246228 -13.132164 9.828499 0.000019 -0.000055 0.000023 0.024258 -0.029995 11.786640 0.000038 -0.000012 0.000001 0.023252 -0.032319 11.715946 0.571562 -2.570976 16.321372 0.050297 0.015144 11.755987 0.636728 2.348903 11.829409 0.050160 0.014804 11.743122 -0.000068 -0.000003 -4.430565 -0.004486 -0.052644 11.750662 0.000062 -0.000010 11.750663 
0.000000 0.000000 0.000000 0.000008 0.000000 -0.000000 -0.000000 0.000000 -0.000000 0.910894 -1.703389 29.205445 0.000001 0.000002 -0.000001 14.098844 23.921633 10.515571 -5.088599 -6.500802 -34.343499 -7.636642 -6.169034 -56.383669 -2.007788 -3.961785 -26.834360 10.880408 -25.736366 21.177539 0.181762 -0.749423 13.619438 -4.695841 9.476179 3.708238 8.543168 -3.212907 -47.433038 -7.901383 -3.838889 45.498670 5.282705 -7.198870 -43.540438 -0.117231 0.000014 -0.093464 0.000004 -0.000026 -0.000019 2.460131 5.270519 5.162922 -7.608214 2.395854 -41.189883 7.184439 3.096796 40.317148 -0.948897 -2.796195 -47.242547 0.071304 -0.146457 -0.022504 0.008451 -0.000130 0.038663 -0.161440 1.085003 -8.281021 0.418426 1.620075 -26.873350 0.163011 -0.175386 0.016909 -0.056566 1.428493 -1.900390 0.000078 -0.000112 -0.000059 0.000040 -0.181911 0.027952 3.697502 0.523970 -1.165257 -0.602732 -0.145483 0.237530 -3.234855 -0.706998 1.192658 1.425955 -0.348573 4.961054 -2.247623 1.223411 -0.073494 -3.353920 -5.507842 2.859749 0.149609 -0.904043 22.486899 13.026989 4.032105 -78.932897 4.259779 -0.768521 -75.333763 0.187106 -1.050542 -1.430028 -0.802310 0.160617 -0.479862 -0.804181 0.123496 -0.482654 -1.314249 -0.381294 0.320988 7.545611 -0.437601 15.831660 -1.455396 2.248775 69.520500 -11.208889 -0.810288 -95.085037 -6.264936 8.288772 -82.277244 0.097271 0.255490 -0.090568 0.028270 0.072122 2.451902 -0.000916 0.100646 2.451938 4.818179 0.470106 -0.811269 -10.297527 -2.590408 5.951665 -11.099139 1.498848 -8.967092 -0.566682 1.126133 -33.258728 8.519715 0.793276 -0.155102 -7.399262 -1.367666 29.920870 0.207268 0.833964 5.068926 0.351524 -0.443287 -3.875173 -0.000062 -0.000322 -32.027672 0.203004 -0.270126 28.122004 -0.000090 -0.000105 -33.623887 -0.000019 -0.000034 -2.721284 0.000018 -0.000023 0.159844 -0.000159 -0.000138 -52.308929 -23.900794 -11.935529 -2.554910 34.949228 16.671937 -5.206577 -0.000088 -0.000112 -35.740024 0.000033 0.000035 -0.000043 4.607336 3.991289 4.689515 -11.877271 -13.151719 10.173935 -0.000001 -0.000056 0.000041 0.024292 -0.029995 11.786680 0.000019 -0.000015 -0.000019 0.023282 -0.032318 11.715897 0.628735 -2.721556 17.325446 0.050322 0.015192 11.755993 0.663605 2.500698 12.580269 0.050186 0.014851 11.743108 -0.000070 -0.000007 -4.811160 -0.004451 -0.052686 11.750660 0.000062 -0.000010 11.750661 
0.000000 0.000000 0.000000 0.000008 0.000000 -0.000000 -0.000000 0.000000 -0.000000 0.955240 -1.674244 30.804187 0.000001 0.000002 -0.000001 13.389254 25.089448 13.464095 -3.591144 -5.480488 -29.160127 -8.820639 -6.829535 -57.291541 -1.458274 -1.961058 -36.543377 0.735023 -21.666122 -0.304870 0.196727 -1.049270 13.695230 -4.423004 9.958951 2.080175 8.432155 -3.106201 -46.659809 -8.051549 -4.012514 46.650011 5.438285 -7.419723 -45.514543 -0.095624 0.000007 -0.093521 0.000004 -0.000026 -0.000019 2.305944 4.991031 4.306980 -7.570937 2.366823 -40.952223 7.207993 3.119142 40.480192 -0.727668 -2.329955 -48.445422 0.109190 -0.107666 -0.023220 0.008451 -0.000128 0.038663 -0.282873 1.523945 -8.227403 0.630088 1.516645 -27.039944 0.163011 -0.175386 0.016902 -0.057963 1.384389 -1.711453 0.000078 -0.000112 -0.000057 0.000116 -0.335948 0.027949 3.697429 0.523952 -1.165257 -0.602734 -0.145478 0.237525 -3.234849 -0.707005 1.192656 1.293946 -0.403383 7.674722 -2.209467 2.899054 6.826209 -4.741545 -6.957896 -9.636740 0.397578 -1.385287 35.720049 12.491561 3.448164 -86.151211 5.321914 -0.381968 -83.237494 0.197977 -1.116158 -1.519002 -0.802417 0.160618 -0.479864 -0.804180 0.123498 -0.482655 -1.161735 -0.578713 -0.552802 7.373345 -0.087355 13.225536 -1.709219 2.336369 76.075685 -10.969598 -2.837428 -90.172745 -6.380364 9.770664 -86.831560 0.102727 0.269816 -0.095688 0.028270 0.072122 2.451900 -0.000917 0.100646 2.451939 4.818175 0.470118 -0.811255 -9.376302 -2.372598 5.506376 -10.794104 0.841685 -6.737644 -0.593848 1.110244 -32.236782 8.519701 0.793269 -0.155101 -7.094042 -1.322832 28.953551 -1.486778 1.399748 9.830345 0.697519 -0.177207 -6.986070 -0.000062 -0.000322 -32.027672 0.205694 -0.269276 30.614861 -0.000094 -0.000108 -34.682884 -0.000019 -0.000034 -2.721293 0.000018 -0.000024 0.159844 -0.000166 -0.000140 -53.939629 -23.900794 -11.935528 -2.554913 34.949221 16.671935 -5.206575 -0.000092 -0.000115 -36.779011 0.000033 0.000035 -0.000050 4.607070 3.991775 4.694001 -11.279655 -13.470518 11.085081 -0.000029 -0.000069 0.000060 0.024356 -0.029967 11.786764 -0.000002 -0.000017 -0.000034 0.023340 -0.032301 11.715812 0.688892 -2.868957 18.312268 0.050372 0.015287 11.756012 0.687641 2.651886 13.325304 0.050236 0.014944 11.743087 -0.000072 -0.000010 -5.227529 -0.004382 -0.052768 11.750661 0.000062 -0.000010 11.750661 
0.000000 0.000000 0.000000 0.000008 0.000000 -0.000000 -0.000000 0.000000 -0.000000 0.998220 -1.644261 32.383085 0.000001 0.000002 -0.000002 12.598136 26.224653 16.389179 -2.003172 -3.648605 -23.359780 -10.020423 -7.813915 -56.816625 -0.948618 -0.971618 -44.210271 -1.371468 -12.034986 -7.712726 0.211518 -1.352668 13.702148 -4.194694 10.429596 0.712101 8.337937 -3.017852 -46.011084 -8.163016 -4.146072 47.522353 5.572475 -7.626023 -47.249148 -0.101754 0.000008 -0.096604 0.000004 -0.000025 -0.000019 2.139520 4.761071 3.465522 -7.523129 2.329955 -40.648542 7.228738 3.138932 40.624172 -0.532901 -1.905751 -49.623353 0.146339 -0.069634 -0.023949 0.008451 -0.000128 0.038663 -0.406105 1.968759 -8.232089 0.837368 1.414619 -27.202917 0.163011 -0.175386 0.016911 -0.059320 1.338992 -1.578482 0.000078 -0.000112 -0.000057 -0.000042 -0.027874 0.027954 3.697597 0.523966 -1.165315 -0.602736 -0.145477 0.237529 -3.234850 -0.707000 1.192657 1.179838 -0.460327 10.456723 -1.515931 4.016238 10.512177 -6.479480 -7.501741 -16.767658 0.623286 -1.670815 44.607655 12.011094 2.665139 -90.622294 5.852997 -0.468148 -87.904617 0.208112 -1.180599 -1.606227 -0.802202 0.160618 -0.479847 -0.804181 0.123497 -0.482654 -1.052113 -0.656448 -2.282916 7.361511 0.230868 12.317939 -1.737515 2.344166 76.791851 -10.768140 -4.238269 -86.163786 -6.501759 10.823164 -89.192298 0.108086 0.283881 -0.100671 0.028270 0.072122 2.451900 -0.000917 0.100646 2.451935 4.818181 0.470115 -0.811252 -8.648078 -2.046044 4.632101 -10.027726 -0.410188 -2.298415 -0.616165 1.096220 -31.025328 8.519654 0.793238 -0.155081 -6.911865 -1.256005 26.017258 -2.808744 2.227972 16.075204 1.037382 0.003909 -10.186473 -0.000062 -0.000322 -32.027669 0.187408 -0.234794 33.065390 -0.000098 -0.000110 -35.767880 -0.000019 -0.000034 -2.721291 0.000018 -0.000024 0.159835 -0.000173 -0.000142 -55.621031 -23.900797 -11.935529 -2.554912 34.949224 16.671930 -5.206576 -0.000096 -0.000117 -37.839388 0.000033 0.000035 -0.000046 4.606815 3.992271 4.698402 -10.687881 -13.774097 11.982991 -0.000085 -0.000053 0.000113 0.024227 -0.030050 11.786604 -0.000048 0.000015 -0.000067 0.023223 -0.032325 11.715987 0.750382 -3.012466 19.280208 0.050272 0.015098 11.755979 0.709289 2.800458 14.055921 0.050133 0.014753 11.743108 -0.000075 -0.000014 -5.669473 -0.004521 -0.052602 11.750662 0.000062 -0.000010 11.750660 
0.000000 0.000000 0.000000 0.000008 0.000000 -0.000000 -0.000000 0.000000 -0.000000 1.039657 -1.630582 34.042418 0.000001 0.000002 -0.000000 11.171709 26.239084 18.986087 -0.878060 -1.559246 -18.546714 -10.073756 -8.603592 -54.078743 -0.753391 -0.627063 -50.873732 -1.295374 -4.016455 -13.772765 0.226106 -1.660407 13.658073 -3.974184 10.914217 -0.625127 8.266815 -2.952465 -45.525779 -8.262720 -4.269108 48.316342 5.706530 -7.821430 -48.796972 -0.107932 0.000008 -0.099726 0.000004 -0.000027 -0.000019 1.948628 4.565233 2.392812 -7.467142 2.287285 -40.294424 7.280559 3.188797 40.985308 -0.354642 -1.498418 -50.870033 0.142115 -0.051151 -0.024655 0.008451 -0.000129 0.038663 -0.532589 2.421180 -8.266680 1.046369 1.310972 -27.367130 0.163011 -0.175386 0.016909 -0.060548 1.290788 -1.471069 0.000078 -0.000112 -0.000057 -0.000042 -0.027874 0.027952 3.697588 0.523972 -1.165275 -0.602732 -0.145481 0.237526 -3.234849 -0.706999 1.192657 1.088568 -0.516307 13.229501 -0.064488 4.621661 11.863188 -8.483523 -7.318729 -19.587944 0.787222 -1.831494 50.210261 11.573037 1.608461 -93.130408 5.903798 -0.899698 -90.357898 0.218985 -1.245615 -1.694291 -0.802229 0.160618 -0.479849 -0.804180 0.123497 -0.482654 -0.973990 -0.642422 -4.618404 7.477023 0.573799 12.953422 -1.499611 2.266402 70.681926 -10.677245 -5.182043 -82.227452 -6.779599 11.590828 -89.409505 0.113423 0.298116 -0.105711 0.028297 0.072122 2.451902 -0.000916 0.100646 2.451930 4.818154 0.470127 -0.811247 -7.866299 -1.971657 4.611609 -9.307231 -1.392829 1.388582 -0.631613 1.085475 -29.685040 8.519608 0.793196 -0.155075 -6.694776 -1.223344 25.334741 -3.379154 2.652056 19.240513 1.348902 0.078936 -13.422987 -0.000062 -0.000322 -32.027672 0.133844 -0.165529 35.462988 -0.000102 -0.000112 -36.863627 -0.000019 -0.000034 -2.721293 0.000018 -0.000023 0.159844 -0.000179 -0.000143 -57.319043 -23.900792 -11.935528 -2.554912 34.949221 16.671928 -5.206572 -0.000099 -0.000119 -38.910215 0.000033 0.000035 -0.000048 4.606554 3.992762 4.702831 -10.384349 -13.932572 12.451326 0.000034 -0.000068 0.000019 0.024244 -0.030037 11.786623 0.000041 -0.000042 -0.000008 0.023238 -0.032318 11.715968 0.813251 -3.154751 20.245668 0.050286 0.015121 11.755982 0.729232 2.950745 14.793799 0.050145 0.014776 11.743108 -0.000078 -0.000018 -6.152893 -0.004503 -0.052623 11.750659 0.000062 -0.000010 11.750663 
0.000000 0.000000 0.000000 0.000008 0.000000 -0.000000 -0.000000 0.000000 -0.000000 1.079519 -1.639909 35.788651 0.000001 0.000002 -0.000002 9.726830 26.184773 21.606639 -0.180769 0.554346 -15.624952 -8.322769 -8.832042 -47.709271 -1.384515 -0.946624 -57.387202 -0.682789 0.028207 -22.275243 0.240192 -1.964049 13.579699 -3.728091 11.410725 -2.135673 8.206797 -2.898135 -45.119038 -8.362842 -4.396253 49.127628 5.853031 -8.005604 -50.164335 -0.114189 0.000009 -0.102865 0.000004 -0.000026 -0.000019 1.715856 4.401893 0.896837 -7.389987 2.229381 -39.809112 7.377458 3.283747 41.666459 -0.197052 -1.110783 -52.196955 0.137620 -0.032652 -0.025391 0.008451 -0.000129 0.038663 -0.660587 2.869287 -8.302695 1.257127 1.205744 -27.532559 0.163011 -0.175386 0.016903 -0.061695 1.242057 -1.362353 0.000078 -0.000112 -0.000059 -0.000042 -0.027874 0.027954 3.697590 0.523973 -1.165274 -0.602738 -0.145478 0.237525 -3.234851 -0.707001 1.192654 1.028722 -0.565251 15.827177 1.808883 4.973168 13.082158 -10.771456 -6.654118 -21.497643 0.956016 -1.968046 55.509439 11.000562 0.402723 -95.072982 5.790143 -1.495042 -92.413730 0.229393 -1.311222 -1.783341 -0.802256 0.160617 -0.479851 -0.804181 0.123497 -0.482655 -0.922048 -0.604138 -6.994173 7.634650 0.998191 14.265362 -1.082881 2.055334 59.265401 -10.564725 -5.974918 -77.091321 -7.266018 12.224063 -88.058023 0.118886 0.312514 -0.110808 0.028326 0.072122 2.451906 -0.000916 0.100645 2.451939 4.818149 0.470126 -0.811249 -7.501816 -1.500861 3.154966 -7.710979 -1.657910 3.022532 -0.637374 1.080211 -28.312053 8.519740 0.793299 -0.155086 -6.503012 -1.176167 23.749439 -2.403513 2.628177 18.448044 1.591468 0.028224 -16.542971 -0.000062 -0.000322 -32.027676 0.041308 -0.058640 37.725870 -0.000106 -0.000114 -37.915179 -0.000019 -0.000034 -2.721293 0.000018 -0.000023 0.159844 -0.000186 -0.000144 -58.954088 -23.900794 -11.935530 -2.554912 34.949221 16.671932 -5.206574 -0.000103 -0.000121 -39.936304 0.000033 0.000035 -0.000048 4.606293 3.993262 4.707319 -9.882676 -13.398914 12.300130 0.000032 -0.000069 0.000019 0.024260 -0.030043 11.786648 0.000039 -0.000029 0.000003 0.023253 -0.032324 11.715946 0.879170 -3.293771 21.193618 0.050297 0.015146 11.755979 0.745799 3.098765 15.517437 0.050160 0.014800 11.743096 -0.000081 -0.000023 -6.712150 -0.004486 -0.052644 11.750658 0.000062 -0.000010 11.750662 
0.000000 0.000000 0.000000 0.000008 0.000000 -0.000000 -0.000000 0.000000 -0.000000 1.118255 -1.654014 37.506488 0.000001 0.000002 -0.000002 7.828679 25.048418 24.021405 0.306853 2.660713 -13.744443 -5.751390 -8.225893 -39.214496 -2.676135 -1.495747 -62.718267 0.228130 1.893706 -29.662945 0.253304 -2.246952 13.487431 -3.476192 11.881374 -3.726761 8.142286 -2.840608 -44.684778 -8.443476 -4.501371 49.791707 5.997993 -8.171250 -51.293054 -0.120321 0.000011 -0.105942 0.000004 -0.000025 -0.000019 1.443671 4.286472 -0.912034 -7.273338 2.143730 -39.080877 7.487933 3.394781 42.452733 -0.110930 -0.783545 -53.522414 0.110871 -0.030954 -0.026065 0.008451 -0.000127 0.038663 -0.785096 3.288843 -8.311487 1.463465 1.101949 -27.694399 0.163011 -0.175386 0.016910 -0.062408 1.192796 -1.230048 0.000078 -0.000112 -0.000058 -0.000042 -0.027874 0.027956 3.697550 0.523970 -1.165299 -0.602738 -0.145482 0.237523 -3.234848 -0.706997 1.192659 1.007869 -0.599519 18.024388 3.866734 5.065678 14.283983 -13.105829 -5.582721 -22.596982 1.119161 -2.077767 60.308071 10.354693 -0.868026 -96.460781 5.547272 -2.192437 -93.973554 0.239803 -1.375626 -1.870597 -0.802311 0.160618 -0.479854 -0.804181 0.123496 -0.482654 -0.904093 -0.541068 -9.209960 7.804039 1.429933 15.954917 -0.629401 1.677650 44.829288 -10.420453 -6.573970 -71.486208 -7.881061 12.632203 -85.513675 0.124158 0.326577 -0.115786 0.028379 0.072123 2.451900 -0.000915 0.100647 2.451933 4.818107 0.470102 -0.811272 -7.624142 -0.537683 0.014782 -5.081215 -1.524594 3.642599 -0.631210 1.082556 -27.040671 8.519730 0.793286 -0.155091 -6.426145 -1.084286 19.456586 -0.527481 2.533536 16.602776 1.720200 -0.149205 -19.316274 -0.000062 -0.000322 -32.027672 -0.075902 0.088211 39.736258 -0.000109 -0.000116 -38.849464 -0.000019 -0.000034 -2.721291 0.000018 -0.000023 0.159842 -0.000192 -0.000145 -60.410851 -23.900794 -11.935528 -2.554910 34.949224 16.671925 -5.206573 -0.000106 -0.000123 -40.846082 0.000033 0.000035 -0.000050 4.606041 3.993764 4.711704 -9.390410 -12.876915 12.147535 0.000033 -0.000064 0.000020 0.024293 -0.030024 11.786689 0.000029 -0.000043 -0.000012 0.023284 -0.032311 11.715897 0.945347 -3.426278 22.102166 0.050323 0.015192 11.755997 0.760222 3.244118 16.227110 0.050183 0.014848 11.743091 -0.000085 -0.000028 -7.350933 -0.004451 -0.052686 11.750663 0.000062 -0.000010 11.750663 
0.000000 0.000000 0.000000 0.000008 0.000000 -0.000000 -0.000000 0.000000 -0.000000 1.157582 -1.655583 39.182586 0.000001 0.000002 -0.000001 6.025230 23.802338 26.374226 0.594535 4.442408 -11.903303 -3.378005 -6.618317 -31.298092 -3.565872 -1.796722 -65.192824 1.384476 3.643251 -37.164258 0.265994 -2.509269 13.396239 -3.223555 12.317306 -5.406031 8.052501 -2.761966 -44.084992 -8.490557 -4.563953 50.184217 6.136008 -8.320095 -52.192450 -0.098851 0.000002 -0.104177 0.000004 -0.000026 -0.000019 1.122015 4.227572 -3.036030 -7.089873 2.013535 -37.948470 7.587987 3.498038 43.174374 -0.042502 -0.520579 -54.833018 0.069273 -0.046158 -0.027400 0.008451 -0.000128 0.038663 -0.908900 3.680473 -8.264860 1.671555 0.996531 -27.857454 0.163011 -0.175386 0.016910 -0.062569 1.142557 -1.043576 0.000078 -0.000112 -0.000058 -0.000042 -0.027874 0.027953 3.697518 0.523968 -1.165268 -0.602732 -0.145478 0.237530 -3.234849 -0.707003 1.192655 1.031696 -0.613372 19.726189 6.000507 4.952534 15.654667 -15.414492 -4.161586 -23.068344 1.275831 -2.165793 64.694111 9.662631 -2.200113 -97.384195 5.203154 -2.940510 -95.032937 0.250479 -1.440669 -1.958680 -0.802419 0.160618 -0.479863 -0.804180 0.123497 -0.482655 -0.927058 -0.448199 -11.197022 7.965655 1.823886 17.821768 -0.253984 1.140932 28.801292 -10.249587 -6.974770 -65.812855 -8.557115 12.770131 -82.020443 0.129646 0.340721 -0.120829 0.028489 0.072123 2.451893 -0.000915 0.100645 2.451935 4.818013 0.470095 -0.811256 -7.557784 -0.293940 -0.738275 -3.023999 -1.300142 3.640840 -0.610597 1.094826 -25.929879 8.519723 0.793276 -0.155105 -6.368597 -1.058202 18.470078 0.843244 2.323808 14.345079 1.701021 -0.458351 -21.678124 -0.000062 -0.000322 -32.027672 -0.226046 0.269524 41.467130 -0.000112 -0.000118 -39.624120 -0.000019 -0.000034 -2.721287 0.000018 -0.000023 0.159845 -0.000197 -0.000145 -61.629077 -23.900794 -11.935528 -2.554912 34.949224 16.671928 -5.206600 -0.000109 -0.000125 -41.597710 0.000033 0.000035 -0.000051 4.605780 3.994256 4.716152 -9.555136 -12.861845 11.971310 0.000025 -0.000068 0.000019 0.024361 -0.030006 11.786778 0.000022 -0.000043 -0.000015 0.023342 -0.032302 11.715810 1.013419 -3.555925 22.995837 0.050374 0.015289 11.756010 0.771255 3.386508 16.919362 0.050232 0.014943 11.743065 -0.000089 -0.000034 -8.076513 -0.004381 -0.052769 11.750659 0.000062 -0.000010 11.750661 
0.000000 0.000000 0.000000 0.000008 0.000000 -0.000000 -0.000000 0.000000 -0.000000 1.197004 -1.626060 40.749035 0.000001 0.000002 -0.000001 3.937205 21.707617 28.764300 0.686134 5.785283 -9.877721 -1.416511 -3.878749 -25.008825 -3.679178 -1.983051 -63.610986 2.958026 4.555423 -45.557632 0.278615 -2.742188 13.324245 -2.982422 12.694982 -7.140226 7.915335 -2.644963 -43.178817 -8.486187 -4.558092 50.147580 6.256318 -8.448122 -52.830707 -0.077568 -0.000004 -0.102452 0.000004 -0.000025 -0.000019 1.205047 5.032982 -4.574424 -6.972307 1.932926 -37.230760 7.533993 3.442000 42.783820 -0.107695 -1.135000 -55.109142 0.027489 -0.061318 -0.028690 0.008451 -0.000127 0.038663 -1.031398 4.031395 -8.132728 1.880201 0.888565 -28.023056 0.163011 -0.175386 0.016904 -0.061906 1.091811 -0.774273 0.000078 -0.000112 -0.000059 -0.000042 -0.027874 0.027951 3.697426 0.523953 -1.165254 -0.602735 -0.145481 0.237526 -3.234850 -0.706999 1.192655 1.146421 -0.586959 20.753371 8.010972 4.732113 17.342533 -17.581382 -2.501374 -23.060366 1.420578 -2.233861 68.597898 8.970659 -3.553602 -97.877137 4.796087 -3.696341 -95.522668 0.260430 -1.506413 -2.047613 -0.802202 0.160618 -0.479856 -0.804181 0.123497 -0.482654 -1.041999 -0.320964 -12.810157 8.108247 2.115599 19.614970 -0.043496 0.532174 13.045439 -10.074134 -7.155471 -60.657435 -9.186641 12.580630 -77.881601 0.135131 0.355098 -0.125958 0.028271 0.072121 2.451901 -0.000915 0.100646 2.451941 4.817877 0.470076 -0.811221 -7.836485 0.091241 -2.013878 -2.239728 -0.974777 2.765758 -0.556041 1.129280 -24.846546 8.519712 0.793293 -0.155072 -6.435865 -1.015914 16.224382 1.204896 1.934051 11.537408 1.364008 -1.004661 -23.776990 -0.000062 -0.000322 -32.027672 -0.428474 0.498627 43.085325 -0.000115 -0.000119 -40.245606 -0.000019 -0.000034 -2.721286 0.000018 -0.000024 0.159844 -0.000201 -0.000146 -62.606511 -23.900792 -11.935528 -2.554912 34.949238 16.671921 -5.206620 -0.000111 -0.000126 -42.200973 0.000033 0.000035 -0.000051 4.605523 3.994768 4.720626 -9.053686 -12.045244 11.447638 0.000025 -0.000057 0.000028 0.024227 -0.030051 11.786603 0.000016 -0.000014 -0.000027 0.023225 -0.032330 11.715986 1.083152 -3.682290 23.871264 0.050270 0.015095 11.756001 0.780625 3.530345 17.618271 0.050133 0.014754 11.743113 -0.000094 -0.000040 -8.879254 -0.004521 -0.052602 11.750658 0.000062 -0.000010 11.750661 
0.000000 0.000000 0.000000 0.000008 0.000000 -0.000000 -0.000000 0.000000 -0.000000 1.234180 -1.550160 42.101201 0.000001 0.000002 -0.000004 2.067524 19.544098 30.946716 0.647980 6.739430 -7.931514 0.012421 -0.431699 -19.572295 -3.281964 -2.103993 -59.182653 4.618119 5.216187 -53.818810 0.293670 -2.969126 13.276571 -2.766287 13.019561 -8.835942 7.713040 -2.479057 -41.863391 -8.414552 -4.463372 49.552339 6.345707 -8.549124 -53.173822 -0.095336 -0.000000 -0.105067 0.000004 -0.000026 -0.000019 1.752768 6.500474 -5.109078 -6.961013 1.925295 -37.162130 7.258701 3.167677 40.832684 -0.189080 -2.447901 -54.023374 0.008550 -0.057221 -0.024455 0.008451 -0.000127 0.038663 -1.157332 4.377096 -7.958633 1.965384 0.692892 -28.319013 0.163011 -0.175386 0.016911 -0.060271 1.038680 -0.427737 0.000078 -0.000112 -0.000058 -0.000042 -0.027874 0.027948 3.697595 0.523965 -1.165320 -0.602733 -0.145482 0.237527 -3.234844 -0.707004 1.192658 1.358979 -0.517140 21.155261 9.717274 4.509799 19.200280 -19.458912 -0.824892 -22.661509 1.545154 -2.283182 71.867735 8.342782 -4.849574 -97.980607 4.381565 -4.393588 -95.390197 0.270487 -1.572553 -2.136938 -0.802228 0.160618 -0.479853 -0.804182 0.123497 -0.482653 -1.260571 -0.156576 -14.098205 8.238467 2.238238 21.145064 -0.000288 -0.008058 -0.196850 -9.923149 -7.109567 -56.707994 -9.633376 12.035312 -73.547661 0.140607 0.369078 -0.130987 0.028296 0.072121 2.451900 -0.000916 0.100646 2.451941 4.818179 0.470119 -0.811253 -8.569113 1.250557 -5.736825 -2.247229 -0.526994 1.188420 -0.465702 1.188377 -23.672700 8.519719 0.793286 -0.155092 -6.631957 -0.892221 10.152219 1.540478 1.535253 8.787230 0.682327 -1.782392 -25.757171 -0.000062 -0.000322 -32.027669 -0.679751 0.773138 44.682503 -0.000116 -0.000120 -40.745961 -0.000019 -0.000034 -2.721288 0.000018 -0.000023 0.159842 -0.000205 -0.000146 -63.393253 -23.900792 -11.935527 -2.554913 34.949221 16.671932 -5.206549 -0.000113 -0.000127 -42.686220 0.000033 0.000035 -0.000048 4.605262 3.995251 4.725019 -7.693176 -10.089790 10.222049 0.000016 -0.000064 0.000027 0.024245 -0.030039 11.786629 -0.000014 -0.000010 -0.000040 0.023237 -0.032328 11.715965 1.152274 -3.801540 24.701330 0.050285 0.015119 11.756002 0.786679 3.667404 18.281765 0.050146 0.014777 11.743108 -0.000100 -0.000047 -9.722451 -0.004503 -0.052623 11.750667 0.000062 -0.000010 11.750660 
0.000000 0.000000 0.000000 0.000008 0.000000 -0.000000 -0.000000 0.000000 -0.000000 1.268701 -1.408274 43.214784 0.000001 0.000002 -0.000006 0.203492 16.757263 32.870623 0.485833 7.247105 -5.702957 0.689321 2.701987 -14.740848 -2.141264 -1.687984 -53.269301 5.967461 5.287636 -60.163571 0.312940 -3.222142 13.235589 -2.580133 13.311357 -10.492828 7.410905 -2.245179 -39.941406 -8.251900 -4.255587 48.229520 6.396193 -8.623554 -53.208065 -0.113288 0.000008 -0.107736 0.000004 -0.000024 -0.000019 2.116552 7.277018 -5.296855 -6.880914 1.871740 -36.676914 6.814522 2.761802 37.809789 0.007009 -3.102920 -52.420288 0.002401 0.000793 -0.001778 0.008451 -0.000128 0.038663 -1.296204 4.765607 -7.788004 2.050382 0.494809 -28.617612 0.163011 -0.175386 0.016905 -0.057631 0.979243 -0.018631 0.000078 -0.000113 -0.000051 -0.000042 -0.027874 0.027955 3.697598 0.523962 -1.165314 -0.602732 -0.145482 0.237523 -3.234853 -0.707000 1.192659 1.636984 -0.418117 21.117830 11.107324 4.336777 21.072658 -21.036224 0.731054 -21.898640 1.649161 -2.318239 74.546249 7.804133 -6.084575 -97.738272 3.990305 -5.008947 -94.577172 0.280478 -1.639299 -2.227218 -0.802256 0.160618 -0.479857 -0.804181 0.123496 -0.482657 -1.552346 0.055713 -15.300066 8.368016 2.145266 22.373984 -0.044518 -0.385424 -9.470051 -9.804762 -6.833501 -54.416670 -9.789357 11.130348 -69.214419 0.145975 0.383315 -0.136026 0.028325 0.072123 2.451900 -0.000917 0.100646 2.451937 4.818173 0.470117 -0.811253 -8.770887 1.523496 -6.603378 -2.242299 -0.074783 -0.404431 -0.355402 1.264152 -22.441975 8.519704 0.793278 -0.155091 -6.772932 -0.874686 8.911677 1.615169 1.097275 5.912978 -0.222549 -2.705017 -27.590578 -0.000062 -0.000321 -32.027672 -0.976788 1.078483 46.177963 -0.000118 -0.000121 -41.138318 -0.000019 -0.000033 -2.721286 0.000018 -0.000023 0.159842 -0.000207 -0.000146 -64.009855 -23.900790 -11.935528 -2.554910 34.949221 16.671930 -5.206572 -0.000114 -0.000127 -43.066641 0.000033 0.000035 -0.000046 4.604937 3.995950 4.730745 -8.178027 -9.229089 8.512391 0.000000 -0.000062 0.000040 0.024258 -0.030036 11.786647 -0.000070 0.000004 -0.000092 0.023253 -0.032316 11.715949 1.222473 -3.916979 25.508153 0.050297 0.015143 11.756011 0.790125 3.802676 18.934813 0.050159 0.014799 11.743100 -0.000095 -0.000028 -10.619476 -0.004486 -0.052644 11.750661 0.000062 -0.000010 11.750660 
0.000000 0.000000 0.000000 0.000008 0.000000 -0.000000 -0.000000 0.000000 -0.000000 1.301709 -1.136489 44.021601 0.000001 0.000002 -0.000007 -1.494335 13.850226 34.613705 0.204272 7.028639 -2.819290 0.800983 5.139721 -10.654158 -0.068948 -0.010924 -45.621852 6.669962 5.116685 -64.085384 0.334442 -3.485968 13.188823 -2.369132 13.577545 -12.529306 6.869834 -1.864587 -36.610917 -7.929121 -3.870449 45.709429 6.384304 -8.735819 -52.778617 -0.131401 0.000016 -0.110439 0.000004 -0.000026 -0.000019 1.947750 7.013611 -5.788574 -6.537881 1.653179 -34.627782 6.145241 2.224406 33.492635 0.442103 -2.757891 -50.441801 -0.003795 0.058717 0.020872 0.008451 -0.000128 0.038663 -1.443745 5.173233 -7.610813 2.133120 0.293290 -28.917498 0.163011 -0.175386 0.016910 -0.053999 0.915446 0.436429 0.000077 -0.000112 -0.000057 -0.000042 -0.027874 0.027961 3.697594 0.523966 -1.165315 -0.602736 -0.145473 0.237530 -3.234851 -0.707003 1.192657 1.942781 -0.306039 20.807285 12.103327 4.242688 22.742826 -22.250951 2.004191 -20.878377 1.728333 -2.341363 76.558962 7.399239 -7.210226 -97.180095 3.665050 -5.500648 -93.004623 0.290775 -1.706673 -2.318406 -0.802311 0.160617 -0.479863 -0.804181 0.123497 -0.482657 -1.876779 0.410280 -17.151367 8.509459 1.763675 23.708324 -0.093653 -0.585029 -14.483565 -9.739403 -6.200322 -54.014639 -9.475406 9.603370 -63.738082 0.151456 0.397627 -0.141116 0.028379 0.072123 2.451898 -0.000916 0.100646 2.451932 4.818160 0.470126 -0.811249 -8.991917 1.908071 -7.799134 -3.029522 0.084684 -1.257583 -0.243117 1.346179 -21.223421 8.519673 0.793257 -0.155082 -7.151904 -0.831718 5.838378 1.091720 0.663293 3.516621 -1.218260 -3.671780 -29.253902 -0.000062 -0.000321 -32.027672 -1.301216 1.395111 47.553184 -0.000119 -0.000121 -41.453566 -0.000019 -0.000034 -2.721288 0.000018 -0.000023 0.159842 -0.000209 -0.000146 -64.505714 -23.900794 -11.935528 -2.554912 34.949221 16.671930 -5.206572 -0.000115 -0.000128 -43.372760 0.000033 0.000035 -0.000048 4.604617 3.996640 4.736511 -9.303997 -7.879480 5.412736 -0.000028 -0.000065 0.000070 0.024296 -0.030026 11.786692 0.000054 -0.000028 -0.000005 0.023285 -0.032311 11.715898 1.293463 -4.028195 26.288218 0.050321 0.015191 11.756013 0.790881 3.935713 19.575399 0.050185 0.014848 11.743087 -0.000101 -0.000036 -11.559612 -0.004450 -0.052687 11.750662 0.000062 -0.000010 11.750664 
0.000000 0.000000 0.000000 0.000008 0.000000 -0.000000 -0.000000 0.000000 -0.000000 1.332276 -0.744984 44.530556 0.000001 0.000002 -0.000005 -3.038794 10.604699 35.957046 -0.054734 6.352836 0.255438 0.605101 6.996318 -7.214730 1.903860 2.857752 -36.802528 6.928765 4.952194 -66.019693 0.355410 -3.737613 13.125803 -2.098318 13.813925 -15.079603 6.052342 -1.372233 -31.799988 -7.430114 -3.336171 42.040422 6.313776 -8.912675 -51.871694 -0.149163 0.000026 -0.113081 0.000004 -0.000026 -0.000019 1.483676 6.438652 -6.719885 -5.916328 1.298954 -31.020342 5.216350 1.602553 27.861282 0.916185 -2.143478 -47.934032 -0.007090 0.050173 0.010418 0.008451 -0.000128 0.038663 -1.591102 5.564223 -7.422840 2.005399 -0.010653 -29.078304 0.163012 -0.175386 0.016903 -0.049589 0.851255 0.905603 0.000078 -0.000113 -0.000056 -0.000042 -0.027874 0.027953 3.697578 0.523973 -1.165290 -0.602736 -0.145479 0.237529 -3.234845 -0.707000 1.192657 2.229023 -0.199158 20.409879 12.618747 4.227150 23.967347 -23.024221 2.823771 -19.751703 1.778102 -2.354372 77.814214 7.172136 -8.150442 -96.368341 3.448004 -5.788831 -90.681382 0.300384 -1.772828 -2.407761 -0.802420 0.160618 -0.479878 -0.804181 0.123497 -0.482661 -2.167762 0.912817 -19.876462 8.694405 1.149712 25.355081 -0.119984 -0.669005 -16.629521 -9.721965 -5.199135 -55.110915 -8.589301 7.490594 -56.758288 0.156811 0.411707 -0.146121 0.028488 0.072123 2.451898 -0.000916 0.100646 2.451933 4.818153 0.470126 -0.811246 -9.662638 3.412601 -12.337961 -3.799077 0.252307 -2.091993 -0.148990 1.420677 -20.118273 8.519642 0.793220 -0.155068 -7.734192 -0.635298 -3.233402 0.561306 0.259154 1.163235 -2.134458 -4.567855 -30.679267 -0.000062 -0.000322 -32.027669 -1.627772 1.700185 48.719029 -0.000120 -0.000122 -41.697840 -0.000019 -0.000033 -2.721293 0.000018 -0.000023 0.159844 -0.000211 -0.000146 -64.889980 -23.900794 -11.935528 -2.554914 34.949221 16.671927 -5.206573 -0.000116 -0.000128 -43.609460 0.000033 0.000035 -0.000050 4.604295 3.997329 4.742173 -9.205792 -5.254075 1.187210 -0.000087 -0.000053 0.000111 0.024358 -0.030011 11.786774 0.000042 -0.000010 -0.000002 0.023340 -0.032302 11.715806 1.362896 -4.131862 27.017326 0.050372 0.015288 11.756027 0.789012 4.062414 20.183711 0.050232 0.014942 11.743064 -0.000107 -0.000044 -12.503189 -0.004380 -0.052769 11.750662 0.000062 -0.000010 11.750659 
0.000000 0.000000 0.000000 0.000008 0.000000 -0.000000 -0.000000 0.000000 -0.000000 1.359822 -0.293939 44.818250 0.000001 0.000002 -0.000004 -4.455689 7.270896 37.117618 -0.224765 5.892220 2.825528 0.150168 7.978026 -3.724975 2.836124 5.876259 -28.653958 7.496235 5.288995 -65.628064 0.374272 -3.969046 13.032301 -1.796839 13.991397 -17.863928 5.025702 -0.876343 -26.043272 -6.771813 -2.724855 37.526835 6.209192 -9.108745 -50.588001 -0.167090 0.000036 -0.115738 0.000004 -0.000026 -0.000019 0.800787 5.690949 -7.988605 -5.062996 0.892066 -26.247331 4.074916 1.002300 21.352413 1.375237 -1.370102 -45.119577 -0.008869 0.000313 -0.015044 0.008451 -0.000128 0.038663 -1.738064 5.925987 -7.208991 1.875577 -0.317275 -29.241389 0.163011 -0.175386 0.016904 -0.044457 0.786812 1.384997 0.000078 -0.000112 -0.000059 -0.000028 -0.055878 0.027947 3.697579 0.523974 -1.165292 -0.602733 -0.145481 0.237530 -3.234846 -0.707000 1.192656 2.464517 -0.107012 20.088532 12.593529 4.269915 24.580338 -23.311074 3.085442 -18.600854 1.797230 -2.359064 78.294820 7.147583 -8.880891 -95.317769 3.356578 -5.849265 -87.485168 0.310396 -1.839613 -2.498036 -0.802201 0.160618 -0.479856 -0.804180 0.123498 -0.482655 -2.377281 1.478702 -23.133198 8.944244 0.394709 26.981107 -0.119290 -0.666924 -16.576027 -9.700686 -3.912424 -57.494777 -7.155836 5.130975 -49.174439 0.162319 0.425923 -0.151204 0.028268 0.072121 2.451900 -0.000916 0.100646 2.451941 4.818109 0.470108 -0.811265 -9.989875 4.300177 -14.944237 -4.975592 0.579969 -3.629560 -0.086923 1.477361 -19.161986 8.519552 0.793136 -0.155085 -7.989916 -0.564775 -6.440711 -0.474128 -0.265253 -1.581591 -2.847814 -5.343711 -31.875762 -0.000062 -0.000322 -32.027672 -1.950543 1.995090 49.668237 -0.000121 -0.000122 -41.900157 -0.000019 -0.000034 -2.721290 0.000018 -0.000024 0.159844 -0.000212 -0.000146 -65.211156 -23.900792 -11.935528 -2.554910 34.949221 16.671925 -5.206573 -0.000117 -0.000128 -43.805336 0.000033 0.000035 -0.000050 4.603977 3.998014 4.747874 -10.317898 -3.912672 -2.182140 0.000035 -0.000066 0.000020 0.024227 -0.030005 11.786589 0.000041 -0.000010 -0.000002 0.023223 -0.032327 11.715991 1.432475 -4.230841 27.714623 0.050272 0.015097 11.755980 0.784543 4.186244 20.776348 0.050134 0.014753 11.743110 -0.000114 -0.000052 -13.465925 -0.004521 -0.052602 11.750659 0.000062 -0.000011 11.750660 
0.000000 0.000000 0.000000 0.000008 0.000000 -0.000000 -0.000000 0.000000 -0.000000 1.383585 0.144479 44.941579 0.000001 0.000002 -0.000006 -5.688597 3.808485 37.895901 -0.352385 5.942963 4.479759 -0.440625 7.583333 0.105499 2.922258 8.473923 -21.915647 8.696648 6.634739 -61.894846 0.388665 -4.163638 12.894674 -1.521650 14.086147 -20.450444 3.926504 -0.477357 -20.130524 -6.004985 -2.121739 32.618661 6.098512 -9.268669 -49.046929 -0.149088 0.000028 -0.112779 0.000004 -0.000024 -0.000019 0.023366 4.913144 -9.395939 -4.074303 0.523552 -20.913322 2.830731 0.521766 14.609435 1.799126 -0.568402 -42.287532 -0.010634 -0.049637 -0.040448 0.008451 -0.000131 0.038663 -1.879761 6.232712 -6.958918 1.743540 -0.626478 -29.406782 0.163011 -0.175386 0.016909 -0.038831 0.724246 1.856350 0.000078 -0.000112 -0.000050 -0.000028 -0.055878 0.027950 3.697552 0.523973 -1.165290 -0.602735 -0.145480 0.237530 -3.234847 -0.706999 1.192658 2.706824 -0.026041 19.698984 11.671159 4.426290 24.337620 -22.869191 2.475030 -16.968478 1.766559 -2.351459 77.523767 7.408983 -9.322325 -94.248851 3.399977 -5.551725 -82.468790 0.320034 -1.907059 -2.589216 -0.802228 0.160618 -0.479866 -0.804180 0.123498 -0.482656 -2.566878 2.018085 -26.172395 9.242858 -0.405912 28.193107 -0.098281 -0.600620 -14.880088 -9.620521 -2.447403 -60.955368 -5.362555 2.840514 -42.100084 0.167734 0.440240 -0.156301 0.028269 0.072122 2.451896 -0.000916 0.100646 2.451933 4.818064 0.470111 -0.811238 -9.724056 4.327195 -14.957332 -6.408927 1.316517 -6.582455 -0.033608 1.542400 -18.396901 8.519733 0.793281 -0.155096 -7.797462 -0.537442 -6.746253 -1.821105 -1.007000 -5.288534 -3.425296 -6.131605 -32.718542 -0.000062 -0.000322 -32.027672 -2.302972 2.318843 50.319127 -0.000121 -0.000122 -42.011783 -0.000019 -0.000034 -2.721284 0.000018 -0.000024 0.159844 -0.000213 -0.000146 -65.388877 -23.900794 -11.935527 -2.554912 34.949221 16.671930 -5.206574 -0.000117 -0.000129 -43.912919 0.000033 0.000035 -0.000048 4.603650 3.998722 4.753664 -10.793010 -2.604312 -5.053870 0.000028 -0.000068 0.000018 0.024243 -0.029998 11.786618 0.000025 -0.000007 -0.000013 0.023238 -0.032328 11.715968 1.501846 -4.324749 28.376333 0.050288 0.015124 11.755981 0.777434 4.306680 21.350987 0.050148 0.014776 11.743103 -0.000121 -0.000059 -14.437960 -0.004503 -0.052623 11.750663 0.000062 -0.000011 11.750663 
0.000000 0.000000 0.000000 0.000008 0.000000 -0.000000 -0.000000 0.000000 -0.000000 1.401882 0.488417 44.961629 0.000001 0.000002 -0.000007 -6.815097 0.388976 38.486620 -0.471285 6.213675 5.583666 -0.883353 6.295405 3.827471 2.462074 10.647366 -15.946757 9.857623 8.811946 -55.994181 0.396177 -4.301772 12.706123 -1.357447 14.097646 -22.242755 2.985688 -0.233434 -15.211712 -5.241343 -1.617514 28.008722 6.010133 -9.332164 -47.422434 -0.131431 0.000019 -0.109908 0.000004 -0.000026 -0.000019 -0.660766 4.252518 -10.571900 -3.139773 0.267461 -16.010074 1.674471 0.217964 8.558449 2.122331 0.117284 -39.811533 -0.007437 -0.058414 -0.039760 0.008451 -0.000129 0.038663 -2.007561 6.453617 -6.671941 1.613240 -0.929309 -29.569665 0.163011 -0.175386 0.016910 -0.033183 0.667243 2.288971 0.000078 -0.000113 -0.000055 -0.000028 -0.055878 0.027953 3.697534 0.523959 -1.165277 -0.602733 -0.145475 0.237532 -3.234845 -0.707001 1.192654 2.991297 0.050357 19.091084 9.829443 4.681768 23.249467 -21.661340 1.028571 -14.522323 1.679994 -2.327604 75.332526 7.954245 -9.473540 -93.185323 3.491923 -4.848510 -75.404093 0.329609 -1.973256 -2.678485 -0.802256 0.160618 -0.479866 -0.804180 0.123496 -0.482655 -2.805260 2.422329 -28.165979 9.523878 -1.151071 28.598530 -0.069359 -0.495656 -12.225270 -9.443281 -0.964236 -65.131373 -3.603092 0.870260 -36.809757 0.173215 0.454298 -0.161313 0.028270 0.072122 2.451893 -0.000916 0.100647 2.451936 4.817955 0.470097 -0.811206 -9.079294 4.462915 -15.191427 -7.733657 2.215089 -10.037861 0.027394 1.627874 -17.793865 8.519706 0.793260 -0.155117 -7.300483 -0.354637 -11.185802 -3.186093 -1.648896 -8.940328 -3.978102 -7.003702 -33.163943 -0.000062 -0.000322 -32.027672 -2.690453 2.677391 50.638415 -0.000121 -0.000122 -41.996620 -0.000019 -0.000033 -2.721288 0.000018 -0.000023 0.159844 -0.000213 -0.000146 -65.364794 -23.900794 -11.935528 -2.554909 34.949224 16.671928 -5.206574 -0.000117 -0.000129 -43.898684 0.000033 0.000035 -0.000044 4.603334 3.999398 4.759321 -9.084818 -0.608539 -8.070102 0.000023 -0.000059 0.000025 0.024257 -0.029995 11.786638 0.000006 0.000002 -0.000049 0.023252 -0.032319 11.715949 1.568720 -4.410799 28.981917 0.050297 0.015145 11.755984 0.767992 4.420084 21.890000 0.050161 0.014799 11.743097 -0.000127 -0.000066 -15.377823 -0.004486 -0.052644 11.750657 0.000062 -0.000010 11.750662 
0.000000 0.000000 0.000000 0.000008 0.000000 -0.000000 -0.000000 0.000000 -0.000000 1.413069 0.676535 44.940821 0.000001 0.000002 -0.000005 -7.696644 -2.888343 38.751792 -0.600474 6.551170 6.574582 -1.145014 5.112678 7.231397 1.506528 11.773417 -10.315585 10.569830 11.203698 -50.199466 0.395045 -4.371998 12.448641 -1.401518 14.042949 -22.608558 2.438592 -0.130396 -12.393219 -4.587173 -1.251204 24.227545 5.959475 -9.239448 -45.793488 -0.113613 0.000007 -0.107002 0.000004 -0.000023 -0.000019 -1.064905 3.802453 -11.037804 -2.468146 0.135204 -12.544601 0.766879 0.068251 3.900039 2.354194 0.581000 -37.914691 -0.002264 -0.008732 -0.005706 0.008451 -0.000129 0.038663 -2.120010 6.571125 -6.330511 1.480741 -1.234778 -29.734890 0.163011 -0.175386 0.016910 -0.027733 0.616179 2.677825 0.000078 -0.000112 -0.000057 -0.000028 -0.055878 0.027953 3.697437 0.523950 -1.165256 -0.602734 -0.145478 0.237528 -3.234853 -0.707000 1.192653 3.265133 0.122449 18.382665 7.318404 4.927959 21.382998 -19.762743 -0.951983 -11.344353 1.546990 -2.283849 71.915403 8.737227 -9.394833 -91.791957 3.521217 -3.864462 -66.733093 0.339072 -2.040124 -2.768669 -0.802309 0.160618 -0.479868 -0.804180 0.123496 -0.482654 -3.071416 2.599765 -28.708036 9.704824 -1.799739 27.827859 -0.041878 -0.372036 -9.137346 -9.150223 0.462766 -69.911685 -2.279641 -0.758197 -34.294913 0.178481 0.468587 -0.166347 0.028269 0.072122 2.451893 -0.000916 0.100646 2.451941 4.818182 0.470106 -0.811275 -8.164388 4.616086 -15.420813 -9.015034 3.201911 -13.508076 0.073960 1.705907 -17.276234 8.519695 0.793248 -0.155118 -6.391377 -0.180244 -13.996202 -5.077301 -2.421429 -12.906375 -4.454846 -7.861116 -33.312571 -0.000062 -0.000322 -32.027669 -3.080387 3.044459 50.667381 -0.000121 -0.000122 -41.894188 -0.000019 -0.000034 -2.721288 0.000018 -0.000023 0.159844 -0.000212 -0.000146 -65.200965 -23.900794 -11.935530 -2.554912 34.949221 16.671932 -5.206601 -0.000117 -0.000129 -43.799080 0.000033 0.000035 -0.000043 4.603021 4.000094 4.765040 -8.774306 -0.028502 -9.213584 0.000017 -0.000058 0.000025 0.024290 -0.029992 11.786682 -0.000047 0.000001 -0.000078 0.023283 -0.032313 11.715897 1.634731 -4.491374 29.546913 0.050321 0.015194 11.755990 0.756048 4.529438 22.407798 0.050185 0.014847 11.743089 -0.000134 -0.000072 -16.302408 -0.004450 -0.052685 11.750665 0.000062 -0.000011 11.750668 
0.000000 0.000000 0.000000 0.000008 0.000000 -0.000000 -0.000000 0.000000 -0.000000 1.419872 0.717610 44.867936 0.000001 0.000002 -0.000008 -8.582554 -6.121717 38.882170 -0.765223 7.023883 7.599689 -1.298579 4.290875 10.176169 0.350198 11.237242 -5.065082 11.040737 13.503310 -45.355379 0.383281 -4.356234 12.107572 -1.635959 13.896968 -21.710181 2.235594 -0.099199 -11.353280 -4.045253 -0.988770 21.188307 5.933104 -8.992937 -44.221732 -0.095242 0.000002 -0.103678 0.000004 -0.000024 -0.000019 -1.219803 4.061161 -12.035061 -1.872912 0.052759 -9.501403 0.413835 0.030293 2.101741 2.280212 0.250418 -37.822572 0.002885 0.040756 0.028204 0.008451 -0.000129 0.038663 -2.210732 6.557371 -5.923943 1.493431 -1.139438 -29.627431 0.163007 -0.175386 0.016909 -0.022921 0.573283 3.003107 0.000078 -0.000113 -0.000053 -0.000015 -0.069866 0.027949 3.697596 0.523963 -1.165318 -0.602733 -0.145481 0.237528 -3.234851 -0.707001 1.192655 3.464534 0.190683 17.711135 4.436211 5.067839 18.805597 -17.270675 -3.113881 -7.579634 1.379555 -2.215783 67.503982 9.699938 -9.128939 -89.748426 3.392345 -2.713459 -57.065865 0.348475 -2.107592 -2.859791 -0.802417 0.160618 -0.479876 -0.804180 0.123497 -0.482654 -3.387817 2.445472 -27.249830 9.713860 -2.497310 24.900495 -0.013063 -0.182712 -4.467194 -8.586034 2.023252 -77.013818 -1.697737 -2.411281 -36.428517 0.183976 0.482862 -0.171490 0.028269 0.072122 2.451901 -0.000916 0.100646 2.451932 4.818179 0.470119 -0.811253 -6.446188 3.450459 -11.724922 -9.530846 4.044679 -16.305075 0.081486 1.744610 -16.786266 8.519677 0.793242 -0.155079 -4.804189 -0.114697 -11.227762 -8.292657 -3.570933 -17.806213 -4.787668 -8.570093 -33.242934 -0.000062 -0.000322 -32.027672 -3.422259 3.380576 50.428974 -0.000120 -0.000122 -41.736796 -0.000019 -0.000034 -2.721290 0.000018 -0.000023 0.159842 -0.000211 -0.000146 -64.958610 -23.900794 -11.935530 -2.554910 34.949241 16.671923 -5.206620 -0.000116 -0.000128 -43.651872 0.000033 0.000035 -0.000043 4.604246 3.999759 4.775032 -7.275136 -0.146620 -7.788242 -0.000007 -0.000065 0.000051 0.024360 -0.029975 11.786760 0.000038 -0.000046 -0.000004 0.023342 -0.032295 11.715808 1.699495 -4.566083 30.067261 0.050372 0.015288 11.756005 0.741638 4.634277 22.901877 0.050234 0.014940 11.743069 -0.000141 -0.000078 -17.198968 -0.004382 -0.052768 11.750660 0.000062 -0.000010 11.750663 
0.000000 0.000000 0.000000 0.000008 0.000000 -0.000000 -0.000000 0.000000 -0.000000 1.426294 0.684700 44.710985 0.000001 0.000002 -0.000005 -9.178526 -8.918865 38.779229 -0.941882 7.549170 8.484735 -1.374345 3.619927 12.730751 -0.561197 9.592604 -0.430951 11.128119 15.778792 -40.717947 0.360424 -4.242211 11.683239 -1.939476 13.612524 -20.378819 2.117658 -0.082800 -10.750325 -3.545272 -0.777043 18.445730 5.899616 -8.661587 -42.784739 -0.041901 -0.000005 -0.064618 0.000004 -0.000025 -0.000019 -1.342958 4.846858 -14.020112 -1.148069 -0.004572 -5.818045 0.464465 0.035047 2.359288 1.906092 -0.693576 -39.269742 0.001430 0.020450 0.014073 0.008451 -0.000129 0.038663 -2.271443 6.393226 -5.457196 1.505647 -1.045925 -29.522052 0.163004 -0.175387 0.016905 -0.019300 0.541508 3.239920 0.000078 -0.000112 -0.000056 -0.000014 -0.083882 0.027949 3.697578 0.523969 -1.165297 -0.602733 -0.145477 0.237524 -3.234850 -0.707001 1.192658 3.525813 0.255975 17.227059 1.582562 5.051720 15.679447 -14.456847 -5.046141 -3.523321 1.196841 -2.123384 62.506319 10.743932 -8.724100 -86.839975 3.072452 -1.569713 -47.323061 0.357540 -2.173829 -2.949098 -0.802201 0.160618 -0.479860 -0.804180 0.123496 -0.482657 -3.653655 2.007506 -24.345402 9.495451 -3.269020 20.121372 0.001139 0.094754 2.310063 -7.619204 3.671694 -86.553667 -1.843722 -4.191381 -42.496098 0.189403 0.496951 -0.176472 0.028269 0.072122 2.451903 -0.000916 0.100645 2.451939 4.818158 0.470128 -0.811251 -4.016845 1.538358 -5.581223 -9.996555 4.894415 -19.043449 0.028382 1.713885 -16.280188 8.519643 0.793199 -0.155066 -2.848903 -0.059870 -6.874681 -11.533422 -4.428487 -22.671812 -4.914570 -8.985765 -33.045340 -0.000062 -0.000321 -32.027672 -3.657249 3.637512 49.968165 -0.000120 -0.000122 -41.582441 -0.000019 -0.000034 -2.721289 0.000018 -0.000023 0.159840 -0.000210 -0.000146 -64.708051 -23.900792 -11.935530 -2.554910 34.949224 16.671930 -5.206572 -0.000116 -0.000128 -43.497404 0.000033 0.000035 -0.000050 4.762690 3.896525 5.206919 -2.937982 0.646815 -5.782358 -0.000037 -0.000058 0.000078 0.024222 -0.030006 11.786594 0.000034 -0.000044 -0.000004 0.023224 -0.032323 11.715983 1.760880 -4.632751 30.526755 0.050274 0.015097 11.755982 0.731475 4.729887 23.351691 0.050133 0.014753 11.743114 -0.000147 -0.000084 -18.031076 -0.004521 -0.052601 11.750661 0.000062 -0.000010 11.750659 
0.000000 0.000000 0.000000 0.000008 0.000000 -0.000000 -0.000000 0.000000 -0.000000 1.431420 0.594625 44.486043 0.000001 0.000002 -0.000005 -9.786658 -11.733903 38.574921 -1.062148 7.785165 9.210510 -1.508742 3.373788 15.084898 -1.151169 7.756125 3.896211 10.289834 17.202596 -35.988789 0.324805 -4.000007 11.134072 -2.304039 13.141438 -18.695730 2.058274 -0.075022 -10.447045 -3.092213 -0.608918 16.003355 5.843331 -8.254577 -41.530573 0.011980 -0.000004 -0.025254 0.000004 -0.000025 -0.000019 -1.477747 5.284759 -15.310016 -0.531761 -0.016615 -2.695158 0.488889 0.037417 2.483531 1.576708 -1.348706 -40.482200 -0.000064 -0.000061 -0.000155 0.008451 -0.000129 0.038663 -2.300072 6.035284 -4.865422 1.517871 -0.951458 -29.415678 0.162998 -0.175373 0.016906 -0.016830 0.519918 3.410837 0.000078 -0.000113 -0.000054 0.000006 -0.125903 0.027950 3.697561 0.523972 -1.165298 -0.602738 -0.145483 0.237529 -3.234846 -0.706997 1.192659 3.388656 0.323588 17.052491 -1.006664 4.861069 11.968622 -11.473097 -6.547639 0.635481 1.006825 -2.004369 57.033439 11.827848 -8.197016 -82.677999 2.588542 -0.552083 -37.842475 0.366868 -2.240721 -3.039309 -0.802229 0.160619 -0.479860 -0.804180 0.123498 -0.482655 -3.677297 1.376459 -20.894507 9.024526 -3.926271 14.549392 -0.023800 0.417921 10.218503 -6.375865 5.123980 -96.664683 -2.606392 -5.752667 -50.400133 0.194885 0.511097 -0.181546 0.028269 0.072122 2.451901 -0.000916 0.100645 2.451940 4.818148 0.470124 -0.811254 -2.307472 1.239178 -4.335384 -10.122183 5.246740 -20.149681 -0.109333 1.581199 -15.684455 8.519710 0.793306 -0.155082 -1.183143 0.086973 -6.492029 -13.179690 -4.889497 -24.935371 -4.791388 -8.980209 -32.859511 -0.000062 -0.000322 -32.027672 -3.741767 3.772947 49.383968 -0.000119 -0.000121 -41.468811 -0.000019 -0.000034 -2.721293 0.000018 -0.000024 0.159842 -0.000209 -0.000146 -64.529947 -23.900794 -11.935524 -2.554910 34.949221 16.671927 -5.206574 -0.000115 -0.000128 -43.387762 0.000033 0.000035 -0.000050 4.923500 3.793488 5.643323 -0.455055 1.307187 -4.754256 -0.000106 -0.000057 0.000131 0.024238 -0.030005 11.786613 0.000039 -0.000008 0.000001 0.023238 -0.032326 11.715964 1.820371 -4.693178 30.936553 0.050286 0.015122 11.755980 0.718421 4.822327 23.783538 0.050146 0.014776 11.743107 -0.000152 -0.000089 -18.811856 -0.004503 -0.052623 11.750659 0.000062 -0.000010 11.750663 
0.000000 0.000000 0.000000 0.000008 0.000000 -0.000000 -0.000000 0.000000 -0.000000 1.434064 0.464089 44.212583 0.000001 0.000002 -0.000006 -9.992288 -13.856466 38.357994 -1.076239 7.579478 9.719450 -1.861237 3.817169 17.303031 -1.405246 5.712073 7.936723 8.482644 17.114518 -31.143176 0.279368 -3.627857 10.454027 -2.700912 12.469882 -16.830672 2.043363 -0.073122 -10.370916 -2.722541 -0.487683 14.036220 5.758092 -7.792443 -40.567222 0.066359 0.000005 0.014518 0.000004 -0.000026 -0.000019 -1.589246 5.164703 -15.389215 -0.141365 -0.006861 -0.716913 0.401661 0.029175 2.039782 1.419557 -1.542217 -40.995868 0.005287 -0.000622 0.016819 0.008451 -0.000131 0.038663 -2.296332 5.482830 -4.125570 1.528746 -0.854404 -29.307546 0.162985 -0.175373 0.016911 -0.015251 0.506462 3.543068 0.000078 -0.000112 -0.000056 0.000034 -0.195927 0.027953 3.697538 0.523972 -1.165283 -0.602738 -0.145478 0.237523 -3.234849 -0.706999 1.192660 3.090210 0.404280 17.213281 -3.104496 4.523950 7.832529 -8.658183 -7.444791 4.537926 0.822127 -1.861899 51.339711 12.870696 -7.567640 -76.914193 2.027496 0.215458 -29.278221 0.375776 -2.305370 -3.126485 -0.802256 0.160617 -0.479862 -0.804180 0.123497 -0.482655 -3.384353 0.674619 -17.768821 8.381638 -4.254545 9.408218 -0.092398 0.732616 18.077557 -5.201137 6.189593 -105.110696 -3.654996 -6.729116 -57.811192 0.200316 0.525503 -0.186662 0.028270 0.072122 2.451899 -0.000916 0.100646 2.451937 4.818107 0.470106 -0.811265 -0.578570 0.942229 -3.095616 -8.703734 4.485156 -17.352581 -0.309888 1.371423 -14.937468 8.519713 0.793287 -0.155085 0.212648 0.132563 -3.701048 -11.215584 -4.473492 -23.235790 -4.513346 -8.647368 -32.756498 -0.000062 -0.000322 -32.027672 -3.701356 3.809724 48.710577 -0.000119 -0.000121 -41.419794 -0.000019 -0.000034 -2.721290 0.000018 -0.000023 0.159844 -0.000209 -0.000146 -64.452493 -23.900794 -11.935530 -2.554909 34.949224 16.671930 -5.206571 -0.000115 -0.000128 -43.339480 0.000033 0.000035 -0.000048 6.155403 3.139249 8.699851 -0.754304 1.300789 -5.135348 0.000037 -0.000067 0.000024 0.024257 -0.029997 11.786639 0.000024 -0.000045 -0.000013 0.023254 -0.032324 11.715939 1.877588 -4.746977 31.292501 0.050298 0.015146 11.755983 0.685180 4.909841 24.184844 0.050161 0.014800 11.743092 -0.000158 -0.000094 -19.527431 -0.004486 -0.052643 11.750663 0.000063 -0.000010 11.750661 
0.000000 0.000000 0.000000 0.000008 0.000000 -0.000000 -0.000000 0.000000 -0.000000 1.433222 0.315329 43.920118 0.000001 0.000002 -0.000006 -10.203301 -15.929205 38.096480 -1.010858 7.093828 10.051534 -2.380747 4.642972 19.269094 -1.332061 3.613372 11.582900 6.364663 15.832739 -26.443211 0.231290 -3.166158 9.693051 -3.109118 11.513871 -18.069477 2.544427 -0.148159 -12.936535 -3.662131 -0.824007 19.081959 6.188882 -7.276329 -40.925168 0.119678 0.000021 0.053447 0.000004 -0.000026 -0.000019 -1.656352 4.929942 -15.059821 0.138439 0.008440 0.702526 0.367931 0.026177 1.868312 1.282212 -1.697919 -41.556356 0.013434 -0.017921 0.066864 0.008451 -0.000129 0.038663 -2.260909 4.797130 -3.300087 1.413419 -0.596643 -29.127202 0.162959 -0.175374 0.016901 -0.014478 0.500037 3.635680 0.000078 -0.000112 -0.000058 0.000123 -0.349963 0.027951 3.697480 0.523960 -1.165261 -0.602740 -0.145478 0.237529 -3.234849 -0.707001 1.192659 2.730924 0.498961 17.586115 -4.508958 4.088938 3.694452 -6.472934 -7.708030 7.789548 0.658199 -1.707744 45.847529 13.760465 -6.881915 -69.464684 1.539974 0.643300 -22.491441 0.384353 -2.368814 -3.212025 -0.802310 0.160617 -0.479869 -0.804180 0.123498 -0.482652 -2.801765 0.056317 -15.757330 7.802767 -4.134290 6.055964 -0.180303 0.981562 24.518607 -4.558677 6.845563 -109.542977 -4.451210 -6.935549 -62.215886 0.205608 0.539583 -0.191685 0.028271 0.072122 2.451899 -0.000916 0.100645 2.451938 4.818041 0.470094 -0.811263 1.987230 -0.661451 2.512098 -5.585060 2.834462 -11.621470 -0.526149 1.139980 -14.074074 8.519701 0.793292 -0.155074 1.452176 0.020746 4.248218 -7.080074 -3.530588 -19.291009 -4.211071 -8.205446 -32.669126 -0.000062 -0.000322 -32.027669 -3.604372 3.809681 47.913900 -0.000119 -0.000121 -41.399634 -0.000019 -0.000033 -2.721290 0.000018 -0.000023 0.159844 -0.000209 -0.000146 -64.421149 -23.900792 -11.935526 -2.554914 34.949221 16.671928 -5.206574 -0.000115 -0.000128 -43.320147 0.000033 0.000035 -0.000046 7.457649 2.659979 11.711800 -1.260428 1.404664 -6.122386 0.000030 -0.000060 0.000019 0.024293 -0.029987 11.786679 0.000012 -0.000012 -0.000032 0.023279 -0.032316 11.715898 1.930669 -4.792598 31.583331 0.050322 0.015193 11.755993 0.662398 4.987959 24.542270 0.050184 0.014850 11.743086 -0.000163 -0.000099 -20.147753 -0.004451 -0.052685 11.750663 0.000062 -0.000011 11.750660 
0.000000 0.000000 0.000000 0.000008 0.000000 -0.000000 -0.000000 0.000000 -0.000000 1.428138 0.161809 43.620668 0.000001 0.000002 -0.000003 -10.004181 -17.139497 37.707347 -0.887908 6.392112 10.321915 -2.893776 5.381780 20.953555 -1.266838 2.460003 15.111985 4.316215 13.790106 -21.785353 0.183943 -2.628008 8.855722 -3.340732 10.173577 -23.500369 2.912151 -0.217958 -14.831348 -5.401892 -1.716318 28.958667 7.158805 -6.782596 -42.710498 0.367310 0.000251 0.088833 0.000004 -0.000025 -0.000019 -1.682951 4.602547 -14.378807 0.318506 0.021972 1.617096 0.388708 0.028009 1.973919 1.127052 -1.845681 -42.172662 0.021677 -0.035384 0.117355 0.008451 -0.000129 0.038663 -2.194119 3.998787 -2.402093 1.296149 -0.336684 -28.944539 0.162908 -0.175361 0.016910 -0.014356 0.499177 3.693210 0.000078 -0.000112 -0.000058 -0.000035 -0.041863 0.027954 3.697614 0.523972 -1.165310 -0.602734 -0.145481 0.237532 -3.234846 -0.707003 1.192661 2.310589 0.602356 18.124262 -4.815271 3.276262 -1.724046 -5.223726 -7.302752 10.473220 0.453430 -1.464854 38.091555 14.539480 -5.798259 -52.171314 1.196708 0.616708 -17.491013 0.392803 -2.432886 -3.298373 -0.802420 0.160618 -0.479866 -0.804180 0.123497 -0.482654 -1.953297 -0.534456 -14.500493 7.291798 -3.613229 4.093754 -0.284174 1.198329 30.382935 -4.436167 7.323144 -111.038877 -5.002201 -6.565755 -64.331714 0.211190 0.553736 -0.196789 0.028270 0.072121 2.451900 -0.000915 0.100647 2.451938 4.817946 0.470085 -0.811245 3.557726 -1.174049 4.508966 -2.287567 1.494810 -5.756670 -0.760776 0.880890 -13.111517 8.519680 0.793284 -0.155071 1.962681 -0.003654 6.882855 -3.022292 -2.444016 -14.447372 -3.855037 -7.662702 -32.567346 -0.000061 -0.000321 -32.027672 -3.463944 3.780747 46.990943 -0.000119 -0.000121 -41.398323 -0.000019 -0.000034 -2.721284 0.000018 -0.000023 0.159844 -0.000209 -0.000146 -64.418608 -23.900794 -11.935527 -2.554912 34.949221 16.671927 -5.206574 -0.000115 -0.000128 -43.322357 0.000033 0.000035 -0.000048 9.354343 2.278418 15.788679 -1.769693 1.518383 -7.118264 0.000028 -0.000065 0.000025 0.024358 -0.029970 11.786767 -0.000022 -0.000020 -0.000055 0.023341 -0.032304 11.715806 1.980872 -4.831240 31.815175 0.050372 0.015287 11.756009 0.637418 5.059827 24.867001 0.050234 0.014940 11.743063 -0.000167 -0.000102 -20.679567 -0.004381 -0.052770 11.750663 0.000062 -0.000011 11.750665 
0.000000 0.000000 0.000000 0.000008 0.000000 -0.000000 -0.000000 0.000000 -0.000000 1.418192 0.021801 43.335501 0.000001 0.000002 -0.000006 -9.812698 -18.352146 37.299707 -0.706599 5.508190 10.428787 -3.320591 5.989082 22.123577 -1.604406 2.780683 18.677675 2.372355 10.587202 -17.158576 0.141464 -2.039045 7.967704 -3.478045 8.693481 -30.243678 2.789438 -0.193263 -14.197754 -6.790720 -2.741104 37.652125 8.269959 -6.483678 -44.502777 0.616613 0.000707 0.124880 0.000004 -0.000024 -0.000019 -1.671816 4.210637 -13.412185 0.401763 0.029205 2.040415 0.465932 0.035183 2.366716 0.955338 -1.995338 -42.844383 0.030032 -0.053013 0.168379 0.008451 -0.000130 0.038663 -2.098103 3.126813 -1.468076 1.176859 -0.074558 -28.759567 0.162805 -0.175364 0.016902 -0.014759 0.502693 3.716463 0.000078 -0.000112 -0.000058 -0.000035 -0.041863 0.027949 3.697597 0.523965 -1.165318 -0.602732 -0.145476 0.237528 -3.234846 -0.707000 1.192655 1.838510 0.706944 18.772763 -4.207731 2.043615 -8.637265 -4.877484 -6.433675 12.510723 0.235358 -1.103263 27.778198 14.705554 -4.077296 -25.323435 1.093796 0.175671 -14.573730 0.401138 -2.497555 -3.385505 -0.802201 0.160617 -0.479847 -0.804181 0.123497 -0.482657 -0.941198 -1.206541 -13.200182 6.811404 -2.873248 2.385547 -0.424983 1.425443 36.903953 -4.519699 7.790649 -111.969504 -5.583978 -5.869790 -66.247856 0.216718 0.568030 -0.201905 0.028269 0.072122 2.451902 -0.000916 0.100647 2.451938 4.818181 0.470118 -0.811255 4.381556 -1.347211 5.237171 0.996845 0.170557 -0.627957 -1.010558 0.594603 -12.091266 8.519674 0.793257 -0.155083 1.994674 -0.037989 8.331955 0.773586 -1.175864 -8.379340 -3.424902 -7.039470 -32.423775 -0.000061 -0.000321 -32.027672 -3.295614 3.730525 45.957942 -0.000119 -0.000121 -41.402510 -0.000019 -0.000033 -2.721286 0.000018 -0.000023 0.159845 -0.000209 -0.000146 -64.425117 -23.900794 -11.935528 -2.554912 34.949221 16.671928 -5.206573 -0.000115 -0.000128 -43.324573 0.000033 0.000035 -0.000050 11.377869 2.229565 19.909826 -3.746525 1.099075 -7.981723 0.000024 -0.000058 0.000025 0.024224 -0.030004 11.786603 -0.000072 0.000044 -0.000091 0.023222 -0.032330 11.715983 2.023623 -4.861143 31.966023 0.050272 0.015098 11.755975 0.610245 5.124960 25.156314 0.050133 0.014752 11.743106 -0.000170 -0.000105 -21.108080 -0.004520 -0.052602 11.750658 0.000062 -0.000010 11.750658 
0.000000 0.000000 0.000000 0.000008 0.000000 -0.000000 -0.000000 0.000000 -0.000000 1.403632 -0.083683 43.092654 0.000001 0.000002 -0.000004 -9.367349 -18.736515 36.515646 -0.477103 4.433615 10.473888 -3.685931 6.513876 22.969544 -2.348952 3.932309 22.042933 0.905568 6.709389 -12.801637 0.107914 -1.444029 7.082135 -3.775149 7.520762 -32.757720 2.786260 -0.192637 -14.181302 -7.358152 -3.264509 41.530562 8.808518 -6.160695 -44.964344 0.790358 0.001162 0.174449 0.000004 -0.000025 -0.000019 -1.630049 3.796638 -12.275115 0.396823 0.028759 2.015287 0.594768 0.048342 3.022602 0.765030 -2.154860 -43.547787 0.038226 -0.070291 0.218395 0.008451 -0.000130 0.038663 -1.981075 2.248079 -0.562139 1.059057 0.182103 -28.577640 0.163011 -0.175386 0.016908 -0.015511 0.509117 3.707538 0.000078 -0.000112 -0.000053 -0.000035 -0.041863 0.027951 3.697598 0.523963 -1.165315 -0.602734 -0.145477 0.237532 -3.234846 -0.707000 1.192658 1.340476 0.802849 19.453316 -3.361923 0.794207 -15.162777 -5.043040 -5.573519 13.477792 0.097439 -0.749484 18.508165 14.059819 -2.411044 -1.787636 1.313617 -0.453310 -14.389334 0.409430 -2.561038 -3.471009 -0.802227 0.160617 -0.479849 -0.804180 0.123496 -0.482653 0.160271 -1.917383 -11.918971 6.398280 -1.983895 0.980613 -0.594803 1.639713 43.576781 -4.766364 8.226646 -112.298118 -6.130059 -4.953543 -67.840635 0.222020 0.582145 -0.206902 0.028297 0.072121 2.451899 -0.000915 0.100647 2.451938 4.818173 0.470119 -0.811253 5.503483 -2.274572 8.708057 4.320129 -0.838021 4.466764 -1.264642 0.291615 -11.086145 8.519622 0.793241 -0.155049 2.130678 -0.161479 13.953965 4.294377 0.203163 -1.580686 -2.921192 -6.378636 -32.219556 -0.000062 -0.000322 -32.027676 -3.119560 3.670045 44.865945 -0.000119 -0.000121 -41.406601 -0.000019 -0.000034 -2.721288 0.000018 -0.000024 0.159844 -0.000209 -0.000146 -64.431504 -23.900794 -11.935528 -2.554912 34.949245 16.671921 -5.206593 -0.000115 -0.000128 -43.326759 0.000032 0.000035 -0.000055 13.580877 2.558381 24.225284 -6.911988 0.263838 -8.532315 0.000009 -0.000063 0.000035 0.024240 -0.030005 11.786616 0.000047 -0.000029 0.000004 0.023237 -0.032326 11.715967 1.643387 -4.742161 30.291421 0.050286 0.015123 11.755982 0.581775 5.181370 25.401386 0.050146 0.014775 11.743100 -0.000173 -0.000107 -21.412510 -0.004503 -0.052623 11.750662 0.000062 -0.000010 11.750662 
0.000000 0.000000 0.000000 0.000008 0.000000 -0.000000 -0.000000 0.000000 -0.000000 1.384010 -0.139939 42.905691 0.000001 0.000002 -0.000003 -8.922176 -19.130416 35.725284 -0.197471 3.098838 10.866102 -3.931988 6.652561 24.067003 -3.351244 5.344306 25.016888 0.168479 3.818092 -8.594053 0.083446 -0.852486 6.199285 -4.247973 6.642732 -29.997221 3.245337 -0.292178 -16.558945 -7.358243 -3.264600 41.531204 8.601172 -5.586345 -44.369305 0.965847 0.001736 0.224349 0.000004 -0.000025 -0.000019 -1.564834 3.377583 -11.021583 0.314105 0.021605 1.594781 0.776823 0.069492 3.950830 0.542334 -2.341035 -44.301075 0.043998 -0.094267 0.266489 0.008451 -0.000129 0.038663 -1.847535 1.376814 0.305153 0.939288 0.440911 -28.393397 0.163011 -0.175386 0.016906 -0.016479 0.517312 3.667919 0.000078 -0.000112 -0.000055 -0.000035 -0.041863 0.027953 3.697587 0.523974 -1.165271 -0.602735 -0.145478 0.237525 -3.234850 -0.706999 1.192661 0.813093 0.887500 20.127867 -2.767782 -0.114941 -19.818745 -5.192761 -4.915786 13.009497 0.045811 -0.543518 13.328779 13.411034 -1.108745 7.023551 1.901137 -1.120281 -17.555758 0.417695 -2.625151 -3.557277 -0.802254 0.160618 -0.479849 -0.804182 0.123498 -0.482655 1.342792 -2.663186 -10.644434 6.057384 -0.969368 -0.157852 -0.789686 1.833941 50.292749 -5.147891 8.629612 -112.008662 -6.647359 -3.865826 -69.115374 0.224592 0.588820 -0.209306 0.028324 0.072122 2.451903 -0.000917 0.100648 2.451932 4.818151 0.470123 -0.811250 5.763738 -2.451706 9.399991 5.861887 -1.305064 6.705635 -1.528025 -0.034870 -10.109035 8.519541 0.793159 -0.155044 2.162966 -0.188438 15.264568 5.837153 1.198812 3.890824 -2.319202 -5.683888 -31.925004 -0.000062 -0.000322 -32.027669 -2.944307 3.606474 43.698212 -0.000119 -0.000121 -41.391356 -0.000019 -0.000033 -2.721291 0.000018 -0.000023 0.159842 -0.000209 -0.000146 -64.407680 -23.900790 -11.935531 -2.554907 34.949241 16.671925 -5.206618 -0.000116 -0.000128 -43.311896 0.000033 0.000035 -0.000050 15.830570 3.296403 28.537340 -7.932054 0.122754 -8.970664 -0.000008 -0.000066 0.000054 0.024257 -0.030001 11.786637 0.000039 -0.000044 -0.000003 0.023253 -0.032319 11.715939 0.795352 -4.300133 25.709720 0.050297 0.015146 11.755988 0.551227 5.230460 25.607814 0.050160 0.014800 11.743092 -0.000174 -0.000108 -21.590307 -0.004486 -0.052644 11.750663 0.000063 -0.000010 11.750660 
0.000000 0.000000 0.000000 0.000008 0.000000 -0.000000 -0.000000 0.000000 -0.000000 1.351340 -0.133168 42.735490 0.000001 0.000002 -0.000006 -8.820661 -19.098409 33.453546 0.216460 1.292108 11.925536 -4.079057 6.415803 25.625651 -4.641520 7.118801 27.350053 -0.037052 2.619246 -4.367480 0.068400 -0.292729 5.346834 -4.767216 5.786764 -26.847812 3.913783 -0.473471 -20.063225 -7.441940 -3.348065 42.124625 8.331980 -5.031601 -43.682041 1.143067 0.002433 0.274646 0.000004 -0.000024 -0.000019 -1.332455 2.968750 -8.944352 -0.075408 -0.003882 -0.382462 1.090021 0.112887 5.551965 0.292262 -2.570822 -45.041276 0.049868 -0.118478 0.315050 0.008451 -0.000127 0.038663 -1.707160 0.554609 1.093502 0.817462 0.701872 -28.206772 0.163011 -0.175386 0.016908 -0.017504 0.526034 3.598624 0.000078 -0.000112 -0.000053 -0.000035 -0.041863 0.027955 3.697537 0.523969 -1.165285 -0.602738 -0.145478 0.237527 -3.234844 -0.707000 1.192656 0.267657 0.956068 20.735945 -2.352892 -0.586406 -21.988599 -5.250470 -4.436808 9.968601 0.055740 -0.589987 14.487422 13.821589 0.256012 -8.547773 3.117262 -2.137564 -27.054970 0.425882 -2.689867 -3.644445 -0.802311 0.160616 -0.479857 -0.804181 0.123496 -0.482652 2.568437 -3.412519 -9.404756 5.793590 0.119017 -1.014291 -0.996738 1.997590 56.734963 -5.630633 8.979311 -111.057203 -7.113485 -2.685077 -70.001591 0.227172 0.595626 -0.211719 0.028380 0.072122 2.451903 -0.000916 0.100647 2.451940 4.818128 0.470106 -0.811265 6.299231 -2.993000 11.520506 5.764264 -1.189693 6.234244 -1.798713 -0.382827 -9.205023 8.519713 0.793312 -0.155080 2.372046 -0.229304 18.008227 5.386220 1.471800 5.938370 -1.611600 -4.976936 -31.514281 -0.000062 -0.000321 -32.027676 -2.780989 3.549001 42.466418 -0.000119 -0.000121 -41.343111 -0.000019 -0.000033 -2.721288 0.000018 -0.000024 0.159844 -0.000209 -0.000146 -64.332582 -23.900794 -11.935529 -2.554912 34.949269 16.671913 -5.206671 -0.000115 -0.000128 -43.265990 0.000033 0.000035 -0.000051 17.271194 3.990173 31.282133 -6.911376 -0.604957 -6.354487 -0.000057 -0.000048 0.000084 0.024294 -0.029989 11.786681 0.000037 -0.000042 -0.000005 0.023283 -0.032320 11.715897 0.090674 -3.522199 19.310726 0.050324 0.015195 11.755993 0.518573 5.271692 25.772802 0.050184 0.014850 11.743093 -0.000174 -0.000108 -21.624527 -0.004451 -0.052686 11.750665 0.000063 -0.000009 11.750660 
0.000000 0.000000 0.000000 0.000008 0.000000 -0.000000 -0.000000 0.000000 -0.000000 1.304165 -0.077511 42.554766 0.000001 0.000002 -0.000001 -8.719997 -19.071080 31.226279 0.764917 -0.699527 13.318046 -4.052849 5.815960 27.386405 -6.152342 9.100743 29.259957 -0.126524 2.596003 -0.310834 0.061949 0.193561 4.574331 -5.326138 5.000565 -23.282368 4.803559 -0.785243 -24.830400 -7.620373 -3.531875 43.410391 7.999573 -4.505415 -42.908539 1.316870 0.003230 0.323800 0.000004 -0.000025 -0.000019 -0.881251 2.622801 -5.845053 -0.831145 -0.014964 -4.211768 1.533586 0.189734 7.831178 0.038090 -2.831711 -45.692531 0.055613 -0.142209 0.362642 0.008451 -0.000129 0.038663 -1.575491 -0.157847 1.745382 0.697178 0.957373 -28.023201 0.163011 -0.175386 0.016913 -0.018405 0.533730 3.504250 0.000078 -0.000112 -0.000062 -0.000035 -0.041863 0.027957 3.697517 0.523964 -1.165270 -0.602740 -0.145479 0.237527 -3.234845 -0.707000 1.192657 -0.268071 1.004146 21.205123 -1.867802 -0.812448 -22.484807 -5.404564 -4.065796 5.052032 0.111333 -0.794273 19.651687 15.454005 1.051328 -39.180837 4.509484 -3.724705 -41.218218 0.433841 -2.753371 -3.729790 -0.802418 0.160618 -0.479879 -0.804180 0.123497 -0.482655 3.765043 -4.107026 -8.262175 5.603510 1.193096 -1.562265 -1.193944 2.122038 62.426782 -6.160711 9.246488 -109.467428 -7.507402 -1.527235 -70.436155 0.229611 0.602294 -0.214100 0.028488 0.072125 2.451897 -0.000916 0.100647 2.451938 4.818065 0.470102 -0.811257 7.911711 -4.433183 17.627653 5.669436 -1.075789 5.772204 -2.067137 -0.738720 -8.439650 8.519696 0.793311 -0.155077 2.917887 -0.338545 26.239555 4.318839 1.463384 6.560460 -0.822399 -4.296660 -30.981202 -0.000062 -0.000322 -32.027672 -2.641855 3.506448 41.219054 -0.000118 -0.000121 -41.250299 -0.000019 -0.000033 -2.721289 0.000018 -0.000024 0.159840 -0.000208 -0.000146 -64.186238 -23.900792 -11.935531 -2.554907 34.949221 16.671933 -5.206574 -0.000115 -0.000127 -43.175422 0.000033 0.000035 -0.000051 18.660015 4.835498 33.939118 -5.325052 -2.892433 0.400582 0.000034 -0.000064 0.000020 0.024359 -0.029968 11.786768 0.000042 -0.000041 -0.000006 0.023340 -0.032302 11.715809 0.122266 -2.574297 12.423919 0.050373 0.015289 11.756010 0.484867 5.303846 25.891147 0.050236 0.014940 11.743062 -0.000172 -0.000107 -21.399941 -0.004381 -0.052770 11.750660 0.000062 -0.000011 11.750660 
0.000000 0.000000 0.000000 0.000008 0.000000 -0.000000 -0.000000 0.000000 -0.000000 1.248190 0.009383 42.389537 0.000001 0.000002 -0.000001 -8.798114 -18.743415 28.051525 1.304008 -2.343215 14.579804 -3.590230 4.495819 29.345156 -7.508781 10.535976 31.202725 -0.289903 3.675115 3.408942 0.061460 0.593616 3.885396 -5.894510 4.276776 -19.611635 5.772187 -1.224161 -30.201508 -7.838918 -3.768687 45.027298 7.615891 -3.987791 -42.064229 1.492417 0.004147 0.373306 0.000004 -0.000025 -0.000019 -0.316554 2.385760 -2.289364 -1.762157 0.040959 -8.937343 2.030613 0.297704 10.405570 -0.221036 -3.111579 -46.280098 0.055341 -0.141308 0.369474 0.008451 -0.000129 0.038663 -1.462116 -0.742646 2.241289 0.641456 0.965515 -27.684734 0.163011 -0.175386 0.016907 -0.019053 0.539350 3.383753 0.000078 -0.000112 -0.000055 -0.000035 -0.041863 0.027947 3.697399 0.523948 -1.165239 -0.602732 -0.145481 0.237527 -3.234852 -0.707000 1.192657 -0.798040 1.031613 21.490786 -1.486290 -0.824541 -21.728176 -5.381994 -3.834733 0.180169 0.202347 -1.032408 25.871737 17.125134 0.483116 -71.538862 5.433530 -5.437296 -55.008233 0.441846 -2.817529 -3.816211 -0.802201 0.160619 -0.479857 -0.804180 0.123498 -0.482656 4.931872 -4.726311 -7.213338 5.463582 2.224217 -1.806124 -1.369277 2.211401 67.229723 -6.712042 9.417844 -107.170149 -7.835745 -0.437689 -70.381712 0.232346 0.608978 -0.216519 0.028269 0.072122 2.451904 -0.000917 0.100645 2.451938 4.817975 0.470089 -0.811243 8.568676 -4.938158 19.980142 5.574626 -0.959989 5.305822 -2.340649 -1.109441 -7.832754 8.519715 0.793291 -0.155085 3.384918 -0.348435 29.422737 2.820856 1.786993 9.602783 0.067809 -3.637405 -30.287975 -0.000062 -0.000322 -32.027672 -2.528158 3.482912 39.925055 -0.000118 -0.000120 -41.092515 -0.000019 -0.000033 -2.721288 0.000018 -0.000023 0.159844 -0.000207 -0.000146 -63.937640 -23.900797 -11.935530 -2.554912 34.949224 16.671933 -5.206574 -0.000114 -0.000127 -43.021859 0.000033 0.000035 -0.000044 18.659918 4.836154 33.940972 -1.751073 -5.080632 9.089962 0.000028 -0.000065 0.000017 0.024226 -0.030004 11.786594 0.000039 -0.000045 0.000006 0.023225 -0.032323 11.715986 1.402715 -1.716538 5.944516 0.050272 0.015097 11.755979 0.449103 5.327630 25.964793 0.050134 0.014754 11.743114 -0.000168 -0.000104 -20.829051 -0.004521 -0.052602 11.750657 0.000062 -0.000011 11.750658 
0.000000 0.000000 0.000000 0.000008 0.000000 -0.000000 -0.000000 0.000000 -0.000000 1.190216 0.108395 42.272611 0.000001 0.000002 -0.000006 -8.870476 -18.460044 24.844864 1.736210 -3.544142 15.393708 -2.314761 2.012052 31.939751 -8.705030 11.407691 33.372055 -0.797232 6.336784 6.589917 0.064179 0.877284 3.309622 -6.396030 3.599093 -16.177575 6.688194 -1.746995 -35.520928 -8.050706 -4.011518 46.643471 7.205698 -3.473868 -41.185873 1.641337 0.005012 0.411639 0.000004 -0.000024 -0.000019 0.263921 2.290960 1.159195 -2.693135 0.174819 -13.701161 2.512800 0.425137 12.928914 -0.478774 -3.389817 -46.807502 0.054984 -0.140289 0.375911 0.008451 -0.000128 0.038663 -1.381543 -1.156406 2.536559 0.585138 0.973410 -27.342905 0.163011 -0.175386 0.016906 -0.019299 0.541508 3.238020 0.000078 -0.000112 -0.000058 -0.000014 -0.069867 0.027954 3.697617 0.523974 -1.165316 -0.602735 -0.145478 0.237527 -3.234848 -0.706999 1.192653 -1.309699 1.037361 21.527052 -1.416554 -0.636528 -20.100473 -4.991123 -3.779273 -2.553343 0.276989 -1.184786 30.010874 17.745269 -0.380333 -91.144189 5.740491 -6.386545 -62.815959 0.449677 -2.882279 -3.903335 -0.802230 0.160618 -0.479855 -0.804181 0.123498 -0.482655 6.031562 -5.221044 -6.294548 5.347890 3.147139 -1.719349 -1.504094 2.268132 70.799180 -7.237477 9.470622 -104.124041 -8.091021 0.498452 -69.774180 0.234947 0.615768 -0.218935 0.028269 0.072123 2.451897 -0.000916 0.100647 2.451935 4.818180 0.470119 -0.811257 8.479746 -4.884701 19.721382 5.710981 -1.672763 8.103606 -2.619177 -1.491187 -7.433156 8.519687 0.793287 -0.155101 3.884211 -0.296826 29.059501 1.342163 3.223426 19.945464 1.054906 -3.008482 -29.406638 -0.000061 -0.000322 -32.027665 -2.442726 3.481848 38.600152 -0.000117 -0.000120 -40.857563 -0.000019 -0.000034 -2.721287 0.000018 -0.000024 0.159844 -0.000205 -0.000146 -63.568577 -23.900790 -11.935528 -2.554914 34.949217 16.671927 -5.206576 -0.000113 -0.000127 -42.794420 0.000033 0.000035 -0.000046 18.646165 4.827692 33.916817 6.200127 -3.348406 18.665930 0.000028 -0.000060 0.000022 0.024239 -0.030002 11.786615 0.000038 -0.000008 -0.000002 0.023226 -0.032323 11.715988 9.195928 -1.394649 -2.987907 0.050287 0.015122 11.755984 0.410088 5.339199 25.972814 0.050146 0.014778 11.743111 -0.000161 -0.000098 -19.952972 -0.004503 -0.052623 11.750663 0.000062 -0.000010 11.750665 
0.000000 0.000000 0.000000 0.000008 0.000000 -0.000000 -0.000000 0.000000 -0.000000 1.138422 0.197349 42.236319 0.000001 0.000002 -0.000008 -9.037747 -17.966099 21.023510 2.068308 -4.382923 16.033217 -0.374206 -0.948597 34.753850 -9.612703 11.748597 35.458302 -1.794131 9.800896 9.360755 0.067709 1.057625 2.824435 -6.836017 3.027855 -13.272009 7.439393 -2.266547 -40.120582 -8.215344 -4.210212 47.937396 6.810632 -2.972652 -40.335351 1.780963 0.005904 0.440300 0.000004 -0.000025 -0.000019 0.761274 2.301128 4.005576 -3.467289 0.347455 -17.716070 2.922763 0.551662 15.098726 -0.733796 -3.641274 -47.268024 0.049001 -0.128596 0.340162 0.008451 -0.000129 0.038663 -1.331596 -1.419094 2.628252 0.529854 0.980835 -27.007731 0.163011 -0.175386 0.016907 -0.019300 0.541507 3.046602 0.000078 -0.000112 -0.000060 -0.000015 -0.083883 0.027949 3.697618 0.523973 -1.165308 -0.602734 -0.145480 0.237526 -3.234851 -0.707001 1.192659 -1.777449 1.022225 21.263197 -1.724702 -0.278076 -17.837464 -4.220288 -3.945399 -3.284582 0.314513 -1.252176 31.892213 17.823631 -0.774813 -98.419522 5.768361 -6.532514 -65.002214 0.457504 -2.945847 -3.988833 -0.802257 0.160617 -0.479851 -0.804181 0.123497 -0.482655 6.999396 -5.534665 -5.561427 5.220616 3.906992 -1.248742 -1.579928 2.295814 72.769040 -7.672472 9.392421 -100.420002 -8.259645 1.183542 -68.600958 0.237490 0.622457 -0.221293 0.028296 0.072123 2.451901 -0.000916 0.100646 2.451930 4.818179 0.470116 -0.811251 8.912423 -5.262150 21.541935 6.305639 -3.106261 14.242492 -2.895061 -1.868264 -7.287788 8.519685 0.793286 -0.155067 4.513556 -0.275664 31.435990 -1.087243 5.083453 34.520609 2.092315 -2.407732 -28.295059 -0.000062 -0.000321 -32.027672 -2.374398 3.487234 37.205321 -0.000116 -0.000120 -40.514234 -0.000019 -0.000034 -2.721288 0.000018 -0.000023 0.159845 -0.000203 -0.000146 -63.028992 -23.900794 -11.935528 -2.554912 34.949221 16.671928 -5.206572 -0.000112 -0.000126 -42.461671 0.000033 0.000035 -0.000053 17.256193 3.987808 31.271133 14.766217 1.774101 29.400546 0.000019 -0.000054 0.000027 0.024257 -0.029993 11.786638 0.000032 -0.000020 -0.000022 0.023236 -0.032331 11.715962 15.702291 -2.009591 -9.243205 0.050286 0.015150 11.755984 0.245906 5.023149 24.144398 0.050159 0.014798 11.743090 -0.000153 -0.000090 -18.854109 -0.004486 -0.052644 11.750661 0.000062 -0.000011 11.750661 
0.000000 0.000000 0.000000 0.000008 0.000000 -0.000000 -0.000000 0.000000 -0.000000 1.097864 0.259350 42.310747 0.000001 0.000002 -0.000003 -9.183601 -17.528323 17.172965 2.242046 -4.596053 16.893938 1.593786 -3.463557 36.611641 -9.560513 10.903343 37.195684 -2.985810 13.245989 12.255999 0.071360 1.181550 2.361814 -7.204624 2.497541 -10.951401 7.991521 -2.709492 -43.680658 -8.308944 -4.327346 48.689092 6.454686 -2.462045 -39.523248 1.921973 0.006878 0.469226 0.000004 -0.000026 -0.000019 1.118086 2.343082 5.987916 -4.006177 0.501944 -20.551875 3.242473 0.662311 16.808978 -0.953439 -3.845628 -47.674130 0.038281 -0.102751 0.268887 0.008451 -0.000128 0.038663 -1.297517 -1.599732 2.562250 0.473990 0.987997 -26.669204 0.163011 -0.175386 0.016912 -0.019300 0.541506 2.785903 0.000078 -0.000112 -0.000061 0.000006 -0.125903 0.027953 3.697591 0.523972 -1.165277 -0.602734 -0.145480 0.237530 -3.234853 -0.707003 1.192659 -2.203732 0.986438 20.632941 -2.322284 0.225561 -14.803679 -3.198793 -4.349952 -3.592851 0.349249 -1.310270 33.543237 17.826073 -1.143484 -103.854310 5.746435 -6.473009 -65.902330 0.464276 -3.002898 -4.065459 -0.802312 0.160617 -0.479855 -0.804181 0.123498 -0.482654 7.825284 -5.631018 -5.027173 5.035248 4.496588 -0.349359 -1.584627 2.297433 72.890310 -7.971675 9.175207 -95.929761 -8.328587 1.560601 -66.779490 0.240062 0.629146 -0.223726 0.028324 0.072121 2.451899 -0.000916 0.100646 2.451937 4.818148 0.470124 -0.811249 9.054065 -5.519022 22.794686 7.558313 -4.423350 20.865021 -3.177727 -2.246749 -7.434901 8.519644 0.793258 -0.155073 4.829172 -0.269682 33.033773 -5.968713 6.124955 46.448391 3.188526 -1.776850 -26.878814 -0.000061 -0.000322 -32.027672 -2.301640 3.470458 35.685993 -0.000114 -0.000119 -40.036493 -0.000019 -0.000034 -2.721290 0.000018 -0.000024 0.159844 -0.000200 -0.000146 -62.277200 -23.900796 -11.935526 -2.554912 34.949221 16.671928 -5.206576 -0.000110 -0.000125 -41.997590 0.000033 0.000035 -0.000050 15.828815 3.304872 28.564758 19.821344 3.323674 42.724848 0.000010 -0.000058 0.000034 0.024294 -0.029985 11.786683 0.000008 -0.000018 -0.000038 0.023252 -0.032319 11.715942 14.011948 -1.326684 -8.975106 0.050310 0.015200 11.755994 -0.135206 4.201455 19.410520 0.050182 0.014849 11.743084 -0.000143 -0.000081 -17.549561 -0.004450 -0.052686 11.750666 0.000063 -0.000011 11.750660 
0.000000 0.000000 0.000000 0.000008 0.000000 -0.000000 -0.000000 0.000000 -0.000000 1.075602 0.273853 42.530966 0.000001 0.000002 -0.000002 -9.332176 -16.975218 12.983454 2.136264 -3.823724 18.278346 3.227746 -5.546072 36.540030 -7.873336 8.235953 38.647461 -4.533318 15.946847 15.341993 0.074543 1.255177 1.924413 -7.499447 2.033821 -9.413923 8.297095 -2.980169 -45.731948 -8.301225 -4.317567 48.626634 6.179265 -1.933829 -38.786554 2.064362 0.007938 0.498452 0.000004 -0.000025 -0.000019 1.266216 2.377132 6.680229 -4.211263 0.568417 -21.641943 3.443127 0.737268 17.891407 -1.168050 -3.993236 -48.033923 0.021979 -0.060050 0.155658 0.008451 -0.000128 0.038663 -1.278140 -1.707276 2.360610 0.417522 0.994908 -26.327376 0.163011 -0.175386 0.016909 -0.019301 0.541505 2.468540 0.000078 -0.000112 -0.000061 0.000034 -0.195927 0.027950 3.697557 0.523974 -1.165296 -0.602732 -0.145478 0.237529 -3.234847 -0.707002 1.192659 -2.606601 0.913229 19.330532 -3.132775 0.811890 -10.796665 -2.022555 -4.993145 -3.509648 0.381080 -1.360376 34.991223 17.762158 -1.475063 -107.667496 5.687560 -6.244818 -65.758848 0.470947 -3.060518 -4.143063 -0.802418 0.160618 -0.479863 -0.804180 0.123497 -0.482655 8.561025 -5.425338 -4.525733 4.768526 4.913737 1.181667 -1.497538 2.265600 70.627694 -8.174545 8.784314 -89.705157 -8.260806 1.609888 -63.736231 0.242689 0.635902 -0.226138 0.028378 0.072123 2.451897 -0.000915 0.100646 2.451937 4.818105 0.470104 -0.811274 6.853147 -4.342182 17.032736 10.213492 -5.579955 28.497088 -3.505420 -2.662682 -8.159282 8.519590 0.793225 -0.155024 3.957942 0.046802 12.212519 -51.972494 2.765900 51.546044 4.473081 -0.947436 -24.945420 -0.000062 -0.000322 -32.027672 -2.195872 3.369356 33.997779 -0.000111 -0.000117 -39.323288 -0.000019 -0.000034 -2.721289 0.000018 -0.000023 0.159840 -0.000195 -0.000145 -61.155861 -23.900790 -11.935527 -2.554912 34.949224 16.671935 -5.206578 -0.000108 -0.000124 -41.305723 0.000033 0.000035 -0.000048 13.556587 2.566016 24.230835 25.222731 15.192929 53.320254 -0.000024 -0.000059 0.000063 0.024358 -0.029967 11.786766 -0.000031 0.000002 -0.000070 0.023282 -0.032313 11.715895 10.162953 -0.098741 -6.941394 0.050373 0.015287 11.756009 -0.688060 3.102612 12.930469 0.050232 0.014940 11.743067 -0.000132 -0.000071 -16.084908 -0.004382 -0.052768 11.750662 0.000062 -0.000010 11.750663 
0.000000 0.000000 0.000000 0.000008 0.000000 -0.000000 -0.000000 0.000000 -0.000000 1.069923 0.266269 42.880184 0.000001 0.000002 -0.000000 -9.452557 -16.503241 8.882359 1.781246 -2.472394 19.845142 4.482668 -7.383387 35.441995 -5.087549 4.639165 39.880426 -6.220518 18.511230 18.484935 0.076790 1.285201 1.525872 -7.719160 1.651590 -8.582928 8.406510 -3.081955 -46.482559 -8.212426 -4.206626 47.914207 5.963094 -1.422443 -38.155376 2.203988 0.009048 0.527092 0.000004 -0.000025 -0.000019 1.246754 2.397784 6.293924 -4.142557 0.545664 -21.276041 3.534674 0.772916 18.387791 -1.371183 -4.104635 -48.308255 -0.000030 -0.000100 0.000082 0.008451 -0.000129 0.038663 -1.271485 -1.751432 2.058292 0.362108 1.001341 -25.992169 0.163007 -0.175386 0.016907 -0.019301 0.541503 2.119034 0.000078 -0.000112 -0.000057 0.000123 -0.363979 0.027948 3.697517 0.523962 -1.165269 -0.602739 -0.145479 0.237527 -3.234851 -0.707004 1.192653 -2.998387 0.804144 17.307993 -4.055071 1.373748 -5.963938 -0.825764 -5.822646 -3.086983 0.409377 -1.402690 36.232924 17.639706 -1.756547 -110.055501 5.599481 -5.901082 -64.872160 0.477629 -3.117055 -4.218983 -0.802203 0.160618 -0.479847 -0.804181 0.123498 -0.482654 9.244701 -4.918601 -3.940124 4.436292 5.186719 3.361867 -1.330248 2.193092 66.177880 -8.308491 8.220499 -81.499894 -8.050106 1.418934 -59.344112 0.245205 0.642558 -0.228526 0.028487 0.072123 2.451898 -0.000916 0.100647 2.451939 4.818012 0.470093 -0.811252 3.561801 -2.042179 7.534655 13.486807 -6.430884 36.399741 -3.894804 -3.119750 -9.535157 8.519681 0.793292 -0.155040 2.654890 0.975573 -23.595249 -128.506977 1.879792 48.360495 5.941259 0.201371 -22.510343 -0.000061 -0.000322 -32.027672 -2.030211 3.137317 32.179282 -0.000108 -0.000116 -38.373669 -0.000019 -0.000033 -2.721287 0.000018 -0.000023 0.159842 -0.000189 -0.000144 -59.666600 -23.900794 -11.935528 -2.554914 34.949224 16.671935 -5.206578 -0.000104 -0.000122 -40.383367 0.000033 0.000035 -0.000051 11.353934 2.243824 19.935633 24.436407 38.929811 62.811034 -0.000079 -0.000042 0.000109 0.024224 -0.030003 11.786596 0.000056 -0.000029 -0.000004 0.023344 -0.032297 11.715808 5.641298 0.849961 -4.095953 0.050272 0.015098 11.755978 -1.288891 1.973379 6.119980 0.050132 0.014753 11.743117 -0.000121 -0.000059 -14.555271 -0.004521 -0.052602 11.750663 0.000062 -0.000010 11.750662 
0.000000 0.000000 0.000000 0.000008 0.000000 -0.000000 -0.000000 0.000000 -0.000000 1.072879 0.268656 43.328384 0.000001 0.000002 -0.000003 -9.518371 -16.012595 4.815945 1.377960 -1.244243 21.132826 5.103847 -8.427593 34.597903 -2.187522 1.300628 40.530571 -7.327425 19.180124 21.027227 0.077940 1.280118 1.156233 -7.885698 1.332965 -8.169575 8.418211 -3.092997 -46.563356 -8.083165 -4.049978 46.895836 5.749554 -0.938466 -37.593860 2.344990 0.010244 0.556037 0.000004 -0.000025 -0.000019 2.857441 2.009747 6.027368 -4.846894 0.802476 -25.065645 4.009149 0.972592 20.988041 -2.714611 -3.866847 -46.472095 -0.092315 0.089878 -0.492867 0.008451 -0.000129 0.038663 -1.274831 -1.744466 1.672406 0.306124 1.007499 -25.653634 0.163004 -0.175386 0.016911 -0.019302 0.541501 1.741182 0.000078 -0.000112 -0.000056 -0.000035 -0.041863 0.027949 3.697414 0.523948 -1.165241 -0.602739 -0.145482 0.237520 -3.234850 -0.707003 1.192654 -3.386796 0.674071 14.716932 -5.056588 1.852338 -0.488551 0.332163 -6.808772 -2.359133 0.435350 -1.439856 37.338964 17.452964 -1.995029 -111.356419 5.483792 -5.475663 -63.489873 0.484116 -3.174137 -4.295634 -0.802230 0.160618 -0.479849 -0.804181 0.123498 -0.482653 9.858797 -4.155993 -3.335576 4.031789 5.326171 6.069164 -1.105083 2.069343 59.905936 -8.302758 7.503583 -71.669762 -7.691488 1.056082 -53.850448 0.247752 0.649315 -0.230919 0.028269 0.072121 2.451900 -0.000916 0.100645 2.451938 4.817861 0.470075 -0.811225 2.048988 -1.392740 4.990520 15.125141 -6.714868 40.110474 -4.342650 -3.600864 -11.413448 8.519707 0.793274 -0.155082 1.650053 1.349086 -37.647716 -169.436325 4.845296 46.884730 7.489534 1.698913 -19.739184 -0.000062 -0.000322 -32.027672 -1.791739 2.765200 30.291653 -0.000104 -0.000113 -37.257814 -0.000019 -0.000034 -2.721291 0.000018 -0.000023 0.159842 -0.000182 -0.000143 -57.932059 -23.900794 -11.935528 -2.554910 34.949228 16.671935 -5.206576 -0.000101 -0.000120 -39.295035 0.000033 0.000035 -0.000048 9.351138 2.295391 15.877772 16.072009 46.244107 82.850939 0.000033 -0.000067 0.000024 0.024244 -0.029999 11.786617 0.000053 -0.000026 0.000001 0.023220 -0.032297 11.715985 1.743677 0.989374 -1.409991 0.050286 0.015121 11.755977 -1.766782 0.937438 0.015831 0.050148 0.014777 11.743104 -0.000110 -0.000048 -12.967222 -0.004503 -0.052623 11.750658 0.000062 -0.000011 11.750661 
0.000000 0.000000 0.000000 0.000008 0.000000 -0.000000 -0.000000 0.000000 -0.000000 1.082935 0.272362 43.857953 0.000001 0.000002 -0.000004 -9.568432 -15.592174 0.715802 1.066370 -0.402712 22.048716 4.858308 -8.126571 34.446266 0.550921 -1.730143 40.021709 -7.138001 17.338352 22.723469 0.077898 1.246676 0.818296 -8.005797 1.080723 -8.133277 8.347388 -3.026615 -46.075800 -7.920437 -3.860535 45.643320 5.545304 -0.483470 -37.097107 2.487391 0.011528 0.585202 0.000004 -0.000023 -0.000019 5.868290 1.105732 5.461873 -6.000943 1.344172 -31.504251 4.623064 1.269938 24.431230 -5.046637 -3.493737 -42.178071 -0.277681 0.217239 -1.395677 0.008451 -0.000129 0.038663 -1.285782 -1.696133 1.227505 0.250454 1.013518 -25.314628 0.162997 -0.175373 0.016908 -0.019302 0.541499 1.348836 0.000078 -0.000113 -0.000058 -0.000035 -0.041863 0.027954 3.697618 0.523974 -1.165315 -0.602736 -0.145480 0.237527 -3.234854 -0.707006 1.192654 -3.766624 0.537748 11.759301 -6.055799 2.192826 5.308884 1.361935 -7.871421 -1.366977 0.459461 -1.473041 38.339559 17.192889 -2.189483 -111.812744 5.346885 -5.010538 -61.879622 0.490670 -3.231786 -4.373196 -0.802257 0.160618 -0.479851 -0.804180 0.123497 -0.482651 10.366874 -3.202875 -2.793450 3.571013 5.330138 9.120713 -0.851307 1.886672 52.271506 -8.095435 6.695128 -60.780590 -7.188065 0.595614 -47.611531 0.250458 0.656041 -0.233355 0.028269 0.072121 2.451901 -0.000916 0.100646 2.451938 4.818175 0.470117 -0.811257 0.976427 -1.321575 4.549047 12.730346 -6.241951 34.461938 -4.831595 -4.077671 -13.612202 8.519668 0.793266 -0.155050 0.089965 1.150320 -36.006131 -123.081867 0.458997 37.834802 8.977878 3.507760 -16.857358 -0.000062 -0.000322 -32.027672 -1.478937 2.265112 28.469678 -0.000099 -0.000111 -36.080047 -0.000019 -0.000033 -2.721291 0.000018 -0.000023 0.159845 -0.000174 -0.000142 -56.101234 -23.900794 -11.935528 -2.554912 34.949224 16.671937 -5.206573 -0.000097 -0.000118 -38.146053 0.000033 0.000035 -0.000053 7.440179 2.680951 11.791765 -4.918468 50.343596 117.170529 0.000025 -0.000071 0.000020 0.024257 -0.029994 11.786638 0.000042 -0.000008 -0.000002 0.023237 -0.032297 11.715969 -0.001641 -0.016518 0.004272 0.050298 0.015146 11.755983 -1.631206 -0.693115 -7.005632 0.050158 0.014801 11.743097 -0.000100 -0.000035 -11.364119 -0.004486 -0.052644 11.750664 0.000063 -0.000011 11.750660 
0.000000 0.000000 0.000000 0.000008 0.000000 -0.000000 -0.000000 0.000000 -0.000000 1.098003 0.268773 44.432092 0.000001 0.000002 -0.000009 -9.542145 -15.216290 -2.991095 0.773977 0.305836 22.654370 4.048356 -6.988250 34.535427 3.040471 -4.672025 38.892617 -5.955604 14.008270 23.762636 0.076772 1.194082 0.522645 -8.083518 0.898257 -8.415331 8.212777 -2.903510 -45.159432 -7.737593 -3.657203 44.271480 5.361300 -0.069511 -36.671296 2.627022 0.012857 0.613807 0.000004 -0.000025 -0.000019 8.649750 0.071554 3.600547 -6.751515 1.787265 -35.898566 5.098187 1.532548 27.169027 -7.459958 -3.376365 -37.878303 -0.478945 0.364919 -2.355418 0.008451 -0.000130 0.038663 -1.301297 -1.619671 0.763461 0.283075 1.031410 -25.267409 0.162983 -0.175373 0.016906 -0.019303 0.541498 0.967475 0.000078 -0.000112 -0.000050 -0.000035 -0.041863 0.027948 3.697615 0.523972 -1.165304 -0.602736 -0.145482 0.237524 -3.234850 -0.707001 1.192656 -4.121206 0.410928 8.737121 -6.927105 2.372645 10.932881 2.165685 -8.872561 -0.196934 0.481688 -1.502590 39.241568 16.858471 -2.336530 -111.695265 5.205406 -4.559658 -60.360171 0.497091 -3.288341 -4.449140 -0.802311 0.160618 -0.479857 -0.804180 0.123498 -0.482652 10.736531 -2.167581 -2.401509 3.105493 5.200533 12.238863 -0.606871 1.653134 44.017058 -7.674894 5.906208 -49.746477 -6.578562 0.123651 -41.194312 0.252955 0.662693 -0.235745 0.028270 0.072122 2.451899 -0.000914 0.100647 2.451935 4.818181 0.470120 -0.811250 -1.102442 0.139162 -0.650109 7.917080 -4.773616 22.882201 -5.324487 -4.512758 -15.872680 8.519636 0.793243 -0.155046 -1.681694 1.210773 -42.842362 -39.490791 -0.442066 20.196207 10.255789 5.474912 -14.159296 -0.000062 -0.000322 -32.027672 -1.116200 1.687212 26.901108 -0.000095 -0.000108 -34.969862 -0.000019 -0.000034 -2.721290 0.000018 -0.000023 0.159847 -0.000167 -0.000140 -54.381201 -23.900790 -11.935528 -2.554910 34.949217 16.671928 -5.206572 -0.000093 -0.000115 -37.060603 0.000032 0.000035 -0.000053 6.136811 3.163302 8.807284 -49.943535 40.477921 161.516994 0.000028 -0.000057 0.000022 0.024291 -0.029987 11.786684 0.000040 -0.000007 -0.000001 0.023252 -0.032295 11.715941 -0.154793 -1.681536 0.421398 0.050323 0.015193 11.755995 -1.290226 -1.929237 -11.270265 0.050183 0.014848 11.743090 -0.000100 -0.000048 -9.847312 -0.004451 -0.052686 11.750665 0.000062 -0.000010 11.750659 
0.000000 0.000000 0.000000 0.000008 0.000000 -0.000000 -0.000000 0.000000 -0.000000 1.117097 0.249047 45.048007 0.000001 0.000002 -0.000008 -9.513056 -14.906780 -6.735412 0.464402 0.989929 22.692853 3.209366 -5.785251 34.848728 4.713011 -6.820059 38.007257 -4.306899 10.281271 24.229000 0.074742 1.128320 0.262260 -8.127726 0.776743 -8.971230 8.024373 -2.737657 -43.898118 -7.537521 -3.445510 42.809764 5.196893 0.317081 -36.297879 2.785913 0.014463 0.639114 0.000004 -0.000024 -0.000019 9.829246 -0.496239 0.925435 -6.803923 1.821173 -36.212980 5.337513 1.676363 28.576246 -8.869571 -3.452075 -35.872201 -0.625230 0.545638 -3.075781 0.008451 -0.000129 0.038663 -1.319476 -1.523824 0.292611 0.316073 1.049486 -25.219746 0.162956 -0.175374 0.016911 -0.019304 0.541496 0.599956 0.000078 -0.000112 -0.000055 -0.000035 -0.041863 0.027956 3.697589 0.523972 -1.165276 -0.602740 -0.145483 0.237528 -3.234849 -0.706998 1.192651 -4.452360 0.297052 5.772835 -7.581471 2.423169 16.224476 2.706290 -9.716842 1.124813 0.503412 -1.530561 40.105518 16.426110 -2.440903 -111.267743 5.074591 -4.149725 -59.159772 0.503465 -3.345452 -4.525773 -0.802420 0.160617 -0.479871 -0.804181 0.123497 -0.482655 10.974001 -1.100322 -2.222067 2.634943 4.956718 15.319134 -0.390096 1.374312 35.394129 -7.049146 5.187490 -38.822249 -5.886579 -0.312938 -34.785385 0.255448 0.669446 -0.238122 0.028270 0.072122 2.451896 -0.000915 0.100647 2.451936 4.818149 0.470128 -0.811253 -2.381599 0.865461 -3.178490 3.608561 -2.883014 12.292854 -5.807405 -4.900715 -18.069093 8.519590 0.793198 -0.155016 -2.523892 1.284361 -47.549018 5.485856 0.377207 -1.209564 11.298422 7.514069 -11.763486 -0.000062 -0.000322 -32.027679 -0.716622 1.064312 25.677179 -0.000092 -0.000106 -33.983275 -0.000019 -0.000034 -2.721288 0.000018 -0.000023 0.159842 -0.000161 -0.000139 -52.862720 -23.900794 -11.935526 -2.554912 34.949224 16.671930 -5.206601 -0.000089 -0.000113 -36.093096 0.000033 0.000035 -0.000048 4.914307 3.812475 5.808347 -64.983881 26.560816 171.554790 0.000023 -0.000056 0.000027 0.024361 -0.029971 11.786762 0.000025 -0.000009 -0.000008 0.023282 -0.032282 11.715899 -0.254851 -3.474454 0.835792 0.050372 0.015290 11.756011 -1.043692 -2.198341 -10.111421 0.050235 0.014942 11.743067 -0.000091 -0.000037 -8.419359 -0.004381 -0.052769 11.750665 0.000062 -0.000011 11.750661 
0.000000 0.000000 0.000000 0.000008 0.000000 -0.000000 -0.000000 0.000000 -0.000000 1.139059 0.203684 45.686401 0.000001 0.000002 -0.000006 -9.384555 -14.681570 -9.820742 0.159173 1.655514 22.082183 2.493302 -4.729415 35.547043 5.262712 -7.628476 37.424321 -2.226244 6.032633 23.915358 0.072102 1.056848 0.040180 -8.144113 0.712677 -9.749739 7.795716 -2.545913 -42.397986 -7.328984 -3.235831 41.325185 5.057006 0.677869 -35.972834 2.946365 0.016181 0.664657 0.000004 -0.000024 -0.000019 9.684288 -0.541376 -1.912599 -6.401897 1.571217 -33.827629 5.427256 1.732360 29.109194 -9.330500 -3.543307 -35.886504 -0.726372 0.709086 -3.574255 0.008451 -0.000129 0.038663 -1.338207 -1.419428 -0.158248 0.349356 1.067798 -25.171621 0.162901 -0.175361 0.016902 -0.019303 0.541494 0.261350 0.000078 -0.000112 -0.000058 -0.000035 -0.041863 0.027953 3.697564 0.523972 -1.165300 -0.602738 -0.145480 0.237525 -3.234849 -0.707003 1.192655 -4.749233 0.201263 3.087647 -7.893389 2.398844 20.841065 2.923619 -10.259983 2.539615 0.525431 -1.558047 40.964681 15.877101 -2.499775 -110.796241 4.979580 -3.820189 -58.569753 0.509883 -3.403152 -4.603346 -0.802202 0.160618 -0.479854 -0.804180 0.123497 -0.482657 11.087682 -0.082107 -2.337462 2.186643 4.617699 18.164885 -0.219888 1.071045 26.904856 -6.269930 4.601278 -28.612096 -5.168612 -0.670507 -28.777032 0.258110 0.676231 -0.240574 0.028269 0.072122 2.451897 -0.000916 0.100647 2.451941 4.818121 0.470104 -0.811267 -2.849563 0.746509 -2.902289 0.380235 -1.300558 4.882920 -6.247276 -5.226151 -19.999345 8.519704 0.793289 -0.155090 -2.418634 1.052152 -40.113817 3.733845 -2.064905 -16.453460 12.085681 9.447989 -9.877934 -0.000062 -0.000322 -32.027672 -0.316344 0.458058 24.925315 -0.000089 -0.000104 -33.202813 -0.000019 -0.000033 -2.721284 0.000018 -0.000023 0.159845 -0.000157 -0.000138 -51.660918 -23.900792 -11.935525 -2.554914 34.949241 16.671923 -5.206624 -0.000087 -0.000111 -35.327142 0.000033 0.000035 -0.000048 4.750677 3.918614 5.387819 -37.202343 63.907751 130.321170 0.000016 -0.000053 0.000028 0.024230 -0.030046 11.786604 0.000004 -0.000013 -0.000021 0.023338 -0.032298 11.715813 -0.300752 -5.389410 1.249095 0.050273 0.015097 11.755976 -0.764533 -2.463017 -7.310709 0.050133 0.014753 11.743112 -0.000083 -0.000026 -7.134518 -0.004520 -0.052602 11.750665 0.000063 -0.000010 11.750663 
0.000000 0.000000 0.000000 0.000008 0.000000 -0.000000 -0.000000 0.000000 -0.000000 1.162138 0.126171 46.309027 0.000001 0.000002 -0.000005 -9.266306 -14.516648 -12.849066 -0.113251 2.296027 20.921003 1.740922 -3.662836 36.448167 5.085584 -7.513599 36.977121 -0.004266 1.391809 23.164371 0.069314 0.989256 -0.136619 -8.139523 0.699576 -10.660315 7.550439 -2.351181 -40.822968 -7.127436 -3.043114 39.924798 4.948574 1.006531 -35.698940 3.103709 0.017954 0.689676 0.000004 -0.000025 -0.000019 9.466443 -0.538270 -4.788462 -5.960891 1.322662 -31.274989 5.499684 1.778415 29.541586 -9.709431 -3.617448 -35.956097 -0.835903 0.837973 -4.074073 0.008451 -0.000130 0.038663 -1.355112 -1.320534 -0.551368 0.381971 1.085761 -25.124439 0.162791 -0.175364 0.016935 -0.019302 0.541521 -0.025613 0.000078 -0.000112 -0.000058 -0.000035 -0.041863 0.027954 3.697531 0.523961 -1.165270 -0.602735 -0.145478 0.237528 -3.234847 -0.706998 1.192654 -4.993965 0.127931 0.957337 -7.755474 2.376634 24.359788 2.774122 -10.363700 3.943133 0.547944 -1.585301 41.827040 15.214870 -2.507346 -110.554794 4.947297 -3.614351 -58.855474 0.515880 -3.459704 -4.679255 -0.802229 0.160618 -0.479859 -0.804181 0.123498 -0.482656 11.103705 0.786569 -2.808475 1.795236 4.223258 20.518623 -0.106571 0.779489 19.271596 -5.441174 4.187831 -19.954580 -4.512356 -0.920690 -23.700833 0.260694 0.682899 -0.242952 0.028270 0.072122 2.451902 -0.000916 0.100646 2.451938 4.818071 0.470104 -0.811255 -3.311409 0.991385 -3.753966 -2.448166 0.182104 -1.388303 -6.599573 -5.472566 -21.426503 8.519701 0.793292 -0.155086 -2.062828 0.686382 -28.096984 0.210353 -4.058723 -28.693700 12.637172 11.041969 -8.730996 -0.000062 -0.000322 -32.027672 0.022820 -0.053948 24.740963 -0.000087 -0.000103 -32.702273 -0.000019 -0.000034 -2.721291 0.000018 -0.000023 0.159847 -0.000153 -0.000137 -50.890575 -23.900790 -11.935528 -2.554912 34.949221 16.671928 -5.206576 -0.000086 -0.000110 -34.836229 0.000033 0.000035 -0.000043 4.590991 4.023877 4.975714 35.765316 28.990492 10.595790 -0.000002 -0.000067 0.000038 0.024246 -0.030039 11.786622 -0.000036 0.000001 -0.000061 0.023224 -0.032330 11.715985 -0.292706 -7.358968 1.651047 0.050286 0.015122 11.755982 -0.469459 -2.394004 -4.025287 0.050146 0.014777 11.743107 -0.000077 -0.000018 -6.074091 -0.004503 -0.052623 11.750657 0.000062 -0.000011 11.750660 
0.000000 0.000000 0.000000 0.000008 0.000000 -0.000000 -0.000000 0.000000 -0.000000 1.186120 0.005370 46.914561 0.000001 0.000002 -0.000009 -9.033992 -14.473751 -14.834406 -0.376858 3.032393 19.093498 1.029645 -2.727537 37.062031 4.673613 -6.952695 37.161884 1.700051 -2.406792 22.520452 0.066742 0.931117 -0.271532 -8.123215 0.731840 -11.660452 7.300227 -2.163465 -39.249132 -6.937336 -2.869669 38.632042 4.871882 1.317086 -35.462701 3.262613 0.019839 0.714916 0.000004 -0.000025 -0.000019 9.195192 -0.497660 -7.691935 -5.493209 1.086303 -28.630739 5.565844 1.821156 29.938334 -10.007760 -3.665223 -36.060827 -0.962229 0.921866 -4.590335 0.008451 -0.000130 0.038663 -1.369103 -1.235360 -0.872335 0.506420 1.215385 -25.398552 0.163011 -0.175386 0.016908 -0.019302 0.541519 -0.255351 0.000078 -0.000112 -0.000056 -0.000035 -0.041863 0.027953 3.697476 0.523960 -1.165259 -0.602731 -0.145480 0.237526 -3.234850 -0.707003 1.192654 -5.182474 0.075072 -0.468912 -6.902728 2.465973 26.697908 2.069861 -9.788513 5.484560 0.572408 -1.613994 42.746910 14.254255 -2.450808 -109.989460 4.989434 -3.521787 -60.297388 0.522020 -3.516844 -4.755965 -0.802256 0.160618 -0.479855 -0.804180 0.123497 -0.482651 11.057683 1.463144 -3.726472 1.453863 3.801767 22.260602 -0.041273 0.520796 12.762774 -4.627761 3.913837 -13.176389 -3.972116 -1.068633 -19.787881 0.263258 0.689534 -0.245359 0.028297 0.072122 2.451897 -0.000916 0.100646 2.451934 4.817975 0.470090 -0.811246 -3.514927 1.160371 -4.314854 -4.501410 1.403900 -6.185383 -6.839410 -5.640924 -22.198004 8.519679 0.793267 -0.155121 -1.584952 0.656342 -25.846127 -2.766484 -5.041936 -34.405661 13.038442 12.156304 -8.489889 -0.000062 -0.000321 -32.027669 0.289275 -0.397415 25.183980 -0.000086 -0.000103 -32.514047 -0.000019 -0.000033 -2.721288 0.000018 -0.000023 0.159847 -0.000162 -0.000132 -50.601112 -23.900792 -11.935526 -2.554912 34.949217 16.671928 -5.206576 -0.000085 -0.000109 -34.651985 0.000033 0.000034 -0.000050 4.590093 4.025473 4.990461 24.345916 10.234453 -22.500124 -0.000034 -0.000067 0.000078 0.024260 -0.030040 11.786647 0.000048 -0.000035 0.000011 0.023223 -0.032330 11.715989 -0.231571 -9.432887 2.056429 0.050297 0.015148 11.755993 -0.198741 -1.672935 -1.222175 0.050158 0.014800 11.743101 -0.000072 -0.000010 -5.256329 -0.004486 -0.052644 11.750665 0.000062 -0.000010 11.750658 
0.000000 0.000000 0.000000 0.000008 0.000000 -0.000000 -0.000000 0.000000 -0.000000 1.210149 -0.169117 47.481990 0.000001 0.000002 -0.000004 -8.808357 -14.465726 -16.829040 -0.606017 3.925883 16.424202 0.458553 -2.008360 37.483146 4.038824 -5.947461 38.302943 2.690061 -4.836194 21.796455 0.064864 0.890518 -0.361443 -8.104170 0.803841 -12.675109 7.067116 -1.997942 -37.809981 -6.770482 -2.723705 37.517980 4.831558 1.613802 -35.259605 3.483507 0.022619 0.754370 0.000004 -0.000025 -0.000019 8.894011 -0.430517 -10.522799 -5.029555 0.877864 -26.063872 5.636606 1.867596 30.364637 -10.243431 -3.688957 -36.178651 -1.089223 1.007170 -5.111570 0.008451 -0.000130 0.038663 -1.378588 -1.175840 -1.092156 0.632686 1.345667 -25.675625 0.163011 -0.175386 0.016907 -0.019303 0.541519 -0.411451 0.000078 -0.000112 -0.000055 -0.000035 -0.041863 0.027951 3.697592 0.523965 -1.165317 -0.602731 -0.145477 0.237529 -3.234852 -0.707005 1.192660 -5.304407 0.032161 -1.203625 -5.280756 2.720026 27.948888 0.750547 -8.457247 7.238685 0.597564 -1.642552 43.675348 12.918434 -2.350267 -108.474558 5.091905 -3.506721 -62.765559 0.527105 -3.565580 -4.821405 -0.802312 0.160617 -0.479868 -0.804181 0.123496 -0.482654 10.979534 1.936768 -4.939983 1.167215 3.393345 23.180615 -0.011971 0.324542 7.923562 -3.919548 3.738218 -8.936234 -3.626817 -1.120329 -17.459722 0.262649 0.687878 -0.244778 0.028325 0.072122 2.451898 -0.000916 0.100647 2.451935 4.818183 0.470111 -0.811278 -3.393450 1.176398 -4.339393 -5.592761 2.201125 -9.141646 -6.957721 -5.730136 -22.318341 8.519688 0.793253 -0.155127 -0.889887 0.589984 -21.829069 -4.666908 -5.319472 -35.193933 13.348500 12.748219 -9.501826 -0.000062 -0.000322 -32.027669 0.438523 -0.577108 26.698293 -0.000087 -0.000103 -32.722408 -0.000019 -0.000034 -2.721288 0.000018 -0.000024 0.159847 -0.000154 -0.000137 -50.922069 -23.900794 -11.935528 -2.554912 34.949224 16.671927 -5.206576 -0.000085 -0.000110 -34.856429 0.000033 0.000034 -0.000050 4.589205 4.027109 5.005341 21.221403 10.130646 -17.911416 -0.000102 -0.000056 0.000117 0.024297 -0.030019 11.786690 0.000047 -0.000032 0.000012 0.023224 -0.032332 11.715984 -0.116259 -11.604652 2.467889 0.050322 0.015196 11.755995 0.001777 0.022959 0.000707 0.050184 0.014849 11.743089 -0.000070 -0.000006 -4.739940 -0.004450 -0.052686 11.750660 0.000062 -0.000010 11.750660 
0.000000 0.000000 0.000000 0.000008 0.000000 -0.000000 -0.000000 0.000000 -0.000000 1.232696 -0.399335 47.976861 0.000001 0.000002 0.000002 -8.424016 -14.525104 -17.520444 -0.735685 4.912567 13.163084 -0.023587 -1.418582 37.596715 3.104213 -4.590039 40.065968 3.203468 -6.313812 21.035629 0.064154 0.875491 -0.403326 -8.093573 0.907586 -13.597731 6.880298 -1.871513 -36.674124 -6.642322 -2.615393 36.674533 4.831412 1.893143 -35.088973 3.700117 0.025517 0.793029 0.000004 -0.000026 -0.000019 8.598599 -0.356581 -13.104241 -4.617818 0.713139 -23.823309 5.722029 1.924676 30.882017 -10.384915 -3.672822 -36.284779 -1.232686 1.036305 -5.629001 0.008451 -0.000129 0.038663 -1.382039 -1.153811 -1.182104 0.757147 1.472827 -25.947650 0.163011 -0.175386 0.016905 -0.019302 0.541519 -0.477823 0.000078 -0.000112 -0.000056 -0.000035 -0.041863 0.027956 3.697593 0.523964 -1.165320 -0.602738 -0.145479 0.237526 -3.234846 -0.707004 1.192663 -5.363182 -0.011678 -1.466781 -3.171095 3.068736 28.319279 -0.986275 -6.606400 9.030144 0.621376 -1.668747 44.539018 11.381549 -2.254133 -106.254924 5.230106 -3.553781 -65.800171 0.532129 -3.613400 -4.885567 -0.802419 0.160618 -0.479867 -0.804181 0.123498 -0.482655 10.897033 2.235613 -6.065429 0.936565 3.049374 23.095238 -0.003108 0.218398 5.326578 -3.415378 3.608766 -7.849553 -3.542035 -1.075540 -17.121556 0.261971 0.686243 -0.244172 0.028379 0.072123 2.451896 -0.000914 0.100645 2.451943 4.818182 0.470105 -0.811273 -3.125774 1.230544 -4.451212 -6.040239 2.597181 -10.557795 -6.980823 -5.753321 -22.001047 8.519655 0.793287 -0.155044 0.066405 0.234300 -7.733789 -6.203737 -5.508193 -35.542587 13.593362 12.938371 -11.712833 -0.000062 -0.000322 -32.027676 0.505216 -0.626502 29.417181 -0.000089 -0.000105 -33.302080 -0.000019 -0.000034 -2.721288 0.000018 -0.000023 0.159847 -0.000157 -0.000138 -51.813672 -23.900794 -11.935528 -2.554913 34.949228 16.671932 -5.206576 -0.000087 -0.000111 -35.424230 0.000033 0.000035 -0.000046 4.588307 4.028681 5.019957 4.867548 3.430946 -3.974438 0.000036 -0.000068 0.000017 0.024360 -0.030008 11.786776 0.000052 -0.000028 -0.000009 0.023221 -0.032328 11.715984 0.048735 -13.800176 2.875953 0.050373 0.015289 11.756006 0.171222 2.337253 0.050279 0.050233 0.014943 11.743059 -0.000069 -0.000005 -4.579139 -0.004380 -0.052769 11.750663 0.000063 -0.000011 11.750663 
0.000000 0.000000 0.000000 0.000008 0.000000 -0.000000 -0.000000 0.000000 -0.000000 1.258849 -0.767890 48.455114 0.000001 0.000002 0.000003 -8.039262 -14.597569 -18.219412 -0.742124 5.976363 9.591926 -0.518022 -0.793944 36.566394 2.173966 -3.362101 42.121087 3.413392 -6.841002 20.984906 0.064611 0.877977 -0.403469 -7.965678 1.207084 -14.750869 6.666416 -1.733235 -35.391189 -6.548199 -2.537870 36.061480 4.892821 2.060325 -35.074562 3.918901 0.028623 0.831914 0.000004 -0.000025 -0.000019 8.245010 -0.262621 -15.824146 -4.184287 0.559433 -21.498249 5.818623 1.990551 31.470698 -10.402158 -3.558202 -36.419706 -1.377311 1.067039 -6.151517 0.008451 -0.000129 0.038663 -1.384553 -1.154526 -1.175532 1.169105 1.864276 -26.560946 0.163011 -0.175386 0.016899 -0.019722 0.543391 -0.472139 0.000078 -0.000112 -0.000049 -0.000035 -0.041863 0.027954 3.697590 0.523974 -1.165271 -0.602737 -0.145482 0.237527 -3.234851 -0.707000 1.192657 -5.370050 -0.058109 -1.348876 -0.717844 3.445574 27.893869 -3.039530 -4.419730 10.908214 0.642697 -1.691543 45.300482 9.726772 -2.193539 -103.445442 5.387956 -3.649546 -69.121521 0.537202 -3.661692 -4.950315 -0.802202 0.160618 -0.479854 -0.804181 0.123497 -0.482653 10.794633 2.386600 -7.078645 0.764030 2.722926 21.605895 -0.003873 0.230484 5.621817 -3.155546 3.464993 -12.042500 -3.854762 -0.913096 -20.136065 0.261273 0.684629 -0.243558 0.028489 0.072124 2.451889 -0.000916 0.100645 2.451939 4.818155 0.470128 -0.811249 -2.796442 1.271126 -4.508904 -6.134309 2.705320 -10.933559 -6.925233 -5.721880 -21.315878 8.519635 0.793246 -0.155056 0.811031 0.136586 -2.051510 -6.846144 -5.581255 -35.610346 13.796316 12.791668 -14.846818 -0.000062 -0.000322 -32.027672 0.491704 -0.564946 33.037792 -0.000092 -0.000106 -34.157349 -0.000019 -0.000034 -2.721291 0.000018 -0.000023 0.159845 -0.000163 -0.000140 -53.130819 -23.900796 -11.935528 -2.554914 34.949221 16.671928 -5.206574 -0.000090 -0.000113 -36.263879 0.000033 0.000035 -0.000050 4.587398 4.030296 5.034715 -0.233932 -1.446895 3.418130 0.000027 -0.000064 0.000019 0.024225 -0.030005 11.786598 0.000045 -0.000007 -0.000000 0.023238 -0.032326 11.715963 0.267527 -16.076071 3.296241 0.050270 0.015098 11.755978 0.351220 4.846688 0.047628 0.050132 0.014755 11.743111 -0.000069 -0.000006 -4.747013 -0.004520 -0.052602 11.750659 0.000062 -0.000011 11.750663 
0.000000 0.000000 0.000000 0.000008 0.000000 -0.000000 -0.000000 0.000000 -0.000000 1.294108 -1.307414 48.954367 0.000001 0.000002 -0.000002 -7.326630 -14.587068 -17.248154 -0.624542 7.327304 5.693796 -0.967824 -0.107786 33.902863 1.420931 -2.427299 44.818451 3.228710 -6.071816 21.825101 0.065894 0.884944 -0.368742 -7.625190 1.809086 -16.376222 6.361809 -1.547696 -33.593736 -6.479996 -2.482736 35.620492 5.021353 2.033765 -35.306614 4.139843 0.031940 0.871122 0.000004 -0.000026 -0.000019 7.780689 -0.117291 -18.941593 -3.658133 0.398879 -18.716021 5.908180 2.052964 32.020238 -10.271200 -3.319395 -36.622470 -1.539057 1.052996 -6.675160 0.008451 -0.000128 0.038663 -1.391609 -1.156536 -1.122034 1.589420 2.255064 -27.183260 0.163011 -0.175386 0.016907 -0.020897 0.548698 -0.421074 0.000078 -0.000112 -0.000051 -0.000035 -0.041863 0.027954 3.697585 0.523967 -1.165272 -0.602739 -0.145480 0.237529 -3.234859 -0.707002 1.192652 -5.333366 -0.106391 -0.923835 1.872980 3.769172 26.732997 -5.269226 -2.155047 12.896403 0.659563 -1.709154 45.895391 8.084947 -2.187393 -100.217276 5.547095 -3.775996 -72.356456 0.542145 -3.710439 -5.015717 -0.802229 0.160618 -0.479855 -0.804181 0.123497 -0.482651 10.647177 2.418936 -8.019668 0.639309 2.376702 18.659271 -0.016073 0.360474 8.805274 -3.141165 3.288383 -22.266943 -4.557848 -0.577327 -26.939137 0.260743 0.682885 -0.242966 0.028270 0.072122 2.451899 -0.000917 0.100646 2.451938 4.818150 0.470126 -0.811253 -2.424650 1.460756 -5.013991 -5.293034 2.373717 -9.600648 -6.805824 -5.644016 -20.333881 8.519549 0.793204 -0.155025 1.232200 0.191048 -2.582119 -3.272939 -3.723418 -23.444122 13.957159 12.367829 -18.540999 -0.000062 -0.000321 -32.027672 0.394667 -0.417061 37.173277 -0.000095 -0.000108 -35.192724 -0.000019 -0.000034 -2.721291 0.000018 -0.000024 0.159840 -0.000169 -0.000141 -54.724671 -23.900790 -11.935527 -2.554910 34.949217 16.671927 -5.206574 -0.000093 -0.000116 -37.279459 0.000033 0.000035 -0.000055 4.586504 4.031910 5.049604 1.589950 -1.209547 5.625885 0.000028 -0.000068 0.000019 0.024241 -0.030002 11.786619 0.000037 -0.000010 0.000001 0.023253 -0.032322 11.715942 0.550049 -18.429097 3.737541 0.050286 0.015125 11.755976 0.544841 7.540049 -0.008603 0.050147 0.014776 11.743107 -0.000072 -0.000010 -5.193989 -0.004503 -0.052623 11.750660 0.000063 -0.000010 11.750661 
0.000000 0.000000 0.000000 0.000008 0.000000 -0.000000 -0.000000 0.000000 -0.000000 1.336564 -1.937429 49.435413 0.000001 0.000002 -0.000001 -6.629902 -14.559064 -16.297064 -0.301859 8.699304 1.585732 -1.321832 0.647890 30.168017 0.695788 -1.661902 47.720571 2.694465 -4.387957 23.351805 0.067776 0.895245 -0.303627 -7.147125 2.593870 -18.241786 6.012157 -1.350375 -31.569281 -6.438601 -2.449694 35.354135 5.187146 1.859286 -35.700371 4.356510 0.035369 0.909481 0.000004 -0.000025 -0.000019 7.258145 0.075850 -22.166442 -3.089324 0.256053 -15.748319 5.986980 2.108926 32.506714 -10.029764 -3.018369 -36.863771 -1.697809 1.040667 -7.188689 0.008451 -0.000129 0.038663 -1.402002 -1.159512 -1.029240 2.005842 2.633750 -27.796435 0.163011 -0.175386 0.016905 -0.022638 0.556521 -0.331881 0.000078 -0.000113 -0.000056 -0.000035 -0.041862 0.027948 3.697565 0.523975 -1.165298 -0.602732 -0.145478 0.237530 -3.234853 -0.707001 1.192658 -5.264903 -0.153703 -0.293128 4.314075 3.963394 24.979918 -7.475195 -0.103107 14.853500 0.669814 -1.719682 46.253850 6.629881 -2.230892 -96.853715 5.688339 -3.904588 -75.054900 0.547078 -3.758289 -5.079933 -0.802257 0.160618 -0.479853 -0.804180 0.123497 -0.482654 10.466829 2.355798 -8.806303 0.550625 2.043190 14.764420 -0.051464 0.570741 14.005622 -3.338815 3.140249 -36.352603 -5.448316 -0.030030 -36.116995 0.260130 0.681266 -0.242389 0.028269 0.072122 2.451900 -0.000916 0.100646 2.451938 4.818108 0.470121 -0.811234 -2.083515 1.789169 -5.944000 -3.563687 1.786937 -7.140298 -6.644523 -5.532300 -19.169283 8.519702 0.793311 -0.155065 1.596907 0.115294 1.272635 2.411985 0.048233 -1.383750 14.063319 11.759429 -22.378345 -0.000062 -0.000322 -32.027672 0.225971 -0.221041 41.346195 -0.000100 -0.000111 -36.267567 -0.000019 -0.000034 -2.721293 0.000018 -0.000024 0.159844 -0.000176 -0.000142 -56.392378 -23.900794 -11.935527 -2.554912 34.949221 16.671930 -5.206574 -0.000097 -0.000117 -38.318068 0.000033 0.000035 -0.000050 4.585625 4.033499 5.064199 -1.196071 -4.358513 8.461757 0.000023 -0.000064 0.000029 0.024257 -0.029997 11.786639 0.000019 -0.000013 -0.000026 0.023281 -0.032318 11.715896 0.863194 -20.768869 4.174788 0.050299 0.015147 11.755990 0.748904 10.318734 -0.116045 0.050159 0.014801 11.743098 -0.000076 -0.000015 -5.843185 -0.004485 -0.052645 11.750659 0.000062 -0.000011 11.750660 
0.000000 0.000000 0.000000 0.000008 0.000000 -0.000000 -0.000000 0.000000 -0.000000 1.385208 -2.615010 49.887555 0.000001 0.000002 0.000001 -5.618686 -14.280854 -14.027554 0.198388 9.416936 -2.457732 -1.656093 1.674423 25.766885 -0.076872 -0.997952 49.476856 2.126484 -2.660570 25.910925 0.070136 0.908250 -0.208707 -6.583038 3.492631 -20.222428 5.647656 -1.161504 -29.498088 -6.423814 -2.437969 35.259233 5.370941 1.572065 -36.194593 4.627410 0.039904 0.964142 0.000004 -0.000025 -0.000019 6.698225 0.317582 -25.393487 -2.504100 0.141222 -12.729206 6.060926 2.162354 32.965836 -9.697705 -2.694900 -37.128611 -1.868185 0.997377 -7.693306 0.008451 -0.000130 0.038663 -1.415153 -1.163307 -0.899329 2.430583 3.011679 -28.418674 0.163011 -0.175386 0.016906 -0.024864 0.566413 -0.206513 0.000078 -0.000112 -0.000058 -0.000035 -0.041863 0.027951 3.697535 0.523960 -1.165276 -0.602734 -0.145481 0.237528 -3.234849 -0.707005 1.192660 -5.172530 -0.200035 0.479251 6.455889 3.991943 22.682765 -9.535120 1.567337 16.785437 0.671912 -1.721819 46.327189 5.445589 -2.290798 -93.437432 5.805667 -4.014856 -76.927116 0.551889 -3.806586 -5.144691 -0.802311 0.160617 -0.479861 -0.804181 0.123496 -0.482656 10.254710 2.216092 -9.403030 0.453044 1.750916 10.187735 -0.124286 0.833633 20.660709 -3.681337 3.076710 -52.968902 -6.355086 0.767739 -46.836417 0.255522 0.669531 -0.238180 0.028268 0.072122 2.451896 -0.000916 0.100645 2.451937 4.818025 0.470096 -0.811255 -1.929418 1.968706 -6.451001 -2.034695 1.480190 -5.639145 -6.453213 -5.393245 -17.866971 8.519700 0.793291 -0.155073 1.746480 0.072679 3.309967 5.462453 2.324649 11.399772 14.113929 11.022546 -26.171992 -0.000062 -0.000322 -32.027672 -0.001278 0.002942 45.354519 -0.000104 -0.000113 -37.331348 -0.000019 -0.000034 -2.721284 0.000018 -0.000023 0.159852 -0.000182 -0.000143 -58.046684 -23.900792 -11.935528 -2.554912 34.949221 16.671930 -5.206573 -0.000101 -0.000120 -39.366980 0.000033 0.000035 -0.000050 4.584711 4.035099 5.078952 -2.597916 -6.070405 9.770863 0.000019 -0.000056 0.000027 0.024291 -0.029983 11.786684 -0.000005 0.000024 -0.000034 0.023343 -0.032304 11.715807 1.241250 -23.168348 4.640536 0.050323 0.015197 11.755992 0.973549 13.249536 -0.277601 0.050184 0.014848 11.743091 -0.000081 -0.000022 -6.656276 -0.004451 -0.052686 11.750665 0.000062 -0.000011 11.750661 
0.000000 0.000000 0.000000 0.000008 0.000000 -0.000000 -0.000000 0.000000 -0.000000 1.436188 -3.277995 50.283894 0.000001 0.000002 -0.000002 -4.627664 -13.942802 -11.735710 0.693696 9.197301 -6.264572 -1.984368 3.280516 20.546539 -0.689536 -0.508919 49.683609 1.580374 -1.117375 30.049533 0.072811 0.923195 -0.085802 -6.021541 4.442462 -22.128595 5.316687 -1.004108 -27.648085 -6.440239 -2.451008 35.364701 5.553177 1.212673 -36.718469 4.820301 0.043294 0.994582 0.000004 -0.000025 -0.000019 6.142544 0.592281 -28.403700 -1.958667 0.062655 -9.938566 6.139539 2.220162 33.456862 -9.339542 -2.410297 -37.387113 -2.040666 0.955022 -8.202825 0.008451 -0.000128 0.038663 -1.430219 -1.167703 -0.736253 2.863802 3.388623 -29.050062 0.163011 -0.175386 0.016908 -0.027447 0.577733 -0.048663 0.000078 -0.000112 -0.000057 -0.000036 -0.041863 0.027955 3.697452 0.523957 -1.165241 -0.602735 -0.145479 0.237526 -3.234850 -0.707001 1.192654 -5.065926 -0.244233 1.312075 8.057981 3.832428 19.920102 -11.242251 2.646490 18.607158 0.663678 -1.713394 46.039532 4.668966 -2.311290 -90.143635 5.889604 -4.077455 -77.557945 0.556624 -3.855252 -5.210003 -0.802418 0.160616 -0.479878 -0.804181 0.123498 -0.482652 10.017876 2.018035 -9.743450 0.326491 1.531749 5.315531 -0.240642 1.114279 28.074403 -4.069160 3.122247 -70.386370 -7.125874 1.750869 -57.943022 0.250978 0.657703 -0.233926 0.028268 0.072121 2.451903 -0.000917 0.100647 2.451934 4.817893 0.470094 -0.811228 -1.855689 1.800112 -5.912838 -0.951371 1.563801 -5.573191 -6.247580 -5.237220 -16.504865 8.521240 0.793465 -0.155135 1.612617 0.056485 3.346616 6.107615 2.552172 12.467761 14.112847 10.229059 -29.612234 -0.000061 -0.000322 -32.027672 -0.268266 0.227151 48.842413 -0.000107 -0.000115 -38.294740 -0.000019 -0.000034 -2.721284 0.000017 -0.000023 0.159845 -0.000189 -0.000144 -59.543957 -23.900792 -11.935528 -2.554915 34.949224 16.671928 -5.206573 -0.000104 -0.000122 -40.306965 0.000033 0.000034 -0.000044 4.583825 4.036704 5.093840 -2.593364 -6.171212 9.951446 0.000001 -0.000060 0.000039 0.024355 -0.029974 11.786766 -0.000062 0.000004 -0.000088 0.023224 -0.032329 11.715987 1.678576 -25.615627 5.134322 0.050373 0.015288 11.756005 1.223658 16.319755 -0.495765 0.050231 0.014941 11.743068 -0.000086 -0.000030 -7.578622 -0.004382 -0.052767 11.750671 0.000063 -0.000011 11.750661 
0.000000 0.000000 0.000000 0.000008 0.000000 -0.000000 -0.000000 0.000000 -0.000000 1.482810 -3.847968 50.589835 0.000001 0.000002 0.000001 -3.469502 -13.284253 -8.437325 1.045917 8.327637 -9.858739 -2.026608 5.149196 14.802362 -1.243149 -0.036138 48.729612 0.861155 0.205989 34.971491 0.075545 0.938687 0.058281 -5.535547 5.305440 -23.717422 5.080068 -0.899472 -26.341622 -6.492838 -2.493051 35.703311 5.716007 0.838003 -37.187989 5.009462 0.046757 1.024344 0.000004 -0.000025 -0.000019 5.648841 0.866585 -30.896600 -1.532049 0.019956 -7.767015 6.235088 2.291842 34.057844 -8.986409 -2.207397 -37.608746 -2.212683 0.898503 -8.679197 0.008451 -0.000128 0.038663 -1.445843 -1.172319 -0.550474 3.292824 3.753530 -29.672206 0.163011 -0.175386 0.016910 -0.030167 0.589503 0.131721 0.000078 -0.000112 -0.000061 -0.000014 -0.069867 0.027954 3.697599 0.523969 -1.165318 -0.602732 -0.145481 0.237528 -3.234853 -0.707002 1.192652 -4.958494 -0.284499 2.099120 9.135521 3.356849 15.770138 -12.807347 2.821526 21.068711 0.626377 -1.674149 44.718615 4.646375 -2.173792 -86.088462 5.933554 -4.035196 -75.695203 0.560391 -3.893677 -5.261487 -0.802203 0.160618 -0.479861 -0.804180 0.123497 -0.482652 9.772671 1.787023 -9.767661 0.194063 1.397410 0.659161 -0.388298 1.371595 35.314660 -4.399253 3.233249 -86.380999 -7.640706 2.742532 -68.024026 0.246532 0.646072 -0.229779 0.028269 0.072123 2.451898 -0.000916 0.100645 2.451937 4.818181 0.470120 -0.811253 -1.800825 1.552103 -5.130995 0.110857 1.646944 -5.510065 -6.048960 -5.080696 -15.200907 8.676808 0.810275 -0.162165 1.053300 -0.023904 4.247602 6.263797 2.611175 12.755187 14.076720 9.471599 -32.321623 -0.000062 -0.000322 -32.027672 -0.533264 0.431759 51.392587 -0.000110 -0.000117 -39.047215 -0.000019 -0.000034 -2.721293 0.000018 -0.000023 0.159847 -0.000194 -0.000145 -60.721980 -23.900796 -11.935531 -2.554912 34.949245 16.671923 -5.206593 -0.000107 -0.000124 -41.038379 0.000033 0.000035 -0.000046 4.582932 4.038300 5.108446 -3.619918 -7.136881 10.301473 -0.000029 -0.000065 0.000070 0.024208 -0.030002 11.786611 0.000040 -0.000044 -0.000008 0.023238 -0.032323 11.715965 2.163266 -28.029935 5.645186 0.050258 0.015102 11.756000 1.495794 19.421069 -0.765353 0.050132 0.014751 11.743115 -0.000092 -0.000037 -8.524503 -0.004520 -0.052602 11.750658 0.000062 -0.000011 11.750662 
0.000000 0.000000 0.000000 0.000008 0.000000 -0.000000 -0.000000 0.000000 -0.000000 1.520211 -4.280483 50.788795 0.000001 0.000002 -0.000004 -2.393473 -12.536466 -5.133190 1.166032 6.862511 -13.382128 -1.657921 6.599885 9.262689 -2.220172 0.929074 46.252545 0.022529 1.475079 39.960257 0.078249 0.954368 0.225306 -5.210295 6.046061 -24.837104 4.988036 -0.860508 -25.836893 -6.591568 -2.573377 36.343283 5.858198 0.485784 -37.548183 5.200497 0.050387 1.054396 0.000004 -0.000026 -0.000019 5.244486 1.114243 -32.709807 -1.285755 0.002714 -6.516441 6.369544 2.395384 34.911501 -8.685783 -2.126933 -37.769502 -2.386830 0.842870 -9.160429 0.008451 -0.000127 0.038663 -1.461602 -1.177049 -0.341328 3.730249 4.117322 -30.303528 0.163011 -0.175386 0.016906 -0.032964 0.601362 0.335371 0.000078 -0.000113 -0.000055 -0.000015 -0.083883 0.027955 3.697602 0.523964 -1.165316 -0.602737 -0.145479 0.237529 -3.234851 -0.707000 1.192653 -4.857407 -0.322008 2.781000 9.794994 2.534489 9.887452 -14.306196 2.045696 24.392202 0.557816 -1.596989 42.200262 5.358071 -1.781746 -80.832065 5.937316 -3.905413 -71.242582 0.564178 -3.932481 -5.313499 -0.802231 0.160617 -0.479863 -0.804180 0.123497 -0.482653 9.523292 1.533176 -9.417185 0.029446 1.380288 -3.517947 -0.549259 1.587111 41.879421 -4.626053 3.303814 -99.678319 -7.916667 3.606270 -76.247512 0.242089 0.634417 -0.225592 0.028270 0.072121 2.451899 -0.000916 0.100647 2.451938 4.818148 0.470125 -0.811248 -2.019557 1.591758 -5.283045 0.555266 1.700850 -5.552055 -5.865457 -4.932357 -13.995193 8.833929 0.827246 -0.169297 -0.282600 -0.152940 4.332637 6.421229 2.671564 13.045342 14.031206 8.792606 -34.084048 -0.000061 -0.000322 -32.027672 -0.768530 0.611489 52.734285 -0.000112 -0.000118 -39.524505 -0.000019 -0.000034 -2.721295 0.000018 -0.000024 0.159837 -0.000197 -0.000145 -61.471989 -23.900794 -11.935532 -2.554910 34.949272 16.671916 -5.206643 -0.000108 -0.000124 -41.500871 0.000033 0.000035 -0.000044 4.582027 4.039899 5.123204 -3.819101 -7.437772 10.547355 -0.000087 -0.000052 0.000110 0.024227 -0.030002 11.786629 0.000043 -0.000042 0.000006 0.023253 -0.032322 11.715941 2.710533 -30.474521 6.192950 0.050272 0.015132 11.756005 1.803696 22.629872 -1.095603 0.050146 0.014773 11.743108 -0.000098 -0.000045 -9.464404 -0.004503 -0.052623 11.750664 0.000062 -0.000010 11.750660 
0.000000 0.000000 0.000000 0.000008 0.000000 -0.000000 -0.000000 0.000000 -0.000000 1.541665 -4.509021 50.852042 0.000001 0.000002 0.000004 -1.336760 -11.490163 -1.147588 0.881798 4.551884 -16.952485 -1.078792 7.505073 4.366773 -3.837710 2.967129 41.683780 -0.374597 1.843314 44.759865 0.080761 0.969314 0.413263 -5.141139 6.578072 -25.277188 5.100946 -0.908454 -26.456447 -6.746349 -2.703060 37.358369 5.978250 0.209052 -37.726844 5.393428 0.054189 1.084628 0.000004 -0.000026 -0.000019 4.973790 1.298113 -33.587127 -1.300802 0.003614 -6.592791 6.563667 2.550617 36.161436 -8.491904 -2.213192 -37.837984 -2.556889 0.787339 -9.612888 0.008451 -0.000131 0.038663 -1.476584 -1.181628 -0.113292 3.781068 4.111418 -30.684014 0.163011 -0.175386 0.016905 -0.035684 0.612640 0.558223 0.000077 -0.000112 -0.000055 0.000006 -0.125903 0.027953 3.697587 0.523971 -1.165275 -0.602731 -0.145480 0.237529 -3.234855 -0.707002 1.192654 -4.762087 -0.358905 3.417438 9.864752 1.547277 3.444052 -15.182286 0.735509 27.479787 0.482995 -1.504295 39.293986 6.385249 -1.150565 -75.585455 5.902031 -3.776510 -65.698852 0.567791 -3.971640 -5.366005 -0.802259 0.160619 -0.479866 -0.804180 0.123498 -0.482655 9.275513 1.249954 -8.764241 -0.150122 1.493183 -6.812003 -0.691906 1.742181 47.021023 -4.734653 3.212467 -108.415572 -7.989156 4.158696 -81.435963 0.237536 0.622426 -0.221372 0.028270 0.072122 2.451926 -0.000916 0.100645 2.451936 4.818128 0.470106 -0.811263 -2.158449 0.718708 -2.636073 0.244947 2.186065 -7.242446 -5.692933 -4.787409 -12.827796 10.056383 0.955455 -0.219066 -2.714078 -0.444956 6.842454 5.149267 2.011501 9.571557 13.980433 8.147399 -35.289286 -0.000062 -0.000322 -32.027672 -0.989668 0.785376 53.342965 -0.000113 -0.000118 -39.843335 -0.000020 -0.000034 -2.721293 0.000017 -0.000024 0.159842 -0.000199 -0.000146 -61.973400 -23.900792 -11.935528 -2.554909 34.949221 16.671928 -5.206572 -0.000110 -0.000125 -41.809937 0.000033 0.000034 -0.000046 4.581129 4.041511 5.138081 -3.955717 -8.096418 11.419732 0.000032 -0.000063 0.000018 0.024243 -0.029993 11.786650 0.000041 -0.000008 -0.000002 0.023283 -0.032313 11.715896 3.324295 -32.940592 6.783435 0.050280 0.015151 11.756028 2.159226 25.955194 -1.506988 0.050159 0.014804 11.743096 -0.000093 -0.000027 -10.338618 -0.004485 -0.052645 11.750659 0.000062 -0.000011 11.750660 
0.000000 0.000000 0.000000 0.000008 0.000000 -0.000000 -0.000000 0.000000 -0.000000 1.555659 -4.559586 50.880825 0.000001 0.000002 0.000001 -0.454975 -10.387425 2.723551 0.144147 1.800994 -20.380168 -0.407256 7.885403 -0.163586 -5.331955 5.830363 35.793719 -0.793004 2.170668 49.469677 0.082858 0.982238 0.613662 -5.331780 6.962554 -25.057001 5.446786 -1.064425 -28.372068 -6.977822 -2.905943 38.905140 6.089200 0.003755 -37.776465 5.582630 0.058054 1.114194 0.000004 -0.000026 -0.000019 4.835443 1.405150 -33.579283 -1.615574 0.027032 -8.191573 6.848886 2.791704 38.038720 -8.406349 -2.426150 -37.910139 -2.724054 0.734200 -10.056650 0.008451 -0.000127 0.038663 -1.489515 -1.185673 0.121789 3.830852 4.105306 -31.057113 0.163010 -0.175387 0.016908 -0.038101 0.622384 0.788798 0.000078 -0.000113 -0.000051 0.000033 -0.195928 0.027954 3.697554 0.523971 -1.165290 -0.602731 -0.145479 0.237528 -3.234848 -0.706999 1.192652 -4.667538 -0.395667 4.099356 9.271925 0.629131 -2.262828 -15.065905 -0.429699 29.239562 0.424749 -1.424869 36.891180 7.303286 -0.424829 -71.666648 5.851132 -3.734560 -60.739479 0.571513 -4.010083 -5.417551 -0.802314 0.160618 -0.479868 -0.804181 0.123498 -0.482655 9.031289 0.898010 -7.744193 -0.328045 1.752496 -9.436772 -0.819887 1.860245 51.269855 -4.773175 2.959907 -113.201834 -7.971123 4.413954 -83.978057 0.232990 0.610888 -0.217177 0.028271 0.072121 2.451925 -0.000916 0.100645 2.451938 4.818068 0.470102 -0.811256 -2.106542 -0.935985 2.645726 -0.425765 3.062036 -10.267530 -5.523559 -4.636316 -11.625904 11.255281 1.080045 -0.270550 -5.774999 -0.851648 11.710825 2.183858 0.747258 3.316272 13.905648 7.474873 -36.492174 -0.000062 -0.000322 -32.027665 -1.225114 0.972273 53.910622 -0.000114 -0.000119 -40.168947 -0.000019 -0.000034 -2.721287 0.000018 -0.000023 0.159844 -0.000201 -0.000146 -62.485856 -23.900792 -11.935528 -2.554910 34.949221 16.671928 -5.206574 -0.000111 -0.000126 -42.130659 0.000033 0.000035 -0.000051 4.580231 4.043098 5.152700 -4.689803 -9.828676 13.111243 0.000027 -0.000061 0.000026 0.024274 -0.029986 11.786693 0.000037 -0.000012 0.000003 0.023339 -0.032302 11.715807 3.988738 -35.347424 7.403407 0.050302 0.015195 11.756030 2.544669 29.213351 -1.946212 0.050183 0.014848 11.743091 -0.000098 -0.000032 -11.067840 -0.004451 -0.052686 11.750658 0.000062 -0.000010 11.750660 
0.000000 0.000000 0.000000 0.000008 0.000000 -0.000000 -0.000000 0.000000 -0.000000 1.572713 -4.511743 50.962968 0.000001 0.000002 0.000002 0.248529 -9.083965 6.883633 -0.807724 -0.609604 -23.482699 0.274082 7.195618 -4.782887 -6.060039 8.782054 29.677459 -1.930373 2.978456 51.669507 0.084458 0.992675 0.829894 -5.703743 7.328016 -24.419140 5.984009 -1.335193 -31.407979 -7.291489 -3.199259 41.062209 6.214959 -0.185091 -37.794579 5.773713 0.062089 1.143993 0.000004 -0.000027 -0.000019 4.772503 1.463578 -33.005830 -2.180803 0.091381 -11.072836 7.229444 3.139604 40.629073 -8.382403 -2.705200 -38.073035 -2.877443 0.696243 -10.462132 0.008451 -0.000128 0.038663 -1.498137 -1.188498 0.366907 3.881086 4.098816 -31.433883 0.163011 -0.175386 0.016910 -0.040117 0.630203 1.029356 0.000076 -0.000113 -0.000060 0.000123 -0.349962 0.027949 3.697503 0.523971 -1.165258 -0.602732 -0.145479 0.237526 -3.234846 -0.707000 1.192656 -4.570758 -0.433001 4.839993 7.990191 -0.013033 -6.161584 -13.775437 -0.823705 28.703009 0.398044 -1.385978 35.740444 7.796590 0.199558 -70.144820 5.821189 -3.859160 -57.744571 0.575240 -4.048931 -5.469580 -0.802423 0.160618 -0.479875 -0.804181 0.123498 -0.482655 8.783122 0.450351 -6.208253 -0.502247 2.167215 -11.984375 -0.964783 1.974731 55.776366 -4.797332 2.614083 -116.288479 -7.919865 4.531334 -85.329171 0.225308 0.590677 -0.209986 0.028271 0.072122 2.451927 -0.000916 0.100647 2.451933 4.817972 0.470086 -0.811245 -2.858841 -1.372889 3.909447 -1.221165 3.486695 -11.842756 -5.352827 -4.474929 -10.361098 13.383848 1.276933 -0.377649 -8.913244 -1.170293 12.698286 -1.254401 -0.105852 -0.054938 13.799851 6.764347 -37.710987 -0.000061 -0.000322 -32.027669 -1.476190 1.173357 54.438281 -0.000116 -0.000119 -40.510030 -0.000019 -0.000033 -2.721289 0.000018 -0.000023 0.159842 -0.000203 -0.000146 -63.017900 -23.900794 -11.935528 -2.554910 34.949224 16.671928 -5.206577 -0.000112 -0.000126 -42.454571 0.000033 0.000035 -0.000050 4.579329 4.044701 5.167445 -4.151958 -10.609024 14.816912 0.000022 -0.000058 0.000025 0.024343 -0.029968 11.786780 0.000020 -0.000015 -0.000024 0.023220 -0.032329 11.715986 4.725323 -37.757989 8.076485 0.050358 0.015284 11.756052 2.996786 32.563565 -2.489368 0.050235 0.014946 11.743063 -0.000101 -0.000037 -11.616197 -0.004381 -0.052770 11.750662 0.000062 -0.000010 11.750663 
0.000000 0.000000 0.000000 0.000008 0.000000 -0.000000 -0.000000 0.000000 -0.000000 1.588568 -4.377457 51.050015 0.000001 0.000002 0.000000 0.763184 -7.726337 11.051387 -1.811967 -2.477442 -26.541335 0.645349 4.925273 -9.505394 -6.168501 11.750004 23.764506 -4.436890 4.993539 50.522721 0.085407 0.999616 1.059796 -6.212804 7.659196 -23.527307 6.629843 -1.710252 -35.173514 -7.652689 -3.566073 43.646517 6.361759 -0.362546 -37.774942 5.862500 0.064014 1.165543 0.000004 -0.000026 -0.000019 4.754450 1.493654 -32.040916 -2.907455 0.216930 -14.806783 7.657056 3.570846 43.678008 -8.408520 -3.040076 -38.279133 -3.032406 0.659203 -10.871354 0.008451 -0.000129 0.038663 -1.506772 -1.191372 0.614411 3.929504 4.090320 -31.812228 0.163011 -0.175386 0.016908 -0.041546 0.635368 1.275396 0.000077 -0.000113 -0.000056 -0.000041 -0.027874 0.027952 3.697414 0.523949 -1.165238 -0.602729 -0.145478 0.237528 -3.234851 -0.707001 1.192656 -4.471525 -0.470497 5.633482 5.582172 -0.300527 -7.889144 -10.580640 -0.148862 24.757119 0.405976 -1.397703 36.085665 7.703974 0.715549 -71.867961 5.828988 -4.280537 -57.311926 0.578851 -4.088144 -5.522201 -0.802206 0.160619 -0.479859 -0.804181 0.123497 -0.482651 8.535868 -0.066750 -4.301652 -0.655365 2.705543 -14.401555 -1.121470 2.079460 60.375799 -4.806537 2.190013 -117.917151 -7.850019 4.529637 -85.656897 0.217522 0.570306 -0.202703 0.028271 0.072121 2.451929 -0.000916 0.100645 2.451937 4.818178 0.470120 -0.811249 -3.558781 -2.008255 5.890160 -2.250564 3.117151 -10.973737 -5.181356 -4.303355 -9.039329 15.541952 1.472163 -0.493419 -11.877331 -1.494680 14.546529 -4.882285 -0.422122 0.255046 13.658025 6.024921 -38.928076 -0.000062 -0.000322 -32.027672 -1.735711 1.386150 54.907488 -0.000117 -0.000120 -40.854397 -0.000019 -0.000034 -2.721291 0.000018 -0.000024 0.159844 -0.000205 -0.000146 -63.560832 -23.900796 -11.935527 -2.554910 34.949221 16.671927 -5.206574 -0.000113 -0.000126 -42.789547 0.000033 0.000035 -0.000044 4.581427 4.044052 5.190858 -2.818620 -11.230388 17.244407 0.000018 -0.000054 0.000025 0.024212 -0.030048 11.786612 -0.000016 -0.000006 -0.000038 0.023225 -0.032329 11.715989 5.539379 -40.162585 8.809694 0.050261 0.015104 11.755980 3.511998 35.942709 -3.093382 0.050132 0.014756 11.743111 -0.000104 -0.000039 -11.918799 -0.004520 -0.052603 11.750661 0.000062 -0.000010 11.750661 
0.000000 0.000000 0.000000 0.000008 0.000000 -0.000000 -0.000000 0.000000 -0.000000 1.598856 -4.177161 51.092247 0.000001 0.000002 0.000001 1.015364 -6.318409 15.146754 -2.824159 -3.982402 -29.176260 0.435077 1.730924 -14.140927 -5.556828 14.463790 17.686575 -7.314826 7.972232 47.179105 0.085571 1.002130 1.293795 -6.796125 7.937149 -22.559242 7.288370 -2.154831 -39.175315 -8.018825 -3.974091 46.396912 6.527281 -0.530493 -37.714696 5.949544 0.065931 1.186769 0.000004 -0.000026 -0.000019 4.756009 1.510734 -30.873725 -3.687682 0.407152 -18.871191 8.076861 4.042622 46.846229 -8.469840 -3.407460 -38.473793 -3.166879 0.642881 -11.235329 0.008451 -0.000130 0.038663 -1.509164 -1.192384 0.855055 3.748354 3.922030 -31.973034 0.163011 -0.175387 0.016907 -0.042186 0.637204 1.515171 0.000077 -0.000113 -0.000052 -0.000035 -0.041863 0.027950 3.697614 0.523975 -1.165312 -0.602734 -0.145480 0.237523 -3.234850 -0.707003 1.192657 -4.372602 -0.506672 6.448542 2.202256 -0.316207 -8.259720 -5.793418 0.994770 18.227970 0.435444 -1.439988 37.342932 7.318320 1.238644 -75.918939 5.855522 -4.926615 -58.408977 0.582418 -4.126593 -5.573795 -0.802232 0.160618 -0.479861 -0.804181 0.123498 -0.482657 8.300520 -0.609091 -2.240953 -0.771318 3.312235 -16.575896 -1.278586 2.167490 64.771025 -4.797296 1.718749 -118.359802 -7.760700 4.430325 -85.151975 0.209807 0.550303 -0.195547 0.028271 0.072121 2.451926 -0.000916 0.100645 2.451937 4.818156 0.470126 -0.811246 -3.170702 -3.749601 12.232100 -3.525027 2.281626 -8.708355 -5.014851 -4.127096 -7.707469 18.467942 1.707251 -0.637918 -14.619714 -1.887224 20.645884 -8.772230 -0.655504 1.222748 13.482308 5.288513 -40.092001 -0.000062 -0.000322 -32.027672 -1.989568 1.600398 55.284337 -0.000118 -0.000121 -41.192130 -0.000019 -0.000034 -2.721288 0.000018 -0.000023 0.159844 -0.000208 -0.000146 -64.093170 -23.900790 -11.935528 -2.554910 34.949221 16.671930 -5.206574 -0.000114 -0.000127 -43.117997 0.000033 0.000035 -0.000050 4.887542 3.823957 6.065849 -2.087213 -12.861549 20.156484 0.000001 -0.000057 0.000039 0.024228 -0.030044 11.786641 -0.000058 0.000041 -0.000080 0.023240 -0.032325 11.715963 6.410171 -42.482899 9.586043 0.050274 0.015126 11.755982 4.097093 39.251977 -3.794836 0.050149 0.014769 11.743108 -0.000103 -0.000039 -11.918063 -0.004503 -0.052623 11.750664 0.000062 -0.000011 11.750660 
0.000000 0.000000 0.000000 0.000008 0.000000 -0.000000 -0.000000 0.000000 -0.000000 1.600299 -3.919407 51.042543 0.000001 0.000002 0.000001 1.071075 -4.906726 19.265421 -3.547592 -5.079151 -30.237172 -0.324587 -1.488862 -19.058398 -3.925308 15.565584 11.040499 -9.448768 11.458266 42.213834 0.084837 0.999372 1.536363 -7.425719 8.161612 -21.604218 7.920493 -2.649298 -43.212684 -8.375635 -4.412769 49.232338 6.715010 -0.702901 -37.607834 5.941856 0.065763 1.190586 0.000004 -0.000026 -0.000019 4.759457 1.525019 -29.583325 -4.475323 0.660425 -23.055479 8.469956 4.536614 50.011533 -8.555188 -3.805223 -38.613153 -3.287468 0.644036 -11.574498 0.008451 -0.000128 0.038663 -1.506287 -1.191787 1.090150 3.564938 3.752569 -32.135938 0.163011 -0.175386 0.016902 -0.041876 0.635041 1.751237 0.000078 -0.000112 -0.000052 -0.000014 -0.069867 0.027952 3.697614 0.523973 -1.165309 -0.602733 -0.145477 0.237529 -3.234848 -0.707000 1.192653 -4.270920 -0.542253 7.302258 -1.538882 -0.083484 -7.732986 -0.280154 1.840754 10.495928 0.481595 -1.502467 39.237815 6.931959 1.737887 -81.250626 5.851734 -5.624401 -60.235602 0.585046 -4.154861 -5.611625 -0.802260 0.160620 -0.479864 -0.804180 0.123498 -0.482653 8.069560 -1.164230 -0.120225 -0.850191 3.967952 -18.523587 -1.432908 2.239409 68.926103 -4.765610 1.203896 -117.914282 -7.662411 4.261935 -84.013157 0.202021 0.530114 -0.188330 0.028271 0.072122 2.451927 -0.000916 0.100644 2.451937 4.818122 0.470104 -0.811262 -3.029114 -4.409087 14.808798 -4.790705 1.003347 -4.977609 -4.848721 -3.941497 -6.333176 21.425579 1.916467 -0.783720 -17.041003 -2.164770 23.067789 -12.233038 -0.687016 3.205069 13.266483 4.543099 -41.220601 -0.000062 -0.000322 -32.027672 -2.237946 1.819394 55.581747 -0.000119 -0.000121 -41.533182 -0.000019 -0.000033 -2.721286 0.000018 -0.000023 0.159845 -0.000210 -0.000146 -64.630815 -23.900790 -11.935529 -2.554910 34.949224 16.671930 -5.206572 -0.000116 -0.000128 -43.449705 0.000033 0.000035 -0.000046 5.199977 3.606436 6.950467 -1.806774 -13.811723 21.592702 -0.000030 -0.000062 0.000067 0.024242 -0.030040 11.786662 0.000039 -0.000045 -0.000011 0.023250 -0.032322 11.715937 7.365886 -44.779318 10.434051 0.050289 0.015152 11.755988 4.774375 42.587736 -4.585962 0.050158 0.014798 11.743094 -0.000102 -0.000037 -11.670723 -0.004485 -0.052644 11.750663 0.000063 -0.000011 11.750660 
0.000000 0.000000 0.000000 0.000008 0.000000 -0.000000 -0.000000 0.000000 -0.000000 1.589611 -3.617457 50.848494 0.000001 0.000002 -0.000002 0.880676 -3.551199 23.076533 -3.694290 -5.716984 -29.029226 -1.741161 -4.578610 -25.243244 -1.767640 13.945645 4.015785 -10.606530 15.856216 35.233053 0.083068 0.990329 1.785047 -8.057978 8.324991 -20.749473 8.480124 -3.151948 -46.992665 -8.702485 -4.857099 51.997042 6.919279 -0.891158 -37.449050 5.934103 0.065594 1.194411 0.000004 -0.000025 -0.000019 4.754708 1.538792 -28.244670 -5.215047 0.958260 -27.084775 8.812960 5.018134 52.974380 -8.652403 -4.219731 -38.643701 -3.381546 0.676015 -11.868924 0.008451 -0.000129 0.038663 -1.497087 -1.189223 1.314401 3.378418 3.581619 -32.296000 0.163011 -0.175386 0.016907 -0.040389 0.628119 1.978650 0.000078 -0.000112 -0.000058 -0.000015 -0.083883 0.027954 3.697587 0.523969 -1.165277 -0.602735 -0.145481 0.237527 -3.234846 -0.707001 1.192658 -4.166283 -0.576882 8.188185 -4.924587 0.338184 -6.740633 4.712216 1.927994 3.238245 0.538532 -1.574009 41.468428 6.822054 2.110668 -86.702551 5.807980 -6.176675 -61.978632 0.587631 -4.183452 -5.649964 -0.802314 0.160618 -0.479861 -0.804181 0.123497 -0.482652 7.839809 -1.703831 1.901756 -0.894354 4.634233 -20.188292 -1.575753 2.294364 72.661157 -4.710307 0.662758 -116.847557 -7.541354 4.041023 -82.402517 0.194225 0.509698 -0.181037 0.028271 0.072121 2.451929 -0.000916 0.100645 2.451939 4.818108 0.470121 -0.811236 -3.064122 -4.327195 14.477414 -5.817391 -0.778582 0.693193 -4.683468 -3.746873 -4.922956 24.991044 2.131449 -0.955339 -19.153787 -2.358003 22.727034 -14.110887 -0.351213 6.545057 13.009429 3.798737 -42.295263 -0.000062 -0.000322 -32.027676 -2.473660 2.039234 55.755589 -0.000353 -0.000029 -41.858763 -0.000019 -0.000034 -2.721290 0.000018 -0.000024 0.159844 -0.000215 -0.000145 -65.148776 -23.900790 -11.935527 -2.554912 34.949248 16.671923 -5.206593 -0.000275 -0.000065 -43.764468 0.000033 0.000035 -0.000048 6.104726 3.081646 9.292403 -1.355897 -12.174882 20.250300 -0.000092 -0.000055 0.000111 0.024277 -0.030025 11.786705 0.000041 -0.000045 -0.000009 0.023284 -0.032311 11.715895 8.412474 -47.041176 11.361184 0.050309 0.015200 11.755993 5.567297 45.909646 -5.509734 0.050189 0.014854 11.743090 -0.000099 -0.000034 -11.277882 -0.004450 -0.052687 11.750663 0.000062 -0.000010 11.750663 
0.000000 0.000000 0.000000 0.000008 0.000000 -0.000000 -0.000000 0.000000 -0.000000 1.565282 -3.295237 50.473011 0.000001 0.000002 -0.000001 0.525858 -2.273151 26.813427 -3.385055 -6.001645 -26.240101 -3.843561 -7.354230 -31.632771 -0.085321 10.461776 -3.022867 -10.110196 20.692386 26.572923 0.080251 0.974512 2.030023 -8.633001 8.419263 -20.065451 8.925299 -3.603360 -50.175574 -8.975954 -5.266595 54.464376 7.123025 -1.101355 -37.241145 5.926500 0.065423 1.198148 0.000004 -0.000024 -0.000019 4.739337 1.548388 -26.941847 -5.847773 1.262988 -30.629823 9.083494 5.438831 55.480370 -8.746678 -4.623983 -38.517783 -3.473625 0.707842 -12.157531 0.008451 -0.000128 0.038663 -1.481169 -1.184513 1.516894 3.108830 3.374915 -31.958387 0.163011 -0.175386 0.016914 -0.037616 0.616154 2.186658 0.000077 -0.000112 -0.000059 0.000006 -0.125903 0.027952 3.697589 0.523974 -1.165279 -0.602736 -0.145481 0.237529 -3.234854 -0.707000 1.192658 -4.061698 -0.609199 9.072975 -7.181640 0.822665 -5.763167 7.767640 1.317526 -1.742900 0.597032 -1.641958 43.655909 7.207580 2.202735 -90.985244 5.737566 -6.385267 -62.799737 0.590180 -4.211470 -5.687482 -0.802420 0.160617 -0.479875 -0.804181 0.123498 -0.482655 7.611967 -2.186588 3.618381 -0.914811 5.255127 -21.483535 -1.695152 2.332351 75.718712 -4.637536 0.129254 -115.484688 -7.413130 3.800171 -80.579389 0.186505 0.489742 -0.173884 0.028270 0.072122 2.451902 -0.000916 0.100645 2.451938 4.818014 0.470092 -0.811251 -2.368998 -4.669382 16.045453 -6.666349 -2.696143 7.860002 -4.524439 -3.549558 -3.525597 28.489474 2.303614 -1.116409 -20.732979 -2.536340 24.302834 -15.540393 0.174718 10.827604 12.720800 3.086290 -43.270379 -0.000062 -0.000322 -32.027672 -2.682251 2.249849 55.818775 -0.000580 0.000062 -42.178013 -0.000019 -0.000034 -2.721286 0.000018 -0.000024 0.159844 -0.000514 -0.000027 -65.653213 -23.900794 -11.935529 -2.554912 34.949245 16.671925 -5.206648 -0.000432 -0.000003 -44.073107 0.000033 0.000035 -0.000046 7.052409 2.656899 11.598798 -1.186978 -9.669710 17.222342 0.000032 -0.000066 0.000019 0.024343 -0.030008 11.786782 0.000041 -0.000046 -0.000006 0.023344 -0.032302 11.715804 9.522586 -49.195110 12.344754 0.050359 0.015292 11.756012 6.468270 49.112332 -6.547024 0.050236 0.014944 11.743061 -0.000096 -0.000030 -10.771047 -0.004380 -0.052769 11.750660 0.000062 -0.000010 11.750657 
0.000000 0.000000 0.000000 0.000008 0.000000 -0.000000 -0.000000 0.000000 -0.000000 1.524985 -2.957329 49.856874 0.000001 0.000002 -0.000001 0.026233 -1.159914 29.882549 -2.832436 -6.114488 -22.419538 -5.830640 -9.375223 -35.775834 0.717955 6.283588 -10.625372 -7.354912 23.490440 17.097697 0.076203 0.950634 2.276007 -9.126227 8.442288 -19.548432 9.251576 -3.968349 -52.631648 -9.192666 -5.620584 56.543748 7.316725 -1.352317 -36.975034 5.918825 0.065257 1.201946 0.000004 -0.000026 -0.000019 4.715772 1.546387 -25.657863 -6.363077 1.548282 -33.600316 9.280899 5.773572 57.427192 -8.829371 -5.014227 -38.179019 -3.534943 0.773597 -12.396521 0.008451 -0.000128 0.038663 -1.457189 -1.177216 1.698724 2.837796 3.164594 -31.618472 0.163011 -0.175386 0.016903 -0.033286 0.598109 2.376813 0.000078 -0.000112 -0.000056 0.000034 -0.195928 0.027950 3.697589 0.523973 -1.165274 -0.602733 -0.145481 0.237532 -3.234851 -0.706998 1.192655 -3.953117 -0.639660 9.976818 -8.531604 1.388894 -4.482976 9.140627 0.133259 -4.778230 0.666058 -1.715841 46.122830 8.147273 2.041292 -94.463763 5.650452 -6.262891 -62.478561 0.592567 -4.239757 -5.725419 -0.802202 0.160618 -0.479859 -0.804181 0.123497 -0.482656 7.369797 -2.600259 4.924703 -0.931623 5.813302 -22.398924 -1.786380 2.356742 78.022993 -4.555682 -0.395377 -114.069937 -7.274344 3.556262 -78.678431 0.178858 0.469472 -0.166698 0.028270 0.072122 2.451899 -0.000916 0.100648 2.451938 4.818182 0.470105 -0.811268 -1.387873 -4.838292 17.032076 -7.275014 -4.726128 15.084042 -4.366183 -3.343728 -2.106155 32.362328 2.450820 -1.282218 -21.366430 -2.615394 25.380626 -19.202665 0.559402 15.590627 12.395042 2.393500 -44.158061 -0.000062 -0.000322 -32.027676 -2.866336 2.455668 55.733278 -0.000123 -0.000123 -42.474443 -0.000019 -0.000034 -2.721293 0.000018 -0.000024 0.159840 -0.000216 -0.000147 -66.124496 -23.900789 -11.935528 -2.554912 34.949221 16.671930 -5.206572 -0.000119 -0.000130 -44.357564 0.000033 0.000035 -0.000055 8.399365 2.234757 14.663375 -3.458208 -9.344598 13.897572 0.000029 -0.000066 0.000016 0.024225 -0.030009 11.786596 0.000039 -0.000047 -0.000007 0.023224 -0.032325 11.715989 10.730310 -51.296572 13.417845 0.050256 0.015105 11.755977 7.525498 52.273828 -7.747112 0.050133 0.014751 11.743114 -0.000102 -0.000050 -10.151685 -0.004520 -0.052603 11.750663 0.000062 -0.000010 11.750662 
0.000000 0.000000 0.000000 0.000008 0.000000 -0.000000 -0.000000 0.000000 -0.000000 1.467074 -2.617677 48.943544 0.000001 0.000002 0.000001 -0.596188 -0.097775 32.981085 -2.034208 -5.997134 -17.312504 -6.968166 -10.810628 -36.571131 0.345355 1.664336 -19.966246 -3.371011 22.204940 7.505510 0.070800 0.917496 2.520345 -9.494754 8.386547 -19.189751 9.441552 -4.196090 -54.118840 -9.340315 -5.879449 58.036677 7.480417 -1.656683 -36.646455 5.709196 0.060716 1.145450 0.000004 -0.000024 -0.000019 4.691283 1.521183 -24.398885 -6.733317 1.775583 -35.789638 9.395263 5.980124 58.609942 -8.887990 -5.373368 -37.566126 -3.572750 0.864304 -12.598795 0.008451 -0.000128 0.038663 -1.424021 -1.166947 1.854190 2.543739 2.953680 -30.631080 0.163011 -0.175386 0.016909 -0.027162 0.573143 2.543810 0.000077 -0.000112 -0.000059 0.000122 -0.349962 0.027955 3.697536 0.523967 -1.165284 -0.602735 -0.145481 0.237532 -3.234851 -0.707000 1.192654 -3.842971 -0.668677 10.889553 -9.588515 2.088701 -2.530591 9.799509 -1.530229 -7.150347 0.754615 -1.801968 49.137016 9.447851 1.716464 -98.030816 5.533431 -5.970949 -61.541364 0.595146 -4.268338 -5.763699 -0.802229 0.160617 -0.479864 -0.804181 0.123497 -0.482653 7.102838 -2.916301 5.647272 -0.969947 6.271344 -22.872038 -1.840516 2.369378 79.379441 -4.481077 -0.894422 -112.895671 -7.131606 3.330411 -76.896401 0.169795 0.446029 -0.158306 0.028270 0.072123 2.451898 -0.000916 0.100645 2.451938 4.818183 0.470107 -0.811273 -0.398037 -3.902890 13.580048 -8.183500 -6.819879 24.157221 -4.211587 -3.131961 -0.673727 36.276289 2.555108 -1.432150 -20.683382 -2.502271 22.739365 -27.226990 0.784191 21.976362 12.035160 1.729855 -44.937857 -0.000062 -0.000322 -32.027672 -3.015998 2.650365 55.486896 -0.000124 -0.000123 -42.747910 -0.000019 -0.000033 -2.721287 0.000018 -0.000023 0.159844 -0.000218 -0.000146 -66.561430 -23.900796 -11.935527 -2.554916 34.949221 16.671925 -5.206576 -0.000120 -0.000130 -44.622579 0.000033 0.000035 -0.000050 9.833864 1.988633 17.773044 -3.464692 -5.780757 8.185987 0.000028 -0.000059 0.000025 0.024241 -0.030001 11.786617 0.000038 -0.000046 -0.000006 0.023222 -0.032322 11.715987 12.040209 -53.334304 14.586523 0.050276 0.015128 11.755982 8.771033 55.373416 -9.140685 0.050150 0.014780 11.743105 -0.000098 -0.000045 -9.433615 -0.004503 -0.052623 11.750659 0.000062 -0.000011 11.750666 
0.000000 0.000000 0.000000 0.000008 0.000000 -0.000000 -0.000000 0.000000 -0.000000 1.392790 -2.299197 47.721254 0.000001 0.000002 -0.000002 -1.217398 0.739806 35.095633 -1.128609 -5.593055 -11.333627 -7.268082 -11.921282 -34.962365 -1.688466 -2.897972 -29.839587 -0.088025 18.078496 -1.769114 0.064158 0.875505 2.753559 -9.695326 8.250051 -18.965122 9.478507 -4.241814 -54.413600 -9.406022 -5.999898 58.724020 7.591203 -2.011805 -36.263940 5.503631 0.056423 1.090056 0.000004 -0.000024 -0.000019 4.674385 1.463776 -23.197520 -6.930370 1.904689 -36.976172 9.415943 6.018580 58.828672 -8.908360 -5.676883 -36.652479 -3.587810 0.979707 -12.767161 0.008451 -0.000129 0.038663 -1.382035 -1.153805 1.974758 2.259044 2.741993 -29.664089 0.163011 -0.175387 0.016908 -0.019300 0.541505 2.679042 0.000078 -0.000113 -0.000053 -0.000042 -0.027874 0.027954 3.697479 0.523959 -1.165259 -0.602732 -0.145479 0.237524 -3.234856 -0.707005 1.192656 -3.731939 -0.694414 11.780686 -10.332154 2.823791 -0.330347 9.776467 -3.337535 -8.874500 0.852212 -1.887155 52.298075 10.894740 1.206852 -101.413194 5.398909 -5.566828 -60.335214 0.597695 -4.296379 -5.801236 -0.802257 0.160618 -0.479864 -0.804180 0.123498 -0.482658 6.811164 -3.103458 5.630288 -1.054361 6.586692 -22.853623 -1.849926 2.371437 79.614481 -4.436554 -1.340446 -112.266098 -6.998125 3.147171 -75.468515 0.161006 0.423012 -0.150124 0.028296 0.072121 2.451901 -0.000916 0.100645 2.451938 4.818178 0.470119 -0.811256 1.204469 -2.327894 8.103406 -8.924084 -8.536398 33.376665 -4.062865 -2.919200 0.724906 40.293396 2.618219 -1.562926 -18.313522 -2.197383 18.690379 -37.330887 0.874729 28.514667 11.657153 1.121282 -45.573611 -0.000062 -0.000322 -32.027672 -3.123544 2.825366 55.079967 -0.000125 -0.000124 -42.988097 -0.000019 -0.000033 -2.721288 0.000018 -0.000023 0.159845 -0.000219 -0.000146 -66.944446 -23.900790 -11.935526 -2.554914 34.949221 16.671927 -5.206576 -0.000121 -0.000130 -44.842244 0.000033 0.000035 -0.000050 11.541154 1.934583 21.293926 0.979238 0.462941 0.010242 0.000028 -0.000062 0.000019 0.024260 -0.029996 11.786639 0.000037 -0.000044 -0.000006 0.023239 -0.032326 11.715967 13.414393 -55.242450 15.818079 0.050291 0.015150 11.755991 10.197819 58.304940 -10.715864 0.050159 0.014798 11.743101 -0.000093 -0.000039 -8.656394 -0.004485 -0.052644 11.750663 0.000062 -0.000010 11.750668 
0.000000 0.000000 0.000000 0.000008 0.000000 -0.000000 -0.000000 0.000000 -0.000000 1.307132 -1.968065 46.213149 0.000001 0.000002 -0.000006 -1.908741 1.541251 37.240189 -0.364934 -5.154021 -5.616154 -6.652979 -12.652537 -31.045078 -4.756361 -6.424280 -37.857252 1.717052 13.011734 -10.832911 0.055449 0.816193 3.005184 -9.763283 8.023861 -18.900742 9.382744 -4.124312 -53.653588 -9.415260 -6.017133 58.821972 7.685762 -2.423778 -35.927768 5.296011 0.052245 1.034183 0.000004 -0.000026 -0.000019 4.658777 1.379709 -21.980998 -6.993454 1.947266 -37.359410 9.357068 5.910008 58.209966 -8.884954 -5.968227 -35.422181 -3.602686 1.096289 -12.937116 0.008451 -0.000129 0.038663 -1.323221 -1.136519 2.061332 1.910565 2.524476 -28.068275 0.163011 -0.175386 0.016906 -0.007339 0.496914 2.788243 0.000078 -0.000113 -0.000055 -0.000035 -0.041862 0.027954 3.697616 0.523973 -1.165313 -0.602741 -0.145483 0.237526 -3.234849 -0.706998 1.192656 -3.617543 -0.717710 12.668545 -10.777245 3.541289 1.822881 9.152647 -5.043045 -10.101478 0.952172 -1.965214 55.392947 12.361599 0.494955 -104.540150 5.252603 -5.084380 -59.140443 0.599205 -4.313479 -5.824183 -0.802311 0.160618 -0.479869 -0.804181 0.123497 -0.482660 6.490719 -3.195843 5.066347 -1.194701 6.832603 -22.398717 -1.822228 2.365261 78.922071 -4.404250 -1.784369 -111.989114 -6.870314 2.985293 -74.223918 0.152198 0.399750 -0.141846 0.028325 0.072122 2.451900 -0.000915 0.100647 2.451939 4.818156 0.470127 -0.811249 4.041113 -1.821568 6.841082 -9.210314 -9.183757 37.683844 -3.916353 -2.700648 2.123448 44.349187 2.642004 -1.664457 -13.577690 -1.747448 18.662032 -46.199116 0.592855 31.333544 11.251594 0.567149 -46.100587 -0.000062 -0.000322 -32.027672 -3.182384 2.973443 54.532640 -0.000126 -0.000124 -43.205864 -0.000019 -0.000033 -2.721287 0.000018 -0.000023 0.159842 -0.000221 -0.000146 -67.290976 -23.900792 -11.935527 -2.554912 34.949217 16.671928 -5.206576 -0.000121 -0.000131 -45.064082 0.000033 0.000035 -0.000048 13.322417 2.135003 24.839559 0.597448 1.763784 -4.807887 0.000018 -0.000054 0.000028 0.024294 -0.029983 11.786687 0.000038 -0.000044 -0.000008 0.023252 -0.032319 11.715941 14.889584 -57.069728 17.147468 0.050311 0.015201 11.755993 11.882841 61.136996 -12.551372 0.050184 0.014851 11.743092 -0.000088 -0.000032 -7.813464 -0.004451 -0.052686 11.750663 0.000062 -0.000010 11.750663 
0.000000 0.000000 0.000000 0.000008 0.000000 -0.000000 -0.000000 0.000000 -0.000000 1.220576 -1.594841 44.515765 0.000001 0.000002 -0.000008 -2.436636 2.131301 37.986876 0.232785 -4.825303 -0.568704 -4.876468 -12.670527 -23.854381 -8.155633 -9.168454 -43.544809 1.961078 7.767582 -20.134076 0.044405 0.734696 3.295667 -9.757338 7.713463 -19.009882 9.191008 -3.898192 -52.166779 -9.398780 -5.986459 58.647556 7.801851 -2.877958 -35.723938 5.084298 0.048148 0.977474 0.000004 -0.000023 -0.000019 4.634748 1.279740 -20.706632 -6.977131 1.936190 -37.260092 9.241629 5.704879 57.030816 -8.816485 -6.285682 -33.930915 -3.655021 1.203243 -13.197550 0.008451 -0.000129 0.038663 -1.243003 -1.114566 2.116804 1.565008 2.295133 -26.458469 0.163011 -0.175386 0.016906 0.010219 0.435706 2.877433 0.000078 -0.000112 -0.000055 -0.000015 -0.069867 0.027957 3.697612 0.523972 -1.165314 -0.602735 -0.145480 0.237527 -3.234850 -0.706997 1.192655 -3.499684 -0.738270 13.545431 -10.900562 4.163676 3.555424 8.045788 -6.359467 -10.908068 1.043050 -2.029046 58.102937 13.680750 -0.401787 -107.231450 5.110803 -4.565710 -58.282940 0.600622 -4.330713 -5.847240 -0.802417 0.160618 -0.479878 -0.804180 0.123497 -0.482650 6.151977 -3.239623 4.263932 -1.379195 7.088781 -21.612033 -1.770616 2.352807 77.626548 -4.353052 -2.267827 -111.697410 -6.723976 2.812111 -72.894770 0.143254 0.376268 -0.133502 0.028380 0.072123 2.451901 -0.000916 0.100647 2.451938 4.818125 0.470106 -0.811266 6.600148 -0.913484 4.061747 -7.388561 -8.753037 36.467937 -3.772116 -2.477043 3.514204 48.393598 2.621570 -1.738681 -5.342223 -0.889986 15.228943 -53.437583 0.033915 30.809952 10.822803 0.081121 -46.540383 -0.000062 -0.000322 -32.027672 -3.189422 3.085040 53.883478 0.000552 -0.000397 -43.405972 -0.000019 -0.000033 -2.721288 0.000018 -0.000023 0.159844 0.000175 -0.000304 -67.609686 -23.900792 -11.935528 -2.554914 34.949224 16.671928 -5.206574 -0.000122 -0.000131 -45.246581 0.000033 0.000035 -0.000041 15.085801 2.581904 28.265754 4.193975 4.056096 -8.535745 0.000000 -0.000062 0.000039 0.024359 -0.029962 11.786762 0.000049 -0.000006 -0.000002 0.023284 -0.032319 11.715895 16.463338 -58.804964 18.573849 0.050356 0.015294 11.756009 13.876451 63.845521 -14.696177 0.050233 0.014941 11.743067 -0.000082 -0.000024 -6.920050 -0.004381 -0.052769 11.750668 0.000062 -0.000010 11.750660 
0.000000 0.000000 0.000000 0.000008 0.000000 -0.000000 -0.000000 0.000000 -0.000000 1.139238 -1.198161 42.699464 0.000001 0.000002 -0.000007 -2.961989 2.703060 38.724560 0.737754 -4.534418 4.074134 -2.622629 -11.830023 -14.594005 -11.310013 -11.363375 -47.121291 0.402833 2.512036 -29.329017 0.031944 0.637299 3.608756 -9.691153 7.342637 -19.226861 8.917326 -3.594826 -50.116971 -9.356618 -5.909037 58.205895 7.926182 -3.347688 -35.609830 4.671960 0.040655 0.890704 0.000004 -0.000025 -0.000019 4.602409 1.164112 -19.411411 -6.892551 1.879460 -36.747234 9.074888 5.424840 55.398070 -8.699798 -6.609902 -32.253086 -3.738423 1.286800 -13.518602 0.008451 -0.000127 0.038663 -1.147414 -1.089157 2.145251 1.232654 2.060843 -24.881539 0.163011 -0.175386 0.016910 0.031741 0.362569 2.947490 0.000078 -0.000112 -0.000049 -0.000014 -0.083883 0.027955 3.697590 0.523975 -1.165272 -0.602740 -0.145478 0.237526 -3.234854 -0.707003 1.192658 -3.381854 -0.755362 14.379456 -10.688965 4.605155 4.478147 6.664509 -7.049804 -11.311872 1.110603 -2.072493 60.062805 14.668892 -1.410833 -109.266525 5.000352 -4.066891 -58.084619 0.602165 -4.347648 -5.869923 -0.802202 0.160619 -0.479861 -0.804180 0.123496 -0.482653 5.808920 -3.237745 3.283723 -1.597452 7.337519 -20.564301 -1.700331 2.333840 75.850200 -4.287852 -2.767170 -111.390447 -6.576327 2.637613 -71.535419 0.134481 0.353206 -0.125321 0.028489 0.072123 2.451896 -0.000915 0.100647 2.451933 4.818102 0.470101 -0.811273 8.345717 1.456810 -3.526360 -3.623823 -7.710777 32.802117 -3.634378 -2.255703 4.850237 52.357088 2.569611 -1.774038 4.778611 0.284466 5.710856 -59.400209 -0.422950 30.024876 10.393302 -0.327199 -46.877456 -0.000062 -0.000322 -32.027672 -3.147382 3.155539 53.156214 -0.000128 -0.000124 -43.580674 -0.000019 -0.000033 -2.721286 0.000018 -0.000022 0.159844 -0.000223 -0.000146 -67.887996 -23.900790 -11.935528 -2.554912 34.949221 16.671930 -5.206576 -0.000123 -0.000131 -45.425532 0.000033 0.000035 -0.000050 16.817722 3.265435 31.592186 17.061102 9.012282 -15.222555 -0.000027 -0.000062 0.000057 0.024225 -0.030005 11.786598 0.000031 -0.000044 -0.000010 0.023343 -0.032301 11.715810 18.081252 -60.392847 20.048250 0.050265 0.015106 11.755976 16.163381 66.335576 -17.129939 0.050137 0.014753 11.743115 -0.000077 -0.000017 -6.016449 -0.004521 -0.052602 11.750663 0.000062 -0.000010 11.750663 
0.000000 0.000000 0.000000 0.000008 0.000000 -0.000000 -0.000000 0.000000 -0.000000 1.063979 -0.773329 40.726420 0.000001 0.000002 -0.000001 -3.372124 3.184502 38.301054 1.172755 -4.283873 8.352562 -0.841683 -10.540919 -5.837511 -12.792842 -13.061046 -46.825526 -2.731804 -2.013432 -38.149458 0.018185 0.524439 3.946766 -9.572959 6.912741 -19.509617 8.558438 -3.227812 -47.540176 -9.286137 -5.782633 57.480905 8.054945 -3.834443 -35.536293 4.255555 0.033727 0.802866 0.000004 -0.000025 -0.000019 4.558297 1.027160 -18.062213 -6.743888 1.782364 -35.852909 8.851553 5.075742 53.321794 -8.525834 -6.940038 -30.363234 -3.846896 1.371533 -13.899453 0.008451 -0.000127 0.038663 -1.036810 -1.060024 2.152502 0.829109 1.812100 -22.882008 0.163011 -0.175386 0.016906 0.056867 0.277945 3.003364 0.000078 -0.000112 -0.000058 0.000006 -0.125903 0.027951 3.697584 0.523970 -1.165274 -0.602734 -0.145478 0.237525 -3.234841 -0.707000 1.192658 -3.260540 -0.769399 15.188269 -10.117255 4.807028 4.257098 5.133025 -6.973367 -11.327259 1.144258 -2.092946 61.023772 15.214866 -2.507348 -110.554787 4.947265 -3.614336 -58.855508 0.603585 -4.364744 -5.892802 -0.802230 0.160617 -0.479862 -0.804181 0.123497 -0.482655 5.455132 -3.193727 2.128135 -1.852479 7.577131 -19.264354 -1.612577 2.306830 73.609761 -4.209774 -3.288566 -111.049505 -6.423483 2.458679 -70.112192 0.125587 0.329925 -0.117025 0.028270 0.072123 2.451898 -0.000917 0.100647 2.451938 4.818019 0.470091 -0.811253 10.630757 2.513246 -6.660144 -0.083891 -6.218781 26.382647 -3.498603 -2.031036 6.164187 56.072264 2.493412 -1.772814 14.075272 1.202703 2.088568 -61.882839 -0.700278 28.973423 9.959159 -0.673712 -47.116052 -0.000062 -0.000322 -32.027679 -3.064791 3.191457 52.331943 -0.000128 -0.000125 -43.732783 -0.000019 -0.000034 -2.721288 0.000018 -0.000023 0.159840 -0.000224 -0.000146 -68.130167 -23.900794 -11.935526 -2.554912 34.949221 16.671928 -5.206573 -0.000123 -0.000132 -45.572101 0.000033 0.000035 -0.000050 18.171659 3.976317 34.185746 21.293830 10.233733 -17.435306 -0.000087 -0.000055 0.000112 0.024243 -0.029999 11.786618 0.000035 -0.000011 0.000009 0.023221 -0.032323 11.715987 19.774613 -61.874171 21.599958 0.050271 0.015125 11.755983 18.851810 68.661125 -19.962836 0.050144 0.014778 11.743108 -0.000072 -0.000009 -5.103878 -0.004503 -0.052623 11.750660 0.000062 -0.000010 11.750664 
0.000000 0.000000 0.000000 0.000008 0.000000 -0.000000 -0.000000 0.000000 -0.000000 0.997830 -0.327062 38.609167 0.000001 0.000002 0.000001 -3.781781 3.673233 37.866815 1.555842 -4.109384 12.212033 0.303282 -9.059872 1.581689 -11.307574 -14.347272 -40.474608 -7.606478 -5.766230 -47.628722 0.003558 0.399174 4.303200 -9.411143 6.435758 -19.817509 8.117626 -2.818833 -44.519433 -9.184824 -5.607258 56.466294 8.181989 -4.326096 -35.457735 3.765053 0.026402 0.707797 0.000004 -0.000023 -0.000019 4.500610 0.864614 -16.667871 -6.535002 1.651423 -34.610812 8.569520 4.671070 50.850021 -8.288478 -7.264954 -28.280501 -3.986250 1.424504 -14.331916 0.008451 -0.000130 0.038663 -0.914067 -1.027554 2.143038 0.430640 1.546829 -20.864925 0.163011 -0.175386 0.016906 0.084652 0.184078 3.047633 0.000078 -0.000112 -0.000055 0.000054 -0.223933 0.027953 3.697540 0.523974 -1.165278 -0.602737 -0.145480 0.237526 -3.234850 -0.707001 1.192658 -3.135670 -0.780172 15.963595 -8.942186 4.710672 2.841110 3.020674 -5.999301 -10.886457 1.153137 -2.098212 61.275662 15.274304 -3.992782 -111.965413 4.984217 -3.203341 -61.291194 0.605073 -4.382023 -5.915981 -0.802257 0.160618 -0.479861 -0.804180 0.123498 -0.482654 5.094171 -3.110035 0.824846 -2.141205 7.797660 -17.746411 -1.510391 2.270543 70.963678 -4.121322 -3.823377 -110.663948 -6.252233 2.273833 -68.606976 0.116719 0.306442 -0.108700 0.028270 0.072123 2.451897 -0.000916 0.100646 2.451937 4.818175 0.470105 -0.811273 12.659588 2.639013 -6.966594 2.708379 -3.686522 15.352616 -3.364618 -1.803920 7.447612 59.817547 2.393172 -1.735254 21.271977 1.809175 1.582867 -50.699101 -0.953085 22.703914 9.528194 -0.961089 -47.246990 -0.000061 -0.000322 -32.027672 -2.945928 3.191683 51.410595 -0.000128 -0.000125 -43.858622 -0.000019 -0.000035 -2.721289 0.000018 -0.000024 0.159844 -0.000225 -0.000147 -68.330510 -23.900794 -11.935525 -2.554914 34.949221 16.671925 -5.206602 -0.000125 -0.000132 -45.693283 0.000033 0.000035 -0.000051 19.509602 4.843742 36.762725 24.441168 12.392076 -12.520316 0.000034 -0.000068 0.000020 0.024260 -0.029995 11.786637 0.000016 -0.000012 -0.000030 0.023239 -0.032330 11.715965 21.524139 -63.239069 23.211472 0.050285 0.015150 11.755984 21.991985 70.795628 -23.243445 0.050159 0.014799 11.743095 -0.000066 -0.000001 -4.182618 -0.004485 -0.052645 11.750659 0.000063 -0.000011 11.750658 
0.000000 0.000000 0.000000 0.000008 0.000000 -0.000000 -0.000000 0.000000 -0.000000 0.944456 0.120010 36.428527 0.000001 0.000002 0.000000 -4.064551 4.115267 36.445787 1.898424 -4.001942 15.598409 0.965892 -7.450046 8.288178 -7.953486 -14.696629 -30.190925 -13.466087 -8.048300 -56.538325 -0.011080 0.268801 4.660495 -9.219249 5.938459 -20.105452 7.617087 -2.403007 -41.247608 -9.054754 -5.392012 55.206408 8.298887 -4.797029 -35.332828 3.264799 0.019856 0.617458 0.000004 -0.000024 -0.000019 4.429837 0.679585 -15.281329 -6.278624 1.499123 -33.107774 8.238629 4.239212 48.122774 -7.993802 -7.564544 -26.093870 -4.139342 1.481040 -14.791620 0.008451 -0.000130 0.038663 -0.786180 -0.993236 2.122420 0.049369 1.273176 -18.889114 0.163011 -0.175386 0.016911 0.113236 0.086416 3.082164 0.000078 -0.000112 -0.000057 0.000150 -0.419986 0.027955 3.697499 0.523971 -1.165260 -0.602730 -0.145478 0.237525 -3.234850 -0.707001 1.192659 -3.010953 -0.787344 16.677088 -7.167985 4.340417 0.621648 0.132833 -4.402885 -9.927724 1.150360 -2.096570 61.196951 14.942278 -5.921305 -113.883733 5.111781 -2.813169 -65.212502 0.606641 -4.398950 -5.938618 -0.802311 0.160617 -0.479862 -0.804181 0.123497 -0.482652 4.740220 -2.993746 -0.553667 -2.448223 7.983526 -16.100163 -1.400598 2.225468 68.067514 -4.028030 -4.347312 -110.236856 -6.081191 2.092894 -67.088522 0.107806 0.283424 -0.100508 0.028269 0.072122 2.451898 -0.000916 0.100646 2.451939 4.818176 0.470117 -0.811250 13.789983 3.599403 -9.862794 5.878229 -0.069486 2.079378 -3.236059 -1.581788 8.657468 63.055425 2.290243 -1.671711 27.186178 2.386445 -2.905794 -28.518965 -0.994038 11.045824 9.118945 -1.187723 -47.263762 -0.000062 -0.000322 -32.027672 -2.801113 3.159228 50.424411 -0.000129 -0.000125 -43.952684 -0.000019 -0.000034 -2.721286 0.000018 -0.000024 0.159842 -0.000226 -0.000147 -68.480146 -23.900794 -11.935528 -2.554910 34.949241 16.671921 -5.206620 -0.000134 -0.000128 -45.783660 0.000033 0.000035 -0.000051 20.328339 5.479547 38.348695 36.228843 21.510436 -6.203229 0.000029 -0.000063 0.000017 0.024290 -0.030031 11.786690 -0.000022 -0.000021 -0.000063 0.023253 -0.032321 11.715941 23.253236 -64.446141 24.811420 0.050307 0.015199 11.755990 25.508033 72.663159 -26.890878 0.050184 0.014848 11.743087 -0.000062 0.000006 -3.305620 -0.004450 -0.052686 11.750665 0.000062 -0.000011 11.750661 
0.000000 0.000000 0.000000 0.000008 0.000000 -0.000000 -0.000000 0.000000 -0.000000 0.903686 0.573658 34.135721 0.000001 0.000002 0.000001 -4.339066 4.568595 35.012134 2.206127 -3.901285 18.645078 1.257184 -6.072781 14.188687 -4.611941 -13.776741 -19.730145 -17.723458 -9.141284 -61.280560 -0.025865 0.132773 5.022306 -8.999253 5.419353 -20.346065 7.053676 -1.988673 -37.727820 -8.890451 -5.134424 53.675714 8.404332 -5.250307 -35.113524 2.759691 0.014188 0.525717 0.000004 -0.000025 -0.000019 4.344215 0.462799 -13.872879 -5.972726 1.328989 -31.342638 7.851156 3.782484 45.118788 -7.633046 -7.836208 -23.762669 -4.315419 1.513550 -15.282857 0.008451 -0.000129 0.038663 -0.651930 -0.955640 2.094217 -0.325902 0.983668 -16.895813 0.163011 -0.175386 0.016912 0.142464 -0.015343 3.110851 0.000078 -0.000112 -0.000053 -0.000042 -0.027874 0.027957 3.697610 0.523971 -1.165308 -0.602737 -0.145479 0.237528 -3.234847 -0.707000 1.192657 -2.882680 -0.791135 17.342808 -4.996921 3.727090 -2.305233 -3.301791 -2.530364 -8.404556 1.128588 -2.083518 60.577542 14.299528 -8.027831 -115.578289 5.316299 -2.432128 -69.976087 0.607051 -4.404526 -5.946135 -0.802419 0.160618 -0.479870 -0.804181 0.123497 -0.482652 4.385721 -2.845979 -2.016769 -2.777163 8.133237 -14.317590 -1.283471 2.169979 64.904795 -3.929929 -4.867171 -109.746250 -5.901471 1.911506 -65.508577 0.099093 0.260169 -0.092254 0.028269 0.072122 2.451896 -0.000916 0.100646 2.451938 4.818150 0.470125 -0.811248 14.894974 4.251441 -11.805680 9.121740 3.254290 -8.605536 -3.108424 -1.359081 9.822536 66.323507 2.173659 -1.577043 32.226011 2.823336 -5.722712 -9.711682 -0.799968 0.881592 8.724440 -1.365911 -47.160817 -0.000062 -0.000322 -32.027676 -2.632596 3.095049 49.346539 -0.000129 -0.000126 -44.014337 -0.000019 -0.000034 -2.721286 0.000018 -0.000023 0.159844 -0.000226 -0.000146 -68.579054 -23.900797 -11.935528 -2.554910 34.949224 16.671928 -5.206574 -0.000125 -0.000132 -45.843871 0.000032 0.000035 -0.000048 21.137880 6.144050 39.942789 42.522418 31.912997 1.910332 0.000030 -0.000055 0.000022 0.024358 -0.030012 11.786775 -0.000088 0.000028 -0.000106 0.023285 -0.032316 11.715894 24.975919 -65.527749 26.412123 0.050362 0.015299 11.756016 29.473755 74.303463 -30.980608 0.050234 0.014944 11.743063 -0.000057 0.000014 -2.460864 -0.004380 -0.052770 11.750664 0.000062 -0.000010 11.750661 
0.000000 0.000000 0.000000 0.000008 0.000000 -0.000000 -0.000000 0.000000 -0.000000 0.876459 1.026158 31.744520 0.000001 0.000002 -0.000002 -4.522462 5.022926 32.887853 2.479762 -3.810339 21.345214 1.344715 -5.102381 19.069381 -1.946507 -11.469511 -10.146520 -18.599083 -10.542815 -59.501630 -0.040535 -0.005482 5.381517 -8.758313 4.891884 -20.498059 6.442210 -1.595402 -34.064947 -8.689432 -4.838471 51.883066 8.492892 -5.674925 -34.751862 2.249715 0.009429 0.432663 0.000004 -0.000025 -0.000019 4.245347 0.210028 -12.452410 -5.622492 1.148943 -29.355774 7.409434 3.315562 41.892907 -7.206716 -8.067580 -21.308329 -4.509283 1.531547 -15.796033 0.008451 -0.000128 0.038663 -0.516359 -0.917721 2.065679 -0.694391 0.678368 -14.885093 0.163011 -0.175386 0.016908 0.170483 -0.117751 3.136286 0.000078 -0.000113 -0.000052 -0.000042 -0.027874 0.027951 3.697616 0.523972 -1.165308 -0.602738 -0.145482 0.237528 -3.234854 -0.706999 1.192658 -2.750775 -0.791436 17.951832 -2.677739 2.922580 -5.793959 -6.959068 -0.752490 -6.325171 1.080254 -2.053378 59.187653 13.506293 -10.008414 -116.212882 5.572273 -2.055074 -74.823561 0.607526 -4.410162 -5.953703 -0.802203 0.160618 -0.479847 -0.804180 0.123498 -0.482655 4.033422 -2.670380 -3.534136 -3.120646 8.238624 -12.437593 -1.162427 2.103949 61.540100 -3.829673 -5.373709 -109.180840 -5.713446 1.731296 -63.869461 0.090043 0.236715 -0.083916 0.028269 0.072122 2.451899 -0.000915 0.100646 2.451938 4.818104 0.470102 -0.811268 16.113092 4.139608 -11.484805 11.338178 5.320910 -14.873437 -2.981280 -1.136800 10.933855 68.940555 2.067941 -1.470551 36.096508 3.082374 -5.944158 0.233110 -0.633309 -4.431588 8.349280 -1.500064 -46.928440 -0.000062 -0.000322 -32.027669 -2.445371 3.001206 48.178297 -0.000129 -0.000125 -44.040848 -0.000019 -0.000034 -2.721288 0.000018 -0.000024 0.159844 -0.000226 -0.000146 -68.620848 -23.900794 -11.935526 -2.554915 34.949224 16.671925 -5.206575 -0.000125 -0.000132 -45.869194 0.000033 0.000035 -0.000050 21.223124 6.221388 40.113390 40.246111 38.920026 15.443964 0.000025 -0.000057 0.000030 0.024227 -0.030049 11.786606 0.000043 -0.000037 0.000008 0.023340 -0.032300 11.715803 26.647577 -66.476817 27.971013 0.050266 0.015102 11.755974 33.813401 75.697682 -35.434864 0.050131 0.014754 11.743110 -0.000053 0.000021 -1.666533 -0.004521 -0.052603 11.750661 0.000062 -0.000010 11.750666 
0.000000 0.000000 0.000000 0.000008 0.000000 -0.000000 -0.000000 0.000000 -0.000000 0.862777 1.457143 29.342141 0.000001 0.000002 -0.000004 -4.685781 5.474847 30.804747 2.717156 -3.741729 23.627807 1.336598 -4.423741 23.030674 -0.228958 -8.200764 -0.912001 -16.924000 -12.184393 -53.453436 -0.054479 -0.138635 5.721062 -8.512283 4.385595 -20.516196 5.822049 -1.249788 -30.484360 -8.457432 -4.519846 49.907748 8.557196 -6.050680 -34.220259 1.749748 0.005702 0.340920 0.000004 -0.000024 -0.000019 4.140590 -0.073348 -11.067082 -5.246986 0.972503 -27.261363 6.933315 2.866226 38.604581 -6.733590 -8.242905 -18.828893 -4.715929 1.527815 -16.304789 0.008451 -0.000128 0.038663 -0.384718 -0.878469 2.040223 -1.044992 0.366485 -12.915484 0.163011 -0.175386 0.016902 0.198002 -0.218159 3.161263 0.000078 -0.000112 -0.000055 -0.000042 -0.027874 0.027954 3.697613 0.523970 -1.165307 -0.602737 -0.145479 0.237531 -3.234848 -0.706999 1.192655 -2.619147 -0.788339 18.481254 -0.523143 2.020880 -9.576166 -10.343996 0.585695 -3.817435 1.001932 -2.000958 56.887891 12.811454 -11.548331 -114.990264 5.837638 -1.682258 -78.875188 0.607953 -4.415669 -5.961073 -0.802230 0.160617 -0.479851 -0.804180 0.123498 -0.482655 3.695669 -2.477224 -5.029887 -3.458039 8.290505 -10.558296 -1.044385 2.030209 58.143788 -3.732868 -5.844207 -108.550018 -5.523333 1.558766 -62.223638 0.081243 0.213691 -0.075729 0.028269 0.072122 2.451901 -0.000916 0.100646 2.451939 4.818026 0.470094 -0.811249 17.141039 3.922785 -10.858155 12.748989 6.536883 -18.479963 -2.857801 -0.922236 11.954000 71.506835 1.969069 -1.361358 38.927434 3.267309 -6.340881 6.838015 -0.429748 -7.379693 8.006469 -1.593285 -46.571276 -0.000062 -0.000322 -32.027669 -2.251120 2.883760 46.958305 -0.000129 -0.000126 -44.029093 -0.000019 -0.000034 -2.721288 0.000018 -0.000024 0.159844 -0.000226 -0.000146 -68.601921 -23.900794 -11.935530 -2.554909 34.949221 16.671930 -5.206574 -0.000125 -0.000132 -45.857368 0.000033 0.000034 -0.000048 21.306481 6.297468 40.280583 35.336189 45.098769 31.361036 0.000008 -0.000054 0.000034 0.024243 -0.030045 11.786625 0.000051 -0.000020 -0.000004 0.023222 -0.032324 11.715989 28.175722 -67.267910 29.400204 0.050272 0.015126 11.755977 38.236878 76.808455 -39.959066 0.050149 0.014779 11.743108 -0.000049 0.000027 -0.960106 -0.004503 -0.052623 11.750661 0.000062 -0.000010 11.750659 
0.000000 0.000000 0.000000 0.000008 0.000000 -0.000000 -0.000000 0.000000 -0.000000 0.861180 1.871922 26.873354 0.000001 0.000002 0.000001 -4.753429 5.921630 28.272957 2.907381 -3.651312 25.580143 1.302323 -3.929684 26.502322 0.394459 -5.284250 7.123984 -13.797876 -13.054506 -45.618649 -0.068029 -0.267222 6.044141 -8.262587 3.899298 -20.348165 5.201910 -0.952555 -27.012823 -8.187565 -4.176059 47.716661 8.592392 -6.381056 -33.460263 1.244935 0.002887 0.247782 0.000004 -0.000025 -0.000019 4.033078 -0.398476 -9.677341 -4.845100 0.801762 -25.055934 6.418402 2.433793 35.224054 -6.206893 -8.358017 -16.275871 -4.924633 1.525905 -16.818601 0.008451 -0.000129 0.038663 -0.256942 -0.837950 2.022849 -1.388060 0.039542 -10.928357 0.163011 -0.175386 0.016903 0.222333 -0.314102 3.188757 0.000078 -0.000113 -0.000054 -0.000042 -0.027874 0.027951 3.697616 0.523973 -1.165309 -0.602737 -0.145487 0.237526 -3.234852 -0.707001 1.192659 -2.483861 -0.781870 18.939727 1.293500 1.082680 -13.616388 -13.126871 1.372589 -0.918282 0.887395 -1.915628 53.402452 12.430884 -12.427437 -111.022266 6.075332 -1.272713 -81.497926 0.608421 -4.421266 -5.968574 -0.802257 0.160618 -0.479852 -0.804181 0.123498 -0.482656 3.363793 -2.265935 -6.517054 -3.790518 8.287655 -8.665283 -0.928859 1.948046 54.684537 -3.639639 -6.284032 -107.826065 -5.326393 1.390517 -60.525776 0.072416 0.190444 -0.067493 0.028270 0.072122 2.451900 -0.000916 0.100646 2.451943 4.817913 0.470082 -0.811224 18.091115 3.997661 -11.112060 14.218509 7.030128 -19.836278 -2.733483 -0.710090 12.906099 73.181413 1.897387 -1.270655 41.744723 3.439234 -6.697616 12.463015 -0.042263 -8.414523 7.687543 -1.653954 -46.072833 -0.000062 -0.000321 -32.027672 -2.048977 2.742649 45.651861 -0.000128 -0.000125 -43.975220 -0.000019 -0.000033 -2.721288 0.000018 -0.000023 0.159842 -0.000226 -0.000146 -68.516920 -23.900796 -11.935526 -2.554913 34.949224 16.671927 -5.206576 -0.000125 -0.000132 -45.806356 0.000033 0.000034 -0.000046 21.081512 6.107085 39.858382 29.510491 49.910214 45.901791 -0.000013 -0.000066 0.000057 0.024263 -0.030038 11.786643 0.000040 -0.000008 0.000001 0.023224 -0.032325 11.715987 29.550462 -67.923895 30.688914 0.050281 0.015151 11.755988 42.605224 77.677317 -44.414982 0.050158 0.014800 11.743097 -0.000046 0.000033 -0.337118 -0.004486 -0.052644 11.750665 0.000062 -0.000010 11.750662 
0.000000 0.000000 0.000000 0.000008 0.000000 -0.000000 -0.000000 0.000000 -0.000000 0.869918 2.262323 24.353425 0.000001 0.000002 0.000002 -4.800951 6.375076 25.712160 3.043579 -3.539231 27.183752 1.297435 -3.621191 29.525508 0.412962 -3.342101 13.496709 -9.332970 -12.157368 -36.110811 -0.081128 -0.387553 6.343017 -8.023538 3.452972 -19.923018 4.614767 -0.712088 -23.807359 -7.879678 -3.814368 45.334407 8.589228 -6.658435 -32.421590 0.853501 0.001357 0.173828 0.000004 -0.000023 -0.000019 3.931293 -0.767954 -8.279216 -4.428978 0.643749 -22.806540 5.873730 2.028796 31.808375 -5.641444 -8.407983 -13.675868 -5.145210 1.502510 -17.323127 0.008451 -0.000128 0.038663 -0.136508 -0.796499 2.018940 -1.635689 -0.276555 -9.968358 0.163011 -0.175386 0.016907 0.243220 -0.403776 3.221978 0.000078 -0.000112 -0.000051 -0.000042 -0.027874 0.027950 3.697579 0.523973 -1.165286 -0.602736 -0.145484 0.237522 -3.234850 -0.706998 1.192659 -2.344828 -0.772048 19.317681 2.523679 0.196950 -17.790759 -14.793433 1.584275 2.320211 0.734494 -1.783186 48.465434 12.526134 -12.283752 -103.339458 6.231530 -0.790850 -81.842660 0.608849 -4.425695 -5.974544 -0.802313 0.160618 -0.479856 -0.804181 0.123497 -0.482655 3.038850 -2.041197 -7.962608 -4.106357 8.225085 -6.801874 -0.818737 1.859260 51.232911 -3.553403 -6.683291 -106.997079 -5.123410 1.228197 -58.778579 0.063576 0.166877 -0.059181 0.028269 0.072122 2.451899 -0.000915 0.100646 2.451940 4.818183 0.470108 -0.811271 18.829414 3.708107 -10.270421 16.202254 7.125627 -19.955660 -2.607629 -0.501517 13.780542 74.862186 1.828086 -1.177547 44.196744 3.565693 -6.509277 18.376849 0.491653 -8.573044 7.394094 -1.686651 -45.423104 -0.000062 -0.000322 -32.027672 -1.843647 2.580440 44.259783 -0.000129 -0.000125 -43.876599 -0.000019 -0.000034 -2.721290 0.000018 -0.000023 0.159842 -0.000225 -0.000146 -68.359006 -23.900790 -11.935528 -2.554910 34.949221 16.671932 -5.206574 -0.000124 -0.000132 -45.710303 0.000033 0.000035 -0.000050 20.851463 5.915330 39.428513 24.851809 51.115008 55.982597 -0.000048 -0.000042 0.000070 0.024295 -0.030023 11.786686 0.000040 -0.000014 -0.000000 0.023223 -0.032325 11.715984 30.710460 -68.440032 31.778162 0.050311 0.015197 11.755992 46.577853 78.315489 -48.459738 0.050184 0.014850 11.743089 -0.000044 0.000037 0.182855 -0.004450 -0.052686 11.750663 0.000062 -0.000010 11.750664 
0.000000 0.000000 0.000000 0.000008 0.000000 -0.000000 -0.000000 0.000000 -0.000000 0.885290 2.610768 21.872180 0.000001 0.000002 -0.000001 -4.761590 6.800182 22.946999 3.126537 -3.419391 28.410450 1.342525 -3.480464 31.972556 0.192196 -2.022211 18.617532 -4.827877 -9.276672 -25.408809 -0.093412 -0.493080 6.602994 -7.815590 3.074110 -19.188576 4.111292 -0.535561 -21.110207 -7.545372 -3.453610 42.866377 8.539640 -6.872643 -31.101215 0.469707 0.000407 0.101125 0.000004 -0.000025 -0.000019 3.847944 -1.169648 -6.903311 -4.025684 0.508084 -20.655291 5.331012 1.672350 28.537746 -5.046601 -8.372547 -11.125718 -5.361395 1.459800 -17.780511 0.008451 -0.000131 0.038663 -0.029822 -0.755666 2.033076 -1.873318 -0.590573 -9.028295 0.163011 -0.175386 0.016906 0.259217 -0.482293 3.262608 0.000078 -0.000112 -0.000060 -0.000042 -0.027874 0.027948 3.697584 0.523972 -1.165286 -0.602737 -0.145482 0.237530 -3.234855 -0.707002 1.192653 -2.206130 -0.759396 19.599607 2.890384 -0.757195 -23.301925 -14.465449 1.195265 6.980725 0.507275 -1.535444 40.257432 13.058025 -10.032054 -87.972632 6.257515 -0.140326 -78.773337 0.598794 -4.309423 -5.818781 -0.802420 0.160618 -0.479870 -0.804181 0.123498 -0.482655 2.730622 -1.814790 -9.295687 -4.383505 8.103319 -5.062656 -0.719304 1.768963 47.955701 -3.479685 -7.023394 -106.081444 -4.921224 1.077474 -57.037318 0.054799 0.143861 -0.050993 0.028270 0.072122 2.451900 -0.000916 0.100646 2.451938 4.818185 0.470122 -0.811251 19.816827 2.935877 -7.960644 18.010364 6.921821 -19.204055 -2.483197 -0.303408 14.547432 75.485864 1.801160 -1.138993 46.556383 3.670466 -6.016072 23.136059 0.954578 -8.369045 7.133845 -1.696271 -44.639634 -0.000062 -0.000322 -32.027672 -1.644783 2.406028 42.824323 -0.000128 -0.000126 -43.733032 -0.000019 -0.000034 -2.721288 0.000018 -0.000024 0.159842 -0.000224 -0.000147 -68.130270 -23.900794 -11.935527 -2.554914 34.949228 16.671930 -5.206601 -0.000124 -0.000131 -45.572006 0.000033 0.000034 -0.000044 20.469802 5.615482 38.716343 22.143577 49.620279 62.760020 0.000033 -0.000066 0.000019 0.024363 -0.030005 11.786771 0.000026 -0.000002 -0.000014 0.023240 -0.032326 11.715960 31.577303 -68.804969 32.592932 0.050362 0.015292 11.756006 49.711886 78.735853 -51.646926 0.050237 0.014941 11.743065 -0.000042 0.000041 0.571737 -0.004380 -0.052770 11.750663 0.000062 -0.000011 11.750660 
0.000000 0.000000 0.000000 0.000008 0.000000 -0.000000 -0.000000 0.000000 -0.000000 0.904325 2.920801 19.372269 0.000001 0.000002 0.000001 -4.700923 7.227018 20.151578 3.147269 -3.261379 29.339337 1.401880 -3.401685 34.057564 -0.087359 -1.157048 23.065110 -1.957823 -5.852302 -15.796108 -0.105310 -0.583511 6.824893 -7.638382 2.751343 -18.040157 3.714128 -0.414716 -19.010623 -7.177480 -3.090097 40.269549 8.430470 -7.029080 -29.417782 0.190029 0.000064 0.043738 0.000004 -0.000023 -0.000019 3.792943 -1.615090 -5.492072 -3.641323 0.394205 -18.627773 4.790725 1.359248 25.389428 -4.436991 -8.261883 -8.581632 -5.580061 1.418423 -18.242653 0.008451 -0.000129 0.038663 0.063043 -0.714564 2.070658 -1.945200 -0.871409 -8.944684 0.163011 -0.175386 0.016906 0.269822 -0.549432 3.314716 0.000078 -0.000113 -0.000061 -0.000042 -0.027874 0.027949 3.697540 0.523966 -1.165289 -0.602734 -0.145481 0.237527 -3.234848 -0.707002 1.192656 -2.063608 -0.743770 19.786749 2.447656 -1.841603 -30.629150 -12.261511 0.814997 13.487571 0.243345 -1.119526 28.220122 12.574618 -5.540770 -64.348298 6.095501 0.686760 -72.358225 0.569654 -3.989671 -5.390168 -0.802202 0.160618 -0.479859 -0.804181 0.123497 -0.482654 2.429525 -1.585352 -10.524600 -4.619782 7.919780 -3.437153 -0.629282 1.677523 44.825025 -3.420368 -7.306243 -105.043016 -4.716813 0.937724 -55.243533 0.045906 0.120657 -0.042778 0.028269 0.072121 2.451901 -0.000916 0.100646 2.451937 4.818161 0.470129 -0.811248 22.023863 2.776312 -7.605242 18.994309 6.173287 -16.791491 -2.355618 -0.110993 15.222408 76.115690 1.774423 -1.099785 50.835964 3.866019 -5.996861 25.147324 1.282576 -7.374330 6.898358 -1.687607 -43.693345 -0.000061 -0.000321 -32.027672 -1.449994 2.217720 41.302878 -0.000127 -0.000125 -43.537566 -0.000019 -0.000033 -2.721284 0.000018 -0.000023 0.159842 -0.000223 -0.000146 -67.819154 -23.900794 -11.935528 -2.554913 34.949245 16.671920 -5.206622 -0.000123 -0.000131 -45.383629 0.000033 0.000035 -0.000046 20.080717 5.317449 37.995502 19.048378 49.846587 70.058726 0.000032 -0.000065 0.000024 0.024228 -0.030048 11.786606 0.000000 -0.000010 -0.000019 0.023257 -0.032320 11.715938 32.128752 -69.028316 33.111367 0.050258 0.015101 11.755977 51.776591 78.978242 -53.745321 0.050130 0.014753 11.743112 -0.000040 0.000044 0.824560 -0.004521 -0.052602 11.750665 0.000062 -0.000010 11.750663 
0.000000 0.000000 0.000000 0.000008 0.000000 -0.000000 -0.000000 0.000000 -0.000000 0.922338 3.183819 16.867509 0.000001 0.000001 0.000001 -4.577111 7.618612 17.324280 3.085498 -3.047924 29.900727 1.489610 -3.386407 35.853142 -0.268770 -0.779499 26.916613 -0.608001 -2.996764 -7.954665 -0.116919 -0.654728 7.000277 -7.537654 2.533535 -16.375848 3.462870 -0.346373 -17.693299 -6.776962 -2.729279 37.560952 8.247161 -7.128348 -27.315810 0.126064 0.000026 0.027880 0.000004 -0.000025 -0.000019 3.780075 -2.101440 -4.017694 -3.298175 0.304865 -16.833737 4.272373 1.094527 22.452555 -3.818348 -8.066171 -6.067759 -5.792125 1.356472 -18.650976 0.008451 -0.000128 0.038663 0.138170 -0.673512 2.138161 -2.017372 -1.155133 -8.860603 0.163011 -0.175387 0.016908 0.273777 -0.602127 3.382030 0.000078 -0.000112 -0.000056 -0.000042 -0.027874 0.027947 3.697476 0.523957 -1.165261 -0.602726 -0.145482 0.237532 -3.234848 -0.706998 1.192661 -1.916736 -0.725211 19.863198 1.496059 -2.812376 -38.047337 -9.143929 1.182755 20.246801 0.057916 -0.599590 14.727544 9.733729 -0.946211 -37.625630 5.699331 1.512076 -63.918768 0.521326 -3.510036 -4.748240 -0.802228 0.160618 -0.479862 -0.804179 0.123496 -0.482658 2.135022 -1.357964 -11.607941 -4.800927 7.672374 -1.973181 -0.550263 1.588304 41.917448 -3.380506 -7.521580 -103.869678 -4.506138 0.803287 -53.431409 0.037016 0.097241 -0.034497 0.028269 0.072122 2.451900 -0.000916 0.100645 2.451935 4.818125 0.470107 -0.811266 26.577668 2.835696 -8.241577 15.069733 4.376900 -11.364265 -2.223505 0.073857 15.789478 74.381149 1.848551 -1.206055 58.292946 4.255530 -9.842124 24.453785 1.632251 -4.664669 6.689629 -1.661426 -42.555900 -0.000062 -0.000322 -32.027672 -1.260240 2.017039 39.676186 -0.000132 -0.000121 -43.280324 -0.000019 -0.000034 -2.721290 0.000018 -0.000024 0.159842 -0.000205 -0.000153 -67.409159 -23.900794 -11.935527 -2.554912 34.949269 16.671909 -5.206675 -0.000106 -0.000138 -45.135546 0.000033 0.000035 -0.000044 19.514752 4.916305 36.950357 13.964427 50.737801 81.018563 0.000029 -0.000059 0.000026 0.024245 -0.030040 11.786630 -0.000045 0.000007 -0.000068 0.023284 -0.032313 11.715898 32.249298 -69.076285 33.220606 0.050274 0.015124 11.755984 52.314632 79.033649 -54.293604 0.050147 0.014778 11.743104 -0.000040 0.000044 0.919911 -0.004503 -0.052624 11.750666 0.000062 -0.000010 11.750662 
0.000000 0.000000 0.000000 0.000008 0.000000 -0.000000 -0.000000 0.000000 -0.000000 0.908908 3.326908 14.114994 0.000001 0.000002 -0.000000 -4.436721 7.996379 14.548501 2.964762 -2.805354 30.148107 1.601543 -3.427245 37.235504 -0.274458 -0.794874 29.978937 -0.081976 -0.598635 -1.177183 -0.132042 -0.689832 7.110755 -7.496590 2.341546 -13.961252 3.370714 -0.322857 -17.212070 -6.333688 -2.367354 34.683363 8.043747 -7.119910 -24.649931 0.063343 0.000005 0.012323 0.000004 -0.000024 -0.000019 3.903608 -2.640236 -2.102632 -3.055210 0.248482 -15.571506 3.766972 0.867511 19.654848 -3.113368 -7.719920 -3.348473 -5.988775 1.283392 -19.001692 0.008451 -0.000128 0.038663 0.177660 -0.630972 2.298903 -2.087764 -1.433438 -8.778492 0.163011 -0.175386 0.016905 0.261176 -0.628674 3.510619 0.000078 -0.000112 -0.000058 -0.000042 -0.027874 0.027949 3.697619 0.523976 -1.165318 -0.602736 -0.145480 0.237526 -3.234846 -0.706995 1.192656 -1.730657 -0.693198 19.259446 0.495550 -3.458449 -43.092712 -6.215250 2.252518 25.337960 -0.001036 -0.104616 2.550893 5.574823 1.474221 -13.567461 5.114415 2.140107 -55.061812 0.456364 -2.938987 -3.979570 -0.802256 0.160618 -0.479869 -0.804180 0.123497 -0.482652 1.824843 -1.123780 -11.924464 -4.881639 7.350448 -0.851649 -0.485020 1.507178 39.377803 -3.365645 -7.657686 -102.590746 -4.304324 0.689153 -51.620357 0.032578 0.085444 -0.030327 0.028269 0.072122 2.451900 -0.000916 0.100647 2.451938 4.818085 0.470104 -0.811265 33.152055 2.378836 -7.857915 8.019939 1.808246 -3.981107 -2.039150 0.191953 15.661725 72.679722 1.920333 -1.301115 67.462537 4.649145 -15.562943 22.974233 2.012478 -1.321978 6.742027 -1.324467 -39.472237 -0.000062 -0.000321 -32.027672 -0.926865 1.590706 36.453146 0.000556 -0.000394 -42.433448 -0.000019 -0.000034 -2.721284 0.000018 -0.000023 0.159840 0.000207 -0.000314 -66.060169 -23.900790 -11.935527 -2.554912 34.949221 16.671927 -5.206547 0.000329 -0.000309 -44.319120 0.000033 0.000035 -0.000046 18.954301 4.548792 35.919063 9.347552 50.061619 92.571548 0.000022 -0.000055 0.000021 0.024263 -0.030037 11.786647 0.000049 -0.000027 -0.000002 0.023345 -0.032302 11.715805 26.173667 -66.165012 27.068219 0.050286 0.015152 11.755988 37.168800 76.181977 -39.086348 0.050163 0.014799 11.743101 -0.000041 0.000043 0.811259 -0.004486 -0.052644 11.750663 0.000062 -0.000010 11.750658 
0.000000 0.000000 0.000000 0.000008 0.000000 -0.000000 -0.000000 0.000000 -0.000000 0.841707 3.323649 10.861457 0.000001 0.000002 -0.000003 -4.268224 8.318865 11.996703 2.825026 -2.551282 30.311789 1.658060 -3.430445 38.136928 -0.194076 -0.929584 32.463869 -0.056824 1.168715 4.842127 -0.153202 -0.683143 7.144036 -7.485095 2.104097 -10.731042 3.376752 -0.324372 -17.243574 -5.809934 -1.984477 31.418051 7.860371 -6.971545 -21.316745 -0.000007 -0.000003 -0.003362 0.000004 -0.000024 -0.000019 4.219679 -3.248989 0.481704 -2.901552 0.215712 -14.776272 3.228201 0.657142 16.732256 -2.266908 -7.161306 -0.184285 -6.171056 1.196850 -19.295723 0.008451 -0.000129 0.038663 0.176084 -0.583372 2.582166 -1.758264 -1.576982 -8.205098 0.163011 -0.175386 0.016910 0.226806 -0.625235 3.719522 0.000078 -0.000113 -0.000058 -0.000042 -0.027874 0.027952 3.697614 0.523974 -1.165319 -0.602735 -0.145478 0.237529 -3.234850 -0.706999 1.192657 -1.477045 -0.643016 17.576488 -0.059515 -3.697879 -43.798195 -4.218295 3.330015 27.303241 0.022293 0.255778 -6.263055 2.375706 1.485729 3.079092 4.440672 2.459382 -46.914421 0.375249 -2.301996 -3.121942 -0.802311 0.160618 -0.479865 -0.804180 0.123497 -0.482656 1.464917 -0.879422 -11.078131 -4.845935 6.939613 -0.103674 -0.431983 1.435362 37.200031 -3.381311 -7.710961 -101.159835 -4.096956 0.580455 -49.791044 0.028017 0.073545 -0.026115 0.028269 0.072122 2.451901 -0.000916 0.100647 2.451937 4.818009 0.470105 -0.811233 41.038498 1.948579 -8.369186 4.986466 -0.468288 3.303710 -1.765516 0.208398 14.448896 68.521592 2.089437 -1.495533 76.942614 4.757253 -16.387652 21.631235 2.152519 0.365334 7.112167 -0.405645 -33.321133 -0.000062 -0.000322 -32.027672 -0.398805 0.767146 30.636684 -0.000115 -0.000120 -40.645216 -0.000019 -0.000033 -2.721288 0.000018 -0.000023 0.159842 -0.000204 -0.000145 -63.234731 -23.900796 -11.935528 -2.554914 34.949221 16.671927 -5.206574 -0.000112 -0.000127 -42.588282 0.000034 0.000035 -0.000051 18.259580 4.133029 34.645335 4.684389 49.766657 103.071851 0.000007 -0.000058 0.000034 0.024295 -0.030027 11.786693 0.000055 -0.000015 -0.000004 0.023225 -0.032326 11.715984 15.852478 -57.688809 16.555912 0.050309 0.015203 11.755994 18.431802 66.502280 -20.177745 0.050183 0.014849 11.743092 -0.000042 0.000040 0.476309 -0.004451 -0.052685 11.750663 0.000062 -0.000010 11.750661 
0.000000 0.000000 0.000000 0.000008 0.000000 -0.000000 -0.000000 0.000000 -0.000000 0.728225 3.221707 7.345732 0.000001 0.000002 -0.000001 -4.083573 8.635982 9.420968 2.677134 -2.244139 30.742039 1.595658 -3.347644 38.256480 -0.027715 -1.149509 34.307227 -0.196613 2.029224 10.193620 -0.177120 -0.643969 7.089914 -7.474161 1.820744 -7.068746 3.412290 -0.333362 -17.429044 -5.205765 -1.596122 27.799505 7.680748 -6.716662 -17.562233 -0.063976 0.000005 -0.019221 0.000004 -0.000025 -0.000019 4.670981 -3.886396 3.367123 -2.778576 0.191092 -14.141450 2.669549 0.471505 13.755653 -1.386040 -6.434064 3.165439 -6.333450 1.096210 -19.521628 0.008451 -0.000128 0.038663 0.144574 -0.531772 2.929337 -1.424038 -1.718576 -7.625223 0.163011 -0.175386 0.016906 0.177364 -0.598008 3.960480 0.000078 -0.000112 -0.000057 -0.000042 -0.027874 0.027952 3.697614 0.523974 -1.165316 -0.602736 -0.145478 0.237526 -3.234846 -0.706998 1.192656 -1.180809 -0.585993 15.094175 -0.001033 -3.366864 -39.040941 -3.039376 3.881533 25.504362 0.060827 0.460641 -11.347371 1.185132 0.057449 10.314183 3.647020 2.365650 -38.885626 0.283678 -1.658394 -2.256714 -0.802418 0.160617 -0.479870 -0.804181 0.123497 -0.482656 1.126889 -0.638330 -9.481406 -4.331359 6.088045 -0.870535 -0.436063 1.441094 37.371704 -3.760793 -6.834799 -100.293432 -4.063244 0.623467 -47.792066 0.023386 0.061495 -0.021849 0.028269 0.072122 2.451901 -0.000916 0.100645 2.451938 4.818179 0.470118 -0.811254 52.008342 3.534268 -16.887158 7.254874 -2.472741 11.848707 -1.435881 0.145250 12.427352 64.301231 2.247179 -1.639297 86.655334 4.865368 -22.028036 20.781631 2.037842 0.109513 7.498755 1.034541 -25.268116 -0.000062 -0.000322 -32.027672 0.153773 -0.340725 23.173693 -0.000107 -0.000115 -38.235778 -0.000019 -0.000033 -2.721288 0.000018 -0.000023 0.159844 -0.000198 -0.000140 -59.451906 -23.900797 -11.935530 -2.554910 34.949224 16.671930 -5.206576 -0.000113 -0.000118 -40.248898 0.000032 0.000034 -0.000046 17.550914 3.752450 33.348805 1.493433 49.056041 111.011577 -0.000016 -0.000065 0.000053 0.024358 -0.030011 11.786775 0.000041 -0.000012 0.000002 0.023222 -0.032327 11.715989 8.285415 -44.911776 8.746709 0.050362 0.015292 11.756006 9.025558 51.504332 -10.494931 0.050232 0.014940 11.743064 -0.000045 0.000035 -0.061122 -0.004381 -0.052769 11.750659 0.000062 -0.000010 11.750661 
0.000000 0.000000 0.000000 0.000008 0.000000 -0.000000 -0.000000 0.000000 -0.000000 0.580359 3.074420 3.915997 0.000001 0.000002 -0.000002 -3.908564 8.875517 7.310181 2.513081 -1.934968 31.079765 1.477806 -3.231211 37.888982 0.232736 -1.468869 35.520460 -0.278646 2.183676 14.652979 -0.199625 -0.584314 6.945046 -7.436445 1.509790 -3.476176 3.417702 -0.334742 -17.457303 -4.553396 -1.233797 24.035835 7.496923 -6.403372 -13.755515 -0.126707 0.000026 -0.034725 0.000004 -0.000025 -0.000019 5.171878 -4.498346 6.099799 -2.638646 0.164794 -13.420686 2.129501 0.321986 10.920763 -0.589033 -5.622961 6.342978 -6.466878 0.984460 -19.665747 0.008451 -0.000129 0.038663 0.096649 -0.478863 3.269905 -1.094952 -1.854118 -7.055773 0.163011 -0.175386 0.016908 0.121665 -0.555069 4.177908 0.000078 -0.000113 -0.000057 -0.000042 -0.027874 0.027953 3.697612 0.523970 -1.165313 -0.602744 -0.145478 0.237525 -3.234845 -0.706998 1.192658 -0.877452 -0.532760 12.201120 0.257120 -2.536794 -30.539548 -2.088610 4.005810 21.259423 0.090622 0.574753 -14.223375 1.166695 -1.914359 11.688429 2.814891 1.909906 -30.322700 0.190295 -1.068068 -1.453780 -0.802203 0.160618 -0.479847 -0.804180 0.123497 -0.482654 0.858825 -0.396365 -7.652599 -3.332222 4.718240 -3.210339 -0.496077 1.521455 39.818268 -4.574211 -4.925562 -98.804021 -4.160361 0.777980 -45.438493 0.018972 0.049698 -0.017676 0.028270 0.072122 2.451900 -0.000916 0.100646 2.451937 4.818182 0.470120 -0.811247 64.296812 6.183699 -29.648209 11.409869 -4.055357 20.500285 -1.096645 0.032491 9.969537 58.352703 2.435017 -1.754383 96.303045 5.076479 -35.278429 19.948121 1.929039 -0.142946 7.615646 2.771358 -16.765181 -0.000062 -0.000322 -32.027672 0.591534 -1.556217 15.324761 -0.000098 -0.000110 -35.616073 -0.000019 -0.000034 -2.721286 0.000018 -0.000024 0.159845 -0.000181 -0.000138 -55.379853 -23.900794 -11.935528 -2.554912 34.949217 16.671925 -5.206574 -0.000096 -0.000116 -37.693365 0.000033 0.000035 -0.000048 16.755072 3.389050 31.886311 0.963367 47.539524 116.442363 -0.000057 -0.000051 0.000085 0.024225 -0.030007 11.786597 0.000036 -0.000010 0.000000 0.023222 -0.032328 11.715984 3.895583 -30.551457 4.076273 0.050262 0.015108 11.755976 4.554960 34.778551 -5.702478 0.050134 0.014752 11.743108 -0.000048 0.000028 -0.750892 -0.004521 -0.052603 11.750659 0.000062 -0.000011 11.750659 
0.000000 0.000000 0.000000 0.000008 0.000000 -0.000000 -0.000000 0.000000 -0.000000 0.417533 2.923865 0.714558 0.000001 0.000002 -0.000002 -3.722791 9.110817 5.176274 2.346998 -1.756551 30.509280 1.390571 -3.133588 37.763580 0.473686 -1.749010 36.397474 -0.271815 2.063000 18.124025 -0.217814 -0.512649 6.697435 -7.346388 1.179400 -0.228497 3.348922 -0.317414 -17.098431 -3.862385 -0.908051 20.178928 7.297351 -6.063684 -10.037519 -0.190039 0.000064 -0.050427 0.000004 -0.000025 -0.000019 5.655513 -5.079300 8.404265 -2.437148 0.130114 -12.385544 1.623991 0.207639 8.297669 0.058582 -4.807756 9.194128 -6.570070 0.857855 -19.723040 0.008451 -0.000130 0.038663 0.043112 -0.423955 3.553560 -0.819625 -1.976908 -6.150401 0.163011 -0.175386 0.016909 0.065343 -0.501779 4.329139 0.000078 -0.000113 -0.000059 -0.000042 -0.027874 0.027953 3.697618 0.523971 -1.165309 -0.602733 -0.145477 0.237529 -3.234850 -0.707002 1.192656 -0.585314 -0.484562 9.114059 0.425753 -1.408359 -20.284859 -1.308074 3.801529 15.648626 0.104329 0.620571 -15.389553 1.703284 -4.026813 9.733656 2.054344 1.214980 -21.871980 0.103096 -0.559448 -0.762643 -0.802229 0.160618 -0.479849 -0.804181 0.123497 -0.482653 0.620182 -0.141833 -5.860931 -2.289234 3.182995 -5.674014 -0.546413 1.583718 41.771395 -5.613602 -2.970870 -93.743602 -4.071584 0.817673 -42.460697 0.014402 0.037765 -0.013469 0.028269 0.072122 2.451900 -0.000916 0.100646 2.451938 4.818175 0.470117 -0.811254 70.479411 6.603398 -33.710665 17.380151 -4.317494 23.843922 -0.771468 -0.100230 7.301330 52.339682 2.569960 -1.773965 104.361425 4.932463 -39.899865 19.638286 1.865317 -0.386875 7.307968 4.546923 -8.731819 -0.000062 -0.000321 -32.027672 0.879370 -2.731020 7.942676 -0.000088 -0.000104 -33.041976 -0.000019 -0.000034 -2.721291 0.000018 -0.000024 0.159844 -0.000156 -0.000138 -51.414259 -23.900794 -11.935529 -2.554912 34.949224 16.671937 -5.206576 -0.000086 -0.000111 -35.170150 0.000033 0.000035 -0.000050 15.942430 3.042614 30.404864 -0.048609 46.549027 121.689123 0.000028 -0.000064 0.000022 0.024244 -0.029998 11.786616 0.000025 -0.000006 -0.000007 0.023223 -0.032325 11.715981 1.416139 -16.636522 1.371200 0.050286 0.015120 11.755980 2.131057 18.723475 -2.877989 0.050147 0.014775 11.743108 -0.000052 0.000022 -1.583962 -0.004504 -0.052623 11.750665 0.000063 -0.000010 11.750668 
0.000000 0.000000 0.000000 0.000008 0.000000 -0.000000 -0.000000 0.000000 -0.000000 0.266089 2.813180 -1.997361 0.000001 0.000002 -0.000002 -3.543144 9.352733 3.252257 2.326109 -1.850137 29.599117 1.286573 -2.983350 38.176236 0.597905 -1.900674 36.542417 -0.154265 1.723507 20.314263 -0.227866 -0.439228 6.336184 -7.188194 0.857907 2.292808 3.175091 -0.275650 -16.193755 -3.178172 -0.639133 16.463922 7.084138 -5.742621 -6.671713 -0.254022 0.000118 -0.066219 0.000004 -0.000026 -0.000019 6.038803 -5.619770 9.920220 -2.141133 0.085927 -10.870109 1.194210 0.129308 6.085989 0.498423 -4.066810 11.444818 -6.636509 0.715551 -19.681117 0.008451 -0.000130 0.038663 -0.003472 -0.367675 3.716306 -0.539630 -2.096508 -5.235503 0.163011 -0.175386 0.016907 0.016058 -0.444543 4.361543 0.000078 -0.000112 -0.000058 -0.000042 -0.027874 0.027952 3.697616 0.523971 -1.165310 -0.602729 -0.145481 0.237527 -3.234849 -0.707000 1.192655 -0.333406 -0.438806 6.139873 0.367496 -0.308817 -10.517532 -0.718111 3.439899 9.866534 0.102281 0.613931 -15.220122 2.324195 -5.927286 6.887480 1.471404 0.484152 -14.449520 0.035215 -0.185632 -0.253785 -0.802256 0.160618 -0.479851 -0.804180 0.123498 -0.482655 0.382642 0.125466 -4.446361 -1.602216 1.951287 -6.745701 -0.507719 1.536247 40.277455 -6.674799 -2.134970 -82.008265 -3.433094 0.539714 -38.621759 0.009892 0.025730 -0.009210 0.028269 0.072124 2.451895 -0.000916 0.100646 2.451937 4.818147 0.470123 -0.811250 62.469996 7.504693 -32.539851 31.329388 -1.619886 11.539164 -0.491404 -0.213482 4.724526 45.534238 2.638504 -1.691161 110.373692 4.744753 -42.818852 20.199861 1.900972 -0.476445 6.569404 5.959392 -2.383605 -0.000061 -0.000320 -32.027672 1.037626 -3.648785 2.242045 -0.000081 -0.000099 -30.870095 -0.000019 -0.000034 -2.721288 0.000018 -0.000024 0.159839 -0.000142 -0.000134 -48.086557 -23.900792 -11.935528 -2.554912 34.949228 16.671939 -5.206575 -0.000088 -0.000102 -33.032769 0.000032 0.000035 -0.000050 15.065893 2.758032 28.785405 -1.922530 46.182556 126.008070 0.000028 -0.000060 0.000029 0.024259 -0.029992 11.786637 -0.000001 -0.000013 -0.000040 0.023225 -0.032327 11.715987 0.203542 -5.621234 0.079819 0.050297 0.015148 11.755988 0.748628 6.175784 -1.071706 0.050158 0.014800 11.743094 -0.000057 0.000014 -2.533771 -0.004484 -0.052645 11.750660 0.000063 -0.000009 11.750658 
0.000000 0.000000 0.000000 0.000008 0.000000 -0.000000 -0.000000 0.000000 -0.000000 0.153329 2.782562 -3.918493 0.000001 0.000002 -0.000002 -3.358943 9.584074 1.363559 2.297100 -2.071415 27.811344 1.211541 -2.859048 38.821829 0.683866 -2.019076 36.341828 0.098410 1.134998 21.210411 -0.226312 -0.376288 5.867536 -6.960541 0.582859 3.711742 2.889709 -0.213335 -14.715371 -2.576127 -0.443528 13.262831 6.873803 -5.495895 -3.988264 -0.316749 0.000183 -0.081743 0.000004 -0.000023 -0.000019 6.224041 -6.097319 10.311826 -1.736668 0.038401 -8.807607 0.889792 0.084115 4.527655 0.670172 -3.519576 12.812095 -6.660080 0.561746 -19.535086 0.008451 -0.000128 0.038663 -0.029842 -0.312176 3.698196 -0.263240 -2.209377 -4.337751 0.163011 -0.175386 0.016907 -0.017614 -0.391387 4.229869 0.000078 -0.000112 -0.000054 -0.000042 -0.027874 0.027951 3.697579 0.523972 -1.165291 -0.602736 -0.145476 0.237532 -3.234853 -0.706998 1.192656 -0.154730 -0.389202 3.655212 0.179208 0.378545 -3.656332 -0.377177 3.149850 5.223692 0.089900 0.572239 -14.159607 2.736575 -7.181597 5.633388 1.098125 -0.035795 -9.092692 0.000523 0.000367 0.000030 -0.802311 0.160618 -0.479855 -0.804180 0.123497 -0.482655 0.169036 0.481994 -4.296543 -1.467069 1.324706 -5.124894 -0.304470 1.234873 31.402454 -7.432969 -3.452652 -54.998811 -1.330334 -0.400300 -32.563272 0.005329 0.013905 -0.005040 0.028269 0.072122 2.451895 -0.000916 0.100646 2.451939 4.818102 0.470102 -0.811273 45.682218 10.466577 -34.546851 51.039586 3.129043 -10.970894 -0.287587 -0.261908 2.600200 38.858281 2.600474 -1.519268 114.601572 4.832916 -52.455774 21.879775 2.031862 -0.585320 5.581529 6.597401 0.994021 -0.000062 -0.000322 -32.027665 1.132693 -4.083540 -0.447468 -0.000076 -0.000096 -29.502947 -0.000019 -0.000034 -2.721285 0.000018 -0.000024 0.159844 -0.000134 -0.000131 -45.999798 -23.900792 -11.935528 -2.554912 34.949224 16.671930 -5.206601 -0.000085 -0.000098 -31.684862 0.000033 0.000034 -0.000050 14.199180 2.503480 27.193628 -3.703143 45.730094 130.193132 0.000029 -0.000058 0.000023 0.024293 -0.029989 11.786682 -0.000043 0.000013 -0.000073 0.023241 -0.032323 11.715962 -0.007384 0.004058 -0.000687 0.050323 0.015193 11.755995 -0.000040 -0.000008 0.000017 0.050182 0.014848 11.743087 -0.000063 0.000003 -3.540889 -0.004450 -0.052687 11.750665 0.000062 -0.000011 11.750660 
0.000000 0.000000 0.000000 0.000008 0.000000 -0.000000 -0.000000 0.000000 -0.000000 0.130919 2.858178 -4.595632 0.000001 0.000002 -0.000002 -3.487720 9.275534 2.789014 1.849583 -2.101971 22.492662 1.395204 -3.027813 39.601741 0.884439 -2.233403 37.189516 0.362811 0.544732 22.117918 -0.222839 -0.310862 5.038903 -6.577286 0.351063 3.107023 2.382062 -0.121329 -12.103324 -2.173243 -0.332985 11.149293 6.736027 -5.367618 -2.402367 -0.380088 0.000262 -0.097411 0.000004 -0.000023 -0.000019 6.008182 -6.519256 8.615263 -1.094641 -0.006948 -5.547146 0.820598 0.075011 4.174216 0.447099 -3.285633 12.833035 -6.635870 0.391603 -19.270983 0.008451 -0.000130 0.038663 -0.056763 -0.255709 3.331349 0.017647 -2.318987 -3.430490 0.163011 -0.175386 0.016908 -0.050922 -0.335683 3.747020 0.000078 -0.000112 -0.000058 -0.000042 -0.027874 0.027950 3.697582 0.523972 -1.165291 -0.602729 -0.145480 0.237527 -3.234851 -0.706999 1.192656 -0.047765 -0.313602 1.233604 0.021238 0.582016 0.439868 -0.440078 3.125112 -1.458869 0.018415 0.227389 -5.564321 2.898293 -7.706581 3.497748 0.876927 -0.257792 -6.065525 -0.013157 0.069953 0.094974 -0.802419 0.160617 -0.479863 -0.804180 0.123496 -0.482654 0.009525 0.864839 -4.649320 -1.681370 0.982588 -1.475928 -0.093296 0.735695 18.155787 -6.456621 -5.929408 -17.965178 1.694030 -1.400875 -25.077777 0.000924 0.001975 -0.000852 0.028270 0.072122 2.451901 -0.000916 0.100646 2.451937 4.818048 0.470095 -0.811265 29.710817 11.866209 -34.694533 62.004211 7.271977 -28.537399 -0.148434 -0.237137 0.528541 32.477812 2.454514 -1.286884 116.222977 4.822931 -55.091479 24.821736 2.262637 -0.746858 4.311062 6.352929 1.552227 -0.000062 -0.000322 -32.027672 1.223485 -3.964689 0.023208 -0.000074 -0.000094 -28.837390 -0.000020 -0.000033 -2.721286 0.000017 -0.000023 0.159845 -0.000132 -0.000128 -44.983879 -23.900796 -11.935529 -2.554908 34.949241 16.671921 -5.206621 -0.000073 -0.000100 -31.028450 0.000033 0.000035 -0.000046 13.289832 2.317038 25.496148 -6.138218 44.771105 136.643125 -0.044334 0.004666 0.033815 0.024357 -0.029970 11.786772 0.000036 -0.000049 -0.000009 0.023254 -0.032322 11.715939 0.317475 2.028000 0.636779 0.050373 0.015290 11.756005 -0.495026 -1.854917 0.709048 0.050236 0.014941 11.743057 -0.000069 -0.000004 -4.605582 -0.004379 -0.052771 11.750658 0.000062 -0.000011 11.750662 
0.000000 0.000000 0.000000 0.000008 0.000000 -0.000000 -0.000000 0.000000 -0.000000 0.177890 3.005475 -4.039052 0.000001 0.000002 -0.000001 -3.612721 8.954282 4.263751 0.842459 -1.589640 10.804975 2.324643 -3.841221 42.366987 1.237416 -2.525483 39.578675 0.584719 -0.011637 21.487942 -0.216298 -0.230366 3.798418 -6.009464 0.154506 0.417596 1.632374 -0.028562 -8.277166 -1.986062 -0.287017 10.173996 6.694252 -5.359351 -1.914184 -0.443091 0.000359 -0.112952 0.000004 -0.000025 -0.000019 5.378356 -6.873169 4.702414 -0.164338 -0.007807 -0.833373 0.969988 0.095201 4.937607 -0.172233 -3.323884 11.508762 -6.556720 0.204630 -18.875583 0.008451 -0.000128 0.038663 -0.094312 -0.196550 2.619949 0.006883 -2.597608 -2.526725 0.163011 -0.175386 0.016908 -0.088019 -0.267455 2.905584 0.000078 -0.000112 -0.000056 -0.000042 -0.027874 0.027951 3.697544 0.523967 -1.165286 -0.602733 -0.145482 0.237527 -3.234846 -0.706999 1.192656 0.011525 -0.206596 -1.514147 -0.069295 0.506207 3.391057 -0.834151 3.021036 -5.028605 -0.000180 -0.006101 0.148720 3.409736 -7.755246 3.417918 0.748004 -0.279520 -4.829485 -0.026458 0.140204 0.190913 -0.802201 0.160618 -0.479847 -0.804180 0.123498 -0.482654 -0.109741 1.036780 -3.636640 -2.026871 0.591152 1.738893 -0.016860 0.366854 8.962026 -4.278095 -7.074273 8.438615 3.365353 -1.692710 -19.881835 -0.003635 -0.010082 0.003406 0.028270 0.072122 2.451900 -0.000916 0.100645 2.451938 4.817946 0.470085 -0.811252 16.665721 9.925224 -28.007264 56.459884 10.546662 -36.589439 -0.047729 -0.170128 -1.870759 26.049255 2.187526 -1.004991 113.189779 5.069530 -57.477845 28.567413 2.647960 -0.323019 2.791945 5.357069 0.227901 -0.000061 -0.000323 -32.027669 1.260685 -3.381098 3.044445 -0.000074 -0.000094 -28.667318 -0.000019 -0.000033 -2.721288 0.000017 -0.000024 0.159842 -0.000129 -0.000128 -44.725947 -23.900790 -11.935528 -2.554910 34.949217 16.671937 -5.206576 -0.000071 -0.000100 -30.859625 0.000033 0.000035 -0.000046 12.388746 2.193435 23.795886 -12.588385 42.040101 150.804211 -0.151963 0.016018 0.115818 0.024229 -0.030049 11.786605 0.000051 -0.000025 -0.000003 0.023283 -0.032318 11.715896 0.730159 3.587071 1.430562 0.050274 0.015099 11.755977 -0.962567 -3.018071 1.367097 0.050136 0.014757 11.743125 -0.000075 -0.000013 -5.693060 -0.004520 -0.052604 11.750659 0.000063 -0.000010 11.750660 
0.000000 0.000000 0.000000 0.000008 0.000000 -0.000000 -0.000000 0.000000 -0.000000 0.216472 3.163562 -2.863699 0.000001 0.000002 -0.000001 -3.956970 7.976763 9.433368 0.016267 -0.415986 -4.068536 3.602502 -4.813010 45.225575 1.742525 -2.855776 42.954424 0.796315 -0.559551 20.872250 -0.188784 -0.146380 2.470523 -5.356197 -0.008643 -3.161508 0.791035 0.015630 -4.008655 -1.891807 -0.265152 9.684376 6.679973 -5.428632 -1.989942 -0.407005 0.000302 -0.103755 0.000004 -0.000023 -0.000019 4.495100 -7.046546 -0.245966 0.919898 0.088222 4.681587 1.172128 0.125738 5.972710 -1.010951 -3.443217 9.462133 -6.421027 0.006958 -18.354655 0.008451 -0.000130 0.038663 -0.114782 -0.135193 1.797225 0.000615 -2.870978 -1.640362 0.163011 -0.175386 0.016908 -0.106031 -0.189077 1.960090 0.000078 -0.000112 -0.000057 -0.000042 -0.027874 0.027951 3.697499 0.523963 -1.165268 -0.602738 -0.145477 0.237528 -3.234847 -0.706999 1.192658 0.037642 -0.084643 -4.254855 -0.087282 0.280595 5.510155 -1.364183 2.824709 -6.630056 0.000283 -0.159594 3.891740 4.031760 -7.494755 4.340727 0.683484 -0.185637 -4.743715 -0.040317 0.208801 0.284976 -0.802228 0.160617 -0.479849 -0.804181 0.123498 -0.482655 -0.179362 0.939650 -1.099060 -2.631420 0.046096 0.645640 -0.007501 0.278153 6.787347 -2.311568 -7.344333 18.556681 2.681353 -1.348552 -18.254369 -0.008183 -0.021858 0.007575 0.028270 0.072122 2.451900 -0.000916 0.100646 2.451938 4.818179 0.470119 -0.811253 5.472203 6.644601 -19.089827 43.916470 13.031627 -40.351323 0.022558 -0.079243 -4.289058 20.812365 1.875379 -0.753712 104.829880 5.780284 -67.208932 33.464392 3.183881 0.522778 1.287006 3.808119 -2.680135 -0.000062 -0.000321 -32.027676 1.152378 -2.468719 8.317652 -0.000074 -0.000095 -29.071993 -0.000020 -0.000033 -2.721286 0.000018 -0.000023 0.159844 -0.000131 -0.000129 -45.342064 -23.900792 -11.935528 -2.554910 34.949228 16.671937 -5.206573 -0.000073 -0.000102 -31.260089 0.000033 0.000035 -0.000050 11.511086 2.133817 22.117700 -18.903454 37.114927 165.885747 -0.316639 0.033076 0.241318 0.024245 -0.030036 11.786629 0.000044 -0.000007 0.000001 0.023343 -0.032300 11.715804 1.214718 4.682601 2.337355 0.050286 0.015122 11.755982 -1.402020 -3.537381 1.968121 0.050148 0.014781 11.743122 -0.000082 -0.000023 -6.759412 -0.004503 -0.052623 11.750663 0.000062 -0.000010 11.750658 
0.000000 0.000000 0.000000 0.000008 0.000000 -0.000000 -0.000000 0.000000 -0.000000 0.177262 3.278408 -1.614535 0.000001 0.000002 -0.000002 -4.157688 7.006243 14.643868 -0.061311 1.087069 -17.037067 3.896170 -5.426458 42.648832 2.578991 -3.296304 47.455007 1.011157 -0.974042 21.701215 -0.122040 -0.066118 1.300856 -4.704008 -0.148252 -6.585572 0.007129 0.000385 -0.036198 -1.788762 -0.242196 9.150054 6.624488 -5.504747 -2.099763 -0.370573 0.000250 -0.094477 0.000004 -0.000023 -0.000019 3.754299 -7.218057 -5.184862 1.997711 0.289845 10.234449 1.331193 0.152408 6.789280 -1.923867 -3.480134 7.193744 -6.219160 -0.206661 -17.682928 0.008451 -0.000129 0.038663 -0.092139 -0.069449 1.047499 -0.001455 -3.147090 -0.745027 0.163011 -0.175386 0.016907 -0.083758 -0.099216 1.108844 0.000078 -0.000112 -0.000055 -0.000042 -0.027874 0.027951 3.697423 0.523954 -1.165253 -0.602733 -0.145479 0.237528 -3.234851 -0.707003 1.192655 0.044124 0.042297 -6.818032 -0.055769 0.018465 7.236388 -1.851715 2.510438 -7.239096 0.005819 -0.257432 6.281162 4.552580 -7.064555 5.525051 0.660688 -0.062072 -5.162978 -0.049967 0.259211 0.353875 -0.802256 0.160618 -0.479851 -0.804180 0.123497 -0.482654 -0.198843 0.718436 1.996996 -3.459128 -0.393857 0.348946 -0.007631 0.279647 6.823917 -0.457315 -7.127481 19.909955 0.848432 -0.741556 -18.233827 -0.008696 -0.023168 0.008044 0.028270 0.072122 2.451900 -0.000916 0.100646 2.451938 4.818176 0.470120 -0.811249 -0.355835 5.485374 -16.467572 29.254127 13.687700 -39.847149 0.072611 0.022815 -6.561434 15.530189 1.471185 -0.492775 91.240488 6.371124 -72.229517 41.238773 3.792985 0.599649 -0.122780 1.903648 -7.031537 -0.000061 -0.000321 -32.027679 0.818389 -1.377834 15.749844 -0.000078 -0.000097 -30.093544 -0.000019 -0.000034 -2.721287 0.000018 -0.000023 0.159844 -0.000138 -0.000131 -46.901369 -23.900794 -11.935523 -2.554907 34.949228 16.671933 -5.206581 -0.000077 -0.000104 -32.267272 0.000033 0.000035 -0.000048 10.638608 2.135100 20.420713 -19.447707 34.799049 172.047739 -0.482969 0.049949 0.368084 0.024261 -0.030043 11.786647 0.000034 -0.000035 -0.000012 0.023223 -0.032327 11.715987 1.780535 5.385326 3.369461 0.050297 0.015147 11.755982 -1.836491 -3.491697 2.540848 0.050161 0.014804 11.743122 -0.000087 -0.000031 -7.789324 -0.004485 -0.052645 11.750659 0.000063 -0.000010 11.750659 
0.000000 0.000000 0.000000 0.000008 0.000000 -0.000000 -0.000000 0.000000 -0.000000 -0.011527 3.286513 -0.881453 0.000001 0.000002 -0.000002 -4.107631 5.268243 23.660142 0.685276 2.862711 -27.511536 2.450617 -5.335832 30.504349 4.422585 -3.813835 56.208082 1.160854 -0.941301 24.491725 0.001685 0.000549 0.584294 -4.201889 -0.259514 -8.538885 -0.469634 -0.035554 2.385668 -1.617209 -0.206225 8.262856 6.492832 -5.435031 -1.708002 -0.333767 0.000206 -0.085120 0.000004 -0.000024 -0.000019 3.405717 -7.411285 -8.551852 2.726738 0.489057 14.058258 1.437815 0.171594 7.337720 -2.716051 -3.301804 5.269360 -5.943517 -0.435473 -16.845808 0.008451 -0.000128 0.038663 0.001525 0.000746 0.585476 0.033372 -3.224525 -0.427400 0.163011 -0.175386 0.016907 0.001358 0.001095 0.585159 0.000078 -0.000112 -0.000056 -0.000042 -0.027875 0.027951 3.697616 0.523975 -1.165314 -0.602737 -0.145481 0.237526 -3.234848 -0.707002 1.192655 0.041243 0.159140 -8.938541 -0.016068 -0.163611 8.938564 -2.118091 2.090118 -7.761814 0.010764 -0.312723 7.634628 4.748565 -6.611764 6.350436 0.658952 -0.000687 -5.449743 -0.060062 0.310008 0.423389 -0.802311 0.160618 -0.479855 -0.804181 0.123498 -0.482654 -0.177000 0.465324 4.937199 -4.222134 -0.749439 -0.391143 -0.015809 0.358296 8.751801 1.002986 -6.850483 16.943652 -1.147217 -0.101203 -18.876619 -0.009219 -0.024578 0.008524 0.028270 0.072122 2.451900 -0.000916 0.100645 2.451938 4.818159 0.470127 -0.811252 -1.407170 4.872474 -14.878467 10.788801 10.428852 -30.294809 0.108087 0.120075 -8.438996 12.463271 1.183446 -0.336520 68.555196 6.072425 -59.215609 56.334113 2.485486 -14.254992 -1.423638 -0.045513 -12.607161 -0.000062 -0.000322 -32.027672 0.259893 -0.341099 24.917310 -0.000085 -0.000100 -31.671027 -0.000020 -0.000034 -2.721288 0.000017 -0.000024 0.159844 -0.000147 -0.000135 -49.309366 -23.900789 -11.935521 -2.554912 34.949224 16.671937 -5.206577 -0.000082 -0.000108 -33.822585 0.000033 0.000034 -0.000050 9.805488 2.194723 18.767649 -22.209970 33.943148 172.210133 -0.751961 0.076423 0.573139 0.024295 -0.030027 11.786694 0.000024 -0.000011 -0.000024 0.023240 -0.032328 11.715964 2.426044 5.723354 4.516652 0.050322 0.015195 11.755992 -2.273836 -2.929943 3.094767 0.050185 0.014852 11.743109 -0.000093 -0.000040 -8.756913 -0.004450 -0.052687 11.750663 0.000062 -0.000010 11.750660 
0.000000 0.000000 0.000000 0.000008 0.000000 -0.000000 -0.000000 0.000000 -0.000000 -0.354326 3.212482 -0.629133 0.000001 0.000002 -0.000002 -3.654076 3.772679 32.510403 1.995333 4.441247 -35.827672 0.659037 -4.170175 13.249121 6.751887 -3.833671 65.851548 1.312921 -0.744833 28.889801 0.172458 0.055736 0.258790 -3.808051 -0.354651 -9.161556 -0.658777 -0.055448 3.348887 -1.406522 -0.165829 7.176933 6.284164 -5.247403 -0.889659 -0.297677 0.000162 -0.075943 0.000004 -0.000025 -0.000019 3.462273 -7.625582 -10.211818 3.044558 0.592569 15.748328 1.556134 0.194123 7.947431 -3.391482 -2.965806 3.691780 -5.598795 -0.670574 -15.862327 0.008451 -0.000129 0.038663 0.154783 0.074700 0.375984 0.067956 -3.300257 -0.115866 0.163011 -0.175386 0.016908 0.138735 0.109824 0.347212 0.000078 -0.000113 -0.000055 -0.000042 -0.027874 0.027952 3.697612 0.523971 -1.165309 -0.602733 -0.145482 0.237527 -3.234855 -0.707001 1.192655 0.037761 0.247337 -10.323534 0.006657 -0.248575 10.333371 -2.139778 1.576490 -8.398665 0.013955 -0.342332 8.360744 4.531707 -6.143604 6.742934 0.710265 -0.003333 -5.874313 -0.070276 0.359759 0.491534 -0.802419 0.160617 -0.479863 -0.804180 0.123495 -0.482654 -0.144190 0.275422 6.952721 -4.681831 -1.059752 -1.132210 -0.021954 0.405125 9.903341 1.970494 -6.610753 15.158604 -2.300062 0.279676 -19.241609 -0.009794 -0.025921 0.009003 0.028270 0.072122 2.451899 -0.000916 0.100646 2.451937 4.818149 0.470126 -0.811249 -1.128040 2.828275 -8.894840 -7.556119 3.891654 -14.919344 0.132581 0.194138 -9.649000 9.456982 0.893425 -0.198305 41.423660 4.465632 -39.362203 72.398714 -0.359297 -40.420301 -2.564554 -1.671860 -18.098669 -0.000061 -0.000322 -32.027672 -0.389842 0.417359 33.701714 -0.000090 -0.000105 -33.334718 -0.000020 -0.000033 -2.721288 0.000017 -0.000023 0.159842 -0.000158 -0.000137 -51.864365 -23.900794 -11.935526 -2.554910 34.949228 16.671935 -5.206574 -0.000088 -0.000112 -35.456799 0.000033 0.000034 -0.000048 9.007863 2.307707 17.147139 -30.313602 32.212309 171.555637 -1.015813 0.101470 0.774325 0.024364 -0.030009 11.786778 0.000004 -0.000013 -0.000027 0.023253 -0.032321 11.715942 3.127855 5.736031 5.730757 0.050374 0.015290 11.756011 -2.708190 -1.945580 3.624079 0.050236 0.014948 11.743085 -0.000099 -0.000047 -9.607248 -0.004380 -0.052771 11.750662 0.000062 -0.000011 11.750662 
0.000000 0.000000 0.000000 0.000008 0.000000 -0.000000 -0.000000 0.000000 -0.000000 -0.811649 3.117109 -0.419270 0.000001 0.000002 -0.000002 -3.172374 2.973195 36.885757 2.723103 5.169208 -38.322679 -0.203575 -2.159162 -3.490358 7.743590 -3.980073 67.548597 1.925773 -0.962845 36.555992 0.374532 0.110401 0.040406 -3.366967 -0.457276 -9.564163 -0.779796 -0.069865 3.966094 -1.202572 -0.130633 6.129076 6.036320 -5.010491 -0.041353 -0.261253 0.000122 -0.066632 0.000004 -0.000024 -0.000019 3.721797 -7.840242 -11.366995 3.203601 0.648298 16.600189 1.719569 0.227393 8.791648 -4.128328 -2.576869 1.982369 -5.169541 -0.916512 -14.692886 0.008451 -0.000128 0.038663 0.342378 0.154587 0.225538 0.103295 -3.376525 0.198817 0.163011 -0.175386 0.016908 0.307181 0.229824 0.179977 0.000078 -0.000113 -0.000056 -0.000042 -0.027875 0.027952 3.697612 0.523970 -1.165307 -0.602739 -0.145479 0.237524 -3.234855 -0.706998 1.192657 0.041294 0.293029 -10.762383 0.012591 -0.290996 10.792077 -2.037803 0.969219 -8.816734 0.015935 -0.359142 8.773455 4.042401 -5.581031 7.012969 0.831385 -0.011138 -6.877715 -0.077255 0.395574 0.540771 -0.802202 0.160618 -0.479847 -0.804181 0.123496 -0.482654 -0.123297 0.162016 7.817297 -4.864663 -1.402665 -1.593281 -0.019581 0.387886 9.479073 2.620636 -6.294242 15.840961 -2.646974 0.398407 -19.221518 -0.010262 -0.027271 0.009477 0.028270 0.072122 2.451900 -0.000915 0.100646 2.451938 4.818105 0.470106 -0.811264 -0.862143 2.039732 -6.492717 -16.023443 -1.007847 -2.994137 0.150251 0.230632 -9.990472 8.988127 0.843485 -0.176292 19.948389 2.844340 -34.896956 79.542163 -1.678014 -54.632224 -3.441055 -2.755869 -21.995159 -0.000061 -0.000322 -32.027672 -0.919175 0.860787 39.522237 -0.000094 -0.000107 -34.526753 -0.000020 -0.000034 -2.721287 0.000018 -0.000024 0.159844 -0.000164 -0.000140 -53.699043 -23.900794 -11.935522 -2.554907 34.949224 16.671939 -5.206573 -0.000092 -0.000114 -36.626145 0.000033 0.000035 -0.000048 8.289060 2.474364 15.641985 -34.956891 34.883484 166.596537 -1.282375 0.125820 0.977627 0.024228 -0.030006 11.786601 -0.000027 0.000018 -0.000053 0.023282 -0.032313 11.715896 3.904480 5.462615 7.036360 0.050270 0.015097 11.756000 -3.157944 -0.573536 4.154232 0.050131 0.014755 11.743108 -0.000093 -0.000027 -10.335972 -0.004521 -0.052602 11.750660 0.000063 -0.000010 11.750660 
0.000000 0.000000 0.000000 0.000008 0.000000 -0.000000 -0.000000 0.000000 -0.000000 -1.348145 3.000753 -0.249774 0.000001 0.000002 -0.000002 -2.592828 2.271066 41.264103 1.812607 4.712910 -30.645341 0.330811 0.609340 -19.987937 6.335080 -5.059309 55.830069 4.069065 -1.439067 52.781868 0.600350 0.164271 -0.086982 -2.905652 -0.567227 -9.781716 -0.842700 -0.077880 4.287223 -1.007240 -0.100523 5.128381 5.782575 -4.774413 0.815839 -0.224453 0.000091 -0.057248 0.000004 -0.000024 -0.000019 4.144669 -8.052317 -12.052553 3.217510 0.653298 16.674887 1.926780 0.273211 9.865701 -4.932049 -2.137610 0.116446 -4.648130 -1.170051 -13.321466 0.008451 -0.000129 0.038663 0.556438 0.238626 0.125390 0.147772 -3.352107 0.162443 0.163011 -0.175386 0.016907 0.499542 0.357960 0.072854 0.000078 -0.000113 -0.000056 -0.000042 -0.027875 0.027952 3.697584 0.523973 -1.165290 -0.602736 -0.145481 0.237529 -3.234851 -0.707002 1.192657 0.048947 0.304657 -10.425382 0.004763 -0.301616 10.469906 -1.874710 0.322753 -9.055660 0.016610 -0.364638 8.908471 3.441044 -4.988284 7.170310 0.971489 -0.022800 -8.040047 -0.084560 0.431888 0.590265 -0.802228 0.160617 -0.479849 -0.804181 0.123495 -0.482654 -0.107651 0.075632 7.954329 -5.015942 -1.720359 -1.902787 -0.015297 0.354035 8.647201 3.208139 -5.952866 16.516328 -2.836770 0.464135 -19.280763 -0.010771 -0.028599 0.009988 0.028269 0.072122 2.451899 -0.000916 0.100647 2.451938 4.818048 0.470097 -0.811261 -0.405055 2.078268 -6.534267 -16.379530 -2.943545 3.428374 0.161311 0.237459 -9.618465 8.519286 0.793325 -0.154724 8.426725 1.680746 -29.081672 67.445325 -1.538951 -50.417892 -4.100005 -3.406477 -24.719961 -0.000062 -0.000323 -32.027672 -1.284631 1.121867 42.931823 -0.000097 -0.000109 -35.350139 -0.000021 -0.000033 -2.721291 0.000017 -0.000023 0.159844 -0.000170 -0.000140 -54.966931 -23.900790 -11.935520 -2.554912 34.949238 16.671921 -5.206597 -0.000094 -0.000115 -37.433972 0.000032 0.000034 -0.000046 7.568853 2.661837 14.125799 -1.579323 49.426913 115.701670 -1.551921 0.149469 1.183258 0.024241 -0.030000 11.786622 0.000057 -0.000033 -0.000009 0.023340 -0.032302 11.715802 4.755038 4.935186 8.424542 0.050285 0.015121 11.756003 -3.628687 1.130938 4.695098 0.050145 0.014779 11.743104 -0.000097 -0.000032 -10.908797 -0.004503 -0.052623 11.750661 0.000062 -0.000011 11.750666 
0.000000 0.000000 0.000000 0.000008 0.000000 -0.000000 -0.000000 0.000000 -0.000000 -1.910402 2.869028 -0.117696 0.000001 0.000002 -0.000002 -2.437275 2.094067 40.420636 0.558206 3.271889 -17.328876 2.443686 3.013716 -35.621195 3.467396 -5.534221 36.363760 7.118195 -0.542323 71.809515 0.834802 0.215537 -0.140694 -2.463619 -0.679292 -9.855478 -0.859782 -0.080118 4.374468 -0.826827 -0.075791 4.206226 5.527141 -4.489544 1.640053 -0.188366 0.000063 -0.048058 0.000004 -0.000025 -0.000019 4.667344 -8.249376 -12.333690 3.115058 0.616945 16.125409 2.162075 0.330195 11.090731 -5.780080 -1.665310 -1.866487 -4.047457 -1.418998 -11.782998 0.008451 -0.000129 0.038663 0.781688 0.322421 0.067077 0.191410 -3.328205 0.126763 0.163011 -0.175386 0.016908 0.702019 0.487102 0.015207 0.000078 -0.000113 -0.000056 -0.000028 -0.055879 0.027952 3.697578 0.523973 -1.165292 -0.602735 -0.145477 0.237529 -3.234851 -0.706999 1.192659 0.052443 0.303954 -9.730034 -0.002255 -0.302271 9.769616 -1.724170 -0.297936 -9.165389 0.016173 -0.361092 8.821353 2.911198 -4.437523 7.217405 1.076320 -0.033421 -8.911181 -0.088732 0.452516 0.618504 -0.802256 0.160618 -0.479851 -0.804181 0.123498 -0.482655 -0.090085 0.001200 7.742835 -5.149484 -2.002738 -2.072770 -0.010363 0.308931 7.540965 3.716048 -5.606176 17.140947 -2.897742 0.486347 -19.383314 -0.011306 -0.030004 0.010459 0.028270 0.072122 2.451900 -0.000916 0.100647 2.451938 4.817942 0.470087 -0.811253 0.876372 1.492474 -4.543933 -16.111267 -4.091143 7.739023 0.164293 0.235463 -8.920663 8.519273 0.793333 -0.154711 2.915382 0.516216 -8.290253 43.144406 -1.811918 -41.332343 -4.666688 -3.899256 -27.330107 -0.000062 -0.000322 -32.027676 -1.613332 1.334582 45.798993 -0.000100 -0.000111 -36.125127 -0.000020 -0.000033 -2.721290 0.000017 -0.000022 0.159844 -0.000175 -0.000141 -56.170974 -23.900792 -11.935521 -2.554912 34.949245 16.671925 -5.206652 -0.000097 -0.000118 -38.189637 0.000033 0.000034 -0.000048 6.975552 2.881259 12.812643 25.292455 18.051428 49.489218 -1.845271 0.174113 1.407090 0.024260 -0.029994 11.786636 0.000045 -0.000007 0.000001 0.023218 -0.032305 11.715988 5.650096 4.215041 9.842365 0.050297 0.015144 11.756008 -4.111729 3.045955 5.239623 0.050159 0.014803 11.743096 -0.000099 -0.000035 -11.285043 -0.004486 -0.052644 11.750666 0.000062 -0.000011 11.750660 
0.000000 0.000000 0.000000 0.000008 0.000000 -0.000000 -0.000000 0.000000 -0.000000 -2.476993 2.719673 -0.016134 0.000001 0.000001 -0.000002 -2.282863 1.913012 39.569437 0.100829 1.846269 -6.354637 4.276810 4.024175 -43.962998 0.728407 -4.129286 15.125131 8.929487 0.403492 80.355577 1.076735 0.265483 -0.141066 -2.053107 -0.793334 -9.831770 -0.844696 -0.078140 4.297466 -0.656567 -0.055164 3.337684 5.265149 -4.205593 2.473400 -0.151935 0.000041 -0.038774 0.000004 -0.000024 -0.000019 5.253369 -8.425078 -12.304726 2.923360 0.551870 15.101972 2.419919 0.398822 12.440630 -6.699622 -1.149991 -4.043404 -3.345399 -1.665491 -10.020910 0.008451 -0.000128 0.038663 1.016267 0.406612 0.038723 0.235515 -3.304055 0.090713 0.163011 -0.175386 0.016908 0.912874 0.617801 -0.006935 0.000078 -0.000113 -0.000055 -0.000015 -0.069867 0.027952 3.697542 0.523967 -1.165286 -0.602736 -0.145481 0.237529 -3.234853 -0.707002 1.192654 0.052553 0.292649 -8.713048 -0.007620 -0.297239 8.712883 -1.655469 -0.877120 -9.218250 0.015005 -0.351373 8.582689 2.609225 -3.953777 7.145497 1.098126 -0.035795 -9.092713 -0.092902 0.473252 0.647016 -0.802311 0.160618 -0.479855 -0.804181 0.123497 -0.482654 -0.072341 -0.062125 7.209779 -5.285489 -2.257941 -2.125353 -0.005633 0.255209 6.226148 4.158733 -5.253122 17.710250 -2.862050 0.475518 -19.498870 -0.011797 -0.031347 0.010929 0.028270 0.072122 2.451900 -0.000916 0.100647 2.451937 4.818185 0.470121 -0.811249 1.875652 1.246830 -3.631480 -15.882886 -4.482748 9.348456 0.160457 0.225888 -7.929045 8.519277 0.793350 -0.154670 0.957149 0.026878 2.382351 22.522115 -2.328240 -31.784695 -5.173689 -4.245808 -29.871224 -0.000062 -0.000322 -32.027676 -1.895024 1.505914 48.219565 -0.000586 0.000082 -36.875430 -0.000020 -0.000034 -2.721287 0.000018 -0.000024 0.159844 -0.000606 0.000026 -57.336904 -23.900789 -11.935524 -2.554914 34.949217 16.671937 -5.206576 -0.000488 0.000037 -38.921256 0.000033 0.000035 -0.000048 6.381483 3.116465 11.488569 13.321230 3.716910 19.904201 -2.141626 0.197821 1.633279 0.024295 -0.029994 11.786682 0.000038 -0.000009 0.000003 0.023235 -0.032298 11.715962 6.610928 3.318905 11.321001 0.050321 0.015192 11.756020 -4.625276 5.163722 5.813440 0.050182 0.014848 11.743091 -0.000100 -0.000035 -11.446201 -0.004451 -0.052686 11.750663 0.000063 -0.000010 11.750663 
0.000000 0.000000 0.000000 0.000008 0.000000 -0.000000 -0.000000 0.000000 -0.000000 -3.010395 2.553935 0.059692 0.000001 0.000002 -0.000002 -2.129611 1.741170 39.626452 0.096594 1.029558 -1.009923 3.873804 4.258719 -39.882687 -0.380060 -0.473284 -8.712718 8.913264 -1.266887 70.826589 1.317999 0.313587 -0.105944 -1.701124 -0.904035 -9.751407 -0.809667 -0.073626 4.118561 -0.497395 -0.038247 2.527035 5.014623 -3.909504 3.270525 -0.115137 0.000021 -0.029383 0.000004 -0.000025 -0.000019 5.175163 -7.768521 -10.882133 2.392654 0.391269 12.297581 2.746275 0.495110 14.161636 -9.302783 -0.644553 -11.648276 -3.005296 -1.528603 -9.035051 0.008451 -0.000127 0.038663 1.251594 0.489155 0.030816 0.280019 -3.279712 0.054287 0.163011 -0.175386 0.016907 1.124369 0.746587 -0.005118 0.000078 -0.000113 -0.000056 0.000006 -0.125904 0.027952 3.697480 0.523948 -1.165311 -0.602733 -0.145483 0.237528 -3.234844 -0.706997 1.192656 0.049952 0.272343 -7.424169 -0.009988 -0.293114 7.318167 -1.708922 -1.361833 -9.272789 0.014056 -0.343222 8.382576 2.620016 -3.596448 6.771066 0.999888 -0.025541 -8.276084 -0.097215 0.494301 0.675806 -0.802418 0.160616 -0.479862 -0.804180 0.123498 -0.482654 -0.056282 -0.112374 6.379842 -5.438559 -2.486365 -2.078507 -0.001903 0.196952 4.802937 4.533710 -4.901078 18.198100 -2.757986 0.440757 -19.593369 -0.012375 -0.032703 0.011424 0.028270 0.072122 2.451900 -0.000916 0.100647 2.451938 4.818177 0.470120 -0.811250 2.337666 1.329418 -3.819979 -11.634729 -3.459210 7.762313 0.150922 0.209757 -6.689515 8.519252 0.793332 -0.154651 0.191747 -0.032218 1.909408 12.067413 -1.997695 -21.782766 -5.626280 -4.441474 -32.309452 -0.000061 -0.000322 -32.027676 -2.115134 1.637031 50.196068 -0.000104 -0.000114 -37.597627 -0.000020 -0.000034 -2.721288 0.000017 -0.000024 0.159844 -0.000185 -0.000144 -58.459958 -23.900792 -11.935525 -2.554905 34.949224 16.671937 -5.206579 -0.000102 -0.000121 -39.626220 0.000032 0.000034 -0.000050 5.915998 3.349317 10.398046 11.979574 4.194715 13.489822 -2.440243 0.220525 1.861228 0.024357 -0.029969 11.786766 0.000030 -0.000013 -0.000022 0.023256 -0.032297 11.715945 7.632636 2.280811 12.850042 0.050371 0.015286 11.756030 -5.174596 7.422549 6.426286 0.050231 0.014938 11.743062 -0.000093 -0.000027 -10.305751 -0.004381 -0.052768 11.750657 0.000063 -0.000010 11.750663 
0.000000 0.000000 0.000000 0.000008 0.000000 -0.000000 -0.000000 0.000000 -0.000000 -3.460033 2.379009 0.113639 0.000000 0.000002 -0.000002 -1.979206 1.572826 39.682781 0.176341 0.494605 1.838538 2.232629 3.834428 -28.485478 1.886863 3.297494 -33.642449 7.016588 -3.907412 51.069423 1.543843 0.357936 -0.055566 -1.439953 -1.002333 -9.657958 -0.768117 -0.068415 3.906487 -0.354226 -0.024962 1.798768 4.791459 -3.622926 4.007769 -0.079057 0.000007 -0.020159 0.000004 -0.000026 -0.000019 5.131536 -6.042606 -8.310727 0.972918 0.095632 4.952667 3.673967 0.828925 19.146263 -13.918554 1.216813 -27.929504 -2.157060 -1.156578 -6.547366 0.008450 -0.000127 0.038666 1.472608 0.565782 0.033202 0.323689 -3.255898 0.018553 0.163011 -0.175386 0.016908 1.322952 0.866425 0.008101 0.000078 -0.000112 -0.000055 0.000040 -0.181911 0.027952 3.697423 0.523953 -1.165252 -0.602733 -0.145478 0.237531 -3.234854 -0.706999 1.192656 0.045589 0.245556 -5.964103 -0.010051 -0.290559 5.700723 -1.854231 -1.727582 -9.337037 0.013746 -0.340497 8.315738 2.824574 -3.371214 6.085637 0.820590 -0.010341 -6.788359 -0.101349 0.514911 0.704047 -0.802201 0.160618 -0.479847 -0.804181 0.123495 -0.482654 -0.043524 -0.146849 5.317793 -5.615793 -2.685450 -1.963593 0.000327 0.140491 3.425333 4.831669 -4.565121 18.566747 -2.619915 0.393539 -19.631996 -0.012807 -0.034060 0.011892 0.028270 0.072122 2.451900 -0.000916 0.100645 2.451938 4.818182 0.470120 -0.811253 2.773741 1.235096 -3.462834 -3.138807 -1.490617 4.280000 0.137396 0.188878 -5.296287 8.519193 0.793275 -0.154671 -0.079558 -0.121959 4.219547 5.489184 -1.119185 -11.112499 -6.011709 -4.488201 -34.549108 -0.000061 -0.000321 -32.027672 -2.255385 1.723093 51.705321 -0.000108 -0.000115 -38.270042 -0.000020 -0.000033 -2.721289 0.000017 -0.000023 0.159844 -0.000189 -0.000144 -59.505216 -23.900789 -11.935520 -2.554913 34.949224 16.671935 -5.206576 -0.000104 -0.000122 -40.282192 0.000033 0.000035 -0.000050 5.463950 3.586306 9.330304 6.441254 -0.759694 13.600124 -2.660036 0.236462 2.029049 0.024226 -0.030007 11.786595 -0.000002 -0.000012 -0.000049 0.023280 -0.032285 11.715899 8.678021 1.131070 14.366389 0.050273 0.015101 11.755979 -5.750846 9.686680 7.076360 0.050132 0.014755 11.743108 -0.000086 -0.000029 -7.597332 -0.004521 -0.052603 11.750661 0.000063 -0.000010 11.750660 
0.000000 0.000000 0.000000 0.000008 0.000000 -0.000000 -0.000000 0.000000 -0.000000 -3.802094 2.191018 0.152742 0.000001 0.000002 -0.000002 -1.863815 1.444560 39.731323 0.238854 0.321623 3.559695 0.835848 2.712867 -16.862403 5.372467 4.615562 -51.287276 3.759559 -4.992971 28.702190 1.752981 0.399051 -0.007236 -1.287044 -1.082845 -9.586784 -0.730319 -0.063811 3.713668 -0.223580 -0.014450 1.134942 4.599940 -3.345887 4.695586 -0.042626 -0.000001 -0.010875 0.000004 -0.000023 -0.000019 4.899769 -3.794386 -5.270850 -0.848383 -0.014626 -4.299113 4.799687 1.364116 25.440848 -17.460101 4.753521 -47.431108 -1.122172 -0.641239 -3.450500 0.008450 -0.000130 0.038664 1.677404 0.636674 0.035918 0.367814 -3.231826 -0.017549 0.163011 -0.175387 0.016908 1.506946 0.977375 0.021010 0.000078 -0.000112 -0.000057 0.000116 -0.335945 0.027953 3.697597 0.523963 -1.165320 -0.602735 -0.145480 0.237525 -3.234853 -0.706999 1.192658 0.040043 0.213325 -4.346810 -0.009745 -0.284473 3.914585 -2.077749 -2.015106 -9.414766 0.013748 -0.340510 8.316042 3.115977 -3.216890 5.275496 0.606211 0.001657 -5.013029 -0.102172 0.518779 0.709284 -0.802202 0.160617 -0.479847 -0.804181 0.123496 -0.482655 -0.034248 -0.164675 4.025262 -5.833830 -2.866827 -1.812662 0.001176 0.089300 2.177137 5.061167 -4.238481 18.796143 -2.473795 0.342810 -19.582441 -0.013368 -0.035416 0.012361 0.028270 0.072122 2.451900 -0.000916 0.100646 2.451938 4.818154 0.470126 -0.811245 3.146571 1.177044 -3.228180 3.905033 0.153156 0.732325 0.120652 0.163922 -3.760685 8.519313 0.793350 -0.154687 -0.113779 -0.168253 5.794826 0.350969 -0.317120 -2.413098 -6.333638 -4.395680 -36.629051 -0.000062 -0.000322 -32.027669 -2.314117 1.767146 52.822374 -0.000110 -0.000116 -38.910338 -0.000020 -0.000034 -2.721286 0.000017 -0.000023 0.159844 -0.000193 -0.000144 -60.506460 -23.900790 -11.935521 -2.554914 34.949228 16.671942 -5.206576 -0.000107 -0.000123 -40.905132 0.000033 0.000034 -0.000048 5.155522 3.775332 8.570359 2.477791 -4.017137 13.316567 -2.882066 0.251912 2.198601 0.024240 -0.029998 11.786624 -0.000038 0.000002 -0.000072 0.023340 -0.032274 11.715804 9.763860 -0.001552 15.918673 0.050288 0.015122 11.755980 -6.363645 11.966473 7.761731 0.050147 0.014777 11.743104 -0.000068 -0.000002 -4.274207 -0.004504 -0.052623 11.750668 0.000062 -0.000010 11.750660 
0.000000 0.000000 0.000000 0.000008 0.000000 -0.000000 -0.000000 0.000000 -0.000000 -3.995029 1.991377 0.182604 0.000000 0.000002 -0.000002 -1.747368 1.315322 39.780562 0.219449 0.648955 4.181752 0.001389 0.962734 -6.596061 7.223209 4.933237 -57.354376 0.505212 -3.333239 4.773228 1.936643 0.435900 0.019694 -1.271318 -1.135882 -9.576031 -0.707762 -0.061124 3.598626 -0.106896 -0.006341 0.542496 4.452675 -3.087740 5.320556 -0.006117 -0.000003 -0.001567 0.000004 -0.000026 -0.000019 4.368859 -1.674442 -2.499975 -2.471696 0.135794 -12.562797 5.729409 1.929646 30.926813 -18.223537 8.351674 -64.179121 -0.302832 -0.176768 -0.941393 0.008450 -0.000129 0.038663 1.856746 0.699387 0.028685 0.120513 -3.033899 -0.037263 0.163011 -0.175386 0.016908 1.668090 1.075365 0.021169 0.000078 -0.000112 -0.000056 -0.000042 -0.027847 0.027952 3.697597 0.523963 -1.165318 -0.602733 -0.145480 0.237527 -3.234856 -0.706999 1.192655 0.033904 0.177382 -2.627151 -0.010159 -0.269381 2.060286 -2.364742 -2.251323 -9.526148 0.013885 -0.341719 8.345726 3.380607 -3.076893 4.543738 0.409087 0.006820 -3.382540 -0.102959 0.522603 0.714585 -0.802229 0.160617 -0.479849 -0.804180 0.123497 -0.482655 -0.028479 -0.163250 2.530021 -6.105165 -3.037820 -1.670217 0.001064 0.049431 1.205128 5.220154 -3.923164 18.844857 -2.350377 0.299346 -19.407732 -0.013817 -0.036807 0.012855 0.028270 0.072122 2.451900 -0.000916 0.100647 2.451938 4.818121 0.470107 -0.811264 3.357089 1.310983 -3.617028 7.252767 1.298132 -2.413328 0.101838 0.136080 -2.133274 8.519311 0.793351 -0.154681 0.360750 -0.106210 5.100051 -3.806086 0.144206 3.241742 -6.578522 -4.173103 -38.516666 -0.000062 -0.000322 -32.027672 -2.288626 1.766243 53.562043 -0.000113 -0.000118 -39.510957 -0.000019 -0.000034 -2.721287 0.000018 -0.000024 0.159844 -0.000196 -0.000145 -61.451390 -23.900790 -11.935522 -2.554910 34.949224 16.671939 -5.206574 -0.000109 -0.000124 -41.488205 0.000033 0.000035 -0.000046 4.847905 3.969537 7.807102 1.582829 -3.732613 11.309766 -3.105182 0.266778 2.369004 0.024257 -0.029992 11.786633 0.000054 -0.000030 -0.000008 0.023226 -0.032332 11.715987 10.880963 -1.208834 17.474935 0.050298 0.015146 11.755985 -7.025859 14.185606 8.518687 0.050157 0.014800 11.743095 -0.000052 0.000023 -1.383454 -0.004484 -0.052645 11.750663 0.000061 -0.000011 11.750663 
0.000000 0.000000 0.000000 0.000008 0.000000 -0.000000 -0.000000 0.000000 -0.000000 -4.001842 1.787712 0.208754 0.000001 0.000002 -0.000002 -1.651985 1.209910 39.819402 0.142284 1.319923 3.658286 -0.165388 -1.163670 3.571108 7.543515 5.484008 -55.754308 -0.468840 0.360522 -20.673454 2.082546 0.466522 0.006810 -1.413698 -1.151449 -9.658233 -0.711073 -0.061513 3.615503 -0.008075 -0.000423 0.041041 4.366107 -2.858969 5.856186 -0.000050 -0.000004 -0.000019 0.000004 -0.000024 -0.000019 3.549214 -0.347812 -0.772667 -3.301531 0.305678 -16.851163 6.137878 2.218931 33.446463 -17.143493 9.790203 -71.879620 -0.000072 0.000038 -0.000025 0.008451 -0.000128 0.038665 1.998002 0.750184 0.002281 -0.121932 -2.839742 -0.055755 0.163011 -0.175386 0.016908 1.795112 1.154366 -0.002756 0.000078 -0.000112 -0.000056 -0.000042 -0.027847 0.027952 3.697598 0.523965 -1.165319 -0.602737 -0.145476 0.237528 -3.234850 -0.706998 1.192656 0.027851 0.140650 -0.913307 -0.011554 -0.240834 0.292357 -2.690246 -2.455940 -9.704422 0.014105 -0.343647 8.393029 3.503302 -2.896610 4.096372 0.284801 0.007209 -2.355172 -0.103673 0.526467 0.719774 -0.802256 0.160617 -0.479851 -0.804181 0.123497 -0.482655 -0.025594 -0.141078 0.913216 -6.431956 -3.202546 -1.587071 0.000716 0.027533 0.671233 5.307525 -3.629233 18.678085 -2.281784 0.274281 -19.084143 -0.014388 -0.038171 0.013337 0.028270 0.072122 2.451900 -0.000916 0.100646 2.451937 4.818085 0.470104 -0.811271 3.481373 1.508994 -4.215483 8.974850 2.278263 -5.387410 0.082556 0.107601 -0.514941 8.519309 0.793354 -0.154671 1.411009 0.021382 3.970323 -6.154452 0.470327 6.828163 -6.729674 -3.847783 -40.138471 -0.000062 -0.000321 -32.027676 -2.186536 1.720896 53.945971 -0.000114 -0.000119 -40.052513 -0.000020 -0.000034 -2.721290 0.000018 -0.000024 0.159844 -0.000200 -0.000145 -62.302233 -23.900790 -11.935522 -2.554910 34.949221 16.671935 -5.206578 -0.000111 -0.000126 -42.012961 0.000033 0.000034 -0.000048 4.683210 4.083855 7.385569 0.994420 -3.546026 10.007234 -3.210853 0.273579 2.449719 0.024297 -0.029989 11.786687 0.000051 -0.000022 -0.000005 0.023226 -0.032328 11.715985 11.981688 -2.378381 18.979183 0.050322 0.015194 11.755990 -7.715246 16.220055 9.317846 0.050184 0.014851 11.743091 -0.000044 0.000036 -0.000032 -0.004450 -0.052686 11.750663 0.000062 -0.000010 11.750656 
0.000000 0.000000 0.000000 0.000008 0.000000 -0.000000 -0.000000 0.000000 -0.000000 -3.849295 1.567540 0.229623 0.000000 0.000002 -0.000002 -1.555645 1.103559 39.858798 0.073338 2.061687 3.067990 0.171673 -2.609059 11.276278 6.308624 5.951171 -48.704242 1.487040 3.360818 -42.989306 2.161542 0.474060 -0.017614 -1.656830 -1.114827 -9.826325 -0.740069 -0.064987 3.763401 0.103695 0.005229 -0.525833 4.253137 -2.664245 6.627985 0.047945 -0.000086 -0.207166 0.000004 -0.000023 -0.000019 2.374766 0.090916 -0.310525 -3.184096 0.277684 -16.240267 5.946924 2.080340 32.259018 -15.342425 8.220866 -67.694613 -0.000073 0.000050 -0.000019 0.008449 -0.000129 0.038664 2.075202 0.768585 -0.022527 -0.366626 -2.643569 -0.073595 0.163011 -0.175386 0.016908 1.866712 1.188615 -0.028002 0.000078 -0.000112 -0.000057 -0.000042 -0.027847 0.027952 3.697579 0.523972 -1.165291 -0.602734 -0.145478 0.237528 -3.234849 -0.707000 1.192656 0.021939 0.103992 0.788257 -0.012139 -0.205028 -1.416744 -2.800777 -2.623187 -9.824805 0.010948 -0.314527 7.678875 3.330173 -2.592213 4.947984 0.172733 0.005635 -1.428604 -0.104496 0.530287 0.725000 -0.802311 0.160618 -0.479855 -0.804181 0.123498 -0.482655 -0.023884 -0.099068 -0.816767 -6.583236 -3.337147 -1.608278 0.000607 0.022549 0.549696 5.200495 -3.306548 18.307905 -2.249845 0.260562 -18.633871 -0.014937 -0.039500 0.013804 0.028270 0.072122 2.451900 -0.000916 0.100646 2.451937 4.818012 0.470093 -0.811254 3.728886 1.576208 -4.390761 9.396835 2.866716 -7.275499 0.063154 0.079099 1.089701 8.519272 0.793291 -0.154740 2.570550 0.134760 3.736914 -6.916393 0.661059 8.535020 -6.718825 -3.364814 -41.625164 -0.000062 -0.000322 -32.027669 -1.971711 1.589581 54.165104 -0.000117 -0.000119 -40.566461 -0.000019 -0.000034 -2.721282 0.000017 -0.000023 0.159845 -0.000204 -0.000145 -63.118693 -23.900789 -11.935522 -2.554912 34.949245 16.671923 -5.206597 -0.000113 -0.000126 -42.516568 0.000033 0.000035 -0.000050 4.517707 4.200523 6.960173 0.404755 -3.344099 8.694103 -3.317591 0.280300 2.531252 0.024359 -0.029966 11.786770 0.000050 -0.000007 0.000002 0.023221 -0.032325 11.715981 13.079922 -3.512962 20.457603 0.050373 0.015289 11.756008 -8.448778 18.064759 10.184719 0.050232 0.014946 11.743067 -0.000043 0.000037 0.209136 -0.004380 -0.052770 11.750659 0.000062 -0.000011 11.750662 
0.000000 0.000000 0.000000 0.000008 0.000000 -0.000000 -0.000000 0.000000 -0.000000 -3.595179 1.325350 0.239695 0.000001 0.000002 -0.000002 -1.451242 0.988134 39.887096 0.017798 2.822170 2.717077 0.357380 -2.907014 14.961155 3.099470 5.177530 -33.849567 5.094731 4.471566 -62.269209 2.159193 0.454021 -0.019243 -1.929060 -1.029100 -10.047807 -0.787231 -0.070795 4.004037 0.248094 0.010888 -1.257849 4.061618 -2.460091 7.861403 0.176297 -0.001085 -0.760804 0.000004 -0.000023 -0.000019 0.906268 0.059084 -0.675909 -2.467587 0.135112 -12.541727 5.355639 1.687581 28.683659 -12.498474 4.744112 -55.440919 -0.000071 0.000078 -0.000025 0.008452 -0.000129 0.038664 2.075649 0.748409 -0.024174 -0.613615 -2.445395 -0.090751 0.163011 -0.175386 0.016907 1.871401 1.168982 -0.029749 0.000078 -0.000112 -0.000056 -0.000042 -0.027847 0.027951 3.697578 0.523972 -1.165293 -0.602729 -0.145481 0.237528 -3.234849 -0.707002 1.192656 0.016277 0.069350 2.417630 -0.010991 -0.168539 -3.035662 -2.583553 -2.740146 -9.673607 0.004570 -0.240523 5.867783 2.883260 -2.193429 7.092178 0.039006 0.001405 -0.322226 -0.102328 0.519371 0.710147 -0.802418 0.160616 -0.479862 -0.804180 0.123496 -0.482654 -0.021398 -0.042961 -2.576108 -6.435377 -3.417108 -1.648104 0.000610 0.022646 0.552040 4.877250 -2.929681 17.860040 -2.217472 0.245262 -18.110511 -0.015418 -0.040877 0.014305 0.028270 0.072122 2.451900 -0.000916 0.100647 2.451937 4.818179 0.470104 -0.811274 4.163229 1.646026 -4.551253 7.883091 2.919133 -7.750324 0.044415 0.052211 2.625430 8.519228 0.793300 -0.154674 3.921014 0.273326 3.195418 -5.448188 0.891413 9.088006 -6.518700 -2.738891 -43.071368 -0.000062 -0.000322 -32.027672 -1.651492 1.361805 54.402388 -0.000118 -0.000121 -41.085336 -0.000019 -0.000034 -2.721290 0.000018 -0.000023 0.159844 -0.000206 -0.000146 -63.922484 -23.900794 -11.935523 -2.554914 34.949269 16.671916 -5.206643 -0.000114 -0.000127 -43.012730 0.000033 0.000035 -0.000050 4.553132 4.187580 7.046199 0.666302 -2.624805 7.528100 -3.291370 0.278675 2.511222 0.024224 -0.030010 11.786597 0.000042 -0.000009 0.000008 0.023242 -0.032326 11.715962 14.154560 -4.578880 21.887413 0.050258 0.015107 11.755976 -9.221658 19.645639 11.119124 0.050135 0.014753 11.743108 -0.000043 0.000038 0.227275 -0.004520 -0.052602 11.750665 0.000062 -0.000011 11.750672 
0.000000 0.000000 0.000000 0.000008 0.000000 -0.000000 -0.000000 0.000000 -0.000000 -3.263272 1.072331 0.240859 0.000001 0.000002 -0.000002 -1.348831 0.875028 39.915062 -0.028534 3.630245 2.312257 0.273931 -2.552964 16.053603 0.225678 2.241036 -14.096091 8.787118 3.749250 -77.798874 2.100907 0.426791 -0.008847 -2.228254 -0.917149 -10.312632 -0.849543 -0.078775 4.322157 0.406781 0.014978 -2.061956 3.825461 -2.280339 9.334575 0.353591 -0.004342 -1.525230 0.000004 -0.000025 -0.000019 -0.613968 -0.201170 -1.478856 -1.477070 0.015639 -7.487692 4.562182 1.238404 24.085339 -8.487460 1.033295 -39.835890 -0.000072 0.000137 -0.000018 0.008452 -0.000130 0.038664 2.021689 0.713402 -0.013556 -0.855746 -2.251004 -0.106751 0.163011 -0.175386 0.016907 1.826020 1.123396 -0.018908 0.000077 -0.000113 -0.000056 -0.000042 -0.027847 0.027951 3.697556 0.523975 -1.165295 -0.602738 -0.145481 0.237527 -3.234847 -0.706998 1.192657 0.010971 0.039547 3.874267 -0.008593 -0.126735 -4.417514 -2.262059 -2.835685 -9.311065 0.000279 -0.159491 3.889234 2.352472 -1.792550 9.021106 -0.028884 -0.001773 0.239476 -0.100066 0.508792 0.695629 -0.802202 0.160618 -0.479847 -0.804181 0.123496 -0.482654 -0.017103 0.020521 -4.240095 -6.130664 -3.481366 -1.717428 0.000759 0.029703 0.724123 4.442788 -2.540935 17.315180 -2.183879 0.228889 -17.534281 -0.015942 -0.042178 0.014789 0.028270 0.072122 2.451900 -0.000916 0.100648 2.451938 4.818179 0.470119 -0.811252 4.565623 1.840285 -5.101928 5.069359 2.671531 -7.558530 0.027513 0.029230 3.998661 8.519152 0.793246 -0.154627 5.302646 0.439428 1.725873 -1.984363 1.244594 9.189058 -6.219376 -2.090537 -44.432146 -0.000062 -0.000322 -32.027672 -1.298860 1.091485 54.720351 -0.000120 -0.000121 -41.583752 -0.000019 -0.000034 -2.721290 0.000018 -0.000024 0.159844 -0.000210 -0.000146 -64.710674 -23.900789 -11.935520 -2.554912 34.949221 16.671937 -5.206577 -0.000116 -0.000128 -43.499228 0.000033 0.000034 -0.000048 4.587850 4.174966 7.130592 1.730211 -1.385326 6.286670 -3.265654 0.277052 2.491584 0.024239 -0.030002 11.786624 0.000034 -0.000025 -0.000026 0.023253 -0.032320 11.715938 15.154204 -5.517528 23.206486 0.050277 0.015130 11.755986 -10.001325 20.860458 12.086487 0.050145 0.014781 11.743105 -0.000044 0.000037 0.084491 -0.004503 -0.052623 11.750663 0.000062 -0.000010 11.750655 
0.000000 0.000000 0.000000 0.000008 0.000000 -0.000000 -0.000000 0.000000 -0.000000 -2.857119 0.804252 0.235116 0.000001 0.000002 -0.000002 -1.207128 0.739308 40.268114 -0.065537 4.371144 2.018741 0.063076 -1.893113 16.289781 -0.316983 -0.897244 2.441490 10.445777 2.952003 -84.162738 2.008626 0.411198 0.003370 -2.570009 -0.795275 -10.624632 -0.926468 -0.089114 4.715211 0.567075 0.016851 -2.874035 3.573971 -2.119838 10.922580 0.558903 -0.010833 -2.410164 0.000004 -0.000024 -0.000019 -2.034701 -0.484350 -2.367654 -0.495890 -0.016280 -2.513447 3.749679 0.860273 19.560176 -3.910866 -1.713987 -24.654907 -0.000063 0.000015 0.000005 0.008451 -0.000129 0.038663 1.932448 0.685179 -0.000919 -1.100198 -2.054609 -0.122059 0.163011 -0.175386 0.016908 1.744718 1.076997 -0.005803 0.000078 -0.000112 -0.000056 -0.000042 -0.027846 0.027951 3.697516 0.523966 -1.165264 -0.602732 -0.145479 0.237528 -3.234841 -0.707001 1.192655 0.005624 0.015688 5.144118 -0.004931 -0.072368 -5.497282 -2.020631 -2.948659 -8.982967 -0.000846 -0.117282 2.859749 1.903324 -1.396904 9.242344 0.052540 0.001927 -0.434562 -0.097954 0.498003 0.680964 -0.802201 0.160618 -0.479847 -0.804180 0.123497 -0.482654 -0.010551 0.088481 -5.782920 -5.792257 -3.571793 -1.832322 0.001025 0.046085 1.123549 3.976316 -2.158669 16.620195 -2.146330 0.211021 -16.891027 -0.016487 -0.043616 0.015258 0.028270 0.072122 2.451900 -0.000916 0.100647 2.451937 4.818152 0.470125 -0.811248 4.746773 1.953076 -5.427670 2.833612 2.404902 -7.239896 0.012487 0.011173 5.197449 8.519285 0.793331 -0.154648 5.960315 0.506133 1.462496 1.513642 1.606850 9.269238 -5.913673 -1.479059 -45.738819 -0.000062 -0.000322 -32.027672 -0.952439 0.811589 55.146032 -0.000122 -0.000122 -42.053864 -0.000019 -0.000033 -2.721288 0.000018 -0.000023 0.159844 -0.000213 -0.000146 -65.455390 -23.900792 -11.935522 -2.554908 34.949224 16.671939 -5.206576 -0.000117 -0.000129 -43.952967 0.000033 0.000035 -0.000050 5.073594 3.951241 8.319333 1.411211 -1.036592 4.883819 -3.072402 0.264643 2.343970 0.024257 -0.029993 11.786629 0.000003 -0.000011 -0.000027 0.023284 -0.032316 11.715897 16.083183 -6.329037 24.429555 0.050286 0.015151 11.755989 -10.794989 21.680397 13.105052 0.050160 0.014800 11.743096 -0.000045 0.000034 -0.197398 -0.004485 -0.052645 11.750666 0.000062 -0.000010 11.750666 
0.000000 0.000000 0.000000 0.000008 0.000000 -0.000000 -0.000000 0.000000 -0.000000 -2.389263 0.524242 0.224160 0.000001 0.000002 -0.000002 -1.062795 0.602246 40.618117 -0.045557 5.001552 0.939519 -0.253672 -0.896627 15.981861 0.204906 -2.653695 12.914176 8.976726 4.011884 -76.392886 1.905491 0.427716 0.006845 -2.963057 -0.683919 -10.978418 -1.013953 -0.101527 5.162645 0.713992 0.016567 -3.618241 3.342660 -1.980558 12.451679 0.765991 -0.020331 -3.302636 0.000004 -0.000026 -0.000019 -3.143836 -0.600537 -2.969709 0.152447 0.009389 0.773641 3.162159 0.633505 16.377716 -0.455929 -2.986410 -14.409537 -0.011233 0.000910 -0.035247 0.008451 -0.000131 0.038663 1.828018 0.687273 0.003042 -1.346929 -1.856235 -0.136679 0.163011 -0.175386 0.016907 1.642181 1.057046 -0.001176 0.000078 -0.000112 -0.000056 -0.000042 -0.027847 0.027952 3.697422 0.523953 -1.165256 -0.602742 -0.145483 0.237528 -3.234850 -0.707001 1.192657 -0.000129 0.000022 6.160057 0.000114 0.001118 -6.153004 -2.046405 -3.121665 -8.816679 0.000198 -0.157172 3.832668 1.740443 -1.000096 6.148657 0.377109 0.006881 -3.118695 -0.095778 0.487330 0.666170 -0.802230 0.160617 -0.479849 -0.804181 0.123497 -0.482654 -0.002036 0.155860 -7.120938 -5.553448 -3.731138 -2.007727 0.001213 0.074262 1.810517 3.572523 -1.813374 15.731645 -2.102930 0.191742 -16.182168 -0.016914 -0.044951 0.015725 0.028270 0.072122 2.451900 -0.000916 0.100646 2.451938 4.818125 0.470105 -0.811261 4.370778 1.858776 -5.182983 2.105713 2.161602 -6.630580 -0.000145 0.000070 6.159802 8.519250 0.793331 -0.154631 5.800638 0.522102 0.354549 6.103079 1.830590 7.804296 -5.722289 -0.960806 -46.970863 -0.000062 -0.000322 -32.027672 -0.647849 0.554083 55.725809 -0.000124 -0.000123 -42.483811 -0.000019 -0.000034 -2.721289 0.000018 -0.000024 0.159844 -0.000216 -0.000146 -66.140622 -23.900790 -11.935522 -2.554905 34.949221 16.671939 -5.206577 -0.000119 -0.000130 -44.368028 0.000033 0.000035 -0.000050 5.580146 3.750304 9.528396 1.075126 -0.330760 2.454470 -2.875842 0.251488 2.193848 0.024295 -0.029984 11.786688 -0.000033 0.000007 -0.000067 0.023342 -0.032302 11.715805 16.913538 -6.984379 25.526572 0.050313 0.015202 11.755994 -11.583347 22.025953 14.161811 0.050185 0.014850 11.743087 -0.000048 0.000030 -0.595793 -0.004450 -0.052687 11.750658 0.000062 -0.000011 11.750660 
0.000000 0.000000 0.000000 0.000008 0.000000 -0.000000 -0.000000 0.000000 -0.000000 -1.887846 0.244138 0.209747 0.000001 0.000002 -0.000002 -0.880639 0.376882 40.286932 -0.009543 5.545708 -0.006531 -0.622906 0.396900 14.838106 0.834596 -3.569355 19.992160 5.417779 4.967256 -59.616582 1.794857 0.490140 -0.000298 -3.380065 -0.602878 -11.361361 -1.103098 -0.114890 5.619066 0.825639 0.015076 -4.183843 3.171386 -1.862440 13.712391 0.943329 -0.030825 -4.066930 0.000004 -0.000025 -0.000019 -3.978731 -0.552838 -5.214756 0.735633 0.064461 3.740741 2.904773 0.545752 15.002985 0.831076 -3.139963 -10.135354 -1.130179 0.136758 -3.591063 0.008451 -0.000128 0.038663 1.709807 0.733787 -0.003527 -1.588820 -1.661646 -0.150172 0.163011 -0.175386 0.016907 1.516813 1.077628 -0.006870 0.000077 -0.000112 -0.000054 -0.000042 -0.027847 0.027952 3.697594 0.523966 -1.165318 -0.602733 -0.145481 0.237529 -3.234850 -0.707002 1.192653 -0.014904 0.003279 6.630590 0.012032 0.111770 -5.910804 -3.112959 -2.995873 -12.754466 0.049025 -0.559073 13.716124 2.762512 -0.883148 -4.570734 1.120641 -0.038394 -9.279961 -0.093699 0.476656 0.651618 -0.802257 0.160618 -0.479850 -0.804181 0.123498 -0.482655 0.013912 0.206602 -7.934602 -5.449758 -3.977270 -2.238670 0.000926 0.112689 2.747371 3.302140 -1.532021 14.672462 -2.053364 0.171790 -15.432995 -0.017525 -0.046280 0.016208 0.028270 0.072122 2.451900 -0.000916 0.100646 2.451938 4.818102 0.470101 -0.811265 3.575545 1.688508 -4.759243 1.984739 1.796293 -5.430904 -0.015655 0.007983 6.603183 8.519254 0.793320 -0.154625 5.457150 0.567649 -2.357355 10.968163 1.854285 4.909919 -6.027469 -0.145861 -47.558105 -0.000061 -0.000322 -32.027672 -0.044398 0.045975 56.014371 -0.000124 -0.000123 -42.688874 -0.000019 -0.000033 -2.721287 0.000018 -0.000023 0.159844 -0.000217 -0.000146 -66.467105 -23.900794 -11.935523 -2.554907 34.949224 16.671935 -5.206576 -0.000120 -0.000130 -44.565567 0.000033 0.000035 -0.000048 6.383250 3.494004 11.385782 1.896532 1.254333 -1.024387 -2.538954 0.227768 1.936589 0.024359 -0.029969 11.786764 0.000058 -0.000028 -0.000010 0.023224 -0.032332 11.715984 17.715013 -7.769626 26.452981 0.050373 0.015289 11.756006 -12.439164 21.746323 15.337429 0.050235 0.014939 11.743064 -0.000050 0.000026 -1.070660 -0.004380 -0.052770 11.750659 0.000062 -0.000010 11.750660 
0.000000 0.000000 0.000000 0.000008 0.000000 -0.000000 -0.000000 0.000000 -0.000000 -1.352286 -0.040933 0.193230 0.000001 0.000002 -0.000002 -0.698019 0.148220 39.953209 -0.176619 5.999779 2.007650 -0.912848 1.626876 13.528447 1.156172 -3.778231 23.848927 2.007825 4.045201 -41.975638 1.657677 0.587260 -0.011168 -3.803386 -0.539948 -11.789798 -1.189097 -0.128475 6.059897 0.886540 0.013804 -4.492452 3.089799 -1.754032 14.569710 1.069980 -0.039650 -4.612872 0.000004 -0.000024 -0.000019 -4.439716 -0.456263 -5.540647 0.826929 0.075850 4.206608 2.736963 0.492205 14.112278 1.180223 -3.060487 -8.906085 -1.270766 0.158819 -4.039697 0.008451 -0.000130 0.038663 1.560503 0.811004 -0.013686 -1.833025 -1.465090 -0.162973 0.163011 -0.175386 0.016907 1.354573 1.121646 -0.015938 0.000078 -0.000113 -0.000055 -0.000042 -0.027847 0.027952 3.697578 0.523973 -1.165292 -0.602735 -0.145481 0.237529 -3.234848 -0.707006 1.192653 -0.042074 0.027086 6.490131 0.029535 0.255999 -4.716331 -4.889079 -2.933132 -14.196108 0.148005 -0.899773 22.375681 4.583652 -1.356388 -19.082951 2.228621 -0.258912 -18.627140 -0.089321 0.456018 0.623411 -0.802311 0.160617 -0.479855 -0.804181 0.123496 -0.482650 0.038240 0.237752 -8.150511 -5.372497 -4.278379 -2.512617 -0.000221 0.158071 3.854120 3.112218 -1.290286 13.462830 -1.994403 0.150801 -14.624325 -0.017989 -0.047649 0.016683 0.028270 0.072122 2.451927 -0.000916 0.100646 2.451938 4.818015 0.470094 -0.811255 2.786354 1.597022 -4.582986 1.870398 1.424849 -4.220382 -0.036970 0.037464 6.459263 8.519222 0.793310 -0.154616 5.160967 0.552650 -2.776356 13.267197 1.691339 2.434103 -6.925210 1.169498 -47.156914 -0.000062 -0.000322 -32.027669 1.003891 -0.866743 55.628360 -0.000124 -0.000123 -42.564352 -0.000019 -0.000033 -2.721290 0.000018 -0.000023 0.159840 -0.000216 -0.000146 -66.268367 -23.900790 -11.935522 -2.554909 34.949221 16.671932 -5.206602 -0.000129 -0.000126 -44.445083 0.000033 0.000034 -0.000050 7.220353 3.301694 13.264373 1.052783 1.848653 -4.429561 -2.089348 0.193718 1.593368 0.024229 -0.030011 11.786595 0.000053 -0.000028 0.000002 0.023240 -0.032319 11.715962 18.600173 -8.966528 27.256701 0.050258 0.015105 11.755978 -13.438883 20.795438 16.731908 0.050132 0.014756 11.743116 -0.000052 0.000021 -1.610129 -0.004521 -0.052602 11.750663 0.000062 -0.000011 11.750660 
0.000000 0.000000 0.000000 0.000008 0.000000 -0.000000 -0.000000 0.000000 -0.000000 -0.795196 -0.327497 0.177522 0.000001 0.000002 -0.000002 -0.627911 -0.544058 33.819965 -0.880403 6.325689 10.316142 -1.016229 2.701142 10.883763 0.851664 -3.201075 23.349717 -0.224372 1.244152 -24.384501 1.493095 0.695953 -0.022420 -4.218716 -0.477338 -12.265836 -1.264230 -0.140899 6.445508 0.875804 0.014052 -4.438050 3.136329 -1.645071 14.833759 1.117448 -0.043241 -4.817521 0.000004 -0.000025 -0.000019 -4.676707 -0.346985 -4.773650 0.628719 0.052081 3.195686 2.639075 0.462303 13.594681 0.962693 -2.866135 -9.500723 -0.842974 0.095144 -2.675868 0.008451 -0.000130 0.038663 1.382454 0.895905 -0.024114 -2.077575 -1.266573 -0.174774 0.163011 -0.175386 0.016907 1.162613 1.167114 -0.025174 0.000078 -0.000112 -0.000057 -0.000042 -0.027847 0.027952 3.697566 0.523974 -1.165301 -0.602738 -0.145481 0.237527 -3.234849 -0.707000 1.192657 -0.072527 0.059750 5.967062 0.042426 0.397243 -3.102322 -6.780639 -2.984396 -12.024521 0.197739 -1.022008 25.594336 6.424657 -2.298757 -32.087990 3.366269 -0.695544 -28.700192 -0.085240 0.435221 0.594866 -0.802418 0.160617 -0.479867 -0.804180 0.123497 -0.482657 0.063311 0.259484 -7.978925 -5.245117 -4.579828 -2.811822 -0.002424 0.206671 5.040202 2.935761 -1.066022 12.151047 -1.924031 0.129051 -13.757682 -0.017194 -0.045605 0.015955 0.028270 0.072122 2.451927 -0.000916 0.100646 2.451937 4.817881 0.470092 -0.811199 2.129659 1.499519 -4.373532 1.761704 1.046733 -2.996736 -0.058564 0.075633 5.946647 8.519190 0.793279 -0.154601 4.850730 0.572442 -4.409352 11.672556 1.377131 1.390284 -8.103096 2.560191 -46.029973 -0.000062 -0.000322 -32.027672 2.146283 -1.876338 54.668493 -0.000129 -0.000120 -42.200809 -0.000019 -0.000033 -2.721287 0.000018 -0.000024 0.159847 -0.000223 -0.000143 -65.690082 -23.900794 -11.935523 -2.554910 34.949241 16.671920 -5.206624 -0.000102 -0.000135 -44.095315 0.000033 0.000035 -0.000050 8.325589 3.155132 15.668715 0.337518 2.769377 -8.944698 -1.515055 0.146285 1.155135 0.024244 -0.030001 11.786622 0.000047 -0.000013 -0.000003 0.023255 -0.032318 11.715946 19.534114 -10.480257 27.961543 0.050274 0.015128 11.755985 -14.491819 19.277750 18.258219 0.050146 0.014778 11.743108 -0.000056 0.000016 -2.189282 -0.004503 -0.052623 11.750660 0.000062 -0.000011 11.750663 
0.000000 0.000000 0.000000 0.000008 0.000000 -0.000000 -0.000000 0.000000 -0.000000 -0.247454 -0.603626 0.158732 0.000001 0.000002 -0.000002 -0.712302 -1.221209 27.800709 -1.884187 6.416570 21.381241 -0.995859 3.674592 8.129861 0.180541 -1.977306 19.636138 -0.435359 -2.494244 -6.594397 1.306544 0.790021 -0.030494 -4.600706 -0.401151 -12.778631 -1.321360 -0.150694 6.738914 0.778602 0.015845 -3.945584 3.340519 -1.529784 14.346421 1.061246 -0.039004 -4.575210 0.000004 -0.000024 -0.000019 -4.856411 -0.257071 -3.876312 0.402141 0.029240 2.042336 2.561752 0.439358 13.186759 0.596469 -2.612905 -10.611920 -0.283352 0.027552 -0.897913 0.008451 -0.000128 0.038663 1.184674 0.963253 -0.031388 -2.118705 -1.074017 -0.159141 0.163011 -0.175386 0.016908 0.955062 1.191265 -0.031377 0.000077 -0.000112 -0.000056 -0.000042 -0.027847 0.027951 3.697556 0.523972 -1.165293 -0.602735 -0.145481 0.237527 -3.234851 -0.707001 1.192656 -0.096504 0.088322 5.320155 0.047021 0.496052 -1.656648 -8.085476 -3.015218 -9.376876 0.197502 -1.021467 25.579917 7.646694 -3.089575 -40.306043 4.213336 -1.184784 -36.784923 -0.080998 0.414909 0.566954 -0.802204 0.160619 -0.479861 -0.804182 0.123498 -0.482652 0.081691 0.281348 -7.651244 -5.000328 -4.818651 -3.114310 -0.005518 0.253699 6.189225 2.711340 -0.841552 10.824752 -1.842866 0.107531 -12.862820 -0.016406 -0.043560 0.015221 0.028270 0.072122 2.451926 -0.000916 0.100647 2.451938 4.818179 0.470118 -0.811249 1.589733 1.320536 -3.898129 1.544026 0.612644 -1.582009 -0.074588 0.108158 5.313310 8.519131 0.793230 -0.154588 4.500895 0.682843 -9.125822 8.361223 0.963856 0.790049 -9.167706 3.588220 -44.530856 -0.000062 -0.000322 -32.027672 3.000484 -2.672796 53.334837 0.000532 -0.000384 -41.723160 -0.000020 -0.000034 -2.721290 0.000017 -0.000024 0.159847 -0.000211 -0.000146 -64.925565 -23.900789 -11.935522 -2.554905 34.949269 16.671921 -5.206638 0.000329 -0.000307 -43.634028 0.000033 0.000035 -0.000048 9.446186 3.120815 18.023278 1.512373 4.364792 -14.656597 -0.828155 0.083755 0.631239 0.024261 -0.030001 11.786638 0.000037 -0.000016 0.000004 0.023286 -0.032318 11.715892 20.450806 -12.157338 28.571730 0.050299 0.015143 11.755983 -15.485089 17.375713 19.790135 0.050159 0.014803 11.743100 -0.000058 0.000011 -2.765061 -0.004486 -0.052645 11.750666 0.000063 -0.000011 11.750665 
0.000000 0.000000 0.000000 0.000008 0.000000 -0.000000 -0.000000 0.000000 -0.000000 0.294883 -0.874587 0.142769 0.000001 0.000002 -0.000002 -0.864346 -1.891955 22.548024 -2.570017 6.344916 28.758798 -1.246669 4.412771 9.341998 -0.389143 -0.480236 15.632915 0.739460 -4.872597 5.713512 1.092353 0.848756 -0.032485 -4.944988 -0.295622 -13.355964 -1.361239 -0.157709 6.943963 0.577137 0.016890 -2.924975 3.742248 -1.410914 12.923698 0.873452 -0.026431 -3.765735 0.000004 -0.000024 -0.000019 -5.149578 -0.219867 -3.701655 0.365025 0.025936 1.853613 2.470415 0.413018 12.705935 0.476846 -2.352335 -11.002937 -0.000076 0.000014 0.000092 0.008451 -0.000129 0.038663 0.964408 0.991788 -0.032680 -2.160282 -0.879571 -0.143207 0.163011 -0.175386 0.016908 0.733716 1.172748 -0.031871 0.000078 -0.000112 -0.000056 -0.000042 -0.027847 0.027952 3.697531 0.523963 -1.165273 -0.602733 -0.145478 0.237528 -3.234852 -0.706998 1.192657 -0.106159 0.101009 4.769612 0.046744 0.519281 -0.881122 -8.421703 -2.866686 -9.970673 0.227636 -1.087229 27.344174 7.945142 -3.288573 -43.049897 4.584225 -1.464580 -40.658422 -0.076969 0.394128 0.538665 -0.802230 0.160618 -0.479864 -0.804181 0.123498 -0.482654 0.087357 0.313860 -7.379304 -4.557223 -4.945131 -3.421039 -0.009253 0.297503 7.261042 2.362830 -0.584547 9.490508 -1.746785 0.086028 -11.916145 -0.015663 -0.041455 0.014497 0.028270 0.072122 2.451927 -0.000916 0.100645 2.451938 4.818177 0.470119 -0.811251 1.361561 1.223203 -3.629689 1.194427 0.321315 -0.684586 -0.080678 0.122355 4.769615 8.519259 0.793353 -0.154600 4.351091 0.723371 -10.873828 5.255466 0.477992 -0.392451 -9.709971 3.939182 -42.949985 -0.000063 -0.000322 -32.027679 3.292150 -3.006111 51.791320 -0.000119 -0.000120 -41.229337 -0.000019 -0.000034 -2.721290 0.000018 -0.000024 0.159844 -0.000208 -0.000146 -64.153494 -23.900790 -11.935523 -2.554910 34.949221 16.671933 -5.206543 -0.000123 -0.000123 -43.155283 0.000034 0.000034 -0.000050 10.621406 3.205208 20.455650 0.897154 4.953691 -18.746991 -0.006807 0.000698 0.005224 0.024298 -0.029993 11.786685 0.000033 -0.000009 0.000002 0.023342 -0.032299 11.715805 21.334292 -13.945181 29.121977 0.050323 0.015195 11.755993 -16.382564 15.165525 21.308747 0.050182 0.014850 11.743091 -0.000063 0.000006 -3.328643 -0.004451 -0.052685 11.750665 0.000061 -0.000010 11.750663 
0.000000 0.000000 0.000000 0.000008 0.000000 -0.000000 -0.000000 0.000000 -0.000000 0.816108 -1.136674 0.128419 0.000001 0.000002 -0.000002 -1.145645 -2.544053 17.261331 -2.583676 6.266954 29.378088 -2.272787 4.619025 18.393448 -0.765384 1.336809 10.562021 1.152120 -5.318656 8.683069 0.835400 0.879143 -0.028271 -5.217605 -0.179561 -14.025925 -1.390275 -0.162909 7.093302 0.258253 0.011216 -1.309334 4.399611 -1.268391 10.350546 0.523145 -0.009494 -2.256030 0.000004 -0.000025 -0.000019 -5.510920 -0.220545 -4.183723 0.494544 0.037998 2.512430 2.365910 0.383902 12.157165 0.603439 -2.118850 -10.618302 -0.000076 0.000020 0.000092 0.008451 -0.000129 0.038663 0.705706 0.986312 -0.027904 -2.202342 -0.683234 -0.126980 0.163011 -0.175386 0.016908 0.481969 1.112893 -0.026531 0.000078 -0.000112 -0.000055 -0.000042 -0.027847 0.027951 3.697467 0.523956 -1.165261 -0.602733 -0.145480 0.237530 -3.234846 -0.707001 1.192652 -0.091308 0.087753 4.200777 0.034658 0.477141 -0.665610 -8.261080 -2.723411 -9.037458 0.215308 -1.060969 26.636669 7.799729 -3.032963 -40.832490 4.557188 -1.433210 -40.283455 -0.071810 0.368530 0.503635 -0.802260 0.160618 -0.479861 -0.804179 0.123498 -0.482655 0.070089 0.364589 -7.029742 -3.871084 -4.961207 -3.757777 -0.013475 0.338291 8.260777 1.909949 -0.301201 8.145649 -1.632930 0.064968 -10.912450 -0.014904 -0.039397 0.013802 0.028270 0.072122 2.451926 -0.000916 0.100646 2.451937 4.818152 0.470127 -0.811247 1.586530 1.261988 -3.714403 0.513500 0.179138 -0.395511 -0.069190 0.106084 4.200804 8.519243 0.793357 -0.154593 4.882974 0.770317 -10.829407 2.676616 -0.112899 -2.592004 -9.510614 3.102512 -40.977645 -0.000062 -0.000322 -32.027672 2.657371 -2.512306 49.776254 -0.000115 -0.000121 -40.639158 -0.000019 -0.000033 -2.721286 0.000018 -0.000023 0.159844 -0.000204 -0.000146 -63.225087 -23.900789 -11.935520 -2.554917 34.949224 16.671933 -5.206581 -0.000114 -0.000127 -42.582668 0.000033 0.000035 -0.000048 11.809701 3.412369 22.871964 0.733470 5.393289 -21.663714 11.111131 -2.023651 -8.392877 0.024357 -0.029970 11.786768 0.896569 0.012504 0.588822 0.023223 -0.032328 11.715979 22.136764 -15.740871 29.620673 0.050373 0.015288 11.756008 -17.128484 12.779494 22.761590 0.050229 0.014942 11.743066 -0.000064 0.000002 -3.852779 -0.004381 -0.052768 11.750663 0.000063 -0.000010 11.750661 
0.000000 0.000000 0.000000 0.000008 0.000000 -0.000000 -0.000000 0.000000 -0.000000 1.288926 -1.378114 0.116011 0.000001 0.000002 -0.000002 -1.255697 -3.099498 14.666247 -2.218609 6.170770 26.262359 -3.644102 4.190438 31.178038 -0.827776 3.363628 5.330342 0.733504 -4.695035 5.921182 0.543927 0.902064 -0.020847 -5.390759 -0.090339 -14.808801 -1.424964 -0.169225 7.271759 -0.167501 -0.010395 0.850134 5.317272 -1.164391 6.576406 -0.000049 -0.000003 -0.000019 0.000004 -0.000024 -0.000019 -5.777876 -0.219586 -4.653175 0.619255 0.051033 3.147466 2.267048 0.357345 11.639300 0.726013 -1.889075 -10.241700 -0.000076 0.000029 0.000092 0.008451 -0.000129 0.038663 0.413862 0.968697 -0.020020 -2.243606 -0.490742 -0.110926 0.163011 -0.175386 0.016908 0.200385 1.034153 -0.018359 0.000077 -0.000112 -0.000056 -0.000042 -0.027847 0.027952 3.697619 0.523977 -1.165313 -0.602737 -0.145479 0.237526 -3.234849 -0.707004 1.192653 -0.059075 0.057492 3.491780 0.011441 0.406046 -0.600346 -8.018358 -2.512646 -8.590480 0.210304 -1.050061 26.343963 7.616055 -2.734478 -36.547417 4.318662 -1.257519 -37.840676 -0.066829 0.343461 0.469270 -0.802312 0.160618 -0.479865 -0.804182 0.123498 -0.482656 0.034563 0.435384 -6.553504 -3.049167 -4.947646 -4.132436 -0.017120 0.368929 9.013013 1.472891 0.004521 7.147532 -1.435993 0.035463 -9.184211 -0.013997 -0.037447 0.013050 0.028270 0.072122 2.451927 -0.000916 0.100646 2.451938 4.818128 0.470106 -0.811263 2.073960 1.336419 -3.871460 -0.153512 0.036421 -0.113722 -0.044602 0.069322 3.491786 8.519245 0.793332 -0.154621 5.816589 0.910206 -12.609069 0.361925 -0.754279 -5.305841 -8.728288 1.378212 -38.489110 -0.000061 -0.000322 -32.027676 1.401574 -1.383767 47.224761 -0.000114 -0.000118 -39.892007 -0.000019 -0.000033 -2.721286 0.000018 -0.000024 0.159842 -0.000199 -0.000145 -62.050062 -23.900792 -11.935525 -2.554908 34.949221 16.671937 -5.206577 -0.000111 -0.000125 -41.857759 0.000033 0.000035 -0.000048 12.881884 3.702189 25.029126 3.419106 6.091861 -24.817730 23.496887 -6.298300 -17.446038 0.024223 -0.030005 11.786599 -0.000005 -0.000020 -0.000041 0.023240 -0.032328 11.715962 22.791149 -17.392710 30.058679 0.050262 0.015110 11.755976 -17.668270 10.427569 24.071318 0.050131 0.014752 11.743108 -0.000067 -0.000002 -4.298302 -0.004520 -0.052603 11.750689 0.000062 -0.000010 11.750660 
0.000000 0.000000 0.000000 0.000008 0.000000 -0.000000 -0.000000 0.000000 -0.000000 1.713637 -1.603055 0.106278 0.000001 0.000002 -0.000002 -1.420152 -3.654589 12.041067 -1.719352 6.063239 21.330932 -4.696569 3.642646 41.112510 -0.992761 4.926758 5.080921 0.190897 -3.311775 1.699297 0.229650 0.915511 -0.011008 -5.385624 -0.154246 -12.868391 -0.933418 -0.090077 4.750734 -1.123749 -0.118058 5.724940 7.088074 -1.221308 -4.208981 -0.000049 -0.000004 -0.000019 0.000004 -0.000025 -0.000020 -5.959165 -0.215898 -5.111808 0.738398 0.064795 3.754850 2.171941 0.332708 11.142268 0.813251 -1.674459 -9.879402 -0.000076 0.000049 0.000092 0.008451 -0.000128 0.038663 0.100743 0.938525 -0.009983 -1.998897 -0.239169 -0.103164 0.163011 -0.175386 0.016907 -0.099342 0.938644 -0.008372 0.000078 -0.000112 -0.000057 -0.000042 -0.027847 0.027951 3.697610 0.523971 -1.165308 -0.602730 -0.145480 0.237526 -3.234849 -0.707002 1.192653 -0.023648 0.023293 2.817610 -0.009678 0.301876 -0.796830 -7.692307 -2.245286 -8.165761 0.200848 -1.029039 25.781806 7.360067 -2.410426 -30.409310 3.907672 -0.993593 -33.823565 -0.061856 0.318029 0.434553 -0.802422 0.160617 -0.479872 -0.804181 0.123497 -0.482655 -0.005289 0.513230 -6.135578 -2.080473 -4.913426 -4.575244 -0.020544 0.394997 9.653991 0.982373 0.337735 6.297605 -1.130179 0.003897 -6.576075 -0.013257 -0.035340 0.012303 0.028270 0.072122 2.451926 -0.000916 0.100647 2.451937 4.818062 0.470110 -0.811238 2.586261 1.391648 -3.968767 -0.486268 -0.014752 -0.041636 -0.017810 0.028034 2.817642 8.519240 0.793320 -0.154603 6.322603 0.992119 -13.764798 -0.704425 -1.315143 -8.330706 -7.439869 -0.500609 -35.891930 -0.000062 -0.000322 -32.027669 0.080963 -0.081770 44.499270 -0.000111 -0.000117 -39.115045 -0.000019 -0.000034 -2.721284 0.000018 -0.000024 0.159847 -0.000194 -0.000145 -60.828531 -23.900792 -11.935522 -2.554907 34.949224 16.671939 -5.206576 -0.000108 -0.000123 -41.103795 0.000033 0.000035 -0.000050 13.962710 4.095920 27.194079 5.194116 6.373315 -26.335295 26.442874 -7.636241 -19.525457 0.024240 -0.030001 11.786618 -5.395950 0.072297 -3.530452 0.023254 -0.032321 11.715932 23.265364 -18.847665 30.447354 0.050274 0.015127 11.755981 -17.992976 8.182164 25.247173 0.050149 0.014776 11.743108 -0.000069 -0.000005 -4.652485 -0.004503 -0.052624 11.750686 0.000063 -0.000010 11.750662 
0.000000 0.000000 0.000000 0.000008 0.000000 -0.000000 -0.000000 0.000000 -0.000000 2.075157 -1.807246 0.099343 0.000001 0.000001 -0.000002 -1.133765 -4.170330 13.215203 -1.091337 5.973789 14.063736 -5.413824 3.472107 46.146606 -1.996276 5.416762 13.704975 -0.223599 -0.784848 -4.734914 -0.087039 0.916447 0.000092 -5.277092 -0.364800 -9.093603 0.002646 0.000143 -0.013450 -2.794005 -0.510037 14.414894 10.147545 -2.337650 -23.592517 -0.000050 -0.000003 -0.000016 0.000004 -0.000026 -0.000017 -6.053026 -0.208791 -5.546449 0.847052 0.078463 4.309362 2.081921 0.310181 10.672720 0.899648 -1.457349 -9.513937 -0.000076 0.000086 0.000092 0.008451 -0.000127 0.038663 -0.213029 0.895621 0.001080 -1.751840 0.014898 -0.096400 0.163011 -0.175386 0.016907 -0.397018 0.830580 0.002257 0.000078 -0.000112 -0.000057 -0.000042 -0.027847 0.027952 3.697612 0.523971 -1.165308 -0.602735 -0.145479 0.237529 -3.234846 -0.707002 1.192656 0.000090 -0.000087 2.380371 -0.015819 0.161916 -1.378418 -7.288590 -1.937842 -7.298610 0.177072 -0.973571 24.310026 7.007180 -2.095245 -22.782079 3.377453 -0.700617 -28.804916 -0.056722 0.292567 0.399525 -0.802203 0.160617 -0.479854 -0.804181 0.123498 -0.482656 -0.032603 0.560742 -5.841494 -0.987575 -4.794262 -4.967714 -0.024451 0.422316 10.326845 0.393291 0.641277 4.945664 -0.794464 -0.012824 -4.045641 -0.012560 -0.033242 0.011588 0.028270 0.072122 2.451927 -0.000916 0.100646 2.451938 4.817953 0.470098 -0.811212 3.022312 1.447710 -4.083169 -0.156436 0.189367 -0.644809 0.000058 -0.000090 2.380402 8.519206 0.793322 -0.154580 5.997307 0.906458 -11.967137 0.781395 -1.778339 -12.452693 -5.875348 -1.789507 -33.685615 -0.000062 -0.000322 -32.027676 -0.813669 0.883489 42.056729 -0.000108 -0.000116 -38.464531 -0.000019 -0.000034 -2.721293 0.000018 -0.000023 0.159840 -0.000190 -0.000144 -59.807800 -23.900792 -11.935524 -2.554908 34.949221 16.671940 -5.206579 -0.000115 -0.000118 -40.472194 0.000033 0.000035 -0.000048 14.710872 4.443758 28.687027 2.971022 6.002249 -24.474876 26.445316 -7.637397 -19.527164 0.024261 -0.030002 11.786641 -12.398593 0.657471 -8.089874 0.023284 -0.032317 11.715891 23.499534 -19.994047 30.780200 0.050285 0.015156 11.755991 -18.076850 6.193862 26.257242 0.050160 0.014800 11.743094 -0.000070 -0.000007 -4.885860 -0.004484 -0.052646 11.750686 0.000062 -0.000011 11.750665 
0.000000 0.000000 0.000000 0.000008 0.000000 -0.000000 -0.000000 0.000000 -0.000000 2.351133 -1.981895 0.095289 0.000001 0.000002 -0.000002 -0.832832 -4.665775 14.370624 -0.393960 5.812543 5.189962 -5.903268 3.545657 48.191930 -3.461356 5.023333 27.104322 0.061294 2.432280 -12.429442 -0.377147 0.902631 0.010979 -5.065607 -0.634491 -4.691953 1.054133 0.008560 -5.341900 -4.551777 -1.232968 24.026664 12.890913 -4.858154 -44.963750 -0.000049 -0.000003 -0.000014 0.000005 -0.000026 -0.000020 -6.060376 -0.197955 -5.933069 0.937846 0.090705 4.773289 2.000548 0.290505 10.249117 0.951875 -1.260278 -9.156874 -0.000076 0.000159 0.000092 0.008451 -0.000128 0.038663 -0.498427 0.841782 0.011689 -1.509614 0.264036 -0.090845 0.163011 -0.175386 0.016908 -0.664650 0.717804 0.012155 0.000078 -0.000113 -0.000056 -0.000042 -0.027847 0.027952 3.697594 0.523965 -1.165319 -0.602736 -0.145483 0.237528 -3.234846 -0.707001 1.192654 0.007328 -0.007281 2.279615 -0.006311 -0.000687 -2.330662 -6.840428 -1.622632 -5.684354 0.137269 -0.870514 21.615617 6.571095 -1.833847 -14.441632 2.787718 -0.444555 -23.495304 -0.051661 0.267501 0.365151 -0.802203 0.160618 -0.479847 -0.804180 0.123498 -0.482656 -0.040051 0.551872 -5.640580 0.173445 -4.548328 -5.206451 -0.029881 0.456980 11.182270 -0.310233 0.871675 2.511344 -0.514605 -0.012911 -2.553006 -0.011771 -0.031189 0.010872 0.028270 0.072122 2.451926 -0.000916 0.100646 2.451937 4.818184 0.470106 -0.811273 3.445369 1.526147 -4.271236 0.527765 0.594567 -1.798238 0.005489 -0.008730 2.279646 8.519171 0.793292 -0.154572 5.409946 0.761515 -8.989586 3.512898 -2.133109 -16.780399 -4.164581 -2.329627 -32.022959 -0.000061 -0.000322 -32.027672 -1.216702 1.379862 39.995190 -0.000106 -0.000115 -37.989625 -0.000019 -0.000034 -2.721287 0.000018 -0.000023 0.159847 -0.000187 -0.000144 -59.069552 -23.900794 -11.935528 -2.554916 34.949224 16.671933 -5.206581 -0.000113 -0.000118 -40.008759 0.000033 0.000035 -0.000050 15.435833 4.803848 30.147079 -0.453343 5.102809 -20.874282 23.465144 -6.284525 -17.423454 0.024292 -0.029987 11.786683 -17.680817 1.480079 -11.490829 0.023343 -0.032300 11.715806 23.442085 -20.708063 31.044770 0.050311 0.015200 11.755991 -17.910638 4.650525 27.050273 0.050181 0.014850 11.743090 -0.000071 -0.000008 -4.969896 -0.004450 -0.052686 11.750687 0.000062 -0.000010 11.750660 
0.000000 0.000000 0.000000 0.000008 0.000000 -0.000000 -0.000000 0.000000 -0.000000 2.535878 -2.128730 0.094235 0.000001 0.000002 -0.000002 -0.331155 -5.134754 16.726735 0.129743 5.503516 -2.153540 -5.916546 3.919522 46.260697 -4.917038 4.432832 39.942878 0.697274 4.913325 -15.182759 -0.628907 0.871015 0.020827 -4.756196 -0.881454 -0.608908 1.945291 -0.061105 -9.870557 -5.945851 -2.079475 32.252829 14.280501 -7.771624 -63.124690 -0.000049 -0.000003 -0.000018 0.000002 -0.000026 -0.000021 -5.982185 -0.183174 -6.270742 1.008802 0.100791 5.136243 1.926616 0.273175 9.864846 0.979324 -1.073118 -8.790669 -0.000076 0.000012 0.000092 0.008451 -0.000129 0.038663 -0.743384 0.775611 0.021083 -1.264980 0.515687 -0.086300 0.163011 -0.175386 0.016908 -0.890151 0.601511 0.020686 0.000078 -0.000112 -0.000057 -0.000042 -0.027847 0.027952 3.697581 0.523972 -1.165291 -0.602733 -0.145481 0.237527 -3.234853 -0.707002 1.192656 0.006522 -0.006467 2.393012 0.007561 -0.169119 -3.479883 -6.364984 -1.321266 -3.121796 0.086410 -0.711471 17.543001 6.068162 -1.637490 -5.787790 2.193333 -0.248929 -18.323763 -0.046764 0.242022 0.330464 -0.802203 0.160618 -0.479847 -0.804180 0.123498 -0.482653 -0.035585 0.473344 -5.274392 1.420538 -4.123600 -5.039293 -0.036889 0.497421 12.182955 -1.184116 1.027688 -1.659051 -0.362283 -0.007218 -2.995911 -0.010947 -0.029164 0.010152 0.028270 0.072122 2.451927 -0.000916 0.100645 2.451937 4.818178 0.470107 -0.811273 3.884216 1.579076 -4.378204 1.226933 0.989603 -2.968042 0.004888 -0.007755 2.393023 8.519116 0.793229 -0.154586 5.078988 0.707098 -8.186329 4.995304 -2.275681 -18.825502 -2.288714 -2.527763 -30.603772 -0.000061 -0.000322 -32.027672 -1.400187 1.661540 38.057705 -0.000105 -0.000114 -37.606390 -0.000019 -0.000033 -2.721287 0.000018 -0.000023 0.159845 -0.000184 -0.000144 -58.473994 -23.900790 -11.935524 -2.554914 34.949248 16.671923 -5.206595 -0.000102 -0.000121 -39.635229 0.000033 0.000035 -0.000046 15.751622 4.985108 30.781634 -0.713760 4.521806 -18.002130 10.982608 -1.990593 -8.296884 0.024358 -0.029967 11.786768 -18.715591 1.677844 -12.151352 0.023223 -0.032328 11.715987 23.039726 -20.907679 31.248839 0.050360 0.015298 11.756007 -17.477756 3.646501 27.616823 0.050236 0.014941 11.743067 -0.000070 -0.000007 -4.881228 -0.004380 -0.052770 11.750680 0.000063 -0.000011 11.750661 
0.000000 0.000000 0.000000 0.000008 0.000000 -0.000000 -0.000000 0.000000 -0.000000 2.620561 -2.242255 0.093596 0.000001 0.000002 -0.000002 0.213722 -5.573693 19.117438 0.383806 5.049117 -6.544864 -5.115571 4.711808 38.202481 -6.617596 3.818624 52.114910 0.535570 6.018477 -9.724429 -0.820366 0.818254 0.028422 -4.379513 -1.014576 2.044416 2.364932 -0.118640 -12.015538 -6.602660 -2.582520 36.415550 14.349715 -9.200057 -72.069335 -0.000049 -0.000003 -0.000033 0.000004 -0.000026 -0.000022 -5.825160 -0.163736 -6.553688 1.057697 0.108010 5.386507 1.860424 0.258096 9.521299 0.971521 -0.907866 -8.406575 -0.000076 0.000021 0.000092 0.008451 -0.000130 0.038663 -0.925697 0.696866 0.028187 -1.017972 0.769827 -0.082795 0.163011 -0.175386 0.016908 -1.051766 0.486143 0.026980 0.000078 -0.000112 -0.000056 -0.000042 -0.027847 0.027951 3.697588 0.523973 -1.165274 -0.602732 -0.145481 0.237526 -3.234854 -0.707004 1.192655 0.002437 -0.002406 2.595323 0.019444 -0.323063 -4.606271 -5.908894 -1.058636 0.241727 0.038651 -0.506768 12.415855 5.545586 -1.509520 2.360500 1.675308 -0.125282 -13.921721 -0.041593 0.216464 0.295404 -0.802231 0.160618 -0.479849 -0.804181 0.123497 -0.482654 -0.023601 0.317382 -4.540130 2.696312 -3.588403 -6.238032 -0.059867 0.608260 14.943067 -2.170829 1.112758 -7.878686 -0.339210 -0.001420 -5.691456 -0.010235 -0.027065 0.009424 0.028270 0.072122 2.451926 -0.000916 0.100645 2.451939 4.818158 0.470127 -0.811247 4.327320 1.631927 -4.487369 1.731988 1.195039 -3.497180 0.001822 -0.002879 2.595359 8.519221 0.793343 -0.154573 5.411602 0.731789 -8.005894 4.781218 -2.084405 -17.316423 -0.495821 -2.489472 -29.420271 -0.000062 -0.000322 -32.027672 -1.427508 1.766143 36.343276 -0.000104 -0.000113 -37.295760 -0.000019 -0.000034 -2.721290 0.000018 -0.000024 0.159842 -0.000182 -0.000143 -57.990731 -23.900790 -11.935530 -2.554907 34.949248 16.671923 -5.206649 -0.000101 -0.000120 -39.331866 0.000033 0.000035 -0.000051 16.062616 5.168247 31.410035 0.275698 4.136065 -15.045937 -0.008082 0.000801 0.006207 0.024231 -0.030047 11.786608 -17.674335 1.478777 -11.486689 0.023241 -0.032322 11.715960 22.297532 -20.638219 31.476514 0.050259 0.015107 11.755975 -16.772713 3.082293 28.079570 0.050135 0.014754 11.743113 -0.000067 -0.000003 -4.368782 -0.004519 -0.052604 11.750666 0.000062 -0.000011 11.750661 
0.000000 0.000000 0.000000 0.000008 0.000000 -0.000000 -0.000000 0.000000 -0.000000 2.615412 -2.320939 0.090783 0.000001 0.000002 -0.000002 0.857401 -5.939254 21.879669 0.476348 4.525862 -9.266029 -3.679416 5.448143 26.338753 -8.341108 2.877551 63.349328 -0.283483 6.435882 0.601813 -0.951316 0.733461 0.034320 -3.895442 -1.008739 2.955144 2.162154 -0.088839 -10.977717 -6.414837 -2.430877 35.201692 13.625821 -8.108204 -68.626585 -0.000049 -0.000004 -0.000034 0.000003 -0.000028 -0.000020 -5.605093 -0.126707 -6.780710 1.086492 0.112364 5.533955 1.802054 0.245150 9.218711 0.944847 -0.748422 -8.020204 -0.000076 0.000031 0.000092 0.008451 -0.000129 0.038663 -1.043647 0.594798 0.033637 -0.775759 1.019029 -0.080430 0.163011 -0.175386 0.016908 -1.145554 0.361473 0.031794 0.000078 -0.000112 -0.000056 -0.000042 -0.027847 0.027951 3.697565 0.523974 -1.165301 -0.602738 -0.145479 0.237525 -3.234849 -0.707001 1.192655 0.000018 -0.000015 2.754124 0.019637 -0.300771 -4.611798 -4.863399 -0.743149 0.311543 0.033691 -0.479284 11.734897 4.885457 -1.267732 2.678564 1.665487 -0.123756 -13.841374 -0.036792 0.191353 0.261074 -0.802257 0.160618 -0.479851 -0.804181 0.123498 -0.482654 -0.008550 0.113134 -3.453148 4.013130 -2.975164 -7.820247 -0.098160 0.752100 18.572977 -3.356543 1.304445 -15.837636 -0.377245 0.007894 -9.775871 -0.009489 -0.024979 0.008713 0.028270 0.072122 2.451900 -0.000916 0.100646 2.451936 4.818149 0.470126 -0.811247 4.745919 1.707219 -4.668404 2.229058 1.391976 -4.017804 0.000004 -0.000005 2.754148 8.519216 0.793312 -0.154623 6.179783 0.747199 -6.210998 4.528488 -1.597566 -13.835117 1.000650 -2.278963 -28.484860 -0.000062 -0.000322 -32.027676 -1.344648 1.720918 34.993866 -0.000103 -0.000113 -37.050419 -0.000019 -0.000034 -2.721286 0.000018 -0.000024 0.159845 -0.000181 -0.000143 -57.609675 -23.900790 -11.935530 -2.554910 34.949221 16.671930 -5.206572 -0.000100 -0.000119 -39.101928 0.000033 0.000035 -0.000048 15.774771 5.010683 30.869996 -0.450003 2.995861 -10.871918 -0.828157 0.083751 0.631236 0.024245 -0.030047 11.786628 -17.017717 1.359847 -11.066482 0.023255 -0.032322 11.715939 21.313520 -20.074693 31.780614 0.050273 0.015129 11.755986 -15.857561 2.748868 28.558051 0.050149 0.014778 11.743108 -0.000062 0.000006 -3.351856 -0.004501 -0.052625 11.750663 0.000062 -0.000010 11.750657 
0.000000 0.000000 0.000000 0.000008 0.000000 -0.000000 -0.000000 0.000000 -0.000000 2.532893 -2.371247 0.085858 0.000001 0.000002 -0.000002 1.525016 -6.276703 24.675078 0.478466 3.979541 -11.080052 -2.218103 5.599701 15.277023 -9.602603 2.431723 68.604742 -1.522520 6.833738 13.442914 -1.044984 0.612020 0.039864 -3.270086 -0.916553 2.866555 1.526607 -0.019546 -7.739518 -5.624628 -1.859588 30.292760 11.919910 -5.414545 -56.605247 -0.000047 -0.000004 -0.000029 0.000005 -0.000026 -0.000021 -5.312614 -0.067755 -6.962192 1.098112 0.114142 5.593478 1.748340 0.233520 8.940553 0.895008 -0.601923 -7.610747 -0.000076 0.000054 0.000092 0.008451 -0.000129 0.038663 -1.119606 0.461522 0.038807 -0.531118 1.270726 -0.079108 0.163011 -0.175386 0.016907 -1.191722 0.215206 0.036491 0.000078 -0.000112 -0.000056 -0.000042 -0.027847 0.027952 3.697520 0.523966 -1.165264 -0.602737 -0.145482 0.237524 -3.234847 -0.707003 1.192655 0.000018 -0.000015 2.842126 0.017992 -0.275725 -4.544987 -3.784017 -0.367126 0.388816 0.028966 -0.451168 11.039759 4.138373 -1.027535 2.996312 1.655549 -0.122230 -13.760235 -0.031643 0.165886 0.226400 -0.802312 0.160617 -0.479855 -0.804181 0.123497 -0.482654 0.010677 -0.122933 -2.081530 5.371916 -2.299019 -9.669127 -0.153233 0.913817 22.739542 -4.629187 1.666634 -24.906973 -0.457858 0.025681 -14.799550 -0.008630 -0.022933 0.007960 0.028270 0.072122 2.451901 -0.000916 0.100646 2.451937 4.818100 0.470101 -0.811272 5.109235 1.753907 -4.770132 2.732895 1.586245 -4.545352 0.000004 -0.000005 2.842180 8.519184 0.793320 -0.154569 7.035509 0.791097 -5.099203 4.243800 -1.122519 -10.317887 2.354029 -1.888486 -27.633412 -0.000062 -0.000322 -32.027672 -1.164553 1.532843 33.820884 -0.000102 -0.000112 -36.826003 -0.000019 -0.000034 -2.721286 0.000018 -0.000024 0.159844 -0.000179 -0.000143 -57.254447 -23.900794 -11.935528 -2.554915 34.949228 16.671930 -5.206576 -0.000099 -0.000119 -38.869671 0.000033 0.000035 -0.000046 15.482640 4.854317 30.323957 -0.310206 2.017852 -6.979865 -1.521867 0.146875 1.160329 0.024261 -0.030039 11.786650 -16.353800 1.244527 -10.640795 0.023282 -0.032316 11.715895 20.092578 -19.246652 32.145923 0.050286 0.015150 11.755984 -14.741691 2.611687 29.037156 0.050160 0.014800 11.743099 -0.000055 0.000018 -1.968276 -0.004467 -0.052667 11.750659 0.000062 -0.000010 11.750660 
0.000000 0.000000 0.000000 0.000008 0.000000 -0.000000 -0.000000 0.000000 -0.000000 2.383121 -2.396416 0.079089 0.000001 0.000001 -0.000002 2.236360 -6.500396 27.620771 0.415251 3.413029 -12.043714 -1.062318 5.153390 6.417224 -10.380955 3.571894 64.610454 -3.588717 7.007934 30.647486 -1.103428 0.467562 0.044701 -2.596998 -0.775218 2.187531 0.694440 0.016685 -3.519313 -4.489940 -1.201492 23.676579 9.144100 -2.565737 -40.688301 -0.000048 -0.000004 -0.000031 0.000004 -0.000025 -0.000017 -4.959538 0.000639 -7.100813 1.094253 0.113551 5.573710 1.697942 0.222854 8.679827 0.827429 -0.461982 -7.186977 -0.000076 0.000097 0.000092 0.008451 -0.000129 0.038663 -1.157498 0.310408 0.043356 -0.284076 1.524864 -0.078853 0.163011 -0.175386 0.016908 -1.196918 0.059488 0.040800 0.000078 -0.000112 -0.000056 -0.000042 -0.027847 0.027952 3.697455 0.523957 -1.165240 -0.602735 -0.145481 0.237526 -3.234856 -0.706999 1.192656 0.000018 -0.000015 2.920303 0.016325 -0.250400 -4.466853 -2.714005 0.035862 0.478087 0.024362 -0.421519 10.308169 3.350074 -0.802750 3.325878 1.645500 -0.120676 -13.678299 -0.026602 0.140405 0.191386 -0.802418 0.160617 -0.479863 -0.804181 0.123497 -0.482655 0.036841 -0.371940 -0.616134 6.689341 -1.631053 -11.610497 -0.221601 1.074703 27.003366 -5.839735 2.197729 -34.226962 -0.561309 0.054892 -20.201189 -0.007830 -0.020847 0.007249 0.028270 0.072122 2.451900 -0.000916 0.100646 2.451938 4.818011 0.470093 -0.811258 5.408850 1.783712 -4.829454 3.128404 1.578385 -4.417213 0.000004 -0.000004 2.920310 8.519171 0.793310 -0.154567 8.092289 0.890118 -5.256350 4.413873 -0.418552 -5.723419 3.682736 -1.332105 -26.807328 -0.000062 -0.000322 -32.027669 -0.902534 1.219881 32.691833 -0.000101 -0.000112 -36.599818 -0.000019 -0.000034 -2.721291 0.000018 -0.000024 0.159842 -0.000187 -0.000139 -56.908641 -23.900792 -11.935527 -2.554910 34.949221 16.671923 -5.206574 -0.000098 -0.000119 -38.652614 0.000033 0.000035 -0.000046 14.687453 4.487974 28.833268 1.691216 2.048563 -3.913400 -2.093746 0.194055 1.596734 0.024296 -0.030031 11.786692 -15.682531 1.132991 -10.209617 0.023344 -0.032299 11.715808 18.663345 -18.193715 32.550018 0.050309 0.015198 11.755992 -13.456612 2.649459 29.485274 0.050183 0.014852 11.743096 -0.000047 0.000032 -0.380519 -0.004415 -0.052728 11.750663 0.000062 -0.000010 11.750665 
0.000000 0.000000 0.000000 0.000008 0.000000 -0.000000 -0.000000 0.000000 -0.000000 2.184112 -2.399840 0.071104 0.000001 0.000001 -0.000002 2.959249 -6.664844 30.513587 0.311458 2.836381 -12.075640 -0.209088 4.344639 -1.317773 -10.364407 5.902608 54.806370 -6.195191 6.397202 49.841314 -1.129005 0.318908 0.048427 -1.987750 -0.621550 1.369820 -0.063352 -0.003653 0.321403 -3.385373 -0.715192 17.579452 6.113302 -0.709499 -26.117696 -0.000047 -0.000003 -0.000033 0.000004 -0.000026 -0.000020 -4.570833 0.064054 -7.197296 1.077552 0.111003 5.488171 1.651071 0.213152 8.437561 0.738511 -0.344569 -6.751146 -0.000076 0.000185 0.000092 0.008451 -0.000130 0.038663 -1.162259 0.159620 0.046921 -0.041808 1.774090 -0.079686 0.163011 -0.175386 0.016908 -1.169800 -0.088905 0.044351 0.000078 -0.000112 -0.000056 -0.000042 -0.027847 0.027951 3.697617 0.523976 -1.165312 -0.602734 -0.145481 0.237526 -3.234853 -0.707001 1.192655 0.000018 -0.000015 2.996951 0.014684 -0.225599 -4.390183 -1.725120 0.421633 0.577288 0.020003 -0.390823 9.552221 2.589405 -0.612371 3.664904 1.635635 -0.119190 -13.597958 -0.021857 0.115167 0.157038 -0.802202 0.160617 -0.479847 -0.804180 0.123497 -0.482655 0.066957 -0.605410 0.757820 7.839607 -1.034440 -13.406569 -0.292603 1.213693 30.810341 -6.835567 2.805061 -42.684448 -0.664519 0.092588 -25.259599 -0.007131 -0.018829 0.006524 0.028270 0.072122 2.451904 -0.000916 0.100647 2.451940 4.818181 0.470106 -0.811274 5.623381 1.822881 -4.928003 3.516265 1.571523 -4.291520 0.000004 -0.000005 2.996974 8.519114 0.793277 -0.154573 9.223628 0.997690 -5.527462 4.525359 0.282761 -1.220258 4.875141 -0.715553 -26.119243 -0.000062 -0.000321 -32.027672 -0.614551 0.851111 31.741101 -0.000101 -0.000111 -36.415813 -0.000019 -0.000034 -2.721293 0.000018 -0.000024 0.159840 -0.000176 -0.000142 -56.622562 -23.900796 -11.935530 -2.554910 34.949221 16.671930 -5.206571 -0.000098 -0.000118 -38.473134 0.000033 0.000035 -0.000046 13.899097 4.149244 27.367332 3.649340 2.182885 -0.909008 -2.538952 0.227759 1.936599 0.024361 -0.030009 11.786777 -15.023536 1.028718 -9.785597 0.023223 -0.032323 11.715984 17.106702 -16.996313 32.957032 0.050362 0.015295 11.756005 -12.078666 2.828763 29.860621 0.050234 0.014942 11.743064 -0.000039 0.000047 1.196596 -0.004519 -0.052605 11.750663 0.000062 -0.000010 11.750662 
0.000000 0.000000 0.000000 0.000008 0.000000 -0.000000 -0.000000 0.000000 -0.000000 1.942465 -2.386359 0.062104 0.000001 0.000002 -0.000002 3.612049 -6.752413 33.087024 0.204192 2.273759 -11.609219 0.256810 3.423190 -7.169284 -9.031202 8.204510 42.803901 -8.937989 5.730778 63.658538 -1.125589 0.175939 0.050875 -1.517671 -0.472191 0.818468 -0.521432 -0.040680 2.649337 -2.692522 -0.478453 13.877395 4.075707 0.027385 -17.385193 -0.000074 -0.000003 -0.000038 0.000004 -0.000025 -0.000019 -4.148351 0.112187 -7.257435 1.049634 0.106805 5.345223 1.603700 0.203548 8.192878 0.647813 -0.226674 -6.310832 -0.000049 0.000010 0.000086 0.008451 -0.000130 0.038663 -1.139093 0.018492 0.049334 0.202929 2.025758 -0.081589 0.163011 -0.175386 0.016907 -1.117415 -0.221983 0.046947 0.000077 -0.000112 -0.000056 -0.000042 -0.027846 0.027951 3.697584 0.523974 -1.165273 -0.602730 -0.145481 0.237526 -3.234846 -0.707003 1.192655 0.000018 -0.000014 3.087883 0.012981 -0.200513 -4.326349 -0.829985 0.770293 0.684313 0.015831 -0.358274 8.752139 1.879633 -0.462968 4.026776 1.625679 -0.117701 -13.516809 -0.018573 0.098524 0.134257 -0.802230 0.160618 -0.479849 -0.804180 0.123497 -0.482655 0.097264 -0.809080 1.936605 8.752927 -0.508979 -14.918853 -0.355434 1.320461 33.832068 -7.569631 3.366495 -49.673394 -0.752047 0.132110 -29.554170 -0.006233 -0.016783 0.005786 0.028270 0.072122 2.451903 -0.000916 0.100645 2.451943 4.818183 0.470106 -0.811279 5.707211 1.842528 -4.980797 3.907947 1.565464 -4.164532 0.000004 -0.000005 3.087889 8.519042 0.793214 -0.154552 9.756352 1.048789 -5.670364 4.768488 0.645500 0.970167 5.893071 -0.114933 -25.631618 -0.000062 -0.000322 -32.027672 -0.338108 0.477241 31.035130 -0.000100 -0.000111 -36.289123 -0.000019 -0.000034 -2.721291 0.000018 -0.000023 0.159842 -0.000176 -0.000142 -56.425777 -23.900790 -11.935528 -2.554910 34.949224 16.671925 -5.206577 -0.000097 -0.000118 -38.349760 0.000032 0.000035 -0.000046 12.847658 3.798552 25.401987 5.617327 2.422146 2.119010 -2.879173 0.251708 2.196394 0.024229 -0.030046 11.786604 -14.330201 0.923848 -9.338732 0.023239 -0.032324 11.715959 15.412062 -15.661672 33.353846 0.050261 0.015105 11.755976 -10.601218 3.123860 30.144241 0.050132 0.014752 11.743114 -0.000042 0.000035 2.641888 -0.004519 -0.052604 11.750663 0.000063 -0.000010 11.750661 
0.000000 0.000000 0.000000 0.000008 0.000000 -0.000000 -0.000000 0.000000 -0.000000 1.669108 -2.358786 0.052506 0.000001 0.000001 -0.000002 4.282322 -6.794551 35.680652 0.121458 1.810438 -10.736733 0.377627 2.503895 -10.497220 -6.150290 9.531060 28.194379 -12.621222 5.981645 69.834914 -1.095530 0.053593 0.051664 -0.892607 -0.329121 -0.465541 -0.822986 -0.075331 4.186554 -2.477874 -0.415095 12.745465 3.141818 0.226275 -13.693083 0.642191 -0.014726 -2.810239 0.000004 -0.000025 -0.000019 -3.705140 0.132525 -7.282305 1.012267 0.101296 5.153966 1.555796 0.194057 7.945677 0.543712 -0.124608 -5.841848 -0.000049 0.000026 0.000086 0.008451 -0.000129 0.038663 -1.092398 -0.098495 0.050213 0.450093 2.279917 -0.084594 0.163011 -0.175387 0.016907 -1.047115 -0.326504 0.048138 0.000078 -0.000113 -0.000056 -0.000042 -0.027847 0.027952 3.697589 0.523971 -1.165275 -0.602735 -0.145481 0.237525 -3.234856 -0.707001 1.192655 0.000017 -0.000015 3.205468 0.011246 -0.175198 -4.287574 -0.074592 1.049630 0.789660 0.011989 -0.324504 7.923446 1.269082 -0.367306 4.410872 1.615662 -0.116214 -13.434873 -0.015346 0.081785 0.111241 -0.802257 0.160617 -0.479851 -0.804181 0.123498 -0.482655 0.121536 -0.960544 2.765180 9.309821 -0.060128 -15.936254 -0.394544 1.380992 35.589862 -7.995487 3.720301 -54.265952 -0.806227 0.161718 -32.473328 -0.005458 -0.014710 0.005074 0.028270 0.072122 2.451895 -0.000915 0.100647 2.451937 4.818158 0.470127 -0.811246 5.352653 1.750836 -4.737236 4.304504 1.560668 -4.037603 0.000004 -0.000004 3.205498 8.519180 0.793366 -0.154580 9.081068 0.979188 -5.301530 6.637814 0.736965 0.375118 6.656292 0.368842 -25.428569 -0.000062 -0.000322 -32.027669 -0.113378 0.168136 30.668670 -0.000100 -0.000111 -36.244652 -0.000019 -0.000034 -2.721293 0.000018 -0.000023 0.159842 -0.000175 -0.000142 -56.356926 -23.900796 -11.935528 -2.554914 34.949224 16.671925 -5.206578 -0.000106 -0.000114 -38.306488 0.000032 0.000035 -0.000050 11.781240 3.536406 23.396705 6.686540 2.273847 5.126639 -3.120000 0.267750 2.380326 0.024245 -0.030044 11.786624 -13.629264 0.823342 -8.886231 0.023255 -0.032318 11.715935 13.613043 -14.228129 33.711498 0.050275 0.015130 11.755983 -9.055975 3.504233 30.303954 0.050148 0.014777 11.743107 -0.000037 0.000045 3.778075 -0.004519 -0.052605 11.750662 0.000063 -0.000010 11.750662 
0.000000 0.000000 0.000000 0.000008 0.000000 -0.000000 -0.000000 0.000000 -0.000000 1.385157 -2.322817 0.043022 0.000001 0.000002 -0.000002 4.742299 -6.743763 37.595714 0.059340 1.372908 -9.391829 0.304533 1.622042 -11.860094 -2.726346 9.441436 11.757680 -16.447157 7.124303 70.620727 -1.043493 -0.031215 0.050483 -0.330887 -0.229918 -1.492503 -1.077024 -0.110908 5.485512 -2.275696 -0.359582 11.684816 2.380616 0.334183 -10.803752 1.117124 -0.044885 -4.907948 0.000004 -0.000025 -0.000019 -3.267206 0.113626 -7.273532 0.968692 0.095032 4.931054 1.506405 0.184496 7.691023 0.440820 -0.025369 -5.381797 -0.000049 0.000043 0.000086 0.008451 -0.000129 0.038663 -1.029124 -0.175299 0.049226 0.692505 2.529098 -0.088621 0.163011 -0.175386 0.016908 -0.969077 -0.388250 0.047479 0.000078 -0.000112 -0.000055 -0.000042 -0.027847 0.027951 3.697554 0.523973 -1.165293 -0.602733 -0.145481 0.237526 -3.234847 -0.707000 1.192656 0.000018 -0.000015 3.357223 0.009420 -0.150380 -4.286059 0.483800 1.226333 0.877264 0.008696 -0.291341 7.110875 0.815943 -0.335893 4.801116 1.605840 -0.114738 -13.354522 -0.012072 0.065287 0.088696 -0.802312 0.160618 -0.479855 -0.804180 0.123498 -0.482654 0.132790 -1.036802 3.089265 9.393977 0.300374 -16.251006 -0.395701 1.382725 35.640685 -8.083130 3.721732 -55.564726 -0.811270 0.168684 -33.418087 -0.004672 -0.012678 0.004331 0.028270 0.072122 2.451893 -0.000916 0.100646 2.451933 4.818146 0.470125 -0.811246 4.523500 1.580873 -4.308120 4.793612 1.600310 -4.047421 0.000004 -0.000006 3.357236 8.519177 0.793359 -0.154562 7.608338 0.831657 -4.737358 9.665770 0.830206 -0.911994 7.078915 0.630545 -25.576688 -0.000061 -0.000321 -32.027669 0.004630 -0.012741 30.719008 -0.000099 -0.000112 -36.301667 -0.000019 -0.000034 -2.721291 0.000018 -0.000024 0.159842 -0.000176 -0.000143 -56.445581 -23.900796 -11.935526 -2.554913 34.949224 16.671923 -5.206577 -0.000097 -0.000118 -38.362249 0.000032 0.000035 -0.000044 10.583059 3.348473 21.121803 7.741102 2.182981 8.077757 -3.265656 0.277054 2.491577 0.024261 -0.030038 11.786648 -12.941242 0.730359 -8.441367 0.023283 -0.032318 11.715897 11.800629 -12.777224 33.990792 0.050286 0.015154 11.755988 -7.525897 3.923683 30.319582 0.050159 0.014799 11.743101 -0.000035 0.000051 4.418144 -0.004502 -0.052625 11.750662 0.000062 -0.000010 11.750660 
0.000000 0.000000 0.000000 0.000008 0.000000 -0.000000 -0.000000 0.000000 -0.000000 1.093895 -2.280655 0.033618 0.000001 0.000002 -0.000002 5.207775 -6.669240 39.528788 0.003030 0.735719 -7.647254 0.172890 0.850555 -12.078851 -0.284513 8.305156 -2.060539 -17.855318 9.714960 64.746648 -0.930490 -0.072853 0.045602 0.131865 -0.177538 -2.289235 -1.281907 -0.143899 6.536241 -2.088426 -0.311738 10.706876 1.758754 0.386850 -8.544149 1.458279 -0.077222 -6.438847 0.000004 -0.000023 -0.000019 -2.875718 0.050066 -7.229525 0.919515 0.088169 4.679580 1.452723 0.174362 7.414476 0.340729 0.060269 -4.894108 -0.000049 0.000081 0.000086 0.008451 -0.000130 0.038663 -0.911445 -0.200900 0.044631 0.612163 2.482732 -0.077456 0.163011 -0.175386 0.016908 -0.848645 -0.388479 0.043322 0.000078 -0.000112 -0.000056 -0.000042 -0.027847 0.027951 3.697529 0.523962 -1.165275 -0.602737 -0.145480 0.237526 -3.234849 -0.707001 1.192655 0.000018 -0.000015 3.552190 0.007607 -0.125358 -4.326189 0.688014 1.280738 0.855652 0.006382 -0.264547 6.455178 0.561780 -0.377716 5.154907 1.595869 -0.113289 -13.273383 -0.009062 0.048533 0.065902 -0.802421 0.160618 -0.479863 -0.804181 0.123496 -0.482654 0.122831 -1.001712 2.671570 8.630049 0.606923 -15.449236 -0.335815 1.288483 32.917065 -7.622630 3.087960 -51.619496 -0.751498 0.141606 -31.374313 -0.003948 -0.010619 0.003623 0.028270 0.072122 2.451899 -0.000916 0.100647 2.451938 4.818111 0.470123 -0.811233 3.494623 1.473897 -4.107388 5.287598 1.640266 -4.057682 0.000004 -0.000004 3.552193 8.519159 0.793358 -0.154552 5.992869 0.684315 -4.685111 11.267077 0.768526 -2.309602 7.016344 0.639864 -26.144820 -0.000061 -0.000321 -32.027665 0.032389 -0.033874 31.265833 -0.000100 -0.000112 -36.480136 -0.000020 -0.000034 -2.721290 0.000017 -0.000023 0.159840 -0.000177 -0.000143 -56.723321 -23.900794 -11.935526 -2.554917 34.949248 16.671916 -5.206595 -0.000098 -0.000119 -38.536443 0.000032 0.000035 -0.000050 9.388236 3.277544 18.809673 8.698190 2.186212 10.563640 -3.329123 0.281022 2.540070 0.024292 -0.030031 11.786692 -12.245702 0.641790 -7.990997 0.023342 -0.032300 11.715804 9.959552 -11.301497 34.165842 0.050312 0.015200 11.755990 -5.981334 4.354456 30.145801 0.050184 0.014847 11.743093 -0.000036 0.000051 4.367077 -0.004484 -0.052646 11.750658 0.000062 -0.000010 11.750670 
0.000000 0.000000 0.000000 0.000008 0.000000 -0.000000 -0.000000 0.000000 -0.000000 0.808139 -2.236917 0.024806 0.000001 0.000002 -0.000002 5.315156 -6.563770 40.236310 0.002896 0.074368 -5.260413 0.068483 0.392887 -11.224005 0.903914 6.761504 -11.489388 -14.260322 13.869267 48.016230 -0.740514 -0.079649 0.036684 0.465231 -0.161976 -2.856691 -1.432774 -0.170665 7.311953 -1.921357 -0.271918 9.837788 1.265956 0.405889 -6.843054 1.682259 -0.103940 -7.471345 0.000004 -0.000024 -0.000019 -2.563071 -0.046669 -7.148365 0.866350 0.081001 4.407930 1.393116 0.163431 7.107722 0.239103 0.145735 -4.401271 -0.000049 0.000152 0.000086 0.008451 -0.000129 0.038663 -0.722356 -0.181342 0.036099 0.531033 2.435926 -0.066243 0.163011 -0.175386 0.016908 -0.667921 -0.329512 0.035279 0.000078 -0.000113 -0.000057 -0.000042 -0.027847 0.027952 3.697435 0.523954 -1.165254 -0.602730 -0.145482 0.237530 -3.234857 -0.707002 1.192656 0.000019 -0.000015 3.782508 0.005799 -0.100046 -4.400226 0.492993 1.235842 0.681964 0.005086 -0.247711 6.043469 0.489046 -0.481168 5.431062 1.585802 -0.111866 -13.191442 -0.005534 0.031684 0.042931 -0.802204 0.160618 -0.479847 -0.804181 0.123497 -0.482654 0.094362 -0.854831 1.520337 6.933994 0.838877 -13.496556 -0.226852 1.085808 27.302937 -6.435537 1.900839 -42.234546 -0.631830 0.090264 -26.354616 -0.003069 -0.008476 0.002859 0.028270 0.072122 2.451901 -0.000915 0.100645 2.451944 4.818029 0.470096 -0.811250 2.235595 1.284302 -3.693856 4.845767 1.573564 -3.944571 0.000004 -0.000004 3.782532 8.519153 0.793352 -0.154521 4.285631 0.515214 -4.202426 10.502072 0.438270 -3.983483 6.467333 0.463569 -27.091100 -0.000062 -0.000322 -32.027672 -0.017915 0.048697 32.262474 -0.000102 -0.000111 -36.767868 -0.000020 -0.000034 -2.721287 0.000018 -0.000024 0.159840 -0.000178 -0.000143 -57.169961 -23.900794 -11.935529 -2.554914 34.949241 16.671920 -5.206622 -0.000099 -0.000119 -38.816645 0.000033 0.000035 -0.000048 8.228733 3.313118 16.541366 9.659751 2.229058 13.070627 -3.316814 0.280261 2.530664 0.024360 -0.030022 11.786776 -11.542669 0.557844 -7.535151 0.023224 -0.032326 11.715979 8.130344 -9.834821 34.194273 0.050373 0.015288 11.756014 -4.470648 4.761745 29.776087 0.050235 0.014941 11.743067 -0.000037 0.000044 3.681510 -0.004448 -0.052689 11.750661 0.000062 -0.000011 11.750663 
0.000000 0.000000 0.000000 0.000008 0.000000 -0.000000 -0.000000 0.000000 -0.000000 0.547551 -2.197334 0.016947 0.000001 0.000002 -0.000002 5.419113 -6.459043 40.929779 0.068872 -0.761442 -2.539277 -0.025314 0.048561 -9.251116 1.308362 5.204464 -18.028716 -7.157295 16.303028 24.005159 -0.517976 -0.064050 0.025910 0.689037 -0.169499 -3.203318 -1.528193 -0.188686 7.803528 -1.780254 -0.240348 9.105991 0.897099 0.407047 -5.647380 1.805575 -0.121266 -8.070846 0.000004 -0.000025 -0.000019 -2.315268 -0.157581 -7.034804 0.812528 0.074003 4.133086 1.327978 0.151847 6.772754 0.157127 0.213010 -3.896164 -0.000061 0.000008 0.000061 0.008451 -0.000129 0.038663 -0.504117 -0.135096 0.025627 0.451517 2.390013 -0.055316 0.163011 -0.175386 0.016908 -0.464328 -0.238312 0.025216 0.000078 -0.000113 -0.000055 -0.000042 -0.027847 0.027952 3.697616 0.523972 -1.165306 -0.602734 -0.145483 0.237526 -3.234849 -0.706999 1.192656 0.000018 -0.000014 4.033032 0.004111 -0.075237 -4.497463 0.075788 1.140588 0.435856 0.004325 -0.237005 5.781779 0.526388 -0.618974 5.644407 1.575958 -0.110453 -13.111095 -0.002460 0.015302 0.020367 -0.802230 0.160618 -0.479849 -0.804180 0.123496 -0.482654 0.060629 -0.643019 -0.051502 4.747577 0.899996 -10.904514 -0.117073 0.812120 20.107431 -4.629628 0.715788 -29.805081 -0.474975 0.039890 -19.681762 -0.002441 -0.006513 0.002154 0.028270 0.072122 2.451904 -0.000916 0.100647 2.451941 4.817916 0.470086 -0.811226 0.920436 0.973079 -2.926378 3.619842 1.402289 -3.687923 0.000003 -0.000005 4.033063 8.519110 0.793315 -0.154534 2.519685 0.316069 -2.968806 8.653553 -0.010273 -5.754408 5.633905 0.181633 -28.278307 -0.000061 -0.000322 -32.027665 -0.132438 0.184050 33.546290 -0.000103 -0.000113 -37.123721 -0.000019 -0.000034 -2.721287 0.000018 -0.000023 0.159844 -0.000181 -0.000143 -57.723288 -23.900792 -11.935528 -2.554916 34.949221 16.671928 -5.206543 -0.000101 -0.000119 -39.163700 0.000032 0.000035 -0.000050 7.147121 3.474005 14.343097 10.222795 2.046443 15.237517 -3.239693 0.275416 2.471753 0.024227 -0.030051 11.786606 -10.852683 0.481120 -7.087200 0.023238 -0.032321 11.715961 6.405527 -8.448866 34.039009 0.050274 0.015101 11.755980 -3.062302 5.095986 29.200725 0.050134 0.014753 11.743112 -0.000042 0.000035 2.654637 -0.004379 -0.052772 11.750665 0.000063 -0.000010 11.750665 
0.000000 0.000000 0.000000 0.000008 0.000000 -0.000000 -0.000000 0.000000 -0.000000 0.316735 -2.162998 0.010056 0.000001 0.000002 -0.000002 4.048621 -4.925661 41.016912 0.217446 -2.548330 -0.196416 -0.140379 -0.714592 -6.567534 1.399164 4.260535 -22.124803 -1.023357 15.365967 2.134616 -0.294070 -0.037549 0.014795 0.837826 -0.187465 -3.364581 -1.575773 -0.197988 8.048988 -1.660107 -0.214960 8.484447 0.624209 0.401436 -4.832820 1.851939 -0.129427 -8.338274 0.000004 -0.000024 -0.000019 -2.103522 -0.270294 -6.887343 0.758134 0.067195 3.855533 1.253856 0.139160 6.392071 0.073744 0.280226 -3.385956 -0.000061 0.000015 0.000061 0.008451 -0.000131 0.038663 -0.286032 -0.077864 0.014720 0.371192 2.343634 -0.044343 0.163011 -0.175386 0.016907 -0.263204 -0.136405 0.014557 0.000078 -0.000113 -0.000056 -0.000042 -0.027847 0.027952 3.697612 0.523972 -1.165308 -0.602739 -0.145479 0.237528 -3.234844 -0.707003 1.192653 0.000017 -0.000014 4.303357 0.002540 -0.050142 -4.612968 -0.411674 1.035086 0.185645 0.003703 -0.227684 5.554016 0.605410 -0.773670 5.825327 1.565997 -0.109043 -13.029954 -0.001764 0.010227 0.013542 -0.802257 0.160617 -0.479851 -0.804181 0.123498 -0.482654 0.030622 -0.400963 -1.824713 2.386719 0.762374 -8.040662 -0.037099 0.498573 12.211503 -2.406273 -0.087163 -16.004385 -0.298773 0.005906 -12.282135 -0.001606 -0.004399 0.001440 0.028270 0.072122 2.451897 -0.000916 0.100647 2.451936 4.818175 0.470120 -0.811247 0.040468 0.826639 -2.615317 2.382618 1.223775 -3.432529 0.000004 -0.000005 4.303377 8.519058 0.793262 -0.154527 1.126856 0.175715 -2.584914 6.287337 -0.358375 -6.544737 4.670842 -0.148045 -29.639087 -0.000062 -0.000322 -32.027676 -0.269324 0.356249 35.031477 -0.000105 -0.000113 -37.529134 -0.000020 -0.000034 -2.721289 0.000018 -0.000024 0.159842 -0.000193 -0.000140 -58.353311 -23.900794 -11.935528 -2.554912 34.949217 16.671928 -5.206545 -0.000102 -0.000120 -39.564386 0.000033 0.000035 -0.000050 6.308320 3.665360 12.598299 10.526329 2.033790 16.147489 -3.083187 0.265339 2.352198 0.024244 -0.030039 11.786630 -10.131742 0.407389 -6.618677 0.023256 -0.032317 11.715936 4.776053 -7.132017 33.650283 0.050286 0.015124 11.755976 -1.747932 5.329787 28.385389 0.050147 0.014778 11.743108 -0.000048 0.000024 1.518556 -0.004518 -0.052604 11.750661 0.000062 -0.000011 11.750659 
0.000000 0.000000 0.000000 0.000008 0.000000 -0.000000 -0.000000 0.000000 -0.000000 0.130024 -2.136164 0.004325 0.000001 0.000002 -0.000002 2.655041 -3.369631 41.139216 0.573283 -6.711956 1.488414 -0.185945 -1.836724 -2.959597 1.687754 4.644460 -23.569776 2.216227 12.419298 -13.695789 -0.107741 -0.012114 0.005398 0.938526 -0.203136 -3.366081 -1.581460 -0.199111 8.078287 -1.559048 -0.194664 7.962723 0.432257 0.396595 -4.319564 1.839523 -0.129769 -8.349199 0.000004 -0.000024 -0.000019 -1.906994 -0.368427 -6.707020 0.704779 0.060780 3.583390 1.168944 0.125228 5.956383 0.031677 0.342588 -2.846253 -0.000061 0.000026 0.000061 0.008451 -0.000131 0.038663 -0.105015 -0.026886 0.005406 0.290127 2.296781 -0.033327 0.163011 -0.175386 0.016907 -0.096997 -0.048422 0.005359 0.000078 -0.000113 -0.000055 -0.000042 -0.027847 0.027952 3.697614 0.523971 -1.165309 -0.602738 -0.145481 0.237526 -3.234853 -0.707002 1.192656 0.000017 -0.000014 4.586799 0.001221 -0.024828 -4.740107 -0.802630 0.959613 0.009606 0.002935 -0.215328 5.252182 0.655780 -0.923626 5.996361 1.555947 -0.107632 -12.948014 -0.000676 0.005221 0.006713 -0.802313 0.160618 -0.479855 -0.804180 0.123497 -0.482654 0.010032 -0.170870 -3.530928 0.247245 0.482579 -5.344611 -0.001737 0.193663 4.722647 -0.199444 -0.329677 -2.927556 -0.130068 -0.005134 -5.294206 -0.000801 -0.002318 0.000676 0.028270 0.072122 2.451927 -0.000916 0.100646 2.451938 4.818182 0.470117 -0.811254 -0.244442 0.752534 -2.426000 0.086080 0.851083 -2.846611 0.000003 -0.000005 4.586798 8.519164 0.793373 -0.154513 0.391828 0.103143 -2.302299 2.906152 -0.618190 -6.112624 3.762333 -0.466534 -31.069281 -0.000062 -0.000322 -32.027676 -0.412683 0.527973 36.587220 -0.000106 -0.000114 -37.950857 -0.000020 -0.000034 -2.721291 0.000018 -0.000024 0.159840 -0.000186 -0.000144 -59.009829 -23.900794 -11.935528 -2.554912 34.949221 16.671928 -5.206570 -0.000104 -0.000121 -39.969034 0.000033 0.000035 -0.000050 5.490137 3.920669 10.845325 10.275475 1.880915 15.880388 -2.876338 0.251518 2.194227 0.024263 -0.030036 11.786647 -9.403155 0.338846 -6.144638 0.023281 -0.032313 11.715895 3.289560 -5.916395 32.971792 0.050299 0.015146 11.755982 -0.567329 5.422725 27.307175 0.050160 0.014801 11.743094 -0.000042 0.000040 0.540776 -0.004519 -0.052605 11.750662 0.000062 -0.000011 11.750661 
0.000000 0.000000 0.000000 0.000008 0.000000 -0.000000 -0.000000 0.000000 -0.000000 -0.000003 -2.130780 -0.000006 0.000001 0.000002 -0.000002 0.295574 -0.826950 41.053538 1.149649 -11.710291 2.797408 -0.050942 -3.345556 1.258717 1.961669 5.634935 -22.553939 3.313518 8.977714 -26.368931 -0.000003 -0.000000 -0.000048 1.017820 -0.204282 -3.244336 -1.554506 -0.193803 7.939212 -1.476120 -0.178718 7.535239 0.307346 0.398040 -4.027592 1.789571 -0.124917 -8.191325 0.000004 -0.000024 -0.000019 -1.710079 -0.434168 -6.502117 0.655501 0.055085 3.332168 1.074505 0.110527 5.472487 -0.010147 0.403340 -2.316976 -0.000061 0.000048 0.000061 0.008451 -0.000129 0.038663 0.000011 0.000009 0.000007 0.210642 2.250796 -0.022595 0.163011 -0.175386 0.016908 0.000001 0.000004 -0.000032 0.000078 -0.000112 -0.000056 -0.000042 -0.027847 0.027952 3.697613 0.523971 -1.165308 -0.602739 -0.145479 0.237528 -3.234851 -0.707001 1.192656 0.000017 -0.000013 4.864749 -0.000027 0.000015 -4.864753 -0.929116 0.950890 -0.016290 0.001881 -0.196314 4.787885 0.609632 -1.043747 6.173792 1.546082 -0.106284 -12.867665 0.000517 0.000366 0.000020 -0.802421 0.160618 -0.479863 -0.804181 0.123496 -0.482655 -0.000002 0.000039 -4.864761 -1.243626 0.219853 -3.290851 -0.001888 -0.044767 -1.092636 1.477287 -0.173852 7.046636 -0.000029 0.000367 0.000021 0.000023 -0.000347 -0.000040 0.028270 0.072122 2.451926 -0.000916 0.100646 2.451938 4.818155 0.470128 -0.811249 -0.277848 0.597873 -1.933962 -2.161868 0.463210 -2.287012 0.000003 -0.000005 4.864763 8.519151 0.793374 -0.154512 0.088258 0.053354 -1.303447 -0.908668 -0.852217 -5.229063 3.113160 -0.717885 -32.419462 -0.000062 -0.000322 -32.027672 -0.537195 0.667320 38.052729 -0.000107 -0.000116 -38.355481 -0.000019 -0.000034 -2.721286 0.000018 -0.000023 0.159844 -0.000189 -0.000145 -59.638152 -23.900794 -11.935527 -2.554912 34.949221 16.671928 -5.206569 -0.000104 -0.000122 -40.365817 0.000032 0.000035 -0.000046 4.998321 4.120266 9.752342 9.575841 1.443148 15.226172 -2.694630 0.238918 2.055462 0.024296 -0.030026 11.786687 -8.688197 0.277650 -5.679017 0.023345 -0.032304 11.715805 2.027429 -4.862223 31.982596 0.050324 0.015195 11.755995 0.411621 5.342419 25.990895 0.050184 0.014848 11.743090 -0.000045 0.000036 -0.000038 -0.004518 -0.052604 11.750666 0.000062 -0.000010 11.750663 
0.000000 0.000000 0.000000 0.000008 0.000000 -0.000000 -0.000000 0.000000 -0.000000 0.000000 -2.131566 0.000012 0.000001 0.000002 -0.000002 -2.084266 1.742283 41.073339 1.615408 -14.302392 3.770051 0.428073 -6.010136 5.188917 1.652196 5.717220 -19.696227 3.508623 6.774662 -36.478746 0.048709 0.001421 -0.002396 1.082319 -0.193652 -3.038915 -1.508588 -0.184913 7.702509 -1.402937 -0.165170 7.158444 0.221175 0.402547 -3.865598 1.720768 -0.117386 -7.940124 0.000004 -0.000025 -0.000019 -1.504844 -0.469073 -6.225809 0.600613 0.048996 3.052486 0.964561 0.094433 4.909858 -0.019142 0.443869 -1.747951 -0.000061 0.000088 0.000061 0.008451 -0.000129 0.038663 0.048058 0.008180 -0.002370 0.130382 2.204365 -0.011817 0.163011 -0.175386 0.016907 0.045248 0.018121 -0.002409 0.000078 -0.000113 -0.000056 -0.000042 -0.027846 0.027952 3.697598 0.523967 -1.165314 -0.602737 -0.145481 0.237527 -3.234854 -0.707000 1.192655 0.000017 -0.000013 5.196907 -0.000006 0.000030 -5.196897 -0.889652 0.819109 0.026742 0.001414 -0.186840 4.556613 0.533128 -0.938879 6.092173 1.490030 -0.095805 -12.393483 0.000236 0.000275 -0.000010 -0.802204 0.160617 -0.479847 -0.804180 0.123497 -0.482655 -0.001224 0.032684 -5.398339 -1.272689 0.032827 -2.972802 -0.006993 -0.120291 -2.938152 1.501405 0.057694 9.878415 0.026108 0.002892 1.044333 -0.000073 -0.000287 -0.000035 0.028270 0.072122 2.451926 -0.000916 0.100645 2.451938 4.818122 0.470106 -0.811263 -0.276052 0.558807 -1.804058 -3.298496 0.226671 -1.880893 0.000004 -0.000006 5.196947 8.519146 0.793358 -0.154541 -0.037332 0.036565 -0.988539 -3.253735 -0.924686 -4.211411 2.524723 -0.965671 -34.114254 -0.000062 -0.000322 -32.027672 -0.672902 0.807913 39.903492 -0.000109 -0.000117 -38.856267 -0.000019 -0.000034 -2.721288 0.000018 -0.000024 0.159842 -0.000192 -0.000145 -60.421336 -23.900790 -11.935528 -2.554914 34.949221 16.671928 -5.206576 -0.000106 -0.000123 -40.852591 0.000033 0.000034 -0.000044 4.505439 4.331249 8.650025 8.882352 1.254698 13.951642 -2.406672 0.218028 1.835600 0.024362 -0.030007 11.786779 -7.965689 0.221652 -5.208058 0.023227 -0.032332 11.715987 0.885278 -4.072768 29.457766 0.050376 0.015291 11.756008 0.833736 4.889452 23.206794 0.050236 0.014943 11.743063 -0.000046 0.000034 -0.206257 -0.004519 -0.052604 11.750661 0.000062 -0.000011 11.750665 
0.000000 0.000000 0.000000 0.000008 0.000000 -0.000000 -0.000000 0.000000 -0.000000 -0.138847 -2.132522 -0.005186 0.000001 0.000002 -0.000002 -2.528340 2.221752 41.132694 1.538476 -12.302212 4.193911 1.699747 -11.282962 8.697196 0.776610 4.458438 -14.554257 4.485753 6.558689 -44.422714 0.080683 0.002350 -0.003956 1.126770 -0.182969 -2.809271 -1.462347 -0.176159 7.464281 -1.334062 -0.152878 6.804255 0.147368 0.404635 -3.755309 1.651497 -0.110039 -7.687161 0.000004 -0.000023 -0.000019 -1.303260 -0.483814 -5.844393 0.532615 0.041829 2.706210 0.837311 0.077176 4.259585 -0.007039 0.463027 -1.129844 -0.000061 0.000168 0.000061 0.008451 -0.000129 0.038663 0.079590 0.013518 -0.003936 0.049321 2.157454 -0.001000 0.163011 -0.175386 0.016907 0.074948 0.030002 -0.003973 0.000078 -0.000113 -0.000056 -0.000042 -0.027847 0.027951 3.697588 0.523974 -1.165274 -0.602734 -0.145478 0.237527 -3.234846 -0.707002 1.192657 0.000017 -0.000013 5.581663 -0.000020 0.000021 -5.581684 -0.832442 0.700880 0.118072 0.000980 -0.177272 4.323084 0.457860 -0.839228 5.960423 1.433443 -0.085726 -11.914641 0.000322 0.000344 -0.000002 -0.802231 0.160617 -0.479849 -0.804180 0.123496 -0.482655 -0.000006 0.000020 -5.581678 -1.136705 0.080923 -2.853661 -0.004654 -0.090026 -2.198101 1.265849 -0.036762 7.717669 -0.000029 0.000367 0.000011 -0.000071 -0.000252 -0.000032 0.028270 0.072122 2.451926 -0.000916 0.100646 2.451938 4.818073 0.470103 -0.811257 -0.155736 0.505799 -1.629126 -3.233006 0.186531 -1.699346 0.000004 -0.000005 5.581713 8.519136 0.793352 -0.154522 -0.111092 0.017381 -0.819241 -3.716877 -0.788702 -2.989070 1.804508 -1.231510 -36.161112 -0.000062 -0.000321 -32.027669 -0.833486 0.957589 42.156119 -0.000111 -0.000117 -39.456609 -0.000019 -0.000033 -2.721288 0.000018 -0.000023 0.159847 -0.000196 -0.000145 -61.365923 -23.900790 -11.935528 -2.554914 34.949221 16.671927 -5.206576 -0.000108 -0.000124 -41.435510 0.000033 0.000035 -0.000048 4.440900 4.365623 8.505661 8.173330 1.077392 12.658828 -2.119848 0.196109 1.616653 0.024228 -0.030006 11.786600 -7.235651 0.171068 -4.731784 0.023223 -0.032321 11.715980 -0.027687 -3.498313 24.724764 0.050272 0.015099 11.755982 0.508108 4.015598 18.301190 0.050135 0.014754 11.743112 -0.000046 0.000033 -0.341617 -0.004501 -0.052625 11.750663 0.000063 -0.000010 11.750664 
0.000000 0.000000 0.000000 0.000008 0.000000 -0.000000 -0.000000 0.000000 -0.000000 -0.165627 -2.132376 -0.006181 0.000001 0.000002 -0.000002 -2.964447 2.691493 41.194561 1.109300 -7.958552 4.211133 3.794274 -17.436464 12.058538 -0.067220 2.107551 -7.780029 6.037681 7.126104 -49.697184 0.097825 0.002868 -0.004806 1.164108 -0.172520 -2.621026 -1.431896 -0.170502 7.307439 -1.266451 -0.141240 6.456926 0.067213 0.405417 -3.616086 1.604220 -0.105089 -7.511978 0.000004 -0.000025 -0.000019 -1.110680 -0.480571 -5.388963 0.457074 0.034355 2.321755 0.698147 0.059981 3.549458 0.022665 0.463690 -0.487952 -0.000060 0.000007 0.000040 0.008451 -0.000129 0.038663 0.096498 0.016390 -0.004770 -0.030134 2.111446 0.009539 0.163011 -0.175387 0.016907 0.090867 0.036347 -0.004821 0.000078 -0.000113 -0.000056 -0.000042 -0.027847 0.027952 3.697591 0.523972 -1.165275 -0.602738 -0.145483 0.237523 -3.234852 -0.707001 1.192655 0.000017 -0.000012 5.925520 -0.000058 0.000025 -5.925555 -0.761848 0.597408 0.247236 0.000594 -0.167887 4.094084 0.385707 -0.746728 5.790692 1.377842 -0.076273 -11.445089 0.000322 0.000344 -0.000002 -0.802258 0.160618 -0.479851 -0.804180 0.123497 -0.482654 -0.000020 0.000022 -5.925531 -1.047373 0.038280 -2.664176 -0.004440 -0.086985 -2.123759 1.132631 -0.023639 6.982436 -0.000029 0.000367 0.000012 -0.000071 -0.000252 -0.000032 0.028270 0.072122 2.451928 -0.000916 0.100646 2.451938 4.817976 0.470108 -0.811206 0.106845 0.339379 -1.080017 -3.168672 0.147372 -1.521278 0.000003 -0.000005 5.925571 8.519121 0.793356 -0.154503 -0.124970 -0.020773 0.005012 -4.173740 -0.664889 -1.789487 1.149677 -1.441891 -37.826677 -0.000062 -0.000322 -32.027672 -0.969756 1.076846 43.962072 -0.000114 -0.000119 -39.948503 -0.000019 -0.000033 -2.721286 0.000018 -0.000023 0.159845 -0.000199 -0.000145 -62.138711 -23.900792 -11.935528 -2.554916 34.949214 16.671927 -5.206578 -0.000110 -0.000125 -41.912093 0.000033 0.000034 -0.000046 4.377683 4.399463 8.364110 6.992241 0.663941 11.021896 -1.841998 0.173826 1.404597 0.024243 -0.030004 11.786621 -6.519390 0.127540 -4.264201 0.023225 -0.032328 11.715983 -0.421480 -2.967620 18.769099 0.050286 0.015123 11.755983 -0.258419 2.978997 12.306395 0.050146 0.014778 11.743109 -0.000046 0.000032 -0.414219 -0.004484 -0.052646 11.750663 0.000062 -0.000011 11.750658 
0.000000 0.000000 0.000000 0.000008 0.000000 -0.000000 -0.000000 0.000000 -0.000000 -0.172577 -2.130285 -0.006433 0.000001 0.000002 -0.000002 -3.003774 2.733715 41.241126 0.713168 -4.076667 4.201543 5.640618 -21.112583 14.764501 -0.323840 -2.051230 -1.065358 6.675318 7.359421 -51.316997 0.103058 0.003033 -0.005051 1.210183 -0.162594 -2.527827 -1.431218 -0.170376 7.303983 -1.195766 -0.129523 6.094159 -0.042806 0.405681 -3.359324 1.596822 -0.104623 -7.495372 0.000004 -0.000026 -0.000019 -0.921237 -0.461478 -4.863542 0.375029 0.026813 1.904460 0.544187 0.043006 2.765057 0.068330 0.448948 0.190742 -0.000060 0.000022 0.000040 0.008451 -0.000129 0.038663 0.101659 0.017268 -0.005025 -0.026785 2.113582 0.008478 0.163011 -0.175386 0.016908 0.095729 0.038298 -0.005074 0.000078 -0.000113 -0.000056 -0.000042 -0.027847 0.027952 3.697556 0.523971 -1.165296 -0.602741 -0.145479 0.237526 -3.234858 -0.707003 1.192656 0.000017 -0.000013 6.155379 -0.000050 0.000024 -6.155386 -0.678149 0.503467 0.411520 0.000241 -0.158408 3.862815 0.314217 -0.657741 5.585260 1.321570 -0.067176 -10.970876 0.000166 0.000290 -0.000012 -0.802312 0.160618 -0.479855 -0.804181 0.123496 -0.482654 -0.000018 0.000013 -6.155418 -0.939692 0.010035 -2.463130 -0.003796 -0.077433 -1.890384 0.990936 -0.026778 5.949113 -0.000029 0.000367 0.000012 -0.000037 -0.000286 -0.000023 0.028270 0.072122 2.451927 -0.000916 0.100647 2.451938 4.818182 0.470119 -0.811252 0.224909 0.289024 -0.912572 -3.103571 0.108024 -1.341401 0.000003 -0.000006 6.155422 8.519081 0.793296 -0.154540 -0.120193 -0.041821 0.505564 -4.217773 -0.485048 -0.544343 0.728701 -1.568666 -38.473380 -0.000062 -0.000321 -32.027672 -1.047095 1.151900 44.568593 -0.000114 -0.000119 -40.149030 -0.000019 -0.000033 -2.721286 0.000018 -0.000023 0.159845 -0.000201 -0.000145 -62.454492 -23.900789 -11.935527 -2.554905 34.949241 16.671923 -5.206589 -0.000111 -0.000126 -42.107187 0.000033 0.000035 -0.000046 4.375328 4.403694 8.400813 6.043024 0.694129 8.789583 -1.561491 0.150295 1.190559 0.024261 -0.029998 11.786641 -5.795717 0.089412 -3.791464 0.023220 -0.032325 11.715984 -0.035906 -2.376554 12.221878 0.050297 0.015146 11.755982 -1.149216 1.922826 5.901550 0.050159 0.014800 11.743090 -0.000047 0.000032 -0.436373 -0.004449 -0.052688 11.750659 0.000062 -0.000010 11.750660 
0.000000 0.000000 0.000000 0.000008 0.000000 -0.000000 -0.000000 0.000000 -0.000000 -0.165415 -2.132588 -0.006171 0.000001 0.000002 -0.000002 -3.042799 2.775564 41.288155 0.464916 -1.667672 4.235059 5.898670 -20.475748 15.980156 0.770880 -9.404821 5.427896 5.715279 7.204635 -47.654547 0.098516 0.002896 -0.004831 1.262576 -0.151820 -2.508641 -1.448233 -0.173526 7.391579 -1.148590 -0.121960 5.852250 -0.109200 0.403395 -3.325038 1.575535 -0.101840 -7.394919 0.000004 -0.000024 -0.000019 -0.734761 -0.428670 -4.283892 0.289534 0.019598 1.469910 0.376590 0.026939 1.912337 0.132668 0.416632 0.909771 -0.000060 0.000041 0.000040 0.008451 -0.000127 0.038663 0.097181 0.016516 -0.004806 -0.023401 2.115746 0.007408 0.163011 -0.175386 0.016907 0.091510 0.036623 -0.004854 0.000078 -0.000112 -0.000055 -0.000042 -0.027847 0.027952 3.697512 0.523963 -1.165268 -0.602735 -0.145480 0.237526 -3.234854 -0.707003 1.192654 0.000017 -0.000012 6.310699 -0.000035 0.000020 -6.310725 -0.583449 0.417214 0.605743 -0.000083 -0.148617 3.623966 0.243180 -0.571510 5.350657 1.264676 -0.058523 -10.492016 0.000061 0.000424 -0.000037 -0.802419 0.160618 -0.479863 -0.804181 0.123498 -0.482654 -0.000016 0.000000 -6.310717 -0.818101 -0.006035 -2.237917 -0.003094 -0.066286 -1.618064 0.846308 -0.036812 4.813656 -0.000029 0.000367 0.000012 -0.000009 -0.000136 -0.000043 0.028270 0.072122 2.451927 -0.000916 0.100645 2.451938 4.818180 0.470119 -0.811251 0.204420 0.251865 -0.792069 -2.064572 0.114384 -1.042850 0.000003 -0.000005 6.310739 8.519029 0.793288 -0.154484 -0.109374 -0.039910 0.471112 -3.284604 -0.242297 0.542056 0.603578 -1.654381 -38.087078 -0.000062 -0.000322 -32.027679 -1.082301 1.211861 43.919943 -0.000114 -0.000119 -40.060299 -0.000019 -0.000034 -2.721293 0.000018 -0.000024 0.159842 -0.000200 -0.000146 -62.314398 -23.900794 -11.935528 -2.554913 34.949245 16.671923 -5.206643 -0.000111 -0.000125 -42.020717 0.000033 0.000035 -0.000046 4.372941 4.407951 8.437902 4.379008 0.437464 6.088761 -1.278323 0.125453 0.974547 0.024293 -0.029989 11.786685 -5.064669 0.056885 -3.313621 0.023222 -0.032320 11.715988 1.476927 -1.700597 5.855010 0.050322 0.015196 11.755994 -1.763404 0.921810 -0.052475 0.050184 0.014849 11.743090 -0.000047 0.000032 -0.417140 -0.004380 -0.052770 11.750662 0.000062 -0.000011 11.750664 
0.000000 0.000000 0.000000 0.000008 0.000000 -0.000000 -0.000000 0.000000 -0.000000 -0.144117 -2.131149 -0.005379 0.000001 0.000002 -0.000002 -3.009645 2.740109 41.332408 0.265968 0.200618 4.216175 5.076416 -17.591041 16.159224 3.902580 -17.911620 12.185399 3.930347 6.591636 -40.427418 0.086955 0.002540 -0.004254 1.309396 -0.139256 -2.501437 -1.461116 -0.175928 7.457925 -1.146867 -0.121688 5.843418 -0.064429 0.397140 -3.808339 1.487088 -0.090689 -6.977775 0.000004 -0.000024 -0.000019 -0.556358 -0.385893 -3.684507 0.205646 0.013151 1.043765 0.202142 0.012884 1.025902 0.196148 0.385723 1.614873 -0.000060 0.000075 0.000040 0.008451 -0.000130 0.038663 0.085780 0.014584 -0.004237 -0.020093 2.117883 0.006357 0.163011 -0.175386 0.016908 0.080771 0.032312 -0.004286 0.000078 -0.000112 -0.000055 -0.000042 -0.027847 0.027952 3.697413 0.523949 -1.165240 -0.602737 -0.145479 0.237527 -3.234864 -0.707003 1.192655 0.000016 -0.000012 6.445299 -0.000033 0.000031 -6.445308 -0.483222 0.338814 0.817493 -0.000361 -0.139015 3.389772 0.174391 -0.489553 5.101682 1.208864 -0.050443 -10.022431 0.000308 0.000357 -0.000016 -0.802203 0.160618 -0.479847 -0.804180 0.123496 -0.482655 -0.000009 0.000017 -6.445303 -0.691627 -0.012903 -1.996563 -0.002604 -0.057952 -1.414543 0.708716 -0.045553 3.798141 -0.000029 0.000367 0.000012 -0.000074 -0.000313 -0.000044 0.028270 0.072122 2.451926 -0.000916 0.100648 2.451938 4.818179 0.470118 -0.811254 0.197792 0.105614 -0.314381 -1.045782 0.125793 -0.750233 0.000003 -0.000006 6.445297 8.519120 0.793369 -0.154489 -0.098773 -0.038057 0.437343 -2.374175 0.012681 1.603390 0.646033 -1.732488 -37.182437 -0.000062 -0.000322 -32.027676 -1.101490 1.272936 42.632162 -0.000113 -0.000118 -39.828571 -0.000019 -0.000033 -2.721293 0.000018 -0.000023 0.159842 -0.000199 -0.000145 -61.950239 -23.900794 -11.935529 -2.554914 34.949221 16.671928 -5.206576 -0.000110 -0.000125 -41.796062 0.000033 0.000035 -0.000043 4.370600 4.412125 8.474263 1.682343 -0.317948 3.423624 -1.000745 0.100062 0.762835 0.024360 -0.029969 11.786766 -4.347544 0.031093 -2.844734 0.023241 -0.032330 11.715964 9.131664 -1.396779 -2.922842 0.050374 0.015290 11.756008 -1.635562 -0.681199 -6.963457 0.050235 0.014944 11.743062 -0.000046 0.000032 -0.368180 -0.004519 -0.052604 11.750660 0.000062 -0.000010 11.750666 
0.000000 0.000000 0.000000 0.000008 0.000000 -0.000000 -0.000000 0.000000 -0.000000 -0.118773 -2.128241 -0.004416 0.000001 0.000002 -0.000002 -2.976152 2.704353 41.377149 0.116754 1.603728 4.203621 4.126118 -14.551158 16.158290 7.964456 -23.967639 18.371358 1.738797 4.614483 -32.798722 0.069240 0.002022 -0.003407 1.354922 -0.124943 -2.508476 -1.472839 -0.178127 7.518258 -1.179423 -0.126881 6.010333 0.066610 0.385784 -4.702141 1.344594 -0.074095 -6.306468 0.000004 -0.000024 -0.000019 -0.380020 -0.335060 -3.063592 0.123656 0.007456 0.627481 0.017570 0.000957 0.089028 0.275555 0.339917 2.350797 -0.000060 0.000148 0.000040 0.008451 -0.000129 0.038663 0.069500 0.011820 -0.003432 -0.016709 2.120019 0.005289 0.163011 -0.175387 0.016907 0.065440 0.026191 -0.003475 0.000078 -0.000112 -0.000056 -0.000042 -0.027847 0.027952 3.697616 0.523970 -1.165310 -0.602735 -0.145480 0.237527 -3.234849 -0.706997 1.192656 0.000017 -0.000012 6.504180 -0.000050 0.000009 -6.504200 -0.376868 0.263983 1.046917 -0.000608 -0.129084 3.147559 0.105331 -0.409782 4.835909 1.152430 -0.042756 -9.548192 0.000135 0.000296 -0.000018 -0.802204 0.160618 -0.479847 -0.804181 0.123496 -0.482655 -0.000005 0.000014 -6.504217 -0.561784 -0.014010 -1.746009 -0.002466 -0.055526 -1.355312 0.580261 -0.047389 3.057709 -0.000029 0.000367 0.000012 -0.000110 -0.000287 -0.000033 0.028270 0.072122 2.451927 -0.000916 0.100647 2.451938 4.818181 0.470118 -0.811247 0.119395 0.041507 -0.114114 -0.016984 0.142640 -0.454988 0.000003 -0.000006 6.504221 8.519105 0.793364 -0.154506 -0.054080 -0.034074 0.443940 -1.459684 0.287309 2.670998 0.774037 -1.768959 -35.759500 -0.000062 -0.000321 -32.027669 -1.084654 1.308129 40.767893 -0.000111 -0.000118 -39.449369 -0.000019 -0.000034 -2.721289 0.000018 -0.000024 0.159844 -0.000196 -0.000145 -61.354141 -23.900792 -11.935528 -2.554914 34.949224 16.671927 -5.206579 -0.000108 -0.000124 -41.428123 0.000033 0.000035 -0.000044 4.367630 4.415838 8.514723 -0.420385 -0.533623 0.809704 -0.720509 0.073386 0.549171 0.024231 -0.030052 11.786604 -3.623123 0.010942 -2.370889 0.023258 -0.032326 11.715940 15.702272 -2.009577 -9.243204 0.050259 0.015107 11.755979 -1.290224 -1.929238 -11.270235 0.050133 0.014753 11.743112 -0.000046 0.000033 -0.298317 -0.004519 -0.052604 11.750663 0.000062 -0.000010 11.750667 
0.000000 0.000000 0.000000 0.000008 0.000000 -0.000000 -0.000000 0.000000 -0.000000 -0.085439 -2.127984 -0.003192 0.000001 0.000002 -0.000002 -2.975917 2.704109 41.412571 0.018399 2.533448 4.215271 3.357615 -12.084348 16.214483 11.106555 -26.618460 22.937300 -0.388793 0.929199 -25.984302 0.051354 0.001502 -0.002531 1.402113 -0.109175 -2.533709 -1.486495 -0.180703 7.588663 -1.235505 -0.136055 6.298050 0.259377 0.367434 -5.893384 1.162723 -0.055368 -5.450846 0.000004 -0.000025 -0.000019 -0.205853 -0.278395 -2.436438 0.045764 0.002601 0.232182 -0.175263 -0.008257 -0.888824 0.356325 0.294702 3.093979 -0.000055 0.000008 0.000038 0.008451 -0.000130 0.038663 0.050651 0.008602 -0.002499 -0.013305 2.122188 0.004221 0.163011 -0.175386 0.016908 0.047693 0.019095 -0.002538 0.000078 -0.000112 -0.000056 -0.000028 -0.055879 0.027952 3.697595 0.523966 -1.165317 -0.602733 -0.145482 0.237527 -3.234857 -0.707001 1.192655 0.000018 -0.000012 6.424532 -0.000022 0.000024 -6.424525 -0.266757 0.190547 1.288260 -0.000818 -0.118842 2.897783 0.035978 -0.328936 4.567631 1.095351 -0.035473 -9.069305 0.000394 0.000364 -0.000006 -0.802204 0.160617 -0.479847 -0.804180 0.123497 -0.482655 -0.000009 0.000031 -6.424554 -0.441699 -0.009862 -1.501700 -0.002938 -0.063687 -1.554588 0.473002 -0.038075 2.761499 -0.000029 0.000367 0.000012 -0.000008 -0.000287 -0.000039 0.028270 0.072122 2.451927 -0.000916 0.100645 2.451938 4.818157 0.470128 -0.811247 -0.003567 0.028593 -0.091693 0.202270 -0.012328 0.163313 0.000003 -0.000006 6.424547 8.519111 0.793346 -0.154493 0.074460 0.018351 -0.838653 -1.665155 0.472890 3.944103 0.901851 -1.725019 -33.831600 -0.000062 -0.000322 -32.027672 -1.014324 1.287868 38.410518 -0.000110 -0.000117 -38.919774 -0.000019 -0.000033 -2.721291 0.000018 -0.000024 0.159844 -0.000193 -0.000145 -60.521131 -23.900790 -11.935528 -2.554915 34.949221 16.671930 -5.206572 -0.000106 -0.000123 -40.914025 0.000033 0.000035 -0.000046 4.364644 4.419563 8.555585 -0.796481 0.112731 -1.572025 -0.438738 0.045493 0.334362 0.024247 -0.030040 11.786629 -2.891490 -0.003472 -1.892181 0.023284 -0.032307 11.715893 14.433849 -1.670692 -9.147335 0.050272 0.015131 11.755982 -1.028438 -1.896393 -10.435160 0.050148 0.014777 11.743105 -0.000046 0.000034 -0.220831 -0.004519 -0.052605 11.750659 0.000062 -0.000010 11.750661 
0.000000 0.000000 0.000000 0.000008 0.000000 -0.000000 -0.000000 0.000000 -0.000000 -0.000003 -2.130800 -0.000006 0.000001 0.000002 -0.000002 -2.975682 2.703872 41.447289 -0.028224 2.970517 4.226883 2.520218 -9.529734 16.089906 12.973581 -27.347692 25.897354 -1.911549 -4.214689 -19.132909 0.033813 0.000983 -0.001681 1.452426 -0.092966 -2.578962 -1.504311 -0.184092 7.680467 -1.301986 -0.147315 6.639468 0.481081 0.341869 -7.221331 0.963253 -0.037978 -4.513751 0.000004 -0.000025 -0.000019 -0.037622 -0.221091 -1.835436 -0.024166 -0.001299 -0.122582 -0.368723 -0.014197 -1.869265 0.436096 0.251378 3.822792 -0.000055 0.000015 0.000038 0.008451 -0.000130 0.038663 0.032172 0.005469 -0.001585 -0.009990 2.124292 0.003168 0.163011 -0.175386 0.016908 0.030291 0.012134 -0.001622 0.000078 -0.000113 -0.000056 -0.000015 -0.069867 0.027952 3.697598 0.523966 -1.165318 -0.602738 -0.145479 0.237526 -3.234853 -0.706997 1.192656 0.000017 -0.000013 6.155372 -0.000020 0.000004 -6.155364 -0.158905 0.118493 1.528373 -0.000984 -0.108557 2.647001 -0.031665 -0.249337 4.304666 1.038863 -0.029433 -8.599901 0.000182 0.000290 -0.000015 -0.802230 0.160617 -0.479849 -0.804181 0.123497 -0.482654 -0.000019 0.000010 -6.155415 -0.330854 -0.004912 -1.271381 -0.003813 -0.077690 -1.896663 0.380017 -0.022333 2.746091 -0.000029 0.000366 0.000012 -0.000042 -0.000225 -0.000033 0.028270 0.072122 2.451927 -0.000916 0.100646 2.451937 4.818125 0.470104 -0.811262 -0.104329 -0.040479 0.113299 0.418877 -0.161995 0.770196 0.000003 -0.000006 6.155412 8.519072 0.793334 -0.154493 0.348703 0.109423 -2.853615 -1.870600 0.650428 5.193206 0.937649 -1.573412 -31.495689 -0.000062 -0.000322 -32.027672 -0.886221 1.189959 35.727449 -0.000107 -0.000115 -38.256566 -0.000019 -0.000033 -2.721286 0.000018 -0.000023 0.159842 -0.000189 -0.000144 -59.484384 -23.900794 -11.935531 -2.554907 34.949221 16.671932 -5.206572 -0.000104 -0.000122 -40.269139 0.000033 0.000035 -0.000046 4.361684 4.423237 8.595666 -1.138822 0.760945 -3.903677 -0.271762 0.028465 0.207114 0.024261 -0.030037 11.786647 -2.173934 -0.011443 -1.422643 0.023342 -0.032299 11.715806 11.578578 -1.123659 -7.565305 0.050287 0.015152 11.755980 -0.749175 -1.569969 -8.378613 0.050161 0.014801 11.743101 -0.000045 0.000034 -0.144913 -0.004518 -0.052605 11.750662 0.000062 -0.000011 11.750659 
0.000000 0.000000 0.000000 0.000008 0.000000 -0.000000 -0.000000 0.000000 -0.000000 -0.000003 -2.130800 -0.000006 0.000001 0.000002 -0.000002 -2.975502 2.703755 41.477037 -0.024169 2.928294 4.237573 1.616307 -6.802739 15.790233 13.217156 -26.418079 27.146662 -2.334633 -10.908491 -11.964702 0.016099 0.000464 -0.000809 1.509981 -0.076393 -2.647004 -1.528612 -0.188764 7.805681 -1.370325 -0.159303 6.990726 0.712088 0.309302 -8.603848 0.761545 -0.023728 -3.567317 0.000004 -0.000025 -0.000019 0.130436 -0.164603 -1.256467 -0.086750 -0.004421 -0.439977 -0.564156 -0.016834 -2.859340 0.517206 0.208667 4.558880 -0.000055 0.000026 0.000038 0.008451 -0.000129 0.038663 0.015893 0.002706 -0.000782 -0.006647 2.126434 0.002107 0.163011 -0.175386 0.016907 0.014958 0.005987 -0.000817 0.000078 -0.000113 -0.000057 0.000006 -0.125903 0.027952 3.697589 0.523972 -1.165275 -0.602742 -0.145481 0.237529 -3.234846 -0.707002 1.192657 0.000018 -0.000013 5.406483 -0.000035 0.000025 -5.406448 -0.052291 0.043961 1.767957 -0.001109 -0.097914 2.387488 -0.100693 -0.169646 4.048814 0.981848 -0.023748 -8.125844 0.000374 0.000366 0.000003 -0.802258 0.160618 -0.479851 -0.804181 0.123498 -0.482654 0.000026 0.000016 -5.406504 -0.225865 -0.001867 -1.043710 -0.005065 -0.095730 -2.337514 0.292952 -0.001534 2.900666 -0.000029 0.000367 0.000012 -0.000110 -0.000287 -0.000033 0.028270 0.072122 2.451926 -0.000916 0.100647 2.451937 4.818088 0.470102 -0.811265 -0.220932 -0.090642 0.253658 0.639225 -0.310805 1.383673 0.000004 -0.000005 5.406493 8.519035 0.793295 -0.154499 0.805306 0.156868 -2.880897 -2.081983 0.825117 6.455354 0.785764 -1.163867 -27.823300 -0.000062 -0.000322 -32.027672 -0.624940 0.905104 31.814977 -0.000103 -0.000113 -37.173069 -0.000019 -0.000034 -2.721290 0.000017 -0.000024 0.159840 -0.000182 -0.000143 -57.800476 -23.900794 -11.935528 -2.554915 34.949217 16.671928 -5.206576 -0.000100 -0.000120 -39.212502 0.000033 0.000035 -0.000046 4.358700 4.426914 8.636130 -2.123571 1.001513 -5.895739 -0.103178 0.010886 0.078644 0.024293 -0.030027 11.786690 -1.449248 -0.013640 -0.948393 0.023225 -0.032326 11.715984 7.736363 -0.579424 -5.070655 0.050323 0.015196 11.755989 -0.473969 -1.059020 -5.583011 0.050184 0.014848 11.743089 -0.000045 0.000035 -0.068206 -0.004519 -0.052605 11.750663 0.000062 -0.000010 11.750654 
0.000000 0.000000 0.000000 0.000008 0.000000 -0.000000 -0.000000 0.000000 -0.000000 -0.000003 -2.130800 -0.000006 0.000001 0.000002 -0.000002 -2.975335 2.703645 41.507090 0.032339 2.392566 4.247401 0.673807 -3.889235 15.318548 11.747675 -23.859521 26.668467 -0.955526 -18.987161 -4.165411 0.004381 0.000109 -0.000234 1.577229 -0.060044 -2.738420 -1.560186 -0.194914 7.968567 -1.430702 -0.170250 7.301345 0.925988 0.272785 -9.917476 0.557956 -0.012735 -2.612998 0.000004 -0.000024 -0.000019 0.299276 -0.112151 -0.713568 -0.140662 -0.006831 -0.713339 -0.761489 -0.016070 -3.858962 0.588373 0.172635 5.277356 -0.000055 0.000047 0.000038 0.008451 -0.000131 0.038663 0.004337 0.000752 -0.000205 -0.003249 2.128603 0.001037 0.163011 -0.175386 0.016907 0.004074 0.001633 -0.000242 0.000078 -0.000113 -0.000057 0.000040 -0.181913 0.027952 3.697536 0.523973 -1.165282 -0.602742 -0.145479 0.237528 -3.234846 -0.707001 1.192656 0.000018 -0.000014 4.213942 -0.000046 0.000042 -4.213937 0.050028 -0.035483 2.000794 -0.001186 -0.086871 2.118253 -0.171233 -0.088418 3.807688 0.924165 -0.018506 -7.647140 0.000182 0.000290 -0.000015 -0.802313 0.160617 -0.479855 -0.804181 0.123498 -0.482654 0.000001 0.000024 -4.213966 -0.126697 -0.003652 -0.812771 -0.006616 -0.115737 -2.826753 0.206300 0.022946 3.117696 -0.000029 0.000367 0.000012 -0.000047 -0.000349 -0.000033 0.028270 0.072122 2.451927 -0.000916 0.100646 2.451938 4.818017 0.470104 -0.811233 -0.396080 -0.109214 0.279946 0.280285 -0.561430 2.162631 0.000003 -0.000006 4.213996 8.518966 0.793248 -0.154449 1.728057 0.322023 -5.588284 -3.633778 1.043693 8.886456 0.436353 -0.548871 -22.785064 -0.000062 -0.000322 -32.027672 -0.286935 0.459244 26.587975 -0.000097 -0.000110 -35.662620 -0.000019 -0.000034 -2.721293 0.000018 -0.000023 0.159844 -0.000172 -0.000142 -55.450611 -23.900794 -11.935529 -2.554910 34.949217 16.671932 -5.206574 -0.000095 -0.000117 -37.738612 0.000033 0.000035 -0.000046 4.355712 4.430627 8.676649 -1.823079 2.128271 -9.241861 -0.051067 0.005364 0.038947 0.024359 -0.030012 11.786775 -0.717488 -0.009842 -0.469496 0.023241 -0.032329 11.715963 3.601738 -0.197409 -2.303473 0.050373 0.015288 11.756012 -0.228025 -0.485468 -2.590440 0.050235 0.014941 11.743066 -0.000045 0.000035 -0.018587 -0.004518 -0.052605 11.750663 0.000062 -0.000011 11.750659 
0.000000 0.000000 0.000000 0.000008 0.000000 -0.000000 -0.000000 0.000000 -0.000000 -0.000003 -2.130800 -0.000006 0.000001 0.000002 -0.000002 -2.975149 2.703484 41.536566 0.138359 1.392754 4.257596 -0.247932 -0.868749 14.699614 8.931238 -19.695785 24.749628 3.036040 -27.760300 4.673557 -0.000004 -0.000000 -0.000047 1.654114 -0.045521 -2.847570 -1.597405 -0.202288 8.160584 -1.472993 -0.178129 7.519143 1.087400 0.232431 -11.010145 0.389592 -0.006210 -1.824327 0.000004 -0.000026 -0.000019 0.464838 -0.067923 -0.232973 -0.183885 -0.008579 -0.932457 -0.950443 -0.012118 -4.816363 0.658596 0.138167 5.981913 -0.000055 0.000089 0.000038 0.008451 -0.000130 0.038663 0.000010 0.000009 0.000004 0.000073 2.130713 -0.000020 0.163011 -0.175386 0.016908 0.000000 0.000004 -0.000031 0.000078 -0.000112 -0.000056 0.000116 -0.335948 0.027953 3.697475 0.523958 -1.165263 -0.602737 -0.145480 0.237527 -3.234856 -0.707002 1.192656 0.000018 -0.000015 3.044586 -0.000051 0.000004 -3.044577 0.142986 -0.118792 2.214013 -0.001213 -0.075759 1.847319 -0.241576 -0.007566 3.594434 0.867560 -0.013833 -7.177726 0.000182 0.000291 -0.000015 -0.802422 0.160618 -0.479863 -0.804181 0.123498 -0.482654 -0.000016 0.000009 -3.044600 -0.035894 -0.013031 -0.580406 -0.008269 -0.134964 -3.297217 0.117193 0.049182 3.282407 -0.000029 0.000366 0.000012 -0.000110 -0.000287 -0.000033 0.028270 0.072122 2.451927 -0.000916 0.100647 2.451938 4.818182 0.470119 -0.811248 -0.501368 -0.120244 0.294774 -0.068364 -0.811845 2.924994 0.000004 -0.000005 3.044629 8.519081 0.793373 -0.154461 2.377430 0.488923 -9.184853 -4.893740 1.163037 10.508507 0.000013 -0.000049 -17.839831 -0.000062 -0.000322 -32.027672 -0.014918 0.044277 21.443193 -0.000092 -0.000106 -34.167427 -0.000020 -0.000033 -2.721288 0.000017 -0.000023 0.159844 -0.000163 -0.000139 -53.146341 -23.900790 -11.935528 -2.554910 34.949252 16.671925 -5.206592 -0.000090 -0.000114 -36.273803 0.000033 0.000035 -0.000050 4.355307 4.431004 8.681217 -0.553873 3.165619 -11.678199 0.000034 -0.000053 0.000004 0.024227 -0.030003 11.786599 0.000046 -0.000030 0.000005 0.023256 -0.032317 11.715936 0.000041 -0.000032 0.000046 0.050274 0.015099 11.755976 -0.000034 0.000009 0.000037 0.050132 0.014754 11.743108 -0.000044 0.000036 -0.000029 -0.004501 -0.052626 11.750662 0.000062 -0.000010 11.750664 
