HIERARCHY
ROOT Hips
{
	OFFSET -21.699400 33.110794 0.000000
	CHANNELS 6 Xposition Yposition Zposition Xrotation Yrotation Zrotation
	JOINT Bip01_Pelvis
	{
		OFFSET 0.000000 0.000000 -0.000000
		CHANNELS 3 Xrotation Yrotation Zrotation
		JOINT BN_Tail_01
		{
			OFFSET -6.267597 2.101337 0.000003
			CHANNELS 3 Xrotation Yrotation Zrotation
			JOINT BN_Tail_02
			{
				OFFSET -13.503519 -3.535381 0.000036
				CHANNELS 3 Xrotation Yrotation Zrotation
				JOINT BN_Tail_03
				{
					OFFSET -10.376980 -2.089394 0.000024
					CHANNELS 3 Xrotation Yrotation Zrotation
					JOINT BN_Tail_04
					{
						OFFSET -10.377483 -2.298637 0.000021
						CHANNELS 3 Xrotation Yrotation Zrotation
						End Site
						{
							OFFSET 2.298733 -10.377460 -0.000075
						}
					}
				}
			}
		}
		JOINT Bip01_Spine
		{
			OFFSET 6.414534 3.071911 -0.000026
			CHANNELS 3 Xrotation Yrotation Zrotation
			JOINT Bip01_R_Thigh
			{
				OFFSET -6.414526 -3.071896 5.427406
				CHANNELS 3 Xrotation Yrotation Zrotation
				JOINT Bip01_R_Calf
				{
					OFFSET -0.354433 -13.652294 -0.244455
					CHANNELS 3 Xrotation Yrotation Zrotation
					JOINT Bip01_R_HorseLink
					{
						OFFSET -4.871281 -7.637997 -0.538493
						CHANNELS 3 Xrotation Yrotation Zrotation
						JOINT Bip01_R_Foot
						{
							OFFSET 0.440022 -8.126162 -0.089540
							CHANNELS 3 Xrotation Yrotation Zrotation
							JOINT Bip01_R_Toe0
							{
								OFFSET 6.340572 -3.684492 0.585200
								CHANNELS 3 Xrotation Yrotation Zrotation
								JOINT Bip01_R_Toe0Nub
								{
									OFFSET 0.835005 0.014946 0.077900
									CHANNELS 3 Xrotation Yrotation Zrotation
									End Site
									{
										OFFSET -0.015009 0.838629 -0.000001
									}
								}
							}
						}
					}
				}
			}
			JOINT Bip01_L_Thigh
			{
				OFFSET -6.414551 -3.071918 -5.427347
				CHANNELS 3 Xrotation Yrotation Zrotation
				JOINT Bip01_L_Calf
				{
					OFFSET -0.354425 -13.652296 0.244489
					CHANNELS 3 Xrotation Yrotation Zrotation
					JOINT Bip01_L_HorseLink
					{
						OFFSET -4.871290 -7.637988 0.538531
						CHANNELS 3 Xrotation Yrotation Zrotation
						JOINT Bip01_L_Foot
						{
							OFFSET 0.440018 -8.126154 0.089561
							CHANNELS 3 Xrotation Yrotation Zrotation
							JOINT Bip01_L_Toe0
							{
								OFFSET 6.340565 -3.684505 -0.585207
								CHANNELS 3 Xrotation Yrotation Zrotation
								JOINT Bip01_L_Toe0Nub
								{
									OFFSET 0.835007 0.014945 -0.077903
									CHANNELS 3 Xrotation Yrotation Zrotation
									End Site
									{
										OFFSET 0.015009 -0.838632 0.000002
									}
								}
							}
						}
					}
				}
			}
			JOINT Bip01_Spine1
			{
				OFFSET 12.170003 0.000874 -0.000022
				CHANNELS 3 Xrotation Yrotation Zrotation
				JOINT Bip01_Spine2
				{
					OFFSET 13.264889 -0.625374 -0.000025
					CHANNELS 3 Xrotation Yrotation Zrotation
					JOINT Bip01_Neck
					{
						OFFSET 11.255137 3.040993 -0.000026
						CHANNELS 3 Xrotation Yrotation Zrotation
						JOINT Bip01_R_Clavicle
						{
							OFFSET -7.911091 0.784874 1.177936
							CHANNELS 3 Xrotation Yrotation Zrotation
							JOINT Bip01_R_UpperArm
							{
								OFFSET 6.724497 -10.472103 4.564085
								CHANNELS 3 Xrotation Yrotation Zrotation
								JOINT Bip01_R_Forearm
								{
									OFFSET -5.175943 -11.735615 -1.276544
									CHANNELS 3 Xrotation Yrotation Zrotation
									JOINT Bip01_R_Hand
									{
										OFFSET 1.157803 -11.170619 -0.845372
										CHANNELS 3 Xrotation Yrotation Zrotation
										JOINT Bip01_R_Finger0
										{
											OFFSET 1.160215 -3.813930 -0.043723
											CHANNELS 3 Xrotation Yrotation Zrotation
											JOINT Bip01_R_Finger0Nub
											{
												OFFSET 6.392904 0.010766 1.539281
												CHANNELS 3 Xrotation Yrotation Zrotation
												End Site
												{
													OFFSET -1.539301 0.009228 6.392900
												}
											}
										}
									}
								}
							}
						}
						JOINT Bip01_L_Clavicle
						{
							OFFSET -7.911097 0.784866 -1.177909
							CHANNELS 3 Xrotation Yrotation Zrotation
							JOINT Bip01_L_UpperArm
							{
								OFFSET 6.724487 -10.472111 -4.564073
								CHANNELS 3 Xrotation Yrotation Zrotation
								JOINT Bip01_L_Forearm
								{
									OFFSET -5.175933 -11.735605 1.276591
									CHANNELS 3 Xrotation Yrotation Zrotation
									JOINT Bip01_L_Hand
									{
										OFFSET 1.157809 -11.170620 0.845402
										CHANNELS 3 Xrotation Yrotation Zrotation
										JOINT Bip01_L_Finger0
										{
											OFFSET 1.160225 -3.813934 0.043731
											CHANNELS 3 Xrotation Yrotation Zrotation
											JOINT Bip01_L_Finger0Nub
											{
												OFFSET 6.392891 0.010768 -1.539303
												CHANNELS 3 Xrotation Yrotation Zrotation
												End Site
												{
													OFFSET 1.539320 -0.009209 6.392887
												}
											}
										}
									}
								}
							}
						}
						JOINT Bip01_Neck1
						{
							OFFSET 4.062487 1.040154 -0.000009
							CHANNELS 3 Xrotation Yrotation Zrotation
							JOINT Bip01_Head
							{
								OFFSET 4.038336 1.104565 -0.000007
								CHANNELS 3 Xrotation Yrotation Zrotation
								JOINT BN_Eye_R_01
								{
									OFFSET 7.606293 0.288517 2.553589
									CHANNELS 3 Xrotation Yrotation Zrotation
									End Site
									{
										OFFSET -4.288883 6.414886 -3.071564
									}
								}
								JOINT BN_Eye_L_01
								{
									OFFSET 7.606293 0.288506 -2.553737
									CHANNELS 3 Xrotation Yrotation Zrotation
									End Site
									{
										OFFSET 4.288876 -6.414898 -3.071546
									}
								}
								JOINT BN_Ear_R_01
								{
									OFFSET 3.540665 2.802040 4.456320
									CHANNELS 3 Xrotation Yrotation Zrotation
									End Site
									{
										OFFSET -5.134806 -3.798656 5.308839
									}
								}
								JOINT BN_Ear_L_01
								{
									OFFSET 3.540634 2.802013 -4.456186
									CHANNELS 3 Xrotation Yrotation Zrotation
									End Site
									{
										OFFSET 5.134834 3.798668 5.308802
									}
								}
								JOINT BN_Beard_L_01
								{
									OFFSET 10.417686 -4.495251 -2.320558
									CHANNELS 3 Xrotation Yrotation Zrotation
									End Site
									{
										OFFSET 0.000004 8.299625 0.309834
									}
								}
								JOINT BN_Beard_R_01
								{
									OFFSET 10.417683 -4.495232 2.320337
									CHANNELS 3 Xrotation Yrotation Zrotation
									End Site
									{
										OFFSET 0.000027 -8.299625 0.309875
									}
								}
								JOINT BN_Mouth_0
								{
									OFFSET 0.528744 -1.771828 -0.000001
									CHANNELS 3 Xrotation Yrotation Zrotation
									JOINT BN_Tongue_01
									{
										OFFSET 5.415756 -2.844566 0.000003
										CHANNELS 3 Xrotation Yrotation Zrotation
										JOINT BN_Tongue_02
										{
											OFFSET 1.708946 -1.094620 -0.000000
											CHANNELS 3 Xrotation Yrotation Zrotation
											End Site
											{
												OFFSET 0.586235 1.942940 -0.000006
											}
										}
									}
								}
								JOINT Bip01_HeadNub
								{
									OFFSET 11.127171 -6.094509 -0.000016
									CHANNELS 3 Xrotation Yrotation Zrotation
									End Site
									{
										OFFSET -3.989738 -7.284351 0.000036
									}
								}
							}
						}
					}
				}
			}
		}
	}
}
MOTION
Frames: 117
Frame Time: 0.033333
-22.732841 26.473055 -0.000000 0.148074 -3.063469 3.870052 0.152353 -3.829548 1.386219 3.958587 -1.672346 19.448236 -2.045455 -5.529851 -29.456960 4.093161 5.560983 -30.991601 9.107843 20.581259 -32.800085 -1.184518 -0.628771 -23.474197 -8.190783 2.286503 18.986531 3.942679 -0.950708 -47.770142 -2.078421 -0.899377 26.128154 4.304649 4.743051 21.374652 0.000349 -0.000323 -0.003790 -0.000000 0.000000 0.000000 2.902751 14.831276 67.470863 -4.894072 1.907120 -63.227888 2.212850 1.002275 28.061941 -4.634227 0.276352 -14.868926 0.047042 -2.645969 -0.001853 0.003744 0.000048 0.039398 -0.442210 4.077987 11.349970 -2.001474 4.277435 -1.598528 1.378539 -1.119889 3.296061 -11.489822 -3.219479 -11.446519 5.683679 7.433080 -39.114349 0.560549 -7.599391 81.518280 -5.840465 0.633014 13.985557 17.511396 -0.921628 -41.970758 -0.000094 0.039574 -0.000080 14.794248 3.052627 -4.387873 11.083915 -5.451684 52.401782 1.133953 3.042743 32.221984 5.455817 14.191687 -17.226623 -17.317555 5.260400 -59.347159 -0.000009 -0.000006 0.000004 0.788119 1.316970 -10.666818 -1.441572 -0.184620 29.989329 -0.019228 0.002017 -0.003387 -0.002258 -0.003443 -0.001098 0.003748 0.000855 0.000325 0.003049 0.003026 -0.004137 -0.898001 -0.504258 1.997125 2.965654 -1.125521 0.072937 -0.033405 0.015055 -7.995720 0.000038 0.000028 -0.000046 0.031777 -0.014641 -0.003477 -0.000008 0.000007 -0.000019 
-23.254841 26.161022 0.095634 0.137450 -2.978691 4.146794 0.152689 -3.814860 0.926003 3.938875 -1.608636 19.414599 -2.097418 -5.683835 -28.903462 4.005322 5.190188 -30.259142 9.072370 20.470360 -32.692356 -1.218268 -0.729641 -22.852181 -8.030409 2.258827 20.766343 4.234903 -1.192470 -52.105498 -2.239046 -1.023145 28.445921 4.042848 4.728647 21.139736 0.000113 -0.000328 0.020287 -0.000000 -0.000000 0.000000 3.049127 15.165223 69.269743 -4.954024 1.988003 -64.377695 2.170978 0.969457 27.453935 -4.722889 0.194316 -15.407396 0.047627 -2.645958 0.012373 0.003744 0.000048 0.039398 -0.436742 4.049955 10.752923 -2.015950 4.281283 -1.687156 1.377914 -1.068522 3.657340 -11.601385 -3.228278 -11.882312 6.341346 7.507351 -38.250794 0.747970 -7.777232 84.063632 -6.203878 1.585671 11.525966 17.694495 -1.030013 -42.544060 -0.000094 0.039574 -0.000080 14.928758 2.923084 -4.738258 11.265500 -4.608351 55.040612 1.110613 2.801227 29.845229 5.034851 14.425981 -16.812029 -17.408846 5.359747 -59.761683 -0.000009 -0.000007 0.000004 0.776261 1.417713 -10.143328 -1.413272 -0.139222 30.279397 -0.019225 0.002018 -0.003392 -0.002257 -0.003443 -0.001101 0.146497 0.373604 -0.500538 -0.041704 -0.326275 -0.496339 -1.063608 -0.448710 1.997665 2.644814 -0.616317 0.001621 0.028617 -0.020518 -7.910646 0.000038 0.000028 -0.000046 0.031777 -0.014641 -0.003475 -0.000008 0.000007 -0.000020 
-23.764977 25.847031 0.201917 0.127924 -2.888307 4.384882 0.148042 -3.734259 -0.133568 3.853567 -1.461174 19.307517 -2.171689 -5.957596 -27.472184 3.756378 4.237894 -28.363797 9.037825 20.361547 -32.586839 -1.262210 -0.944885 -21.189815 -7.788835 2.354209 21.958034 4.491116 -1.438114 -56.161760 -2.393745 -1.152613 30.751369 3.760707 4.685937 20.827562 -0.000113 -0.000333 0.043919 -0.000000 0.000000 0.000000 3.344657 15.518777 70.582827 -5.006189 2.061243 -65.404580 2.127765 0.936330 26.831654 -4.843557 0.124067 -16.002459 0.048213 -2.645948 0.026318 0.003744 0.000048 0.039398 -0.417583 3.942246 9.314145 -2.026046 4.238094 -1.830322 1.359140 -0.940706 4.433763 -11.700327 -3.225046 -12.717128 7.293229 7.738219 -36.845913 0.974960 -7.972742 87.015101 -6.682761 2.881291 8.774425 17.885820 -1.162921 -43.221560 -0.000094 0.039573 -0.000080 15.034681 2.604513 -5.461281 11.545531 -3.059291 58.041397 1.080547 2.581601 27.674204 4.233117 14.673336 -16.672330 -17.446974 5.403165 -59.954034 -0.000009 -0.000007 0.000004 0.729998 1.611286 -8.840911 -1.305911 0.000915 30.540668 -0.019236 0.002007 -0.003428 -0.002254 -0.003442 -0.001092 0.530855 1.298206 -1.798760 -0.207843 -1.189893 -1.781043 -0.252035 -0.797231 1.967594 2.328039 -0.119009 -0.064815 0.022978 -0.016402 -7.679055 0.000039 0.000028 -0.000050 0.031777 -0.014641 -0.003473 -0.000008 0.000007 -0.000022 
-24.279278 25.525837 0.315628 0.116398 -2.795936 4.615138 0.136870 -3.589582 -1.617888 3.716843 -1.246539 19.110164 -2.246525 -6.337187 -25.380670 3.492483 2.831130 -25.595178 9.003185 20.251605 -32.480456 -1.303764 -1.262995 -18.711909 -7.480923 2.543722 22.672381 4.723186 -1.691080 -60.064123 -2.545774 -1.290711 33.098380 3.464181 4.610662 20.433189 -0.000329 -0.000340 0.067743 0.000000 0.000000 0.000000 3.764888 15.876732 71.503324 -5.051325 2.126936 -66.314833 2.081344 0.901564 26.168784 -4.974909 0.061332 -16.667169 0.048785 -2.645937 0.040400 0.003744 0.000049 0.039398 -0.389580 3.761968 7.185757 -2.031077 4.157838 -2.077744 1.323975 -0.758666 5.505572 -11.795193 -3.210456 -13.849780 8.513173 8.172970 -34.727270 1.231436 -8.170680 90.206814 -7.238112 4.563303 5.663356 18.089059 -1.323736 -44.015771 -0.000094 0.039574 -0.000080 15.104521 2.148197 -6.446634 11.782812 -0.893636 61.520777 1.038168 2.342975 25.300851 3.089965 14.897431 -16.500702 -17.485329 5.447140 -60.148265 -0.000009 -0.000008 0.000004 0.655087 1.902710 -6.966305 -1.139361 0.189839 30.790486 -0.019230 0.002022 -0.003405 -0.002257 -0.003442 -0.001098 1.276601 2.691818 -3.849364 -0.596224 -2.537160 -3.807520 0.567614 -1.149335 1.942470 2.009932 0.384718 -0.130199 0.016281 -0.011564 -7.315628 0.000038 0.000028 -0.000050 0.031777 -0.014641 -0.003471 -0.000008 0.000006 -0.000026 
-24.798634 25.201534 0.430391 0.104400 -2.702688 4.847604 0.131680 -3.391001 -3.339517 3.544774 -0.982744 18.805951 -2.301544 -6.790435 -22.871437 3.352519 1.116306 -22.274263 8.967021 20.137119 -32.372136 -1.316783 -1.661816 -15.685529 -7.126977 2.797282 22.972440 4.924832 -1.948517 -63.817927 -2.694750 -1.437714 35.489718 3.166162 4.509166 19.951247 -0.000542 -0.000346 0.091822 -0.000000 -0.000000 0.000000 4.278435 16.211193 72.073987 -5.088163 2.182260 -67.073851 2.031025 0.864802 25.456479 -5.127274 -0.012888 -17.414621 0.049396 -2.645926 0.054618 0.003744 0.000049 0.039398 -0.366018 3.517569 4.544318 -2.029830 4.036743 -2.472315 1.271353 -0.533782 6.733920 -11.875875 -3.196343 -15.130923 9.917897 8.872924 -31.727257 1.497207 -8.353151 93.382531 -7.798898 6.625702 2.180216 18.303082 -1.514177 -44.914125 -0.000094 0.039575 -0.000080 15.163642 1.605548 -7.572337 11.845792 1.737920 65.548226 0.971267 2.047078 22.330260 1.672605 15.084089 -15.983686 -17.525046 5.523419 -60.517546 -0.000009 -0.000007 0.000004 0.546578 2.232633 -4.714878 -0.929250 0.439926 31.063939 -0.019252 0.002029 -0.003412 -0.002254 -0.003441 -0.001098 2.083148 4.071793 -5.943344 -1.038698 -3.883842 -5.867938 2.007261 -1.967708 1.891633 1.689602 0.893952 -0.192754 0.028417 -0.019955 -6.838783 0.000038 0.000028 -0.000046 0.031777 -0.014641 -0.003477 -0.000008 0.000007 -0.000022 
-25.308769 24.887535 0.536674 0.093826 -2.612449 5.088986 0.123014 -3.137898 -5.059657 3.360226 -0.697096 18.393179 -2.314135 -7.266058 -20.284205 3.414755 -0.669465 -18.843155 8.790905 19.683989 -32.163053 -1.293557 -2.106611 -12.473180 -6.760204 3.076006 22.935760 5.102306 -2.200313 -67.318693 -2.834757 -1.587774 37.834412 2.884432 4.391293 19.395231 -0.000744 -0.000354 0.115449 -0.000000 -0.000001 0.000000 4.830886 16.487836 72.340016 -5.115152 2.223823 -67.639766 1.979148 0.827911 24.728893 -5.252008 -0.069944 -18.223558 0.049982 -2.645913 0.068563 0.003744 0.000049 0.039398 -0.356921 3.231949 1.674496 -2.022234 3.893908 -3.045682 1.209602 -0.294667 7.939709 -11.943784 -3.195265 -16.388919 11.318172 9.901887 -27.835710 1.741564 -8.502751 96.204451 -8.283719 8.920029 -1.536657 18.518135 -1.719212 -45.878582 -0.000094 0.039575 -0.000079 15.215206 1.051047 -8.675345 11.662518 4.546987 70.070105 0.862506 1.671256 18.499147 0.124246 15.224113 -14.836382 -17.607203 5.678276 -61.239059 -0.000009 -0.000007 0.000004 0.420382 2.569598 -2.385740 -0.712246 0.712928 31.344879 -0.019267 0.002048 -0.003414 -0.002255 -0.003441 -0.001098 3.178999 5.438334 -8.209928 -1.720270 -5.271574 -8.111849 3.418760 -2.771887 1.861589 1.375476 1.393658 -0.251397 0.023120 -0.016086 -6.286531 0.000038 0.000028 -0.000051 0.031777 -0.014641 -0.003473 -0.000008 0.000006 -0.000026 
-25.825714 24.578613 0.631256 0.083616 -2.526344 5.360314 0.119623 -2.841515 -6.626776 3.175784 -0.402020 17.845626 -2.288557 -7.724657 -17.800629 3.679014 -2.398036 -15.528329 8.615320 19.225755 -31.953975 -1.228055 -2.584719 -9.262568 -6.395779 3.361406 22.639278 5.251915 -2.450062 -70.660254 -2.968976 -1.743990 40.187136 2.635121 4.255395 18.746574 -0.001484 -0.000368 0.118536 -0.000000 0.000000 0.000000 5.397412 16.690815 72.363150 -5.133095 2.251962 -68.020877 1.923409 0.789355 23.954194 -5.359063 -0.128351 -19.125751 0.050582 -2.645900 0.082651 0.003744 0.000050 0.039398 -0.371627 2.907653 -1.324944 -2.004215 3.722362 -3.856865 1.137909 -0.053598 9.018233 -11.985377 -3.222371 -17.508606 12.566590 11.296276 -22.902225 1.945030 -8.615187 98.493636 -8.649466 11.364487 -5.519848 18.737736 -1.949793 -46.918410 -0.000094 0.039573 -0.000080 15.263171 0.528286 -9.651290 11.226928 7.408291 75.316052 0.673866 1.171232 13.264911 -1.508143 15.344592 -12.688658 -17.753951 5.954156 -62.522930 -0.000009 -0.000007 0.000004 0.278373 2.893168 -0.139488 -0.511879 1.021807 31.669992 -0.019317 0.002069 -0.003414 -0.002256 -0.003440 -0.001101 4.342502 6.773469 -10.531125 -2.464945 -6.644972 -10.400507 4.845091 -3.584140 1.851538 1.058929 1.898589 -0.307970 0.051350 -0.035986 -5.653869 0.000038 0.000028 -0.000046 0.031777 -0.014641 -0.003475 -0.000008 0.000006 -0.000022 
-26.350441 24.279224 0.707198 0.074375 -2.449448 5.681891 0.107997 -2.499034 -7.834081 3.008044 -0.112895 17.144478 -2.238098 -8.121113 -15.691595 4.067626 -3.893336 -12.691909 8.438882 18.758519 -31.745111 -1.122742 -3.063097 -6.332304 -6.063735 3.629933 22.158495 5.385628 -2.695290 -73.834666 -3.096364 -1.905095 42.533050 2.424530 4.109356 18.003313 -0.002230 -0.000381 0.121635 -0.000000 0.000000 0.000000 5.934759 16.796608 72.191664 -5.141114 2.264689 -68.192725 1.866598 0.751190 23.171839 -5.412245 -0.164811 -20.122210 0.051208 -2.645887 0.096717 0.003744 0.000050 0.039398 -0.411350 2.554983 -4.253818 -1.979594 3.536078 -4.955172 1.063333 0.167474 9.820014 -12.006800 -3.285745 -18.348431 13.396334 12.986125 -16.972597 2.080403 -8.684278 99.990090 -8.872722 13.709120 -9.589094 18.961198 -2.200824 -48.028873 -0.000094 0.039573 -0.000080 15.291684 0.096524 -10.361180 11.048984 9.691604 73.348971 0.964762 2.021626 22.073076 -1.726032 15.071873 -17.258981 -18.117191 6.720156 -65.996949 -0.000009 -0.000007 0.000004 0.138224 3.171643 1.786486 -0.371804 1.359157 32.044700 -0.019420 0.002112 -0.003431 -0.002257 -0.003442 -0.001104 5.428210 7.762381 -12.443225 -3.213426 -7.710631 -12.292501 6.238828 -4.835937 1.860300 0.739716 2.408747 -0.362110 0.034993 -0.024096 -4.975897 0.000039 0.000028 -0.000051 0.031777 -0.014641 -0.003478 -0.000008 0.000007 -0.000024 
-26.868446 24.001698 0.756658 0.063972 -2.381485 6.051531 0.085091 -2.121043 -8.463777 2.879057 0.137949 16.300265 -2.191343 -8.394965 -14.258354 4.416273 -4.964608 -10.745349 8.127357 17.909239 -31.560436 -0.986117 -3.510557 -4.033677 -5.802720 3.855063 21.593565 5.490976 -2.926359 -76.749169 -3.215061 -2.060650 44.764322 2.284874 3.955869 17.191487 -0.002963 -0.000396 0.124702 -0.000000 0.000000 0.000000 6.383589 16.788936 71.889223 -5.139134 2.261527 -68.150036 1.810245 0.714425 22.402640 -5.422199 -0.198548 -21.195918 0.051103 -2.645889 0.094139 0.003744 0.000050 0.039398 -0.478145 2.198751 -6.843968 -1.943113 3.341504 -6.344567 1.002873 0.344520 10.188807 -12.001006 -3.394855 -18.749455 13.556593 14.735602 -10.442023 2.126423 -8.706766 100.494349 -8.953719 15.601055 -13.333430 19.181475 -2.465473 -49.177796 -0.000094 0.039574 -0.000080 15.296690 -0.183893 -10.665717 11.067055 11.463592 67.698752 1.150574 3.507893 36.783509 -1.411139 14.881526 -23.934952 -18.536652 7.814883 -70.835755 -0.000008 -0.000007 0.000005 0.022300 3.376822 3.126670 -0.344043 1.714476 32.481863 -0.019232 0.002006 -0.003418 -0.002257 -0.003443 -0.001098 6.215286 8.385499 -13.743836 -3.770014 -8.407723 -13.585931 7.607770 -6.063807 1.898641 0.426988 2.909268 -0.412498 0.018819 -0.012604 -4.311076 0.000038 0.000028 -0.000055 0.031777 -0.014641 -0.003477 -0.000008 0.000007 -0.000022 
-27.395988 23.741873 0.774725 0.057973 -2.330043 6.498590 0.039311 -1.702254 -8.340112 2.799813 0.338131 15.273112 -2.170212 -8.495382 -13.717120 4.576296 -5.513495 -9.998340 7.817131 17.050630 -31.379716 -0.834512 -3.906772 -2.569010 -5.639604 4.028036 21.014102 5.581160 -3.146779 -79.469429 -3.316673 -2.220334 46.926429 2.225582 3.791670 16.284670 -0.003708 -0.000410 0.127829 0.000000 0.000000 0.000000 6.712422 16.654621 71.501111 -5.126539 2.241631 -67.881145 1.752839 0.678070 21.625803 -5.352447 -0.202282 -22.377093 0.050973 -2.645891 0.091561 0.003744 0.000049 0.039398 -0.569371 1.844669 -8.979248 -1.901643 3.136657 -8.107472 0.953032 0.473707 9.993837 -11.964861 -3.563528 -18.587042 12.949452 16.257541 -3.477074 2.070879 -8.679564 99.885472 -8.956152 16.811257 -16.441636 19.398547 -2.737183 -50.337319 -0.000094 0.039573 -0.000080 15.291571 -0.261235 -10.443025 11.208959 12.285345 59.410720 0.936564 5.048352 52.086019 -0.862847 14.860557 -28.522349 -18.753632 8.548188 -74.008296 -0.000009 -0.000008 0.000004 -0.053456 3.486164 3.690531 -0.472524 2.084297 32.999673 -0.019234 0.002006 -0.003418 -0.002257 -0.003445 -0.001098 6.524973 8.611635 -14.238670 -3.989094 -8.663362 -14.074367 8.995000 -7.302096 1.967527 0.111540 3.414915 -0.460667 0.024636 -0.016286 -3.634601 0.000039 0.000028 -0.000048 0.031777 -0.014641 -0.003477 -0.000008 0.000007 -0.000026 
-27.963024 23.492521 0.746939 0.053509 -2.316129 7.057260 -0.057310 -1.152480 -6.968642 2.796888 0.451054 13.772068 -2.223262 -8.447633 -14.887553 4.252794 -5.818513 -11.568016 6.882938 14.403786 -31.176320 -0.647578 -4.294087 -2.364256 -5.647826 4.119720 20.419592 5.657504 -3.361280 -82.070337 -3.412038 -2.374601 48.997704 2.290033 3.657623 15.265505 -0.004456 -0.000424 0.130942 -0.000000 0.000000 0.000000 6.884201 16.325742 71.023497 -5.100785 2.201586 -67.337448 1.687408 0.637942 20.748283 -5.154593 -0.155985 -23.686654 0.050868 -2.645895 0.088962 0.003744 0.000050 0.039398 -0.664937 1.439922 -10.686207 -1.842876 2.934848 -10.680188 0.924699 0.551207 8.978052 -11.879050 -3.853779 -17.605823 11.416625 17.244382 4.510895 1.916490 -8.600049 98.175568 -8.769474 17.259410 -19.134432 19.613955 -3.024800 -51.545498 -0.000094 0.039576 -0.000080 15.277081 -0.075315 -9.441486 11.055054 11.515542 47.342469 0.359900 6.411146 66.673657 -0.210680 14.602839 -28.102661 -18.727248 8.493870 -73.793500 -0.000009 -0.000008 0.000004 -0.077094 3.492132 3.297074 -1.073244 2.485875 33.857135 -0.019238 0.002008 -0.003430 -0.002255 -0.003439 -0.001097 5.776124 8.326146 -13.502430 -3.176813 -8.434558 -13.288772 10.397297 -8.549940 2.067773 -0.206804 3.925925 -0.506463 0.030505 -0.019903 -2.952038 0.000038 0.000028 -0.000046 0.031777 -0.014641 -0.003475 -0.000008 0.000007 -0.000024 
-28.561100 23.256226 0.673976 0.056326 -2.343487 7.711582 -0.232834 -0.454749 -4.403225 2.862201 0.481426 11.748429 -2.349355 -8.309080 -17.803182 3.410789 -6.159751 -15.516308 5.154706 9.463701 -31.030297 -0.430846 -4.708617 -3.283675 -5.832407 4.144060 19.749219 5.720077 -3.565005 -84.505184 -3.494198 -2.518352 50.888611 2.473976 3.543377 14.174141 -0.005188 -0.000437 0.133981 -0.000000 0.000000 0.000000 6.922990 15.805017 70.376698 -5.061156 2.141543 -66.515886 1.610368 0.592438 19.725288 -4.861526 -0.069412 -25.089761 0.050768 -2.645895 0.086411 0.003744 0.000049 0.039398 -0.755712 0.963009 -12.128850 -1.764424 2.732320 -14.104781 0.904709 0.600891 7.210329 -11.743945 -4.262516 -15.879932 9.167360 17.492333 13.577394 1.668699 -8.459859 95.371810 -8.399268 17.046767 -21.361922 19.819307 -3.311163 -52.729521 -0.000094 0.039573 -0.000080 15.245349 0.339133 -7.720934 9.824501 9.326800 32.849457 -0.305378 7.329707 77.858248 0.015616 13.840348 -20.907815 -18.579653 8.046866 -71.890541 -0.000009 -0.000007 0.000004 -0.062435 3.412975 2.108839 -2.217692 2.822854 35.099803 -0.019231 0.002021 -0.003409 -0.002259 -0.003441 -0.001098 3.954475 7.513613 -11.668777 -1.184621 -7.756082 -11.314692 11.319053 -9.753181 2.169739 -0.518753 4.427151 -0.548637 0.030247 -0.019496 -2.335633 0.000038 0.000028 -0.000046 0.031777 -0.014641 -0.003478 -0.000008 0.000007 -0.000022 
-29.179110 23.034912 0.564915 0.062967 -2.395787 8.451914 -0.489862 0.336016 -1.044821 2.964871 0.468295 9.383169 -2.504520 -8.079885 -21.825395 2.221377 -6.399512 -20.988734 2.916543 3.105827 -31.113854 -0.200226 -5.152834 -4.872861 -6.147272 4.150347 18.947554 5.769552 -3.752985 -86.726279 -3.563288 -2.648498 52.571375 2.802057 3.438182 13.005172 -0.005929 -0.000450 0.137074 0.000000 0.000000 0.000000 6.869305 15.141546 69.454698 -5.008287 2.064251 -65.446483 1.527938 0.545769 18.642192 -4.486651 0.037179 -26.578337 0.050635 -2.645900 0.083820 0.003744 0.000049 0.039398 -0.863295 0.437172 -13.409241 -1.686477 2.499227 -18.135954 0.895395 0.623860 4.880483 -11.548015 -4.753636 -13.589898 6.701703 16.994122 23.136168 1.315300 -8.230615 91.222162 -8.073354 16.268582 -22.507521 20.020676 -3.604611 -53.924562 -0.000094 0.039573 -0.000079 15.191811 0.925672 -5.466972 7.008326 6.673863 18.929646 -0.649361 7.685931 82.737312 -0.428858 12.451950 -7.273503 -18.415650 7.600627 -69.969619 -0.000009 -0.000008 0.000004 -0.017486 3.264333 0.288704 -3.669092 2.964405 36.533145 -0.019262 0.002018 -0.003416 -0.002255 -0.003442 -0.001099 1.582189 5.961384 -8.991106 1.465674 -6.356341 -8.462201 12.256021 -10.966184 2.293129 -0.833629 4.933589 -0.588522 0.024596 -0.015682 -1.777899 0.000039 0.000027 -0.000051 0.031777 -0.014641 -0.003477 -0.000008 0.000007 -0.000022 
-29.787718 22.838268 0.430306 0.071016 -2.443327 9.251455 -0.818779 1.135419 2.638908 3.076677 0.447125 6.914864 -2.629362 -7.757132 -26.244288 0.907721 -6.444143 -27.010420 0.439197 -3.630566 -31.520589 0.024546 -5.616512 -6.662803 -6.540397 4.186334 17.964808 5.806276 -3.916242 -88.638630 -3.618336 -2.759321 53.984552 3.131940 3.325074 11.825471 -0.006678 -0.000465 0.140188 -0.000000 0.000000 0.000000 6.767325 14.394888 68.172337 -4.944277 1.974619 -64.188608 1.448933 0.502942 17.614571 -4.050404 0.143966 -28.111327 0.050533 -2.645901 0.081241 0.003744 0.000049 0.039398 -1.018430 -0.104778 -14.583743 -1.622024 2.214600 -22.425480 0.889330 0.612454 2.220030 -11.312005 -5.271214 -10.964352 4.453137 15.992565 32.460296 0.870845 -7.885596 85.677606 -7.989784 15.079316 -22.124716 20.217799 -3.904982 -55.130060 -0.000094 0.039573 -0.000080 15.308522 1.665977 -2.933065 5.202135 7.941242 26.613156 -0.297608 7.320919 77.742695 0.081361 11.406903 -6.895538 -18.432242 7.648529 -70.179067 -0.000009 -0.000007 0.000004 0.036589 3.055092 -1.974164 -5.128060 2.863709 37.904442 -0.019264 0.002049 -0.003410 -0.002254 -0.003443 -0.001103 -0.731380 4.286204 -6.361917 4.061354 -4.814317 -5.658130 13.204632 -12.184214 2.438103 -0.940214 5.146806 -0.604806 0.018205 -0.011511 -1.302978 0.000038 0.000028 -0.000048 0.031777 -0.014641 -0.003473 -0.000008 0.000007 -0.000027 
-30.341606 22.679935 0.285691 0.075489 -2.463578 10.067117 -1.167266 1.838206 6.063935 3.170143 0.465097 4.651130 -2.662735 -7.350411 -30.217324 -0.260445 -6.331367 -32.435762 -1.881054 -9.551740 -32.160417 0.222697 -6.059891 -8.140896 -6.937797 4.290975 16.776095 5.831067 -4.044068 -90.126839 -3.659483 -2.846936 55.090018 3.539303 3.191452 10.666305 -0.007415 -0.000480 0.143288 -0.000000 0.000001 0.000000 6.653241 13.649120 66.518946 -4.874784 1.881802 -62.864371 1.384711 0.469462 16.786387 -3.619975 0.237173 -29.615280 0.050430 -2.645904 0.078670 0.003744 0.000049 0.039398 -1.234861 -0.621329 -15.683784 -1.591613 1.871567 -26.500147 0.889217 0.574426 -0.460298 -11.051093 -5.755013 -8.317077 2.668025 14.906352 40.800688 0.387494 -7.420131 79.063756 -8.260909 13.681303 -20.155425 20.403411 -4.188278 -56.250289 -0.000094 0.039573 -0.000080 15.552151 2.488202 -0.436280 3.163588 8.749909 33.800462 0.095670 6.822604 71.488318 0.652975 10.401921 -4.539284 -18.464136 7.742475 -70.589172 -0.000009 -0.000007 0.000004 0.091316 2.818250 -4.407658 -6.279887 2.628225 38.942843 -0.019318 0.002070 -0.003411 -0.002255 -0.003444 -0.001098 -2.918060 2.542540 -3.855626 6.524667 -3.181346 -2.984106 13.692292 -12.915366 2.530200 -1.044682 5.355942 -0.620396 0.009059 -0.005691 -0.943118 0.000039 0.000028 -0.000046 0.031777 -0.014641 -0.003473 -0.000008 0.000007 -0.000024 
-30.828341 22.564146 0.138028 0.070590 -2.435299 10.886618 -1.492203 2.410747 8.856039 3.225076 0.594218 2.764182 -2.564081 -6.823596 -33.137633 -1.127778 -6.201732 -36.441231 -3.675656 -13.847344 -32.812369 0.388432 -6.460056 -8.870001 -7.285776 4.506639 15.266576 5.846669 -4.135335 -91.185238 -3.690223 -2.915413 55.947254 3.974654 3.018050 9.545908 -0.008158 -0.000492 0.146381 0.000000 -0.000001 0.000000 6.564208 12.939358 64.398910 -4.801688 1.788791 -61.513367 1.342651 0.448169 16.247258 -3.215847 0.263722 -31.090522 0.050327 -2.645906 0.076091 0.003744 0.000049 0.039398 -1.539215 -1.083064 -16.802668 -1.609043 1.447631 -30.127230 0.885720 0.505514 -2.992933 -10.801042 -6.169064 -5.812093 1.289631 14.082819 48.067607 -0.102451 -6.812659 71.372253 -8.958746 12.102182 -16.643764 20.585239 -4.478016 -57.381130 -0.000094 0.039573 -0.000079 15.674092 3.306806 1.929246 1.429856 9.480066 39.976674 0.466974 6.219531 64.513876 1.057312 9.701540 -1.206829 -18.489857 7.813888 -70.894946 -0.000009 -0.000006 0.000004 0.134866 2.556184 -6.881622 -6.939793 2.463108 39.447884 -0.019417 0.002111 -0.003419 -0.002255 -0.003445 -0.001093 -4.285151 1.036331 -2.027278 8.115381 -1.725937 -1.065827 14.187572 -13.652864 2.630019 -1.150145 5.567097 -0.635658 0.052951 -0.033048 -0.709214 0.000044 0.000036 -0.000051 0.031777 -0.014641 -0.003477 -0.000008 0.000007 -0.000022 
-31.215960 22.501600 -0.001358 0.056377 -2.326104 11.690679 -1.722312 2.797740 10.506842 3.225685 0.855148 1.510721 -2.300992 -6.133532 -34.246008 -1.519594 -6.257199 -37.981073 -4.408237 -15.488934 -33.107160 0.503595 -6.777271 -8.347884 -7.509272 4.871408 13.325208 5.857903 -4.187627 -91.789334 -3.713536 -2.969252 56.617310 4.394108 2.781123 8.497268 -0.008891 -0.000507 0.149325 0.000000 0.000000 0.000000 6.538286 12.323188 61.761104 -4.729815 1.701527 -60.222037 1.331894 0.442794 16.109694 -2.860205 0.213990 -32.497241 0.050221 -2.645908 0.073486 0.003744 0.000048 0.039398 -1.955258 -1.454882 -18.010765 -1.682880 0.926174 -32.933311 0.876505 0.402018 -5.129655 -10.580057 -6.469239 -3.675927 0.222698 13.839416 53.940514 -0.543957 -6.069928 62.861113 -10.053536 10.353039 -11.881890 20.743416 -4.745012 -58.407673 -0.000094 0.039575 -0.000080 15.459846 3.950818 3.990513 0.476050 10.458162 44.388979 0.755152 5.592631 57.724941 1.030450 9.367230 1.883348 -18.479268 7.787786 -70.786489 -0.000009 -0.000008 0.000004 0.163993 2.290077 -9.205129 -6.949020 2.658525 39.159138 -0.019233 0.002007 -0.003415 -0.002255 -0.003443 -0.001101 -4.783173 0.425870 -1.326176 8.696470 -1.134360 -0.328904 14.329513 -13.863176 2.660003 -1.253290 5.772611 -0.650466 0.025955 -0.016190 -0.636643 0.000044 0.000036 -0.000051 0.031777 -0.014641 -0.003473 -0.000008 0.000007 -0.000022 
-31.457897 22.522480 -0.138380 0.013923 -2.085418 12.335247 -1.877615 3.073976 11.318917 3.031808 1.741953 0.819044 -1.885680 -5.140159 -33.508164 -1.485909 -6.950602 -36.672918 -4.307085 -15.389762 -33.006377 0.603656 -7.137423 -6.648251 -7.602297 5.453854 10.668428 5.856186 -4.176334 -91.658755 -3.722557 -2.990586 56.881826 4.811806 2.429790 7.675618 -0.008066 -0.000488 0.135531 -0.000000 0.000000 0.000000 6.539637 11.814955 58.469629 -4.661906 1.622628 -59.032990 1.346588 0.450141 16.297630 -2.542823 0.040448 -33.677586 0.050095 -2.645910 0.070956 0.003744 0.000048 0.039398 -2.658510 -1.639882 -19.709033 -1.848159 0.208039 -34.703385 0.845306 0.141057 -6.952699 -10.515108 -6.088277 -0.640029 0.115202 13.990638 55.263525 -0.665788 -5.808844 60.027418 -7.391727 9.815404 -18.455227 19.545665 -3.990244 -55.257914 -0.000094 0.039575 -0.000080 14.697438 4.458185 5.855737 0.693496 12.163131 46.677608 0.929285 5.074190 52.349657 0.333099 9.279297 3.219752 -18.415653 7.600627 -69.969619 -0.000009 -0.000007 0.000004 0.181932 1.902395 -11.669809 -5.741658 3.830298 37.242194 -0.019237 0.002004 -0.003416 -0.002261 -0.003443 -0.001101 -4.196006 0.798707 -1.706951 8.148831 -1.552588 -0.752277 13.987496 -13.035159 2.542670 -1.009324 5.194873 -0.630415 0.031937 -0.020311 -1.664859 0.000044 0.000036 -0.000048 0.031777 -0.014641 -0.003475 -0.000008 0.000007 -0.000022 
-31.559978 22.638241 -0.290937 -0.056621 -1.703650 12.877022 -2.022460 3.376427 11.975713 2.624793 3.387029 0.373960 -1.378706 -3.742776 -31.683038 -1.142832 -8.313876 -33.423841 -4.205153 -15.289423 -32.904805 0.692505 -7.668740 -4.328931 -7.578500 6.269493 7.070717 5.839311 -4.091025 -90.671786 -3.716035 -2.975128 56.690232 5.279580 1.936575 7.049029 -0.007230 -0.000471 0.121587 -0.000000 0.000000 0.000000 6.530787 11.374442 54.368415 -4.595305 1.548362 -57.893571 1.386224 0.470236 16.805805 -2.202247 -0.252107 -34.683188 0.049990 -2.645913 0.068350 0.003744 0.000049 0.039398 -3.679536 -1.630812 -21.884006 -2.099135 -0.747792 -35.675161 0.790207 -0.299036 -8.705729 -10.633286 -5.446657 2.637026 0.290010 14.879741 55.357522 -0.799529 -5.474581 56.487782 -4.759081 8.757243 -25.353857 17.909152 -3.098938 -50.861810 -0.000094 0.039574 -0.000080 13.208619 4.798987 7.837279 2.239053 14.773474 46.875103 1.026873 4.678363 48.346234 -1.171394 9.240274 2.287194 -18.264761 7.204139 -68.223543 -0.000009 -0.000007 0.000004 0.191448 1.347963 -14.582222 -3.510504 5.953595 33.498509 -0.019229 0.002008 -0.003414 -0.002256 -0.003442 -0.001103 -2.541227 1.778959 -2.774735 6.612455 -2.658547 -1.959729 12.920406 -10.834880 2.241901 -0.259222 3.626917 -0.561678 0.027705 -0.018529 -4.239294 0.000039 0.000028 -0.000050 0.031777 -0.014641 -0.003477 -0.000008 0.000007 -0.000026 
-31.546976 22.829956 -0.453797 -0.136899 -1.264660 13.514471 -2.176298 3.696319 12.493951 2.154433 5.249513 0.112484 -0.907879 -2.041671 -29.268962 -0.475562 -9.864067 -29.307020 -4.102460 -15.187930 -32.802482 0.708202 -8.297104 -1.805885 -7.386840 7.208970 2.745563 5.815145 -3.944940 -88.972469 -3.704522 -2.948232 56.356106 5.746679 1.433594 6.418938 -0.006388 -0.000454 0.107542 -0.000000 0.000000 0.000000 6.560214 11.012054 49.665632 -4.531439 1.479828 -56.823369 1.464243 0.512658 17.830176 -1.906558 -0.625889 -35.701443 0.049886 -2.645916 0.065772 0.003744 0.000048 0.039398 -4.751170 -1.544608 -23.793225 -2.376103 -1.801714 -35.975337 0.730810 -0.744653 -10.243956 -10.757398 -4.808025 5.574381 0.452800 16.307637 54.613332 -0.967569 -4.932346 50.909054 -2.865170 7.186679 -29.568148 16.403792 -2.416402 -47.036327 -0.000095 0.039575 -0.000079 11.161917 4.767400 9.804927 4.860632 17.664783 45.012507 1.098427 4.262225 44.202194 -3.333736 9.124682 0.635289 -18.026447 6.642199 -65.727115 -0.000009 -0.000007 0.000004 0.167490 0.804425 -17.564672 -1.205542 8.115583 28.894627 -0.019228 0.002020 -0.003373 -0.002260 -0.003444 -0.001096 0.044084 3.101803 -4.407796 4.181711 -4.164831 -3.804369 10.979525 -7.804988 1.869455 1.091426 1.389810 -0.424989 0.029356 -0.020907 -7.570238 0.000039 0.000028 -0.000046 0.031777 -0.014640 -0.003473 -0.000008 0.000007 -0.000022 
-31.449909 23.069435 -0.616634 -0.215362 -0.859738 14.409536 -2.312303 4.007421 12.865857 1.777494 6.741222 -0.043648 -0.564604 -0.216451 -26.852426 0.317226 -11.053121 -25.567614 -4.002000 -15.088238 -32.702393 0.598420 -8.928574 0.429130 -7.014577 8.126858 -1.916628 5.770391 -3.756448 -86.767001 -3.696908 -2.930673 56.137526 6.232654 0.952604 5.640289 -0.005557 -0.000437 0.093735 -0.000000 0.000000 0.000000 6.679095 10.728255 44.722921 -4.472189 1.418490 -55.849115 1.591596 0.581628 19.477589 -1.668598 -0.997264 -36.869955 0.049781 -2.645916 0.063173 0.003744 0.000048 0.039398 -5.586137 -1.531427 -24.689624 -2.608601 -2.790220 -35.765978 0.698436 -1.008834 -11.393839 -10.675684 -4.424856 7.541639 0.403451 17.986492 53.525775 -1.122277 -4.057621 42.183795 -2.193457 5.572967 -28.281865 15.693543 -2.114838 -45.641213 -0.000095 0.039575 -0.000083 8.890304 4.270067 11.520400 8.058611 20.058268 41.708892 1.148944 3.624235 37.923925 -5.770467 8.676938 0.356687 -17.728886 6.014959 -62.877554 -0.000009 -0.000007 0.000004 0.118933 0.450804 -20.148460 0.420007 9.455436 24.794345 -0.019237 0.002029 -0.003392 -0.002258 -0.003445 -0.001098 3.500356 4.405387 -6.466069 0.893965 -5.692062 -6.164656 8.147763 -4.699674 1.571237 3.064976 -1.069007 -0.202330 0.026476 -0.020009 -10.752153 0.000040 0.000028 -0.000046 0.031776 -0.014640 -0.003473 -0.000008 0.000006 -0.000022 
-31.294024 23.342733 -0.778793 -0.270169 -0.554245 15.790065 -2.443746 4.323345 13.129415 1.635974 7.361826 -0.196719 -0.317745 1.633500 -24.869248 0.871525 -11.531631 -23.281301 -3.648593 -14.740057 -32.356160 0.291366 -9.519762 2.024679 -6.462121 8.941577 -6.782172 5.710889 -3.533057 -84.125377 -3.701109 -2.940335 56.257850 6.749117 0.587943 4.507115 -0.004719 -0.000419 0.079812 -0.000000 0.000000 0.000000 6.948292 10.484598 39.599002 -4.412994 1.359235 -54.892256 1.775203 0.692105 21.927679 -1.534177 -1.316009 -38.406891 0.049655 -2.645919 0.060636 0.003744 0.000048 0.039398 -5.960165 -1.768196 -23.873333 -2.746091 -3.591936 -35.189845 0.736128 -0.920514 -12.042170 -10.143768 -4.508235 8.035804 0.118236 19.460778 53.134196 -1.080454 -2.581041 27.670269 -3.087187 4.225701 -18.320495 16.393596 -2.351229 -48.454130 -0.000094 0.039574 -0.000081 6.595212 3.219860 12.810302 11.351299 21.428120 38.371897 1.047809 2.392547 25.795348 -8.089066 7.410292 3.942386 -17.381710 5.376287 -59.894366 -0.000009 -0.000006 0.000003 0.069588 0.453523 -22.030659 0.842894 9.514415 22.488258 -0.019262 0.002021 -0.003421 -0.002253 -0.003442 -0.001101 7.042632 5.593769 -8.625318 -2.496987 -7.094475 -8.641060 4.419489 -2.058256 1.432445 5.727670 -3.431967 0.138156 0.029109 -0.022935 -13.068502 0.000045 0.000037 -0.000050 0.031777 -0.014641 -0.003471 -0.000008 0.000007 -0.000022 
-31.078354 23.665745 -0.965139 -0.299547 -0.355960 17.903244 -2.561802 4.618942 13.286046 1.663463 7.339478 -0.333960 -0.066805 3.802110 -23.394774 1.293328 -10.279206 -22.484460 -2.898071 -13.863482 -31.644543 -0.272961 -10.107607 2.884424 -5.783303 9.727767 -11.749838 5.626248 -3.269689 -80.964837 -3.693175 -2.922131 56.031061 7.316077 0.388327 3.369448 -0.003869 -0.000402 0.065739 -0.000000 0.000000 0.000000 7.387337 10.347002 34.117212 -4.344691 1.293267 -53.807455 1.986555 0.833110 24.832287 -1.406215 -1.623349 -40.119790 0.049547 -2.645923 0.058003 0.003744 0.000049 0.039398 -5.774053 -2.300885 -20.849523 -2.714402 -4.218888 -34.208743 0.869900 -0.268100 -12.133704 -8.564030 -5.221406 6.586595 -3.926820 17.817957 49.212582 -1.127096 -2.960065 31.411128 -0.576020 1.753961 -18.869386 19.055659 -3.576210 -57.295718 -0.000094 0.039575 -0.000078 4.514429 1.609939 13.435769 13.910857 22.146154 42.194754 -0.503100 -0.591983 -7.621587 -9.494784 4.326915 19.874857 -17.043552 4.817659 -57.223110 -0.000008 -0.000005 0.000003 -0.026462 0.965214 -23.184377 0.050711 8.187441 22.603536 -0.019292 0.002042 -0.003411 -0.002257 -0.003441 -0.001099 11.020920 6.260789 -10.802700 -6.352157 -7.963799 -11.216785 0.073204 -0.407920 1.454804 8.977805 -5.344565 0.580006 0.029382 -0.023852 -14.726274 0.000039 0.000027 -0.000050 0.031775 -0.014640 -0.003470 -0.000008 0.000007 -0.000024 
-30.801867 24.038805 -1.177723 -0.327698 -0.202615 20.541859 -2.665961 4.891230 13.353307 1.691666 7.270127 -0.400343 0.185156 6.346639 -22.127475 1.893676 -7.222206 -22.240662 -1.711558 -12.308956 -30.524221 -1.026872 -10.715760 3.293873 -5.032427 10.547068 -16.667133 5.513864 -2.979525 -77.410174 -3.652224 -2.831157 54.891655 7.911126 0.364808 2.663022 -0.003037 -0.000387 0.051967 -0.000000 0.000000 0.000000 7.955200 10.365377 28.380787 -4.263740 1.218212 -52.546138 2.177055 0.974175 27.541879 -1.278080 -1.990910 -41.600719 0.049447 -2.645923 0.055465 0.003744 0.000048 0.039398 -5.196419 -2.964001 -16.296836 -2.540834 -4.764246 -32.810088 1.066715 0.805890 -11.813921 -6.130128 -6.405641 3.738350 -10.625630 15.300831 43.882145 -1.144958 -3.740263 39.063867 2.593072 -1.163553 -19.162900 22.770258 -6.185184 -70.448921 -0.000093 0.039576 -0.000080 4.393955 3.739222 5.484670 9.681114 14.377582 42.528064 -0.254293 -0.319124 -4.000376 -7.196391 3.466525 8.644450 -18.235475 7.133420 -67.914538 -0.000010 -0.000008 0.000006 -0.169289 1.852842 -23.909962 -1.287771 6.166518 24.105983 -0.019330 0.002089 -0.003423 -0.002242 -0.003419 -0.001102 14.948854 6.764495 -12.979043 -10.174940 -8.644205 -13.798054 -4.277210 -0.010111 1.527371 12.468936 -6.506498 1.041080 0.029860 -0.025006 -16.421388 0.000037 0.000028 -0.000048 0.031776 -0.014640 -0.003477 -0.000008 0.000007 -0.000024 
-30.469448 24.447142 -1.393364 -0.348582 -0.084957 23.444672 -2.754137 5.131615 13.346868 1.731966 7.133882 -0.436110 0.351594 8.983147 -20.924015 2.617673 -3.120243 -22.310226 -0.288498 -10.229341 -29.063333 -1.902727 -11.292361 3.414971 -4.189732 11.344674 -21.534627 5.370722 -2.671051 -73.525798 -3.584275 -2.689945 53.101924 8.473464 0.454043 2.301390 -0.002191 -0.000371 0.038011 -0.000000 0.000000 0.000000 8.648912 10.468242 22.578220 -4.171988 1.137011 -51.146034 2.340347 1.106752 29.945714 -1.156923 -2.365737 -42.784459 0.049342 -2.645926 0.052866 0.003744 0.000048 0.039398 -4.327556 -3.657252 -10.823055 -2.305553 -5.238904 -31.067358 1.286270 2.060048 -11.206996 -3.528553 -7.902484 0.146096 -18.889592 12.423403 38.049522 -1.011838 -4.747648 49.044348 5.965002 -4.333367 -19.096217 26.258609 -10.250782 -85.678310 -0.000094 0.039575 -0.000081 4.719920 6.237695 -3.859941 5.983665 5.060246 42.389981 -0.018730 -0.025095 -0.306964 -4.863972 2.060182 -3.905973 -19.030604 9.918571 -79.839358 -0.000008 -0.000007 0.000002 -0.306259 2.915634 -24.309427 -2.883794 4.069161 26.153493 -0.019233 0.002008 -0.003420 -0.002251 -0.003445 -0.001103 18.485255 6.790386 -14.755502 -13.633432 -8.798574 -15.969863 -8.208821 -0.723910 1.522541 15.943326 -6.845596 1.423138 0.025327 -0.021904 -18.193747 0.000038 0.000027 -0.000050 0.031777 -0.014641 -0.003475 -0.000007 0.000006 -0.000022 
-30.092983 24.865084 -1.581725 -0.364217 0.004665 26.269512 -2.831043 5.332842 13.284323 1.795451 6.910335 -0.479575 0.358244 11.347238 -19.670851 3.371282 1.161705 -22.453255 1.085466 -8.094788 -27.650078 -2.807845 -11.769589 3.390335 -3.267930 12.022504 -26.187406 5.200981 -2.362781 -69.506143 -3.500115 -2.519231 50.933643 8.925443 0.597959 2.226041 -0.001338 -0.000354 0.023945 -0.000000 0.000000 0.000000 9.438890 10.569303 17.090899 -4.078492 1.058256 -49.749076 2.468717 1.219313 31.896635 -1.091761 -2.704796 -43.573670 0.049241 -2.645928 0.050302 0.003744 0.000049 0.039398 -3.301464 -4.292364 -5.178243 -2.095016 -5.643938 -29.090339 1.489656 3.206237 -10.438047 -1.489434 -9.474426 -3.482074 -27.076127 9.791551 32.679095 -0.685457 -5.763268 59.539346 8.999157 -7.453090 -18.630068 28.458859 -14.989899 -100.526997 -0.000094 0.039577 -0.000079 5.624020 8.687392 -12.922245 3.443256 -4.445582 41.026508 0.198503 0.285170 3.404898 -2.975228 0.241068 -15.842433 -19.232281 12.694029 -91.374346 -0.000009 -0.000007 0.000003 -0.368490 3.925105 -24.465972 -4.439107 2.420736 28.002488 -0.019236 0.002006 -0.003414 -0.002254 -0.003441 -0.001099 21.355920 6.601764 -16.109597 -16.446477 -8.687997 -17.655629 -11.239718 -2.153873 1.384218 18.966737 -6.412562 1.625401 0.020856 -0.018649 -19.983491 0.000044 0.000036 -0.000048 0.031777 -0.014641 -0.003470 -0.000008 0.000005 -0.000020 
-29.697317 25.255199 -1.709514 -0.380597 0.071404 28.607846 -2.887574 5.481115 13.179052 1.889038 6.590789 -0.565945 0.150380 13.014351 -18.292360 3.996332 4.732005 -22.389977 2.374334 -5.970218 -26.321188 -3.624271 -12.073909 3.371295 -2.327537 12.451992 -30.328611 5.018807 -2.079757 -65.661580 -3.399795 -2.354068 48.724684 9.204281 0.735258 2.365521 -0.000501 -0.000339 0.010166 0.000000 -0.000000 0.000000 10.259849 10.572954 12.438963 -3.997872 0.993391 -48.566552 2.555771 1.300232 33.254651 -1.101507 -2.959957 -43.861409 0.049141 -2.645930 0.047750 0.003744 0.000048 0.039398 -2.324101 -4.820828 -0.265387 -2.003666 -5.981601 -27.059277 1.649590 3.933065 -9.663352 -0.726539 -10.781119 -6.424037 -33.142742 7.968124 28.917395 -0.265805 -6.566330 68.462285 11.104885 -10.165446 -17.839366 29.102056 -18.981787 -112.276972 -0.000093 0.039575 -0.000081 6.821826 10.588056 -19.828628 1.843898 -12.347342 38.141166 0.387547 0.595324 6.963531 -1.835143 -1.552239 -25.043759 -18.981179 14.880008 -100.585641 -0.000010 -0.000007 0.000003 -0.293568 4.636885 -24.474743 -5.650737 1.564353 28.992480 -0.019230 0.002021 -0.003402 -0.002252 -0.003443 -0.001103 23.240356 6.375527 -16.946649 -18.288735 -8.499084 -18.727699 -13.029417 -3.661588 1.180536 21.091993 -5.434041 1.601446 0.016565 -0.015319 -21.738470 0.000044 0.000036 -0.000046 0.031777 -0.014641 -0.003475 -0.000008 0.000006 -0.000020 
-29.283779 25.603218 -1.751033 -0.395257 0.126462 30.191724 -2.924099 5.566678 13.034210 2.024014 6.146669 -0.735358 -0.306548 13.664330 -16.645212 4.302416 6.819912 -21.793658 3.273483 -4.476132 -25.243597 -4.282399 -12.154311 3.521424 -1.393507 12.518127 -33.887000 4.832675 -1.827995 -62.085224 -3.303501 -2.204206 46.690162 9.249126 0.823261 2.658930 0.000349 -0.000324 -0.003776 -0.000000 -0.000000 0.000000 11.087239 10.386325 8.874237 -3.944086 0.951610 -47.788197 2.602990 1.345760 34.004042 -1.214403 -3.111646 -43.563517 0.049008 -2.645931 0.045152 0.003744 0.000048 0.039398 -1.551965 -5.272525 3.297331 -2.124925 -6.277274 -25.033618 1.752184 3.980018 -8.988330 -1.840578 -11.500860 -8.129083 -35.262300 7.203082 27.758854 0.069201 -7.045081 74.217648 11.766287 -12.298073 -16.826135 28.780488 -21.100988 -118.629690 -0.000094 0.039573 -0.000080 7.799877 11.670512 -23.057298 0.497653 -17.393924 33.321177 0.552628 0.907703 10.424210 -1.440590 -2.871632 -29.942778 -18.670636 16.122098 -105.979128 -0.000009 -0.000006 0.000004 -0.010901 4.849470 -24.423708 -6.377929 1.657771 28.553172 -0.019237 0.002029 -0.003419 -0.002254 -0.003442 -0.001100 23.930381 6.271333 -17.244496 -18.968690 -8.409500 -19.106759 -13.499788 -4.664460 1.037312 22.041674 -4.181398 1.380242 0.008494 -0.008163 -23.490001 0.000044 0.000036 -0.000044 0.031777 -0.014640 -0.003473 -0.000008 0.000007 -0.000022 
-28.868162 25.916588 -1.718455 -0.412148 0.152248 31.103391 -2.944496 5.582623 12.880845 2.235683 5.564425 -1.280775 -0.941901 13.576870 -14.680255 4.376404 7.840826 -20.714938 4.151331 -2.950850 -24.181158 -4.891181 -12.042354 3.824680 -0.391551 12.273719 -36.941068 4.641181 -1.599479 -58.679255 -3.213747 -2.066688 44.814299 9.101334 0.862613 3.064893 0.026275 0.000075 -0.281547 -0.000000 0.000000 0.000000 12.021967 10.039658 6.300774 -3.915344 0.929762 -47.375565 2.607185 1.349860 34.071060 -1.390611 -3.185268 -42.661840 0.048903 -2.645935 0.042553 0.003744 0.000048 0.039398 -0.907120 -5.747515 5.749694 -2.435667 -6.546353 -22.965965 1.830028 3.375184 -8.382953 -5.008276 -11.662892 -8.643897 -32.914726 7.242346 28.919485 0.267050 -7.285724 77.286056 10.920223 -13.948184 -15.677682 28.075469 -21.312514 -119.503995 -0.000095 0.039576 -0.000079 8.357561 12.142457 -23.119726 -1.138494 -20.074153 26.774229 0.698947 1.230394 13.894140 -1.472496 -3.699134 -31.305305 -18.462522 16.572330 -108.262726 -0.000008 -0.000007 0.000003 0.498296 4.620021 -24.330939 -6.804502 2.362742 26.812464 -0.019268 0.002029 -0.003418 -0.002255 -0.003444 -0.001105 23.117289 6.326039 -16.718623 -17.960199 -8.487925 -18.370716 -12.628592 -4.877106 1.043736 21.196007 -2.678137 0.958712 0.026830 -0.026276 -25.206371 0.000038 0.000027 -0.000044 0.031776 -0.014642 -0.003473 -0.000007 0.000007 -0.000024 
-28.465397 26.213167 -1.651701 -0.427085 0.146093 31.702965 -2.939541 5.516778 12.721777 2.519417 4.874488 -2.378500 -1.630096 13.316703 -12.518229 4.417088 8.754778 -19.479069 4.983368 -1.439699 -23.163379 -5.580652 -11.823203 4.136167 0.710668 11.891224 -39.667273 4.438802 -1.385074 -55.310640 -3.117396 -1.933144 42.933517 8.867990 0.919911 3.578852 0.051692 0.000345 -0.553947 -0.000000 0.000000 0.000000 13.107617 9.631924 4.317212 -3.897285 0.916196 -47.117415 2.574758 1.318395 33.554851 -1.560271 -3.213971 -41.313513 0.048802 -2.645936 0.039995 0.003744 0.000049 0.039398 -0.218016 -6.257716 7.838399 -2.823927 -6.789482 -20.823177 1.917567 2.441744 -7.748990 -9.497930 -11.534041 -8.559815 -27.662073 7.573152 30.960766 0.410939 -7.445338 79.402834 9.157918 -15.405591 -14.461174 27.176682 -20.536183 -117.387278 -0.000094 0.039574 -0.000082 8.713623 12.411004 -22.005411 -3.256365 -21.816691 19.346007 0.826338 1.563841 17.389489 -1.603235 -4.336933 -31.359529 -18.263897 16.676002 -109.473336 -0.000009 -0.000006 0.000003 1.151728 4.209995 -24.165011 -7.222109 3.179875 24.513774 -0.019296 0.002067 -0.003431 -0.002255 -0.003446 -0.001095 20.991932 6.370474 -15.292165 -15.329349 -8.531913 -16.379495 -10.759223 -4.409811 1.175743 18.503502 -1.136855 0.467932 0.014097 -0.014269 -26.815447 0.000044 0.000037 -0.000044 0.031777 -0.014641 -0.003471 -0.000008 0.000006 -0.000026 
-28.057261 26.503338 -1.555049 -0.442784 0.117209 32.062937 -2.916720 5.365151 12.576544 2.845473 4.070345 -3.987607 -2.366774 12.875940 -10.157055 4.418948 9.587679 -18.062060 5.796164 0.100923 -22.158134 -6.324655 -11.474380 4.451969 1.877765 11.381412 -42.184529 4.222007 -1.180991 -51.908236 -3.013460 -1.798761 40.993091 8.558780 0.977579 4.201167 0.077349 0.000493 -0.829021 0.000000 -0.000000 0.000000 14.295098 9.148659 2.746782 -3.886577 0.908217 -46.964780 2.513048 1.260031 32.584370 -1.740277 -3.208343 -39.582688 0.048700 -2.645939 0.037437 0.003744 0.000048 0.039398 0.500630 -6.802276 9.667229 -3.287911 -7.024168 -18.583171 2.019649 1.232647 -7.082183 -14.994111 -11.093714 -7.949647 -20.009043 7.945185 33.375842 0.501543 -7.539999 80.693603 6.682200 -16.739352 -13.192718 26.058893 -19.072369 -112.988807 -0.000094 0.039575 -0.000080 8.961489 12.509986 -19.923996 -5.902487 -22.732987 11.113235 0.935308 1.911984 20.961559 -1.806374 -4.828170 -30.331972 -18.101376 16.522115 -109.785271 -0.000010 -0.000006 0.000004 1.928680 3.644324 -23.920019 -7.688817 4.060258 21.698514 -0.019393 0.002102 -0.003431 -0.002257 -0.003442 -0.001104 17.850944 6.158341 -13.050594 -11.435153 -8.176863 -13.288665 -8.138254 -3.315919 1.374515 14.321829 0.049378 0.049279 0.011003 -0.011487 -28.340600 0.000045 0.000037 -0.000050 0.031775 -0.014641 -0.003475 -0.000009 0.000006 -0.000022 
-27.637266 26.788446 -1.434078 -0.457189 0.075937 32.247236 -2.872235 5.108287 12.460743 3.176312 3.163967 -6.048258 -3.099012 12.259075 -7.657468 4.381776 10.352995 -16.484697 6.551690 1.673511 -21.396870 -7.070015 -10.977834 4.752109 3.044812 10.762674 -44.525143 3.991198 -0.988329 -48.471913 -2.899860 -1.661928 38.961602 8.191540 1.037204 4.911461 0.103254 0.000519 -1.106830 -0.000000 0.000000 0.000000 15.517524 8.577644 1.477101 -3.878621 0.902311 -46.851539 2.427648 1.182466 31.266226 -1.936691 -3.179436 -37.568827 0.048592 -2.645940 0.034804 0.003744 0.000048 0.039398 1.218780 -7.348276 11.273174 -3.800797 -7.264690 -16.274439 2.130481 -0.156370 -6.393379 -21.054253 -10.368383 -6.866889 -10.683872 8.070465 35.784389 0.538038 -7.576936 81.205157 3.741570 -17.980987 -11.902759 24.692415 -17.233558 -107.033538 -0.000095 0.039573 -0.000079 9.194973 12.452180 -17.127487 -8.986261 -22.853605 2.387368 1.023095 2.269678 24.568151 -2.074852 -5.205675 -28.428151 -17.993633 16.185508 -109.315101 -0.000011 -0.000006 0.000004 2.776923 2.965975 -23.603927 -8.223924 4.963110 18.477224 -0.019232 0.002004 -0.003416 -0.002255 -0.003444 -0.001098 14.087715 5.445325 -10.142398 -6.803606 -7.035018 -9.342451 -4.901273 -1.558073 1.575650 9.119472 0.542987 -0.233516 0.044536 -0.047107 -29.753807 0.000038 0.000028 -0.000050 0.031776 -0.014640 -0.003475 -0.000008 0.000006 -0.000024 
-27.211790 27.061960 -1.299058 -0.465152 0.032596 32.314287 -2.804970 4.747662 12.384494 3.467375 2.201012 -8.418834 -3.779378 11.501233 -5.153268 4.302879 11.025046 -14.816456 7.272786 3.225173 -20.669908 -7.749923 -10.341464 5.011889 4.117311 10.076647 -46.664030 3.754066 -0.813172 -45.101768 -2.779593 -1.527173 36.898263 7.789725 1.099932 5.692731 0.128644 0.000421 -1.379239 -0.000000 0.000000 0.000000 16.656728 7.950900 0.415927 -3.870503 0.896314 -46.736174 2.329548 1.097628 29.784170 -2.130413 -3.131459 -35.426402 0.048493 -2.645942 0.032260 0.003744 0.000049 0.039398 1.885773 -7.858595 12.647568 -4.324947 -7.508512 -14.001086 2.249444 -1.608380 -5.717102 -27.058612 -9.463870 -5.473777 -0.895304 7.738288 38.005467 0.523116 -7.561909 80.996440 0.679346 -19.120785 -10.649510 23.138886 -15.362287 -100.491713 -0.000094 0.039575 -0.000080 9.476003 12.269962 -13.951682 -12.238984 -22.266514 -6.218249 1.086186 2.618456 28.039299 -2.395298 -5.500459 -25.943367 -17.943423 15.749323 -108.252754 -0.000011 -0.000007 0.000003 3.632330 2.226551 -23.235182 -8.815060 5.841284 15.091827 -0.019236 0.002010 -0.003423 -0.002254 -0.003444 -0.001098 10.325317 3.947500 -6.807854 -2.167949 -4.977011 -5.049622 -1.736604 0.175763 1.678870 3.601005 0.205660 -0.439748 0.026400 -0.028623 -30.993841 0.000038 0.000029 -0.000051 0.031776 -0.014640 -0.003471 -0.000008 0.000007 -0.000024 
-26.761927 27.333570 -1.152238 -0.472513 0.004656 32.326131 -2.685586 4.133323 12.339949 3.698868 1.175927 -11.100528 -4.386063 10.592963 -2.631712 4.178513 11.635629 -13.021838 7.982439 4.801143 -19.954210 -8.321842 -9.392710 5.266899 5.066084 9.326619 -48.654122 3.515401 -0.657365 -41.842961 -2.651390 -1.393652 34.783469 7.383091 1.157733 6.482150 0.140296 0.000337 -1.503928 -0.000000 0.000000 0.000000 17.675901 7.255837 -0.645750 -3.854724 0.884728 -46.512420 2.224663 1.011650 28.234254 -2.355119 -3.088494 -33.201150 0.048388 -2.645946 0.029667 0.003744 0.000049 0.039398 2.482826 -8.324520 13.875294 -4.865648 -7.769561 -11.739781 2.369456 -3.073068 -5.037957 -32.740870 -8.431564 -3.861183 8.603332 6.928568 40.207599 0.461588 -7.498783 80.128200 -2.326443 -20.197124 -9.401007 21.480701 -13.654896 -93.917669 -0.000095 0.039576 -0.000079 9.877830 11.982284 -10.556647 -15.588578 -21.060767 -14.622711 1.127380 2.963223 31.440385 -2.773911 -5.754609 -23.034253 -17.960652 15.274405 -106.701099 -0.000012 -0.000005 0.000003 4.475635 1.453198 -22.813112 -9.456905 6.738169 11.591153 -0.019238 0.002011 -0.003427 -0.002251 -0.003444 -0.001098 6.625406 2.221472 -3.553477 2.057886 -2.065620 -0.723169 1.494862 2.175703 1.682257 -1.870287 -0.878523 -0.675687 0.016562 -0.018392 -32.073165 0.000038 0.000026 -0.000048 0.031776 -0.014640 -0.003473 -0.000009 0.000005 -0.000022 
-26.280632 27.604774 -0.999749 -0.471055 0.000147 32.342862 -2.496454 3.166068 12.301108 3.846264 0.131848 -14.032840 -4.896506 9.553345 -0.147808 4.011190 12.183883 -11.122992 8.678976 6.399604 -19.248141 -8.728223 -8.036187 5.550272 5.826563 8.534286 -50.495869 3.284457 -0.524105 -38.793770 -2.517022 -1.263687 32.647485 6.990609 1.187460 7.373941 0.152064 0.000226 -1.629813 -0.000000 0.000000 0.000000 18.502982 6.501423 -1.869885 -3.825524 0.863538 -46.100058 2.122368 0.932233 26.754162 -2.622524 -3.063787 -30.993650 0.048285 -2.645947 0.027089 0.003744 0.000050 0.039398 2.974652 -8.715410 14.992723 -5.388979 -8.052041 -9.513871 2.478020 -4.461869 -4.379542 -37.632256 -7.352191 -2.223819 16.705990 5.857324 42.513925 0.358828 -7.388909 78.646384 -4.994719 -21.216722 -8.161464 19.928953 -12.294855 -88.082454 -0.000094 0.039576 -0.000079 10.441960 11.621860 -7.191005 -18.871594 -19.347476 -22.502832 1.147620 3.296427 34.711059 -3.210531 -6.007214 -19.920204 -18.061399 14.838291 -104.808952 -0.000011 -0.000006 0.000003 5.254129 0.676307 -22.347776 -10.084534 7.680039 8.130790 -0.019233 0.002029 -0.003421 -0.002252 -0.003442 -0.001098 3.580909 -0.026748 -0.409891 5.464816 1.322676 3.225043 4.758076 4.188772 1.573310 -6.807139 -2.463123 -1.002965 0.044038 -0.049294 -32.961530 0.000038 0.000027 -0.000046 0.031775 -0.014642 -0.003473 -0.000006 0.000009 -0.000022 
-25.776623 27.869293 -0.852231 -0.462112 0.030470 32.422051 -2.254716 1.954053 12.261244 3.893561 -0.924073 -17.057668 -5.275203 8.441352 2.171255 3.806238 12.660089 -9.194598 9.145407 7.804595 -18.436919 -8.920071 -6.390941 5.841988 6.329059 7.745499 -52.204546 3.068285 -0.413621 -36.017309 -2.380500 -1.138692 30.526660 6.605345 1.210629 8.248619 0.163609 0.000093 -1.753290 -0.000000 0.000000 0.000000 19.060399 5.726128 -3.311544 -3.782508 0.832899 -45.496416 2.034695 0.867448 25.508190 -2.916190 -3.070246 -28.966064 0.048154 -2.645948 0.024512 0.003744 0.000049 0.039398 3.314945 -8.998470 15.998613 -5.865897 -8.347405 -7.425713 2.565450 -5.651920 -3.763065 -41.172032 -6.328349 -0.829664 22.204093 4.969428 44.848228 0.226303 -7.238288 76.670239 -6.993476 -22.129950 -6.950395 18.772275 -11.410073 -83.874641 -0.000094 0.039574 -0.000080 11.167478 11.221472 -4.191206 -21.833873 -17.413072 -29.391772 1.149418 3.602455 37.710328 -3.684481 -6.280443 -16.922774 -18.258510 14.510341 -102.774751 -0.000008 -0.000007 0.000004 5.902724 -0.039351 -21.870365 -10.585767 8.668833 4.949472 -0.019265 0.002025 -0.003419 -0.002255 -0.003442 -0.001098 1.366467 -2.174945 2.147619 7.808866 4.499475 6.367350 7.457225 5.881023 1.395168 -10.692404 -4.089115 -1.390901 0.015979 -0.018246 -33.615206 0.000039 0.000027 -0.000046 0.031775 -0.014641 -0.003475 -0.000008 0.000009 -0.000024 
-25.228655 28.136572 -0.711561 -0.443652 0.107187 32.633732 -1.972612 0.533476 12.206447 3.839927 -1.933927 -20.201101 -5.520948 7.254220 4.343083 3.562370 13.076135 -7.197108 9.597823 9.229951 -17.626391 -8.863579 -4.465858 6.119547 6.537434 6.955588 -53.902296 2.859385 -0.318980 -33.394007 -2.230758 -1.016500 28.324523 6.215949 1.228077 9.132081 0.134990 0.000380 -1.446930 0.000000 -0.000000 0.000000 19.307275 4.924839 -5.112406 -3.721073 0.790310 -44.641918 1.968174 0.820232 24.575811 -3.253391 -3.132729 -27.158121 0.048054 -2.645950 0.021961 0.003744 0.000049 0.039398 3.475197 -9.161703 16.965486 -6.288990 -8.665022 -5.449756 2.619433 -6.588539 -3.191745 -43.614569 -5.386097 0.298561 25.118463 4.271193 48.114427 0.045888 -7.014901 73.842056 -8.703880 -22.865204 -5.627234 18.077272 -10.834029 -81.074311 -0.000094 0.039575 -0.000082 12.049583 10.808988 -1.687869 -24.522947 -15.394922 -35.305432 1.136832 3.884666 40.479768 -4.208253 -6.616149 -14.176206 -18.580956 14.355989 -100.685991 -0.000011 -0.000001 0.000005 6.398590 -0.689721 -21.377937 -10.858349 9.764978 2.093775 -0.019293 0.002037 -0.003417 -0.002254 -0.003448 -0.001098 -0.001661 -3.802018 3.905084 9.174508 6.877563 8.516819 9.540144 7.170795 1.203686 -13.304291 -5.361648 -1.734451 0.009892 -0.011458 -34.029150 0.000044 0.000035 -0.000053 0.031775 -0.014641 -0.003473 -0.000007 0.000006 -0.000022 
-24.628189 28.408384 -0.584429 -0.417006 0.245202 33.039479 -1.653677 -1.029861 12.137211 3.689353 -2.882475 -23.397149 -5.627954 6.007516 6.318056 3.275440 13.437272 -5.154035 10.033302 10.672601 -16.812569 -8.505100 -2.328458 6.352992 6.385777 6.178421 -55.665027 2.656398 -0.237745 -30.892847 -2.068569 -0.892116 25.988269 5.823184 1.238747 10.027689 0.105401 0.000515 -1.130062 -0.000000 -0.000000 0.000000 19.172071 4.112494 -7.388286 -3.637783 0.734698 -43.497172 1.932573 0.795617 24.081077 -3.632710 -3.255233 -25.682929 0.047944 -2.645953 0.019313 0.003744 0.000049 0.039398 3.416660 -9.175989 17.926337 -6.635521 -9.005754 -3.625321 2.617150 -7.180710 -2.679501 -45.352019 -4.627737 1.213128 26.157116 3.672287 52.744462 -0.186067 -6.690004 69.910893 -10.485470 -23.365661 -4.126081 17.708334 -10.348677 -78.954323 -0.000094 0.039575 -0.000077 13.072578 10.403211 0.069441 -26.860680 -13.556665 -40.045519 1.114100 4.135506 42.949773 -4.787979 -7.034570 -11.923156 -19.073998 14.442633 -98.667588 -0.000012 -0.000007 0.000009 6.680668 -1.232446 -20.894225 -10.754890 11.014454 -0.281752 -0.019356 0.002078 -0.003385 -0.002254 -0.003447 -0.001098 -0.472943 -4.430738 4.550813 9.634631 7.791674 9.291431 10.739098 7.898747 1.072718 -14.251808 -5.854806 -1.877959 0.025781 -0.029584 -34.171781 0.000038 0.000030 -0.000046 0.031776 -0.014639 -0.003471 -0.000006 0.000007 -0.000024 
-23.893122 28.693893 -0.480832 -0.362833 0.523066 33.751738 -1.329042 -2.618504 12.041320 3.463879 -3.713205 -26.487293 -5.595800 4.773007 7.997313 2.959003 13.732600 -3.139483 10.176768 11.804187 -15.684090 -7.272359 0.128329 6.357563 5.262528 5.317369 -57.314009 2.482546 -0.176163 -28.782728 -1.848701 -0.739374 22.927613 5.508166 1.154908 11.247547 0.006315 -0.000221 -0.067757 -0.000000 -0.000000 0.000000 18.021413 3.205811 -10.358804 -3.529425 0.665853 -42.029388 1.961240 0.815403 24.479226 -4.130171 -3.545100 -24.737371 0.047849 -2.645956 0.016810 0.003744 0.000048 0.039398 2.409857 -9.063640 18.483660 -7.010638 -9.774679 -2.175743 2.566046 -7.475386 -2.273002 -46.352870 -4.028397 1.928966 26.038544 3.392683 58.367272 -0.434456 -6.279273 65.185474 -12.071006 -23.701455 -2.573348 17.583265 -9.931600 -77.322926 -0.000095 0.039574 -0.000077 14.271339 10.278087 0.606153 -27.949464 -11.913925 -42.634789 1.094654 4.289688 44.474043 -5.787976 -7.725488 -9.755718 -20.180082 15.075771 -95.471551 -0.000011 -0.000009 0.000004 6.749415 -1.727471 -20.466483 -10.152617 12.816921 -1.532779 -0.019232 0.002004 -0.003414 -0.002254 -0.003447 -0.001102 -0.429499 -4.327492 4.443254 9.580107 7.655149 9.180652 11.477142 8.109715 0.982434 -14.085732 -5.796058 -1.860705 0.013881 -0.016034 -34.092821 0.000038 0.000029 -0.000048 0.031776 -0.014639 -0.003473 -0.000008 0.000006 -0.000026 
-22.965113 28.996273 -0.388252 -0.279186 0.982783 34.767729 -0.996133 -4.208716 11.900731 3.183235 -4.421705 -29.494895 -5.433989 3.530903 9.381110 2.609297 13.972206 -1.118999 10.299164 12.949516 -14.542391 -4.918943 2.981797 5.946766 2.939900 4.236374 -58.860753 2.327728 -0.127285 -26.925208 -1.541956 -0.553546 18.826197 5.189857 0.991555 12.891229 -0.167152 -0.005935 1.793001 -0.000000 0.000000 0.000000 15.638664 2.112989 -14.108837 -3.383868 0.579338 -40.093347 2.053320 0.880978 25.771340 -4.782191 -3.981422 -24.305904 0.047742 -2.645956 0.014204 0.003744 0.000049 0.039398 0.267137 -8.747605 18.447894 -7.424267 -10.980280 -1.135389 2.471991 -7.600817 -1.971204 -46.654317 -3.489458 2.547459 25.096338 3.243101 64.608774 -0.678760 -5.778925 59.706857 -13.299905 -23.937996 -0.999164 17.615384 -9.532480 -75.888654 -0.000095 0.039573 -0.000080 15.669509 10.534898 -0.009153 -27.462263 -10.647298 -42.875922 1.088777 4.330763 44.881132 -7.329778 -8.705543 -7.259137 -22.136648 16.160407 -90.397506 -0.000008 -0.000007 0.000006 6.657330 -2.270697 -20.086804 -9.144466 15.106649 -1.502453 -0.019233 0.002007 -0.003424 -0.002254 -0.003445 -0.001101 -0.385466 -4.223329 4.334589 9.524782 7.517410 9.068660 12.223202 8.321698 0.888495 -13.917984 -5.736628 -1.843447 0.031759 -0.036189 -33.862729 0.000040 0.000029 -0.000050 0.031775 -0.014640 -0.003470 -0.000007 0.000006 -0.000027 
-21.936310 29.282063 -0.288226 -0.186368 1.554204 35.921252 -0.674635 -5.723763 11.711987 2.878598 -4.979158 -32.344733 -5.153490 2.302803 10.415706 2.225919 14.155684 0.892241 10.108358 13.765832 -12.951753 -1.963491 5.906359 5.105959 0.011025 2.982656 -60.506481 2.158559 -0.080091 -24.915611 -1.192939 -0.376331 14.348624 4.896455 0.754570 14.500628 -0.381061 -0.020769 4.091851 -0.000000 -0.000000 0.000000 12.663614 0.914444 -18.252615 -3.197222 0.477815 -37.663664 2.170365 0.968969 27.444960 -5.619851 -4.499269 -24.275655 0.047637 -2.645959 0.011605 0.003744 0.000048 0.039398 -2.189027 -8.032576 18.111275 -7.678850 -11.961837 -0.383539 2.334096 -7.569537 -1.744223 -46.234835 -2.983862 3.045394 23.039177 2.949785 70.140995 -0.892020 -5.199621 53.637250 -13.943232 -24.120053 0.507220 17.698536 -9.132011 -74.413825 -0.000095 0.039573 -0.000078 17.173201 10.951695 -1.287879 -26.183587 -10.237765 -41.416310 1.091694 4.310619 44.681383 -8.951534 -9.646035 -4.797296 -24.547883 17.198398 -84.684230 -0.000009 -0.000006 0.000004 6.425501 -2.834834 -19.731267 -8.048627 17.066983 -0.578295 -0.019234 0.002010 -0.003421 -0.002256 -0.003443 -0.001092 -0.340802 -4.118239 4.224749 9.468666 7.378437 8.955521 12.977336 8.534589 0.790857 -13.748636 -5.676583 -1.826197 0.027430 -0.031078 -33.491245 0.000039 0.000028 -0.000050 0.031776 -0.014641 -0.003477 -0.000007 0.000005 -0.000024 
-20.931400 29.511585 -0.166110 -0.095055 2.137971 37.017443 -0.379935 -7.063774 11.454439 2.594605 -5.352989 -34.889832 -4.790045 1.135643 11.027817 1.818399 14.282722 2.812586 9.897774 14.561019 -11.383763 0.963971 8.491665 3.983263 -2.851608 1.691987 -62.316201 1.965546 -0.033939 -22.644630 -0.879896 -0.245131 10.465388 4.640557 0.469725 15.579940 -0.590075 -0.043634 6.346004 -0.000000 0.000000 0.000000 9.804340 -0.239483 -22.207604 -2.989528 0.376484 -35.020709 2.282578 1.058544 29.085903 -6.568303 -4.970767 -24.504173 0.047538 -2.645960 0.009061 0.003744 0.000049 0.039398 -4.058799 -6.796108 17.802890 -7.612559 -12.055244 0.190072 2.159685 -7.389642 -1.561680 -45.129652 -2.501656 3.402061 19.734378 2.417550 73.540264 -1.047006 -4.577522 47.339163 -13.782940 -24.274586 1.828416 17.742929 -8.732179 -72.710335 -0.000095 0.039574 -0.000079 18.626141 11.297779 -2.652714 -24.874606 -11.012576 -38.835165 1.095512 4.283512 44.412868 -10.202878 -10.145304 -2.776915 -26.790111 17.820529 -79.814674 -0.000009 -0.000006 0.000004 6.089291 -3.375609 -19.381539 -7.278431 17.903174 0.872732 -0.019236 0.002027 -0.003417 -0.002255 -0.003442 -0.001098 -0.296801 -4.015271 4.117018 9.413391 7.242234 8.844475 13.717630 8.741959 0.692206 -13.582626 -5.617658 -1.809484 0.021474 -0.024191 -33.006449 0.000039 0.000029 -0.000051 0.031777 -0.014641 -0.003478 -0.000008 0.000007 -0.000019 
-20.015368 29.658772 0.000001 -0.010625 2.687183 37.923017 -0.130485 -8.183398 11.121076 2.360772 -5.539466 -37.133522 -4.356066 0.001395 11.185805 1.380630 14.352440 4.680343 9.429037 15.036064 -9.387605 3.380762 10.517362 2.787923 -5.146635 0.432081 -64.360599 1.748616 0.008414 -20.115155 -0.684332 -0.175454 8.090181 4.396814 0.136498 15.698365 -0.765454 -0.069282 8.246081 -0.000000 0.000000 0.000000 7.576493 -1.235218 -25.546294 -2.791812 0.290702 -32.555366 2.385029 1.145061 30.618270 -7.607403 -5.319242 -24.870402 0.047432 -2.645963 0.006462 0.003744 0.000049 0.039398 -4.568417 -4.866635 17.779005 -7.055396 -10.601922 0.719527 1.948577 -7.076090 -1.395544 -43.308754 -2.002331 3.618906 14.989873 1.673716 73.534520 -1.134516 -3.916535 40.795183 -12.608195 -24.433149 2.911717 17.636505 -8.299600 -70.481719 -0.000094 0.039575 -0.000085 19.951572 11.359305 -3.626658 -24.137907 -13.296593 -35.425647 1.092913 4.302048 44.596511 -10.716265 -9.804336 -1.467052 -28.292703 17.886829 -77.042020 -0.000009 -0.000009 0.000003 5.664696 -3.884005 -18.993909 -7.192592 16.892282 2.560419 -0.019266 0.002025 -0.003419 -0.002256 -0.003444 -0.001098 -0.252174 -3.911333 4.008116 9.238434 6.837077 8.503916 14.605852 8.554532 0.588131 -13.414995 -5.558110 -1.792769 0.011795 -0.013241 -32.407707 0.000039 0.000028 -0.000048 0.031777 -0.014641 -0.003471 -0.000008 0.000007 -0.000020 
-19.201532 29.714909 0.258079 0.105827 3.287283 38.586119 0.066873 -9.013404 10.683524 2.584601 -4.762618 -38.792275 -3.566943 -1.878882 10.951094 1.842740 11.034035 6.754765 8.620780 12.368932 -5.205703 5.275925 11.879730 1.552170 -7.209349 -0.436123 -60.079546 2.659514 -0.238915 -30.930894 -1.327871 -0.440794 16.058967 4.139304 -0.406131 12.904685 -0.941305 -0.101012 10.161584 -0.000000 0.000000 0.000000 5.996072 -2.024321 -27.865481 -2.636519 0.230256 -30.649094 2.476877 1.226750 32.022796 -8.802360 -5.604183 -25.228700 0.047330 -2.645964 0.003883 0.003744 0.000049 0.039398 -3.126404 -1.657027 18.013820 -5.754235 -6.752713 1.083098 1.702417 -6.628197 -1.205556 -38.352523 -1.077551 3.433503 8.951331 2.520275 62.071393 -1.106898 -2.770420 29.543051 -7.040186 -24.014962 4.501586 17.208108 -7.488785 -65.203090 -0.000094 0.039575 -0.000080 21.101362 11.156244 -4.275211 -24.663970 -18.061134 -30.444971 1.090990 4.315483 44.729662 -10.419923 -8.107106 -1.391679 -28.975558 17.403059 -77.123211 -0.000009 -0.000008 0.000004 5.175867 -4.333841 -18.542767 -8.516425 12.515229 4.649212 -0.019296 0.002046 -0.003419 -0.002257 -0.003443 -0.001101 -0.112047 -3.616650 3.692098 9.059458 6.428963 8.159067 15.502023 8.363903 0.486064 -13.242793 -5.496843 -1.775758 0.044142 -0.048339 -31.705868 0.000039 0.000028 -0.000048 0.031777 -0.014641 -0.003475 -0.000008 0.000006 -0.000026 
-18.449011 29.702301 0.586194 0.257548 3.975939 39.099722 0.196504 -9.464803 10.147291 3.455840 -2.789059 -39.809771 -2.410042 -4.692704 10.563361 3.918637 3.428087 9.139295 8.584550 5.763018 1.332940 6.959542 12.638634 0.278582 -9.082862 -1.351299 -53.967828 3.744833 -0.806779 -44.973411 -2.204057 -0.995294 27.934815 3.715845 -1.172410 8.248842 -1.084227 -0.131309 11.727598 -0.000000 0.000000 0.000000 4.707579 -2.694557 -29.314520 -2.530956 0.192519 -29.366750 2.566475 1.310449 33.423719 -10.119271 -5.881117 -25.550998 0.047227 -2.645965 0.001311 0.003744 0.000049 0.039398 -0.373837 2.614160 18.153905 -3.887328 -1.119880 1.061911 1.425809 -6.077541 -0.972789 -29.867495 0.269735 2.634274 3.498446 3.867501 39.653715 -0.787995 -1.456744 16.276995 2.210306 -23.144011 5.190271 16.703443 -6.711640 -59.036706 -0.000095 0.039574 -0.000082 22.119991 10.853493 -4.963295 -26.103917 -24.406699 -23.854651 1.094660 4.289685 44.474073 -9.578745 -5.398018 -2.327451 -29.237765 16.592008 -79.088475 -0.000009 -0.000003 0.000004 4.660168 -4.683747 -18.005719 -11.075416 5.278680 6.482574 -0.019346 0.002110 -0.003409 -0.002258 -0.003441 -0.001098 0.026947 -3.328468 3.381621 8.881664 6.029862 7.819959 16.380008 8.175065 0.389021 -12.776992 -5.331439 -1.729372 0.031732 -0.034346 -30.937506 0.000039 0.000028 -0.000048 0.031778 -0.014641 -0.003471 -0.000008 0.000007 -0.000022 
-17.719242 29.630033 0.925196 0.395945 4.623974 39.549473 0.254980 -9.484326 9.476273 4.696172 -0.199358 -40.513759 -1.196972 -7.726644 10.176231 7.139156 -5.550409 11.842485 10.427060 -2.005501 8.700515 8.432530 12.802922 -0.895111 -10.647540 -2.354987 -47.722662 4.374651 -1.322128 -54.283792 -2.658953 -1.401259 34.906016 2.878540 -1.923644 5.343952 -1.085229 -0.131536 11.738615 -0.000000 0.000000 0.000000 3.654756 -3.284347 -30.226712 -2.478956 0.174894 -28.738509 2.673229 1.415731 35.136665 -11.463865 -6.068235 -25.898209 0.047124 -2.645967 -0.001267 0.003744 0.000049 0.039398 2.940434 7.231558 18.055165 -1.745305 5.271694 0.687166 1.119824 -5.416998 -0.656941 -20.142684 1.594775 1.445918 -1.626807 3.887845 15.722669 -0.569486 -0.942290 10.802026 10.327360 -23.588176 2.210719 16.825930 -6.924800 -58.259854 -0.000093 0.039577 -0.000079 23.107073 10.416015 -5.678691 -27.863852 -30.469348 -16.609169 1.093419 4.298513 44.561527 -8.255779 -2.279964 -3.588827 -29.136183 15.607281 -82.001844 -0.000009 -0.000006 0.000004 4.131084 -4.919779 -17.340935 -14.292606 -3.027161 6.924538 -0.019235 0.002011 -0.003401 -0.002255 -0.003440 -0.001101 0.168848 -3.038199 3.067452 8.699862 5.627863 7.476445 17.322126 7.565099 0.321043 -12.306876 -5.164048 -1.683914 0.033110 -0.035302 -30.093523 0.000039 0.000027 -0.000046 0.031778 -0.014641 -0.003473 -0.000008 0.000007 -0.000026 
-16.996391 29.506104 1.204378 0.463086 5.084860 40.012563 0.232199 -8.810718 8.610194 5.987126 2.371587 -41.166718 -0.249423 -10.156827 9.900034 10.483130 -12.878211 14.545948 13.506786 -8.005337 15.385705 9.604631 12.193976 -1.705712 -12.010691 -3.210962 -38.514286 4.257812 -1.213056 -52.457448 -2.102861 -0.917548 26.476246 1.371778 -2.608405 8.679314 -0.629983 -0.048950 6.777636 -0.000000 0.000000 0.000000 2.815674 -3.803230 -30.851053 -2.494708 0.180166 -28.928665 2.813224 1.563902 37.465449 -12.631310 -6.046740 -26.340619 0.047124 -2.645967 -0.001267 0.003744 0.000048 0.039398 5.994173 11.331023 17.754708 0.321800 11.238321 0.117643 0.782058 -4.659085 -0.225352 -6.712396 3.144094 -0.492635 -6.324964 10.840909 -13.068810 -1.107106 -2.772033 29.558938 14.094148 -29.078810 -11.847690 18.539200 -10.450841 -74.570885 -0.000095 0.039574 -0.000080 24.122169 9.802921 -6.374235 -29.117141 -34.513909 -9.623833 1.074648 4.421896 45.785951 -6.607078 0.557654 -4.432669 -28.681436 14.601307 -84.872211 -0.000009 -0.000007 0.000004 3.613857 -5.013709 -16.510456 -17.606932 -10.301783 5.553933 -0.019231 0.002020 -0.003368 -0.002257 -0.003439 -0.001094 0.313709 -2.745826 2.749545 8.512444 5.220788 7.126493 18.271504 6.948443 0.262779 -11.832405 -4.994634 -1.639453 0.018545 -0.019541 -29.185917 0.000039 0.000028 -0.000051 0.031779 -0.014640 -0.003473 -0.000009 0.000005 -0.000020 
-16.285374 29.344769 1.350502 0.405504 5.213091 40.554552 0.158495 -7.405843 7.562334 6.998507 4.232497 -41.957726 0.127516 -11.135572 9.797030 12.209334 -15.725944 16.323961 15.385244 -9.997888 19.354060 10.411448 10.854934 -1.965730 -12.898632 -3.782149 -34.928611 3.740691 -0.803920 -44.915884 -1.457039 -0.507239 17.720161 0.444632 -2.933051 11.591679 -0.210957 -0.008276 2.264339 0.000000 0.000000 0.000000 2.160894 -4.245350 -31.541346 -2.570957 0.206502 -29.851390 2.988443 1.767792 40.536479 -13.472467 -5.762655 -26.912115 0.047123 -2.645967 -0.001267 0.003744 0.000048 0.039398 7.843115 13.998812 17.500773 1.836019 15.484080 -0.310287 0.416397 -3.841187 0.338129 3.902102 3.843973 -2.260365 -3.425918 14.462768 -37.226525 -0.984111 -4.866413 50.241673 13.829254 -34.432206 -25.755545 19.200119 -14.199772 -91.120399 -0.000096 0.039574 -0.000079 25.176972 9.017748 -6.982852 -28.729845 -35.118613 -3.469986 1.017095 4.724094 48.805216 -4.928509 2.450543 -4.089075 -27.874714 13.775572 -86.673871 -0.000010 -0.000007 0.000003 3.141325 -4.937528 -15.507302 -20.041353 -14.482902 3.026052 -0.019261 0.002017 -0.003422 -0.002253 -0.003436 -0.001087 0.457304 -2.459990 2.437168 8.171570 4.602170 6.577949 19.200526 6.342282 0.215684 -11.367372 -4.828139 -1.597167 0.018619 -0.019297 -28.242955 0.000039 0.000026 -0.000044 0.031779 -0.014642 -0.003475 -0.000009 0.000005 -0.000024 
-15.519453 29.077730 1.309575 0.048290 4.833558 41.402185 0.066559 -5.411511 6.334478 7.698629 5.586488 -42.998554 -0.024359 -10.706383 9.973487 12.324762 -15.185169 17.200568 15.603553 -8.988915 21.045730 10.897037 8.853750 -1.709617 -13.318161 -4.044402 -39.127186 3.557357 -0.683369 -42.407309 -1.781229 -0.695893 22.009924 0.652162 -2.471927 9.816741 -0.179549 -0.006560 1.925890 -0.000000 -0.000000 0.000000 1.745031 -4.668003 -32.804620 -2.734684 0.267772 -31.851225 3.233227 2.094851 45.203254 -13.847643 -5.004274 -27.788398 0.047123 -2.645966 -0.001267 0.003744 0.000048 0.039398 7.831771 14.552906 17.633658 2.520820 17.564707 -0.324701 -0.062160 -2.759611 1.116263 6.582595 3.211503 -2.604722 2.510564 15.850810 -44.797671 -0.884453 -5.223909 53.887013 13.250952 -35.505581 -29.071761 19.231058 -14.745106 -93.583400 -0.000096 0.039573 -0.000081 26.467871 7.820053 -7.433891 -24.670529 -30.470444 1.685785 0.803859 5.462939 56.363356 -2.962900 2.591561 -1.430143 -25.985480 13.212291 -88.083397 -0.000009 -0.000006 0.000004 2.567754 -4.613660 -14.141687 -20.032610 -14.286829 0.259894 -0.019279 0.002044 -0.003417 -0.002256 -0.003435 -0.001086 0.603897 -2.172056 2.121029 7.821607 3.980730 6.020679 20.074939 5.267141 0.233612 -10.898000 -4.659680 -1.555915 0.018702 -0.019045 -27.290694 0.000038 0.000027 -0.000048 0.031777 -0.014641 -0.003475 -0.000007 0.000007 -0.000022 
-14.727973 28.700130 1.111184 -0.542432 3.991639 42.444940 -0.014432 -2.970715 4.977447 8.231480 6.844259 -44.078110 -0.467639 -9.517459 10.469462 12.143566 -13.998165 17.927080 15.561283 -7.139778 22.283038 11.071128 6.295898 -1.044221 -13.569792 -3.864232 -43.798366 3.339640 -0.554473 -39.514133 -2.092694 -0.909999 26.331651 1.385595 -1.558674 7.723607 -0.147810 -0.005015 1.584054 -0.000000 0.000000 0.000000 1.551955 -4.962828 -34.572324 -2.958853 0.362512 -34.635199 3.508887 2.535308 51.140434 -13.762680 -3.847157 -28.902738 0.047123 -2.645968 -0.001267 0.003744 0.000048 0.039398 6.487704 13.460956 18.075899 2.584258 18.092835 -0.009409 -0.716130 -1.310980 2.132164 6.981460 1.952893 -2.582829 10.984859 20.404729 -48.089982 -0.899297 -5.175871 53.393160 12.414061 -35.446879 -29.676260 19.239221 -14.425334 -92.358986 -0.000094 0.039576 -0.000079 27.968639 6.094787 -7.694700 -18.174862 -21.543709 5.604880 0.307932 6.498369 67.672838 -0.518135 1.642568 3.046982 -23.081788 12.740217 -89.365703 -0.000009 -0.000006 0.000018 1.781164 -4.030353 -12.344921 -17.335785 -10.919257 -2.518902 -0.019320 0.002073 -0.003400 -0.002256 -0.003439 -0.001097 0.878925 -1.736052 1.624880 7.462402 3.356678 5.454465 20.957093 4.182255 0.268245 -10.424248 -4.489234 -1.515580 0.019228 -0.019249 -26.307447 0.000038 0.000030 -0.000046 0.031780 -0.014641 -0.003468 -0.000007 0.000007 -0.000022 
-14.027752 28.323780 0.832888 -1.017271 2.935699 43.235832 -0.054115 -0.369821 3.535132 8.574737 7.750756 -44.904262 -1.154384 -7.776028 11.215112 11.707988 -12.338076 18.504448 15.276039 -4.689370 23.097731 10.945037 3.526550 -0.113085 -13.676473 -3.231826 -47.908033 3.092330 -0.425264 -36.322840 -2.317982 -1.092597 29.660172 2.455187 -0.575720 5.792546 -0.116606 -0.003685 1.248931 -0.000000 -0.000000 0.000000 1.450660 -4.908667 -36.252527 -3.163153 0.460371 -37.225941 3.718025 2.979815 56.745697 -13.272903 -2.626572 -29.923749 0.047123 -2.645968 -0.001267 0.003744 0.000048 0.039398 4.848805 11.849970 18.513202 2.331302 17.785939 0.458217 -1.477564 0.330352 3.297094 6.349349 0.282632 -2.802288 18.603482 25.235993 -49.052919 -0.959116 -4.964821 51.238587 11.903205 -34.692167 -28.253902 19.350520 -13.796871 -89.830641 -0.000094 0.039578 -0.000078 29.360084 4.067837 -7.803124 -12.340401 -11.781005 9.195974 -0.307799 7.332430 77.894004 1.889567 1.247148 7.477000 -20.345578 12.253105 -89.091389 -0.000002 -0.000003 0.000011 0.874358 -3.290933 -10.305326 -13.114972 -6.748512 -5.502510 -0.019421 0.002111 -0.003410 -0.002261 -0.003444 -0.001098 1.152278 -1.310861 1.136460 7.104314 2.748256 4.895807 21.821295 3.118319 0.318574 -9.959908 -4.321749 -1.477514 0.019770 -0.019457 -25.343279 0.000039 0.000029 -0.000048 0.031779 -0.014645 -0.003473 -0.000008 0.000005 -0.000024 
-13.493986 28.038124 0.535709 -1.083883 1.860435 43.404472 -0.040194 2.314283 2.025503 8.699019 8.106830 -45.239761 -2.084199 -5.603373 12.191408 11.029331 -10.254692 18.973658 14.716023 -1.561625 23.416204 10.494123 0.704959 0.992352 -13.633262 -2.187367 -50.593714 2.840157 -0.310840 -33.155190 -2.443271 -1.196360 31.506474 3.601819 0.235223 4.397035 -0.102538 -0.003147 1.099657 -0.000000 0.000000 0.000000 1.412404 -4.285720 -37.053773 -3.320975 0.543978 -39.268349 3.847535 3.319482 60.898472 -12.504797 -1.647829 -30.543383 0.047123 -2.645967 -0.001267 0.003744 0.000048 0.039398 3.804249 10.775625 18.739930 2.065384 17.348826 0.905739 -2.334465 2.105079 4.583933 5.890745 -1.740211 -3.780383 21.956480 27.409896 -48.509301 -0.995036 -4.820920 49.782315 12.186389 -33.574095 -25.474835 19.728534 -13.368488 -88.220035 -0.000096 0.039576 -0.000080 30.462374 1.829279 -7.871684 -9.464591 -4.056503 15.096441 -0.652489 7.687550 82.743719 3.659749 2.780357 10.139362 -18.761801 11.754461 -85.834202 -0.000008 -0.000006 0.000013 -0.104287 -2.444692 -8.084373 -8.649430 -3.596770 -9.071996 -0.019234 0.002018 -0.003417 -0.002261 -0.003442 -0.001098 1.431953 -0.883797 0.641212 6.736866 2.137358 4.328032 22.474700 1.585622 0.454846 -9.243762 -4.068387 -1.419232 0.020300 -0.019632 -24.369555 0.000038 0.000027 -0.000050 0.031779 -0.014642 -0.003471 -0.000006 0.000005 -0.000024 
-13.161847 27.869595 0.237711 -0.629150 0.769077 42.932868 0.040624 4.892881 0.464179 8.671807 8.135822 -44.859795 -3.234961 -3.150689 13.356004 10.153466 -7.871704 19.360357 14.131155 1.596313 23.763461 9.714255 -1.972132 2.199795 -13.484706 -0.700143 -51.571784 2.639983 -0.231618 -30.692288 -2.489992 -1.238714 32.227045 4.676015 0.870610 3.581790 -0.106022 -0.003277 1.136848 -0.000000 0.000000 0.000000 1.423147 -3.052098 -36.820583 -3.428136 0.604946 -40.678069 3.912177 3.523586 63.344322 -11.546373 -0.952094 -30.752138 0.047123 -2.645968 -0.001267 0.003744 0.000048 0.039398 3.607157 10.758215 18.808232 1.900838 16.969571 1.279114 -3.224567 3.892065 5.933582 5.855268 -3.959547 -5.384236 21.037657 26.387282 -46.822839 -1.002246 -4.789993 49.470524 13.224814 -32.280649 -21.947983 20.395437 -13.270683 -88.079025 -0.000096 0.039578 -0.000078 31.166283 -0.456921 -7.977664 -10.306558 1.231861 25.747967 -0.582383 7.621234 81.820052 4.883817 6.551861 10.520233 -18.507157 11.468288 -78.487521 -0.000009 -0.000005 0.000014 -1.075711 -1.556864 -5.815714 -4.716821 -2.148379 -13.209781 -0.019230 0.002022 -0.003398 -0.002261 -0.003439 -0.001094 1.718028 -0.455043 0.139021 6.357846 1.523036 3.749353 23.138403 0.039964 0.610035 -8.521156 -3.811802 -1.363625 0.024589 -0.023351 -23.424825 0.000045 0.000037 -0.000048 0.031782 -0.014641 -0.003475 -0.000008 0.000005 -0.000022 
-12.963762 27.760155 -0.079274 0.108236 -0.411477 42.155190 0.166478 7.122711 -1.083476 8.585410 8.192366 -43.856716 -4.552774 -0.670835 14.620285 9.137866 -5.339283 19.675282 13.371602 4.970149 23.572668 8.729770 -4.351441 3.365165 -13.289601 1.075878 -51.360673 2.521898 -0.189471 -29.257877 -2.517005 -1.263694 32.647440 5.743438 1.478782 3.071628 -0.109423 -0.003407 1.173334 -0.000000 0.000000 0.000000 1.451425 -1.426213 -36.098629 -3.499371 0.647440 -41.626417 3.946204 3.645210 64.787227 -10.407567 -0.391069 -30.765703 0.047123 -2.645966 -0.001267 0.003744 0.000049 0.039398 3.736323 11.200074 18.844494 1.722948 16.369920 1.645935 -4.071454 5.534759 7.236252 5.664899 -6.085731 -7.101126 18.974737 24.316961 -44.346800 -1.010023 -4.755734 49.125617 14.481623 -30.830876 -18.028327 21.165814 -13.254168 -88.279894 -0.000096 0.039579 -0.000080 31.578936 -2.606885 -8.119445 -13.370635 4.924389 39.608725 -0.330381 7.357738 78.228178 6.019450 11.424417 9.720944 -18.900272 11.338520 -68.513361 -0.000006 -0.000005 0.000014 -1.935945 -0.707209 -3.689868 -1.108000 -1.646650 -17.267586 -0.019232 0.002032 -0.003421 -0.002257 -0.003443 -0.001101 2.002258 -0.037108 -0.355418 5.776462 0.813375 3.023708 23.792646 -1.474568 0.779776 -7.812977 -3.559553 -1.312262 0.024813 -0.023187 -22.539368 0.000043 0.000034 -0.000048 0.031779 -0.014638 -0.003473 -0.000006 0.000005 -0.000024 
-12.834389 27.679615 -0.424422 0.949603 -1.646022 41.084291 0.322212 8.894116 -2.613617 8.427488 8.234507 -42.346312 -5.939171 1.802905 15.955185 8.007541 -2.714743 19.955607 12.610805 8.379728 23.424880 7.586414 -6.380500 4.376794 -13.091598 3.004257 -50.096627 2.482546 -0.176163 -28.782742 -2.539600 -1.284877 33.001326 6.823151 2.094709 2.818700 -0.112883 -0.003540 1.210156 -0.000000 0.000000 0.000000 1.520671 0.445092 -34.910582 -3.545411 0.677021 -42.272734 3.962930 3.709763 65.549127 -9.128850 0.059938 -30.579973 0.047123 -2.645966 -0.001267 0.003744 0.000048 0.039398 3.970850 11.597017 18.793134 1.454859 15.527392 2.043378 -4.823921 6.971866 8.456206 5.248290 -8.035971 -8.933239 16.398050 21.741433 -41.368885 -1.018245 -4.718477 48.751138 15.821464 -29.139540 -13.729357 22.021404 -13.280812 -88.649312 -0.000091 0.039576 -0.000079 31.721400 -4.553834 -8.264687 -17.336716 6.162852 54.780579 0.055744 6.878636 72.165696 6.965783 16.937604 8.185335 -19.672039 10.911575 -57.497031 -0.000007 -0.000005 0.000013 -2.603433 0.084904 -1.779489 2.257651 -1.543068 -20.825402 -0.019256 0.002032 -0.003407 -0.002257 -0.003439 -0.001096 2.292932 0.382513 -0.856912 5.180357 0.104207 2.283652 24.067237 -3.392701 1.021655 -7.098206 -3.304198 -1.263625 0.022809 -0.021018 -21.700599 0.000043 0.000036 -0.000046 0.031783 -0.014642 -0.003475 -0.000008 0.000005 -0.000020 
-12.714609 27.601114 -0.798213 1.699540 -2.856217 39.753296 0.468511 10.016671 -4.083052 8.190695 8.213619 -40.463905 -7.385203 4.087558 17.294831 6.795131 -0.070277 20.205684 11.843753 11.818476 23.319931 6.366327 -7.912348 5.119150 -12.922386 4.896249 -47.934138 2.511636 -0.185969 -29.133936 -2.566197 -1.310147 33.420474 7.939484 2.746077 2.787746 -0.116349 -0.003676 1.247349 -0.000000 0.000000 0.000000 1.637017 2.408228 -33.345376 -3.579944 0.697462 -42.710672 3.970196 3.738970 65.893034 -7.769852 0.406701 -30.171729 0.047120 -2.645968 -0.001301 0.003744 0.000048 0.039398 4.096298 11.430903 18.606584 1.028618 14.418504 2.480872 -5.394192 8.094089 9.502842 4.564232 -9.670736 -10.795366 13.922989 19.292446 -38.093881 -1.026774 -4.678482 48.349652 17.060170 -27.202390 -9.183037 22.936979 -13.307884 -89.001606 -0.000098 0.039575 -0.000079 31.614890 -6.171755 -8.385778 -19.990384 4.956083 68.575659 0.496937 6.162677 63.881598 7.473117 22.543015 6.449289 -20.413453 9.844529 -47.369667 -0.000007 -0.000008 0.000013 -2.976289 0.783992 -0.242216 5.425101 -1.285017 -23.366876 -0.019299 0.002045 -0.003419 -0.002258 -0.003438 -0.001103 2.590166 0.803624 -1.365533 4.569171 -0.604066 1.528810 24.354155 -5.328117 1.275887 -6.376844 -3.045736 -1.217679 0.023067 -0.020970 -20.924314 0.000045 0.000038 -0.000050 0.031781 -0.014639 -0.003478 -0.000011 0.000005 -0.000024 
-12.549852 27.500702 -1.188806 2.148493 -3.923729 38.229942 0.575163 10.295203 -5.417960 7.885137 8.083449 -38.416655 -8.716390 6.015053 18.506572 5.594905 2.397020 20.440280 11.119345 14.590809 23.127756 5.166344 -8.774418 5.482180 -12.790297 6.537434 -45.174335 2.587197 -0.212369 -30.049643 -2.599719 -1.342533 33.953058 9.049936 3.368473 2.934083 -0.119746 -0.003813 1.283793 -0.000000 0.000000 0.000000 1.813470 4.267687 -31.599976 -3.601926 0.711479 -43.008714 3.974507 3.756662 66.101089 -6.469450 0.602134 -29.538277 0.047120 -2.645967 -0.001301 0.003744 0.000049 0.039398 3.890541 10.215593 18.250761 0.399805 13.069732 2.962058 -5.696280 8.783703 10.264477 3.615167 -10.819901 -12.543052 12.126218 17.705495 -34.660475 -1.034876 -4.639196 47.956015 18.017660 -25.099922 -4.629093 23.840372 -13.283021 -89.149104 -0.000097 0.039573 -0.000076 31.297160 -7.310935 -8.429003 -19.428982 2.725145 78.138744 0.881476 5.233709 53.985385 7.161619 27.544205 5.212328 -20.696547 8.063736 -40.247784 -0.000007 -0.000006 0.000014 -2.952313 1.337080 0.753471 8.411441 -0.310367 -24.475004 -0.019338 0.002090 -0.003422 -0.002252 -0.003436 -0.001091 2.885302 1.213950 -1.866409 3.960610 -1.290545 0.781245 24.643633 -7.225281 1.535636 -5.669891 -2.791751 -1.175791 0.024057 -0.021590 -20.244334 0.000038 0.000029 -0.000048 0.031780 -0.014642 -0.003473 -0.000011 0.000005 -0.000026 
-12.330202 27.370234 -1.717801 2.144399 -4.947635 36.208301 0.544300 9.296896 -6.686528 7.507170 7.788670 -36.291257 -9.848657 7.532091 19.523071 4.414548 4.674951 20.662497 10.387419 17.392844 22.968480 3.652609 -8.548564 5.913816 -12.462380 8.121202 -41.530754 2.739244 -0.269662 -31.908444 -2.624389 -1.366754 34.348045 10.413156 4.111793 3.519687 -0.132465 -0.004340 1.420269 -0.000000 0.000000 0.000000 2.280864 6.167549 -29.875162 -3.617996 0.721828 -43.227212 3.973825 3.753840 66.067901 -4.882141 0.590700 -28.416717 0.047120 -2.645968 -0.001301 0.003744 0.000049 0.039398 2.994168 6.166263 17.265583 -0.850923 11.255351 3.570057 -4.403781 7.631895 10.208440 1.419166 -9.849539 -13.891182 12.685684 18.751634 -31.075397 -1.042938 -4.598571 47.549530 18.575763 -22.803459 -0.027240 24.720654 -13.155358 -88.924617 -0.000094 0.039573 -0.000081 29.585357 -6.487361 -8.698273 -12.038562 -0.112123 79.901896 1.150416 3.434543 36.064679 3.841008 32.725045 5.568694 -20.588758 3.725398 -38.171629 -0.000010 0.000006 0.000008 -0.195707 1.466448 -0.820692 7.954399 1.553755 -22.923532 -0.019234 0.002006 -0.003422 -0.002253 -0.003436 -0.001089 3.340151 1.650277 -2.462881 3.336851 -1.975707 0.018658 24.403163 -9.394175 1.802051 -4.956230 -2.534740 -1.136773 0.014338 -0.012805 -19.719490 0.000037 0.000029 -0.000046 0.031780 -0.014642 -0.003478 -0.000008 0.000006 -0.000027 
-12.083973 27.221645 -2.319342 1.702164 -5.734535 33.433564 0.313053 6.919184 -7.963355 7.063085 7.271549 -34.239636 -10.629895 8.516948 20.224861 3.301772 6.654481 20.881956 9.716176 19.374378 23.061490 1.893704 -7.248761 6.082217 -12.002232 9.443201 -36.105924 2.965710 -0.365709 -34.722445 -2.616635 -1.359107 34.223640 11.774925 4.894964 4.776817 -0.145310 -0.004904 1.558097 -0.000000 0.000000 0.000000 3.034198 8.135585 -27.188044 -3.642891 0.739363 -43.595680 3.961869 3.705742 65.501453 -3.252058 0.327173 -26.538731 0.047119 -2.645967 -0.001315 0.003744 0.000048 0.039398 1.429358 0.093533 15.730079 -2.571526 8.680452 4.237807 -1.817549 4.647415 9.071541 -1.689528 -6.885252 -14.182562 15.118053 22.477166 -27.339144 -1.050797 -4.557515 47.139298 18.600564 -20.377007 4.553107 25.535127 -12.861774 -88.128981 -0.000093 0.039578 -0.000081 26.771825 -3.503093 -8.734304 -0.613890 -5.120909 73.327511 0.638835 1.091470 12.411925 -2.093151 37.506915 7.117928 -20.531385 -2.113719 -40.469366 -0.000013 0.000002 0.000006 4.640579 1.083508 -4.700277 3.760669 3.581898 -18.802085 -0.019238 0.002009 -0.003419 -0.002259 -0.003442 -0.001096 3.804118 2.086068 -3.068885 2.697523 -2.659157 -0.759350 24.169926 -11.585278 2.063604 -4.235859 -2.274717 -1.100629 0.033491 -0.029541 -19.373545 0.000043 0.000038 -0.000048 0.031779 -0.014641 -0.003473 -0.000008 0.000005 -0.000019 
-11.811422 27.059341 -2.717441 1.005792 -5.801316 30.070673 -0.084914 3.659741 -9.188392 6.573833 6.504791 -32.465897 -10.916968 8.862513 20.491549 2.343470 8.189501 21.083814 9.108639 20.579126 23.453224 0.520350 -5.412989 4.745490 -11.757406 9.927467 -28.483738 3.203403 -0.481130 -37.744749 -2.582416 -1.325742 33.677563 12.473480 5.326828 6.540235 -0.157902 -0.005487 1.693239 -0.000000 0.000000 0.000000 3.663999 9.965901 -22.112828 -3.713417 0.785095 -44.536033 3.936985 3.630608 64.580122 -2.357525 -0.116362 -23.976206 0.047119 -2.645967 -0.001315 0.003744 0.000048 0.039398 -0.236211 -4.511276 14.523890 -3.969379 5.282362 4.758756 -0.369441 2.020269 7.124488 -3.806255 -4.602924 -13.270454 16.565604 26.444413 -22.971769 -1.057954 -4.518679 46.751774 18.003313 -17.974971 8.942797 26.215072 -12.355150 -86.632344 -0.000098 0.039575 -0.000081 24.912990 -0.489209 -7.584729 6.262153 -13.026912 63.401388 -0.230937 -0.291650 -3.646892 -6.255230 39.844124 7.191468 -20.477191 -5.127681 -44.330441 -0.000007 0.000002 0.000005 7.122279 0.970753 -7.467862 1.129915 4.858192 -13.065952 -0.019230 0.002020 -0.003400 -0.002255 -0.003447 -0.001102 4.263699 2.508537 -3.666714 2.061131 -3.320655 -1.530057 23.947545 -13.735107 2.313172 -3.529736 -2.019335 -1.068313 0.032962 -0.028968 -19.152146 0.000038 0.000028 -0.000050 0.031778 -0.014641 -0.003475 -0.000008 0.000007 -0.000022 
-11.484359 26.970581 -2.634325 -0.268276 -3.906864 25.170888 -0.631141 -0.158026 -10.410207 5.947889 5.211734 -30.694324 -10.270810 7.844423 20.312154 1.609605 9.274219 21.252987 8.753065 21.033907 23.846391 0.114064 -3.825685 -1.889142 -11.567496 8.439537 -14.904878 3.346618 -0.558377 -39.605538 -2.435084 -1.189048 31.381069 11.549902 4.558149 9.548117 -0.170620 -0.006106 1.829741 -0.000000 0.000000 0.000000 3.746464 11.967599 -8.918762 -3.917724 0.931558 -47.409631 3.889201 3.447504 62.436419 -3.127904 -1.378212 -19.642311 0.047119 -2.645968 -0.001315 0.003744 0.000049 0.039398 -2.066026 -4.857871 15.124909 -4.805386 -0.777192 5.018620 -2.477400 0.944159 1.467355 -3.752123 -4.927065 -9.202633 9.989103 28.613881 -12.372986 -1.080483 -4.384979 45.421328 13.716925 -15.090862 17.081461 26.568495 -9.917463 -78.927084 -0.000096 0.039577 -0.000079 26.276484 2.623612 -2.545741 0.793028 -27.006665 49.190544 -0.004906 -0.006556 -0.080350 -4.960658 37.660823 0.008019 -19.140125 0.394817 -51.574878 -0.000009 -0.000000 0.000005 2.479056 2.835362 -7.657965 5.566363 3.393114 0.387343 -0.019237 0.002027 -0.003422 -0.002256 -0.003444 -0.001094 4.732420 2.930296 -4.274050 1.409022 -3.980010 -2.316415 23.075044 -15.961949 2.468668 -2.717395 -1.747224 -1.022281 0.032458 -0.028412 -18.928572 0.000044 0.000035 -0.000048 0.031777 -0.014640 -0.003475 -0.000008 0.000007 -0.000020 
-11.075788 26.628166 -2.265585 -1.198917 -1.558663 19.835865 -1.276729 -4.134292 -11.627549 5.256691 3.414272 -28.781871 -8.695033 5.329131 19.896710 1.132730 9.967313 21.370871 8.389520 21.490801 24.247747 -0.406757 -2.332559 -7.846113 -10.447772 7.657334 -1.576392 3.593728 -0.706379 -42.899339 -2.349926 -1.114859 30.090422 10.053759 3.274004 13.041828 -0.183432 -0.006761 1.967563 -0.000000 0.000000 0.000000 4.172633 14.408356 4.285017 -4.247740 1.203754 -52.299674 3.861117 3.360007 61.386660 -4.522864 -2.773042 -14.769453 0.047120 -2.645969 -0.001315 0.003744 0.000048 0.039398 -3.104729 -4.245749 15.284939 -4.791592 -6.484344 5.288341 -4.825973 0.498393 -2.178002 -3.520818 -5.956538 -7.660595 3.276503 26.317486 -1.223200 -1.070832 -4.444625 46.014202 7.505416 -11.552262 21.147420 24.936532 -7.163061 -68.886529 -0.000096 0.039574 -0.000080 27.018903 4.417494 0.719267 -12.392675 -36.128726 27.455428 0.651438 1.119823 12.715701 -1.347819 30.252161 -4.836722 -17.077484 6.358294 -59.521383 -0.000010 0.000001 0.000007 -3.328710 4.352950 -4.894809 12.636688 0.210666 12.289274 -0.019266 0.002028 -0.003419 -0.002255 -0.003445 -0.001092 5.210412 3.351169 -4.891137 0.563456 -4.556470 -3.150726 22.190767 -18.212804 2.591490 -1.897349 -1.471781 -0.979760 0.028212 -0.024595 -18.669987 0.000044 0.000035 -0.000051 0.031775 -0.014641 -0.003475 -0.000010 0.000004 -0.000020 
-10.524793 25.625305 -1.833224 -1.125942 -0.560035 15.021276 -1.932208 -7.769589 -12.778202 4.684668 1.571441 -27.037423 -6.802885 2.275259 19.478277 0.870526 10.346856 21.443194 8.028532 21.936505 24.645559 -1.790852 -0.956786 -7.123271 -8.845945 9.165339 5.037320 4.119264 -1.092322 -50.357349 -2.538799 -1.284120 32.988717 8.978323 2.595430 16.344219 -0.196021 -0.007433 2.102719 -0.000000 0.000000 0.000000 6.208607 16.749987 8.850132 -4.687795 1.652327 -59.483079 3.937492 3.622719 64.503883 -5.775752 -3.129972 -10.553653 0.047114 -2.645968 -0.001363 0.003744 0.000048 0.039398 -2.335170 -5.746491 12.900517 -3.569574 -8.968389 6.315910 -4.268953 -0.686656 2.774320 -4.933658 -5.440366 -15.009194 3.092944 23.946512 2.527557 -0.961856 -4.954431 51.133105 3.586996 -5.586801 13.155793 20.853493 -6.597654 -62.417055 -0.000095 0.039574 -0.000079 23.874711 2.887185 -3.994443 -14.684734 -30.670521 10.025702 1.009626 2.207854 23.948614 4.429120 18.335694 3.101292 -17.652752 3.872099 -62.165657 -0.000007 0.000004 0.000004 -4.728017 3.462837 1.807190 14.923825 -1.097452 11.048892 -0.019299 0.002050 -0.003421 -0.002253 -0.003442 -0.001101 5.683833 3.758765 -5.499863 -0.274551 -5.109511 -3.977626 21.314797 -20.421246 2.677230 -1.093562 -1.201114 -0.941876 0.026260 -0.022754 -18.296924 0.000043 0.000035 -0.000053 0.031776 -0.014644 -0.003473 -0.000005 0.000009 -0.000026 
-9.932458 24.412809 -1.342055 -0.714645 -0.005360 10.386600 -2.528740 -10.761235 -13.868573 4.299049 0.054573 -25.646057 -5.069576 -0.539955 19.186812 0.754758 10.516867 21.477016 7.988937 21.945131 24.686619 -3.175993 -0.241992 -4.107703 -7.007387 11.235408 8.413166 4.593666 -1.546836 -57.869167 -2.770851 -1.517751 36.751448 7.903226 2.067428 19.594018 -0.208714 -0.008143 2.239188 -0.000000 -0.000000 0.000000 9.024740 18.800319 9.862437 -5.081746 2.172505 -66.940512 4.026347 3.996669 68.907354 -7.222194 -3.118322 -6.523845 0.047114 -2.645967 -0.001362 0.003744 0.000048 0.039398 -0.990480 -7.780012 9.644325 -1.834183 -10.235499 7.507188 -2.668422 -1.796419 10.572021 -6.942117 -4.324012 -25.160786 4.220999 21.904198 3.911320 -0.745606 -5.616697 57.981776 1.676477 1.810006 1.133627 15.963194 -7.064095 -56.893662 -0.000094 0.039574 -0.000080 19.152387 1.074744 -11.497843 -12.554338 -21.561910 -5.473227 1.150543 3.451067 36.226630 13.590605 5.751963 15.937691 -19.215294 -0.881839 -63.460981 -0.000009 0.000005 0.000006 -4.601272 1.787299 9.842928 15.657254 -1.774569 5.491488 -0.019370 0.002087 -0.003410 -0.002251 -0.003448 -0.001095 6.166479 4.165316 -6.118364 -1.129633 -5.655749 -4.821689 19.730916 -22.472629 2.558214 -0.282142 -0.927283 -0.907413 0.028436 -0.024385 -17.722563 0.000044 0.000037 -0.000051 0.031776 -0.014640 -0.003471 -0.000008 0.000004 -0.000020 
-9.581312 23.759531 -0.982991 -0.413474 0.239860 7.273066 -2.945009 -12.688126 -14.825812 4.136097 -0.684527 -24.850025 -4.014219 -2.196662 19.054911 0.728585 10.549897 21.485685 7.948925 21.953840 24.728121 -3.477488 0.184482 -1.142236 -6.007110 12.557232 9.618152 4.798631 -1.785308 -61.461594 -2.870416 -1.628024 38.448668 7.089524 1.749811 21.435801 -0.207723 -0.008070 2.223942 -0.000000 0.000000 0.000000 10.744150 19.872654 9.486169 -5.252280 2.450215 -70.662644 4.057206 4.176422 70.992119 -8.295351 -2.998397 -3.999153 0.047112 -2.645967 -0.001390 0.003744 0.000049 0.039398 -0.206569 -9.086489 6.643238 -0.588553 -10.445205 7.291164 -1.499280 -1.911204 14.795489 -8.921093 -3.715835 -30.202359 5.893638 20.404326 5.473913 -0.505537 -6.145788 63.697613 1.661594 7.176468 -7.939979 12.962184 -7.643409 -53.755740 -0.000094 0.039574 -0.000080 18.071297 0.085841 -15.582860 -8.803333 -18.902204 -12.383582 0.699124 5.731237 59.194565 11.034305 4.149221 5.810518 -19.284622 -0.742236 -64.135039 -0.000008 -0.000002 0.000005 -3.767341 0.352792 13.676972 14.820706 -1.189091 3.921416 -0.019231 0.002002 -0.003416 -0.002250 -0.003447 -0.001102 6.658526 4.570550 -6.746716 -2.001993 -6.194605 -5.683140 18.102580 -24.540569 2.373262 0.537274 -0.650577 -0.876557 0.033617 -0.028356 -16.863051 0.000042 0.000037 -0.000050 0.031776 -0.014640 -0.003473 -0.000006 0.000007 -0.000024 
-9.481109 23.761360 -0.772683 -0.339019 0.349793 5.615494 -3.103429 -13.460202 -15.592849 4.094999 -0.876326 -24.461356 -3.482536 -2.959044 18.887956 0.798191 10.365871 21.353179 7.909695 21.962309 24.768785 -2.698782 0.300716 0.937767 -6.051548 13.063860 10.023141 4.791211 -1.776127 -61.326773 -2.819499 -1.570813 37.573789 6.518492 1.567416 22.044231 -0.206745 -0.007998 2.209017 -0.000000 0.000000 0.000000 10.871603 20.242708 9.545165 -5.262945 2.469013 -70.909439 4.044609 4.098224 70.086716 -8.791684 -2.929644 -2.893819 0.047112 -2.645967 -0.001390 0.003744 0.000048 0.039398 -0.129891 -9.465453 3.973687 0.043927 -9.967106 5.569864 -1.161486 -1.150107 14.388067 -10.803204 -3.996159 -29.035298 10.047445 20.316927 7.395503 -0.073214 -6.854000 71.870864 1.575738 11.768644 -16.431849 12.098664 -7.801133 -52.659888 -0.000094 0.039573 -0.000080 17.523009 -0.401414 -14.987272 -6.412390 -17.622573 -10.778232 0.183729 6.693804 69.952250 9.655832 3.668648 -0.441317 -19.359811 -0.598108 -64.846226 -0.000009 0.000001 0.000003 -2.829450 -0.750657 12.779573 12.367316 0.567661 8.366513 -0.019234 0.002006 -0.003414 -0.002253 -0.003446 -0.001098 7.145674 4.962596 -7.366565 -2.866262 -6.710002 -6.536599 16.469106 -26.561948 2.124482 1.340676 -0.378079 -0.850492 0.027073 -0.022367 -15.672154 0.000044 0.000037 -0.000048 0.031775 -0.014642 -0.003477 -0.000007 0.000009 -0.000020 
-9.441668 23.960896 -0.587964 -0.306491 0.384395 4.315416 -3.049170 -13.423277 -16.193660 4.057672 -1.065294 -24.112680 -2.949929 -3.718939 18.498089 0.994425 9.841504 20.973233 8.043458 21.351819 24.372582 -1.490093 -0.136524 3.003051 -6.415245 13.457243 9.848346 4.716175 -1.685713 -59.984695 -2.706614 -1.449961 35.684511 5.938592 1.419954 22.527750 -0.205748 -0.007926 2.193896 -0.000000 0.000001 0.000000 10.488382 20.431264 9.659216 -5.233380 2.417359 -70.229815 4.012934 3.928801 68.116691 -9.075444 -2.859883 -2.133096 0.047110 -2.645967 -0.001410 0.003744 0.000048 0.039398 -0.202394 -9.661683 1.015840 0.638606 -9.098626 3.309062 -0.895947 -0.040254 12.803105 -12.941317 -4.621653 -26.140131 13.775534 19.997430 10.214689 0.253506 -7.270060 77.082093 2.153341 15.301753 -21.936307 11.760285 -7.867147 -52.226717 -0.000094 0.039576 -0.000079 16.981297 -0.903143 -13.168822 -4.689788 -16.356580 -5.853446 -0.257826 7.275356 77.146953 8.511005 3.353714 -5.995821 -19.444107 -0.447835 -65.628685 -0.000009 0.000003 0.000004 -1.658674 -1.976288 10.522976 8.564185 2.519964 14.889763 -0.019238 0.002007 -0.003424 -0.002254 -0.003450 -0.001099 7.642212 5.353178 -7.996303 -3.747729 -7.217502 -7.407284 14.177336 -28.190545 1.600788 2.137799 -0.030999 -0.833032 0.030629 -0.024614 -14.144959 0.000045 0.000037 -0.000048 0.031777 -0.014641 -0.003475 -0.000009 0.000006 -0.000022 
-9.451477 24.290621 -0.427313 -0.307809 0.361626 3.316731 -2.826450 -12.796869 -16.643291 4.023449 -1.252951 -23.801415 -2.431385 -4.480424 17.899805 1.292790 8.996093 20.350354 8.173406 20.734504 23.975711 -0.021837 -0.946284 5.010128 -7.000707 13.748000 9.236716 4.593115 -1.546235 -57.859858 -2.549985 -1.297327 33.190683 5.392009 1.336049 22.904582 -0.204766 -0.007855 2.178642 -0.000000 0.000000 0.000000 9.748008 20.490730 9.798297 -5.173603 2.317053 -68.896385 3.961138 3.702690 65.465772 -9.197482 -2.789985 -1.637112 0.047110 -2.645968 -0.001410 0.003744 0.000048 0.039398 -0.381781 -9.686755 -2.007580 1.199858 -8.004136 0.691375 -0.672919 1.273539 10.398388 -15.185811 -5.584454 -22.198622 16.691661 19.130393 13.457500 0.487882 -7.525991 80.500965 3.161188 17.571543 -25.338385 11.814168 -7.855708 -52.292864 -0.000095 0.039576 -0.000080 16.500439 -1.398634 -10.514299 -3.863746 -15.224983 1.536890 -0.549218 7.588410 81.360401 7.619320 2.835561 -10.888870 -19.527224 -0.294900 -66.419205 -0.000006 0.000002 0.000013 -0.421603 -3.281688 7.340666 3.792287 3.768211 22.778447 -0.019237 0.002023 -0.003420 -0.002254 -0.003445 -0.001101 8.148272 5.742108 -8.636117 -4.646594 -7.716443 -8.295461 11.809995 -29.815343 0.988199 2.970031 0.174512 -0.808545 -0.035097 0.003541 -12.367018 0.000045 0.000038 -0.000050 0.031778 -0.014640 -0.003473 -0.000007 0.000006 -0.000019 
-9.496235 24.668095 -0.292465 -0.325982 0.306823 2.571806 -2.506045 -11.824671 -16.958281 3.993071 -1.430053 -23.532081 -1.952788 -5.223698 17.122519 1.654409 7.917333 19.535683 8.295868 20.128339 23.589501 1.476996 -1.909287 6.863747 -7.675447 13.945548 8.379784 4.446897 -1.393179 -55.441516 -2.381376 -1.141867 30.564140 4.906420 1.280466 23.193610 -0.203785 -0.007785 2.163683 -0.000000 0.000000 0.000000 8.854429 20.466261 9.927849 -5.097859 2.197088 -67.276161 3.893608 3.461773 62.607030 -9.210733 -2.722887 -1.334147 0.047111 -2.645967 -0.001410 0.003744 0.000048 0.039398 -0.587959 -9.572193 -4.769806 1.707682 -6.871135 -2.010004 -0.486557 2.587671 7.636939 -17.295345 -6.801142 -18.007413 18.631185 17.671525 16.724828 0.655387 -7.691363 82.819718 4.394923 18.606231 -27.356692 12.098667 -7.801127 -52.659884 -0.000095 0.039574 -0.000080 16.125626 -1.846136 -7.512084 -3.864733 -14.514603 10.049953 -0.670415 7.705855 83.022910 7.000257 2.111476 -14.723665 -19.614463 -0.139127 -67.258369 -0.000007 -0.000000 0.000014 0.703594 -4.556132 3.776106 -1.059384 3.715241 30.863528 -0.019263 0.002017 -0.003421 -0.002254 -0.003447 -0.001098 8.649109 6.117859 -9.267243 -5.536661 -8.191972 -9.174970 9.428618 -31.384111 0.301104 3.772948 0.447792 -0.793858 0.024317 -0.018292 -10.487091 0.000046 0.000038 -0.000046 0.031778 -0.014642 -0.003477 -0.000009 0.000005 -0.000022 
-9.564326 25.033306 -0.177141 -0.355315 0.236221 1.984903 -2.140663 -10.700333 -17.172627 3.965013 -1.604238 -23.292934 -1.497934 -5.974983 16.160265 2.067825 6.577961 18.520562 8.470338 18.998409 22.856666 2.882135 -2.901271 8.545785 -8.340148 14.067686 7.454499 4.299564 -1.251235 -53.103901 -2.214879 -1.006091 28.115282 4.529079 1.268650 23.414213 -0.202818 -0.007714 2.148593 0.000000 0.000000 0.000000 7.962701 20.393213 10.063917 -5.019822 2.080850 -65.677323 3.817925 3.234977 59.875720 -9.174413 -2.660520 -1.148328 0.047082 -2.645967 -0.001429 0.003744 0.000049 0.039398 -0.787917 -9.353637 -7.120447 2.138618 -5.824330 -4.673821 -0.332010 3.794655 4.820613 -19.127467 -8.164284 -14.044641 19.763748 15.788780 19.926836 0.781872 -7.807745 84.512984 5.678988 18.703939 -28.660942 12.488159 -7.727125 -53.151982 -0.000094 0.039574 -0.000080 15.873013 -2.209854 -4.489053 -4.268257 -14.362513 18.706816 -0.657295 7.693460 82.845065 6.644808 1.335993 -17.375204 -19.700210 0.019476 -68.105613 -0.000006 -0.000002 0.000014 1.632913 -5.721020 0.161035 -5.253385 2.392387 38.375462 -0.019295 0.002037 -0.003422 -0.002253 -0.003441 -0.001098 9.159435 6.491765 -9.908425 -6.443964 -8.658441 -10.071760 6.574837 -32.370548 -0.616296 4.583673 0.723583 -0.782748 0.026358 -0.019123 -8.541449 0.000044 0.000037 -0.000051 0.031778 -0.014642 -0.003470 -0.000008 0.000009 -0.000022 
-9.643091 25.312458 -0.079622 -0.383655 0.167688 1.492624 -1.800683 -9.646684 -17.303275 3.939011 -1.774096 -23.081207 -1.085015 -6.737905 15.020822 2.488360 5.032759 17.318634 8.630010 17.855363 22.125201 4.002301 -3.763615 9.938129 -8.866562 14.120252 6.710008 4.185179 -1.148648 -51.348160 -2.086656 -0.905474 26.245277 4.149336 1.255375 23.636693 -0.197666 -0.007447 2.097990 -0.000000 0.000000 0.000000 7.258996 20.301863 10.277209 -4.961641 1.998525 -64.526068 3.749643 3.056269 57.690626 -9.138441 -2.597689 -0.960346 0.047082 -2.645967 -0.001429 0.003744 0.000048 0.039398 -0.922336 -9.063393 -8.808355 2.433078 -5.022365 -7.102287 -0.256955 4.734780 2.345768 -20.489036 -9.470027 -10.899763 20.308577 14.004704 22.972339 0.877039 -7.890893 85.757895 6.749325 18.287386 -29.738968 12.828197 -7.666016 -53.583278 -0.000094 0.039572 -0.000080 15.770044 -2.447244 -1.863641 -4.558190 -14.600520 26.277666 -0.577598 7.616526 81.753854 6.500345 0.766548 -18.902318 -19.784447 0.180888 -68.960991 -0.000007 0.000001 0.000014 2.285592 -6.641257 -3.061630 -8.099519 0.395830 44.378403 -0.019350 0.002070 -0.003419 -0.002253 -0.003441 -0.001099 9.695594 6.743673 -10.459585 -7.361356 -8.936378 -10.851628 3.643248 -33.326559 -1.611080 5.402269 1.002110 -0.775492 0.032742 -0.022915 -6.624069 0.000045 0.000036 -0.000053 0.031777 -0.014643 -0.003477 -0.000008 0.000006 -0.000022 
-9.717369 25.430805 0.000000 -0.396882 0.125030 1.032697 -1.556817 -8.913065 -17.367866 3.915666 -1.932831 -22.898742 -0.727590 -7.491367 13.754959 2.876098 3.368844 15.987765 8.770664 16.732737 21.415513 4.649983 -4.348487 10.885460 -9.118982 14.106164 6.423749 4.143269 -1.112608 -50.716504 -2.024284 -0.859937 25.362559 3.902035 1.253715 23.832191 -0.192634 -0.007189 2.048384 -0.000000 0.000000 0.000000 6.930870 20.223048 10.664764 -4.949497 1.981776 -64.289791 3.709375 2.959539 56.494001 -9.149870 -2.562711 -0.736891 0.047109 -2.645966 -0.001431 0.003744 0.000047 0.039398 -0.961031 -8.758948 -9.574698 2.527264 -4.616101 -9.039732 -0.325315 5.250786 0.653604 -21.131343 -10.455948 -9.110637 20.514309 13.106873 25.780622 0.940838 -7.944633 86.579649 7.302343 17.929458 -31.029293 12.970735 -7.641826 -53.766631 -0.000094 0.039578 -0.000080 15.815906 -2.495368 -0.088166 -4.388036 -14.788379 31.535987 -0.520052 7.559099 80.953055 6.430902 0.558864 -19.742590 -19.865279 0.340844 -69.808577 -0.000007 -0.000001 0.000014 2.596214 -7.146996 -5.384560 -9.339425 -1.295137 48.046535 -0.019235 0.002006 -0.003418 -0.002251 -0.003441 -0.001098 10.223991 6.985611 -11.002540 -8.265295 -9.196704 -11.621172 0.717112 -34.219159 -2.653607 6.205107 1.275422 -0.772336 0.051525 -0.034864 -4.879274 0.000047 0.000039 -0.000048 0.031777 -0.014643 -0.003477 -0.000008 0.000008 -0.000024 
-9.783477 25.389584 0.060625 -0.391092 0.101789 0.634403 -1.374952 -8.371564 -17.406696 3.893886 -2.086721 -22.736402 -0.417867 -8.254596 12.337769 3.220520 1.569247 14.503680 8.792998 15.318984 20.479509 4.913972 -4.785634 11.501177 -9.149978 14.060687 6.437812 4.172426 -1.137597 -51.155327 -2.036629 -0.868833 25.536482 3.735653 1.238392 23.986608 -0.187530 -0.006933 1.998304 -0.000000 -0.000000 0.000000 6.913587 20.157816 11.186285 -4.985368 2.031676 -64.991620 3.701892 2.942172 56.278010 -9.184743 -2.547483 -0.488232 0.047077 -2.645968 -0.001470 0.003744 0.000048 0.039398 -0.938391 -8.401552 -9.556539 2.411603 -4.521130 -10.716650 -0.590627 5.424843 -0.478903 -21.250629 -11.120805 -8.194075 20.728169 12.964894 28.121984 0.974946 -7.972733 87.015080 7.374743 17.750217 -32.205647 12.952832 -7.648446 -53.740652 -0.000094 0.039576 -0.000080 16.055447 -2.361333 1.067564 -3.799537 -14.889614 34.988334 -0.502264 7.541013 80.703213 6.428722 0.582640 -20.291415 -19.944472 0.503590 -70.664331 -0.000007 -0.000001 0.000013 2.631731 -7.270213 -7.097178 -9.423135 -2.463420 50.044793 -0.019234 0.002005 -0.003413 -0.002255 -0.003445 -0.001098 10.760243 7.224937 -11.553465 -9.182354 -9.447464 -12.403065 -2.359074 -34.452362 -3.759809 7.016025 1.551442 -0.773045 0.034206 -0.022475 -3.347765 0.000044 0.000035 -0.000044 0.031778 -0.014639 -0.003475 -0.000008 0.000005 -0.000024 
-9.849001 25.249916 0.099536 -0.389085 0.075089 0.372484 -1.182715 -7.794870 -17.458713 3.873511 -2.236031 -22.591069 -0.170678 -9.027566 10.773884 3.496082 -0.317044 12.881497 8.791388 13.891163 19.541038 4.993868 -5.282725 11.964933 -9.096639 14.011413 6.439171 4.241118 -1.198028 -52.200790 -2.103100 -0.917737 26.479791 3.652447 1.229854 24.044052 -0.182407 -0.006679 1.947725 -0.000000 0.000000 0.000000 7.020667 20.085983 11.735403 -5.050070 2.125078 -66.289233 3.716048 2.975185 56.688234 -9.219673 -2.532439 -0.237412 0.047077 -2.645968 -0.001470 0.003744 0.000047 0.039398 -0.905422 -7.952419 -9.070022 2.152616 -4.547341 -12.412348 -1.039784 5.439911 -1.485655 -21.190431 -11.623689 -7.400243 21.163565 12.927544 29.669638 0.977851 -7.975106 87.052018 7.179582 17.504477 -32.591009 12.934755 -7.655143 -53.714428 -0.000094 0.039574 -0.000080 16.463375 -2.090401 2.077326 -2.957822 -15.143410 37.696043 -0.484348 7.522649 80.450558 6.588754 0.669314 -20.540281 -20.021982 0.669107 -71.528289 -0.000007 0.000005 0.000014 2.514357 -7.140403 -8.688498 -8.844651 -3.399014 51.367804 -0.019232 0.002006 -0.003418 -0.002256 -0.003447 -0.001098 11.304278 7.461410 -12.112357 -10.112468 -9.688195 -13.197249 -5.477918 -34.638611 -4.893425 7.835020 1.830111 -0.777640 0.027868 -0.017899 -2.131520 0.000044 0.000036 -0.000046 0.031779 -0.014640 -0.003475 -0.000010 0.000002 -0.000022 
-9.919171 25.046543 0.120376 -0.383889 0.046248 0.220973 -0.988954 -7.203964 -17.515771 3.855050 -2.375218 -22.462942 0.014692 -9.788190 9.132055 3.681474 -2.202033 11.180767 8.766328 12.491339 18.625940 4.928217 -5.807637 12.290388 -8.976883 13.951059 6.439863 4.333897 -1.283287 -53.640566 -2.204338 -0.995515 27.938930 3.630069 1.209602 24.031609 -0.177374 -0.006435 1.898112 -0.000000 0.000000 0.000000 7.217168 20.003958 12.320131 -5.130816 2.248380 -67.972458 3.743339 3.040744 57.499237 -9.218437 -2.535052 -0.019309 0.047077 -2.645968 -0.001470 0.003744 0.000048 0.039398 -0.874064 -7.450601 -8.223563 1.779145 -4.664857 -14.058037 -1.603851 5.327543 -2.351728 -20.987920 -11.976164 -6.737395 21.753703 12.988417 30.538920 0.950766 -7.952859 86.706656 6.766724 17.202735 -32.296495 12.917024 -7.661713 -53.688681 -0.000094 0.039573 -0.000079 16.981312 -1.711362 2.915441 -1.938172 -15.498317 39.691100 -0.464201 7.501792 80.164933 6.876007 0.814245 -20.519381 -20.095569 0.832531 -72.375294 -0.000009 -0.000003 0.000004 2.285028 -6.810160 -10.125339 -7.822120 -4.030413 52.097155 -0.019234 0.002011 -0.003416 -0.002254 -0.003443 -0.001096 11.840363 7.688096 -12.662855 -11.028428 -9.911656 -13.980247 -8.546324 -34.769696 -6.017491 8.638192 2.103285 -0.786045 0.054616 -0.034523 -1.346357 0.000045 0.000037 -0.000051 0.031777 -0.014640 -0.003470 -0.000008 0.000006 -0.000027 
-10.003394 24.802118 0.128031 -0.381212 0.019057 0.151635 -0.785534 -6.584646 -17.579430 3.837876 -2.508246 -22.344554 0.133148 -10.549581 7.371287 3.773765 -4.089212 9.368280 8.718148 11.078178 17.705925 4.747968 -6.358269 12.510857 -8.802252 13.869534 6.454775 4.441278 -1.387549 -55.350648 -2.326981 -1.095437 29.746898 3.663328 1.195701 23.946710 -0.172279 -0.006190 1.848025 -0.000000 0.000000 0.000000 7.478746 19.904792 12.984465 -5.220279 2.394914 -69.933050 3.777232 3.126042 58.547528 -9.217189 -2.537687 0.200955 0.047077 -2.645968 -0.001470 0.003744 0.000048 0.039398 -0.845934 -6.902719 -7.074626 1.304095 -4.849391 -15.661586 -2.263765 5.109853 -3.106251 -20.685904 -12.213255 -6.182191 22.458890 13.143416 30.930081 0.891207 -7.902972 85.941415 6.163224 16.841034 -31.405661 12.871687 -7.679737 -53.622439 -0.000094 0.039569 -0.000079 17.587727 -1.247986 3.619901 -0.769902 -15.937775 41.166342 -0.436792 7.473076 79.773823 7.274851 1.027724 -20.233945 -20.161361 0.993342 -73.167712 -0.000009 0.000006 0.000004 1.975646 -6.316765 -11.438023 -6.488162 -4.387600 52.331864 -0.019228 0.002017 -0.003394 -0.002254 -0.003447 -0.001098 12.384257 7.911835 -13.221242 -11.957102 -10.124841 -14.775156 -11.414508 -34.310434 -7.003253 9.449605 2.379034 -0.798506 0.032717 -0.020565 -1.061507 0.000043 0.000036 -0.000048 0.031776 -0.014641 -0.003471 -0.000007 0.000005 -0.000024 
-10.109575 24.545013 0.126499 -0.375956 -0.015406 0.136814 -0.577780 -5.945433 -17.649699 3.821980 -2.635347 -22.232457 0.184138 -11.316304 5.501213 3.767878 -5.922346 7.465070 8.646493 9.652119 16.779955 4.484337 -6.919669 12.648246 -8.587979 13.757192 6.511037 4.552085 -1.501969 -57.170370 -2.455329 -1.207201 31.691798 3.697003 1.181604 23.860766 -0.164129 -0.005788 1.760651 -0.000000 -0.000000 0.000000 7.776590 19.784463 13.766545 -5.310275 2.554809 -72.028463 3.809816 3.212639 59.604301 -9.158213 -2.557073 0.441481 0.047078 -2.645968 -0.001471 0.003744 0.000048 0.039398 -0.814570 -6.323213 -5.698547 0.756498 -5.087776 -17.196290 -2.965834 4.812033 -3.760419 -20.342088 -12.351521 -5.749368 23.220570 13.361424 31.022470 0.796879 -7.821108 84.710916 5.406257 16.400690 -30.023845 12.825929 -7.697989 -53.555558 -0.000094 0.039574 -0.000080 18.233130 -0.719073 4.192467 0.479924 -16.448880 42.231111 -0.395693 7.429270 79.182164 7.760402 1.300571 -19.664101 -20.225454 1.156586 -73.967165 -0.000007 0.000007 0.000014 1.615522 -5.707239 -12.632340 -4.982395 -4.478453 52.149311 -0.019240 0.002004 -0.003425 -0.002258 -0.003445 -0.001101 12.935928 8.132474 -13.787602 -12.896832 -10.326050 -15.579856 -14.284384 -33.807008 -7.963895 10.267294 2.656367 -0.814643 0.022047 -0.013882 -1.104362 0.000044 0.000038 -0.000046 0.031779 -0.014639 -0.003473 -0.000009 0.000004 -0.000024 
-10.241146 24.310879 0.120228 -0.371720 -0.050065 0.156580 -0.372468 -5.303519 -17.712147 3.808467 -2.748130 -22.126248 0.164223 -12.050929 3.596897 3.675621 -7.616068 5.541989 8.553665 8.255048 15.873582 4.176371 -7.457468 12.721515 -8.358036 13.608207 6.644861 4.654845 -1.614900 -58.914623 -2.572008 -1.315719 33.512501 3.741613 1.166344 23.751155 -0.156142 -0.005405 1.674937 -0.000000 0.000000 0.000000 8.073018 19.644802 14.684840 -5.390965 2.710943 -74.035494 3.835152 3.283523 60.464134 -9.100285 -2.575841 0.677363 0.047078 -2.645968 -0.001477 0.003744 0.000048 0.039398 -0.784663 -5.756722 -4.227812 0.180889 -5.341820 -18.582641 -3.645616 4.471896 -4.300876 -20.024843 -12.411763 -5.450634 23.962119 13.612493 31.006504 0.672252 -7.707295 83.048366 4.573616 15.888278 -28.314039 12.781076 -7.715947 -53.490008 -0.000094 0.039573 -0.000080 18.854420 -0.167035 4.634815 1.698335 -16.995922 42.983897 -0.336474 7.364515 78.317920 8.287854 1.636639 -18.826184 -20.277998 1.313377 -74.692968 -0.000007 -0.000004 0.000013 1.247102 -5.048501 -13.677234 -3.485120 -4.357849 51.637057 -0.019230 0.002024 -0.003414 -0.002255 -0.003440 -0.001101 13.479355 8.343484 -14.345276 -13.658117 -10.391444 -16.173859 -17.071344 -33.273830 -8.869480 10.883340 2.836611 -0.805114 0.012979 -0.008177 -1.223254 0.000043 0.000034 -0.000051 0.031779 -0.014642 -0.003475 -0.000008 0.000007 -0.000026 
-10.409308 24.121460 0.113302 -0.365558 -0.084548 0.185601 -0.163326 -4.648879 -17.774744 3.795038 -2.862033 -22.018986 0.079136 -12.778469 1.610887 3.513189 -9.166932 3.564540 8.437770 6.845800 14.958968 3.849901 -7.971868 12.765978 -8.123576 13.406542 6.914169 4.745717 -1.720797 -60.508598 -2.668153 -1.410557 35.055468 3.786634 1.150849 23.640502 -0.148087 -0.005031 1.588377 -0.000000 0.000000 0.000000 8.348666 19.479508 15.823580 -5.460099 2.856511 -75.875868 3.848272 3.321655 60.924714 -8.986846 -2.602704 0.964296 0.047074 -2.645968 -0.001505 0.003744 0.000048 0.039398 -0.754208 -5.203583 -2.699475 -0.411949 -5.605362 -19.829380 -4.273185 4.099651 -4.752450 -19.758112 -12.432611 -5.274071 24.654633 13.881167 31.055197 0.514722 -7.553412 80.878845 3.677868 15.300939 -26.328014 12.718085 -7.741235 -53.398371 -0.000094 0.039574 -0.000080 19.434634 0.386884 4.965839 2.846901 -17.586233 43.571570 -0.251180 7.267648 77.046651 8.845206 2.047833 -17.670196 -20.322642 1.467685 -75.373685 -0.000007 -0.000000 0.000014 0.885967 -4.380917 -14.608820 -2.066849 -4.083178 50.850755 -0.019262 0.002019 -0.003409 -0.002253 -0.003441 -0.001098 14.030497 8.551288 -14.910837 -14.427733 -10.449645 -16.774723 -19.416976 -32.336339 -9.521854 11.505644 3.018804 -0.797461 0.034212 -0.021646 -1.414229 0.000043 0.000035 -0.000046 0.031778 -0.014640 -0.003471 -0.000007 0.000008 -0.000022 
-10.622520 24.007202 0.110024 -0.360644 -0.129540 0.190478 0.045231 -3.991965 -17.831126 3.783676 -2.965277 -21.907026 -0.077625 -13.489667 -0.450419 3.304912 -10.529844 1.558171 8.193854 5.750504 14.228533 3.536839 -8.446639 12.804550 -7.903412 13.137404 7.387433 4.818675 -1.810312 -61.827549 -2.731697 -1.476133 36.098666 3.782302 1.160671 23.557029 -0.139943 -0.004666 1.500983 -0.000000 0.000001 0.000000 8.574441 19.286016 17.251697 -5.513321 2.977579 -77.386228 3.843033 3.306323 60.739636 -8.823595 -2.637432 1.300430 0.047073 -2.645969 -0.001525 0.003744 0.000049 0.039398 -0.713129 -4.685639 -1.201724 -0.988244 -5.859423 -20.897613 -4.792752 3.722745 -5.116525 -19.612219 -12.430277 -5.232236 25.244299 14.131999 31.330088 0.328385 -7.355230 78.199198 2.762555 14.621543 -24.163683 12.654519 -7.766877 -53.305873 -0.000095 0.039574 -0.000080 19.913869 0.921893 5.208129 3.852471 -18.204063 44.121215 -0.134418 7.127642 75.251206 9.403083 2.558539 -16.159767 -20.362510 1.617331 -76.004166 -0.000007 0.000006 0.000014 0.562390 -3.747965 -15.422806 -0.839047 -3.728597 49.852690 -0.019278 0.002044 -0.003424 -0.002253 -0.003442 -0.001098 14.448995 8.657312 -15.298635 -15.205620 -10.500390 -17.382382 -21.748700 -31.368457 -10.127941 12.134125 3.202851 -0.791712 0.053002 -0.033717 -1.671700 0.000041 0.000037 -0.000044 0.031777 -0.014644 -0.003473 -0.000007 0.000005 -0.000020 
-10.867991 23.951733 0.107861 -0.353049 -0.176041 0.190199 0.251141 -3.349056 -17.879436 3.774264 -3.057251 -21.790211 -0.292785 -14.153619 -2.509324 3.085638 -11.630702 -0.390579 7.941382 4.679604 13.508939 3.279826 -8.844169 12.869351 -7.738553 12.814430 7.990626 4.877821 -1.886109 -62.925734 -2.770079 -1.516920 36.738498 3.778065 1.170312 23.475188 -0.131958 -0.004320 1.415295 -0.000000 -0.000000 0.000000 8.721971 19.059103 18.844699 -5.553468 3.075104 -78.590718 3.822996 3.249112 60.047253 -8.612689 -2.674588 1.650717 0.047073 -2.645969 -0.001525 0.003744 0.000048 0.039398 -0.654250 -4.239672 0.148901 -1.499295 -6.083642 -21.731808 -5.146504 3.371228 -5.394779 -19.619983 -12.443044 -5.316443 25.641521 14.309061 31.834463 0.135673 -7.128905 75.271144 1.894263 13.923397 -22.058967 12.592222 -7.792121 -53.215230 -0.000094 0.039574 -0.000080 20.259072 1.387704 5.356706 4.589666 -18.896412 44.681854 0.004635 6.948352 73.016826 9.965454 3.088705 -14.416021 -20.389365 1.757686 -76.558081 -0.000006 0.000002 0.000013 0.297633 -3.227791 -16.109771 0.072883 -3.377059 48.742101 -0.019318 0.002070 -0.003409 -0.002255 -0.003443 -0.001101 14.860204 8.758456 -15.679732 -15.969016 -10.542179 -17.978892 -23.999929 -30.398703 -10.670989 12.750531 3.383368 -0.788029 0.017846 -0.011428 -1.979077 0.000043 0.000035 -0.000044 0.031776 -0.014643 -0.003475 -0.000008 0.000007 -0.000022 
-11.140513 23.915089 0.101819 -0.347868 -0.220648 0.209686 0.454447 -2.704940 -17.912463 3.766538 -3.141871 -21.661347 -0.567996 -14.794366 -4.614023 2.828254 -12.566652 -2.466080 7.673163 3.601378 12.778431 3.104227 -9.165118 12.990351 -7.666612 12.439526 8.618440 4.934824 -1.962075 -64.010388 -2.801636 -1.551151 37.270331 3.773802 1.180053 23.392556 -0.123891 -0.003983 1.328737 -0.000000 0.000000 0.000000 8.772819 18.774003 20.500661 -5.588325 3.164872 -79.690563 3.795256 3.173340 59.125649 -8.399446 -2.710801 2.004621 0.047073 -2.645969 -0.001525 0.003744 0.000049 0.039398 -0.568118 -3.872114 1.302120 -1.932561 -6.271498 -22.318464 -5.298933 3.060969 -5.593777 -19.842893 -12.489494 -5.542716 25.762290 14.345994 32.518237 -0.046783 -6.890730 72.316322 1.184895 13.111082 -20.168090 12.529345 -7.817711 -53.123664 -0.000094 0.039573 -0.000080 20.433278 1.778008 5.437816 4.978073 -19.785707 45.305454 0.160626 6.728328 70.361194 10.595480 3.581045 -12.479536 -20.408076 1.893336 -77.044063 -0.000006 0.000002 0.000013 0.118898 -2.853801 -16.694248 0.606572 -3.095436 47.556305 -0.019237 0.002009 -0.003404 -0.002256 -0.003442 -0.001100 15.276249 8.857893 -16.065466 -16.740449 -10.576473 -18.581924 -25.723034 -29.259803 -10.968734 13.373113 3.565717 -0.786332 0.051598 -0.033260 -2.337972 0.000044 0.000038 -0.000051 0.031778 -0.014641 -0.003475 -0.000009 0.000005 -0.000020 
-11.437529 23.896063 0.092570 -0.340653 -0.268375 0.244725 0.655331 -2.073573 -17.932464 3.760656 -3.218947 -21.516402 -0.900397 -15.393933 -6.747707 2.470998 -13.437300 -4.809191 7.270351 2.770734 12.484274 3.038637 -9.388708 13.200726 -7.718885 12.010036 9.234896 4.989606 -2.038036 -65.080078 -2.826292 -1.578345 37.689663 3.768075 1.198683 23.269269 -0.115743 -0.003655 1.241322 -0.000000 0.000000 0.000000 8.699768 18.418042 22.169732 -5.617938 3.245434 -80.670920 3.759406 3.080612 57.990137 -8.145114 -2.733888 2.319361 0.047072 -2.645967 -0.001539 0.003744 0.000047 0.039398 -0.437468 -3.602482 2.174765 -2.250102 -6.406269 -22.613486 -5.256975 2.755744 -5.685330 -20.271330 -12.526922 -5.916962 25.548813 14.206546 33.377598 -0.210113 -6.653421 69.479901 0.646419 12.237481 -18.597715 12.465887 -7.843653 -53.031231 -0.000094 0.039573 -0.000080 20.433672 2.110975 5.414805 4.926913 -20.892792 46.061054 0.330123 6.461546 67.249715 11.300283 4.032328 -10.367022 -20.418728 2.024734 -77.448587 -0.000006 -0.000003 0.000013 -0.013135 -2.564805 -17.153595 0.755809 -2.988883 46.206383 -0.019235 0.002006 -0.003406 -0.002252 -0.003444 -0.001098 15.697206 8.955521 -16.455806 -17.517543 -10.602609 -19.189259 -27.437515 -28.102836 -11.226759 14.001920 3.749846 -0.786584 0.044834 -0.029122 -2.758819 0.000043 0.000034 -0.000043 0.031779 -0.014641 -0.003477 -0.000008 0.000006 -0.000020 
-11.746640 23.893009 0.081219 -0.335396 -0.317386 0.293268 0.843265 -1.470227 -17.930206 3.756941 -3.285572 -21.356468 -1.270844 -15.940275 -8.834157 2.032085 -14.199174 -7.299291 6.871416 1.958279 12.190256 3.087646 -9.461837 13.508452 -7.894947 11.502602 9.799843 5.040705 -2.111670 -66.103664 -2.843887 -1.597997 37.990974 3.762504 1.216964 23.148353 -0.107754 -0.003343 1.155613 -0.000000 -0.000000 0.000000 8.503781 17.961599 23.776025 -5.641792 3.313625 -81.496089 3.716463 2.976161 56.700348 -7.895599 -2.755156 2.628094 0.047072 -2.645968 -0.001539 0.003744 0.000048 0.039398 -0.250954 -3.459301 2.818427 -2.469673 -6.540776 -22.567073 -5.091824 2.414823 -5.645434 -20.828846 -12.492477 -6.406735 24.973714 13.890692 34.184137 -0.356948 -6.415919 66.731358 0.265716 11.291323 -17.191817 12.403710 -7.869187 -52.940622 -0.000095 0.039576 -0.000080 20.353521 2.427149 5.253007 4.346790 -22.249835 46.692136 0.508347 6.140597 63.637050 12.110756 4.460357 -7.942127 -20.419441 2.141039 -77.760823 -0.000007 -0.000000 0.000014 -0.134238 -2.280138 -17.468844 0.590285 -3.041762 44.507849 -0.019236 0.002012 -0.003409 -0.002254 -0.003446 -0.001098 16.110700 9.048460 -16.839374 -18.044388 -10.578559 -19.574557 -29.094932 -26.961448 -11.438939 14.618657 3.930358 -0.788858 0.038223 -0.025036 -3.171504 0.000038 0.000029 -0.000039 0.031776 -0.014643 -0.003473 -0.000009 0.000006 -0.000026 
-12.073836 23.904106 0.068189 -0.327389 -0.364525 0.356798 1.028506 -0.887934 -17.908783 3.755398 -3.343549 -21.173163 -1.683326 -16.440610 -10.924007 1.505292 -14.904730 -9.986949 6.464485 1.139885 11.887761 3.204173 -9.374430 13.879218 -8.172272 10.880382 10.342700 5.089184 -2.184227 -67.100243 -2.855527 -1.611112 38.191290 3.760604 1.245776 22.980134 -0.099687 -0.003042 1.069061 -0.000000 0.000001 0.000000 8.203591 17.374304 25.368479 -5.660803 3.370363 -82.179627 3.665167 2.859421 55.244097 -7.627082 -2.759001 2.892214 0.047072 -2.645969 -0.001539 0.003744 0.000048 0.039398 -0.002706 -3.417303 3.399716 -2.652361 -6.722688 -22.185534 -4.819419 2.036919 -5.495439 -21.498753 -12.398805 -6.999969 24.070471 13.441657 34.819283 -0.502633 -6.151398 63.759720 -0.022582 10.237692 -15.658948 12.340946 -7.895081 -52.849142 -0.000094 0.039573 -0.000080 20.203338 2.738126 4.973910 3.187993 -23.872846 47.034602 0.695590 5.739637 59.284123 13.049230 4.963048 -4.989648 -20.408889 2.253138 -77.973911 -0.000010 -0.000007 0.000003 -0.248416 -1.998713 -17.666988 0.133066 -3.181694 42.338884 -0.019241 0.002013 -0.003404 -0.002254 -0.003447 -0.001098 16.529051 9.139572 -17.227484 -18.576221 -10.550787 -19.963337 -30.247080 -25.878217 -11.489491 14.996237 4.020877 -0.761696 0.037153 -0.024545 -3.640473 0.000039 0.000027 -0.000048 0.031776 -0.014643 -0.003471 -0.000009 0.000007 -0.000020 
-12.416267 23.927986 0.054225 -0.322717 -0.419682 0.427200 1.202794 -0.320955 -17.858549 3.756219 -3.392829 -20.962112 -2.130509 -16.888172 -13.000687 0.888423 -15.503956 -12.825412 6.049278 0.315667 11.576485 3.375201 -9.144875 14.295437 -8.532497 10.166201 10.880418 5.135284 -2.255854 -68.073019 -2.861073 -1.617411 38.287179 3.758726 1.274970 22.809695 -0.091540 -0.002751 0.981673 -0.000000 -0.000001 0.000000 7.818805 16.682582 26.936489 -5.675159 3.414791 -82.712983 3.605570 2.733013 53.648107 -7.355634 -2.747694 3.105754 0.047069 -2.645969 -0.001573 0.003744 0.000048 0.039398 0.296254 -3.461056 3.916848 -2.792634 -6.939613 -21.509169 -4.451800 1.635101 -5.255306 -22.264269 -12.255342 -7.680637 22.884899 12.918882 35.341608 -0.642859 -5.860661 60.584591 -0.230048 9.119053 -14.033781 12.277765 -7.921261 -52.757040 -0.000094 0.039572 -0.000080 19.998533 3.041987 4.602686 1.469275 -25.612719 47.203376 0.876292 5.250036 54.153711 14.045895 5.598155 -1.600944 -20.385145 2.354215 -78.086547 -0.000009 -0.000006 0.000003 -0.355148 -1.731684 -17.762744 -0.570068 -3.382160 39.799130 -0.019225 0.002037 -0.003390 -0.002251 -0.003444 -0.001098 16.950142 9.228162 -17.618213 -19.113009 -10.519169 -20.355668 -31.399244 -24.783891 -11.515871 15.377502 4.112419 -0.734883 0.036036 -0.024029 -4.114216 0.000043 0.000032 -0.000048 0.031777 -0.014640 -0.003473 -0.000008 0.000007 -0.000020 
-12.760503 23.961895 0.040498 -0.312207 -0.473691 0.504843 1.361140 0.194312 -17.784317 3.759490 -3.431396 -20.726638 -2.586258 -17.266804 -14.984884 0.220747 -16.020774 -15.700037 5.637741 -0.490305 11.265406 3.569117 -8.810988 14.707684 -8.941885 9.407267 11.414362 5.177551 -2.323968 -68.988476 -2.861074 -1.617410 38.287175 3.752975 1.313345 22.586247 -0.083550 -0.002476 0.895965 -0.000000 0.000001 0.000000 7.385298 15.937422 28.426129 -5.685179 3.446648 -83.094470 3.540528 2.604632 52.004616 -7.092587 -2.722559 3.264123 0.047069 -2.645968 -0.001573 0.003744 0.000047 0.039398 0.633218 -3.562898 4.357285 -2.889396 -7.163037 -20.613417 -4.026251 1.230031 -4.953307 -23.081835 -12.077713 -8.396381 21.523529 12.380435 35.795871 -0.768943 -5.556589 57.348106 -0.364188 8.010821 -12.400757 12.232060 -7.940423 -52.691624 -0.000094 0.039578 -0.000080 19.770606 3.333708 4.174060 -0.694222 -27.264613 47.326514 1.025929 4.682846 48.391132 15.006822 6.375496 2.023189 -20.349300 2.441721 -78.084321 -0.000009 -0.000008 0.000004 -0.452102 -1.489901 -17.776833 -1.444883 -3.603405 37.085117 -0.019266 0.002024 -0.003397 -0.002257 -0.003448 -0.001102 17.158234 9.259500 -17.802378 -19.639085 -10.484567 -20.739999 -32.518510 -23.710105 -11.517967 15.751410 4.202366 -0.709192 0.033794 -0.022741 -4.596996 0.000044 0.000035 -0.000044 0.031776 -0.014642 -0.003471 -0.000010 0.000005 -0.000024 
-13.113572 24.005121 0.027366 -0.304014 -0.530849 0.587967 1.508196 0.685754 -17.674983 3.765366 -3.460834 -20.456104 -3.054595 -17.594610 -16.926225 -0.505447 -16.434946 -18.655904 5.217620 -1.301969 10.945328 3.777993 -8.389620 15.102808 -9.390090 8.605121 11.978106 5.217585 -2.390804 -69.878197 -2.856287 -1.611972 38.204380 3.747312 1.352118 22.360607 -0.089803 -0.002700 0.968589 -0.000000 0.000000 0.000000 6.911858 15.145823 29.872652 -5.691346 3.466604 -83.333021 3.469673 2.474307 50.310579 -6.835838 -2.679161 3.354868 0.047069 -2.645970 -0.001573 0.003744 0.000049 0.039398 0.993865 -3.705433 4.733795 -2.946098 -7.384156 -19.527461 -3.545407 0.822895 -4.596700 -23.947101 -11.871850 -9.152037 20.011490 11.864923 36.226528 -0.881172 -5.234370 53.994845 -0.450432 6.904400 -10.738284 12.185933 -7.959815 -52.625542 -0.000094 0.039572 -0.000080 20.137611 3.757214 3.649743 -3.770314 -27.363476 45.044626 1.084263 4.360849 45.179523 14.843550 6.936414 3.619161 -20.193765 2.341786 -76.681632 -0.000009 -0.000006 0.000004 -0.536989 -1.283136 -17.727459 -2.464418 -3.818694 34.226143 -0.019284 0.002069 -0.003398 -0.002250 -0.003440 -0.001101 17.368478 9.290486 -17.988522 -20.170080 -10.446159 -21.127744 -33.200716 -22.886372 -11.459910 16.129022 4.293432 -0.683856 0.031502 -0.021403 -5.084545 0.000044 0.000036 -0.000043 0.031776 -0.014640 -0.003477 -0.000009 0.000009 -0.000019 
-13.472341 24.056139 0.015638 -0.295735 -0.593433 0.671941 1.640317 1.130923 -17.529361 3.774057 -3.480551 -20.145814 -3.522588 -17.856029 -18.800260 -1.278162 -16.751205 -21.652205 4.788858 -2.119415 10.611751 3.977722 -7.907868 15.446461 -9.854290 7.782925 12.591387 5.254896 -2.455297 -70.729061 -2.846286 -1.600693 38.032191 3.732551 1.401849 22.070894 -0.096116 -0.002933 1.041948 -0.000000 0.000000 0.000000 6.422228 14.335363 31.266612 -5.693811 3.474706 -83.429804 3.394287 2.344929 48.600614 -6.596989 -2.617864 3.369373 0.047066 -2.645968 -0.001600 0.003744 0.000048 0.039398 1.374888 -3.861583 5.051487 -2.958355 -7.583440 -18.292237 -3.027386 0.426672 -4.208209 -24.835184 -11.655873 -9.917006 18.407910 11.378173 36.677716 -0.975751 -4.900164 50.583076 -0.491911 5.824737 -9.080753 12.139658 -7.979346 -52.559245 -0.000094 0.039573 -0.000080 21.321547 4.347311 3.045262 -8.100289 -25.670569 40.445501 1.093923 4.294922 44.525894 13.826655 6.562066 2.519936 -19.837439 2.006362 -73.257221 -0.000010 -0.000004 0.000004 -0.613452 -1.113139 -17.638187 -3.574499 -4.003959 31.330221 -0.019378 0.002085 -0.003421 -0.002253 -0.003443 -0.001101 17.580953 9.321093 -18.176614 -20.410716 -10.418339 -21.298654 -33.886536 -22.055359 -11.390998 16.510319 4.385495 -0.658835 0.029219 -0.020030 -5.576911 0.000041 0.000032 -0.000046 0.031776 -0.014644 -0.003478 -0.000007 0.000006 -0.000026 
-13.823185 24.111565 0.006353 -0.284980 -0.657204 0.754039 1.752093 1.520709 -17.346497 3.785308 -3.489744 -19.802349 -3.967404 -18.053216 -20.541642 -2.054358 -16.957990 -24.559096 4.380096 -2.939734 9.854906 4.148307 -7.411831 15.706365 -10.296336 6.986431 13.253723 5.289256 -2.516712 -71.532715 -2.832472 -1.585224 37.795292 3.718326 1.450688 21.786799 -0.102299 -0.003169 1.113845 -0.000000 0.000000 0.000000 5.954096 13.557161 32.564286 -5.693332 3.473099 -83.410618 3.319617 2.224949 46.986780 -6.379669 -2.540888 3.302344 0.047066 -2.645969 -0.001600 0.003744 0.000048 0.039398 1.747288 -4.013657 5.302281 -2.928928 -7.733127 -17.001603 -2.513124 0.059623 -3.819911 -25.697359 -11.440940 -10.653529 16.838037 10.948418 37.143723 -1.048112 -4.571731 47.281216 -0.508377 4.821407 -7.510063 12.122581 -7.987292 -52.533266 -0.000094 0.039575 -0.000080 22.727613 4.935883 2.414110 -12.102726 -22.697035 35.093727 1.088447 4.332973 44.903043 12.322538 5.961241 0.411454 -19.359227 1.658064 -68.984801 -0.000010 -0.000004 0.000004 -0.673983 -1.000072 -17.526571 -4.677366 -4.135103 28.586645 -0.019233 0.002006 -0.003420 -0.002255 -0.003445 -0.001101 17.789366 9.350426 -18.361196 -20.646559 -10.390383 -21.466019 -34.556055 -21.241110 -11.313353 16.884223 4.475932 -0.634955 0.026979 -0.018678 -6.059690 0.000038 0.000027 -0.000046 0.031776 -0.014639 -0.003471 -0.000010 0.000008 -0.000024 
-14.173326 24.171314 0.000000 -0.276641 -0.724065 0.832172 1.843830 1.866508 -17.117984 3.799470 -3.488811 -19.411848 -4.389332 -18.190132 -22.186978 -2.841241 -17.072983 -27.430280 3.956017 -3.762624 9.084025 4.283443 -6.914689 15.859231 -10.704249 6.213999 14.005065 5.321293 -2.575867 -72.300974 -2.814912 -1.565744 37.495707 3.699459 1.504611 21.446184 -0.108543 -0.003416 1.186491 0.000000 0.000000 0.000000 5.517113 12.816038 33.802203 -5.690018 3.462283 -83.281391 3.246345 2.114066 45.468996 -6.189050 -2.443154 3.142121 0.047066 -2.645968 -0.001600 0.003744 0.000048 0.039398 2.107177 -4.135598 5.495920 -2.867831 -7.820495 -15.670030 -2.006650 -0.281443 -3.444971 -26.528503 -11.241917 -11.358996 15.318376 10.568953 37.639052 -1.100099 -4.249335 44.076816 -0.510423 3.874573 -6.030424 12.105346 -7.995314 -52.507018 -0.000094 0.039579 -0.000080 23.834920 5.403051 1.809463 -14.822105 -19.019592 29.892630 1.086401 4.346688 45.039029 10.679022 5.746826 -1.228547 -18.830941 1.472513 -64.785656 -0.000010 -0.000006 0.000004 -0.719968 -0.943885 -17.410485 -5.738523 -4.202058 26.029071 -0.019232 0.002007 -0.003419 -0.002252 -0.003444 -0.001098 17.999970 9.379357 -18.547698 -20.884642 -10.361464 -21.634952 -34.851604 -20.825633 -11.259116 17.011592 4.487553 -0.580583 0.031127 -0.017619 -6.504372 0.000038 0.000026 -0.000046 0.031777 -0.014642 -0.003471 -0.000007 0.000006 -0.000024 
-14.527967 24.238682 -0.003933 -0.265681 -0.794194 0.916225 1.919235 2.148247 -16.845314 3.816635 -3.476913 -18.969303 -4.777726 -18.267249 -23.714407 -3.621359 -17.088698 -30.217317 3.533191 -4.665131 7.715887 4.366824 -6.442234 15.869893 -11.052821 5.487146 14.899779 5.351473 -2.633391 -73.042822 -2.792131 -1.540775 37.109603 3.668592 1.566133 21.061377 -0.114997 -0.003681 1.261284 -0.000000 0.000000 0.000000 5.132218 12.143217 35.005577 -5.683755 3.442051 -83.039473 3.175262 2.012258 44.050953 -6.026839 -2.341172 2.863694 0.047066 -2.645968 -0.001600 0.003744 0.000048 0.039398 2.438991 -4.209334 5.632860 -2.767386 -7.820726 -14.342812 -1.530353 -0.577906 -3.105846 -27.311345 -11.074565 -12.012744 13.931159 10.227091 38.194831 -1.132936 -3.937118 40.997507 -0.517556 2.991533 -4.655225 12.088255 -8.003279 -52.481005 -0.000094 0.039573 -0.000080 24.043000 5.646337 1.325375 -15.577587 -15.480583 25.374897 1.099940 4.250898 44.090063 9.377044 6.531730 -0.942601 -18.382182 1.615211 -61.746645 -0.000009 -0.000005 0.000004 -0.745909 -0.956283 -17.308171 -6.689244 -4.199819 23.770525 -0.019237 0.002014 -0.003425 -0.002253 -0.003445 -0.001098 18.210625 9.407686 -18.734307 -21.124966 -10.331558 -21.805381 -35.149735 -20.406387 -11.202192 17.140187 4.499387 -0.525653 0.035256 -0.016646 -6.952992 0.000038 0.000028 -0.000043 0.031777 -0.014640 -0.003475 -0.000006 0.000006 -0.000020 
-14.882990 24.314804 -0.006566 -0.254629 -0.867781 0.998118 1.969404 2.369170 -16.525504 3.836155 -3.454820 -18.485425 -5.110419 -18.279488 -25.068143 -4.357732 -17.017719 -32.805443 3.096914 -5.539998 6.365919 4.378425 -6.038635 15.722541 -11.310790 4.844573 15.960404 5.378379 -2.686251 -73.720171 -2.762866 -1.509186 36.617669 3.633635 1.624142 20.634944 -0.136531 -0.004551 1.478547 -0.000000 -0.000000 0.000000 4.825134 11.584785 36.169765 -5.674388 3.412340 -82.683599 3.108758 1.921620 42.767062 -5.881519 -2.223294 2.467870 0.047062 -2.645969 -0.001641 0.003744 0.000048 0.039398 2.726073 -4.211169 5.706034 -2.647951 -7.719585 -13.116890 -1.114576 -0.826087 -2.832577 -28.000933 -10.956595 -12.580853 12.788377 9.918263 38.827037 -1.148327 -3.646290 38.142085 -0.550433 2.206267 -3.438545 12.102323 -7.995974 -52.502185 -0.000094 0.039574 -0.000080 22.916051 5.605246 1.054546 -13.940612 -12.149006 20.984178 1.120628 4.074439 42.347426 8.435152 8.850585 1.969499 -18.070261 2.199726 -60.320508 -0.000009 -0.000007 0.000004 -0.754067 -1.041923 -17.246226 -7.433963 -4.139746 21.973641 -0.019258 0.002018 -0.003412 -0.002252 -0.003445 -0.001101 18.204758 9.409195 -18.731924 -21.360484 -10.301550 -21.972386 -35.441626 -19.995493 -11.144257 17.266314 4.511113 -0.471905 0.031292 -0.022185 -7.352194 0.000040 0.000027 -0.000051 0.031775 -0.014642 -0.003475 -0.000006 0.000007 -0.000022 
-15.247661 24.400677 -0.008141 -0.240893 -0.944473 1.085823 1.991200 2.525734 -16.148698 3.858522 -3.421252 -17.942270 -5.388992 -18.233612 -26.274449 -5.056722 -16.860324 -35.228593 2.623282 -6.487671 4.423706 4.310656 -5.715337 15.375372 -11.460376 4.288456 17.245447 5.403353 -2.736747 -74.363514 -2.726647 -1.470833 36.015034 3.594407 1.698216 20.143642 -0.158297 -0.005507 1.697948 -0.000000 0.000000 0.000000 4.609101 11.151273 37.335921 -5.661845 3.373539 -82.217774 3.047669 1.841970 41.620632 -5.759111 -2.093639 1.936355 0.047062 -2.645969 -0.001641 0.003744 0.000048 0.039398 2.958919 -4.120987 5.722832 -2.507855 -7.495093 -12.005125 -0.772323 -1.017507 -2.639031 -28.584169 -10.898272 -13.058557 11.926304 9.605482 39.535085 -1.149663 -3.379024 35.522509 -0.621018 1.499321 -2.402564 12.116524 -7.988604 -52.523581 -0.000094 0.039572 -0.000080 20.787698 5.357076 0.980349 -10.035736 -8.401443 16.627645 1.142078 3.799479 39.643101 6.976738 12.606352 6.853193 -17.804710 3.146316 -59.807226 -0.000009 -0.000006 0.000004 -0.739844 -1.213094 -17.236802 -7.933056 -4.035240 20.687475 -0.019276 0.002043 -0.003427 -0.002254 -0.003444 -0.001096 18.198826 9.410762 -18.729480 -21.208632 -10.303384 -21.852560 -35.487890 -19.898810 -11.123850 17.393664 4.523082 -0.417601 0.050589 -0.036087 -7.710783 0.000044 0.000034 -0.000075 0.031775 -0.014640 -0.003473 -0.000006 0.000007 -0.000020 
-15.620823 24.495234 -0.008790 -0.229238 -1.024523 1.178748 1.997228 2.611189 -15.716298 3.888968 -3.346479 -17.049429 -5.532148 -17.885105 -27.279641 -5.729312 -16.490761 -37.626959 2.024900 -7.608498 1.381248 4.138181 -5.472351 14.847535 -11.545121 3.930160 17.407637 5.492963 -2.930906 -76.805839 -2.869133 -1.626621 38.427020 3.811720 1.801127 18.643893 -0.278654 -0.012585 2.989133 0.000000 -0.000000 0.000000 4.496737 10.826097 38.271831 -5.645688 3.325076 -81.634257 3.023320 1.811135 41.171902 -5.694096 -1.927098 0.915107 0.047062 -2.645968 -0.001641 0.003744 0.000049 0.039398 3.154198 -3.938867 5.581351 -2.299497 -7.090231 -10.881644 -0.483107 -1.139942 -2.531594 -29.085790 -10.922383 -13.453880 11.294572 9.188043 40.123895 -1.141747 -3.162176 33.396326 -0.684005 0.838699 -1.654615 12.161568 -7.969861 -52.591067 -0.000094 0.039573 -0.000080 18.271497 4.996860 1.041591 -4.743544 -4.521192 13.392649 1.149072 3.348729 35.223798 4.509826 16.944596 12.755565 -17.558352 4.246651 -59.662624 -0.000009 -0.000008 0.000004 -0.689234 -1.593169 -17.307163 -8.210872 -3.839073 20.030477 -0.019320 0.002065 -0.003413 -0.002256 -0.003447 -0.001102 18.188112 9.411953 -18.723121 -21.055330 -10.304926 -21.731568 -35.147689 -20.192930 -11.127435 17.316655 4.265046 -0.327362 0.032065 -0.027223 -8.074597 0.000044 0.000035 -0.000077 0.031777 -0.014638 -0.003473 -0.000008 0.000004 -0.000022 
-15.990213 24.594265 -0.008682 -0.215262 -1.105380 1.270075 1.977014 2.643786 -15.238893 3.926805 -3.214927 -15.643570 -5.486393 -17.095859 -28.046874 -6.338305 -15.831009 -40.035027 1.187543 -8.895910 -2.998968 3.878587 -5.293130 14.190579 -11.582926 3.756301 16.162376 5.619418 -3.250424 -80.731381 -3.155113 -1.991928 43.732837 4.309329 1.977988 16.083402 -0.504556 -0.033260 5.421150 -0.000000 0.000000 0.000000 4.472240 10.576873 38.803886 -5.625933 3.267937 -80.943677 3.053194 1.849055 41.723252 -5.707920 -1.717806 -0.744815 0.047060 -2.645969 -0.001661 0.003744 0.000048 0.039398 3.337787 -3.694702 5.237233 -2.012612 -6.512260 -9.667567 -0.227207 -1.187717 -2.484118 -29.517106 -11.018445 -13.763878 10.792854 8.615375 40.429720 -1.131671 -3.013668 31.938132 -0.685116 0.220455 -1.259973 12.205750 -7.951535 -52.657279 -0.000094 0.039573 -0.000080 16.040189 4.638374 1.147682 0.666370 -0.951748 11.927202 1.103309 2.741745 29.258369 1.257104 20.665127 18.345647 -17.317555 5.260399 -59.347159 -0.000009 -0.000006 0.000004 -0.591771 -2.214886 -17.442435 -8.388404 -3.598663 19.947820 -0.019236 0.002012 -0.003422 -0.002252 -0.003444 -0.001098 17.703698 9.369899 -18.325409 -20.905010 -10.306100 -21.612954 -34.147879 -20.958557 -11.095695 17.241520 4.011933 -0.239199 0.013964 -0.018409 -8.431363 0.000044 0.000035 -0.000079 0.031774 -0.014644 -0.003471 -0.000008 0.000009 -0.000020 
-16.366020 24.701389 -0.007760 -0.200995 -1.186995 1.367120 1.943092 2.620137 -14.705114 3.965938 -3.035154 -13.793722 -5.268856 -15.954635 -28.631409 -6.845175 -14.923851 -42.437646 0.017509 -10.248375 -8.475706 3.542792 -5.150014 13.388987 -11.503358 3.698143 13.485466 5.695328 -3.480684 -83.501207 -3.425497 -2.397393 49.299978 4.891893 2.175286 13.617116 -0.731477 -0.063849 7.877238 -0.000000 0.000000 0.000000 4.516609 10.393545 39.055114 -5.601167 3.199289 -80.110134 3.121968 1.939302 43.019134 -5.776146 -1.477242 -2.930061 0.047060 -2.645969 -0.001661 0.003744 0.000048 0.039398 3.508517 -3.394655 4.736314 -1.670448 -5.781897 -8.377188 0.005471 -1.176433 -2.485217 -29.918377 -11.155984 -14.015912 10.387595 7.897650 40.498592 -1.123456 -2.921189 31.028655 -0.656829 -0.364485 -1.173350 12.290025 -7.916708 -52.777360 -0.000094 0.039572 -0.000080 15.800948 4.620226 1.159827 -0.108550 -1.960841 13.414985 1.088918 2.636915 28.222082 1.984815 19.899640 17.625918 -17.317557 5.260397 -59.347159 -0.000009 -0.000006 0.000004 -0.462358 -3.028983 -17.614107 -8.484307 -3.302955 20.335751 -0.019239 0.002011 -0.003423 -0.002254 -0.003446 -0.001095 17.214850 9.324100 -17.924177 -20.134862 -10.292201 -20.997593 -32.484451 -22.106819 -10.977779 17.166103 3.756192 -0.150555 -0.004260 -0.009413 -8.791644 0.000045 0.000036 -0.000072 0.031777 -0.014640 -0.003473 -0.000008 0.000006 -0.000022 
-16.745499 24.809612 -0.006823 -0.188917 -1.271958 1.464949 1.888006 2.544699 -14.122389 3.999429 -2.822067 -11.601153 -4.919795 -14.564839 -29.056680 -7.204546 -13.828792 -44.753629 -1.594104 -11.448078 -14.718895 3.152629 -5.027826 12.446842 -11.250138 3.651274 9.966788 5.670506 -3.401169 -82.549612 -3.538203 -2.600170 51.949545 5.308476 2.388388 12.498238 -0.842649 -0.082464 9.085544 -0.000000 -0.000000 0.000000 4.612175 10.275219 39.125434 -5.570301 3.117843 -79.115386 3.211826 2.063958 44.774103 -5.872102 -1.205732 -5.481318 0.047060 -2.645968 -0.001661 0.003744 0.000049 0.039398 3.658900 -3.046874 4.131876 -1.301373 -4.931746 -7.048690 0.213582 -1.119437 -2.518726 -30.265080 -11.328205 -14.198839 10.062673 7.077406 40.380755 -1.119179 -2.878598 30.609360 -0.607367 -0.925060 -1.376437 12.375441 -7.881635 -52.899207 -0.000094 0.039573 -0.000080 15.587047 4.564664 1.215868 -0.767609 -2.985587 14.903114 1.081087 2.585079 27.708717 2.734665 19.092564 16.487184 -17.317557 5.260399 -59.347159 -0.000009 -0.000006 0.000004 -0.307902 -3.962434 -17.789535 -8.511561 -2.972070 21.092495 -0.019232 0.002018 -0.003395 -0.002251 -0.003440 -0.001096 16.717322 9.273682 -17.515691 -19.357355 -10.269912 -20.376580 -30.138145 -23.486913 -10.691918 17.089012 3.495085 -0.061210 -0.022606 -0.000188 -9.155442 0.000044 0.000034 -0.000077 0.031776 -0.014641 -0.003475 -0.000007 0.000007 -0.000019 
-17.116993 24.920860 -0.005372 -0.175651 -1.356451 1.563107 1.820872 2.424711 -13.511706 4.021282 -2.595795 -9.246323 -4.491398 -13.075491 -29.347243 -7.386847 -12.642952 -46.842899 -3.302629 -12.449225 -20.896945 2.737185 -4.918491 11.396136 -10.851045 3.567845 6.038525 5.514054 -2.980002 -77.416110 -3.489748 -2.510277 50.783338 5.484441 2.625604 12.987635 -0.817778 -0.078090 8.814853 -0.000000 -0.000000 0.000000 4.736779 10.219695 39.120718 -5.533776 3.026543 -77.992243 3.304425 2.201429 46.667018 -5.989614 -0.954337 -8.158809 0.047057 -2.645968 -0.001695 0.003744 0.000047 0.039398 3.785048 -2.677854 3.506042 -0.943467 -4.032321 -5.771678 0.405123 -1.034648 -2.572584 -30.575765 -11.495910 -14.314008 9.811920 6.212878 40.136760 -1.118808 -2.874953 30.573508 -0.568023 -1.435847 -1.805766 12.484596 -7.839178 -53.074378 -0.000094 0.039575 -0.000080 15.396238 4.488642 1.291460 -1.288968 -3.962604 16.379180 1.079225 2.573201 27.590962 3.450211 18.272435 15.068898 -17.317555 5.260399 -59.347165 -0.000009 -0.000008 0.000004 -0.143020 -4.911110 -17.932059 -8.483887 -2.618414 22.074357 -0.019239 0.002038 -0.003410 -0.002254 -0.003446 -0.001105 15.803101 9.129764 -16.728965 -18.595352 -10.239905 -19.767908 -26.937289 -24.796920 -10.075298 16.871049 2.974681 0.042488 -0.040536 0.008957 -9.512210 0.000043 0.000034 -0.000075 0.031777 -0.014640 -0.003475 -0.000008 0.000006 -0.000026 
-17.492161 25.033211 -0.003907 -0.162122 -1.441753 1.662295 1.740119 2.260986 -12.857543 4.029548 -2.364278 -6.769800 -4.020678 -11.545516 -29.537983 -7.384287 -11.403204 -48.704095 -5.135839 -13.271256 -27.187078 2.308414 -4.807393 10.217261 -10.359496 3.478909 1.457817 5.192852 -2.349237 -69.325826 -3.334191 -2.247750 47.297964 5.569952 2.884803 14.321022 -0.723648 -0.062630 7.792409 -0.000000 0.000000 0.000000 4.873882 10.221365 39.146724 -5.490428 2.924436 -76.725386 3.389684 2.337329 48.499134 -6.096233 -0.695129 -10.862095 0.047057 -2.645969 -0.001696 0.003744 0.000048 0.039398 3.882136 -2.284814 2.899973 -0.611761 -3.095827 -4.544058 0.577625 -0.931751 -2.627519 -30.845148 -11.654463 -14.362554 9.619568 5.321905 39.827554 -1.121355 -2.899898 30.819091 -0.551077 -1.926340 -2.424294 12.622767 -7.788492 -53.282524 -0.000094 0.039573 -0.000080 15.221756 4.398829 1.380035 -1.686232 -4.902209 17.910527 1.081666 2.588800 27.745577 4.120634 17.443516 13.426145 -17.317557 5.260400 -59.347159 -0.000009 -0.000007 0.000004 0.033151 -5.833338 -18.020722 -8.418260 -2.266195 23.204487 -0.019269 0.002046 -0.003427 -0.002253 -0.003448 -0.001098 14.882325 8.972014 -15.937329 -17.381669 -10.092339 -18.737424 -23.654163 -26.087225 -9.364642 16.652112 2.448676 0.145187 0.028380 -0.021063 -9.812444 0.000045 0.000035 -0.000077 0.031775 -0.014640 -0.003473 -0.000008 0.000004 -0.000014 
-17.865170 25.146786 -0.002537 -0.144589 -1.526552 1.764541 1.648735 2.052900 -12.161588 4.023782 -2.142001 -4.282288 -3.552946 -10.083071 -29.654345 -7.201971 -10.166089 -50.256908 -6.973204 -13.691760 -32.810781 1.883009 -4.673809 8.907350 -9.805786 3.380693 -3.647200 4.655372 -1.612772 -58.881230 -3.068699 -1.868995 42.013658 5.602918 3.138209 16.154702 -0.589166 -0.043537 6.338186 -0.000000 -0.000000 0.000000 5.004344 10.275980 39.311874 -5.441450 2.816060 -75.367231 3.458426 2.454434 50.049809 -6.181931 -0.455427 -13.434295 0.047057 -2.645968 -0.001696 0.003744 0.000047 0.039398 3.950097 -1.875432 2.372601 -0.324095 -2.169564 -3.417667 0.736671 -0.823678 -2.676128 -31.070462 -11.780456 -14.337863 9.471348 4.447800 39.503758 -1.125379 -2.941320 31.226761 -0.577019 -2.380116 -3.174123 12.786601 -7.714607 -53.499120 -0.000094 0.039573 -0.000080 15.055759 4.299424 1.459589 -1.946203 -5.768887 19.514537 1.086347 2.619603 28.050673 4.718423 16.639321 11.645437 -17.317560 5.260398 -59.347165 -0.000009 -0.000006 0.000004 0.206643 -6.650184 -18.017906 -8.300930 -1.893729 24.330193 -0.019314 0.002068 -0.003426 -0.002254 -0.003442 -0.001098 13.952433 8.798308 -15.137764 -16.159589 -9.921774 -17.700809 -19.559758 -26.967170 -8.218631 16.322914 1.825459 0.270862 0.024009 -0.017921 -10.077186 0.000043 0.000039 -0.000077 0.031776 -0.014642 -0.003471 -0.000008 0.000008 -0.000012 
-18.230927 25.258154 -0.001194 -0.132096 -1.609780 1.864768 1.553753 1.815401 -11.447600 4.006879 -1.947341 -1.963127 -3.146640 -8.834273 -29.713211 -6.851736 -9.017969 -51.404301 -8.500989 -13.865510 -37.287649 1.494685 -4.519782 7.509173 -9.239693 3.272756 -9.016487 3.893347 -0.913429 -47.063494 -2.707131 -1.450498 35.693052 5.615015 3.356529 18.071552 -0.456941 -0.028133 4.912164 -0.000000 -0.000001 0.000000 5.105533 10.373978 39.706885 -5.390962 2.710941 -74.035467 3.503152 2.534741 51.099510 -6.230279 -0.252789 -15.636472 0.047056 -2.645969 -0.001709 0.003744 0.000049 0.039398 3.970775 -1.476373 1.991806 -0.110759 -1.323163 -2.461972 0.880619 -0.726875 -2.700079 -31.282461 -11.838381 -14.258232 9.384604 3.655177 39.223417 -1.129445 -2.986897 31.674972 -0.661909 -2.795564 -3.968063 12.970735 -7.641829 -53.766645 -0.000094 0.039573 -0.000080 14.913904 4.208752 1.510078 -2.050284 -6.518562 21.141426 1.091474 2.654606 28.397084 5.171610 15.983035 9.877095 -17.317559 5.260398 -59.347159 -0.000009 -0.000006 0.000004 0.373089 -7.268828 -17.898791 -8.146840 -1.542289 25.360578 -0.019418 0.002116 -0.003434 -0.002252 -0.003442 -0.001098 12.773776 8.422510 -14.026797 -14.965214 -9.733149 -16.688502 -15.237882 -27.289198 -6.878415 15.774720 1.175298 0.362263 0.023608 -0.017684 -10.278745 0.000045 0.000036 -0.000079 0.031777 -0.014643 -0.003477 -0.000008 0.000008 -0.000012 
-18.592749 25.367531 -0.000325 -0.116919 -1.691298 1.966086 1.451412 1.539238 -10.703578 3.983103 -1.786402 0.145964 -2.823506 -7.860930 -29.728521 -6.372381 -7.998116 -52.122041 -9.556265 -13.881672 -40.303369 1.157368 -4.329119 5.992726 -8.681380 3.152214 -14.654301 2.927609 -0.348624 -34.244840 -2.263863 -1.038637 28.764307 5.652677 3.558643 19.768765 -0.323142 -0.015918 3.471990 -0.000000 0.000000 0.000000 5.161331 10.510199 40.443292 -5.341861 2.614331 -72.797891 3.520550 2.566944 51.517491 -6.234432 -0.093047 -17.366072 0.047055 -2.645968 -0.001716 0.003744 0.000048 0.039398 3.943654 -1.086994 1.810116 0.024281 -0.576491 -1.681793 1.013505 -0.656047 -2.682359 -31.238799 -11.568556 -13.525309 9.168885 2.978058 36.252421 -1.148789 -3.338170 35.122089 -1.095401 -3.123085 -5.493396 13.415844 -7.497461 -54.546560 -0.000094 0.039574 -0.000080 14.789870 4.128840 1.512628 -1.976275 -7.142042 22.819141 1.096064 2.687219 28.719651 5.606320 15.307012 8.102575 -17.317555 5.260398 -59.347159 -0.000009 -0.000007 0.000004 0.526755 -7.634481 -17.632642 -7.939214 -1.225685 26.153624 -0.019232 0.002008 -0.003412 -0.002254 -0.003442 -0.001106 11.592205 8.020437 -12.914218 -13.536375 -9.281201 -15.317589 -10.761397 -26.959429 -5.372594 15.222444 0.517655 0.448273 0.022544 -0.016948 -10.410279 0.000044 0.000036 -0.000085 0.031776 -0.014640 -0.003473 -0.000008 0.000006 -0.000014 
-18.949802 25.475315 -0.000161 -0.103962 -1.771081 2.067926 1.336461 1.237980 -9.921972 3.958364 -1.671518 1.927196 -2.630778 -7.281450 -29.722193 -5.765358 -7.125240 -52.320362 -9.943566 -13.865918 -41.400434 0.895363 -4.090806 4.359232 -8.553203 3.046378 -12.302486 3.048942 -0.404365 -35.771955 -2.260535 -1.042748 28.784381 5.533008 3.631449 19.898701 -0.301419 -0.014253 3.237995 -0.000000 -0.000000 0.000000 5.150513 10.676997 41.631137 -5.298789 2.533608 -71.753050 3.503736 2.535795 51.113280 -6.182477 0.007122 -18.444704 0.047054 -2.645968 -0.001730 0.003744 0.000048 0.039398 3.854790 -0.712776 1.887138 0.065762 0.014790 -1.127133 1.136813 -0.622166 -2.611011 -30.825976 -10.761910 -11.786271 8.559723 2.184866 30.479333 -1.133482 -3.930200 40.929482 -1.912274 -3.485935 -7.323079 14.273178 -7.254595 -56.119788 -0.000094 0.039574 -0.000080 14.668067 4.074663 1.461547 -1.704680 -7.623665 24.528092 1.099253 2.710811 28.952731 5.900998 14.845418 6.431725 -17.317555 5.260398 -59.347159 -0.000009 -0.000006 0.000004 0.660326 -7.656141 -17.186696 -7.666828 -0.959543 26.595903 -0.019236 0.002008 -0.003415 -0.002255 -0.003447 -0.001098 10.408401 7.591696 -11.800694 -12.106862 -8.791190 -13.947198 -6.408975 -25.914410 -3.857539 14.665965 -0.147588 0.528709 0.010564 -0.007975 -10.456641 0.000039 0.000029 -0.000077 0.031777 -0.014641 -0.003475 -0.000012 -0.000002 -0.000012 
-19.299923 25.581001 -0.000000 -0.088805 -1.846858 2.163131 1.230516 0.908432 -9.144453 3.935798 -1.596851 3.509683 -2.521852 -6.962189 -29.705268 -5.012175 -6.339901 -51.931287 -9.579901 -13.420302 -41.168289 0.693124 -3.836478 2.654965 -8.477708 2.939381 -9.932737 3.157791 -0.457765 -37.158568 -2.258668 -1.036693 28.710885 5.415492 3.702581 20.026261 -0.280113 -0.012706 3.008583 0.000000 0.000000 0.000000 5.086494 10.871826 43.141544 -5.260769 2.465176 -70.859149 3.459830 2.456901 50.082202 -6.087432 0.060010 -18.991076 0.047054 -2.645968 -0.001730 0.003744 0.000048 0.039398 3.712809 -0.359348 2.172829 0.035225 0.485016 -0.772323 1.238631 -0.616437 -2.510041 -30.120591 -9.619013 -9.407048 7.698488 1.408869 23.065743 -1.042085 -4.602986 47.593690 -2.958515 -3.864559 -8.840780 15.391942 -6.965395 -58.136344 -0.000094 0.039573 -0.000080 14.577123 4.037466 1.364274 -1.249636 -7.963413 26.249452 1.101679 2.729216 29.134554 6.111850 14.517550 4.838167 -17.317557 5.260397 -59.347165 -0.000009 -0.000007 0.000004 0.769047 -7.267098 -16.471244 -7.283576 -0.824574 26.605595 -0.019236 0.002010 -0.003421 -0.002257 -0.003443 -0.001101 9.257225 7.149001 -10.718510 -10.719004 -8.277721 -12.617291 -2.556285 -24.231898 -2.513174 14.120747 -0.800057 0.601268 0.037037 -0.027800 -10.421077 0.000038 0.000028 -0.000077 0.031778 -0.014641 -0.003475 -0.000012 -0.000002 -0.000012 
-19.650738 25.697994 -0.000000 -0.075911 -1.920906 2.259481 1.119253 0.561825 -8.334861 3.914288 -1.543527 5.170909 -2.430811 -6.684884 -29.684712 -4.064684 -5.488002 -50.974737 -8.572543 -12.147266 -40.530817 0.511496 -3.571329 0.845336 -8.412430 2.840440 -7.471084 3.256802 -0.509232 -38.434806 -2.247634 -1.025507 28.525722 5.296639 3.774144 20.155262 -0.258580 -0.011229 2.776838 -0.000000 0.000000 0.000000 4.994619 11.104790 44.844683 -5.221313 2.396679 -69.956396 3.398184 2.351424 48.687088 -5.973986 0.091402 -19.295544 0.047054 -2.645968 -0.001730 0.003744 0.000048 0.039398 3.525720 -0.006684 2.570778 -0.033273 0.905306 -0.529159 1.315287 -0.622363 -2.397596 -29.203020 -8.267622 -6.650113 6.688583 0.690705 14.554950 -0.868795 -5.273110 54.394332 -4.128686 -4.301569 -9.733214 16.682606 -6.663933 -60.348594 -0.000094 0.039573 -0.000079 14.512905 4.011988 1.251809 -0.644273 -8.195485 28.091219 1.104410 2.750409 29.343869 6.263970 14.243567 3.179064 -17.317557 5.260399 -59.347165 -0.000009 -0.000007 0.000004 0.864119 -6.474436 -15.438994 -6.758867 -0.869509 26.266804 -0.019232 0.002026 -0.003421 -0.002255 -0.003445 -0.001101 8.104452 6.680386 -9.636107 -9.331696 -7.727384 -11.289224 0.721425 -21.979537 -1.389187 13.570986 -1.459920 0.668265 0.020021 -0.015023 -10.320640 0.000038 0.000026 -0.000073 0.031777 -0.014642 -0.003473 -0.000013 -0.000002 -0.000012 
-20.004930 25.816156 -0.000000 -0.062697 -1.995658 2.360977 1.004516 0.191731 -7.508704 3.895831 -1.510202 6.882791 -2.347324 -6.440421 -29.662719 -2.994210 -4.556288 -49.544109 -7.056545 -10.133516 -39.595030 0.345032 -3.306289 -1.062103 -8.356246 2.749724 -4.937708 3.346426 -0.558271 -39.603045 -2.225187 -1.012053 28.243059 5.176455 3.846143 20.285658 -0.236829 -0.009828 2.542828 -0.000000 -0.000000 0.000000 4.875119 11.371018 46.708973 -5.180375 2.328154 -69.044866 3.319607 2.224936 46.986579 -5.837052 0.109131 -19.383525 0.047051 -2.645969 -0.001764 0.003744 0.000049 0.039398 3.298504 0.357863 3.069902 -0.129446 1.288843 -0.390054 1.368966 -0.636088 -2.266171 -28.138858 -6.843955 -3.837290 5.666130 0.144847 5.635821 -0.639371 -5.868437 60.668438 -5.309017 -4.810400 -9.793573 18.015862 -6.362531 -62.449977 -0.000094 0.039573 -0.000079 14.462121 3.990129 1.124628 0.101037 -8.326781 30.047758 1.107078 2.771830 29.555250 6.360293 14.031297 1.468643 -17.317557 5.260399 -59.347165 -0.000009 -0.000008 0.000004 0.926233 -5.369644 -14.178326 -6.126546 -1.058661 25.679537 -0.019251 0.002028 -0.003419 -0.002254 -0.003445 -0.001092 7.040141 6.016596 -8.465107 -7.947593 -7.138159 -9.963542 3.283615 -19.303863 -0.525652 12.692889 -1.900573 0.676817 0.021413 -0.016126 -10.164271 0.000038 0.000028 -0.000077 0.031777 -0.014642 -0.003470 -0.000013 -0.000002 -0.000012 
-20.345940 25.935011 -0.000000 -0.052173 -2.066548 2.455870 0.900169 -0.186095 -6.689452 3.882279 -1.494476 8.566237 -2.280303 -6.238160 -29.636775 -1.892038 -3.561393 -47.788163 -5.127633 -7.345664 -38.451025 0.192278 -3.045678 -2.996722 -8.309883 2.670151 -2.428740 3.425349 -0.603449 -40.642887 -2.201241 -0.993074 27.893842 5.058432 3.916479 20.413685 -0.215497 -0.008539 2.313421 -0.000000 0.000000 0.000000 4.735564 11.655654 48.642630 -5.139385 2.261926 -68.155446 3.227761 2.086931 45.093411 -5.709751 0.101739 -19.288183 0.047051 -2.645968 -0.001763 0.003744 0.000048 0.039398 3.044705 0.712116 3.650187 -0.252176 1.625552 -0.342224 1.402193 -0.656327 -2.113297 -27.017445 -5.524847 -1.376911 4.783162 -0.105119 -2.759805 -0.399184 -6.342529 65.898075 -6.350850 -5.337620 -9.078436 19.216881 -6.070489 -64.095670 -0.000094 0.039573 -0.000079 14.436170 3.969362 0.971871 0.937525 -8.358599 32.053487 1.109619 2.792841 29.762549 6.387768 13.903701 -0.240674 -17.317559 5.260399 -59.347165 -0.000009 -0.000007 0.000004 0.941892 -4.087706 -12.821836 -5.433030 -1.351923 24.985276 -0.019256 0.002052 -0.003410 -0.002252 -0.003448 -0.001098 6.011360 5.344632 -7.330214 -6.773290 -6.354074 -8.629954 5.026995 -16.470467 0.077846 11.831435 -2.331842 0.678487 -0.018552 0.003163 -9.953085 0.000038 0.000027 -0.000079 0.031777 -0.014641 -0.003473 -0.000013 -0.000003 -0.000014 
-20.682621 26.053017 -0.000000 -0.036399 -2.138027 2.556566 0.793688 -0.572905 -5.853137 3.874316 -1.493548 10.242212 -2.224351 -6.065040 -29.612664 -0.785082 -2.473646 -45.762623 -3.246362 -4.493929 -37.397635 0.052291 -2.785645 -5.009630 -8.270548 2.598561 0.109190 3.496648 -0.645924 -41.591809 -2.178223 -0.968473 27.492527 4.939068 3.987240 20.543148 -0.193941 -0.007324 2.081682 -0.000000 0.000000 0.000000 4.573988 11.961840 50.671165 -5.097859 2.197089 -67.276161 3.121259 1.938351 43.005586 -5.563325 0.092361 -19.036162 0.047051 -2.645968 -0.001764 0.003744 0.000047 0.039398 2.752744 1.068605 4.308123 -0.401480 1.932821 -0.363109 1.422907 -0.682343 -1.927416 -25.834446 -4.405720 0.484890 4.156953 -0.047154 -10.212945 -0.172996 -6.709621 70.142921 -7.171674 -5.802642 -7.828532 20.187507 -5.753594 -65.023558 -0.000093 0.039573 -0.000080 14.428833 3.946022 0.784443 1.876255 -8.297399 34.157267 1.111817 2.811538 29.946910 6.411474 13.774037 -1.965865 -17.317557 5.260399 -59.347165 -0.000009 -0.000007 0.000004 0.916133 -2.696381 -11.415067 -4.695378 -1.703425 24.270348 -0.019320 0.002069 -0.003414 -0.002257 -0.003446 -0.001098 4.987139 4.645848 -6.197865 -5.607861 -5.535321 -7.301909 6.040297 -13.580370 0.497009 10.961293 -2.767813 0.673667 -0.058985 0.022503 -9.739793 0.000038 0.000027 -0.000077 0.031777 -0.014641 -0.003473 -0.000013 -0.000003 -0.000014 
-21.012106 26.166990 -0.000000 -0.022694 -2.212784 2.663304 0.692428 -0.972304 -5.007205 3.872453 -1.504195 11.880098 -2.176043 -5.922131 -29.586505 0.264349 -1.321446 -43.553668 -1.208568 -0.886981 -36.327727 -0.084367 -2.522481 -7.082152 -8.237182 2.534301 2.655260 3.563550 -0.686000 -42.462740 -2.143290 -0.948118 27.055587 4.818500 4.058437 20.673886 -0.172163 -0.006187 1.847651 -0.000000 0.000000 0.000000 4.392913 12.284812 52.765674 -5.055586 2.133255 -66.401863 3.002365 1.784981 40.789138 -5.414328 0.081447 -18.651122 0.047047 -2.645969 -0.001798 0.003744 0.000048 0.039398 2.435280 1.426135 5.035224 -0.567304 2.217705 -0.451030 1.437846 -0.712830 -1.696861 -24.601973 -3.634128 1.398458 3.865645 0.334077 -15.994066 0.022034 -6.983597 73.454518 -7.626824 -6.013884 -6.461265 20.782792 -5.374674 -64.903866 -0.000094 0.039576 -0.000080 14.432270 3.920748 0.554282 2.898519 -8.147532 36.347169 1.113637 2.827533 30.104554 6.358221 13.742870 -3.707453 -17.317560 5.260398 -59.347165 -0.000009 -0.000007 0.000004 0.849738 -1.284963 -10.048030 -3.947481 -2.065665 23.635894 -0.019236 0.002008 -0.003423 -0.002258 -0.003442 -0.001100 3.967965 3.920142 -5.068414 -4.452054 -4.681872 -5.979958 6.378439 -10.797604 0.792627 10.081158 -3.203963 0.661582 0.030194 -0.022273 -9.485712 0.000044 0.000036 -0.000080 0.031777 -0.014641 -0.003473 -0.000013 -0.000002 -0.000009 
-21.322603 26.270802 -0.000000 -0.008798 -2.290906 2.776912 0.598877 -1.363523 -4.178066 3.876450 -1.522989 13.405494 -2.139995 -5.809116 -29.562541 1.201619 -0.145506 -41.322624 0.725269 2.684361 -35.403063 -0.210101 -2.267381 -9.143209 -8.210783 2.479292 5.116324 3.619138 -0.722715 -43.244711 -2.112914 -0.925091 26.619902 4.713674 4.128871 20.787252 -0.150808 -0.005158 1.618231 0.000000 0.000000 0.000000 4.202604 12.615521 54.831017 -5.014845 2.073671 -65.577555 2.877126 1.635735 38.563682 -5.270133 0.071681 -18.182599 0.047047 -2.645970 -0.001798 0.003744 0.000049 0.039398 2.098457 1.769659 5.795363 -0.741429 2.479720 -0.577607 1.446157 -0.743463 -1.429622 -23.279534 -3.212058 1.344517 3.812887 0.996506 -20.220039 0.187726 -7.192388 76.079613 -7.678397 -5.901395 -5.101661 20.978945 -4.913457 -63.690285 -0.000094 0.039578 -0.000081 14.433054 3.886184 0.289853 3.948008 -7.924298 38.539199 1.114991 2.839633 30.223799 6.305183 13.713965 -5.415058 -17.317557 5.260398 -59.347159 -0.000009 -0.000006 0.000004 0.758599 0.002418 -8.847773 -3.242166 -2.375470 23.203616 -0.019236 0.002009 -0.003426 -0.002258 -0.003442 -0.001098 2.983705 3.189082 -3.974379 -3.339688 -3.819225 -4.701898 6.149863 -8.326335 1.015109 9.117032 -3.193370 0.593247 0.031720 -0.023296 -9.229920 0.000044 0.000036 -0.000072 0.031777 -0.014641 -0.003473 -0.000012 -0.000002 -0.000010 
-21.620773 26.364510 -0.000000 0.008045 -2.377161 2.891355 0.514277 -1.760021 -3.349320 3.886034 -1.548829 14.834756 -2.107971 -5.719356 -29.539503 2.020705 1.049806 -39.091809 2.629210 6.320217 -34.587979 -0.336088 -2.015802 -11.241167 -8.189507 2.430592 7.546107 3.673321 -0.758280 -43.985657 -2.084130 -0.903600 26.209333 4.607654 4.199791 20.901885 -0.129232 -0.004206 1.386512 -0.000000 0.000000 0.000000 3.997899 12.942455 56.920713 -4.975308 2.017550 -64.793565 2.744879 1.490062 36.316092 -5.125471 0.064103 -17.645415 0.047047 -2.645969 -0.001798 0.003744 0.000047 0.039398 1.746147 2.115840 6.593495 -0.928993 2.726868 -0.739585 1.453037 -0.781148 -1.100137 -21.764849 -2.991086 0.615975 3.883864 1.873236 -23.818671 0.336458 -7.364203 78.317982 -7.438699 -5.508600 -3.428769 20.896052 -4.362575 -61.600657 -0.000094 0.039575 -0.000079 14.447996 3.836297 -0.040407 5.038934 -7.636996 40.780795 1.115945 2.848188 30.308145 6.193520 13.761060 -7.103706 -17.317557 5.260399 -59.347159 -0.000009 -0.000007 0.000004 0.668841 1.104257 -7.864199 -2.593368 -2.577603 23.043175 -0.019230 0.002017 -0.003410 -0.002259 -0.003444 -0.001094 2.317893 2.541343 -3.119447 -2.582511 -3.046493 -3.688916 5.331770 -6.369666 1.192838 8.143407 -3.181939 0.524444 0.033265 -0.024313 -8.971588 0.000039 0.000028 -0.000080 0.031777 -0.014641 -0.003477 -0.000008 0.000006 -0.000022 
-21.903255 26.444496 -0.000000 0.025460 -2.464370 3.016992 0.431233 -2.152020 -2.513440 3.899459 -1.576732 16.134584 -2.087043 -5.649746 -29.517632 2.705958 2.217920 -36.955476 4.511913 10.011342 -33.883817 -0.469434 -1.766918 -13.362901 -8.173342 2.387755 9.922471 3.724582 -0.792863 -44.692540 -2.058272 -0.884568 25.842326 4.501028 4.271393 21.017389 -0.107435 -0.003332 1.152494 -0.000000 -0.000001 0.000000 3.787270 13.278363 58.992105 -4.938285 1.966438 -64.072802 2.610637 1.353234 34.126180 -5.000291 0.069699 -17.072577 0.047044 -2.645967 -0.001832 0.003744 0.000048 0.039398 1.374660 2.456914 7.423550 -1.120632 2.973430 -0.920035 1.467435 -0.817120 -0.709089 -20.099712 -2.935940 -0.675335 4.052966 2.890145 -26.893878 0.462085 -7.499301 80.135311 -7.008104 -4.847155 -1.432994 20.573981 -3.744550 -58.809343 -0.000095 0.039574 -0.000080 14.466479 3.771574 -0.433369 6.149655 -7.285169 43.055115 1.116543 2.853752 30.362906 6.082010 13.812081 -8.809447 -17.317559 5.260400 -59.347165 -0.000009 -0.000006 0.000004 0.596443 1.926147 -7.206318 -2.042942 -2.601669 23.261985 -0.019251 0.002029 -0.003412 -0.002259 -0.003443 -0.001098 1.655700 1.877359 -2.264312 -1.832276 -2.252934 -2.677214 4.499302 -4.403363 1.399311 7.159929 -3.169980 0.455241 0.034819 -0.025319 -8.711162 0.000038 0.000028 -0.000075 0.031777 -0.014641 -0.003480 -0.000008 0.000006 -0.000022 
-22.133898 26.491827 -0.000000 0.046029 -2.566773 3.158313 0.361984 -2.521096 -1.706906 3.915179 -1.605330 17.243181 -2.070552 -5.598531 -29.497005 3.231450 3.276881 -35.050335 5.898622 13.112026 -33.461589 -0.599334 -1.528104 -15.436929 -8.168896 2.358016 12.049745 3.771555 -0.825369 -45.345523 -2.044657 -0.874647 25.649794 4.454042 4.361054 21.093098 -0.086059 -0.002562 0.923066 -0.000000 0.000000 0.000000 3.589361 13.605853 60.908902 -4.913265 1.932647 -63.592647 2.495752 1.244045 32.315305 -4.877597 0.076414 -16.510850 0.047044 -2.645969 -0.001832 0.003744 0.000049 0.039398 1.005316 2.789683 8.243588 -1.307486 3.212476 -1.103060 1.471046 -0.859584 -0.153932 -18.387020 -2.962795 -2.440564 4.295080 3.947709 -29.617599 0.556949 -7.595821 81.468447 -6.497681 -3.977772 0.919983 20.079151 -3.124695 -55.609542 -0.000094 0.039574 -0.000079 14.494609 3.677196 -0.980618 7.232827 -6.911559 45.109534 1.119290 2.879624 30.617750 5.955900 13.894664 -10.513616 -17.317557 5.260400 -59.347159 -0.000009 -0.000006 0.000004 0.581160 2.289511 -7.156069 -1.671108 -2.356338 24.027834 -0.019256 0.002056 -0.003405 -0.002257 -0.003441 -0.001104 1.016367 1.216650 -1.433464 -1.110880 -1.461890 -1.695644 3.336232 -3.220767 1.556509 6.196067 -3.155538 0.387583 0.033649 -0.024381 -8.499799 0.000038 0.000028 -0.000077 0.031777 -0.014641 -0.003473 -0.000008 0.000007 -0.000026 
-22.308582 26.502880 -0.000000 0.068151 -2.684947 3.329638 0.293748 -2.882621 -0.903894 3.931050 -1.631019 18.164372 -2.058174 -5.564130 -29.480620 3.623254 4.200223 -33.401777 7.295223 16.252502 -33.108341 -0.733653 -1.291729 -17.511461 -8.178187 2.341684 13.937023 3.816613 -0.857300 -45.976800 -2.046664 -0.876106 25.678151 4.406465 4.451539 21.169676 -0.064462 -0.001871 0.691313 0.000000 -0.000001 0.000000 3.406588 13.932315 62.689976 -4.903538 1.919679 -63.407556 2.406440 1.163751 30.943025 -4.794205 0.111410 -15.989475 0.047044 -2.645969 -0.001832 0.003744 0.000048 0.039398 0.631456 3.117198 9.063927 -1.495961 3.457863 -1.276425 1.455790 -0.918549 0.616999 -16.619664 -3.006524 -4.639881 4.599673 5.012311 -32.220748 0.617374 -7.655001 82.301512 -6.015698 -2.923086 3.760708 19.452742 -2.511998 -52.105044 -0.000095 0.039573 -0.000077 14.559701 3.539548 -1.742396 8.304406 -6.528214 46.937282 1.124695 2.934076 31.153698 5.828950 13.971333 -12.298971 -17.317559 5.260398 -59.347159 -0.000009 -0.000007 0.000004 0.616751 2.230830 -7.758207 -1.479314 -1.864371 25.323020 -0.019317 0.002069 -0.003441 -0.002257 -0.003443 -0.001096 0.699288 0.844048 -0.986457 -0.693439 -0.932165 -1.074436 2.159953 -2.029231 1.739493 5.348129 -2.703671 0.298480 0.032477 -0.023428 -8.286321 0.000039 0.000028 -0.000077 0.031777 -0.014641 -0.003475 -0.000008 0.000007 -0.000024 
-22.451311 26.492792 -0.000000 0.096318 -2.814037 3.511888 0.240739 -3.228785 -0.112171 3.945149 -1.652496 18.862599 -2.053668 -5.548505 -29.470675 3.891220 4.928487 -32.114183 8.267169 18.564312 -32.921543 -0.876938 -1.060625 -19.568378 -8.192246 2.329764 15.676121 3.859972 -0.888743 -46.589017 -2.057668 -0.884136 25.833903 4.358539 4.542953 21.246873 -0.042650 -0.001262 0.457330 -0.000000 0.000000 0.000000 3.233197 14.252506 64.372156 -4.902190 1.917876 -63.381779 2.335332 1.102496 29.870531 -4.732568 0.159082 -15.522839 0.047042 -2.645969 -0.001852 0.003744 0.000048 0.039398 0.256865 3.446569 9.869809 -1.679581 3.717015 -1.428954 1.429238 -0.983364 1.519792 -14.841144 -3.077766 -7.053076 4.941030 5.998343 -34.684302 0.636563 -7.673444 82.563696 -5.684482 -1.740960 7.000932 18.761290 -1.930808 -48.496768 -0.000094 0.039574 -0.000079 14.643113 3.378428 -2.635166 9.330482 -6.144063 48.685155 1.130197 2.995741 31.760134 5.703230 14.052505 -14.101125 -17.317557 5.260399 -59.347159 -0.000009 -0.000006 0.000004 0.680762 1.923754 -8.737175 -1.417015 -1.243160 26.924298 -0.019405 0.002116 -0.003423 -0.002258 -0.003444 -0.001096 0.382082 0.465384 -0.537201 -0.279726 -0.395065 -0.453846 1.049577 -1.420437 1.845877 4.492363 -2.246886 0.215341 0.020462 -0.014838 -8.131062 0.000039 0.000028 -0.000077 0.031777 -0.014641 -0.003475 -0.000008 0.000007 -0.000022 
-22.583101 26.477747 -0.000000 0.119621 -2.940707 3.694921 0.190707 -3.541461 0.646892 3.954948 -1.667041 19.295964 -2.049254 -5.533179 -29.460901 4.044438 5.392828 -31.288864 8.886973 20.044252 -32.829588 -1.025242 -0.840731 -21.542253 -8.200072 2.314012 17.312231 3.902162 -0.920022 -47.189295 -2.070706 -0.893688 26.018596 4.335831 4.643228 21.305286 -0.021258 -0.000752 0.227902 -0.000000 0.000000 0.000000 3.068566 14.551462 65.941091 -4.901653 1.917163 -63.371595 2.274777 1.052135 28.970497 -4.682211 0.217000 -15.144462 0.047042 -2.645969 -0.001852 0.003744 0.000049 0.039398 -0.100023 3.762109 10.627975 -1.847231 3.985317 -1.539911 1.399413 -1.055267 2.432988 -13.131456 -3.160204 -9.374109 5.297136 6.824879 -36.937523 0.615992 -7.653668 82.282599 -5.602330 -0.534622 10.412401 18.097286 -1.406540 -45.087452 -0.000094 0.039573 -0.000080 14.725085 3.210632 -3.540931 10.260003 -5.777823 50.440694 1.133703 3.039435 32.189524 5.582049 14.129053 -15.757048 -17.317557 5.260399 -59.347165 -0.000009 -0.000007 0.000003 0.741732 1.561954 -9.789215 -1.429355 -0.649942 28.543948 -0.019233 0.002005 -0.003413 -0.002255 -0.003442 -0.001100 0.073955 0.091572 -0.098712 -0.070561 -0.100175 -0.120459 -0.040919 -0.826680 1.962045 3.655305 -1.796354 0.140522 -0.042105 0.020133 -8.031922 0.000038 0.000028 -0.000046 0.031777 -0.014641 -0.003478 -0.000008 0.000007 -0.000024 
