HIERARCHY
ROOT Hips
{
	OFFSET 2.298212 67.878815 0.000000
	CHANNELS 6 Xposition Yposition Zposition Xrotation Yrotation Zrotation
	JOINT Bip01_Pelvis
	{
		OFFSET 0.000000 0.000000 -0.000000
		CHANNELS 3 Xrotation Yrotation Zrotation
		JOINT BN_Tail_01
		{
			OFFSET -6.899146 3.499413 0.000000
			CHANNELS 3 Xrotation Yrotation Zrotation
			JOINT BN_Tail_02
			{
				OFFSET -11.097242 -3.005508 0.000022
				CHANNELS 3 Xrotation Yrotation Zrotation
				JOINT BN_Tail_03
				{
					OFFSET -10.095407 -5.779785 0.000033
					CHANNELS 3 Xrotation Yrotation Zrotation
					JOINT BN_Tail_04
					{
						OFFSET -5.548622 -8.631191 0.000030
						CHANNELS 3 Xrotation Yrotation Zrotation
						End Site
						{
							OFFSET 10.166740 -1.386387 -0.000010
						}
					}
				}
			}
		}
		JOINT Bip01_Spine
		{
			OFFSET 6.029028 0.007965 -0.000005
			CHANNELS 3 Xrotation Yrotation Zrotation
			JOINT Bip01_R_Thigh
			{
				OFFSET -6.029011 -0.007935 10.812546
				CHANNELS 3 Xrotation Yrotation Zrotation
				JOINT Bip01_R_Calf
				{
					OFFSET 6.571476 -15.794937 1.781280
					CHANNELS 3 Xrotation Yrotation Zrotation
					JOINT Bip01_R_HorseLink
					{
						OFFSET -14.139996 -16.872330 -4.939990
						CHANNELS 3 Xrotation Yrotation Zrotation
						JOINT Bip01_R_Foot
						{
							OFFSET 3.770021 -26.265705 0.647395
							CHANNELS 3 Xrotation Yrotation Zrotation
							JOINT Bip01_R_Toe1
							{
								OFFSET 3.788088 -6.546797 -0.241568
								CHANNELS 3 Xrotation Yrotation Zrotation
								JOINT Bip01_R_Toe11
								{
									OFFSET 7.421610 -1.353832 -0.000004
									CHANNELS 3 Xrotation Yrotation Zrotation
									JOINT Bip01_R_Toe1Nub
									{
										OFFSET 8.832827 -1.611263 -0.000004
										CHANNELS 3 Xrotation Yrotation Zrotation
										End Site
										{
											OFFSET 1.611267 8.832824 -0.000016
										}
									}
								}
							}
							JOINT Bip01_R_Toe0
							{
								OFFSET 1.507501 -6.014594 2.822071
								CHANNELS 3 Xrotation Yrotation Zrotation
								JOINT Bip01_R_Toe01
								{
									OFFSET 5.007060 -1.569916 3.080155
									CHANNELS 3 Xrotation Yrotation Zrotation
									JOINT Bip01_R_Toe0Nub
									{
										OFFSET 4.871449 -1.527396 2.996733
										CHANNELS 3 Xrotation Yrotation Zrotation
										End Site
										{
											OFFSET 1.300957 5.719387 0.800289
										}
									}
								}
							}
						}
					}
				}
			}
			JOINT Bip01_L_Thigh
			{
				OFFSET -6.029045 -0.007973 -10.812530
				CHANNELS 3 Xrotation Yrotation Zrotation
				JOINT Bip01_L_Calf
				{
					OFFSET 6.571461 -15.794945 -1.781260
					CHANNELS 3 Xrotation Yrotation Zrotation
					JOINT Bip01_L_HorseLink
					{
						OFFSET -14.139986 -16.872318 4.940070
						CHANNELS 3 Xrotation Yrotation Zrotation
						JOINT Bip01_L_Foot
						{
							OFFSET 3.769989 -26.265713 -0.647333
							CHANNELS 3 Xrotation Yrotation Zrotation
							JOINT Bip01_L_Toe1
							{
								OFFSET 3.788085 -6.546793 0.241581
								CHANNELS 3 Xrotation Yrotation Zrotation
								JOINT Bip01_L_Toe11
								{
									OFFSET 7.421610 -1.353837 -0.000007
									CHANNELS 3 Xrotation Yrotation Zrotation
									JOINT Bip01_L_Toe1Nub
									{
										OFFSET 8.832822 -1.611264 -0.000008
										CHANNELS 3 Xrotation Yrotation Zrotation
										End Site
										{
											OFFSET -1.611261 -8.832818 0.000007
										}
									}
								}
							}
							JOINT Bip01_L_Toe0
							{
								OFFSET 1.507489 -6.014597 -2.822060
								CHANNELS 3 Xrotation Yrotation Zrotation
								JOINT Bip01_L_Toe01
								{
									OFFSET 5.007050 -1.569929 -3.080164
									CHANNELS 3 Xrotation Yrotation Zrotation
									JOINT Bip01_L_Toe0Nub
									{
										OFFSET 4.871441 -1.527405 -2.996738
										CHANNELS 3 Xrotation Yrotation Zrotation
										End Site
										{
											OFFSET -1.300957 -5.719383 0.800304
										}
									}
								}
							}
						}
					}
				}
			}
			JOINT Bip01_Spine1
			{
				OFFSET 10.002218 -0.753799 -0.000015
				CHANNELS 3 Xrotation Yrotation Zrotation
				JOINT BN_Forearm_L_01
				{
					OFFSET 5.919939 -1.360497 -7.682490
					CHANNELS 3 Xrotation Yrotation Zrotation
					JOINT BN_Forearm_L_02
					{
						OFFSET -5.353483 2.809502 -11.572657
						CHANNELS 3 Xrotation Yrotation Zrotation
						JOINT BN_Forearm_L_03
						{
							OFFSET -0.991812 -5.662376 -20.602930
							CHANNELS 3 Xrotation Yrotation Zrotation
							JOINT BN_Forearm_L_07
							{
								OFFSET -7.168705 7.834190 -1.155437
								CHANNELS 3 Xrotation Yrotation Zrotation
								JOINT BN_Forearm_L_08
								{
									OFFSET -11.939425 -6.105667 -15.651306
									CHANNELS 3 Xrotation Yrotation Zrotation
									End Site
									{
										OFFSET -14.576792 13.310867 5.927078
									}
								}
							}
							JOINT BN_Forearm_L_05
							{
								OFFSET 4.369921 -3.880672 1.679504
								CHANNELS 3 Xrotation Yrotation Zrotation
								JOINT BN_Forearm_L_06
								{
									OFFSET 0.215588 -15.759068 -13.281502
									CHANNELS 3 Xrotation Yrotation Zrotation
									End Site
									{
										OFFSET -9.450302 11.727943 -14.069126
									}
								}
							}
							JOINT BN_Forearm_L_04
							{
								OFFSET -6.331198 -8.406956 -17.720940
								CHANNELS 3 Xrotation Yrotation Zrotation
								End Site
								{
									OFFSET -8.360548 9.136719 -1.347553
								}
							}
						}
					}
				}
				JOINT BN_Forearm_R_01
				{
					OFFSET 5.919971 -1.360451 7.682717
					CHANNELS 3 Xrotation Yrotation Zrotation
					JOINT BN_Forearm_R_02
					{
						OFFSET -5.353445 2.809563 11.572668
						CHANNELS 3 Xrotation Yrotation Zrotation
						JOINT BN_Forearm_R_03
						{
							OFFSET -0.991760 -5.662262 20.602953
							CHANNELS 3 Xrotation Yrotation Zrotation
							JOINT BN_Forearm_R_07
							{
								OFFSET -7.168681 7.834183 1.155418
								CHANNELS 3 Xrotation Yrotation Zrotation
								JOINT BN_Forearm_R_08
								{
									OFFSET -11.939366 -6.105583 15.651413
									CHANNELS 3 Xrotation Yrotation Zrotation
									End Site
									{
										OFFSET 14.576847 -13.310833 5.927101
									}
								}
							}
							JOINT BN_Forearm_R_05
							{
								OFFSET 4.369925 -3.880692 -1.679527
								CHANNELS 3 Xrotation Yrotation Zrotation
								JOINT BN_Forearm_R_06
								{
									OFFSET 0.215656 -15.758995 13.281578
									CHANNELS 3 Xrotation Yrotation Zrotation
									End Site
									{
										OFFSET 9.450270 -11.728004 -14.069077
									}
								}
							}
							JOINT BN_Forearm_R_04
							{
								OFFSET -6.331113 -8.406864 17.721020
								CHANNELS 3 Xrotation Yrotation Zrotation
								End Site
								{
									OFFSET 8.360539 -9.136719 -1.347530
								}
							}
						}
					}
				}
				JOINT Bip01_Neck
				{
					OFFSET 9.877300 1.694740 -0.000023
					CHANNELS 3 Xrotation Yrotation Zrotation
					JOINT Bip01_Neck1
					{
						OFFSET 2.668684 8.053459 -0.000013
						CHANNELS 3 Xrotation Yrotation Zrotation
						JOINT Bip01_Neck2
						{
							OFFSET -1.620844 8.097382 -0.000006
							CHANNELS 3 Xrotation Yrotation Zrotation
							JOINT Bip01_Neck3
							{
								OFFSET -4.366737 7.438797 0.000001
								CHANNELS 3 Xrotation Yrotation Zrotation
								JOINT Bip01_Neck4
								{
									OFFSET -3.400084 8.587135 0.000002
									CHANNELS 3 Xrotation Yrotation Zrotation
									JOINT Bip01_Head
									{
										OFFSET 0.270100 8.878807 -0.000004
										CHANNELS 3 Xrotation Yrotation Zrotation
										JOINT BN_Eye_L_01
										{
											OFFSET 4.145815 5.134621 -1.911167
											CHANNELS 3 Xrotation Yrotation Zrotation
											End Site
											{
												OFFSET 1.795364 -5.702621 -2.593221
											}
										}
										JOINT BN_Eye_R_01
										{
											OFFSET 4.145830 5.134628 1.910949
											CHANNELS 3 Xrotation Yrotation Zrotation
											End Site
											{
												OFFSET 1.795376 -5.702614 2.593231
											}
										}
										JOINT BN_Mouth_01
										{
											OFFSET 2.275660 2.336296 -0.000057
											CHANNELS 3 Xrotation Yrotation Zrotation
											End Site
											{
												OFFSET 1.292419 6.387306 -0.000016
											}
										}
										JOINT Bip01_HeadNub
										{
											OFFSET 1.617138 8.919075 -0.000006
											CHANNELS 3 Xrotation Yrotation Zrotation
											End Site
											{
												OFFSET 6.412201 -1.162621 0.000003
											}
										}
									}
								}
							}
						}
					}
				}
			}
		}
	}
}
MOTION
Frames: 100
Frame Time: 0.033333
-3.074995 69.149788 -0.000000 0.000000 -0.000001 -8.665529 0.003491 -0.000000 -0.000008 -0.005647 0.042087 0.000032 0.000021 -0.000040 -0.000924 0.000007 0.000019 -0.002597 0.005507 -0.035567 -0.002467 0.000244 -0.000096 0.764271 -1.953528 4.921039 -16.444556 -7.843725 -2.329241 25.331261 1.294557 0.041903 -3.997602 9.780550 -13.808812 9.958032 -0.918871 0.058947 -6.556676 0.000008 0.000016 9.232000 0.000000 0.000001 -0.000000 -0.922361 0.053345 -6.557075 -4.238891 -0.255697 6.901086 0.000001 0.000002 -0.000001 5.559425 -2.636306 10.284235 7.513434 2.149305 24.183992 -2.161186 -0.019446 -6.672938 -3.353938 21.223460 -21.064585 -0.000119 0.000008 -0.000311 0.000008 0.000020 9.231986 0.000028 -0.000029 0.039536 -0.001875 -0.003490 -0.000861 4.238866 0.255700 6.901072 0.020775 -0.000035 0.033687 -0.000024 -0.000037 -11.950522 23.130683 4.966458 -20.148250 -22.427169 56.941829 -6.931248 -31.418798 -6.669912 -7.157310 0.573895 -8.145202 12.087563 6.531804 6.211334 -14.067377 14.649007 9.794554 -9.767124 -17.279832 -10.572204 2.649137 -6.069005 6.680573 6.561759 -23.131086 -4.961891 -20.147706 22.427232 -56.941894 -6.931013 31.418754 6.669911 -7.157454 -0.573836 8.145252 12.087427 -6.531876 -6.211418 -14.067353 -14.649011 -9.794641 -9.767083 17.279815 10.572293 2.649038 6.069015 -6.680551 6.561752 -0.000085 0.000052 -53.321986 -0.000097 -0.000007 -0.177490 -0.000055 -0.000058 0.372979 -0.000024 -0.000029 50.678662 -0.000072 0.000172 33.461855 0.000014 -0.000219 -10.426109 0.003104 -0.000165 0.002375 -0.002552 0.003391 0.004582 0.036920 0.020860 -9.319526 0.000000 -0.000000 -0.000001 
-4.218641 68.510925 0.068899 -0.007679 0.416561 -8.878437 0.003491 -0.000000 -0.000007 0.008798 -0.040601 0.024020 0.009737 -0.023256 0.002794 0.017579 -0.013181 -0.113651 0.019886 0.011372 -0.131317 -0.006962 -0.102421 0.244097 -3.073948 5.185322 -11.444357 -6.023157 -1.438340 19.136646 0.340137 0.019803 -1.051267 9.608445 -14.281752 9.122223 -0.919526 0.054334 -6.592458 0.000007 0.000016 9.232000 0.000000 0.000002 0.000001 -0.919538 0.056511 -6.593107 -4.238889 -0.255695 6.901086 -0.000001 0.000001 -0.000002 8.008352 -2.314152 17.092641 3.781138 0.651504 11.841520 -0.382912 -0.021833 -1.183336 -3.817155 21.457855 -21.005113 -0.021009 -0.008319 0.207401 0.000009 0.000020 9.231989 0.000027 -0.000029 0.039536 -0.277558 0.011279 0.280667 4.238939 0.255724 6.901186 0.020775 -0.000042 0.033687 -0.007818 -0.102248 -12.448836 23.170741 5.001631 -20.160077 -22.427167 56.941829 -6.931242 -31.418795 -6.669906 -7.157306 0.573896 -8.145199 12.087563 6.531805 6.211330 -14.067380 14.649014 9.794554 -9.767120 -17.279832 -10.572200 2.649135 -6.068999 6.680573 6.561764 -23.062649 -5.090952 -20.203385 22.427244 -56.941901 -6.931006 31.418744 6.669906 -7.157455 -0.573836 8.145250 12.087427 -6.531879 -6.211418 -14.067354 -14.649007 -9.794637 -9.767087 17.279819 10.572298 2.649035 6.069018 -6.680548 6.561746 0.061453 -0.286712 -51.090915 -0.126854 -0.036459 -1.601058 0.046152 0.110537 3.033386 -0.035344 0.062205 47.554318 0.073112 0.035499 31.550734 -0.342738 -0.198805 -7.731908 0.116653 0.028374 0.017685 -0.116192 -0.025404 0.019970 0.039064 0.020484 -8.897156 0.000000 0.000000 -0.000002 
-5.392084 67.795166 0.155846 -0.006981 0.844006 -9.137100 0.003491 -0.000000 -0.000008 0.026500 -0.101546 0.090234 0.045824 -0.083275 0.020272 0.077652 -0.051743 -0.423576 0.090463 -0.007662 -0.482213 -0.015496 -0.212961 -0.341596 -4.158150 5.330503 -6.535452 -4.233465 -0.784712 13.290799 -0.566171 -0.046781 1.752611 9.413818 -14.779667 8.310423 -0.914636 0.054370 -6.687297 0.000008 0.000017 9.232002 0.000000 0.000003 -0.000001 -0.914701 0.060949 -6.688446 -4.238890 -0.255703 6.901083 -0.000001 0.000002 -0.000002 10.153324 -1.813269 23.234422 0.363246 0.028073 1.123967 1.094193 0.106249 3.391390 -4.293430 21.655453 -21.081148 -0.052729 -0.029601 -0.908090 0.000008 0.000020 9.231990 0.000027 -0.000027 0.039535 -1.018270 0.061979 -0.634239 4.238997 0.255730 6.901277 0.020774 -0.000037 0.033687 -0.016241 -0.212715 -12.971830 23.279749 5.096320 -20.192256 -22.427158 56.941829 -6.931261 -31.418792 -6.669910 -7.157312 0.573902 -8.145194 12.087565 6.531812 6.211329 -14.067381 14.649014 9.794554 -9.767120 -17.279832 -10.572201 2.649138 -6.068998 6.680575 6.561773 -22.883326 -5.424875 -20.354042 22.427266 -56.941897 -6.931014 31.418734 6.669911 -7.157457 -0.573837 8.145250 12.087428 -6.531882 -6.211416 -14.067360 -14.649009 -9.794633 -9.767095 17.279819 10.572303 2.649025 6.069018 -6.680546 6.561745 0.126651 -0.577731 -48.651612 -0.255853 -0.071834 -3.168985 0.086415 0.221026 5.636179 -0.073821 0.127212 44.310319 0.144922 0.078329 29.531207 -0.654610 -0.437756 -4.703038 0.227995 0.056402 0.032622 -0.227606 -0.053665 0.035009 0.041171 0.020094 -8.483074 0.000000 -0.000000 -0.000001 
-6.620823 66.997337 0.259940 0.002643 1.295024 -9.433765 0.003491 -0.000000 -0.000007 0.055964 -0.205497 0.195796 0.101584 -0.181307 0.045114 0.171733 -0.117111 -0.915906 0.201260 -0.031446 -1.043669 -0.025589 -0.327989 -0.992766 -5.231815 5.365905 -1.582792 -2.447868 -0.329331 7.620168 -1.442987 -0.153909 4.476722 9.192688 -15.309560 7.497973 -0.906112 0.061745 -6.830759 0.000007 0.000014 9.232001 0.000000 0.000001 0.000003 -0.909460 0.064091 -6.832488 -4.238889 -0.255704 6.901085 0.000000 0.000001 -0.000004 12.132040 -1.137600 29.094482 -2.823835 0.025151 -8.722190 2.386563 0.316986 7.427562 -4.814918 21.815773 -21.206160 -0.085107 -0.044682 -3.214648 0.000010 0.000020 9.231987 0.000028 -0.000028 0.039535 -2.165046 0.166986 -2.619798 4.239066 0.255722 6.901398 0.020776 -0.000034 0.033687 -0.025006 -0.327656 -13.535007 23.450476 5.242765 -20.242592 -22.427163 56.941829 -6.931242 -31.418792 -6.669906 -7.157302 0.573904 -8.145196 12.087563 6.531816 6.211330 -14.067372 14.649009 9.794552 -9.767124 -17.279827 -10.572192 2.649148 -6.068997 6.680581 6.561790 -22.610641 -5.934191 -20.573355 22.427225 -56.941901 -6.931037 31.418730 6.669902 -7.157479 -0.573834 8.145260 12.087417 -6.531875 -6.211417 -14.067358 -14.649004 -9.794630 -9.767101 17.279824 10.572312 2.649016 6.069020 -6.680540 6.561739 0.208054 -0.875286 -46.041513 -0.391012 -0.106772 -4.854789 0.122035 0.334447 8.256416 -0.118658 0.194919 40.925691 0.215857 0.117456 27.402622 -0.935674 -0.710713 -1.388181 0.340463 0.084721 0.047657 -0.340148 -0.082251 0.050134 0.043264 0.019731 -8.064853 0.000000 0.000000 -0.000002 
-7.896505 66.131760 0.378061 0.023401 1.757353 -9.769904 0.003491 -0.000000 -0.000007 0.096764 -0.350290 0.336934 0.178130 -0.310502 0.077605 0.292933 -0.203081 -1.573136 0.348582 -0.063245 -1.795331 -0.040989 -0.447391 -1.703911 -6.288110 5.292664 3.397781 -0.693280 -0.059736 2.146696 -2.280800 -0.296185 7.095602 8.943765 -15.871977 6.680742 -0.900293 0.067414 -7.019598 0.000008 0.000017 9.232002 0.000000 0.000002 0.000001 -0.900285 0.070188 -7.017535 -4.238888 -0.255697 6.901084 -0.000001 0.000002 -0.000002 13.955854 -0.303415 34.675060 -5.731109 0.507368 -17.812380 3.524871 0.581423 11.024763 -5.392830 21.936742 -21.311432 -0.118879 -0.057692 -6.448176 0.000009 0.000019 9.231989 0.000027 -0.000029 0.039536 -3.607692 0.349551 -5.443122 4.239127 0.255734 6.901487 0.020776 -0.000035 0.033687 -0.034396 -0.450791 -14.125228 23.674114 5.431539 -20.308382 -22.427163 56.941825 -6.931246 -31.418788 -6.669906 -7.157298 0.573903 -8.145197 12.087568 6.531821 6.211336 -14.067365 14.649011 9.794554 -9.767119 -17.279825 -10.572185 2.649155 -6.068988 6.680594 6.561817 -22.264055 -6.567747 -20.844107 22.427210 -56.941924 -6.931086 31.418740 6.669894 -7.157487 -0.573829 8.145260 12.087411 -6.531869 -6.211413 -14.067362 -14.649000 -9.794619 -9.767110 17.279836 10.572329 2.648985 6.069030 -6.680524 6.561724 0.304368 -1.172025 -43.366855 -0.525161 -0.138324 -6.583625 0.151241 0.453817 10.902524 -0.157333 0.268508 37.482637 0.292241 0.155597 25.230302 -1.171575 -1.013986 2.073206 0.453960 0.113367 0.062785 -0.453754 -0.111131 0.065347 0.037776 0.020724 -6.975487 -0.000000 0.000000 -0.000002 
-9.171886 65.240959 0.503013 0.047621 2.220287 -10.119259 0.003491 -0.000000 -0.000008 0.146362 -0.524281 0.503948 0.266444 -0.468798 0.120229 0.436115 -0.312258 -2.349878 0.520541 -0.100705 -2.685049 -0.054495 -0.567905 -2.435889 -7.292214 5.120113 8.243719 0.963076 0.039760 -2.974642 -3.048835 -0.461618 9.514627 8.676108 -16.438925 5.878106 -0.889720 0.072408 -7.230062 0.000007 0.000017 9.232000 0.000000 0.000002 -0.000000 -0.892627 0.077156 -7.229427 -4.238891 -0.255699 6.901086 -0.000002 0.000004 -0.000002 15.575449 0.630072 39.756158 -8.246317 1.325835 -25.940092 4.502622 0.869969 14.157857 -6.020417 22.000123 -21.317389 -0.151095 -0.070752 -10.123971 0.000009 0.000020 9.231988 0.000028 -0.000027 0.039534 -5.158774 0.609206 -8.671685 4.239195 0.255740 6.901606 0.020773 -0.000032 0.033685 -0.043600 -0.571484 -14.724645 23.932711 5.645773 -20.384553 -22.427199 56.941815 -6.931211 -31.418792 -6.669916 -7.157281 0.573911 -8.145193 12.087574 6.531832 6.211348 -14.067344 14.649012 9.794554 -9.767116 -17.279839 -10.572178 2.649174 -6.068975 6.680617 6.561883 -21.880088 -7.260103 -21.130329 22.427179 -56.941962 -6.931152 31.418740 6.669885 -7.157529 -0.573814 8.145270 12.087382 -6.531865 -6.211409 -14.067366 -14.649000 -9.794596 -9.767140 17.279868 10.572373 2.648927 6.069031 -6.680515 6.561677 0.410458 -1.455932 -40.815858 -0.660993 -0.165155 -8.228434 0.176102 0.569275 13.498819 -0.188808 0.340468 34.159842 0.365339 0.189089 23.148802 -1.362116 -1.330229 5.440385 0.565265 0.141482 0.077566 -0.565170 -0.139495 0.080207 0.032458 0.021675 -5.907296 -0.000000 -0.000000 -0.000001 
-10.475498 64.314560 0.635019 0.075761 2.692596 -10.487123 0.003491 -0.000000 -0.000007 0.204228 -0.720095 0.697007 0.370264 -0.645291 0.163694 0.597749 -0.440957 -3.250644 0.719391 -0.152529 -3.709972 -0.073540 -0.692697 -3.196489 -8.266507 4.851376 13.078554 2.549949 -0.003835 -7.874762 -3.763641 -0.646494 11.785746 8.389187 -17.029255 5.071539 -0.878273 0.082435 -7.459653 0.000008 0.000017 9.232004 0.000000 0.000002 0.000001 -0.881461 0.084663 -7.463863 -4.238891 -0.255702 6.901084 -0.000000 0.000004 -0.000002 17.040817 1.631346 44.367130 -10.420900 2.375733 -33.323164 5.373020 1.176874 16.989710 -6.730289 22.000833 -21.155198 -0.181699 -0.079852 -13.929344 0.000010 0.000023 9.231987 0.000027 -0.000026 0.039537 -6.702471 0.934578 -12.014788 4.239266 0.255757 6.901716 0.020778 -0.000031 0.033689 -0.052881 -0.693177 -15.337087 24.223630 5.881045 -20.470056 -22.427174 56.941812 -6.931198 -31.418792 -6.669913 -7.157252 0.573909 -8.145188 12.087574 6.531850 6.211356 -14.067295 14.649011 9.794560 -9.767118 -17.279824 -10.572155 2.649206 -6.069009 6.680580 6.561761 -21.469364 -7.974409 -21.426688 22.427078 -56.942013 -6.931312 31.418740 6.669857 -7.157607 -0.573783 8.145301 12.087332 -6.531858 -6.211405 -14.067378 -14.648987 -9.794548 -9.767200 17.279837 10.572297 2.649044 6.069052 -6.680492 6.561601 0.527412 -1.728124 -38.423895 -0.794872 -0.186278 -9.760751 0.194234 0.690268 16.131211 -0.212008 0.414599 30.933025 0.444762 0.218620 21.151551 -1.507515 -1.653142 8.666641 0.677680 0.169904 0.092426 -0.677680 -0.168162 0.095165 0.027172 0.022638 -4.828475 0.000000 -0.000000 -0.000001 
-11.798156 63.368305 0.770655 0.112783 3.173885 -10.863074 0.003491 0.000000 -0.000007 0.270629 -0.940983 0.911905 0.488129 -0.844988 0.218852 0.772610 -0.590077 -4.248827 0.937446 -0.220770 -4.847611 -0.091009 -0.818692 -3.972017 -9.204310 4.492135 17.877021 4.050873 -0.170951 -12.533430 -4.416011 -0.841996 13.878459 8.087015 -17.625038 4.257359 -0.868492 0.089051 -7.697518 0.000008 0.000016 9.232001 0.000000 0.000002 -0.000000 -0.870182 0.092208 -7.700640 -4.238890 -0.255697 6.901086 -0.000001 0.000001 -0.000002 18.333493 2.630161 48.315269 -12.237782 3.543194 -39.890569 6.159827 1.496956 19.591701 -7.523532 21.925799 -20.739775 -0.203369 -0.090062 -17.424644 0.000010 0.000021 9.231990 0.000027 -0.000028 0.039536 -8.086386 1.286984 -15.090685 4.239321 0.255758 6.901814 0.020774 -0.000035 0.033685 -0.062525 -0.819623 -15.962750 24.537251 6.126820 -20.561882 -22.427204 56.941795 -6.931171 -31.418771 -6.669943 -7.157199 0.573917 -8.145181 12.087586 6.531908 6.211395 -14.067228 14.649014 9.794566 -9.767106 -17.279807 -10.572113 2.649273 -6.069012 6.680582 6.561762 -21.061496 -8.671145 -21.706240 22.427263 -56.941894 -6.930994 31.418744 6.669918 -7.157443 -0.573838 8.145251 12.087432 -6.531839 -6.211397 -14.067402 -14.649014 -9.794642 -9.767078 17.279844 10.572296 2.649046 6.069019 -6.680550 6.561761 0.656061 -1.991001 -36.305840 -0.922798 -0.203265 -11.104980 0.210557 0.807447 18.794165 -0.219907 0.486918 27.895775 0.524802 0.238617 19.313050 -1.613665 -1.969745 11.616677 0.791191 0.198625 0.107399 -0.791264 -0.197141 0.110200 0.027717 0.022559 -3.292725 -0.000000 -0.000000 -0.000001 
-13.092078 62.445694 0.902516 0.146812 3.641318 -11.230254 0.003491 -0.000000 -0.000007 0.341772 -1.170513 1.137218 0.609178 -1.053361 0.273554 0.950129 -0.750219 -5.291658 1.165546 -0.299503 -6.040727 -0.112965 -0.938345 -4.732960 -10.074292 4.062997 22.476404 5.412852 -0.431226 -16.805558 -4.984581 -1.033871 15.720403 7.779702 -18.219176 3.453031 -0.858876 0.095502 -7.930770 0.000007 0.000016 9.232001 0.000000 0.000002 0.000002 -0.859057 0.099544 -7.932843 -4.238889 -0.255697 6.901085 0.000001 0.000007 -0.000001 19.422521 3.507144 51.288085 -13.653255 4.677750 -45.379787 6.868898 1.822001 21.977117 -8.381561 21.780932 -20.026378 -0.221786 -0.098503 -20.160029 0.000009 0.000010 9.231987 0.000028 -0.000029 0.039536 -9.150883 1.597112 -17.494433 4.239392 0.255764 6.901936 0.020773 -0.000037 0.033685 -0.071963 -0.943364 -16.572940 24.853885 6.365108 -20.653778 -22.427273 56.941778 -6.931054 -31.418788 -6.669910 -7.157307 0.573926 -8.145171 12.087608 6.531805 6.211328 -14.067376 14.649012 9.794566 -9.767103 -17.279830 -10.572200 2.649136 -6.069009 6.680577 6.561764 -20.698502 -9.284673 -21.944971 22.427244 -56.941894 -6.931016 31.418754 6.669913 -7.157450 -0.573841 8.145247 12.087438 -6.531811 -6.211372 -14.067442 -14.649014 -9.794644 -9.767081 17.279841 10.572293 2.649043 6.069017 -6.680553 6.561757 0.785422 -2.232066 -34.623861 -1.047653 -0.216119 -12.150024 0.224126 0.925230 21.418780 -0.208833 0.553606 25.204043 0.608938 0.251612 17.746174 -1.687871 -2.262274 14.065525 0.902483 0.226821 0.122025 -0.902631 -0.225585 0.124889 0.028192 0.022466 -1.786776 -0.000000 -0.000000 -0.000001 
-14.386330 61.535362 1.031033 0.183786 4.113257 -11.588786 0.003491 0.000000 -0.000007 0.420969 -1.413730 1.377239 0.734332 -1.270142 0.329369 1.132531 -0.928645 -6.391921 1.394514 -0.392302 -7.299676 -0.133039 -1.059247 -5.477321 -10.897772 3.564107 26.984781 6.666825 -0.766057 -20.797660 -5.480998 -1.218289 17.344289 7.467668 -18.817504 2.640209 -0.848139 0.100442 -8.150714 0.000007 0.000015 9.232000 0.000000 0.000001 0.000002 -0.850479 0.105603 -8.140791 -4.238888 -0.255695 6.901084 -0.000001 -0.000001 -0.000002 20.334310 4.174816 53.105892 -14.722836 5.697684 -49.834498 7.548739 2.168089 24.306147 -9.332380 21.556526 -18.919962 -0.235531 -0.101830 -21.924697 0.000009 0.000008 9.231990 0.000026 -0.000026 0.039535 -9.830732 1.811436 -19.041051 4.239447 0.255773 6.902017 0.020777 -0.000035 0.033687 -0.081235 -1.064913 -17.182357 25.172911 6.591982 -20.744932 -22.427182 56.941839 -6.931223 -31.418788 -6.669912 -7.157308 0.573951 -8.145145 12.087655 6.531806 6.211322 -14.067375 14.649016 9.794573 -9.767098 -17.279830 -10.572200 2.649141 -6.069009 6.680579 6.561761 -20.394125 -9.784583 -22.138202 22.427259 -56.941901 -6.931016 31.418727 6.669891 -7.157467 -0.573838 8.145247 12.087430 -6.531872 -6.211417 -14.067355 -14.649011 -9.794640 -9.767083 17.279839 10.572300 2.649038 6.069019 -6.680548 6.561754 0.915244 -2.456044 -33.441692 -1.165240 -0.224773 -12.850448 0.237136 1.044171 24.088491 -0.179811 0.615278 22.861196 0.692504 0.256557 16.467564 -1.747393 -2.527583 15.949323 1.014857 0.255347 0.136713 -1.015127 -0.254337 0.139690 0.028662 0.022385 -0.265926 0.000000 0.000000 0.000000 
-15.670910 60.654491 1.152472 0.222483 4.579676 -11.937399 0.003491 0.000001 -0.000008 0.501996 -1.658993 1.619986 0.868324 -1.497286 0.390058 1.309963 -1.119891 -7.521864 1.635065 -0.500531 -8.589536 -0.158088 -1.180756 -6.200705 -11.670586 3.007354 31.363870 7.803011 -1.152549 -24.481676 -5.900298 -1.386702 18.728597 7.157838 -19.416203 1.810118 -0.839342 0.108094 -8.350392 0.000008 0.000016 9.232001 0.000000 0.000003 -0.000000 -0.841791 0.111659 -8.350316 -4.238888 -0.255700 6.901085 0.000000 0.000008 -0.000002 21.042276 4.499154 53.414248 -15.435821 6.473215 -53.001264 8.218599 2.544121 26.647338 -10.364470 21.250990 -17.329856 -0.240313 -0.106913 -22.505079 0.000008 0.000010 9.231988 0.000027 -0.000026 0.039536 -10.057256 1.885955 -19.550172 4.239520 0.255792 6.902130 0.020774 -0.000037 0.033687 -0.090586 -1.187495 -17.780010 25.483784 6.795599 -20.831406 -22.427181 56.941839 -6.931232 -31.418792 -6.669913 -7.157296 0.573902 -8.145194 12.087558 6.531810 6.211333 -14.067382 14.649021 9.794591 -9.767069 -17.279830 -10.572190 2.649141 -6.069009 6.680578 6.561760 -20.187601 -10.112911 -22.265426 22.427215 -56.941894 -6.931036 31.418737 6.669895 -7.157475 -0.573831 8.145253 12.087428 -6.531869 -6.211414 -14.067360 -14.649017 -9.794638 -9.767087 17.279846 10.572309 2.649028 6.069019 -6.680540 6.561746 1.042808 -2.663796 -32.879820 -1.272297 -0.235269 -13.118344 0.249432 1.164495 26.805699 -0.126891 0.667453 20.951170 0.780487 0.248828 15.559243 -1.801643 -2.750738 17.101843 1.129736 0.284514 0.151672 -1.130097 -0.283762 0.154742 0.029109 0.022304 1.269869 -0.000000 0.000000 -0.000001 
-16.899960 59.843254 1.260150 0.253104 5.025698 -12.243930 0.003491 0.000000 -0.000007 0.582479 -1.899197 1.858376 0.998643 -1.716723 0.450115 1.477650 -1.313164 -8.634334 1.865792 -0.618236 -9.855201 -0.179570 -1.293215 -6.865666 -12.367668 2.423545 35.453835 8.787891 -1.555583 -27.741394 -6.230247 -1.527587 19.826829 6.865031 -19.986923 0.995427 -0.830763 0.115292 -8.508003 0.000008 0.000016 9.232002 0.000000 0.000002 0.000002 -0.834176 0.116492 -8.508635 -4.238891 -0.255693 6.901082 -0.000002 0.000001 -0.000002 21.183921 3.791804 49.789081 -15.397219 6.428977 -52.824960 8.864313 2.941725 28.954272 -11.575012 20.861066 -14.247705 -0.218863 -0.096485 -20.304959 0.000010 0.000009 9.231988 0.000028 -0.000031 0.039538 -9.143129 1.621526 -17.640663 4.239590 0.255790 6.902256 0.020776 -0.000037 0.033683 -0.099211 -1.300561 -18.345603 25.767894 6.959955 -20.906898 -22.427163 56.941829 -6.931241 -31.418788 -6.669920 -7.157287 0.573902 -8.145197 12.087568 6.531815 6.211332 -14.067372 14.649038 9.794642 -9.767015 -17.279832 -10.572191 2.649151 -6.069010 6.680580 6.561770 -20.113449 -10.236144 -22.310072 22.427233 -56.941924 -6.931052 31.418720 6.669880 -7.157503 -0.573834 8.145250 12.087423 -6.531867 -6.211421 -14.067366 -14.649011 -9.794630 -9.767095 17.279827 10.572316 2.649009 6.069021 -6.680538 6.561737 1.177760 -2.877789 -32.984367 -1.388121 -0.244510 -12.670442 0.252055 1.289155 29.466747 -0.085002 0.730811 19.343234 0.865664 0.243539 15.149435 -1.910738 -3.017469 17.394241 1.382652 0.349328 0.184598 -1.383010 -0.348599 0.187654 0.029512 0.022233 2.775811 -0.000001 0.000000 -0.000001 
-18.100620 59.093636 1.353775 0.283367 5.461401 -12.522552 0.003491 0.000000 -0.000006 0.664790 -2.141419 2.099493 1.127803 -1.931752 0.511236 1.640956 -1.513535 -9.730609 2.088668 -0.742050 -11.113409 -0.201903 -1.406671 -7.481423 -13.008332 1.814399 39.332368 9.647420 -1.962494 -30.648326 -6.478407 -1.638517 20.658373 6.592435 -20.550096 0.165638 -0.825764 0.115290 -8.619797 0.000007 0.000015 9.232001 0.000000 0.000002 -0.000000 -0.827987 0.117855 -8.620235 -4.238890 -0.255698 6.901084 -0.000001 0.000004 -0.000003 20.518435 2.026910 41.998154 -14.355480 5.329474 -48.268721 9.235335 3.186777 30.304959 -12.924199 20.413407 -9.318977 -0.170224 -0.071609 -14.366005 0.000007 0.000010 9.231992 0.000028 -0.000030 0.039536 -6.689269 0.986761 -12.456056 4.239647 0.255802 6.902346 0.020777 -0.000032 0.033684 -0.107669 -1.411403 -18.885468 26.343717 6.776729 -20.463013 -21.607956 56.718082 -7.029156 -31.138317 -4.878764 -8.352859 0.573906 -8.145200 12.087562 6.365420 6.461431 -13.965372 14.649014 9.794554 -9.767122 -17.430713 -10.403555 2.405949 -6.302928 6.884245 6.566829 -20.366436 -9.911258 -21.784395 21.608045 -56.718140 -7.028905 31.138245 4.878751 -8.352988 -0.573834 8.145257 12.087425 -6.365477 -6.461530 -13.965340 -14.649009 -9.794617 -9.767105 17.430711 10.403648 2.405859 6.302945 -6.884213 6.566832 1.329400 -3.140874 -33.673440 -1.527362 -0.261424 -11.410728 0.240098 1.421989 32.136682 -0.066292 0.823271 17.791796 0.950623 0.241689 15.229836 -2.104587 -3.384369 16.881615 1.638020 0.414938 0.217535 -1.638358 -0.414223 0.220597 0.029884 0.022171 4.296690 0.000000 -0.000000 0.000000 
-19.262070 58.424221 1.429310 0.301871 5.887456 -12.754160 0.003491 0.000001 -0.000007 0.747056 -2.372711 2.330872 1.244436 -2.127867 0.565922 1.788383 -1.711614 -10.792297 2.308359 -0.884904 -12.320375 -0.223505 -1.510620 -8.024623 -13.589837 1.200257 42.939719 10.373952 -2.349389 -33.159418 -6.642490 -1.714252 21.210946 6.344346 -21.098265 -0.674751 -0.822841 0.117768 -8.675509 0.000008 0.000016 9.232000 0.000000 0.000002 0.000002 -0.824249 0.121006 -8.676249 -4.238890 -0.255698 6.901083 -0.000000 0.000002 -0.000002 19.310292 0.106955 33.192844 -12.525692 3.756427 -40.976169 9.062747 3.071214 29.674201 -14.124497 19.995160 -3.712889 -0.101339 -0.044248 -7.013669 0.000008 0.000010 9.231991 0.000027 -0.000027 0.039534 -3.546592 0.393875 -6.018928 4.239720 0.255821 6.902460 0.020776 -0.000030 0.033687 -0.115912 -1.519427 -19.394915 27.444293 6.020151 -19.112985 -19.332142 56.012298 -7.297788 -30.515923 -0.155687 -11.237995 0.573908 -8.145197 12.087565 5.774183 7.325454 -13.597096 14.649016 9.794554 -9.767120 -17.950668 -9.815340 1.557366 -7.130187 7.594043 6.588651 -21.072428 -9.012443 -20.307081 19.332224 -56.012349 -7.297545 30.515851 0.155657 -11.238111 -0.573828 8.145258 12.087418 -5.774251 -7.325539 -13.597064 -14.649000 -9.794594 -9.767139 17.950669 9.815423 1.557276 7.130209 -7.594017 6.588665 1.492240 -3.426687 -34.864772 -1.672285 -0.282024 -9.559592 0.216952 1.556780 34.831875 -0.058982 0.928815 16.392037 1.031087 0.234449 15.688861 -2.370818 -3.804264 15.659853 1.895863 0.481328 0.250509 -1.896171 -0.480634 0.253565 0.030252 0.022115 5.832472 -0.000000 0.000000 -0.000001 
-20.342838 57.867599 1.481709 0.314137 6.283958 -12.932461 0.003491 0.000000 -0.000008 0.824212 -2.584165 2.543678 1.359003 -2.320066 0.619916 1.916801 -1.900838 -11.766077 2.501844 -1.014103 -13.433587 -0.244161 -1.609141 -8.478213 -14.096583 0.620868 46.122929 10.952131 -2.687304 -35.198833 -6.722691 -1.751971 21.481862 6.133911 -21.609759 -1.509066 -0.822048 0.122506 -8.662726 0.000008 0.000017 9.232002 0.000000 0.000002 -0.000000 -0.822997 0.120444 -8.662930 -4.238888 -0.255700 6.901084 0.000000 0.000001 -0.000003 18.075363 -1.349132 25.962241 -10.485244 2.412222 -33.548540 8.483317 2.702802 27.586712 -14.985440 19.633761 1.258590 -0.039315 -0.018308 -1.490527 0.000007 0.000012 9.231992 0.000028 -0.000028 0.039536 -1.004983 0.081267 -1.217690 4.239777 0.255812 6.902562 0.020774 -0.000035 0.033687 -0.123489 -1.618728 -19.853396 28.888084 4.871185 -17.121150 -16.100694 54.805718 -7.580437 -29.958463 6.232870 -14.485057 0.573911 -8.145194 12.087566 5.187832 8.168966 -13.226496 14.649009 9.794559 -9.767116 -18.451015 -9.231245 0.731980 -7.943052 8.289704 6.620115 -22.127474 -7.729543 -18.137753 16.100795 -54.805786 -7.580173 29.958347 -6.232901 -14.485129 -0.573816 8.145269 12.087395 -5.187890 -8.169051 -13.226471 -14.648990 -9.794548 -9.767204 18.451024 9.231329 0.731894 7.943069 -8.289667 6.620122 1.638798 -3.710556 -36.422575 -1.816664 -0.311566 -7.421422 0.188100 1.688613 37.479181 -0.043801 1.033075 15.253996 1.113886 0.228223 16.389654 -2.678900 -4.211722 13.891771 2.148675 0.546591 0.282542 -2.148975 -0.545914 0.285588 0.030563 0.022058 7.338418 -0.000000 -0.000000 0.000000 
-21.365677 57.423317 1.509042 0.311473 6.661098 -13.050089 0.003491 0.000000 -0.000008 0.896503 -2.778356 2.739271 1.474905 -2.514058 0.674833 2.032311 -2.075952 -12.660351 2.660247 -1.123735 -14.462434 -0.263086 -1.698307 -8.834375 -14.545349 0.086101 48.911627 11.393491 -2.964264 -36.783355 -6.721485 -1.751400 21.477784 5.966663 -22.092775 -2.354329 -0.827867 0.117731 -8.563881 0.000007 0.000015 9.232001 0.000000 0.000001 -0.000000 -0.829330 0.119542 -8.568859 -4.238890 -0.255698 6.901084 -0.000001 0.000006 -0.000001 17.393471 -2.082989 22.051322 -9.116960 1.705037 -28.846481 7.909082 2.365896 25.559387 -15.472856 19.295488 4.596890 -0.000109 0.000009 -0.000309 0.000007 0.000008 9.231988 0.000027 -0.000030 0.039535 -0.001876 -0.003474 -0.000839 4.239848 0.255834 6.902669 0.020775 -0.000033 0.033688 -0.130345 -1.708566 -20.267420 30.577077 3.446686 -14.632760 -12.265953 53.002425 -7.692054 -29.766685 13.268837 -17.151599 0.573911 -8.145190 12.087574 4.165921 9.617206 -12.551500 14.649011 9.794557 -9.767118 -19.298867 -8.195221 -0.663733 -9.346044 9.489271 6.666841 -23.475961 -6.173627 -15.396437 12.266052 -53.002483 -7.691767 29.766514 -13.268857 -17.151659 -0.573791 8.145294 12.087346 -4.165971 -9.617291 -12.551469 -14.649017 -9.794648 -9.767078 19.298862 8.195290 -0.663825 9.346065 -9.489240 6.666869 1.764476 -3.974588 -38.300453 -1.943449 -0.343527 -5.164573 0.157503 1.820846 40.174882 -0.004448 1.125232 14.423674 1.199559 0.217836 17.240753 -3.028695 -4.567454 11.645675 2.403926 0.612639 0.314592 -2.404227 -0.611967 0.317671 0.030844 0.022003 8.859291 0.000000 0.000000 0.000001 
-22.318928 57.111385 1.506963 0.289243 7.016057 -13.092760 0.003491 -0.000000 -0.000006 0.961284 -2.948859 2.911937 1.563043 -2.657003 0.714991 2.127923 -2.236736 -13.447757 2.816024 -1.247669 -15.356750 -0.276710 -1.781810 -9.082573 -14.935414 -0.373348 51.219278 11.692896 -3.161982 -37.873276 -6.640172 -1.713170 21.203130 5.848525 -22.547365 -3.215594 -0.836664 0.110245 -8.384818 0.000007 0.000014 9.232000 0.000001 0.000003 -0.000000 -0.836881 0.119245 -8.385550 -4.238886 -0.255688 6.901085 -0.000001 0.000002 -0.000003 18.308746 -1.618065 25.936083 -9.961501 2.124695 -31.726939 7.626881 2.210111 24.576725 -15.224008 19.063574 6.000050 -0.016502 -0.008624 -1.053494 0.000007 0.000011 9.231989 0.000027 -0.000028 0.039536 -0.024372 -0.014993 -1.061770 4.239922 0.255844 6.902784 0.020774 -0.000039 0.033687 -0.136702 -1.791836 -20.631777 32.364718 1.892386 -11.850956 -8.225312 50.558355 -7.473425 -30.079750 19.678779 -18.657346 0.573919 -8.145182 12.087587 3.111641 11.067207 -11.840163 14.649006 9.794554 -9.767117 -20.126865 -7.128779 -2.053863 -10.769142 10.699095 6.744596 -25.042255 -4.475215 -12.263367 8.225382 -50.558402 -7.473148 30.079569 -19.678805 -18.657375 -0.573752 8.145331 12.087259 -3.111693 -11.067290 -11.840125 -14.649016 -9.794643 -9.767081 20.126848 7.128852 -2.053945 10.769143 -10.699075 6.744607 1.852907 -4.196831 -40.417115 -2.049618 -0.376514 -3.039232 0.137131 1.945468 42.930310 0.077511 1.187515 13.996229 1.294217 0.196568 18.123806 -3.391872 -4.818364 9.026067 2.661664 0.679459 0.346676 -2.661945 -0.678805 0.349769 0.031940 0.021825 9.953753 -0.000000 -0.000000 0.000002 
-23.168018 56.952599 1.472991 0.254785 7.335939 -13.060682 0.003492 -0.000000 -0.000009 1.014741 -3.087137 3.052479 1.649578 -2.797111 0.754543 2.203991 -2.368407 -14.088695 2.923642 -1.335932 -16.093297 -0.290534 -1.853345 -9.198191 -15.256390 -0.717580 52.918738 11.839746 -3.261965 -38.412591 -6.485663 -1.641827 20.682766 5.785494 -22.955315 -4.065814 -0.848166 0.100125 -8.107622 0.000007 0.000014 9.231999 0.000000 0.000001 0.000002 -0.851399 0.105091 -8.110584 -4.238888 -0.255692 6.901088 0.000000 0.000001 -0.000002 18.625682 -1.370370 27.830241 -10.320036 2.319184 -32.970754 7.624493 2.208829 24.568476 -14.862531 18.995612 6.395332 -0.080871 -0.033533 -2.034647 0.000007 0.000008 9.231986 0.000028 -0.000028 0.039537 -0.084313 -0.038455 -2.038589 4.239974 0.255838 6.902883 0.020775 -0.000037 0.033687 -0.141919 -1.860188 -20.923783 34.041714 0.394708 -9.081733 -4.406167 47.575997 -6.887640 -30.666327 24.160172 -19.084549 0.573943 -8.145165 12.087628 2.054651 12.476158 -11.112552 14.649016 9.794564 -9.767109 -20.911565 -6.064116 -3.398833 -12.172031 11.883223 6.850831 -26.684052 -2.830725 -9.036075 4.406263 -47.576038 -6.887328 30.666142 -24.160216 -19.084576 -0.573839 8.145252 12.087428 -2.054693 -12.476238 -11.112503 -14.649019 -9.794638 -9.767088 20.911538 6.064178 -3.398912 12.172046 -11.883191 6.850848 1.896832 -4.348193 -42.613711 -2.119766 -0.401493 -1.328206 0.127494 2.064925 45.675083 0.208823 1.207064 14.046848 1.392119 0.163091 18.896968 -3.740118 -4.917312 6.230329 2.914369 0.745136 0.377846 -2.914641 -0.744499 0.380931 0.033000 0.021631 11.026955 0.000000 -0.000000 0.000000 
-23.928802 56.958305 1.402629 0.194846 7.626412 -12.934695 0.003491 0.000001 -0.000008 1.056104 -3.193046 3.160035 1.696770 -2.875873 0.776640 2.257254 -2.470192 -14.578224 3.027234 -1.425964 -16.647273 -0.297268 -1.912432 -9.180959 -15.520613 -0.925304 53.980686 11.830933 -3.255904 -38.380127 -6.256885 -1.539287 19.915855 5.784082 -23.322808 -4.930537 -0.867536 0.087753 -7.719154 0.000007 0.000015 9.232001 0.000000 0.000003 0.000001 -0.870681 0.091072 -7.715965 -4.238889 -0.255700 6.901087 -0.000002 0.000002 -0.000002 18.708557 -1.186488 28.903759 -10.473538 2.405563 -33.507518 7.660548 2.228379 24.693545 -14.470744 18.888917 5.989017 -0.136196 -0.059335 -2.505135 0.000007 0.000010 9.231988 0.000027 -0.000029 0.039536 -0.140882 -0.062444 -2.507053 4.240047 0.255845 6.902995 0.020775 -0.000035 0.033687 -0.146663 -1.922341 -21.152012 35.484438 -0.964256 -6.485227 -0.846492 44.023223 -6.039094 -30.988145 25.872137 -19.087244 0.573967 -8.145134 12.087673 0.962398 13.885326 -10.346470 14.649016 9.794569 -9.767099 -21.676896 -4.970769 -4.739698 -13.597631 13.076093 6.988821 -28.332017 -1.291235 -5.829174 0.846589 -44.023264 -6.038788 30.987943 -25.872188 -19.087297 -0.573833 8.145252 12.087434 -0.962446 -13.885405 -10.346421 -14.649011 -9.794637 -9.767086 21.676869 4.970829 -4.739776 13.597646 -13.076063 6.988847 1.892072 -4.411568 -44.866918 -2.143261 -0.413219 -0.219526 0.130698 2.176338 48.506945 0.409722 1.172775 14.657625 1.505374 0.110531 19.471380 -4.038354 -4.838645 3.294073 3.169539 0.811593 0.409024 -3.169795 -0.810980 0.412113 0.034013 0.021450 12.110763 -0.000000 0.000000 0.000000 
-24.588802 57.149937 1.291223 0.110223 7.883436 -12.711648 0.003492 -0.000001 -0.000008 1.082673 -3.260496 3.228461 1.744121 -2.954821 0.798877 2.293960 -2.535918 -14.890265 3.065905 -1.459234 -17.008242 -0.300451 -1.965340 -9.005339 -15.716959 -0.962863 54.303638 11.648234 -3.131966 -37.709877 -5.951535 -1.408089 18.898613 5.846939 -23.642944 -5.812978 -0.890048 0.072033 -7.197737 0.000007 0.000016 9.232000 0.000000 0.000000 -0.000000 -0.893433 0.073727 -7.196192 -4.238887 -0.255692 6.901087 -0.000000 0.000002 -0.000001 18.888808 -0.853432 30.282159 -10.654384 2.509769 -34.143276 7.457284 2.119487 23.990201 -14.132528 18.546496 4.956039 -0.127015 -0.057759 -1.965794 0.000007 0.000008 9.231987 0.000027 -0.000028 0.039536 -0.128549 -0.060657 -1.966334 4.240105 0.255864 6.903086 0.020776 -0.000034 0.033686 -0.150384 -1.971075 -21.307217 37.042875 -2.526682 -3.353272 4.114320 37.460091 -4.662721 -26.091772 21.406562 -21.139133 1.174183 -6.025507 10.045364 -0.775806 16.040105 -9.073903 12.113784 9.462759 -8.038948 -22.927470 -3.235610 -6.705613 -15.817304 14.919324 7.210474 -29.863520 0.029651 -2.886419 -4.114262 -37.460138 -4.662453 26.091574 -21.406593 -21.139196 -1.160296 6.604648 10.496726 0.775767 -16.040163 -9.073851 -12.652310 -9.541005 -8.401158 22.927436 3.235674 -6.705698 15.817316 -14.919269 7.210489 1.831826 -4.354233 -47.076990 -2.112664 -0.405238 0.018189 0.157738 2.275974 51.436720 0.702809 1.070895 15.932241 1.631081 0.034947 19.718859 -4.243345 -4.533658 0.332841 3.427164 0.878851 0.440207 -3.427403 -0.878246 0.443298 0.032550 0.021721 12.589947 -0.000000 0.000000 -0.000001 
-25.122805 57.532192 1.139786 0.002425 8.095464 -12.389699 0.003491 0.000000 -0.000007 1.091779 -3.283329 3.252071 1.756949 -2.975706 0.806631 2.305859 -2.557683 -14.997531 3.086988 -1.478866 -17.128936 -0.295138 -2.001020 -8.667192 -15.836833 -0.807271 53.822444 11.284930 -2.894562 -36.391248 -5.579276 -1.256709 17.667669 5.975146 -23.909345 -6.688640 -0.919581 0.054054 -6.556705 0.000008 0.000016 9.232003 0.000001 0.000002 0.000001 -0.926392 0.056523 -6.550027 -4.238891 -0.255703 6.901084 -0.000001 0.000002 -0.000002 19.446064 -0.125513 32.980999 -11.037245 2.739309 -35.501978 6.717881 1.749751 21.465512 -13.920962 17.793013 3.519130 -0.000118 0.000008 -0.000311 0.000007 0.000010 9.231988 0.000028 -0.000026 0.039535 -0.001877 -0.003483 -0.000839 4.240173 0.255872 6.903205 0.020774 -0.000042 0.033687 -0.153262 -2.008783 -21.376785 38.811922 -4.231268 0.330798 9.454776 28.152001 -1.297369 -16.772259 10.026240 -22.869485 2.980925 -1.176301 5.352361 -2.956414 18.588957 -7.402059 6.169153 8.359743 -4.208095 -24.343148 -1.071034 -9.024774 -18.522160 17.136516 7.517368 -31.104569 1.031567 -0.515352 -9.454713 -28.152025 -1.297162 16.772088 -10.026306 -22.869502 -2.822829 2.657553 6.521762 2.956373 -18.588998 -7.402013 -7.577263 -8.662484 -5.087685 24.343105 1.071107 -9.024862 18.522157 -17.136446 7.517354 1.723310 -4.154056 -49.096848 -2.020615 -0.371939 -0.826115 0.214579 2.366343 54.390849 1.100384 0.904333 17.888358 1.765823 -0.066710 19.529729 -4.286812 -4.000302 -2.458875 3.679779 0.944929 0.470498 -3.679988 -0.944347 0.473589 0.031180 0.021968 13.059807 -0.000000 -0.000000 0.000000 
-25.379274 58.543949 0.838385 -0.202266 8.221693 -11.778505 0.003491 0.000001 -0.000008 1.027214 -3.123075 3.064717 1.661018 -2.830623 0.667196 2.224799 -2.442257 -14.671156 2.985487 -1.392550 -16.564587 -0.274842 -2.021328 -7.797751 -16.359886 -1.050192 54.464150 10.824688 -2.610443 -34.745900 -3.770912 -0.648530 11.808951 6.784274 -23.917449 -6.240305 -1.011568 0.122766 -4.614485 0.000007 0.000016 9.232000 0.000000 0.000001 0.000002 -1.837581 0.332631 -5.648041 -4.238889 -0.255697 6.901085 -0.000002 0.000001 -0.000004 20.079776 0.734613 35.706696 -11.543290 3.062074 -37.326615 5.586579 1.259646 17.691667 -13.600986 16.627011 1.611252 0.093303 0.089817 1.888962 0.000008 0.000012 9.231987 0.000028 -0.000028 0.039535 0.091736 0.091230 1.887944 4.240233 0.255874 6.903298 0.020775 -0.000033 0.033687 -0.154342 -2.022931 -21.232842 40.311664 -5.580029 3.490752 13.509934 19.760012 3.133462 -7.695849 -4.284141 -20.774720 5.957721 4.639082 -0.336181 -5.273893 21.097843 -5.582430 -1.179760 6.403010 0.042094 -25.682800 1.170568 -11.312074 -21.301700 19.358829 7.943686 -31.954087 1.686949 1.104162 -13.509857 -19.760009 3.133621 7.695702 4.284060 -20.774693 -5.635826 -2.997871 0.973075 5.273836 -21.097877 -5.582393 -0.386903 -6.872937 -0.815861 25.682736 -1.170495 -11.312143 21.301692 -19.358766 7.943638 1.545796 -3.756452 -51.348304 -1.811967 -0.310663 -3.209877 0.321227 2.503615 57.942045 1.724172 0.658676 21.330727 1.956901 -0.220589 18.891881 -4.194851 -3.067204 -6.194664 3.934844 1.011810 0.500772 -3.935051 -1.011221 0.503896 0.029792 0.022209 13.534279 0.000000 -0.000000 -0.000002 
-25.230272 60.487457 0.313957 -0.557054 8.222191 -10.740768 0.003491 0.000001 -0.000008 0.854400 -2.679906 2.538328 1.405691 -2.430959 0.281854 1.994283 -2.119097 -13.771939 2.688652 -1.165969 -15.011275 -0.230053 -2.012053 -6.137082 -17.186127 -1.393863 55.174084 9.696697 -1.987462 -30.816977 0.255396 0.015453 -0.789430 8.371169 -23.358839 -4.385828 -1.124344 0.270967 -0.692372 0.000007 0.000015 9.232000 0.000000 0.000001 0.000002 -3.983911 0.834956 -4.227803 -4.238889 -0.255698 6.901084 -0.000000 0.000004 -0.000002 20.041192 0.975548 35.421272 -11.230807 2.860102 -36.195860 3.990660 0.711634 12.511624 -12.915827 15.300194 -0.896707 -0.010845 0.154558 1.903070 0.000008 0.000010 9.231985 0.000027 -0.000028 0.039535 -0.013707 0.156169 1.904261 4.240302 0.255876 6.903414 0.020777 -0.000025 0.033685 -0.153041 -2.005914 -20.776659 40.932562 -6.098739 4.812957 15.164990 16.175619 5.389676 -1.238563 -15.611927 -17.549949 9.317428 9.767598 -5.451923 -6.228548 22.042359 -4.804249 -7.791864 4.112814 3.351644 -25.792753 2.126045 -12.388784 -22.405466 20.227733 8.123707 -32.261449 1.903003 1.684924 -15.164499 -16.174113 5.390550 1.238463 15.611857 -17.549932 -9.574420 -9.501805 -5.373108 6.228498 -22.042400 -4.804195 7.806980 -4.106915 3.358336 25.792688 -2.126058 -12.388673 22.408886 -20.230344 8.124189 1.303998 -3.140279 -54.130123 -1.465321 -0.224448 -7.173743 0.468763 2.722940 62.358650 2.656074 0.373738 26.627745 2.221490 -0.437800 17.914550 -3.946817 -1.770645 -11.652757 4.192382 1.079470 0.531054 -4.192543 -1.078915 0.534157 0.029259 0.022317 13.725765 0.000000 -0.000000 -0.000001 
-24.754709 63.081017 -0.360610 -1.003818 8.108672 -9.400094 0.003491 -0.000000 -0.000008 0.619595 -2.038541 1.761495 1.044024 -1.851188 -0.284737 1.634354 -1.661406 -12.481166 2.232471 -0.869394 -12.771306 -0.167455 -1.976158 -3.925672 -17.438535 -0.572683 51.767749 7.085012 -0.898861 -22.145215 4.984363 -0.337924 -15.455414 9.835142 -22.266511 -3.092484 -1.147589 0.312680 4.344913 0.000007 0.000016 9.232000 0.000000 0.000002 -0.000000 -6.034718 0.917553 -1.660073 -4.238889 -0.255687 6.901089 -0.000001 0.000002 -0.000002 19.429467 0.634928 32.288118 -10.176866 2.240314 -32.472451 2.147783 0.270992 6.678555 -12.041039 13.986742 -3.843208 -0.237882 0.179287 0.515948 0.000007 0.000011 9.231990 0.000027 -0.000028 0.039536 -0.242510 0.176093 0.515686 4.240373 0.255887 6.903526 0.020776 -0.000034 0.033686 -0.149732 -1.962579 -20.085266 39.870007 -3.978500 3.323964 15.239026 16.987415 4.960748 2.711515 -22.553196 -15.796701 13.154548 14.656968 -10.471155 -6.108631 18.167408 -4.350489 -14.173941 1.475570 6.017765 -21.508546 1.175446 -11.575646 -20.797096 18.971250 7.909713 -31.694134 0.120879 0.496114 -15.195641 -16.835551 5.036284 -2.711575 22.553131 -15.796732 -14.211078 -15.734442 -11.649423 6.108586 -18.167436 -4.350445 15.686755 -0.795017 6.564058 21.508510 -1.175511 -11.575442 21.143354 -19.244037 7.953602 1.051201 -2.373516 -57.163038 -1.023330 -0.156398 -12.149500 0.632475 2.992577 67.169617 3.781927 0.148802 33.057644 2.502994 -0.698770 16.703538 -3.485586 -0.457719 -18.199954 4.444886 1.145955 0.560459 -4.445070 -1.145410 0.563572 0.028743 0.022408 13.913477 -0.000000 0.000000 -0.000002 
-24.003267 66.197006 -1.152514 -1.518653 7.888074 -7.800009 0.003492 -0.000000 -0.000006 0.354649 -1.243075 0.776277 0.618376 -1.130824 -1.005326 1.159873 -1.117230 -10.888616 1.631690 -0.549601 -10.023764 -0.097126 -1.907164 -1.275146 -16.357547 1.864645 42.045477 2.705522 -0.015436 -8.356049 8.847333 -1.581986 -27.940328 10.525828 -20.944236 -4.142746 -0.919840 0.052776 9.928650 0.000007 0.000016 9.231994 0.000000 0.000001 0.000001 -6.680120 0.240886 2.839233 -4.238884 -0.255688 6.901084 0.000000 0.000004 -0.000001 18.253763 -0.149588 26.413540 -8.348671 1.367722 -26.278842 0.140181 0.009952 0.433639 -11.108278 12.765456 -7.238448 -0.515682 0.158264 -1.583389 0.000008 0.000011 9.231989 0.000027 -0.000030 0.039537 -0.519558 0.153939 -1.584594 4.240432 0.255896 6.903628 0.020775 -0.000032 0.033687 -0.144273 -1.891097 -19.187456 37.038302 1.297467 -0.048359 15.366527 19.047092 3.885812 6.298542 -27.626848 -13.861981 18.036882 19.979552 -16.195922 -5.201488 9.319236 -3.100701 -21.186263 -1.835603 8.267959 -12.342911 -1.438801 -9.373434 -16.910088 15.864585 7.487890 -29.984267 -4.735006 -2.477501 -15.245942 -18.647166 4.076143 -6.298583 27.626790 -13.862029 -19.007443 -21.014593 -17.338075 5.201449 -9.319251 -3.100675 22.513270 2.501915 8.607763 12.342866 1.438783 -9.373332 17.818534 -16.598640 7.571527 0.804689 -1.477591 -60.345869 -0.517722 -0.121883 -17.854777 0.802472 3.288490 72.196227 5.041428 0.042273 40.271246 2.805501 -0.994370 15.292362 -2.808940 0.625977 -25.530231 4.699902 1.213216 0.589862 -4.700012 -1.212694 0.592967 0.028241 0.022497 14.103104 0.000000 0.000000 0.000002 
-23.034674 69.639412 -2.010607 -2.053591 7.571569 -6.005340 0.003491 -0.000000 -0.000008 0.095195 -0.361720 -0.357627 0.172374 -0.324790 -1.829989 0.586123 -0.532008 -9.137035 0.910145 -0.256368 -6.997637 -0.024686 -1.803349 1.649618 -16.287575 3.173974 35.354285 2.592022 -0.006846 -8.004878 9.272170 -1.778248 -29.371265 10.710856 -19.124470 -7.682137 -0.918694 0.053593 6.658836 0.000006 0.000011 6.866837 0.000000 0.000001 -0.000000 -5.163214 0.289044 0.367909 -2.982729 -0.126404 4.852303 0.000000 0.000012 0.000001 16.496100 -1.139446 18.049489 -5.711148 0.502420 -17.749133 -1.927184 -0.029503 -5.950230 -10.260006 11.729468 -11.042416 -0.731901 0.110526 -3.486657 0.000006 0.000010 9.231990 0.000027 -0.000030 0.039536 -0.734931 0.110214 -3.486535 4.240500 0.255903 6.903741 0.020776 -0.000028 0.033685 -0.136305 -1.786727 -18.138904 32.956950 7.953517 -3.642845 15.381844 21.790844 2.492946 8.776418 -30.854314 -12.248168 22.475103 24.206535 -21.069626 -2.924389 -0.159676 -1.429363 -26.826244 -4.741758 9.517083 -2.476899 -4.974158 -6.628414 -12.154048 11.960022 7.169944 -26.959592 -11.879514 -6.157276 -15.243662 -21.342992 2.694690 -8.776449 30.854256 -12.248249 -22.862211 -24.597823 -21.527431 2.924353 0.159668 -1.429396 27.314662 5.000263 9.599022 2.476828 4.974162 -6.628379 13.149533 -12.784474 7.218100 0.588722 -0.499648 -63.485283 0.001229 -0.144365 -23.878218 0.962737 3.571640 77.094565 6.333688 0.075908 47.727545 3.092119 -1.306903 13.739308 -2.018780 1.251463 -33.135358 4.957360 1.281271 0.619250 -4.957446 -1.280776 0.622346 0.027707 0.022596 14.294514 0.000000 0.000000 0.000001 
-21.946056 73.100746 -2.856916 -2.550735 7.185816 -4.157586 0.003491 -0.000001 -0.000007 -0.125081 0.517090 -1.542696 -0.239261 0.473617 -2.689787 -0.030008 0.025061 -7.415801 0.133424 -0.043281 -4.024336 0.041850 -1.675206 4.573919 -16.124408 4.446436 27.843150 3.051665 -0.045969 -9.427988 9.026902 -1.663375 -28.543316 10.518301 -16.782992 -12.533582 -0.919494 0.054249 -1.954917 0.000000 0.000002 0.629464 0.000001 0.000002 -0.000002 -1.177218 0.082507 -6.139946 0.335331 -0.001594 -0.545108 0.000003 0.000008 -0.000004 14.240578 -1.996516 7.866251 -2.381430 -0.007225 -7.353661 -3.913398 0.150439 -12.104771 -9.650981 10.960788 -15.082197 -0.775340 0.059465 -4.267883 0.000008 0.000010 9.231986 0.000027 -0.000027 0.039533 -0.778288 0.057274 -4.266579 4.240556 0.255906 6.903832 0.020774 -0.000032 0.033687 -0.126667 -1.660471 -17.028876 28.603029 13.888496 -6.224035 15.105773 24.537948 1.134214 9.395946 -32.292407 -11.408095 24.406026 25.895639 -23.137373 0.243375 -5.986686 -0.973229 -29.106294 -5.961080 9.869868 3.451118 -8.179636 -3.637950 -7.986018 8.464503 7.027499 -22.530086 -20.030424 -9.294591 -15.105686 -24.537943 1.134392 -9.395949 32.292366 -11.408165 -24.406363 -25.895303 -23.136955 -0.243399 5.986689 -0.973263 29.106342 5.961111 9.869639 -3.451170 8.179660 -3.637921 7.984249 -8.461106 7.002297 0.418559 0.472367 -66.301575 0.489029 -0.213954 -29.624709 1.109696 3.799286 81.417863 7.520807 0.235657 54.688327 3.335832 -1.609640 12.160111 -1.292573 1.343157 -40.260372 5.209794 1.348141 0.647753 -5.209845 -1.347657 0.650866 0.027189 0.022690 14.482235 -0.000000 0.000000 0.000003 
-20.769873 76.479179 -3.663725 -2.990451 6.741170 -2.279592 0.003491 -0.000001 -0.000008 -0.293837 1.336415 -2.753333 -0.601679 1.226952 -3.569399 -0.675416 0.540271 -5.808255 -0.665403 0.100427 -1.267924 0.096653 -1.512348 7.421881 -15.768999 5.732903 19.877730 3.915326 -0.150766 -12.110985 8.199635 -1.306979 -25.786092 10.133771 -14.222072 -18.061151 -0.920546 0.053472 -13.840420 -0.000008 -0.000010 -7.972687 0.000000 0.000002 0.000004 4.231814 -0.930092 -15.061143 4.906430 -0.342973 -7.991980 0.000001 0.000013 -0.000005 11.462448 -2.441656 -4.105985 1.663652 0.187655 5.164683 -5.826489 0.531295 -18.114835 -9.360616 10.504401 -19.452244 -0.551089 0.015687 -3.217993 0.000009 0.000012 9.231994 0.000027 -0.000028 0.039530 -0.553666 0.011881 -3.218847 4.240625 0.255920 6.903946 0.020776 -0.000030 0.033682 -0.114783 -1.504759 -15.873399 23.122176 19.877869 -8.185633 14.656888 27.503633 -0.204979 8.403518 -30.475679 -9.099549 22.896956 24.673737 -21.424440 4.455537 -7.493550 -4.120746 -27.159417 -4.937446 9.475413 2.993494 -11.219315 1.207517 -3.815835 4.933514 7.144161 -16.565744 -28.114568 -11.086256 -14.717214 -28.036296 -0.459653 -8.403533 30.475645 -9.099635 -23.170076 -24.901304 -21.737065 -4.455576 7.493515 -4.120773 27.519005 5.125654 9.554328 -2.993524 11.219378 1.207505 2.827784 -4.093508 7.183423 0.286270 1.420276 -68.703275 0.908788 -0.325813 -34.832274 1.256584 3.937580 84.956796 8.541003 0.453411 60.813306 3.510857 -1.888399 10.579808 -0.741314 0.972918 -46.556820 5.464689 1.415794 0.676256 -5.464731 -1.415329 0.679366 0.026672 0.022783 14.671827 0.000001 0.000000 0.000002 
-19.570581 79.560616 -4.375234 -3.334737 6.260944 -0.441087 0.003491 -0.000000 -0.000008 -0.401477 2.023116 -3.927908 -0.882207 1.863853 -4.425299 -1.289577 0.984028 -4.474564 -1.443119 0.170555 1.020788 0.135356 -1.318364 10.004695 -15.121428 7.015321 12.046997 4.998399 -0.340851 -15.499591 6.852499 -0.823651 -21.394791 9.828203 -11.909957 -23.504269 -0.921602 0.052923 -25.811203 -0.000019 -0.000022 -16.636591 0.000000 0.000001 0.000001 9.459225 -2.776959 -23.917326 9.427277 -1.281005 -15.442084 0.000004 0.000008 -0.000003 8.251547 -2.164580 -17.608690 6.256162 1.539089 19.913270 -7.632265 1.089146 -23.922864 -9.469947 10.454381 -24.158249 0.010274 0.004188 -0.011324 0.000008 0.000010 9.163540 0.000026 -0.000027 0.039534 -0.046816 -0.003559 0.004428 4.199419 0.250953 6.836652 0.020777 -0.000033 0.033687 -0.100579 -1.318597 -14.728965 15.706437 26.099416 -9.291652 14.037430 30.920068 -1.589079 6.322059 -25.225490 -4.737494 19.410542 21.637670 -17.343927 9.232602 -7.441554 -10.020399 -22.398583 -2.507515 8.234560 -1.297245 -14.508782 7.824032 0.826619 0.986691 7.424874 -9.683210 -34.795736 -11.175561 -13.929023 -31.527709 -1.902436 -6.322057 25.225478 -4.737576 -20.109054 -22.240330 -18.148685 -9.232666 7.441474 -10.020402 23.366296 2.990861 8.516274 1.297228 14.508893 7.823978 -1.698118 -0.244762 7.503956 0.183062 2.280137 -70.480790 1.220938 -0.440184 -39.059516 1.412535 3.945318 87.350729 9.314705 0.632321 65.527421 3.602543 -2.122629 9.062710 -0.430406 0.325709 -51.447010 5.722058 1.484232 0.704719 -5.722064 -1.483791 0.707836 0.026135 0.022872 14.863286 -0.000000 0.000000 0.000000 
-18.446352 82.065956 -4.922348 -3.531576 5.791436 1.225342 0.003492 0.000000 -0.000008 -0.446278 2.486172 -4.975045 -1.049157 2.294725 -5.193076 -1.806767 1.331667 -3.578209 -2.121690 0.197041 2.548427 0.148461 -1.104688 12.085838 -14.129537 8.216560 5.135857 6.084011 -0.598791 -18.933875 5.117661 -0.365804 -15.874751 9.891352 -10.373179 -28.037269 -0.919923 0.052429 -34.422828 -0.000027 -0.000029 -22.872647 0.000000 0.000002 -0.000000 13.022402 -4.594834 -30.185007 12.587123 -2.313269 -20.747762 -0.000003 0.000013 -0.000004 8.488791 -2.344859 -13.613133 4.022855 0.721173 12.614699 -6.820836 0.813629 -21.292534 -8.757950 12.247070 -32.684316 0.023002 0.015728 -11.244100 0.000004 0.000003 1.895530 0.000024 -0.000027 0.039535 -6.015016 0.456985 -9.513454 0.010946 -0.000004 0.017854 0.020777 -0.000035 0.033685 -0.084539 -1.108349 -13.685956 8.767189 30.434319 -9.250911 12.859635 34.224825 -2.801451 3.320121 -19.055656 -0.959472 15.607168 17.907778 -12.611500 12.877891 -7.074567 -15.880402 -16.690027 0.210709 6.260822 -6.115285 -17.237145 13.408209 4.525309 -2.147109 7.804893 -3.766604 -39.020119 -10.225697 -12.624831 -34.607418 -3.012432 -3.320113 19.055680 -0.959546 -16.365099 -18.555580 -13.471046 -12.877998 7.074438 -15.880402 17.786127 0.291714 6.676408 6.115277 17.237295 13.408116 -4.857574 2.428002 7.845306 0.087541 2.979698 -71.409744 1.387201 -0.523158 -41.795714 1.572213 3.783051 88.245108 9.767465 0.664978 68.214595 3.587028 -2.276597 7.717852 -0.336313 -0.348637 -54.316659 5.974416 1.551481 0.732336 -5.974414 -1.551042 0.735467 0.025646 0.022972 15.050972 -0.000001 0.000000 -0.000001 
-17.428610 83.865013 -5.268474 -3.571146 5.344927 2.701677 0.003491 0.000000 -0.000008 -0.435433 2.663106 -5.864987 -1.091161 2.466714 -5.853501 -2.175713 1.586344 -3.238013 -2.672250 0.221043 3.118521 0.139725 -0.862442 13.547666 -12.710830 9.341542 -0.476701 7.026589 -0.879658 -21.956413 3.047230 -0.045498 -9.414215 10.546590 -10.084150 -31.110432 -0.919109 0.051370 -37.610006 -0.000031 -0.000031 -25.178859 -0.000000 0.000002 -0.000004 14.288856 -5.362197 -32.473404 13.736380 -2.757260 -22.702628 0.000002 0.000009 -0.000003 9.491519 -2.759298 -2.837983 -1.291852 -0.041845 -3.989286 -4.104405 0.179157 -12.700154 -7.559939 16.163774 -43.663443 0.056483 0.027658 -33.935614 -0.000008 -0.000012 -12.773623 0.000029 -0.000029 0.039536 -17.444390 4.308573 -28.368972 -8.380199 1.008792 -13.704436 0.020776 -0.000036 0.033684 -0.066475 -0.871517 -12.765816 5.598340 32.026832 -8.992560 10.629972 37.035792 -3.726299 -0.480051 -14.459458 0.101837 12.560105 14.493089 -8.492457 14.333111 -6.875167 -18.609482 -11.581793 2.420881 4.074809 -8.455381 -18.432623 15.762519 6.071117 -3.449206 8.004262 -1.222681 -40.506020 -9.619279 -10.629870 -37.035792 -3.726052 0.480048 14.459499 0.101762 -12.671651 -14.365054 -8.441638 -14.333220 6.875031 -18.609492 11.581816 -2.420879 4.074709 8.455410 18.432806 15.762408 -6.071103 3.449254 8.004222 -0.021045 3.478100 -71.337501 1.388133 -0.548022 -42.699744 1.738517 3.406841 87.339111 9.846399 0.462663 68.420921 3.448284 -2.339435 6.572068 -0.378542 -0.873274 -54.759327 6.229217 1.619519 0.759923 -6.229235 -1.619094 0.763060 0.025125 0.023068 15.240573 -0.000001 -0.000000 0.000000 
-16.458696 85.196075 -5.462350 -3.457160 4.886987 4.160850 0.003491 -0.000000 -0.000007 -0.386285 2.598214 -6.694417 -1.067563 2.472236 -6.427416 -2.432581 1.783752 -3.397695 -3.151897 0.275645 2.842519 0.104680 -0.584344 14.519546 -10.526344 10.583819 -4.958067 7.980816 -1.220510 -25.065182 0.127911 0.008203 -0.395457 11.979494 -11.963829 -32.820015 -0.945500 0.025676 -37.121211 -0.000029 -0.000030 -24.325898 0.000000 0.000002 0.000001 14.768945 -3.613801 -31.269603 13.422462 -2.641328 -22.169409 0.000002 0.000013 -0.000005 9.507225 -3.216757 3.453196 -5.189660 0.381324 -16.101403 -1.371024 -0.041542 -4.233471 -6.643609 18.864680 -48.899305 0.071286 0.029405 -45.279609 -0.000018 -0.000015 -20.104040 0.000028 -0.000027 0.039532 -22.565878 7.558722 -37.475428 -12.422338 2.251317 -20.468238 0.020775 -0.000034 0.033686 -0.044960 -0.589405 -11.917939 7.992710 28.609402 -11.293346 6.557818 40.108104 -4.559517 -5.838490 -12.095247 -2.193303 9.947213 11.134569 -4.587299 11.089470 -3.406413 -14.933758 -6.660256 4.320175 1.626574 -10.658494 -15.896222 10.338010 1.772462 0.151476 7.418962 -4.341160 -37.588816 -12.430908 -6.813837 -39.934661 -4.479016 5.838475 12.095279 -2.193365 -9.620269 -10.406962 -3.857327 -11.089556 3.406307 -14.933758 5.781515 -4.631527 1.153650 10.658504 15.896362 10.337905 -1.772455 -0.151420 7.418944 -0.170713 3.837570 -70.368693 1.225788 -0.534436 -42.012664 1.924697 2.778449 84.568465 9.555597 0.011413 66.271891 3.179711 -2.305845 5.530302 -0.347473 -1.273349 -52.751692 6.486556 1.688317 0.787492 -6.486492 -1.687920 0.790627 0.024606 0.023162 15.432018 -0.000000 -0.000000 -0.000001 
-15.467186 86.401352 -5.590974 -3.236290 4.388859 5.749352 0.003491 0.000000 -0.000008 -0.320889 2.408086 -7.562701 -1.038614 2.468507 -6.952390 -2.638625 1.965636 -3.852484 -3.635549 0.366477 2.090546 0.056511 -0.258141 15.263227 -7.613081 11.894053 -8.841826 9.073351 -1.684836 -28.699820 -3.642388 -0.612996 11.398986 13.568810 -15.743361 -33.704193 -1.011204 -0.044861 -35.836695 -0.000025 -0.000028 -22.073968 -0.000000 0.000002 0.000003 15.849633 1.042590 -28.163807 12.608178 -2.321256 -20.783487 0.000001 0.000014 -0.000001 8.316317 -3.796471 3.297226 -6.737863 0.787836 -21.025735 0.703323 0.060787 2.177895 -6.577070 19.490150 -48.190307 0.074535 0.030582 -45.047539 -0.000020 -0.000017 -19.822737 0.000031 -0.000026 0.039536 -22.678882 7.276922 -37.251462 -12.267411 2.193920 -20.205849 0.020777 -0.000032 0.033686 -0.019958 -0.261522 -11.086714 11.705647 21.706717 -15.024984 1.806803 43.045129 -5.215498 -11.748149 -10.245019 -5.300780 7.774633 7.890141 -0.939491 4.049179 2.629781 -8.081381 -2.012589 5.875269 -0.972074 -14.305138 -10.251499 0.887562 -6.327450 6.988551 6.846300 -9.431369 -31.341464 -17.022937 -1.948789 -42.962750 -5.192025 11.748114 10.245039 -5.300859 -7.626861 -7.526695 -0.578377 -4.049218 -2.629836 -8.081373 1.568626 -6.013233 -1.236356 14.305111 10.251579 0.887486 6.327459 -6.988504 6.846295 -0.364916 4.146673 -68.856667 0.965122 -0.524411 -40.433357 2.121782 1.947777 80.421748 8.989336 -0.591320 62.591621 2.827350 -2.210662 4.497817 -0.077077 -1.659892 -49.018871 6.738816 1.755922 0.814207 -6.738752 -1.755544 0.817347 0.024115 0.023240 15.619773 -0.000000 0.000000 -0.000001 
-14.431034 87.502159 -5.662231 -2.922365 3.858317 7.461211 0.003491 -0.000000 -0.000009 -0.246617 2.106308 -8.474150 -1.005534 2.451007 -7.454562 -2.806362 2.145488 -4.579493 -4.117442 0.500720 0.911057 -0.010216 0.104356 15.821790 -4.310721 13.084710 -12.295188 10.178239 -2.241126 -32.477597 -7.594415 -2.192524 24.464320 14.529742 -20.355745 -33.848150 -1.102260 -0.144606 -34.063642 -0.000022 -0.000024 -18.969397 0.000001 0.000002 -0.000001 16.937192 7.545646 -23.995867 11.470644 -1.911481 -18.861035 0.000001 0.000004 -0.000002 6.839518 -4.407664 2.492008 -8.141151 1.283542 -25.592854 2.884308 0.423366 8.994749 -6.620899 19.938256 -46.872962 0.067697 0.028884 -44.398620 -0.000019 -0.000015 -18.985431 0.000028 -0.000030 0.039534 -23.002059 6.438718 -36.594367 -11.795234 2.023988 -19.407953 0.020778 -0.000035 0.033679 0.007944 0.104431 -10.247424 14.841957 16.144737 -17.559832 -0.846496 44.023230 -6.039089 -15.829066 -8.208428 -7.088816 6.886957 6.396734 0.705330 -1.271229 6.537271 -3.727281 0.092065 6.504101 -2.235243 -16.691538 -5.906584 -4.857609 -11.900706 11.657216 6.863754 -13.429927 -25.677471 -20.127992 0.846563 -44.023271 -6.038863 15.829021 8.208426 -7.088910 -6.887991 -6.395572 0.705649 1.271204 -6.537288 -3.727281 -0.092049 -6.504131 -2.235278 16.691500 5.906642 -4.857672 11.900722 -11.657176 6.863754 -0.609586 4.411015 -66.823245 0.611917 -0.523250 -38.034195 2.262559 0.930377 75.035092 8.142765 -1.286411 57.518471 2.391473 -2.057480 3.448461 0.454782 -2.062150 -43.836410 6.993575 1.824324 0.840885 -6.993482 -1.823952 0.844033 0.023593 0.023354 15.809339 0.000001 -0.000000 -0.000003 
-13.355808 88.480247 -5.678572 -2.522757 3.304930 9.244131 0.003492 -0.000000 -0.000008 -0.171495 1.704091 -9.407595 -0.967097 2.416019 -7.940451 -2.931976 2.320076 -5.549317 -4.590796 0.684143 -0.638540 -0.080730 0.505563 16.214903 -1.085021 13.986897 -15.317328 11.148166 -2.808220 -35.899454 -10.979544 -4.521369 36.958960 14.554109 -24.516737 -33.358681 -1.190805 -0.247857 -32.278036 -0.000017 -0.000021 -15.842545 0.000001 0.000002 0.000002 17.563804 14.156740 -19.833908 10.311946 -1.537627 -16.917368 -0.000002 0.000004 -0.000001 5.142298 -5.013510 1.157974 -9.405520 1.842502 -29.823314 5.100706 1.075643 16.098870 -6.738035 20.168779 -45.020529 0.064070 0.028412 -43.337912 -0.000016 -0.000015 -17.636426 0.000027 -0.000028 0.039537 -23.505884 5.081577 -35.551937 -11.028447 1.763644 -18.117528 0.020778 -0.000032 0.033681 0.039077 0.512734 -9.400150 18.151800 12.504309 -19.012286 -0.648741 42.572422 -7.686472 -17.728559 -5.335771 -7.323460 6.988808 6.574984 0.520521 -2.648039 8.433066 -3.066674 -0.132100 6.438184 -2.107079 -18.021471 -4.527514 -6.406089 -13.732604 13.180824 6.966298 -16.941383 -21.442276 -21.931662 0.648808 -42.572467 -7.686227 17.728507 5.335783 -7.323547 -6.991997 -6.567011 0.524302 2.648017 -8.433092 -3.066657 0.129123 -6.439708 -2.108852 18.021423 4.527562 -6.406159 13.732615 -13.180784 6.966294 -0.892545 4.619261 -64.333108 0.177871 -0.538627 -34.920787 2.282006 -0.241166 68.629058 7.017638 -1.977445 51.270825 1.888024 -1.849749 2.408453 1.239791 -2.469098 -37.529110 7.250809 1.893489 0.867532 -7.250672 -1.893147 0.870662 0.023470 0.023362 15.848448 0.000000 -0.000000 -0.000001 
-12.279882 89.296928 -5.645046 -2.062638 2.760972 10.999616 0.003491 -0.000000 -0.000008 -0.104542 1.234508 -10.314806 -0.924620 2.365029 -8.403234 -3.015203 2.486188 -6.695070 -5.032305 0.911919 -2.434045 -0.163893 0.918049 16.463355 1.505180 14.470674 -17.818335 11.839746 -3.261965 -38.412598 -13.276090 -6.868270 46.852980 14.044110 -27.051031 -32.248185 -1.250826 -0.323843 -30.993421 -0.000014 -0.000018 -13.593867 0.000000 0.000002 0.000001 17.708445 18.931715 -16.797208 9.472472 -1.293527 -15.517290 0.000001 0.000002 -0.000003 3.349687 -5.565073 -0.515409 -10.513033 2.428093 -33.646024 7.210390 1.991509 23.141501 -6.887609 20.159349 -42.789127 0.060457 0.028046 -41.990497 -0.000016 -0.000015 -15.910726 0.000028 -0.000028 0.039534 -24.106606 3.339919 -34.237935 -10.044086 1.457272 -16.469813 0.020772 -0.000037 0.033688 0.070898 0.929999 -8.569586 21.210428 8.155378 -20.133909 0.533628 39.736524 -9.899477 -18.932166 -1.636427 -7.232824 7.269262 7.057871 0.017683 -4.026747 10.276097 -2.370492 -0.736502 6.262362 -1.768977 -19.286755 -3.141365 -7.890582 -15.543352 14.670963 7.116164 -20.159310 -16.605105 -23.348508 -0.533591 -39.736579 -9.899248 18.932098 1.636449 -7.232905 -7.283154 -7.038052 0.024868 4.026744 -10.276107 -2.370461 0.733548 -6.263887 -1.770734 19.286707 3.141408 -7.890641 15.543386 -14.670910 7.116180 -1.193184 4.754363 -61.528789 -0.296512 -0.574463 -31.323302 2.135498 -1.466793 61.660202 5.688229 -2.563938 44.311843 1.357486 -1.602834 1.419126 2.217501 -2.804042 -30.646878 7.503034 1.961443 0.893363 -7.502870 -1.961128 0.896478 0.023347 0.023383 15.886747 -0.000000 -0.000000 -0.000001 
-11.177704 89.962006 -5.564723 -1.547260 2.226556 12.717840 0.003491 0.000000 -0.000008 -0.048477 0.701356 -11.201579 -0.873485 2.286634 -8.870847 -3.061561 2.644786 -8.014440 -5.443044 1.185608 -4.462666 -0.249015 1.341485 16.592027 3.037290 14.478331 -19.851424 12.162897 -3.489195 -39.611009 -14.448367 -8.447228 52.748291 13.773549 -27.241400 -30.280520 -1.269103 -0.353395 -30.517244 -0.000014 -0.000016 -12.759533 -0.000000 0.000002 0.000004 17.694290 20.697659 -15.657201 9.159185 -1.208093 -14.996358 -0.000001 -0.000003 -0.000002 1.481093 -6.057520 -2.432550 -11.513945 3.042724 -37.219828 9.208143 3.168387 30.205289 -7.044204 19.892665 -40.196773 0.054652 0.023243 -40.401529 -0.000011 -0.000005 -13.893289 0.000027 -0.000027 0.039537 -24.762854 1.273743 -32.724058 -8.874161 1.132982 -14.523052 0.020774 -0.000033 0.033688 0.103813 1.361509 -7.738126 23.877645 3.141288 -20.886572 2.341321 35.739580 -12.347931 -19.594950 2.749491 -6.820534 7.716851 7.806660 -0.760391 -4.697080 12.246945 -2.259389 -1.673828 5.982611 -1.250398 -20.431666 -2.198313 -8.886408 -16.846050 15.744710 7.250106 -22.936380 -11.203088 -24.344408 -2.341312 -35.739658 -12.347726 19.594870 -2.749462 -6.820595 -7.747455 -7.777312 -0.753422 4.697075 -12.246978 -2.259365 1.676844 -5.981093 -1.248757 20.431611 2.198347 -8.886468 16.846059 -15.744667 7.250118 -1.503951 4.823674 -58.403110 -0.812650 -0.627345 -27.262207 1.789676 -2.715313 54.165804 4.163185 -2.987843 36.696366 0.794889 -1.324970 0.462695 3.326980 -3.020840 -23.312677 7.591576 1.985417 0.902362 -7.591581 -1.985059 0.905493 0.023207 0.023417 15.925431 -0.000000 -0.000000 -0.000001 
-10.055411 90.455940 -5.440411 -0.998367 1.708442 14.354640 0.003491 0.000000 -0.000009 -0.006570 0.121178 -12.045467 -0.810302 2.181017 -9.350504 -3.077898 2.797172 -9.478431 -5.803633 1.496428 -6.657096 -0.337666 1.765158 16.633338 3.325416 14.156655 -21.075081 12.288823 -3.580495 -40.082525 -14.844298 -9.066205 54.947540 14.181644 -24.875916 -26.936647 -1.251865 -0.331238 -30.398498 -0.000012 -0.000015 -11.736803 0.000000 0.000001 -0.000001 17.144311 20.248791 -15.347848 8.674438 -1.081905 -14.191938 -0.000004 0.000001 -0.000003 -0.389251 -6.478669 -4.446951 -12.419396 3.676722 -40.573711 11.033121 4.567747 37.172601 -7.177415 19.369993 -37.333257 0.047690 0.021597 -38.680587 -0.000009 -0.000002 -11.701034 0.000026 -0.000029 0.039537 -25.408089 -0.981830 -31.106556 -7.595819 0.826914 -12.408204 0.020776 -0.000033 0.033687 0.136761 1.793319 -6.902317 25.994995 -2.314199 -21.262519 4.458113 30.864324 -14.701255 -19.826851 7.579521 -6.100787 8.318900 8.774912 -1.771080 -5.378123 14.233342 -2.126889 -2.892342 5.602773 -0.593171 -21.570422 -1.226137 -9.872116 -18.171421 16.825712 7.411988 -25.125129 -5.458781 -24.919481 -4.458107 -30.864399 -14.701055 19.826777 -7.579498 -6.100826 -8.372988 -8.744012 -1.775219 5.378122 -14.233354 -2.126855 2.915237 -5.596051 -0.579859 21.570391 1.226183 -9.872181 18.171430 -16.825666 7.411995 -1.811637 4.815089 -55.028375 -1.356627 -0.706750 -22.838616 1.233105 -3.923142 46.376940 2.521603 -3.184364 28.671273 0.218825 -1.019297 -0.440536 4.449370 -3.055207 -15.834810 7.680993 2.009612 0.911428 -7.681161 -2.009242 0.914570 0.023084 0.023438 15.964510 -0.000000 0.000000 -0.000001 
-8.952175 90.755363 -5.280905 -0.448359 1.233514 15.804913 0.003491 0.000000 -0.000008 0.019513 -0.478730 -12.803077 -0.742996 2.046564 -9.831196 -3.067533 2.939921 -11.002310 -6.107074 1.838907 -8.883299 -0.418728 2.167512 16.605472 2.747959 13.749907 -21.449272 12.395020 -3.658726 -40.482244 -14.877731 -9.120926 55.139434 14.788529 -20.801987 -22.489834 -1.204242 -0.278849 -30.077868 -0.000009 -0.000013 -8.975899 0.000000 0.000001 0.000001 15.678088 19.018742 -14.537607 7.356423 -0.775145 -12.013513 -0.000000 -0.000001 -0.000003 -2.135766 -6.819655 -6.350438 -13.219106 4.305914 -43.653225 12.591875 6.082421 43.723254 -7.254454 18.633997 -34.364567 0.040909 0.019778 -36.993005 -0.000008 0.000000 -9.551331 0.000028 -0.000027 0.039535 -25.978966 -3.210642 -29.543017 -6.332227 0.572874 -10.328405 0.020776 -0.000034 0.033685 0.168006 2.202600 -6.089850 27.457337 -7.774669 -21.324267 6.604422 25.608823 -16.668045 -19.755060 12.466546 -5.169380 9.033119 9.872297 -2.924301 -5.504350 15.946878 -2.442227 -4.279186 5.151886 0.131287 -22.670407 -0.254232 -10.819634 -19.481743 17.881942 7.597030 -26.635706 0.204335 -25.138245 -6.604442 -25.608910 -16.667857 19.754987 -12.466530 -5.169408 -9.117720 -9.863512 -2.955838 5.504337 -15.946902 -2.442195 4.343950 -5.130579 0.165624 22.670369 0.254275 -10.819686 19.481757 -17.881889 7.597037 -2.086805 4.738216 -51.568150 -1.887185 -0.800655 -18.319143 0.507695 -4.989978 38.772648 0.893073 -3.138185 20.749266 -0.337913 -0.707082 -1.251552 5.405810 -2.908726 -8.723685 7.768622 2.033386 0.920264 -7.769015 -2.032980 0.923423 0.022944 0.023471 16.002800 -0.000000 0.000000 -0.000003 
-7.841644 90.854782 -5.085528 0.095844 0.794552 17.064936 0.003491 -0.000000 -0.000007 0.031583 -1.080432 -13.476146 -0.660988 1.874712 -10.341361 -3.031877 3.070417 -12.596023 -6.343923 2.181197 -11.140050 -0.497169 2.553269 16.532128 1.598883 13.235303 -21.409209 12.372982 -3.642394 -40.399138 -14.596043 -8.672112 53.553597 15.079917 -15.612742 -17.357425 -1.131923 -0.196484 -29.610718 -0.000006 -0.000005 -4.943012 0.000000 0.000002 -0.000003 13.593427 17.192877 -13.428662 5.413458 -0.417906 -8.821775 0.000000 0.000001 -0.000002 -3.738370 -7.106342 -8.045468 -13.952043 4.947091 -46.593426 13.911786 7.682890 49.950792 -7.262990 17.703060 -31.288899 0.037393 0.019027 -35.404279 -0.000006 -0.000006 -7.527821 0.000027 -0.000027 0.039532 -26.456780 -5.319299 -28.086660 -5.137037 0.376097 -8.369165 0.020776 -0.000032 0.033695 0.197676 2.591041 -5.279938 28.337686 -13.109905 -21.181095 8.725102 20.174383 -18.207363 -19.494948 17.294087 -4.069237 9.858986 11.080991 -4.203581 -5.622964 17.678013 -2.759732 -5.814230 4.626929 0.912903 -23.467596 0.280857 -11.294586 -20.223271 18.482236 7.716172 -27.560382 5.679823 -25.128239 -8.725148 -20.174471 -18.207177 19.494871 -17.294058 -4.069231 -9.988967 -11.120321 -4.294049 5.622958 -17.678027 -2.759681 5.949118 -4.580762 0.977790 23.466790 -0.279406 -11.290470 20.223270 -18.482164 7.716175 -2.325915 4.584590 -48.001285 -2.408696 -0.898879 -13.690698 -0.364439 -5.889043 31.375068 -0.683475 -2.862985 12.958488 -0.879351 -0.396255 -1.979862 6.094506 -2.620481 -2.064436 7.857151 2.057405 0.929150 -7.857736 -2.056961 0.932328 0.022821 0.023492 16.041500 -0.000000 -0.000000 0.000000 
-6.730513 90.733330 -4.857451 0.609484 0.395645 18.063190 0.003491 0.000000 -0.000009 0.032575 -1.678561 -14.040451 -0.568781 1.666447 -10.888710 -2.973653 3.189457 -14.231929 -6.512480 2.526405 -13.356458 -0.567819 2.904349 16.444034 0.175369 12.600739 -21.373086 12.102458 -3.445929 -39.385610 -13.998886 -7.801676 50.392579 14.708107 -10.039880 -11.950201 -1.054686 -0.107043 -29.087826 -0.000000 0.000000 -0.425639 -0.000000 0.000001 0.000003 11.322586 15.105581 -12.281198 3.228132 -0.124096 -5.241554 0.000001 -0.000001 -0.000004 -5.120295 -7.361542 -9.366337 -14.627115 5.599803 -49.422518 14.978453 9.288371 55.723559 -7.180568 16.629250 -28.168911 0.027512 0.015455 -34.024137 -0.000002 0.000004 -5.777205 0.000027 -0.000027 0.039533 -26.844575 -7.160177 -26.841361 -4.096183 0.238728 -6.668000 0.020777 -0.000032 0.033686 0.224910 2.947390 -4.472657 28.702063 -18.027024 -20.939813 10.733013 14.926429 -19.289820 -19.137835 21.823373 -2.893647 10.771022 12.349129 -5.563914 -5.732560 19.420367 -3.081484 -7.440451 4.042540 1.703105 -24.268178 0.827866 -11.766602 -20.976076 19.086849 7.845265 -27.976894 10.683071 -24.991218 -10.733068 -14.926538 -19.289656 19.137755 -21.823329 -2.893605 -10.960387 -12.468746 -5.739584 5.732534 -19.420381 -3.081440 7.675226 -3.957190 1.813069 24.266651 -0.824912 -11.758275 20.976059 -19.086793 7.845247 -2.513797 4.365589 -44.391588 -2.909223 -0.996335 -9.077519 -1.326559 -6.588420 24.461441 -2.125183 -2.397676 5.581748 -1.389423 -0.100690 -2.611752 6.429106 -2.269081 3.823196 7.946552 2.081665 0.938102 -7.947306 -2.081192 0.941281 0.022682 0.023511 16.080567 0.000000 0.000000 0.000000 
-5.657081 90.386864 -4.608137 1.064413 0.050224 18.728963 0.003491 0.000000 -0.000007 0.026934 -2.235990 -14.462482 -0.466984 1.418913 -11.466456 -2.901604 3.292730 -15.817192 -6.604647 2.841573 -15.404571 -0.625544 3.208490 16.360975 -1.179368 11.872640 -21.737613 11.480061 -3.020595 -37.097206 -13.095285 -6.652149 46.007369 13.643782 -5.015827 -6.761446 -0.984499 -0.024295 -28.623520 0.000003 0.000006 3.560691 0.000001 0.000002 -0.000000 9.368888 13.221884 -11.347304 1.267820 -0.022815 -2.061220 0.000000 0.000001 -0.000003 -6.182510 -7.606410 -10.135097 -15.238174 6.249592 -52.104849 15.778806 10.777247 60.783650 -6.987076 15.516001 -25.171354 0.029183 0.020254 -33.000342 -0.000003 -0.000003 -4.456529 0.000029 -0.000028 0.039536 -27.103178 -8.549437 -25.904968 -3.309777 0.155706 -5.385201 0.020776 -0.000034 0.033684 0.248186 3.251763 -3.691236 28.679432 -22.146625 -20.699675 12.493307 10.349365 -19.931419 -18.775502 25.690331 -1.784576 11.709950 13.592568 -6.910541 -5.720876 20.495770 -3.564490 -9.042329 3.443668 2.448147 -25.048913 1.370530 -12.222135 -21.718367 19.678130 7.980470 -28.016000 14.855219 -24.822507 -12.493385 -10.349489 -19.931298 18.775432 -25.690274 -1.784491 -11.987008 -13.828679 -7.208129 5.720848 -20.495772 -3.564450 9.418501 -3.295710 2.607212 25.046727 -1.366058 -12.209727 21.718354 -19.678043 7.980461 -2.625607 4.089117 -40.914923 -3.363593 -1.069014 -4.730693 -2.275812 -7.057527 18.469832 -3.337023 -1.828381 -0.928110 -1.838021 0.168771 -3.121320 6.393215 -1.928653 8.488113 8.034214 2.105446 0.946851 -8.035135 -2.104962 0.950006 0.022559 0.023531 16.118855 0.000001 -0.000000 -0.000001 
-4.595867 89.790665 -4.334236 1.443071 -0.247103 19.030326 0.003491 -0.000000 -0.000007 0.020125 -2.751021 -14.733727 -0.357712 1.126844 -12.098539 -2.822682 3.381031 -17.374521 -6.627943 3.112154 -17.278113 -0.674792 3.456759 16.311824 -2.212203 11.047882 -22.907604 10.338923 -2.329791 -33.037085 -11.845197 -5.313922 40.499306 12.103177 -1.147702 -1.997167 -0.938189 0.030069 -28.297460 0.000006 0.000022 6.350592 0.000000 0.000000 0.000003 8.033248 11.889739 -10.740268 -0.097123 -0.000137 0.157890 -0.000000 -0.000001 -0.000003 -6.888531 -7.877295 -10.219400 -15.814821 6.922293 -54.765010 16.365183 12.120197 65.175448 -6.667988 14.397960 -22.268601 0.024063 0.014412 -32.336827 -0.000003 -0.000004 -3.620188 0.000026 -0.000028 0.039540 -27.256403 -9.435152 -25.313620 -2.808951 0.112080 -4.569145 0.020777 -0.000031 0.033687 0.267407 3.502986 -2.915654 28.446264 -25.363394 -20.511282 13.950302 6.656867 -20.249305 -18.453692 28.768429 -0.829179 12.664823 14.801648 -8.230570 -5.699098 21.581665 -4.056164 -10.601742 2.834426 3.145155 -25.311120 1.625189 -12.281686 -21.952291 19.865660 8.028090 -27.852934 18.102390 -24.680487 -13.950363 -6.656978 -20.249189 18.453621 -28.768391 -0.829064 -13.059295 -15.190590 -8.694261 5.699064 -21.581666 -4.056110 11.168517 -2.603598 3.388060 25.309667 -1.622171 -12.273438 21.952281 -19.865580 8.028069 -2.653558 3.763868 -37.541243 -3.776399 -1.094747 -0.640640 -3.173423 -7.325807 13.490704 -4.308665 -1.231091 -6.507581 -2.226356 0.398300 -3.502618 6.042462 -1.605457 11.729738 8.122740 2.129509 0.955621 -8.123855 -2.128992 0.958800 0.022466 0.023554 16.157583 -0.000000 0.000000 0.000000 
-3.554209 88.913116 -4.037686 1.722590 -0.491230 18.891817 0.003491 0.000000 -0.000008 0.018289 -3.205318 -14.826090 -0.233635 0.773373 -12.795886 -2.733317 3.452403 -18.860965 -6.570304 3.316807 -18.902791 -0.712077 3.643400 16.315599 -2.630656 10.140700 -25.322310 8.460572 -1.414350 -26.650273 -10.226268 -3.905620 34.017033 10.547834 0.833516 1.812745 -0.922152 0.052398 -28.130979 0.000006 0.000011 7.349084 0.000001 0.000001 -0.000001 7.532415 11.399228 -10.506891 -0.586337 -0.004879 0.953177 0.000000 0.000004 -0.000003 -7.121828 -8.205817 -9.372332 -16.362084 7.623335 -57.431618 16.759018 13.222706 68.691943 -6.194847 13.356762 -19.516280 0.024004 0.014449 -32.104737 -0.000003 -0.000003 -3.324712 0.000028 -0.000028 0.039536 -27.291971 -9.728388 -25.105100 -2.633745 0.098515 -4.283803 0.020776 -0.000031 0.033687 0.281294 3.684388 -2.147124 28.189734 -27.440997 -20.397685 14.951001 4.195789 -20.361928 -18.222579 30.798942 -0.167232 13.591352 15.925737 -9.474768 -5.967459 21.832848 -4.436157 -12.062139 2.242407 3.765275 -25.575701 1.882625 -12.340651 -22.188956 20.054830 8.077059 -27.655281 20.193543 -24.589238 -14.951059 -4.195911 -20.361829 18.222549 -30.798928 -0.167084 -14.150163 -16.515604 -10.155770 5.854410 -22.075281 -4.487982 12.874297 -1.904245 4.097153 25.574953 -1.881100 -12.336584 22.188933 -20.054764 8.077022 -2.580738 3.392892 -34.337396 -4.140033 -1.054240 3.063050 -3.947673 -7.404997 9.841205 -5.021191 -0.701297 -10.866806 -2.533709 0.575968 -3.747398 5.456036 -1.250682 13.125979 8.212134 2.153806 0.964469 -8.213425 -2.153266 0.967637 0.022322 0.023572 16.196648 -0.000001 -0.000000 0.000000 
-2.574515 86.832077 -3.573662 1.834009 -0.557661 17.390597 0.003491 -0.000000 -0.000008 0.037810 -3.628713 -14.555891 -0.028188 0.100979 -13.781000 -2.205726 2.975745 -20.683155 -5.681162 3.037266 -20.278572 -0.721066 3.701445 16.403541 -1.904512 8.654532 -31.725150 3.831854 -0.138832 -11.851019 -6.953400 -1.863068 22.264311 9.535292 -0.886882 3.589362 -0.917254 0.058474 -23.089021 0.000005 0.000013 7.349083 0.000000 0.000001 0.000001 4.903081 10.089516 -8.138585 -0.586338 -0.004878 0.953179 -0.000001 0.000002 -0.000003 -3.434541 -9.142183 -0.889846 -16.956155 8.467357 -60.522982 16.383126 12.166149 65.323431 -4.481124 12.056473 -15.340192 0.020757 0.013175 -31.426500 -0.000003 -0.000002 -2.458714 0.000028 -0.000028 0.039532 -25.878241 -8.723747 -24.623440 -2.115596 0.063537 -3.440310 0.020778 -0.000030 0.033686 0.283017 3.706867 -1.158249 28.079835 -28.166846 -20.360104 15.317806 3.314645 -20.380381 -18.135156 31.517488 0.074688 14.419270 16.893952 -10.558813 -6.229341 22.080776 -4.808162 -13.324435 1.713782 4.275730 -25.834899 2.135319 -12.397314 -22.421452 20.240132 8.125938 -27.569480 20.927201 -24.557829 -15.317874 -3.314762 -20.380289 18.135144 -31.517447 0.074850 -15.186171 -17.719034 -11.506927 6.229303 -22.080764 -4.808098 14.433715 -1.239592 4.709667 25.834846 -2.135260 -12.397341 22.421436 -20.240070 8.125918 -2.239003 2.696090 -30.708773 -4.523703 -0.763606 7.025193 -4.439202 -7.119224 9.504790 -5.253361 -0.384329 -13.460411 -2.663001 0.648329 -3.731600 4.364895 -0.728211 9.542193 8.299778 2.177653 0.973090 -8.301258 -2.177065 0.976285 0.022203 0.023592 16.234953 -0.000000 0.000000 -0.000001 
-1.630907 82.999763 -2.842945 1.747625 -0.392980 14.027801 0.003491 -0.000000 -0.000008 0.093168 -4.063268 -13.838738 0.270761 -1.031798 -15.160023 -1.088835 1.604413 -23.077503 -3.601373 2.021688 -21.504466 -0.699527 3.601393 16.500403 -0.542739 6.350809 -41.604960 -3.649738 -0.615049 11.422464 -1.436962 -0.153032 4.457954 9.381786 -5.968545 3.565122 -0.914832 0.072530 -10.796341 0.000006 0.000013 7.349083 0.000000 0.000001 0.000002 -1.226696 6.475223 -2.672315 -0.586337 -0.004879 0.953178 -0.000001 0.000001 -0.000003 4.111406 -9.021772 13.878611 -17.155227 8.772968 -61.614665 14.693315 8.824126 54.093186 -1.935169 10.695674 -10.286427 0.017424 0.011958 -30.051043 -0.000000 -0.000000 -0.709945 0.000027 -0.000028 0.039533 -23.048484 -6.659996 -23.724461 -1.068202 0.016187 -1.736560 0.020776 -0.000035 0.033686 0.268856 3.521848 0.116603 29.662012 -24.349462 -19.647650 16.873668 4.766669 -19.697764 -14.852854 25.194551 -3.169195 15.301922 17.891544 -11.689842 -4.719144 15.623586 -7.488393 -14.632183 1.149724 4.785879 -20.997098 -0.049665 -8.053822 -17.340001 16.327173 7.704100 -28.318142 17.658033 -23.552050 -16.912151 -4.831682 -19.433719 14.852796 -25.194524 -3.169069 -16.153884 -18.799433 -12.736528 4.716498 -15.621194 -7.489840 15.840213 -0.616751 5.232657 20.997060 0.049739 -8.053835 17.339979 -16.327089 7.704079 -1.474261 1.550401 -26.231155 -4.990077 -0.151940 11.708175 -4.664051 -6.394663 13.135933 -4.967995 -0.327280 -14.171928 -2.582096 0.601384 -3.322630 3.003404 0.152817 -0.350304 8.176108 2.143930 0.960886 -8.177147 -2.143428 0.964063 0.022065 0.023624 16.273629 0.000002 0.000000 -0.000001 
-0.715754 78.119392 -1.954996 1.508858 -0.076954 9.440684 0.003491 -0.000000 -0.000009 0.182032 -4.468575 -12.818143 0.558004 -2.390247 -16.682824 0.198187 -0.319277 -25.616483 -0.942551 0.554150 -22.535712 -0.640100 3.354253 16.465380 0.428711 4.073498 -49.961816 -9.944009 -3.690878 32.942989 4.078660 -0.175181 -12.620024 9.899696 -11.558947 3.008935 -0.915720 0.090704 1.546216 0.000008 0.000023 7.349082 0.000000 0.000002 0.000001 -6.970874 2.310539 2.366199 -0.586335 -0.004873 0.953179 -0.000000 0.000004 -0.000001 9.343380 -7.574909 21.778637 -16.072758 7.244469 -56.002770 12.329963 5.803070 42.571876 -0.740370 10.426705 -8.230721 0.014148 0.010574 -29.292352 -0.000000 0.000000 0.183079 0.000027 -0.000029 0.039536 -21.603339 -5.616454 -23.267729 -0.527061 0.003947 -0.856749 0.020773 -0.000032 0.033683 0.243473 3.190053 1.353531 31.937200 -14.069583 -18.462092 20.681844 8.327485 -17.980017 -8.372629 9.628764 -8.871588 16.312811 18.997290 -12.952436 -0.572322 0.456468 -12.234368 -16.082391 0.509654 5.318398 -9.057296 -4.770088 2.740199 -5.471840 6.739132 7.750546 -29.022082 9.149768 -21.261037 -20.786561 -8.527067 -17.188494 8.372543 -9.628772 -8.871507 -16.998087 -19.712879 -13.788365 0.572240 -0.456537 -12.234376 17.034012 -0.079423 5.650400 9.057277 4.770205 2.740177 5.471836 -6.739063 7.750522 -0.359599 0.264901 -21.549708 -5.498905 0.643116 16.359546 -4.805484 -5.388550 19.095110 -4.363042 -0.462848 -13.088117 -2.368211 0.464656 -2.457303 2.155596 1.055946 -14.015654 8.051255 2.109900 0.948505 -8.051793 -2.109469 0.951674 0.021952 0.023659 16.312729 -0.000002 0.000000 -0.000002 
0.153837 73.073334 -1.050494 1.142080 0.287004 4.459479 0.003491 -0.000000 -0.000008 0.290758 -4.796475 -11.680423 0.763294 -3.673006 -18.053442 1.305277 -2.303684 -27.834925 1.611768 -0.971310 -23.347369 -0.555215 2.987595 16.177870 0.665070 3.032423 -51.928204 -12.353794 -5.828002 42.676026 6.985601 -0.866272 -21.823984 10.369939 -14.673113 3.056078 -0.914869 0.096793 6.586266 0.000008 0.000020 7.349081 0.000000 0.000001 0.000001 -9.204650 0.460036 4.299170 -0.586336 -0.004871 0.953177 -0.000000 0.000004 -0.000002 9.303059 -6.989184 14.815790 -11.464033 3.010014 -37.038518 9.657485 3.481180 31.866538 -1.997676 12.753478 -12.458181 0.010427 0.009793 -22.024432 0.000003 0.000004 2.427211 0.000028 -0.000028 0.039534 -16.044896 -5.056100 -17.308497 0.652281 0.006043 1.060421 0.020776 -0.000030 0.033684 0.211762 2.775250 2.209897 31.502410 -0.369616 -17.255117 25.227877 12.633910 -15.764394 -1.613601 -8.593396 -12.618129 17.252680 19.988648 -14.105907 5.089138 -16.829987 -15.391601 -17.388524 -0.083356 5.772549 5.369166 -8.934798 16.111846 8.240718 -4.484578 9.627024 -27.497737 -1.745575 -18.313059 -25.374621 -12.937907 -14.594034 1.613513 8.593347 -12.618129 -17.654746 -20.399192 -14.590881 -5.089252 16.829882 -15.391625 17.936779 0.334318 5.955254 -5.369187 8.934979 16.111819 -8.240693 4.484631 9.626978 0.911389 -0.864338 -17.435086 -5.942744 1.464235 20.119751 -5.019894 -4.307303 25.505610 -3.658946 -0.679194 -10.436078 -2.114073 0.290202 -1.122588 1.971450 1.351533 -28.286513 7.928788 2.076551 0.936296 -7.928889 -2.076203 0.939442 0.021800 0.023675 16.351014 -0.000001 0.000000 -0.000001 
1.012419 68.444244 -0.216392 0.664662 0.625579 -0.384843 0.003491 0.000000 -0.000008 0.404005 -5.018602 -10.545087 0.882264 -4.650310 -19.065838 2.062093 -3.900885 -29.436117 3.562803 -2.207812 -24.015937 -0.452259 2.514101 15.497096 -5.380279 6.867838 -23.840043 -1.494008 -0.161496 4.635734 3.041514 -0.044942 -9.396512 9.959744 -15.263393 4.999933 -0.830583 1.119999 9.023055 0.000006 0.000011 7.349086 0.000000 0.000001 0.000002 -8.825176 1.120593 6.932483 -0.586336 -0.004868 0.953181 -0.000001 0.000001 -0.000004 7.162175 -6.457319 1.474075 -3.546660 0.101025 -10.963949 6.521965 1.658507 20.804799 -4.066737 17.023825 -19.934764 0.002698 0.002065 -7.341481 0.000006 0.000008 6.963637 0.000027 -0.000026 0.039535 -5.164391 -2.220877 -5.595889 3.046565 0.131887 4.956343 0.020774 -0.000035 0.033687 0.177994 2.333230 2.389118 27.105751 13.111573 -14.949915 29.131057 16.733969 -13.156180 4.858994 -23.691029 -13.271204 17.963500 20.718170 -14.964321 11.744211 -30.733778 -15.659401 -18.357870 -0.529325 6.090191 17.776112 -11.323940 27.980008 20.250205 -13.753180 12.822921 -23.011479 -12.253294 -14.502355 -29.247300 -17.010357 -12.121557 -4.859039 23.690984 -13.271236 -18.090782 -20.842976 -15.115852 -11.744338 30.733638 -15.659438 18.523215 0.607629 6.144086 -17.776165 11.324195 27.979976 -20.250184 13.753260 12.822843 2.163639 -1.653449 -14.437302 -6.208078 2.225335 22.340294 -5.368708 -3.292322 30.874026 -3.020486 -0.884219 -6.280941 -1.892722 0.107937 0.764603 2.039067 0.771773 -40.799312 7.805113 2.042909 0.923873 -7.804735 -2.042635 0.927010 0.021690 0.023696 16.389720 -0.000000 0.000000 -0.000002 
1.868562 64.993744 0.428617 0.058343 0.826193 -4.396708 0.003491 0.000000 -0.000007 0.497467 -5.094338 -9.568754 0.917342 -5.036471 -19.458657 2.342973 -4.546943 -30.044838 4.321080 -2.745176 -24.647747 -0.339590 1.941987 14.268735 -8.121417 6.995248 -10.125119 3.481888 -0.093037 -10.762760 1.428433 0.041086 -4.410772 9.735335 -15.258269 6.130375 -0.809408 1.478312 10.967552 0.000008 0.000022 7.349084 0.000000 0.000002 -0.000000 -7.943125 1.220700 9.134125 -0.586334 -0.004873 0.953179 -0.000001 -0.000001 -0.000004 6.591358 -5.838320 -5.397165 1.483683 0.159999 4.603494 4.712512 0.939573 14.836704 -5.262174 20.689599 -24.704632 -0.000819 -0.014014 0.017443 0.000007 0.000009 9.223489 0.000027 -0.000028 0.039536 -0.000720 -0.017507 0.016334 4.234400 0.255161 6.893782 0.020775 -0.000033 0.033687 0.146528 1.921115 1.535571 20.403136 22.150787 -11.460502 30.546706 19.713210 -10.002925 7.887099 -30.112579 -12.447808 18.233931 20.990908 -15.288625 15.419709 -36.221173 -14.841868 -18.718574 -0.696970 6.206377 22.974337 -12.029259 33.063143 25.485777 -17.564552 14.568105 -17.029786 -19.587762 -10.534723 -30.544128 -19.707012 -10.026411 -7.886492 30.112996 -12.449403 -18.227833 -20.985538 -15.282350 -15.420983 36.221968 -14.841965 18.719303 0.697724 6.206476 -22.975061 12.030051 33.064813 -25.487017 17.565486 14.568525 3.142887 -1.926080 -13.321286 -6.127583 2.816852 22.155419 -5.829210 -2.510182 33.437860 -2.667353 -1.017111 -0.662983 -1.789629 -0.052273 3.289579 2.005253 -0.354174 -48.559445 7.680222 2.008971 0.911260 -7.679399 -2.008778 0.914379 0.021554 0.023713 16.428811 0.000001 -0.000000 0.000000 
2.722939 62.884167 0.840784 -0.946643 0.835755 -7.838285 0.003491 -0.000000 -0.000007 0.559124 -4.960459 -8.713944 0.940626 -5.021034 -19.183667 2.277715 -4.373451 -29.773341 4.288009 -2.777463 -25.191544 -0.207269 1.104131 12.061861 -8.756974 6.697865 -1.629177 5.576616 -0.469672 -17.323257 0.551028 0.028917 -1.702627 9.619480 -14.812667 6.844399 -0.814844 1.357364 12.507173 0.000006 0.000013 7.349085 0.000000 0.000002 0.000001 -6.730897 0.948028 10.968169 -0.586336 -0.004869 0.953182 0.000000 0.000001 -0.000003 11.131313 -5.046791 7.244023 -2.705534 0.015457 -8.356035 6.266598 1.543632 19.948283 -5.171388 23.071220 -25.317913 -0.027428 -1.431274 1.813244 0.000007 0.000008 8.365640 0.000028 -0.000027 0.039536 0.163878 -1.430900 1.761609 3.782715 0.203498 6.156544 0.020776 -0.000034 0.033686 0.114150 1.496870 -1.102026 13.685200 27.116474 -8.026364 27.507644 22.427025 -5.147142 6.091942 -28.478235 -11.454046 17.368421 20.130687 -14.214329 14.838548 -34.649475 -14.889257 -17.463105 -0.000887 5.874729 22.036963 -12.024300 31.690831 24.070579 -16.755221 13.851603 -10.675092 -24.275966 -7.317427 -27.290516 -21.770439 -7.567414 -6.029387 28.527322 -11.605660 -16.812092 -19.512104 -13.558901 -14.953285 34.747126 -14.894699 17.533579 0.077000 5.899003 -22.104635 12.084123 31.860558 -24.200655 16.842780 13.901470 3.567313 -1.111394 -17.352867 -5.000168 3.083990 15.314034 -6.354275 -2.036437 30.871164 -2.812049 -1.200297 12.596225 -1.892044 -0.230549 7.997305 1.359208 -2.150028 -50.459013 7.557756 1.975712 0.898839 -7.556512 -1.975591 0.901939 0.021445 0.023733 16.467103 -0.000001 0.000000 -0.000001 
3.589342 61.545166 1.109739 -2.414151 0.766621 -11.338451 0.003491 -0.000000 -0.000007 0.593224 -4.622123 -7.831533 0.998381 -4.972919 -18.459875 2.107520 -3.924058 -29.059637 4.234652 -2.788851 -25.587992 -0.084651 -0.066375 8.833905 -8.230135 6.781748 5.641839 6.357960 -0.674860 -19.807991 0.183514 0.011487 -0.567324 9.553672 -14.178047 7.760424 -0.834651 0.940044 13.752617 0.000006 0.000013 7.349247 0.000001 0.000003 0.000001 -5.384204 0.458319 12.523038 -0.586338 -0.004878 0.953179 -0.000002 0.000001 -0.000002 14.820061 -3.414531 16.197746 -4.916735 0.324202 -15.242776 7.381462 2.079695 23.728933 -5.540178 24.726803 -24.076690 -0.037891 -1.611260 2.198819 0.000005 0.000005 6.098429 0.000028 -0.000025 0.039536 0.658445 -1.598785 2.020159 2.589418 0.095235 4.211726 0.020776 -0.000035 0.033687 0.074831 0.981495 -5.483900 6.527640 30.491016 -4.425403 20.408781 25.843848 1.575081 2.649878 -23.540911 -9.370126 15.303447 17.961133 -11.576018 13.595336 -30.676002 -14.797659 -14.405782 1.591325 4.917337 19.640679 -12.011486 28.204916 20.674578 -14.511446 12.420557 -3.149560 -27.746248 -4.068195 -20.023429 -24.221852 -4.309735 -2.479042 23.693477 -9.806657 -13.632249 -15.886737 -9.478505 -13.935845 30.977777 -14.824763 14.613111 -1.371919 5.009407 -19.843084 12.209645 28.709170 -21.058534 14.779770 12.553387 3.759446 0.653730 -26.168128 -2.897879 2.750343 2.065196 -6.856335 -1.667032 23.878948 -3.183148 -1.606815 31.886694 -2.117568 -0.493515 14.912986 -0.609914 -3.985701 -45.987233 7.434058 1.942150 0.886214 -7.432351 -1.942108 0.889286 0.021322 0.023752 16.505813 0.000001 -0.000000 0.000001 
4.418741 60.816143 1.282140 -3.997305 0.739555 -14.454775 0.003490 0.000000 -0.000009 0.596279 -4.158052 -6.985042 1.071742 -4.886965 -17.426861 1.868443 -3.336902 -28.058340 4.163121 -2.768567 -25.850856 -0.030939 -1.325826 5.233481 -7.095949 7.454783 11.494316 6.325378 -0.665575 -19.703834 0.140871 0.008986 -0.435518 9.523247 -13.641839 8.628928 -0.857573 0.408249 14.726578 0.000006 0.000012 7.349411 0.000000 0.000002 -0.000000 -4.174111 -0.099076 13.796825 -0.586336 -0.004873 0.953180 -0.000001 0.000004 -0.000002 17.640905 -1.351416 22.182395 -5.906487 0.551870 -18.368986 8.212588 2.540572 26.626068 -6.126621 25.673467 -21.900368 -0.040733 -1.066150 1.761189 0.000003 0.000003 3.272528 0.000028 -0.000027 0.039536 1.279113 -1.071034 1.408941 1.098542 0.017126 1.786004 0.020774 -0.000035 0.033687 0.032563 0.427324 -10.536830 0.084765 32.356013 -1.213163 11.407619 29.126720 8.415814 -1.144867 -17.150588 -6.570177 12.849973 15.134284 -8.254116 12.521227 -25.583189 -14.092774 -10.645200 3.314914 3.457374 16.376014 -12.171695 23.573341 16.468124 -11.543697 10.867710 4.213761 -29.672237 -0.998118 -11.033529 -26.469777 -1.160065 1.382889 17.389028 -7.195038 -10.211911 -11.422586 -4.646969 -12.894355 25.948678 -14.151074 10.963517 -2.998047 3.611830 -16.610684 12.428396 24.152766 -16.906458 11.864759 11.000371 4.117394 2.381478 -34.719259 -0.967083 1.910987 -11.038433 -7.188180 -1.216784 15.444244 -3.357474 -2.008841 43.925414 -2.302111 -0.780659 21.406327 -2.885529 -5.301973 -32.608727 7.056123 1.840653 0.847311 -7.054038 -1.840240 0.850312 0.022351 0.023574 16.453955 -0.000000 -0.000000 -0.000001 
5.141936 60.527119 1.403901 -5.300163 0.804762 -16.673906 0.003492 -0.000000 -0.000006 0.572985 -3.663442 -6.257628 1.138003 -4.739464 -16.269302 1.606372 -2.756212 -26.968913 4.083387 -2.731941 -25.992719 -0.052280 -2.388256 2.008075 -5.956079 8.469582 15.469149 5.889677 -0.547538 -18.315770 0.259255 0.015672 -0.801373 9.495940 -13.372877 9.162198 -0.881915 -0.042068 15.484654 0.000006 0.000012 7.349575 0.000001 0.000003 0.000001 -3.352576 -0.554324 14.757986 -0.586338 -0.004885 0.953178 -0.000001 -0.000001 -0.000002 19.482623 0.582568 25.685066 -6.178569 0.624527 -19.235039 8.735909 2.859785 28.491239 -6.688519 26.065744 -19.770606 -0.019123 -0.355714 1.042396 0.000001 0.000000 1.028159 0.000028 -0.000027 0.039534 1.801737 -0.391113 0.540016 -0.086155 0.000115 -0.140004 0.020774 -0.000037 0.033687 -0.006592 -0.086089 -15.028991 -4.405703 33.117624 1.019881 3.331596 31.822336 13.597138 -4.175658 -11.537152 -3.793441 10.751597 12.434236 -5.204491 11.444578 -20.600242 -13.327904 -7.457526 4.466746 1.878708 13.170653 -12.079049 19.029646 12.461357 -8.535173 9.576291 9.774809 -30.312677 1.480349 -3.112889 -28.358633 1.107921 4.371757 11.761393 -4.327341 -7.703862 -7.688695 -0.704942 -11.852221 21.027277 -13.419750 7.743267 -4.194656 2.031870 -13.431333 12.399583 19.678250 -12.951844 8.909107 9.702626 4.583344 3.951321 -42.510322 0.581734 0.730097 -23.208440 -7.330320 -0.700564 3.480562 -3.329830 -2.148933 34.076169 -2.437329 -1.069648 27.122176 -2.572824 -9.327999 3.655505 6.685461 1.741415 0.808549 -6.683102 -1.740624 0.811448 0.023369 0.023381 16.403169 0.000000 0.000000 -0.000003 
5.732669 60.490929 1.528171 -5.991618 0.967177 -17.622977 0.003491 -0.000000 -0.000009 0.533734 -3.203731 -5.689348 1.201870 -4.589179 -15.100708 1.387467 -2.280024 -25.916535 3.927030 -2.631790 -26.041804 -0.102061 -3.034346 -0.293396 -5.177875 9.290697 17.291876 5.415657 -0.431862 -16.814389 0.377476 0.021594 -1.166626 9.445123 -13.446657 9.090395 -0.888991 -0.243329 16.169932 0.000006 0.000013 7.349740 0.000000 0.000001 0.000001 -3.054129 -0.768403 15.520941 -0.586335 -0.004871 0.953182 -0.000001 0.000004 -0.000002 20.402393 1.859130 27.436745 -6.195513 0.629188 -19.289042 8.939127 2.990138 29.225075 -7.115718 26.199069 -18.499209 -0.000118 0.000011 0.629592 0.000000 0.000001 0.157368 0.000027 -0.000027 0.039535 2.010560 -0.059728 0.059752 -0.544233 0.004211 -0.884667 0.020777 -0.000033 0.033687 -0.038765 -0.507945 -17.998807 -6.194929 33.283563 2.026567 -1.340548 34.035150 15.967469 -5.623992 -8.780440 -1.763711 9.431697 10.559013 -3.170029 10.828792 -17.340291 -12.018640 -5.966742 4.538615 0.681075 10.538075 -12.415141 15.307840 9.656777 -6.357188 8.811277 12.398848 -30.233716 3.314312 1.405457 -30.206529 2.248466 5.623978 8.780474 -1.763762 -6.720227 -6.096693 0.967405 -10.828891 17.340189 -12.018679 5.966757 -4.538633 0.681009 -10.629642 12.495788 15.291641 -9.656766 6.357239 8.811239 4.772077 5.037263 -46.321465 1.415770 -0.272100 -31.112208 -6.879944 -0.145041 -6.320860 -3.183577 -2.082288 20.239563 -2.456259 -1.313351 29.827303 0.776386 -12.227760 33.947123 6.311064 1.641420 0.768736 -6.308438 -1.640276 0.771556 0.024399 0.023200 16.351859 0.000001 0.000000 -0.000003 
6.243843 60.637531 1.664515 -6.155959 1.204912 -17.511442 0.003491 0.000000 -0.000007 0.483907 -2.761670 -5.210123 1.224972 -4.321494 -13.942711 1.192840 -1.885290 -24.931862 3.713041 -2.485073 -26.001009 -0.143286 -3.318078 -1.803543 -4.731988 9.708950 17.501448 5.033346 -0.348089 -15.609487 0.455177 0.025078 -1.406624 9.378656 -13.705046 8.600950 -0.887051 -0.254265 16.937727 0.000008 0.000024 7.349902 0.000000 0.000002 0.000001 -2.991893 -0.791547 16.167358 -0.586334 -0.004873 0.953181 -0.000000 0.000006 -0.000001 20.644691 2.433744 27.991430 -6.086194 0.599359 -18.940623 8.899439 2.964393 29.081310 -7.440817 26.205216 -18.029871 -0.000118 0.000010 0.695292 0.000002 0.000011 0.157751 0.000028 -0.000028 0.039535 1.998890 -0.054505 0.129499 -0.544232 0.004213 -0.884668 0.020776 -0.000035 0.033687 -0.066238 -0.868195 -19.652829 -6.319730 33.235933 2.384362 -3.289319 35.919763 16.509260 -6.025807 -8.437499 -0.482976 8.739141 9.503442 -2.085087 10.320242 -15.782603 -10.177161 -5.929948 3.863903 -0.280246 8.451926 -13.298166 12.020705 8.030021 -5.063628 8.441465 12.967549 -29.631543 4.763131 2.913865 -32.050461 2.292055 5.667725 7.973781 0.554659 -6.819958 -6.270050 0.805307 -9.392553 14.655783 -10.037637 5.609004 -4.199712 -0.535094 -7.796711 12.381991 10.854291 -6.720273 4.003430 8.172941 4.504329 5.409876 -44.146436 1.576012 -0.562884 -32.824062 -5.861033 0.464880 -9.624729 -2.969408 -1.875047 16.955251 -2.390246 -1.482077 28.694830 1.545851 -11.525694 37.008677 5.932944 1.540704 0.727890 -5.929973 -1.539191 0.730612 0.025429 0.023003 16.300014 0.000000 0.000000 -0.000003 
6.738784 60.973129 1.786556 -6.147142 1.457043 -16.939629 0.003491 -0.000000 -0.000006 0.420989 -2.288421 -4.724960 1.206188 -3.937310 -12.741620 0.972515 -1.483638 -23.955167 3.405203 -2.265350 -25.875480 -0.180960 -3.479415 -3.096212 -4.287689 9.985623 16.793506 4.456986 -0.237577 -13.801724 0.666536 0.032894 -2.059285 9.292420 -13.927669 8.092301 -0.884838 -0.265697 17.784465 0.000006 0.000015 7.350095 0.000000 0.000001 -0.000000 -2.836557 -0.787639 16.684168 -0.586335 -0.004873 0.953181 -0.000001 0.000002 -0.000003 20.508796 2.682083 27.689476 -5.730935 0.507324 -17.811834 8.727566 2.854523 28.461265 -7.749545 26.023634 -17.715453 -0.000118 0.000009 0.858540 0.000000 -0.000001 0.158133 0.000028 -0.000026 0.039536 1.959228 -0.047621 0.304579 -0.544233 0.004216 -0.884670 0.020777 -0.000039 0.033687 -0.093068 -1.219920 -20.945974 -6.337736 33.156829 2.785064 -4.986138 37.555925 17.001594 -6.524545 -8.439719 0.568779 8.229492 8.693747 -1.272839 9.749752 -14.861754 -7.825924 -6.195315 3.169648 -1.457601 6.351037 -14.049223 8.756483 6.445763 -3.785627 8.115262 13.156586 -28.520464 6.045080 3.631811 -33.696772 1.568206 5.726825 7.347964 2.951278 -7.078265 -6.720820 0.388986 -7.908149 12.071523 -8.050604 5.787306 -3.702121 -1.957703 -4.488250 12.238565 5.715492 -3.872217 1.666960 7.665969 4.177977 5.728431 -40.988710 1.685929 -0.782965 -34.085175 -4.729199 1.085690 -12.620018 -2.785627 -1.632654 14.280809 -2.366147 -1.655800 27.096897 1.959012 -10.725371 37.047212 5.562106 1.442246 0.687181 -5.558886 -1.440354 0.689800 0.026459 0.022833 16.249213 0.000000 0.000001 -0.000004 
7.218773 61.467712 1.898963 -5.996216 1.729996 -15.978630 0.003490 -0.000000 -0.000008 0.343266 -1.778612 -4.225629 1.140492 -3.452248 -11.478552 0.722603 -1.061905 -22.953375 3.007506 -1.984456 -25.659656 -0.209169 -3.537568 -4.223177 -3.821583 10.133274 15.300496 3.699332 -0.120702 -11.438677 0.989914 0.040190 -3.057467 9.197193 -14.130627 7.536037 -0.877379 -0.277412 18.711068 0.000006 0.000013 7.350257 0.000000 0.000002 0.000001 -2.601607 -0.756741 17.095158 -0.586335 -0.004871 0.953180 0.000000 0.000008 -0.000002 20.069211 2.662255 26.689137 -5.164407 0.375854 -16.021827 8.434385 2.673034 27.412449 -8.049661 25.679990 -17.518476 -0.000117 0.000009 1.101639 0.000000 -0.000001 0.158515 0.000027 -0.000026 0.039536 1.899396 -0.036263 0.565760 -0.544234 0.004211 -0.884668 0.020776 -0.000035 0.033687 -0.119268 -1.563333 -21.950944 -6.256960 33.044547 3.239990 -6.463341 38.991436 17.411528 -7.101632 -8.692469 1.429861 7.839977 8.053059 -0.656594 9.039330 -14.566411 -5.054863 -6.698452 2.452693 -2.808291 4.118883 -15.214724 5.406068 4.855217 -2.486345 7.822300 13.016341 -27.012556 7.242511 3.728757 -35.234743 0.216862 5.828687 6.843254 5.384661 -7.460486 -7.379632 -0.224092 -5.963261 9.617765 -5.844423 6.372911 -3.112964 -3.533026 -1.178392 11.800668 0.548375 -1.018057 -0.715226 7.272706 3.789241 5.989294 -37.091814 1.757395 -0.945278 -34.946998 -3.489976 1.699617 -15.340222 -2.600308 -1.356812 12.069727 -2.364753 -1.833093 25.109148 2.137442 -9.913142 34.676126 5.187569 1.343056 0.645430 -5.184073 -1.340819 0.647955 0.027472 0.022644 16.197913 -0.000000 -0.000000 0.000003 
7.669415 62.084675 2.002498 -5.734551 2.017487 -14.699076 0.003491 -0.000000 -0.000006 0.251108 -1.241999 -3.718104 1.023268 -2.880118 -10.165444 0.448231 -0.637307 -21.932560 2.533461 -1.649092 -25.352812 -0.230709 -3.518064 -5.196939 -3.327418 10.167537 13.152689 2.792516 -0.022493 -8.625317 1.399569 0.041346 -4.321689 9.091235 -14.324872 6.924038 -0.874592 -0.289958 19.698341 0.000006 0.000013 7.350420 0.000000 0.000003 0.000001 -2.308416 -0.699501 17.428339 -0.586335 -0.004873 0.953180 0.000001 0.000002 -0.000003 19.389401 2.430039 25.121432 -4.421013 0.231307 -13.689102 8.032647 2.436108 25.992399 -8.328835 25.204197 -17.416690 -0.000117 0.000011 1.399090 0.000001 0.000001 0.158928 0.000028 -0.000028 0.039536 1.824112 -0.020022 0.886504 -0.544233 0.004213 -0.884668 0.020776 -0.000032 0.033687 -0.144540 -1.894485 -22.705104 -6.077950 32.900987 3.744786 -7.675309 40.226761 17.671847 -7.730895 -9.108023 2.114091 7.531180 7.531021 -0.176437 8.307423 -14.305713 -2.257773 -7.370226 1.743985 -4.252048 1.784933 -16.260034 1.958779 3.699786 -1.539926 7.640136 12.593582 -25.224234 8.396303 3.327145 -36.697783 -1.610789 5.984732 6.426277 7.745917 -7.932120 -8.164059 -0.952412 -3.916628 7.217854 -3.546227 7.223551 -2.509218 -5.171500 2.460576 11.195430 -4.548139 1.851486 -3.137618 6.996211 3.347115 6.170792 -32.785502 1.787069 -1.059925 -35.407960 -2.184249 2.271469 -17.719862 -2.399401 -1.074293 10.250920 -2.365182 -2.011260 22.850270 2.145679 -9.165995 30.548393 4.806505 1.242380 0.602294 -4.802604 -1.239802 0.604705 0.028517 0.022458 16.146110 0.000000 0.000000 -0.000003 
8.065516 62.763855 2.095457 -5.402114 2.306115 -13.217708 0.003491 -0.000000 -0.000008 0.148570 -0.703695 -3.223252 0.862917 -2.264426 -8.853733 0.160522 -0.220990 -20.922299 2.009485 -1.291744 -24.961321 -0.245140 -3.440763 -6.003814 -2.820485 10.115586 10.577978 1.803505 0.033592 -5.568485 1.852846 0.032089 -5.720811 8.988572 -14.527614 6.273149 -0.871668 -0.302211 20.666448 0.000006 0.000012 7.350586 0.000000 0.000002 0.000003 -2.021253 -0.641692 17.754723 -0.586336 -0.004871 0.953180 0.000000 0.000004 -0.000002 18.561826 2.062232 23.182980 -3.569823 0.103929 -11.035931 7.553544 2.170660 24.322765 -8.580663 24.649521 -17.370541 -0.000117 0.000010 1.732510 0.000000 0.000002 0.159307 0.000028 -0.000026 0.039537 1.754028 -0.007279 1.240212 -0.544234 0.004210 -0.884668 0.020777 -0.000033 0.033688 -0.166940 -2.187865 -23.227610 -5.815477 32.732080 4.282372 -8.579898 41.240819 17.736032 -8.365846 -9.581173 2.612196 7.276163 7.089703 0.203482 7.425521 -14.427678 0.333786 -8.102132 1.084405 -5.667759 -0.575962 -17.151372 -1.478783 2.570063 -0.608518 7.480073 11.965106 -23.307471 9.505724 2.609044 -38.075535 -3.671176 6.202572 6.075475 9.863170 -8.423953 -8.970507 -1.706260 -1.825962 4.946135 -1.221254 8.166983 -1.978584 -6.742952 5.955096 10.298627 -9.484597 4.662852 -5.523415 6.842503 2.880618 6.253662 -28.538728 1.783891 -1.134334 -35.476218 -0.894694 2.769187 -19.643365 -2.167378 -0.811676 8.796305 -2.340422 -2.170969 20.508814 2.088421 -8.518291 25.445011 4.151400 1.069523 0.526461 -4.148253 -1.067262 0.528970 0.029545 0.022267 16.095296 0.000000 0.000000 0.000000 
8.405431 63.485451 2.181647 -5.016300 2.601242 -11.576062 0.003491 -0.000000 -0.000009 0.034928 -0.160582 -2.732558 0.654916 -1.606027 -7.513546 -0.139346 0.184523 -19.895760 1.433348 -0.900512 -24.483064 -0.254145 -3.320844 -6.685201 -2.292449 10.005216 7.658244 0.747664 0.035214 -2.309737 2.332125 0.010241 -7.201290 8.884507 -14.759778 5.553958 -0.868526 -0.314537 21.644120 0.000006 0.000014 7.350749 0.000000 0.000002 0.000001 -1.731585 -0.581667 18.084056 -0.586337 -0.004871 0.953179 -0.000001 0.000001 -0.000002 17.626080 1.610993 20.958984 -2.633065 0.009886 -8.131782 7.004125 1.888091 22.436905 -8.809173 24.029546 -17.353467 -0.000117 0.000010 2.069247 0.000001 0.000000 0.159692 0.000027 -0.000027 0.039536 1.683148 0.005164 1.597375 -0.544232 0.004211 -0.884668 0.020776 -0.000035 0.033686 -0.186642 -2.445862 -23.579514 -5.469384 32.533099 4.868354 -9.175052 42.068535 17.548245 -9.001097 -10.030781 2.949565 7.031708 6.659257 0.559335 6.541327 -14.589986 2.950648 -8.821246 0.478658 -7.020994 -2.912205 -17.988857 -4.355477 1.431849 0.335120 7.337120 11.181873 -21.346679 10.656908 1.696854 -39.448543 -5.852463 6.478856 5.751247 11.680411 -8.911987 -9.746081 -2.429921 0.219227 3.114698 0.748009 9.060779 -1.579368 -8.206547 9.142790 9.348585 -13.584006 6.955436 -7.474186 6.767535 2.394546 6.249379 -24.568836 1.744744 -1.180572 -35.160721 0.365038 3.186867 -21.116679 -1.884682 -0.586193 7.595292 -2.264493 -2.321285 18.144287 2.012898 -7.918313 19.868969 3.489657 0.895794 0.447894 -3.487142 -0.893874 0.450471 0.030573 0.022076 16.043986 -0.000000 0.000000 -0.000001 
8.673582 64.209343 2.261923 -4.612321 2.893372 -9.857684 0.003492 -0.000000 -0.000008 -0.088916 0.388452 -2.252768 0.403353 -0.925696 -6.153793 -0.456277 0.579475 -18.849119 0.831030 -0.511109 -23.907084 -0.256425 -3.178907 -7.255132 -1.754735 9.863155 4.559964 -0.321183 -0.024418 0.993776 2.801940 -0.023245 -8.654469 8.791026 -15.032208 4.750620 -0.863745 -0.318930 22.572600 0.000006 0.000012 7.350913 0.000000 0.000001 0.000001 -1.500944 -0.530224 18.497549 -0.586336 -0.004871 0.953179 -0.000000 0.000006 -0.000001 16.649033 1.132456 18.600965 -1.663819 -0.037232 -5.137239 6.404744 1.605198 20.410946 -9.005808 23.386528 -17.329635 -0.000117 0.000011 2.414937 0.000000 0.000001 0.160073 0.000028 -0.000030 0.039536 1.611836 0.017236 1.957789 -0.544234 0.004210 -0.884667 0.020776 -0.000034 0.033687 -0.202999 -2.659948 -23.788063 -5.041815 32.305538 5.499480 -9.432435 42.708548 17.058418 -9.611910 -10.358037 3.134453 6.767863 6.187569 0.943864 5.548661 -14.700328 4.975059 -9.428929 -0.052843 -8.234577 -5.134342 -18.620060 -6.701224 0.285786 1.289509 7.211899 10.292135 -19.441889 11.863420 0.743030 -40.845935 -7.956256 6.815664 5.431022 13.080301 -9.334315 -10.400299 -3.045043 2.033229 1.651572 2.361547 9.730886 -1.387318 -9.476860 11.771272 8.457457 -16.765208 9.272970 -9.439809 6.771617 1.906129 6.150474 -21.233069 1.670761 -1.203481 -34.460961 1.545209 3.511469 -22.056761 -1.532463 -0.418900 6.569132 -2.115119 -2.450882 15.882912 1.938704 -7.298974 14.469696 2.821184 0.721292 0.366494 -2.819259 -0.719687 0.369196 0.031615 0.021896 15.992162 0.000000 -0.000001 0.000000 
8.851258 64.875740 2.335160 -4.221250 3.167904 -8.185898 0.003491 0.000000 -0.000008 -0.215186 0.906952 -1.803489 0.121351 -0.261029 -4.833511 -0.770052 0.943050 -17.819924 0.218586 -0.131889 -23.256046 -0.261101 -3.035885 -7.714271 -1.244778 9.721220 1.563935 -1.311371 -0.135166 4.066882 3.212559 -0.062348 -9.926801 8.701751 -15.333380 3.885989 -0.860275 -0.334959 23.409295 0.000006 0.000012 7.351078 0.000000 0.000003 -0.000000 -1.352422 -0.501565 19.006571 -0.586335 -0.004873 0.953180 0.000001 0.000007 -0.000001 15.729728 0.688892 16.349222 -0.754121 -0.035352 -2.329695 5.802464 1.346418 18.404459 -9.165436 22.768294 -17.269947 -0.000116 0.000012 2.722862 0.000000 0.000001 0.160455 0.000027 -0.000028 0.039536 1.573977 0.023904 2.277229 -0.544234 0.004213 -0.884669 0.020776 -0.000039 0.033686 -0.214634 -2.812200 -23.892381 -4.537777 32.067110 6.134321 -9.332057 43.152561 16.242875 -10.158431 -10.461117 3.175756 6.459685 5.627406 1.398213 4.524205 -14.604034 6.328898 -9.812587 -0.483647 -9.200373 -7.089918 -18.996682 -8.294503 -0.718524 2.105940 7.113060 9.362711 -17.765291 13.096143 -0.065313 -42.259357 -9.728783 7.193036 5.096831 13.915851 -9.625447 -10.845857 -3.462475 3.404944 0.620176 3.467399 9.989847 -1.463745 -10.436958 13.552063 7.832396 -18.766647 10.880795 -10.794980 6.813861 1.445597 5.979618 -18.940721 1.561074 -1.224882 -33.415095 2.566952 3.720966 -22.398465 -1.105825 -0.340556 5.674372 -1.866298 -2.561211 13.910181 1.875033 -6.571115 10.015492 2.165464 0.551166 0.284745 -2.164278 -0.549866 0.287535 0.032643 0.021700 15.941349 -0.000000 0.000000 -0.000001 
8.930329 65.464455 2.404586 -3.863307 3.414979 -6.588302 0.003492 0.000000 -0.000007 -0.344508 1.405189 -1.377916 -0.186884 0.385421 -3.516178 -1.088046 1.278521 -16.781286 -0.392457 0.236404 -22.513950 -0.264735 -2.912535 -8.090209 -0.777593 9.604265 -1.204195 -2.177733 -0.276590 6.772410 3.533964 -0.099390 -10.924553 8.623560 -15.668526 2.919101 -0.854701 -0.347697 24.165797 0.000006 0.000013 7.351243 0.000000 0.000000 0.000002 -1.294900 -0.497634 19.639179 -0.586335 -0.004869 0.953179 -0.000000 0.000001 -0.000001 14.907499 0.309749 14.335367 0.052370 0.003638 0.161911 5.212809 1.116722 16.465020 -9.283738 22.202401 -17.136147 -0.000116 0.000012 2.978748 0.000000 -0.000001 0.160866 0.000027 -0.000029 0.039534 1.558434 0.029730 2.533598 -0.544234 0.004211 -0.884666 0.020776 -0.000035 0.033687 -0.221392 -2.900618 -23.934385 -4.000420 31.781348 6.855124 -8.864622 43.410995 15.038818 -10.626448 -10.244590 3.097433 6.073140 4.910240 1.999701 3.523598 -14.117289 6.888394 -9.881031 -0.806102 -9.875857 -8.656311 -19.069758 -9.005366 -1.581966 2.839274 7.028682 8.402177 -16.384941 14.391653 -0.587862 -43.757416 -10.994875 7.614109 4.707130 14.108979 -9.737079 -11.013481 -3.617952 4.195935 0.031540 3.974269 9.670768 -1.870832 -11.038800 14.310812 7.640501 -19.453970 11.900723 -11.657171 6.863752 1.007779 5.751081 -17.969227 1.417039 -1.245619 -32.006249 3.409224 3.811615 -22.086062 -0.576804 -0.367115 4.811689 -1.489804 -2.652380 12.291515 1.803336 -5.563628 7.011262 1.503033 0.380295 0.200179 -1.502509 -0.379288 0.203107 0.033684 0.021517 15.890029 -0.000000 -0.000000 -0.000001 
8.840704 66.043175 2.490694 -3.447450 3.668029 -4.745815 0.003492 -0.000000 -0.000007 -0.473308 1.875233 -0.983589 -0.520105 1.001154 -2.223550 -1.399556 1.583254 -15.726504 -1.002285 0.571388 -21.682193 -0.267259 -2.773196 -8.228532 -0.351218 9.488857 -4.158243 -2.932344 -0.434382 9.146452 3.772088 -0.130506 -11.664974 8.519138 -16.093141 1.605704 -0.848718 -0.360949 24.989292 0.000006 0.000012 7.351432 0.000000 0.000002 0.000001 -1.308409 -0.524304 20.524826 -0.586336 -0.004878 0.953181 0.000000 0.000007 -0.000001 14.096133 -0.128038 12.198492 0.816740 0.073165 2.529656 4.524673 0.877146 14.229039 -9.378660 21.574006 -16.837378 -0.000106 0.000010 3.142597 0.000001 -0.000000 0.160867 0.000027 -0.000028 0.039535 1.557285 0.036911 2.703626 -0.544235 0.004213 -0.884669 0.020775 -0.000037 0.033688 -0.219594 -2.877100 -23.684528 -3.263893 30.843464 7.032317 -7.877978 43.572420 12.784244 -11.361216 -8.783876 2.419622 5.545346 3.900360 2.839481 2.597128 -13.302357 6.595249 -8.491470 -0.696621 -10.456894 -10.203636 -19.133660 -8.884574 -2.453404 3.581008 6.954674 6.985157 -15.381595 14.736311 -1.181150 -45.440941 -11.935550 8.075130 3.914136 12.917413 -8.614282 -10.314146 -2.481589 4.248338 -0.935485 3.321731 7.868316 -2.527244 -11.428483 14.993099 8.015441 -18.925004 12.279884 -11.976525 6.890638 0.472401 5.438406 -19.089887 1.177640 -1.269571 -29.630085 4.033774 3.754354 -20.306077 0.260549 -0.620955 4.143659 -0.787568 -2.746641 11.067678 1.737280 -3.668246 5.231514 0.832161 0.208239 0.112561 -0.832079 -0.207558 0.115601 0.034726 0.021332 15.838234 -0.000000 -0.000000 0.000000 
8.567533 66.659790 2.594519 -2.923424 3.944481 -2.510796 0.003491 0.000000 -0.000008 -0.593452 2.292526 -0.637445 -0.846945 1.547663 -1.002753 -1.686241 1.843439 -14.697263 -1.564950 0.857959 -20.784704 -0.270183 -2.584674 -8.046486 0.049575 9.335095 -7.592934 -3.627636 -0.609024 11.352022 3.957231 -0.156863 -12.241493 8.386349 -16.626093 -0.089352 -0.841014 -0.375789 25.914035 0.000006 0.000012 7.351599 0.000000 0.000001 0.000001 -1.353534 -0.571884 21.616519 -0.586335 -0.004869 0.953179 -0.000000 0.000009 -0.000002 13.165284 -0.672283 9.610524 1.630524 0.182435 5.061319 3.679977 0.623329 11.518800 -9.433799 20.828047 -16.400179 -0.000116 0.000011 3.221110 0.000000 -0.000002 0.160866 0.000027 -0.000028 0.039535 1.543313 0.037701 2.781469 -0.544236 0.004206 -0.884667 0.020775 -0.000037 0.033687 -0.208823 -2.736192 -23.015296 -2.302993 28.925253 6.356694 -6.476285 43.704946 9.376133 -12.466878 -5.720835 1.044413 4.910553 2.635840 3.862371 1.695757 -12.498888 6.321947 -5.224693 -0.071443 -11.200800 -11.947001 -19.419005 -8.091339 -3.307727 4.309328 6.892991 4.950114 -14.632960 13.515472 -2.155917 -47.251518 -12.844177 8.574343 2.607203 10.186209 -5.878462 -8.504586 0.279016 3.684209 -2.822061 1.436615 4.412375 -3.184353 -11.860389 16.412320 8.808245 -17.666984 12.652277 -12.289483 6.919138 -0.204806 5.056213 -22.215713 0.818800 -1.280637 -26.107922 4.445078 3.578987 -16.849001 1.428899 -1.099545 3.864252 0.262004 -2.844361 10.159004 1.809798 -0.980657 3.903731 0.002781 -0.002698 0.001561 -0.002559 0.003388 0.004581 0.035768 0.021133 15.787417 0.000000 0.000000 -0.000001 
8.153256 67.289711 2.696088 -2.341109 4.234290 -0.066350 0.003491 -0.000000 -0.000008 -0.704422 2.663810 -0.335977 -1.168749 2.029236 0.170986 -1.956178 2.062601 -13.659897 -2.084552 1.097750 -19.806346 -0.268487 -2.356207 -7.637304 0.430966 9.139671 -11.346780 -4.289334 -0.802038 13.470477 4.098749 -0.178288 -12.682702 8.242629 -17.223560 -1.997825 -0.832981 -0.390649 26.847920 0.000006 0.000012 7.351759 0.000000 0.000002 0.000001 -1.427763 -0.630478 22.787792 -0.586336 -0.004875 0.953180 0.000003 0.000018 0.000000 12.120378 -1.259336 6.656693 2.504332 0.340930 7.797560 2.731962 0.389293 8.514200 -9.430570 20.026072 -15.917696 -0.000116 0.000012 3.230432 0.000001 -0.000001 0.160864 0.000027 -0.000030 0.039534 1.528174 0.040337 2.800246 -0.544238 0.004199 -0.884667 0.020774 -0.000040 0.033687 -0.191312 -2.507039 -22.055051 -1.167432 26.340708 5.097056 -4.883302 43.811162 5.293439 -13.696895 -1.567499 -0.589019 4.243114 1.240234 4.981016 1.012044 -11.417352 5.414782 -0.754186 0.764214 -12.195668 -13.706416 -19.730183 -7.298405 -3.896911 4.817393 6.854859 2.526324 -13.880115 11.189780 -3.335107 -49.125111 -13.690216 9.166817 0.977349 6.446664 -2.231808 -5.863911 3.944505 2.662895 -5.459197 -1.380343 -0.080822 -3.712029 -12.435399 18.278052 9.659613 -15.772741 12.760493 -12.378880 6.926678 -0.950132 4.640862 -26.711780 0.387820 -1.298840 -21.777338 4.698073 3.317345 -12.240912 2.772508 -1.705715 3.921949 1.506013 -2.939645 9.471046 2.166788 1.884518 2.769814 -3.371881 -0.842235 -0.480382 3.371727 0.843171 -0.477407 0.036808 0.020945 15.736107 0.000000 -0.000000 0.000000 
7.645845 67.888947 2.771561 -1.766685 4.513976 2.344799 0.003491 -0.000000 -0.000008 -0.801069 2.977358 -0.087672 -1.460532 2.430672 1.279710 -2.196011 2.231065 -12.622495 -2.541995 1.275835 -18.739300 -0.266634 -2.097307 -7.092586 0.774025 8.904309 -15.130034 -4.909467 -1.007397 15.476048 4.192162 -0.193052 -12.974153 8.111467 -17.811624 -3.913661 -0.826670 -0.403449 27.645944 0.000006 0.000012 7.351922 0.000000 0.000001 0.000001 -1.508794 -0.693923 23.861404 -0.586335 -0.004873 0.953180 0.000001 0.000013 -0.000001 11.007968 -1.822088 3.540406 3.411184 0.551657 10.663196 1.769722 0.204750 5.495945 -9.350794 19.252922 -15.491202 -0.000116 0.000012 3.201958 -0.000000 -0.000004 0.160864 0.000028 -0.000028 0.039534 1.515485 0.042138 2.763432 -0.544236 0.004201 -0.884667 0.020776 -0.000035 0.033687 -0.168810 -2.212450 -20.951645 0.098939 23.453261 3.506065 -3.332737 43.898070 1.122785 -14.820834 3.057732 -2.118631 3.621482 -0.130463 6.073912 0.343936 -10.310733 4.510990 4.147295 1.526916 -13.410972 -15.304053 -19.833117 -6.178430 -4.491981 5.330788 6.821634 -0.023423 -12.955975 8.227047 -4.485981 -50.946203 -14.389462 9.876148 -0.723556 2.244426 1.613102 -2.789025 7.773439 1.494220 -8.067251 -4.288223 -4.891826 -4.004525 -13.152771 20.136991 10.580540 -13.884300 12.869822 -12.469128 6.934483 -1.679326 4.226063 -31.856303 -0.078580 -1.328998 -17.085624 4.836312 2.997002 -7.109455 4.105073 -2.325024 4.286143 2.788591 -3.000436 8.940664 2.858830 4.315404 1.724672 -10.960971 -2.664526 -1.763638 11.096779 2.641581 -1.756164 0.037834 0.020753 15.682898 0.000001 -0.000000 0.000000 
7.111718 68.399422 2.797114 -1.242817 4.734852 4.417749 0.003491 0.000000 -0.000008 -0.876656 3.217633 0.095210 -1.707876 2.727353 2.281284 -2.395843 2.348202 -11.608625 -2.901859 1.388772 -17.624895 -0.262680 -1.837051 -6.527727 1.037842 8.644340 -18.518077 -5.453867 -1.207844 17.255185 4.229849 -0.199143 -13.091805 8.016274 -18.307291 -5.559462 -0.824047 -0.412087 28.173441 0.000006 0.000013 7.352089 0.000000 0.000002 -0.000000 -1.580847 -0.745765 24.628629 -0.586337 -0.004875 0.953181 0.000002 0.000014 0.000000 9.924299 -2.296397 0.617643 4.273433 0.797147 13.419163 0.914734 0.084336 2.833924 -9.201061 18.615337 -15.224992 -0.000106 0.000010 3.153492 0.000000 0.000001 0.160866 0.000027 -0.000028 0.039536 1.503024 0.043928 2.727337 -0.544237 0.004206 -0.884669 0.020776 -0.000032 0.033685 -0.145215 -1.903411 -19.887933 1.482455 20.707452 1.858884 -2.057394 43.961488 -2.474993 -15.620759 7.359227 -3.312030 3.122640 -1.289065 6.997242 -0.078793 -8.813084 3.208662 8.550264 2.042515 -14.635895 -16.869666 -19.962362 -5.083022 -5.075721 5.834532 6.794228 -2.378992 -11.839802 5.213237 -5.329235 -52.554945 -14.823476 10.665293 -2.162884 -1.807544 4.946880 0.120068 11.050365 0.211108 -10.564004 -7.212182 -9.151634 -4.054819 -13.881032 21.935093 11.540715 -12.057049 12.977073 -12.557622 6.942297 -2.266042 3.811756 -36.772226 -0.510896 -1.366631 -12.616866 4.885507 2.653410 -2.241883 5.206400 -2.831023 4.884444 3.890070 -3.002646 8.507737 3.722518 5.863607 0.798597 -21.135781 -4.675112 -3.747613 21.134038 4.677159 -3.745236 0.037324 0.020845 15.491052 0.000001 0.000000 0.000004 
6.585582 68.793373 2.750446 -0.828446 4.861397 5.965041 0.003491 0.000000 -0.000007 -0.929086 3.383330 0.211246 -1.889728 2.918130 3.188808 -2.548612 2.410045 -10.599648 -3.159567 1.430808 -16.431212 -0.251441 -1.571564 -6.024295 1.187114 8.364826 -21.253853 -5.902854 -1.387814 18.737137 4.200745 -0.194431 -13.000945 7.985748 -18.645472 -6.768074 -0.820687 -0.415210 28.322028 0.000006 0.000013 7.352256 0.000001 0.000002 0.000002 -1.636156 -0.777577 24.938689 -0.586335 -0.004871 0.953181 0.000002 0.000012 0.000000 8.918771 -2.671242 -1.858700 5.038920 1.053392 15.897250 0.255436 0.018953 0.790302 -8.973914 18.180237 -15.198516 -0.000116 0.000010 3.104505 0.000000 0.000000 0.160865 0.000028 -0.000026 0.039535 1.490483 0.045751 2.690900 -0.544235 0.004199 -0.884667 0.020776 -0.000039 0.033687 -0.121636 -1.594464 -18.982875 3.178776 18.367531 0.277453 -1.172164 44.005621 -5.056955 -15.911779 10.797894 -4.209983 2.786676 -2.104136 7.648522 -0.469183 -7.291545 1.909548 11.796095 2.302056 -15.611384 -17.953733 -19.551184 -4.168837 -5.665549 6.343521 6.771779 -4.411815 -10.565107 2.544245 -5.597253 -53.892686 -14.855964 11.495964 -3.039384 -5.448021 7.335757 2.345851 13.367579 -0.701155 -12.637514 -9.410095 -12.255100 -3.970047 -14.461918 23.079196 11.779470 -10.441426 13.085451 -12.646954 6.950392 -2.627323 3.345500 -40.872685 -0.888119 -1.388085 -8.688258 4.875447 2.312156 1.871938 5.916504 -3.136024 5.669876 4.677962 -2.923882 8.083671 4.539115 6.445239 0.016317 -32.777852 -6.540271 -6.436064 32.774106 6.542991 -6.434392 0.036795 0.020938 15.297295 0.000000 -0.000000 0.000002 
6.119144 69.023888 2.606068 -0.568141 4.839239 6.724019 0.003491 -0.000000 -0.000007 -0.953569 3.463044 0.251146 -1.993532 2.986435 3.986552 -2.646677 2.415914 -9.592372 -3.291388 1.400948 -15.155614 -0.231709 -1.321873 -5.684076 1.169050 8.082346 -22.931836 -6.213693 -1.520388 19.771598 4.089101 -0.176792 -12.652605 8.049220 -18.747001 -7.293211 -0.824893 -0.410325 27.935076 0.000006 0.000013 7.352417 0.000000 0.000001 0.000002 -1.658945 -0.777526 24.614139 -0.586539 -0.004883 0.953503 0.000001 0.000011 -0.000002 8.092688 -2.939733 -3.470654 5.607199 1.267862 17.759535 -0.086449 -0.005641 -0.267235 -8.682556 18.015654 -15.514780 -0.000116 0.000014 3.087257 -0.000000 -0.000002 0.161328 0.000027 -0.000031 0.039535 1.481426 0.042170 2.672384 -0.543975 0.004198 -0.884243 0.020776 -0.000037 0.033686 -0.101064 -1.324840 -18.393947 5.481379 16.737517 -1.100577 -0.862895 44.036231 -6.029128 -15.404918 12.671403 -4.924803 2.665572 -2.403102 7.881314 -0.647585 -5.331938 0.399955 13.038122 2.381294 -15.987304 -18.487073 -18.551079 -3.587122 -6.264687 6.860284 6.753896 -5.964741 -9.277294 0.691789 -4.964394 -54.838916 -14.317696 12.244880 -2.947871 -8.353753 8.240032 3.215666 14.232834 -0.954469 -13.898630 -10.342279 -13.440441 -3.904395 -14.686179 23.302625 11.278470 -9.353261 13.610748 -13.086995 6.989987 -2.633072 2.767931 -43.379757 -1.162135 -1.356988 -5.773694 4.806035 2.006027 4.563332 6.018709 -3.146194 6.583336 4.959581 -2.732050 7.598704 5.078524 6.111636 -0.598879 -44.632035 -7.836123 -9.491314 44.645378 7.836924 -9.488068 0.036273 0.021034 15.101630 -0.000000 -0.000001 0.000000 
5.702468 69.133698 2.386271 -0.418973 4.707859 6.926602 0.003491 0.000001 -0.000008 -0.958296 3.495834 0.185724 -2.048000 2.988120 4.666032 -2.712697 2.391528 -8.559625 -3.349531 1.325198 -13.695790 -0.201017 -1.074461 -5.474480 0.940844 7.833968 -23.557888 -6.312728 -1.564029 20.102739 3.907722 -0.149623 -12.087275 8.196497 -18.674499 -7.325876 -0.828172 -0.400304 27.216936 0.000006 0.000013 7.352584 0.000000 0.000001 -0.000000 -1.666468 -0.753421 23.904489 -0.606491 -0.005225 0.985940 0.000001 0.000016 -0.000001 7.460359 -3.161091 -4.250821 5.963240 1.413118 18.937304 -0.211938 -0.013077 -0.655092 -8.335413 18.044064 -15.983005 -0.000116 0.000013 3.070324 0.000001 0.000002 0.209821 0.000027 -0.000026 0.039537 1.472531 0.038645 2.654193 -0.517669 0.003799 -0.841478 0.020776 -0.000034 0.033686 -0.082438 -1.080663 -18.046912 9.312580 14.803132 -2.645050 -2.554308 45.339011 -4.984560 -13.790953 12.812209 -5.512707 2.986645 -1.531125 6.930807 -0.398712 -2.372942 -1.849817 11.665874 2.793028 -14.296851 -18.763260 -16.580223 -3.131779 -7.165561 7.626304 6.690450 -7.199850 -8.108754 -0.451042 -3.550563 -55.738097 -13.075668 11.927708 -1.013336 -10.890833 7.676524 2.450344 13.485754 -0.144527 -15.231672 -9.908135 -12.500546 -3.898357 -13.861480 23.485619 9.354498 -9.197398 14.937576 -14.190995 7.112629 -2.369148 2.075363 -44.704503 -1.367328 -1.287989 -3.568546 4.700586 1.716377 6.238897 5.656834 -2.941316 7.538440 4.869282 -2.455072 7.001431 5.395405 5.287842 -1.100577 -54.747706 -8.419390 -12.239086 54.742989 8.422651 -12.238830 0.035748 0.021137 14.909768 0.000001 0.000000 0.000002 
5.269007 69.203758 2.120503 -0.293593 4.524482 6.983964 0.003491 -0.000000 -0.000007 -0.954582 3.527454 -0.001945 -2.096417 2.989015 5.274609 -2.781881 2.353853 -7.426550 -3.411937 1.226599 -11.889322 -0.169571 -0.807054 -5.277044 0.575709 7.602852 -23.733039 -6.310606 -1.563088 20.095625 3.734127 -0.125332 -11.546878 8.392090 -18.535795 -7.206717 -0.836478 -0.390433 26.433858 0.000008 0.000022 7.378290 0.000000 0.000002 -0.000001 -1.668788 -0.731027 23.151121 -0.626654 -0.005566 1.018728 0.000001 0.000014 -0.000002 6.925904 -3.403219 -4.580391 6.187177 1.508890 19.682862 -0.311316 -0.018346 -0.962134 -7.944946 18.119664 -16.386394 -0.000106 0.000009 3.053258 0.000000 -0.000000 0.258783 0.000027 -0.000027 0.039535 1.463578 0.035104 2.635857 -0.491100 0.003425 -0.798284 0.020775 -0.000033 0.033687 -0.061793 -0.809972 -17.738636 14.317939 11.371322 -4.319626 -6.942223 48.383527 -2.107531 -11.150877 11.646241 -6.073156 3.919186 0.704493 4.485398 0.559698 1.817816 -5.061691 7.999334 3.668231 -10.125665 -19.111885 -13.678216 -2.582106 -8.076193 8.400811 6.638627 -8.339544 -7.035395 -1.342708 -1.773849 -56.901203 -11.179907 10.067515 2.804093 -13.532226 6.084227 0.342106 11.391095 1.719493 -17.448907 -8.478380 -9.878176 -3.817532 -11.633316 24.331914 6.027605 -9.888154 17.256063 -16.104821 7.358739 -1.985395 1.260409 -45.836898 -1.579137 -1.198461 -1.356126 4.558841 1.391753 7.822073 5.101332 -2.665702 8.552275 4.661051 -2.120383 6.281421 5.683096 4.300745 -1.533764 -61.956523 -8.540505 -14.244272 61.957623 8.543260 -14.243508 0.035241 0.021229 14.715987 -0.000001 0.000001 0.000004 
4.821229 69.237717 1.814934 -0.194061 4.297351 6.896705 0.003491 0.000001 -0.000007 -0.943176 3.558070 -0.297620 -2.140050 2.992401 5.809988 -2.850292 2.310284 -6.215406 -3.476565 1.105861 -9.789642 -0.130313 -0.519754 -5.092137 0.090747 7.385833 -23.500657 -6.216403 -1.521576 19.780684 3.568711 -0.103743 -11.032498 8.625462 -18.340074 -6.949375 -0.840058 -0.379218 25.579767 0.000006 0.000013 7.404247 0.000000 0.000003 0.000002 -1.668034 -0.704280 22.340610 -0.685855 -0.006680 1.114966 0.000002 0.000013 -0.000003 6.486799 -3.666896 -4.489844 6.288329 1.553285 20.020845 -0.383902 -0.021873 -1.186367 -7.513218 18.244325 -16.726206 -0.000116 0.000012 3.010691 0.000002 0.000010 0.383065 0.000028 -0.000029 0.039534 1.446024 0.032454 2.602410 -0.413389 0.002433 -0.671958 0.020776 -0.000035 0.033687 -0.039857 -0.522301 -17.470179 18.897754 7.078470 -5.496730 -12.900899 51.840231 2.125522 -7.957774 9.384549 -6.681521 5.426647 3.715261 1.165728 1.768525 5.979378 -8.385040 2.764339 4.430290 -4.896980 -19.487570 -10.756831 -2.016446 -8.996982 9.183652 6.598862 -9.276334 -6.128513 -1.975263 0.030331 -58.082918 -8.944006 7.258336 7.535040 -15.822401 3.571757 -2.805629 8.170770 3.682999 -19.636729 -6.940076 -5.860960 -3.517940 -8.401309 25.258021 2.282267 -10.954452 19.626352 -18.022962 7.691339 -1.507595 0.346826 -46.782090 -1.799566 -1.094949 0.852569 4.384961 1.036301 9.312056 4.372820 -2.336192 9.615586 4.347024 -1.730882 5.458528 5.954981 3.223590 -1.922662 -64.650247 -8.521155 -14.992627 64.648198 8.524218 -14.992566 0.034706 0.021321 14.520326 -0.000001 0.000000 -0.000003 
4.375155 69.240120 1.486560 -0.117631 4.041556 6.698054 0.003491 0.000000 -0.000007 -0.925581 3.586248 -0.672787 -2.175126 2.991963 6.268794 -2.915545 2.262536 -4.976690 -3.533677 0.973202 -7.521643 -0.091641 -0.224235 -4.921378 -0.476938 7.183407 -22.937170 -6.051249 -1.450278 19.230119 3.417193 -0.085285 -10.561809 8.884287 -18.101420 -6.580527 -0.846341 -0.365653 24.683103 0.000006 0.000012 7.429676 0.000000 0.000003 0.000001 -1.663448 -0.672519 21.504354 -0.743901 -0.007855 1.209341 0.000004 0.000016 -0.000001 6.143651 -3.939739 -4.042088 6.285161 1.551883 20.010269 -0.433025 -0.024093 -1.338095 -7.057940 18.397145 -17.005165 -0.000116 0.000012 2.946152 0.000003 0.000012 0.575265 0.000027 -0.000027 0.039536 1.413730 0.031458 2.546839 -0.337186 0.001623 -0.548079 0.020777 -0.000035 0.033687 -0.017572 -0.230034 -17.237914 21.998661 3.378438 -6.027998 -18.485513 54.463891 6.414593 -4.773384 6.368684 -7.390379 7.303653 6.849284 -2.290350 2.995715 9.195708 -10.994811 -2.848822 4.629391 -0.099240 -19.734727 -8.453263 -1.614037 -9.901396 9.951786 6.572146 -9.902128 -5.521913 -2.348940 1.413875 -59.040770 -6.834109 4.163600 12.062658 -17.262033 0.356407 -6.538826 4.174636 5.462397 -21.375963 -5.458014 -0.936110 -2.876693 -4.743611 25.834788 -0.761554 -11.923602 21.595301 -19.591074 7.990994 -0.962143 -0.618405 -47.542908 -2.020002 -0.987825 2.976695 4.195704 0.661565 10.667554 3.525500 -1.978976 10.706310 3.960811 -1.301460 4.598531 6.209757 2.157013 -2.281986 -61.342291 -8.539441 -14.070726 61.337687 8.542705 -14.070854 0.034171 0.021420 14.328478 0.000001 0.000000 -0.000002 
3.920286 69.215790 1.132873 -0.063305 3.754295 6.385885 0.003491 -0.000000 -0.000008 -0.902404 3.613154 -1.121253 -2.208824 2.992587 6.664852 -2.981394 2.207673 -3.705333 -3.589345 0.821485 -5.075635 -0.046495 0.073776 -4.763264 -1.122696 6.982627 -22.088458 -5.826176 -1.356121 18.483045 3.275149 -0.069118 -10.120962 9.167762 -17.816205 -6.102775 -0.849975 -0.353609 23.718908 0.000006 0.000013 7.483418 0.000000 0.000001 0.000001 -1.650222 -0.640443 20.621174 -0.840090 -0.010016 1.365730 0.000003 0.000012 0.000000 5.877995 -4.225655 -3.279342 6.193586 1.511684 19.704220 -0.463715 -0.025425 -1.432918 -6.579873 18.588122 -17.241983 -0.000106 0.000011 2.880995 0.000001 -0.000000 0.769354 0.000028 -0.000028 0.039536 1.381149 0.030489 2.490724 -0.211673 0.000634 -0.344035 0.020775 -0.000039 0.033687 0.005458 0.072018 -17.034890 23.258768 1.844611 -6.180570 -21.153803 55.487320 8.762004 -1.944271 2.779541 -8.361017 9.282059 9.718542 -5.402382 3.554808 10.495148 -12.073673 -7.728168 4.137020 3.322239 -19.829906 -7.508091 -1.456499 -10.023062 10.092883 6.597316 -10.136422 -5.301197 -2.473024 1.935952 -59.594309 -5.246130 1.275187 15.542256 -17.562932 -3.533333 -10.616911 -0.474070 6.229341 -22.080781 -4.808073 4.666996 -1.818058 -0.992278 25.834835 -2.135282 -12.397358 22.421452 -20.240070 8.125958 -0.347491 -1.649828 -48.150156 -2.240353 -0.869691 5.057547 3.984781 0.271536 11.920075 2.556949 -1.593611 11.856194 3.503822 -0.835490 3.702219 6.476092 1.115796 -2.632747 -52.641549 -8.337715 -11.659648 52.640326 8.340565 -11.658727 0.033623 0.021523 14.134699 0.000000 0.000000 0.000001 
3.459352 69.168724 0.760686 -0.028716 3.440283 5.979715 0.003491 -0.000000 -0.000008 -0.874591 3.637923 -1.627130 -2.238134 2.995648 7.006857 -3.042158 2.150649 -2.415326 -3.634576 0.660798 -2.513581 -0.004662 0.382118 -4.607536 -1.826951 6.777088 -21.010528 -5.558224 -1.248475 17.598406 3.144188 -0.055204 -9.714757 9.472246 -17.501479 -5.535415 -0.856396 -0.338857 22.693095 0.000006 0.000013 7.537680 0.000000 0.000003 0.000002 -1.636678 -0.606583 19.692882 -0.937540 -0.012516 1.524152 0.000001 0.000011 -0.000001 5.679538 -4.517077 -2.252845 6.033200 1.442665 19.169804 -0.482697 -0.026212 -1.491537 -6.079122 18.808316 -17.443620 -0.000116 0.000011 2.796245 0.000001 -0.000000 1.050131 0.000027 -0.000028 0.039536 1.341803 0.027997 2.416677 -0.084519 0.000104 -0.137341 0.020776 -0.000037 0.033686 0.029003 0.380830 -16.851371 23.319386 2.127229 -6.394773 -19.437578 54.574239 8.013915 0.519716 -2.525682 -9.717431 11.612393 12.757877 -8.596818 2.998279 9.442342 -11.121563 -12.189685 2.839675 5.634077 -18.199353 -7.315770 -1.690927 -10.142403 10.232395 6.623559 -10.170725 -5.552464 -2.714632 1.440696 -59.222064 -4.452216 -1.280430 18.605406 -17.006561 -7.928155 -14.706073 -5.531793 6.221545 -20.212608 -4.567606 10.552150 -0.359156 2.468714 23.664092 -1.806795 -11.986028 21.707151 -19.685368 8.027113 0.315875 -2.721145 -48.619202 -2.461073 -0.746611 7.085053 3.760209 -0.137043 13.072677 1.496005 -1.196690 13.062265 2.990868 -0.333596 2.798947 6.754063 0.147329 -2.988106 -40.486295 -7.486546 -8.443179 40.625958 7.470692 -8.426643 0.033076 0.021624 13.934513 0.000000 -0.000000 0.000001 
3.008501 69.105522 0.388301 -0.008629 3.116888 5.501642 0.003491 -0.000000 -0.000007 -0.844225 3.660224 -2.157300 -2.259336 2.994938 7.286192 -3.103038 2.091829 -1.168522 -3.671784 0.496033 0.037441 0.038736 0.680898 -4.461998 -2.546514 6.566780 -19.800432 -5.271373 -1.138508 16.656723 3.027820 -0.043618 -9.354068 9.776140 -17.160224 -4.905314 -0.862161 -0.328769 21.638490 0.000006 0.000013 7.590899 0.000000 0.000001 0.000002 -1.617501 -0.571763 18.745213 -1.066191 -0.019463 1.731581 0.000003 0.000014 -0.000001 5.541715 -4.798946 -1.057391 5.827324 1.356658 18.486631 -0.492048 -0.026597 -1.520412 -5.585624 19.042007 -17.611988 -0.000116 0.000012 2.694989 0.000003 0.000011 1.325441 0.000027 -0.000028 0.039535 1.289191 0.026352 2.329998 0.080599 0.000090 0.131077 0.020775 -0.000035 0.033685 0.051824 0.680108 -16.691995 23.165205 2.691632 -6.885001 -15.275631 52.215611 5.701486 2.836429 -9.684021 -11.033346 14.577178 16.251105 -12.276368 1.780426 6.818702 -8.893799 -16.922958 0.871924 7.476205 -14.226014 -6.945238 -2.281793 -9.896451 10.078240 6.702295 -10.267899 -6.225931 -3.368221 0.386428 -57.745684 -4.168377 -3.706554 22.104603 -16.067397 -12.452724 -18.382030 -10.552885 6.020478 -15.630984 -3.947853 16.152235 1.311514 5.280710 18.854638 -0.641939 -10.890736 19.841730 -18.214164 7.792410 0.991051 -3.779426 -48.963604 -2.669351 -0.624533 8.976422 3.526396 -0.541481 14.086671 0.398200 -0.809146 14.289801 2.459032 0.177373 1.946925 7.050033 -0.693729 -3.336319 -27.408065 -5.751048 -5.152224 27.407741 5.753012 -5.149984 0.028609 0.022436 13.287961 0.000000 0.000001 -0.000001 
2.557105 69.028954 0.011904 -0.003928 2.779716 4.955219 0.003491 -0.000000 -0.000008 -0.811283 3.679338 -2.710207 -2.281014 2.998293 7.518616 -3.155515 2.029795 0.050356 -3.702579 0.332278 2.594272 0.077785 0.976044 -4.315303 -3.282127 6.342588 -18.480858 -4.972070 -1.029474 15.679753 2.923817 -0.033897 -9.031834 10.085033 -16.800887 -4.215045 -0.868418 -0.313214 20.525444 0.000006 0.000013 7.664498 0.000000 0.000001 0.000002 -1.595822 -0.533360 17.754553 -1.196086 -0.026976 1.941001 0.000003 0.000012 -0.000001 5.448930 -5.072760 0.283037 5.590570 1.261282 17.704742 -0.498534 -0.026860 -1.540444 -5.084830 19.293403 -17.763201 -0.000107 0.000012 2.578936 0.000002 0.000001 1.678700 0.000027 -0.000031 0.039536 1.232456 0.024523 2.229629 0.247338 0.000872 0.402124 0.020775 -0.000035 0.033687 0.074349 0.975490 -16.545090 22.819529 3.512714 -7.614079 -10.211800 48.719985 3.054564 5.114008 -17.533668 -11.929572 17.901038 19.798278 -16.105516 0.576712 3.129443 -6.103886 -21.509816 -1.443731 8.767579 -8.853038 -6.805361 -3.098670 -9.647964 9.922889 6.782464 -10.417761 -7.295222 -4.382285 -0.870255 -55.324908 -4.013128 -5.970596 25.666746 -14.785934 -16.883362 -21.513798 -15.320082 5.349536 -9.452772 -3.005746 21.230777 3.022744 7.405387 12.453056 1.212244 -9.399128 17.054846 -15.980744 7.500756 1.692503 -4.835082 -49.207920 -2.874483 -0.501893 10.779160 3.287147 -0.946813 14.991249 -0.743518 -0.442110 15.572949 1.901355 0.700657 1.150037 7.373221 -1.411596 -3.692665 -14.965443 -3.468733 -2.484975 14.967562 3.469811 -2.482201 0.024061 0.023250 12.634950 0.000000 0.000000 -0.000002 
2.108124 68.943481 -0.361060 -0.013821 2.436355 4.352179 0.003491 0.000000 -0.000008 -0.777818 3.698219 -3.268374 -2.295376 2.997752 7.705877 -3.203867 1.970512 1.217853 -3.721233 0.166526 5.090132 0.119219 1.263184 -4.170932 -4.013313 6.103378 -17.106707 -4.674919 -0.926892 14.715021 2.830262 -0.025654 -8.742126 10.391357 -16.430959 -3.475749 -0.871969 -0.299405 19.364952 0.000007 0.000014 7.739006 0.000000 0.000001 0.000001 -1.568374 -0.497503 16.728255 -1.349756 -0.029156 2.192708 0.000002 0.000011 -0.000001 5.391286 -5.331935 1.712909 5.338431 1.163801 16.876206 -0.505110 -0.027125 -1.560753 -4.592230 19.557232 -17.899744 -0.000116 0.000026 2.461497 0.000002 0.000002 2.036083 0.000028 -0.000027 0.039535 1.175030 0.022752 2.128037 0.451804 0.002895 0.734511 0.020775 -0.000037 0.033685 0.096299 1.263270 -16.407470 22.304647 4.553968 -8.533897 -5.445045 44.605363 0.882470 7.286504 -24.736543 -12.167604 21.088127 22.912570 -19.600027 -0.446581 -0.645685 -3.377388 -25.426139 -3.674943 9.500172 -3.435721 -6.746538 -3.927899 -9.392436 9.761515 6.864201 -10.621738 -8.694274 -5.692481 -2.035983 -52.154706 -3.690641 -7.889872 28.837175 -13.347184 -20.736835 -23.894881 -19.363438 4.012073 -2.937009 -1.871404 25.370908 4.532993 8.830594 5.681747 3.551943 -7.674868 13.420844 -13.011342 7.201003 2.395698 -5.867480 -49.372606 -3.065063 -0.383781 12.469147 3.040691 -1.344265 15.785561 -1.897502 -0.089283 16.906245 1.332155 1.228319 0.439801 7.721433 -2.005039 -4.046922 -5.163634 -1.278022 -0.756777 5.169801 1.277882 -0.753753 0.019483 0.024072 11.971008 0.000010 -0.000002 0.000007 
1.677131 68.856392 -0.712885 -0.028854 2.102253 3.728991 0.003491 -0.000000 -0.000008 -0.745236 3.713512 -3.798686 -2.308463 2.997979 7.851080 -3.246614 1.916371 2.280390 -3.732244 0.014389 7.401889 0.157844 1.527755 -4.026102 -4.700091 5.857750 -15.771397 -4.400764 -0.837173 13.829332 2.746269 -0.018655 -8.482138 10.675770 -16.066546 -2.729995 -0.877953 -0.283234 18.182665 0.000007 0.000015 7.830447 0.000000 0.000001 0.000001 -1.538325 -0.459331 15.682852 -1.500410 -0.031948 2.439513 0.000003 0.000012 0.000000 5.358624 -5.563990 3.133538 5.096655 1.074221 16.085541 -0.513299 -0.027445 -1.586026 -4.122317 19.815999 -18.035644 -0.000001 0.001656 2.323957 0.000002 0.000002 2.452886 0.000028 -0.000027 0.039535 1.107026 0.018942 2.008801 0.652277 0.006051 1.060418 0.020778 -0.000034 0.033687 0.116517 1.528277 -16.279367 21.666378 5.736452 -9.560558 -1.763600 40.674944 -0.546499 8.948405 -29.952924 -11.849924 23.459581 25.068474 -22.137186 -0.589545 -3.923899 -1.468531 -28.096634 -5.312648 9.801604 1.002335 -7.254289 -4.277060 -8.694266 9.119469 6.962448 -10.864311 -10.326219 -7.190735 -2.911770 -48.573676 -3.065969 -9.142683 31.146206 -12.095836 -23.399839 -25.370504 -22.108038 2.078044 2.521546 -0.955175 28.100146 5.571527 9.614785 -0.001470 5.985068 -5.787899 9.910062 -10.087472 7.095695 3.068059 -6.822019 -49.474632 -3.239163 -0.268539 13.984569 2.801811 -1.717260 16.445663 -3.007533 0.216799 18.249147 0.785645 1.733734 -0.141407 8.074347 -2.462639 -4.389528 0.002807 -0.002698 0.001567 -0.002556 0.003390 0.004585 0.023205 0.023402 10.870552 0.000000 0.000001 0.000010 
1.254079 68.769768 -1.046788 -0.052610 1.774844 3.076087 0.003491 0.000000 -0.000008 -0.713969 3.726234 -4.299575 -2.317521 3.000523 7.958439 -3.284895 1.861552 3.250781 -3.733688 -0.127317 9.538317 0.194619 1.774130 -3.876479 -5.343296 5.601997 -14.486638 -4.153489 -0.760243 13.033863 2.667087 -0.012410 -8.237104 10.947471 -15.704511 -1.961682 -0.881231 -0.268921 16.960729 0.000007 0.000015 7.922792 0.000000 0.000001 0.000001 -1.507291 -0.421351 14.627118 -1.683566 -0.040219 2.737447 0.000002 0.000013 -0.000001 5.339079 -5.771334 4.532256 4.871705 0.994267 15.353114 -0.523907 -0.027864 -1.618806 -3.676399 20.071718 -18.177201 0.000118 0.003296 2.185032 0.000004 0.000015 2.873817 0.000028 -0.000028 0.039535 1.038370 0.015256 1.888425 0.881287 0.011022 1.432754 0.020777 -0.000037 0.033685 0.135350 1.775086 -16.146443 20.913578 7.049537 -10.673601 0.580525 37.563261 -1.444891 9.395945 -32.292414 -11.408097 24.406020 25.895621 -23.137363 0.243374 -5.986689 -0.973230 -29.106288 -5.961075 9.869861 3.451116 -8.179625 -3.637954 -7.989269 8.472318 7.069509 -11.141319 -12.174870 -8.845785 -3.476423 -44.727989 -2.128523 -9.395967 32.292363 -11.408184 -24.406399 -25.895286 -23.136945 -0.243403 5.986673 -0.973282 29.106335 5.961110 9.869617 -3.451170 8.179671 -3.637936 6.134859 -6.898998 7.046366 3.702896 -7.708240 -49.546459 -3.393360 -0.164249 15.352790 2.563004 -2.071270 16.990499 -4.070840 0.485324 19.640638 0.255540 2.217984 -0.575266 8.434787 -2.810526 -4.727219 1.892997 0.480783 0.250178 -1.893738 -0.480007 0.253252 0.027051 0.022696 9.759182 0.000000 -0.000000 0.000007 
0.842171 68.688469 -1.354677 -0.078359 1.462328 2.412090 0.003491 0.000000 -0.000008 -0.685442 3.736594 -4.752085 -2.324334 3.000509 8.037660 -3.315757 1.814713 4.095710 -3.732465 -0.250590 11.430533 0.225444 1.994823 -3.718200 -5.921715 5.341119 -13.305251 -3.944226 -0.698064 12.363025 2.588154 -0.006527 -7.992889 11.192797 -15.358879 -1.194401 -0.886969 -0.251825 15.694006 0.000007 0.000014 8.016011 0.000000 0.000002 0.000001 -1.468555 -0.384265 13.516683 -1.868468 -0.049546 3.038256 0.000003 0.000014 -0.000001 5.322723 -5.949874 5.852391 4.680802 0.928929 14.733903 -0.540620 -0.028500 -1.670395 -3.255799 20.317347 -18.338899 0.000241 0.004936 2.044568 0.000003 0.000003 3.299313 0.000028 -0.000028 0.039536 0.968949 0.011683 1.766719 1.112672 0.017564 1.808979 0.020777 -0.000035 0.033686 0.152209 1.995963 -16.012094 20.072893 8.447934 -11.825891 1.744866 35.293336 -2.210901 8.622964 -31.168564 -9.765660 23.370042 25.062221 -21.964473 2.775500 -6.642797 -2.984049 -27.776872 -5.261584 9.607771 2.808240 -9.984834 -0.729699 -5.877067 6.601813 7.162606 -11.453344 -14.166202 -10.605804 -3.742398 -40.880786 -0.951161 -8.675420 31.107383 -9.804033 -23.810711 -25.427187 -22.449749 -3.400809 7.232840 -3.198491 28.324467 5.551219 9.707059 -3.337523 10.477325 -0.086297 2.349420 -3.686627 7.209335 4.285787 -8.504581 -49.606417 -3.523094 -0.062015 16.555065 2.330361 -2.396431 17.415949 -5.058382 0.705121 21.072706 -0.247227 2.665485 -0.835439 8.782314 -3.067468 -5.059438 3.791993 0.974958 0.483994 -3.793587 -0.974120 0.487115 0.031026 0.021974 8.636902 0.000000 0.000000 0.000009 
0.455658 68.619232 -1.621383 -0.104733 1.178121 1.766073 0.003491 -0.000000 -0.000008 -0.661555 3.744345 -5.127699 -2.330373 3.000985 8.090870 -3.340977 1.779965 4.779743 -3.727622 -0.354857 12.980773 0.252747 2.180517 -3.552684 -6.405295 5.091685 -12.305761 -3.788814 -0.653604 11.866164 2.506145 -0.000775 -7.739257 11.403114 -15.044453 -0.463777 -0.889866 -0.237141 14.431184 0.000007 0.000014 8.107455 0.000000 0.000000 -0.000000 -1.429892 -0.348639 12.427839 -2.049730 -0.059631 3.333198 -0.000000 0.000004 -0.000002 5.299532 -6.092671 7.006208 4.541254 0.882621 14.282531 -0.560479 -0.029248 -1.731719 -2.883135 20.540179 -18.518499 0.000196 0.004238 1.890192 0.000003 0.000004 3.758849 0.000028 -0.000026 0.039535 0.893842 0.009844 1.634215 1.355274 0.026062 2.203507 0.020775 -0.000039 0.033687 0.166674 2.185430 -15.866615 19.200797 9.841468 -12.939761 2.257945 33.451937 -3.037169 7.216342 -27.632819 -6.573526 20.922930 22.994698 -19.137244 6.541045 -6.682601 -7.141165 -24.515929 -3.576150 8.831831 -0.086613 -12.569998 4.161831 -2.170419 3.459870 7.257600 -11.774865 -16.186526 -12.344395 -3.749620 -37.394545 0.277870 -7.281744 27.563561 -6.611334 -22.278670 -24.177785 -20.647713 -7.192066 7.386605 -7.393080 26.257528 4.473310 9.228765 -0.547320 13.075720 4.927179 -0.926981 -0.901984 7.432779 4.780606 -9.171323 -49.675901 -3.623800 0.027015 17.544048 2.110318 -2.678785 17.712777 -5.916925 0.867269 22.500771 -0.689654 3.051734 -0.889031 9.087731 -3.249109 -5.372878 4.877048 1.260158 0.610141 -4.877455 -1.259602 0.613245 0.034984 0.021255 7.536432 0.000000 -0.000000 0.000010 
0.085820 68.564713 -1.847582 -0.125326 0.916235 1.137904 0.003491 0.000000 -0.000008 -0.642808 3.749862 -5.420150 -2.334346 2.998772 8.123038 -3.358657 1.749618 5.303930 -3.718889 -0.434252 14.171840 0.274017 2.337005 -3.378377 -6.789261 4.853098 -11.506672 -3.690333 -0.626180 11.551911 2.416315 0.005113 -7.461499 11.579776 -14.767205 0.252335 -0.895194 -0.219671 13.128074 0.000007 0.000014 8.199771 0.000000 0.000003 -0.000000 -1.389969 -0.313930 11.291893 -2.232726 -0.070780 3.631014 0.000001 0.000006 -0.000001 5.257856 -6.201952 7.973938 4.463184 0.857247 14.030462 -0.584052 -0.030111 -1.804536 -2.551528 20.740308 -18.733923 0.000148 0.003535 1.734313 0.000005 0.000016 4.222892 0.000028 -0.000028 0.039535 0.817964 0.008160 1.500396 1.600220 0.036351 2.601897 0.020776 -0.000035 0.033686 0.178376 2.338663 -15.709246 18.305182 11.221653 -14.009429 2.372208 32.021822 -3.921305 5.149708 -22.754084 -3.067929 17.839701 20.157553 -15.432140 10.380399 -6.676817 -12.274639 -20.116191 -1.392434 7.506588 -3.849871 -15.322805 9.604763 1.571473 0.299786 7.559559 -12.107543 -18.216161 -14.057365 -3.552908 -34.424174 1.418726 -5.193841 22.708219 -3.092165 -20.070588 -22.251127 -17.985287 -10.773249 7.177703 -12.453986 23.148090 2.896968 8.377125 3.402183 15.625998 10.147509 -3.611736 1.375037 7.697352 5.179432 -9.708893 -49.788421 -3.694406 0.111191 18.331686 1.903537 -2.913012 17.882163 -6.635835 0.977205 23.958041 -1.082101 3.372213 -0.709979 9.330316 -3.395370 -5.686003 5.972354 1.550452 0.732018 -5.971273 -1.550202 0.735122 0.039059 0.020510 6.425084 0.000010 -0.000002 0.000009 
-0.263895 68.530144 -2.024551 -0.142842 0.690024 0.539091 0.003491 0.000000 -0.000008 -0.630686 3.753525 -5.609003 -2.336293 3.001612 8.137517 -3.368398 1.729939 5.632956 -3.714495 -0.484415 14.931355 0.287979 2.449153 -3.184276 -7.053352 4.634949 -10.964850 -3.664171 -0.618994 11.468457 2.312489 0.011378 -7.140598 11.712431 -14.529573 0.918871 -0.900195 -0.201917 11.812003 0.000009 0.000022 8.293016 0.000000 0.000003 -0.000000 -1.348970 -0.279688 10.144789 -2.417486 -0.082990 3.931764 0.000001 0.000007 0.000000 5.185722 -6.275279 8.693062 4.462933 0.857170 14.029670 -0.610309 -0.031024 -1.885575 -2.270421 20.910513 -18.994123 0.000099 0.002818 1.576892 0.000004 0.000005 4.691525 0.000028 -0.000030 0.039535 0.741350 0.006644 1.365242 1.847470 0.048447 3.004129 0.020775 -0.000039 0.033687 0.187211 2.454330 -15.528862 17.422882 12.535906 -14.997256 2.280421 31.060958 -4.797793 2.515468 -17.850891 -0.464865 14.843391 17.092494 -11.613420 13.239823 -6.793747 -16.732659 -15.464006 0.764561 5.771344 -7.092186 -17.536676 13.992679 4.767288 -2.370304 7.857281 -12.439559 -20.171321 -15.682408 -3.168731 -32.249561 2.291898 -2.533200 17.835301 -0.468048 -17.482465 -19.779424 -14.729872 -13.357974 6.967955 -16.794972 19.278402 1.016186 7.103048 6.940316 17.624434 14.181776 -5.420281 2.900350 7.917776 5.456282 -10.093167 -49.970111 -3.728199 0.178110 18.897262 1.712760 -3.094873 17.927814 -7.189129 1.031597 25.442731 -1.408644 3.610695 -0.267138 9.483343 -3.523114 -6.005396 6.418489 1.670453 0.780298 -6.419212 -1.669910 0.783436 0.037534 0.020787 5.105188 0.000009 -0.000002 0.000010 
-0.581298 68.520538 -2.141566 -0.131202 0.507609 -0.001741 0.003491 -0.000000 -0.000008 -0.626402 3.754171 -5.674952 -2.336479 3.001474 8.144602 -3.372471 1.724135 5.744900 -3.711525 -0.500403 15.192646 0.291502 2.518574 -2.979818 -7.177879 4.451869 -10.738469 -3.717017 -0.633555 11.636992 2.194682 0.017777 -6.776561 11.801085 -14.349121 1.509951 -0.904157 -0.185300 10.502418 0.000007 0.000014 8.384458 0.000000 0.000001 -0.000000 -1.308115 -0.246924 9.019958 -2.601380 -0.096102 4.231175 0.000000 0.000007 -0.000001 5.074167 -6.310163 9.094331 4.552553 0.886328 14.319030 -0.640643 -0.032044 -1.979230 -2.058092 21.037623 -19.299997 0.000047 0.002123 1.422496 0.000006 0.000017 5.151033 0.000028 -0.000027 0.039535 0.666202 0.005325 1.232749 2.089844 0.062002 3.398511 0.020775 -0.000037 0.033687 0.192495 2.523497 -15.327930 16.617266 13.699596 -15.847308 2.167575 30.609073 -5.551961 -0.480065 -14.459464 0.101823 12.560095 14.493088 -8.492457 14.333104 -6.875165 -18.609486 -11.581787 2.420885 4.074798 -8.455386 -18.432620 15.762504 6.071098 -3.449198 8.004249 -12.745386 -21.924332 -17.116717 -2.618040 -31.148180 2.726545 0.480061 14.459488 0.101758 -14.861993 -17.016933 -11.266664 -14.333217 6.875029 -18.609487 15.061513 -0.914538 5.461952 8.455381 18.432794 15.762400 -6.071095 3.449249 8.004212 5.585264 -10.298264 -50.236718 -3.721838 0.234825 19.210884 1.546506 -3.213733 17.848521 -7.530809 1.028641 26.905669 -1.641524 3.754408 0.448192 9.513669 -3.651453 -6.327733 6.855872 1.788539 0.826731 -6.858495 -1.787681 0.829920 0.036007 0.021067 3.810858 0.000010 -0.000002 0.000010 
-0.870205 68.530380 -2.195459 -0.119430 0.363966 -0.526561 0.003491 -0.000000 -0.000008 -0.622606 3.698516 -5.592366 -2.297379 2.963150 8.024676 -3.321170 1.702976 5.662675 -3.659289 -0.480218 14.973144 0.291010 2.532864 -2.759064 -7.172750 4.308873 -10.739830 -3.838521 -0.667667 12.024956 2.068568 0.023786 -6.386975 11.836588 -14.212261 2.078291 -0.907791 -0.168435 9.179861 0.000007 0.000013 8.476779 0.000000 0.000002 0.000001 -1.269921 -0.217692 7.863137 -2.787018 -0.110345 4.533491 -0.000001 0.000002 -0.000002 4.959413 -6.290577 9.298229 4.705792 0.937353 14.814849 -0.680686 -0.033314 -2.102882 -1.912949 21.132725 -19.615335 -0.000006 0.001414 1.266601 0.000005 0.000008 5.615104 0.000028 -0.000026 0.039536 0.590330 0.004176 1.098899 2.334522 0.077385 3.796742 0.020775 -0.000032 0.033687 0.193309 2.534149 -15.110960 15.906901 14.697660 -16.558182 1.949876 32.227250 -5.990616 -4.286728 -12.382517 -1.492542 10.802947 12.305361 -5.866088 12.271471 -4.524841 -16.331764 -8.276307 3.716663 2.436098 -10.021865 -16.821812 12.225131 3.255765 -1.093800 7.603100 -13.016972 -23.444950 -18.344374 -0.856171 -31.860182 2.785518 4.286723 12.382555 -1.492616 -12.339560 -14.067746 -7.735128 -12.271554 4.524702 -16.331766 10.676294 -2.760761 3.491857 10.021863 16.821976 12.225023 -3.255757 1.093867 7.603072 5.575030 -10.298165 -50.549458 -3.659344 0.277597 19.180517 1.393075 -3.259851 17.549604 -7.658885 0.978832 28.414699 -1.801143 3.793778 1.527046 9.366889 -3.794982 -6.659757 6.687467 1.743000 0.808941 -6.689279 -1.742276 0.812117 0.034399 0.021355 2.503789 0.000010 -0.000002 0.000008 
-1.128566 68.550903 -2.187549 -0.109074 0.249971 -1.085413 0.003491 0.000000 -0.000008 -0.610975 3.540662 -5.357594 -2.182580 2.851928 7.681909 -3.175410 1.642705 5.420331 -3.510882 -0.422197 14.343353 0.279440 2.487378 -2.521376 -7.062360 4.212124 -10.849401 -4.000632 -0.714563 12.543640 1.944547 0.028867 -6.003955 11.819129 -14.106627 2.661994 -0.911043 -0.151321 7.844380 0.000007 0.000014 8.570018 0.000000 0.000001 0.000001 -1.230758 -0.188957 6.694939 -2.974402 -0.125698 4.838739 -0.000001 0.000004 -0.000002 4.886585 -6.203036 9.454927 4.882508 0.998030 15.388247 -0.733127 -0.034834 -2.264754 -1.837528 21.205833 -19.895675 -0.000061 0.000706 1.109181 0.000007 0.000016 6.083711 0.000027 -0.000030 0.039535 0.513694 0.003180 0.963768 2.581483 0.094649 4.198808 0.020776 -0.000037 0.033687 0.190069 2.491736 -14.884710 15.340641 15.474745 -17.100244 1.373700 36.276572 -6.034985 -8.731002 -10.574590 -3.897971 9.232056 10.153654 -3.301082 7.058860 0.379599 -11.385990 -5.023592 4.878365 0.657816 -13.177317 -12.628011 4.902511 -2.966889 4.133929 6.931060 -13.235710 -24.636520 -19.302256 2.498252 -34.196005 2.624514 8.730966 10.574606 -3.898044 -10.082607 -11.146304 -4.378848 -7.058915 -0.379679 -11.385983 6.436211 -4.373202 1.360308 13.179377 12.630294 4.904632 2.966899 -4.133864 6.931042 5.438486 -10.077010 -50.847033 -3.536141 0.318053 18.742136 1.239996 -3.225327 16.961492 -7.593613 0.887185 29.997016 -1.901828 3.726506 3.002848 9.004848 -3.954012 -7.003185 6.517387 1.697065 0.790869 -6.518391 -1.696469 0.794008 0.032723 0.021654 1.183892 0.000010 -0.000002 0.000007 
-1.353626 68.579971 -2.126982 -0.098981 0.167135 -1.660313 0.003491 -0.000000 -0.000008 -0.591115 3.304185 -5.005929 -2.016532 2.681934 7.175735 -2.957688 1.553544 5.062659 -3.286976 -0.337669 13.403704 0.265205 2.394793 -2.274389 -6.864260 4.158969 -11.050489 -4.196932 -0.773485 13.173390 1.827300 0.032905 -5.641932 11.754293 -14.031298 3.244513 -0.913859 -0.134472 6.534801 0.000007 0.000016 8.661436 0.000000 0.000002 -0.000000 -1.191805 -0.161592 5.549426 -3.158068 -0.141727 5.138009 -0.000001 0.000002 -0.000001 4.851621 -6.058817 9.568528 5.071129 1.064987 16.002300 -0.796059 -0.036473 -2.459022 -1.821033 21.258342 -20.137366 -0.000118 0.000008 0.954791 0.000006 0.000010 6.543247 0.000028 -0.000029 0.039536 0.438567 0.002407 0.831257 2.823509 0.113261 4.592964 0.020775 -0.000035 0.033687 0.182985 2.398977 -14.655976 14.974500 15.968089 -17.439268 0.415498 40.774006 -5.877681 -12.831791 -9.150334 -6.042798 7.933984 8.170485 -1.065122 1.534725 4.714745 -6.109000 -2.172440 5.809907 -0.973130 -15.682324 -8.175694 -1.940798 -9.073639 9.301073 6.823898 -13.378396 -25.404827 -19.911233 6.302353 -36.830480 2.286072 12.831751 9.150329 -6.042889 -8.256678 -8.540547 -1.515358 -1.534755 -4.714790 -6.108989 2.767760 -5.624101 -0.633163 15.686769 8.179902 -1.936521 9.073654 -9.301014 6.823899 5.205090 -9.673844 -51.126384 -3.360812 0.351463 17.966686 1.094641 -3.127401 16.140024 -7.359904 0.772145 31.593081 -1.947612 3.578614 4.774508 8.462004 -4.097188 -7.350209 6.350615 1.652081 0.772996 -6.350853 -1.651619 0.776115 0.031020 0.021954 -0.110408 0.000010 -0.000002 0.000010 
-1.556003 68.617241 -2.019301 -0.091904 0.105692 -2.259112 0.003491 0.000000 -0.000008 -0.561264 2.999843 -4.551660 -1.802567 2.458924 6.517556 -2.677308 1.435777 4.598409 -2.994103 -0.243978 12.187666 0.245261 2.259561 -2.017773 -6.583818 4.143027 -11.339386 -4.429133 -0.846240 13.920797 1.715677 0.036057 -5.297347 11.650728 -13.977038 3.838307 -0.916291 -0.117397 5.212230 0.000009 0.000025 8.753783 0.000000 0.000003 0.000001 -1.151918 -0.134734 4.392545 -3.317673 -0.156432 5.398152 0.000001 0.000007 -0.000001 4.848056 -5.860640 9.649237 5.276936 1.140654 16.674768 -0.871305 -0.038148 -2.691289 -1.859263 21.295307 -20.345156 -0.000108 0.000008 0.815065 0.000007 0.000016 6.953167 0.000027 -0.000030 0.039535 0.373531 0.001185 0.714496 3.032587 0.130683 4.933566 0.020775 -0.000035 0.033686 0.172367 2.259937 -14.417911 14.841964 16.144761 -17.559826 -0.846494 44.023243 -6.039112 -15.829086 -8.208421 -7.088817 6.886953 6.396727 0.705343 -1.271215 6.537256 -3.727283 0.092079 6.504107 -2.235249 -16.691538 -5.906582 -4.857607 -11.900719 11.657225 6.863757 -13.429912 -25.677493 -20.127978 9.393480 -38.673064 1.456000 15.829033 8.208429 -7.088916 -6.887982 -6.395554 0.705665 1.271192 -6.537287 -3.727278 -0.092059 -6.504128 -2.235288 16.691492 5.906654 -4.857662 11.900718 -11.657172 6.863749 4.876397 -9.103533 -51.391026 -3.138830 0.373909 16.880213 0.949604 -2.965529 15.099422 -6.976926 0.641629 33.245437 -1.941472 3.350853 6.853498 7.749483 -4.195556 -7.702679 5.692551 1.476494 0.701506 -5.692838 -1.476003 0.704613 0.029260 0.022273 -1.417500 0.000010 -0.000002 0.000011 
-1.739011 68.661629 -1.870702 -0.079881 0.068579 -2.877529 0.003491 0.000000 -0.000008 -0.519949 2.642064 -4.017292 -1.562583 2.189379 5.748618 -2.348878 1.286493 4.055613 -2.645327 -0.149898 10.754549 0.223414 2.083868 -1.747912 -6.231041 4.160740 -11.708300 -4.696241 -0.934066 14.784103 1.612331 0.038379 -4.978343 11.511377 -13.944425 4.444525 -0.914707 -0.099546 3.898594 0.000007 0.000015 8.846860 0.000000 0.000001 0.000001 -1.111091 -0.108431 3.224305 -3.478779 -0.172030 5.660810 -0.000000 0.000002 -0.000002 4.871934 -5.614707 9.703089 5.497767 1.224915 17.399267 -0.958021 -0.039700 -2.958924 -1.945836 21.319298 -20.520574 -0.000118 0.000007 0.674156 0.000005 0.000009 7.366530 0.000028 -0.000026 0.039536 0.307886 0.000096 0.596588 3.243578 0.149519 5.277406 0.020774 -0.000035 0.033687 0.158943 2.084121 -14.173969 15.134349 15.861625 -17.670668 -2.388048 46.065518 -6.730258 -18.004777 -7.644580 -7.231412 5.933313 4.646277 2.210852 -1.032392 6.542555 -4.010634 2.028867 7.067601 -3.234477 -16.730764 -6.161098 -4.474357 -11.592915 11.396565 6.839467 -13.874524 -25.120987 -20.238564 11.399808 -40.101608 -0.041462 18.004712 7.644590 -7.231513 -5.781941 -4.478788 2.499626 1.032380 -6.542585 -4.010621 -2.408327 -7.160075 -3.511645 16.728393 6.159108 -4.476626 11.592935 -11.396516 6.839481 4.474675 -8.385391 -51.644870 -2.873540 0.387687 15.520714 0.814855 -2.749724 13.862350 -6.460103 0.502994 34.950122 -1.879368 3.062473 9.196108 6.903652 -4.223958 -8.056964 5.027854 1.300012 0.627252 -5.028104 -1.299485 0.630348 0.027410 0.022609 -2.737432 -0.000000 -0.000000 0.000001 
-1.901757 68.710449 -1.693780 -0.072792 0.046744 -3.502484 0.003491 -0.000000 -0.000008 -0.468343 2.260203 -3.444570 -1.310497 1.897793 4.923068 -2.003455 1.123572 3.471127 -2.270061 -0.065422 9.221685 0.197694 1.880825 -1.476401 -5.828253 4.204424 -12.134486 -4.985445 -1.034227 15.723278 1.521140 0.039949 -4.696888 11.346785 -13.920225 5.042141 -0.917714 -0.081904 2.627867 0.000007 0.000015 8.923279 0.000000 0.000002 0.000001 -1.070552 -0.083472 2.078717 -3.636681 -0.188041 5.918311 0.000000 0.000002 -0.000001 4.916754 -5.336542 9.736129 5.722232 1.313863 18.139067 -1.054474 -0.040953 -3.256606 -2.065918 21.329115 -20.666689 -0.000118 0.000009 0.554172 0.000008 0.000019 7.715358 0.000028 -0.000027 0.039536 0.243507 -0.000856 0.480971 3.450381 0.169239 5.614528 0.020774 -0.000032 0.033687 0.143423 1.880790 -13.931236 15.884546 15.108051 -17.950176 -4.328110 48.061596 -7.416877 -20.166747 -7.236914 -7.286360 4.988231 2.794088 3.730271 -0.270803 6.560687 -4.938461 3.987662 7.604343 -4.236419 -16.767578 -6.410909 -4.098521 -11.291483 11.140851 6.817053 -14.985688 -23.641286 -20.485387 13.022247 -42.046265 -1.747383 20.166702 7.236915 -7.286452 -4.761721 -2.527475 4.184476 0.270773 -6.560735 -4.938449 -4.586914 -7.732368 -4.681578 16.762952 6.406885 -4.102963 11.291486 -11.140811 6.817051 4.021431 -7.570605 -51.872633 -2.581198 0.387966 13.979268 0.688500 -2.491967 12.507211 -5.851710 0.372112 36.655269 -1.771125 2.735281 11.685707 5.987180 -4.150230 -8.395424 4.375899 1.127867 0.552483 -4.376290 -1.127289 0.555574 0.025565 0.022932 -4.031702 0.000000 0.000000 -0.000001 
-2.052998 68.763908 -1.490626 -0.063001 0.036932 -4.147506 0.003491 0.000000 -0.000007 -0.403740 1.860071 -2.841154 -1.057489 1.578138 4.056298 -1.638929 0.943469 2.860958 -1.874561 -0.000799 7.603142 0.168133 1.654915 -1.198746 -5.376193 4.271052 -12.620296 -5.304429 -1.150908 16.765008 1.441795 0.040950 -4.452009 11.160247 -13.909679 5.655098 -0.920447 -0.064210 1.366232 0.000007 0.000015 8.984092 0.000000 0.000003 -0.000000 -1.040383 -0.063043 0.946229 -3.763584 -0.201434 6.125310 0.000000 0.000002 -0.000002 4.978926 -5.025361 9.756524 5.956773 1.410403 18.915873 -1.162314 -0.041758 -3.589405 -2.211745 21.327440 -20.788048 -0.000118 0.000009 0.432985 0.000008 0.000018 8.067607 0.000027 -0.000027 0.039535 0.191676 -0.002002 0.385157 3.616601 0.185984 5.885574 0.020774 -0.000037 0.033686 0.126160 1.654577 -13.686155 16.959882 13.954311 -18.337612 -6.686588 49.995223 -7.981999 -22.316041 -6.952300 -7.290448 4.061967 0.853113 5.264240 0.498590 6.566556 -5.875611 5.970943 8.106942 -5.247831 -16.871513 -7.023852 -3.109198 -10.516628 10.485476 6.754897 -16.498467 -21.391615 -20.758403 14.460757 -44.381360 -3.465820 22.315978 6.952313 -7.290561 -3.813067 -0.547706 5.787860 -0.498626 -6.566604 -5.875601 -6.662000 -8.242017 -5.783636 16.867618 7.020075 -3.112472 10.516646 -10.485429 6.754913 3.523240 -6.659472 -52.086657 -2.261279 0.377630 12.266115 0.574541 -2.201514 11.028234 -5.153466 0.250374 38.395266 -1.618264 2.371673 14.354542 5.025491 -3.963345 -8.721119 3.717289 0.954858 0.474990 -3.717727 -0.954231 0.478078 0.026797 0.022708 -4.980944 0.000000 -0.000000 0.000002 
-2.196401 68.820854 -1.268066 -0.052827 0.036920 -4.802808 0.003491 -0.000000 -0.000008 -0.334205 1.456898 -2.231699 -0.811774 1.253502 3.180764 -1.280492 0.755340 2.243874 -1.470456 0.040843 5.968603 0.138530 1.408924 -0.914964 -4.884999 4.355080 -13.155655 -5.647427 -1.283781 17.892384 1.375903 0.041520 -4.248636 10.957453 -13.902721 6.273688 -0.920639 -0.049161 0.118110 0.000007 0.000015 9.045482 0.000000 0.000002 0.000002 -1.009570 -0.043010 -0.197112 -3.891360 -0.215385 6.333784 -0.000001 0.000006 -0.000002 5.055057 -4.688569 9.771825 6.198063 1.513634 19.719209 -1.281796 -0.041922 -3.958129 -2.383059 21.321006 -20.884241 -0.000118 0.000010 0.333898 0.000007 0.000011 8.349121 0.000028 -0.000026 0.039534 0.139511 -0.003048 0.288646 3.783945 0.203642 6.158543 0.020775 -0.000032 0.033687 0.107386 1.408504 -13.435201 18.212423 12.488500 -18.766904 -9.404902 51.790971 -8.315836 -24.389887 -6.766576 -7.269269 3.196078 -1.093296 6.768708 1.620168 6.562249 -7.361399 7.911666 8.557679 -6.247888 -16.965736 -7.644562 -2.109976 -9.736524 9.822912 6.701409 -18.141252 -18.572398 -20.945658 15.840247 -46.935329 -4.983467 24.389847 6.766584 -7.269386 -2.963193 1.395616 7.284713 -1.621183 -6.562251 -7.362271 -8.583114 -8.670801 -6.779134 16.962565 7.641059 -2.112065 9.736540 -9.822872 6.701419 2.989021 -5.676926 -52.289869 -1.924380 0.352861 10.421471 0.466262 -1.882203 9.452879 -4.391024 0.144215 40.172266 -1.426180 1.986227 17.154498 4.057442 -3.649008 -9.026382 3.052013 0.781021 0.394724 -3.052397 -0.780376 0.397795 0.028059 0.022480 -5.939450 0.000000 -0.000000 -0.000001 
-2.331232 68.878525 -1.039027 -0.042587 0.041654 -5.449399 0.003491 0.000000 -0.000008 -0.259004 1.079152 -1.658037 -0.586504 0.938107 2.359726 -0.943283 0.569483 1.662528 -1.087558 0.059878 4.432387 0.110220 1.157275 -0.633474 -4.382011 4.448498 -13.711700 -6.001876 -1.429329 19.065904 1.326137 0.041795 -4.095052 10.747730 -13.895846 6.880410 -0.920121 -0.029815 -1.077144 0.000008 0.000015 9.105697 0.000000 0.000002 0.000003 -0.986509 -0.025221 -1.290185 -3.985333 -0.225939 6.487148 0.000000 0.000002 -0.000002 5.137992 -4.343772 9.790068 6.434632 1.618757 20.511193 -1.407952 -0.041261 -4.347447 -2.559691 21.308677 -20.958068 -0.000118 0.000007 0.236712 0.000007 0.000010 8.625142 0.000027 -0.000027 0.039535 0.102194 -0.002356 0.215295 3.907757 0.217219 6.360568 0.020776 -0.000032 0.033685 0.088447 1.160226 -13.189082 19.466867 10.869232 -19.170027 -12.281540 53.341575 -8.374653 -26.274638 -6.667313 -7.238886 2.438933 -2.919918 8.156025 2.719248 6.529994 -8.818087 9.693813 8.936192 -7.171916 -17.047669 -8.254624 -1.129613 -8.973631 9.172559 6.657904 -19.648670 -15.526219 -20.982637 17.202911 -49.445245 -6.116303 26.274587 6.667318 -7.239008 -2.248263 3.180150 8.611831 -2.721228 -6.529941 -8.819843 -10.284197 -9.022630 -7.644089 17.045196 8.251390 -1.130560 8.973655 -9.172521 6.657922 2.448910 -4.681628 -52.473423 -1.584978 0.312194 8.550766 0.371894 -1.550034 7.868574 -3.610167 0.061760 41.924470 -1.205835 1.605854 19.961913 3.150113 -3.220669 -9.299233 2.399456 0.611563 0.314084 -2.399966 -0.610848 0.317149 0.029307 0.022256 -6.879353 -0.000000 0.000000 -0.000001 
-2.467397 68.936768 -0.807718 -0.034805 0.043945 -6.101332 0.003491 0.000000 -0.000007 -0.183002 0.732819 -1.127949 -0.390700 0.642794 1.603880 -0.639262 0.393493 1.128460 -0.737338 0.058190 3.012765 0.082855 0.903056 -0.345875 -3.863842 4.548129 -14.291078 -6.371076 -1.590062 20.298188 1.291044 0.041918 -3.986783 10.532373 -13.890963 7.499055 -0.922035 -0.012739 -2.251557 0.000007 0.000016 9.141948 0.000000 0.000001 0.000001 -0.962836 -0.007710 -2.394092 -4.080203 -0.236857 6.641999 0.000001 -0.000001 -0.000003 5.226358 -3.988510 9.820845 6.671370 1.727903 21.308295 -1.545661 -0.039552 -4.772447 -2.746608 21.293434 -21.008217 -0.000109 0.000007 0.166011 0.000007 0.000008 8.818053 0.000028 -0.000027 0.039536 0.064498 -0.001627 0.141227 4.032745 0.231384 6.564552 0.020776 -0.000037 0.033687 0.068789 0.902464 -12.937076 20.649771 9.179390 -19.521731 -15.222697 54.644310 -8.180451 -27.965853 -6.621186 -7.212312 1.791906 -4.598620 9.427241 3.828023 6.469251 -10.288079 11.309297 9.248950 -8.012195 -17.119804 -8.872101 -0.138868 -8.205059 8.515251 6.622958 -20.931159 -12.410855 -20.873698 18.610368 -51.825092 -6.832090 27.965801 6.621187 -7.212448 -1.651085 4.799913 9.774929 -3.830968 -6.469085 -10.290722 -11.765236 -9.304575 -8.383431 17.118005 8.869153 -0.138672 8.205076 -8.515220 6.622970 1.907972 -3.660800 -52.648034 -1.240598 0.260226 6.643400 0.290435 -1.214194 6.253463 -2.810550 0.003064 43.697430 -0.959907 1.228688 22.809958 2.309986 -2.680167 -9.551596 1.740215 0.441322 0.230662 -1.740750 -0.440572 0.233736 0.030568 0.022018 -7.828604 -0.000000 -0.000000 -0.000001 
-2.606949 68.994911 -0.577975 -0.024617 0.043524 -6.758521 0.003491 0.000000 -0.000008 -0.112410 0.437115 -0.668565 -0.226650 0.383768 0.947512 -0.376654 0.236339 0.668616 -0.435018 0.042245 1.786211 0.056730 0.649850 -0.062689 -3.343879 4.649218 -14.878191 -6.751339 -1.765610 21.578873 1.271122 0.041950 -3.925279 10.320855 -13.876777 8.120803 -0.923648 0.004234 -3.400460 0.000007 0.000015 9.178562 0.000000 0.000002 0.000002 -0.948009 0.007516 -3.470592 -4.140073 -0.243870 6.739742 -0.000001 0.000002 -0.000003 5.317193 -3.630816 9.875043 6.903921 1.839041 22.095952 -1.691603 -0.036642 -5.222921 -2.924518 21.276871 -21.044149 -0.000118 0.000014 0.094876 0.000008 0.000020 9.012167 0.000028 -0.000028 0.039536 0.039429 -0.002907 0.090184 4.110124 0.240358 6.690872 0.020774 -0.000033 0.033688 0.049752 0.652823 -12.686205 21.671147 7.569094 -19.799757 -18.004298 55.661011 -7.805316 -29.397588 -6.616635 -7.188774 1.268135 -6.050335 10.515852 4.941569 6.379696 -11.766201 12.686725 9.489123 -8.735982 -17.181744 -9.496821 0.862495 -7.430658 7.851097 6.596783 -21.924385 -9.507129 -20.664343 20.009087 -53.904348 -7.130694 29.401611 6.615711 -7.184863 -1.181637 6.180319 10.745558 -4.945495 -6.379368 -11.769723 -12.981637 -9.521311 -8.981260 17.180613 9.494182 0.863852 7.430670 -7.851055 6.596785 1.369726 -2.646435 -52.816343 -0.898786 0.199663 4.751477 0.211548 -0.876012 4.650722 -2.017774 -0.032088 45.484029 -0.704072 0.868794 25.654496 1.573780 -2.053918 -9.787862 1.074273 0.270333 0.144460 -1.074691 -0.269583 0.147484 0.034599 0.021299 -8.296373 -0.000000 0.000000 -0.000001 
-2.750220 69.049919 -0.364692 -0.017188 0.040754 -7.401733 0.003491 0.000000 -0.000007 -0.054408 0.206546 -0.315362 -0.102178 0.180878 0.447163 -0.175494 0.112879 0.314544 -0.204126 0.021580 0.840011 0.036251 0.415029 0.218249 -2.849686 4.743641 -15.438934 -7.123778 -1.947673 22.845294 1.266482 0.041960 -3.910983 10.123641 -13.859985 8.729396 -0.920207 0.019966 -4.488174 0.000007 0.000016 9.214466 0.000000 0.000001 0.000001 -0.933201 0.022148 -4.526159 -4.198766 -0.250859 6.835572 -0.000001 0.000006 -0.000002 5.404695 -3.288641 9.960872 7.121789 1.946745 22.838257 -1.842429 -0.032413 -5.688512 -3.088176 21.262802 -21.065265 -0.000118 0.000008 0.045221 0.000007 0.000010 9.133773 0.000027 -0.000030 0.039536 0.014824 -0.004138 0.040092 4.185980 0.249340 6.814720 0.020775 -0.000038 0.033688 0.031599 0.414731 -12.440229 22.445736 6.237307 -19.992517 -20.287791 56.372181 -7.387691 -30.474597 -6.636527 -7.171180 0.892215 -7.157986 11.347634 5.631906 6.314832 -12.761678 13.729996 9.657181 -9.285814 -17.231876 -10.110266 1.845651 -6.672740 7.199556 6.579912 -22.595727 -7.160507 -20.421258 21.223297 -55.504808 -7.129062 30.474542 6.636516 -7.171327 -0.851728 7.225507 11.467685 -5.635816 -6.314452 -12.765174 -13.882211 -9.671378 -9.410709 17.231358 10.107941 1.848141 6.672750 -7.199528 6.579895 0.872461 -1.693694 -52.976873 -0.576222 0.132717 2.974161 0.142673 -0.557770 3.133341 -1.278973 -0.045282 47.221578 -0.449432 0.542415 28.374575 0.936657 -1.376008 -9.998568 0.420984 0.103771 0.057994 -0.421568 -0.102943 0.061042 0.038570 0.020569 -8.755112 0.000000 0.000000 0.000000 
-2.905398 69.102127 -0.168880 -0.008135 0.025360 -8.039630 0.003491 -0.000000 -0.000008 -0.015556 0.061748 -0.082985 -0.026541 0.045742 0.115447 -0.043753 0.030802 0.080236 -0.049913 -0.004031 0.219656 0.013844 0.195400 0.491316 -2.380268 4.829591 -15.970089 -7.492117 -2.137906 24.110602 1.274679 0.041941 -3.936254 9.940657 -13.831767 9.343948 -0.921383 0.036128 -5.543468 0.000008 0.000015 9.228503 0.000000 0.000001 0.000002 -0.923969 0.038807 -5.555013 -4.227175 -0.251055 6.883931 0.000002 0.000014 -0.000001 5.488574 -2.959363 10.093009 7.327597 2.051742 23.543577 -1.999083 -0.026726 -6.172231 -3.235060 21.249977 -21.071070 -0.000119 0.000010 0.013344 0.000007 0.000010 9.207427 0.000028 -0.000028 0.039536 0.001753 -0.003477 0.011868 4.226105 0.254159 6.880231 0.020775 -0.000039 0.033687 0.014861 0.195193 -12.191872 22.950206 5.310600 -20.108610 -21.852342 56.795642 -7.060545 -31.170897 -6.659546 -7.163132 0.656306 -7.885822 11.894359 6.327763 6.237230 -13.765941 14.409387 9.760459 -9.640068 -17.266985 -10.446740 2.433698 -6.229992 6.821302 6.564874 -22.993304 -5.550673 -20.225954 22.099328 -56.560445 -7.001375 31.170835 6.659563 -7.163268 -0.637860 7.906433 11.931253 -6.331667 -6.236810 -13.769433 -14.450213 -9.764584 -9.678008 17.266976 10.446837 2.433602 6.230008 -6.821274 6.564879 0.406852 -0.801701 -53.146481 -0.273548 0.062835 1.311558 0.073359 -0.260646 1.690928 -0.593173 -0.031710 48.961518 -0.207768 0.249962 30.999807 0.415912 -0.677111 -10.207859 0.115689 0.024500 0.016434 -0.112259 -0.024394 0.019453 0.042604 0.019834 -9.218361 -0.000000 -0.000000 -0.000002 
