HIERARCHY
ROOT mixamorig:Hips
{
	OFFSET 0.000000 102.625267 -0.521241
	CHANNELS 6 Xposition Yposition Zposition Xrotation Yrotation Zrotation
	JOINT mixamorig:Spine
	{
		OFFSET 0.000000 5.645721 -0.031929
		CHANNELS 3 Xrotation Yrotation Zrotation
		JOINT mixamorig:Spine1
		{
			OFFSET 0.000000 6.586685 -0.037251
			CHANNELS 3 Xrotation Yrotation Zrotation
			JOINT mixamorig:Spine2
			{
				OFFSET 0.000000 7.527618 -0.042572
				CHANNELS 3 Xrotation Yrotation Zrotation
				JOINT mixamorig:Neck
				{
					OFFSET 0.000000 8.468590 -0.047894
					CHANNELS 3 Xrotation Yrotation Zrotation
					JOINT mixamorig:Head
					{
						OFFSET 0.000000 5.998901 -1.158958
						CHANNELS 3 Xrotation Yrotation Zrotation
						JOINT mixamorig:HeadTop_End
						{
							OFFSET 0.000000 21.748810 -4.201760
							CHANNELS 3 Xrotation Yrotation Zrotation
							End Site
							{
								OFFSET 0.000000 22.150970 0.000000
							}
						}
					}
				}
				JOINT mixamorig:LeftShoulder
				{
					OFFSET 3.414614 7.343132 -0.058928
					CHANNELS 3 Xrotation Yrotation Zrotation
					JOINT mixamorig:LeftArm
					{
						OFFSET 6.829548 -2.246910 -0.022071
						CHANNELS 3 Xrotation Yrotation Zrotation
						JOINT mixamorig:LeftForeArm
						{
							OFFSET 24.198503 -0.424179 0.257802
							CHANNELS 3 Xrotation Yrotation Zrotation
							JOINT mixamorig:LeftHand
							{
								OFFSET 21.584717 -0.002335 0.669575
								CHANNELS 3 Xrotation Yrotation Zrotation
								JOINT mixamorig:LeftHandThumb1
								{
									OFFSET 2.193897 -1.259628 1.956942
									CHANNELS 3 Xrotation Yrotation Zrotation
									JOINT mixamorig:LeftHandThumb2
									{
										OFFSET 1.755203 -1.007660 1.565605
										CHANNELS 3 Xrotation Yrotation Zrotation
										JOINT mixamorig:LeftHandThumb3
										{
											OFFSET 2.535126 -0.998764 1.490660
											CHANNELS 3 Xrotation Yrotation Zrotation
											JOINT mixamorig:LeftHandThumb4
											{
												OFFSET 2.398251 -0.721657 1.023775
												CHANNELS 3 Xrotation Yrotation Zrotation
												End Site
												{
													OFFSET 2.205696 -0.773872 1.362551
												}
											}
										}
									}
								}
								JOINT mixamorig:LeftHandIndex1
								{
									OFFSET 7.166248 -0.069405 2.369028
									CHANNELS 3 Xrotation Yrotation Zrotation
									JOINT mixamorig:LeftHandIndex2
									{
										OFFSET 2.989986 -0.015724 0.245918
										CHANNELS 3 Xrotation Yrotation Zrotation
										JOINT mixamorig:LeftHandIndex3
										{
											OFFSET 2.739197 -0.058952 0.219132
											CHANNELS 3 Xrotation Yrotation Zrotation
											JOINT mixamorig:LeftHandIndex4
											{
												OFFSET 2.326500 -0.032570 0.188458
												CHANNELS 3 Xrotation Yrotation Zrotation
												End Site
												{
													OFFSET 2.326485 -0.032578 0.188548
												}
											}
										}
									}
								}
								JOINT mixamorig:LeftHandMiddle1
								{
									OFFSET 7.394897 0.286369 0.654762
									CHANNELS 3 Xrotation Yrotation Zrotation
									JOINT mixamorig:LeftHandMiddle2
									{
										OFFSET 3.376106 0.152466 -0.003692
										CHANNELS 3 Xrotation Yrotation Zrotation
										JOINT mixamorig:LeftHandMiddle3
										{
											OFFSET 3.185104 -0.185410 -0.047914
											CHANNELS 3 Xrotation Yrotation Zrotation
											JOINT mixamorig:LeftHandMiddle4
											{
												OFFSET 2.742905 0.223846 0.010354
												CHANNELS 3 Xrotation Yrotation Zrotation
												End Site
												{
													OFFSET 2.742889 0.224251 0.006757
												}
											}
										}
									}
								}
								JOINT mixamorig:LeftHandRing1
								{
									OFFSET 7.508747 0.282753 -1.072900
									CHANNELS 3 Xrotation Yrotation Zrotation
									JOINT mixamorig:LeftHandRing2
									{
										OFFSET 2.821857 0.317802 -0.177266
										CHANNELS 3 Xrotation Yrotation Zrotation
										JOINT mixamorig:LeftHandRing3
										{
											OFFSET 2.672325 0.088310 -0.196165
											CHANNELS 3 Xrotation Yrotation Zrotation
											JOINT mixamorig:LeftHandRing4
											{
												OFFSET 2.272652 -0.053627 -0.183955
												CHANNELS 3 Xrotation Yrotation Zrotation
												End Site
												{
													OFFSET 2.272919 -0.054016 -0.180438
												}
											}
										}
									}
								}
								JOINT mixamorig:LeftHandPinky1
								{
									OFFSET 7.285820 0.522377 -2.660948
									CHANNELS 3 Xrotation Yrotation Zrotation
									JOINT mixamorig:LeftHandPinky2
									{
										OFFSET 2.466278 0.082008 -0.249570
										CHANNELS 3 Xrotation Yrotation Zrotation
										JOINT mixamorig:LeftHandPinky3
										{
											OFFSET 1.940475 0.021858 -0.202004
											CHANNELS 3 Xrotation Yrotation Zrotation
											JOINT mixamorig:LeftHandPinky4
											{
												OFFSET 1.645287 0.153595 -0.153405
												CHANNELS 3 Xrotation Yrotation Zrotation
												End Site
												{
													OFFSET 1.645088 0.153801 -0.155289
												}
											}
										}
									}
								}
							}
						}
					}
				}
				JOINT mixamorig:RightShoulder
				{
					OFFSET -3.414604 7.343132 -0.036860
					CHANNELS 3 Xrotation Yrotation Zrotation
					JOINT mixamorig:RightArm
					{
						OFFSET -6.829551 -2.246986 0.022068
						CHANNELS 3 Xrotation Yrotation Zrotation
						JOINT mixamorig:RightForeArm
						{
							OFFSET -24.198494 -0.424141 0.158696
							CHANNELS 3 Xrotation Yrotation Zrotation
							JOINT mixamorig:RightHand
							{
								OFFSET -21.584698 -0.002243 0.686977
								CHANNELS 3 Xrotation Yrotation Zrotation
								JOINT mixamorig:RightHandThumb1
								{
									OFFSET -2.242882 -1.296806 1.978855
									CHANNELS 3 Xrotation Yrotation Zrotation
									JOINT mixamorig:RightHandThumb2
									{
										OFFSET -1.794239 -1.037361 1.583064
										CHANNELS 3 Xrotation Yrotation Zrotation
										JOINT mixamorig:RightHandThumb3
										{
											OFFSET -2.504150 -0.962166 1.471556
											CHANNELS 3 Xrotation Yrotation Zrotation
											JOINT mixamorig:RightHandThumb4
											{
												OFFSET -2.346046 -0.743172 0.992235
												CHANNELS 3 Xrotation Yrotation Zrotation
												End Site
												{
													OFFSET -2.157112 -0.792709 1.326359
												}
											}
										}
									}
								}
								JOINT mixamorig:RightHandIndex1
								{
									OFFSET -7.174488 -0.001839 2.366265
									CHANNELS 3 Xrotation Yrotation Zrotation
									JOINT mixamorig:RightHandIndex2
									{
										OFFSET -2.935219 -0.016853 0.287245
										CHANNELS 3 Xrotation Yrotation Zrotation
										JOINT mixamorig:RightHandIndex3
										{
											OFFSET -2.786827 -0.129890 0.255971
											CHANNELS 3 Xrotation Yrotation Zrotation
											JOINT mixamorig:RightHandIndex4
											{
												OFFSET -2.343559 0.168816 0.256164
												CHANNELS 3 Xrotation Yrotation Zrotation
												End Site
												{
													OFFSET -2.344208 0.169510 0.249690
												}
											}
										}
									}
								}
								JOINT mixamorig:RightHandMiddle1
								{
									OFFSET -7.274693 0.327965 0.656181
									CHANNELS 3 Xrotation Yrotation Zrotation
									JOINT mixamorig:RightHandMiddle2
									{
										OFFSET -3.309677 0.091591 0.032863
										CHANNELS 3 Xrotation Yrotation Zrotation
										JOINT mixamorig:RightHandMiddle3
										{
											OFFSET -3.186844 -0.122513 0.000971
											CHANNELS 3 Xrotation Yrotation Zrotation
											JOINT mixamorig:RightHandMiddle4
											{
												OFFSET -2.671951 -0.322540 -0.031001
												CHANNELS 3 Xrotation Yrotation Zrotation
												End Site
												{
													OFFSET -2.671928 -0.323486 -0.021820
												}
											}
										}
									}
								}
								JOINT mixamorig:RightHandRing1
								{
									OFFSET -7.453640 0.430428 -1.170334
									CHANNELS 3 Xrotation Yrotation Zrotation
									JOINT mixamorig:RightHandRing2
									{
										OFFSET -2.808174 0.165817 -0.117934
										CHANNELS 3 Xrotation Yrotation Zrotation
										JOINT mixamorig:RightHandRing3
										{
											OFFSET -2.730080 0.127754 -0.119542
											CHANNELS 3 Xrotation Yrotation Zrotation
											JOINT mixamorig:RightHandRing4
											{
												OFFSET -2.349426 0.078133 -0.107466
												CHANNELS 3 Xrotation Yrotation Zrotation
												End Site
												{
													OFFSET -2.349503 0.077988 -0.106043
												}
											}
										}
									}
								}
								JOINT mixamorig:RightHandPinky1
								{
									OFFSET -7.364456 0.463486 -2.604800
									CHANNELS 3 Xrotation Yrotation Zrotation
									JOINT mixamorig:RightHandPinky2
									{
										OFFSET -2.430134 0.174614 -0.251330
										CHANNELS 3 Xrotation Yrotation Zrotation
										JOINT mixamorig:RightHandPinky3
										{
											OFFSET -1.953583 0.007492 -0.220999
											CHANNELS 3 Xrotation Yrotation Zrotation
											JOINT mixamorig:RightHandPinky4
											{
												OFFSET -1.582039 0.276558 -0.139972
												CHANNELS 3 Xrotation Yrotation Zrotation
												End Site
												{
													OFFSET -1.581284 0.277252 -0.147002
												}
											}
										}
									}
								}
							}
						}
					}
				}
			}
		}
	}
	JOINT mixamorig:LeftUpLeg
	{
		OFFSET 6.620181 -8.816864 -0.447179
		CHANNELS 3 Xrotation Yrotation Zrotation
		JOINT mixamorig:LeftLeg
		{
			OFFSET 2.748989 -36.076775 0.650871
			CHANNELS 3 Xrotation Yrotation Zrotation
			JOINT mixamorig:LeftFoot
			{
				OFFSET 1.089303 -46.239017 1.019056
				CHANNELS 3 Xrotation Yrotation Zrotation
				JOINT mixamorig:LeftToeBase
				{
					OFFSET -0.371088 -10.380511 12.650617
					CHANNELS 3 Xrotation Yrotation Zrotation
					JOINT mixamorig:LeftToe_End
					{
						OFFSET -0.094684 -0.116785 6.663326
						CHANNELS 3 Xrotation Yrotation Zrotation
						End Site
						{
							OFFSET -0.094684 -0.116785 6.663326
						}
					}
				}
			}
		}
	}
	JOINT mixamorig:RightUpLeg
	{
		OFFSET -6.620174 -8.816818 -0.447182
		CHANNELS 3 Xrotation Yrotation Zrotation
		JOINT mixamorig:RightLeg
		{
			OFFSET -2.748991 -36.076790 0.753614
			CHANNELS 3 Xrotation Yrotation Zrotation
			JOINT mixamorig:RightFoot
			{
				OFFSET -1.089311 -46.239029 0.372114
				CHANNELS 3 Xrotation Yrotation Zrotation
				JOINT mixamorig:RightToeBase
				{
					OFFSET 0.371103 -10.380659 13.284531
					CHANNELS 3 Xrotation Yrotation Zrotation
					JOINT mixamorig:RightToe_End
					{
						OFFSET 0.094689 -0.116865 6.675873
						CHANNELS 3 Xrotation Yrotation Zrotation
						End Site
						{
							OFFSET 0.094687 -0.116865 6.675871
						}
					}
				}
			}
		}
	}
}
MOTION
Frames: 402
Frame Time: 0.016667
3.916703 81.324890 -1.715219 -29.575631 -22.066458 -25.896213 14.044514 10.054503 -2.842867 1.361566 2.848199 0.144731 1.380794 2.822174 0.114122 3.479111 -1.932760 0.218967 8.764237 -20.296757 11.241919 0.000000 0.000001 -0.000000 -1.714894 9.899178 0.845906 26.083953 24.871924 -18.933880 -0.830715 -40.488088 -1.297937 8.419048 -11.143758 -15.026688 9.789247 7.412606 3.325707 4.939171 4.218598 -0.215165 -8.619323 -16.771178 8.243625 0.000001 0.000003 0.000000 0.379965 -3.141526 0.779928 3.942226 5.405586 -29.506199 4.167489 5.500686 -30.873818 0.000000 -0.000000 -0.000001 -0.363461 -3.440669 -14.969862 0.644505 4.456569 -19.724837 0.313390 2.955598 -17.153808 -0.000004 -0.000002 0.000001 0.121903 -0.653316 -23.832280 -0.887735 4.211853 -18.644835 -0.757955 3.501949 -15.787595 -0.000004 -0.000000 -0.000001 -0.020418 7.954710 -20.011486 -1.463205 5.392694 -23.826367 -1.628838 6.360927 -29.696416 -0.000002 -0.000001 -0.000001 0.821059 3.691079 -4.682204 29.891401 -12.328924 11.933989 -0.917637 43.207288 1.354494 24.957977 -0.413738 34.687488 8.235816 -4.949050 -3.294920 5.642750 -6.322889 -0.001879 -8.022596 10.835594 -11.409445 -0.000003 -0.000003 -0.000001 0.316190 2.607292 -2.000704 3.891777 -4.134681 28.222796 5.397099 -4.756224 37.371271 -0.000000 0.000003 -0.000001 -0.311105 3.638263 12.923804 0.867663 -3.761551 22.025275 0.081643 -0.898353 4.503548 0.000001 0.000001 0.000001 0.317567 0.522856 19.961231 -0.398615 -3.949778 22.652358 -0.437125 -3.209294 18.401126 -0.000001 -0.000002 -0.000000 -0.307655 -6.814588 21.765538 -1.737132 -3.972477 21.391770 -2.139674 -6.384317 34.803564 -0.000001 0.000001 -0.000001 -25.847234 4.337308 -10.736722 35.675707 -0.625974 -1.816903 27.559533 5.984488 22.934942 -18.993040 0.000042 0.000022 -0.000000 -0.000001 0.000000 -13.717518 -15.229778 -15.143803 86.798720 1.931951 3.892252 14.497903 2.492827 15.507540 -64.985678 0.158532 -1.482006 -0.000001 -0.000001 0.000001 
4.170386 81.789612 -2.162700 -28.970920 -25.088414 -25.810184 12.648624 9.810398 -2.522346 1.136371 2.743891 0.185290 1.155196 2.719446 0.156602 3.692761 -1.649265 0.136888 8.684653 -17.263972 10.308966 0.000000 0.000001 -0.000000 -1.769809 8.869686 1.466404 29.626857 21.323352 -18.526154 -1.035023 -46.662046 -1.437022 7.618334 -10.670101 -13.206431 5.951548 11.435303 -0.182812 3.382452 4.957126 1.622279 -9.174717 -16.504568 8.691954 0.000002 -0.000000 -0.000001 0.985794 -3.000697 -1.149402 3.955513 5.416209 -29.581549 4.074454 5.428726 -30.352179 0.000003 0.000001 0.000000 -0.359659 -3.026954 -16.284704 0.765981 4.793233 -21.455055 0.416185 3.352281 -19.126971 0.000001 0.000000 0.000000 0.085259 -0.545423 -25.546765 -0.904378 4.661908 -20.734475 -0.784202 3.854274 -17.437097 -0.000002 -0.000002 0.000002 -0.250914 7.709806 -22.640448 -1.481157 5.778271 -25.488574 -1.605681 6.937147 -32.156998 0.000005 0.000000 -0.000003 0.891971 4.475615 -4.684447 31.215686 -11.581880 12.526610 -1.105256 48.454479 1.487600 27.457847 -2.632612 33.967388 3.975724 -9.014916 0.860647 5.744949 -4.811144 -2.318940 -8.765963 9.487577 -11.879115 -0.000000 0.000001 0.000000 0.912655 2.606617 -0.710389 3.889125 -4.133015 28.207238 5.438360 -4.774320 37.598405 -0.000001 0.000002 -0.000000 -0.301978 3.368742 13.727305 0.935305 -3.907631 22.964633 0.126265 -1.199144 6.271512 -0.000000 0.000001 -0.000000 0.347748 0.347952 21.292725 -0.377887 -4.142886 23.759018 -0.430054 -3.412265 19.558004 0.000000 0.000000 0.000001 -0.561841 -6.430624 23.423884 -1.735395 -3.965113 21.354014 -2.138881 -6.735780 36.547926 0.000000 -0.000002 0.000001 -26.523207 4.310717 -10.024535 32.968671 -0.505075 -1.843375 28.627222 5.978044 22.296531 -18.500139 0.000020 0.000017 -0.000000 0.000006 0.000001 -16.507058 -14.237440 -15.994102 86.634966 1.211849 3.889926 15.539606 2.537709 15.287828 -64.525521 0.137684 -1.284209 -0.000000 -0.000000 -0.000000 
4.716940 82.675476 -2.883680 -28.180768 -27.922083 -25.954758 11.882999 9.315248 -1.646762 0.987585 2.545638 0.310776 1.006066 2.520064 0.284054 3.756728 -1.374874 0.021088 8.272594 -14.472648 9.124153 -0.000000 0.000002 0.000000 -1.675732 7.905168 1.537178 33.602813 17.594473 -17.852890 -1.245143 -51.824771 -1.594675 9.240079 -12.953876 -8.777423 1.680468 15.716815 -3.574412 1.671010 5.744140 3.590163 -9.754529 -16.280729 9.166545 0.000004 0.000005 -0.000003 1.610093 -2.867157 -3.270121 3.971902 5.429274 -29.674450 3.972963 5.348658 -29.779054 -0.000003 0.000000 -0.000000 -0.340002 -2.570105 -17.724928 0.909138 5.153730 -23.331730 0.542888 3.777429 -21.264882 0.000000 0.000001 -0.000001 0.038630 -0.431432 -27.398788 -0.903816 5.149957 -23.000561 -0.801167 4.237088 -19.226665 0.000000 -0.000000 0.000000 -0.489594 7.425203 -25.482797 -1.487904 6.204844 -27.327052 -1.553124 7.553361 -34.799520 -0.000005 -0.000001 -0.000001 0.962702 5.264600 -4.700251 32.507589 -10.792223 13.046873 -1.338861 53.758585 1.667984 30.015843 -4.937205 33.356875 -0.629631 -13.369843 4.736704 5.873725 -3.271472 -4.701958 -9.528239 8.115609 -12.390092 -0.000001 -0.000001 -0.000001 1.525548 2.583142 0.748446 3.899222 -4.139315 28.266540 5.496555 -4.799538 37.918400 0.000001 -0.000001 -0.000000 -0.285388 3.063110 14.650846 1.012174 -4.066296 23.993589 0.185707 -1.526546 8.206932 0.000001 0.000000 -0.000003 0.384530 0.156140 22.745525 -0.351280 -4.351274 24.956550 -0.417520 -3.635595 20.832391 0.000000 0.000001 0.000000 -0.841462 -5.977063 25.195004 -1.735445 -3.965431 21.355671 -2.126439 -7.104516 38.380622 -0.000001 -0.000001 -0.000003 -25.425866 3.989659 -9.126584 26.998696 -1.300194 -1.574368 31.163121 6.318734 21.316151 -18.058896 -0.000001 0.000011 -0.000001 0.000000 0.000000 -19.137587 -13.884269 -16.315010 85.551507 0.189760 3.851280 17.233020 2.557346 14.926239 -63.953083 0.117897 -1.108349 -0.000001 0.000000 0.000000 
5.386941 83.741875 -3.697592 -27.337062 -30.705658 -26.268790 11.483435 8.785565 -0.583804 0.907522 2.332679 0.463282 0.925577 2.304372 0.438816 3.785127 -1.102593 -0.085313 7.820119 -11.689730 7.958725 -0.000000 0.000003 -0.000000 -1.567403 6.770847 1.608559 35.203051 16.023175 -18.311244 -1.597471 -58.440103 -1.882128 15.489868 -6.109769 -20.420150 -3.017297 20.164477 -6.749917 -0.151800 6.525569 5.676589 -10.351912 -16.093065 9.661289 -0.000000 0.000002 0.000004 2.236595 -2.753838 -5.537191 3.989117 5.442978 -29.771965 3.864066 5.260885 -29.159037 -0.000000 -0.000000 -0.000003 -0.300931 -2.080644 -19.255688 1.072874 5.528428 -25.311841 0.694037 4.221295 -23.526576 0.000002 -0.000001 0.000003 -0.018359 -0.312302 -29.349306 -0.882192 5.664475 -25.393499 -0.806048 4.641687 -21.117413 0.000000 0.000000 -0.000001 -0.731717 7.107286 -28.481071 -1.479917 6.660350 -29.291840 -1.467189 8.195919 -37.573960 0.000003 -0.000001 -0.000003 1.034898 6.044110 -4.693546 33.832833 -10.028412 13.626922 -1.631993 58.940380 1.910648 32.262033 -7.250704 32.678149 -5.583493 -17.895384 8.253928 6.013441 -1.739362 -7.128431 -10.302698 6.741255 -12.939394 0.000000 0.000002 0.000001 2.134941 2.559670 2.296390 3.910316 -4.146273 28.331831 5.557629 -4.825535 38.253253 -0.000000 0.000000 0.000000 -0.258726 2.736937 15.621186 1.093316 -4.226369 25.041531 0.259356 -1.865285 10.223722 0.000001 -0.000000 -0.000001 0.425194 -0.038513 24.242080 -0.319682 -4.562756 26.175903 -0.399340 -3.866004 22.149590 0.000000 0.000002 -0.000000 -1.130005 -5.473141 27.008373 -1.735303 -3.964750 21.352199 -2.101796 -7.476416 40.233506 -0.000002 -0.000001 0.000002 -26.285906 3.969151 -8.117672 26.654279 -2.057038 -1.637769 31.532617 6.364645 20.306678 -18.097898 0.000036 0.000013 -0.000000 0.000002 0.000000 -21.556236 -13.965242 -16.298078 83.952246 -0.961482 3.792188 19.146458 2.559928 14.383685 -63.275460 0.100733 -0.966625 -0.000000 -0.000000 -0.000000 
6.276287 85.010811 -4.780517 -26.517446 -33.425662 -26.689067 11.527204 8.405688 0.397472 0.955158 2.169620 0.611972 0.972849 2.136380 0.590660 3.854534 -0.827568 -0.129917 7.435542 -8.720078 7.050682 -0.000001 0.000001 -0.000000 -1.413347 5.991160 1.515959 37.646172 13.391659 -19.101544 -1.891459 -62.553953 -2.136828 18.150604 -5.916849 -18.918526 -8.139822 24.669639 -9.631642 -2.041000 7.253722 7.862745 -10.960087 -15.935806 10.173794 -0.000001 -0.000003 0.000001 2.849769 -2.670027 -7.904849 4.004967 5.455492 -29.861362 3.748731 5.165754 -28.496553 0.000000 0.000001 -0.000001 -0.240166 -1.569657 -20.842356 1.255008 5.907940 -27.352305 0.869044 4.674240 -25.871044 -0.000000 0.000000 -0.000000 -0.085452 -0.188863 -31.359164 -0.837274 6.193619 -27.863656 -0.797029 5.059300 -23.070431 -0.000001 -0.000001 0.000002 -0.972128 6.762786 -31.577850 -1.454970 7.132484 -31.333045 -1.346088 8.850977 -40.430229 -0.000000 -0.000000 -0.000001 1.108384 6.793906 -4.615382 35.253038 -9.353851 14.477459 -1.991886 63.709293 2.225229 33.666501 -9.503102 31.593819 -10.894541 -22.459605 11.356784 6.148434 -0.246892 -9.573289 -11.083082 5.386703 -13.525856 0.000002 -0.000002 -0.000002 2.722087 2.553956 3.853041 3.910702 -4.146516 28.334186 5.607304 -4.846378 38.524968 0.000000 0.000001 -0.000001 -0.221249 2.406156 16.565174 1.173199 -4.377123 26.037849 0.344679 -2.200301 12.235812 0.000003 0.000002 -0.000001 0.466151 -0.222551 25.704761 -0.285086 -4.765302 27.348023 -0.376479 -4.090263 23.434768 0.000002 0.000001 -0.000000 -1.409204 -4.936634 28.793219 -1.732833 -3.954408 21.299125 -2.066146 -7.837376 42.038254 -0.000001 -0.000001 0.000001 -26.379266 3.817751 -7.204261 25.486371 -2.478277 -1.691514 32.328108 6.496488 18.750176 -17.810888 0.000005 0.000021 -0.000001 0.000005 0.000001 -23.819597 -14.454902 -15.969083 81.797997 -2.377661 3.712998 21.421481 2.582055 13.533806 -62.518156 0.087449 -0.866159 -0.000000 0.000001 0.000000 
7.154696 86.290810 -5.920524 -25.316091 -36.324647 -26.728248 10.845421 8.198959 1.210669 1.134109 2.072087 0.686049 1.151659 2.033239 0.668234 3.923959 -0.547807 -0.103285 6.863633 -5.516128 6.514724 0.000000 -0.000002 0.000000 -1.222789 5.286293 1.234123 40.038022 10.805480 -20.051424 -2.227597 -66.183440 -2.438888 18.518839 -6.793990 -14.575241 -13.681387 29.114644 -12.165579 -3.950230 7.888857 10.122718 -11.572373 -15.800212 10.694715 -0.000001 0.000001 -0.000001 3.435223 -2.621431 -10.326732 4.017057 5.465055 -29.929718 3.627969 5.063697 -27.796102 0.000001 -0.000002 0.000001 -0.157060 -1.048679 -22.450429 1.452167 6.283359 -29.409972 1.065962 5.126943 -28.257116 0.000002 -0.000003 0.000004 -0.161770 -0.062135 -33.389165 -0.768598 6.725557 -30.361448 -0.773375 5.481057 -25.046712 0.000001 0.000001 -0.000001 -1.205104 6.398266 -34.715707 -1.412451 7.608942 -33.400530 -1.190343 9.504799 -43.317913 -0.000001 -0.000002 -0.000001 1.181294 7.510184 -4.444116 36.860434 -8.822058 15.612364 -2.448647 68.087752 2.641110 33.945323 -11.652583 30.035757 -16.566465 -26.926552 14.014022 6.263533 1.177618 -12.008953 -11.861604 4.071271 -14.139766 0.000000 -0.000002 -0.000002 3.269719 2.578940 5.337068 3.888707 -4.132725 28.204583 5.631216 -4.856302 38.655466 -0.000000 -0.000001 0.000002 -0.174022 2.086903 17.409771 1.245402 -4.508170 26.912024 0.437019 -2.517005 14.156876 0.000003 0.000003 0.000001 0.502789 -0.382998 27.055812 -0.250333 -4.947028 28.403751 -0.351107 -4.295314 24.613027 0.000002 -0.000003 0.000001 -1.659162 -4.383451 30.478439 -1.725949 -3.925724 21.151913 -2.022433 -8.173442 43.726263 -0.000001 -0.000003 -0.000002 -26.925545 3.783346 -6.609507 24.994107 -1.994541 -1.769437 32.500291 6.768563 17.603493 -17.405373 0.000017 0.000020 0.000001 0.000003 0.000000 -26.354794 -15.082273 -15.599187 79.511038 -3.900348 3.631453 23.634345 2.598835 12.441978 -61.699462 0.077931 -0.804826 -0.000000 -0.000001 -0.000000 
8.002919 87.575935 -7.061070 -23.852453 -39.302978 -26.601183 9.801679 8.095355 2.006580 1.376684 2.007917 0.729945 1.394242 1.962936 0.715832 3.999959 -0.266745 -0.046297 6.242270 -2.208353 6.154018 -0.000000 0.000001 -0.000000 -0.994089 4.504443 0.679118 41.659841 9.255437 -21.539710 -2.836007 -70.859886 -3.004021 16.303460 -6.773274 -15.372799 -19.621554 33.381887 -14.324481 -5.832516 8.399988 12.423837 -12.182110 -15.678250 11.218454 0.000000 0.000002 -0.000002 3.980291 -2.610102 -12.756036 4.023171 5.469881 -29.964166 3.502730 4.955143 -27.062179 0.000001 0.000001 0.000001 -0.052642 -0.529400 -24.045466 1.659847 6.646427 -31.441516 1.281501 5.570503 -30.643381 -0.000000 0.000001 0.000002 -0.245827 0.066598 -35.400146 -0.677592 7.248618 -32.837012 -0.735502 5.898035 -27.007268 0.000001 0.000001 0.000000 -1.424407 6.019891 -37.837428 -1.353442 8.077433 -35.443962 -1.002935 10.144089 -46.186166 0.000001 -0.000001 -0.000001 1.251396 8.156010 -4.063175 38.949550 -8.638691 17.374497 -2.981817 71.708879 3.140946 31.738496 -13.472522 27.448225 -22.585045 -31.165941 16.220707 6.344081 2.509422 -14.405569 -12.630441 2.814563 -14.773108 0.000002 0.000001 -0.000001 3.762764 2.643153 6.666429 3.832712 -4.097362 27.874168 5.614964 -4.849565 38.566711 -0.000002 0.000002 0.000001 -0.120170 1.795126 18.081983 1.303061 -4.609497 27.593430 0.529995 -2.801512 15.900411 0.000001 0.000003 -0.000002 0.529842 -0.507202 28.217446 -0.219225 -5.096257 29.273832 -0.326349 -4.468230 25.609366 0.000002 -0.000001 -0.000000 -1.858818 -3.827583 31.992428 -1.712314 -3.870068 20.866096 -1.975174 -8.471106 45.228563 0.000002 -0.000001 0.000002 -28.794886 3.890848 -5.843107 26.955265 -0.905887 -1.985188 30.743201 6.662699 16.146431 -16.953052 0.000022 0.000015 0.000001 -0.000000 0.000000 -28.837854 -16.030876 -15.071924 76.999687 -5.415677 3.545562 25.703334 2.560623 11.066134 -60.790985 0.070577 -0.768625 0.000000 -0.000000 -0.000000 
8.922995 88.836411 -8.313014 -22.253825 -42.118290 -26.160618 8.911150 7.860293 2.545701 1.598548 1.923526 0.746258 1.615884 1.873919 0.735551 4.029985 0.020217 0.027035 5.453083 1.126971 5.887374 -0.000000 -0.000001 -0.000000 -0.738829 3.605893 -0.128478 42.880375 8.091885 -23.152661 -3.819373 -75.534632 -3.944725 14.206463 -6.280180 -16.924124 -25.912937 37.363184 -16.111923 -7.641241 8.765614 14.728031 -12.782720 -15.561324 11.739690 0.000000 0.000003 -0.000000 4.474603 -2.634949 -15.145571 4.021002 5.468162 -29.951909 3.374009 4.840556 -26.299254 -0.000002 -0.000001 -0.000002 0.070279 -0.023273 -25.592855 1.872510 6.989425 -33.403604 1.511008 5.996674 -32.988277 0.000001 -0.000000 0.000000 -0.335588 0.195325 -37.352966 -0.567576 7.751449 -35.240255 -0.684976 6.301521 -28.912901 0.000001 0.000000 -0.000001 -1.623457 5.632885 -40.885700 -1.280696 8.525953 -37.412822 -0.789292 10.756214 -48.983405 -0.000001 -0.000002 -0.000000 1.312235 8.745361 -3.531020 41.235877 -8.528842 19.735731 -3.569925 74.557150 3.703036 27.697319 -14.742519 23.938042 -28.905982 -35.063025 18.001121 6.376314 3.727140 -16.731368 -13.381126 1.635539 -15.416340 0.000000 -0.000001 0.000001 4.188818 2.751539 7.758560 3.731543 -4.032291 27.274096 5.544421 -4.819919 38.180686 0.000002 0.000001 0.000000 -0.064124 1.546387 18.508652 1.339045 -4.671339 28.011576 0.615604 -3.040470 17.379763 -0.000001 -0.000001 -0.000001 0.541613 -0.582617 29.111800 -0.195841 -5.201422 29.888962 -0.306028 -4.596188 26.348672 0.000001 -0.000002 0.000001 -1.986756 -3.281464 33.262874 -1.689405 -3.778897 20.397122 -1.929968 -8.717075 46.476012 0.000002 -0.000002 -0.000001 -30.760734 4.107906 -5.214058 29.483714 0.327523 -2.272986 28.134306 6.543898 14.765749 -16.368557 0.000008 0.000010 0.000000 -0.000001 -0.000000 -31.182358 -17.163627 -14.525195 74.329431 -7.006333 3.459710 27.611482 2.426192 9.518047 -59.747476 0.064301 -0.747015 -0.000001 -0.000001 0.000000 
10.019696 90.046616 -9.784461 -20.651319 -44.529965 -25.260324 8.691927 7.259155 2.584401 1.715410 1.765382 0.737594 1.731855 1.714708 0.729505 3.961742 0.317566 0.102725 4.392806 4.415494 5.635256 0.000000 0.000002 -0.000000 -0.455046 2.400049 -1.328859 43.788404 7.126324 -24.413552 -5.272123 -79.402445 -5.362417 16.207964 -5.056085 -16.986493 -32.470559 40.969397 -17.565911 -9.331581 8.973685 16.993490 -13.367763 -15.440406 12.253289 0.000001 0.000001 -0.000000 4.910446 -2.692184 -17.448108 4.008282 5.458126 -29.880087 3.242711 4.720425 -25.511762 0.000001 -0.000002 -0.000004 0.207349 0.458732 -27.057921 2.083460 7.305438 -35.252553 1.748637 6.397930 -35.249944 0.000001 0.000001 0.000003 -0.428515 0.321384 -39.208660 -0.443715 8.223191 -37.520654 -0.624474 6.682919 -30.724250 -0.000000 0.000000 -0.000000 -1.795504 5.241327 -43.803543 -1.198533 8.942803 -39.256102 -0.557076 11.329540 -51.657503 -0.000002 -0.000002 0.000001 1.357867 9.281383 -2.941974 42.928955 -7.960108 22.840632 -3.974262 76.059621 4.093752 23.066150 -15.233649 19.223033 -35.445154 -38.527605 19.410993 6.347483 4.812276 -18.953456 -14.104606 0.552302 -16.058442 -0.000001 -0.000004 -0.000002 4.538793 2.906841 8.530656 3.574679 -3.928392 26.335720 5.405857 -4.760077 37.419564 -0.000001 0.000004 -0.000001 -0.011261 1.355445 18.616536 1.346377 -4.683772 28.095944 0.685025 -3.221121 18.508062 0.000004 -0.000004 -0.000000 0.532596 -0.596340 29.661135 -0.184393 -5.251062 30.179785 -0.294130 -4.666530 26.755833 -0.000002 0.000003 0.000002 -2.022316 -2.757156 34.216673 -1.653980 -3.643863 19.700513 -1.892976 -8.898330 47.399296 0.000002 -0.000001 -0.000000 -32.140989 4.434838 -4.949592 31.541967 1.613518 -2.596159 25.490374 6.501554 13.456207 -15.554917 0.000017 0.000012 -0.000000 0.000001 0.000000 -33.356428 -18.273524 -14.132501 71.551368 -8.695779 3.377114 29.453886 2.154201 7.917107 -58.629674 0.059461 -0.747616 -0.000001 -0.000000 0.000000 
11.417586 91.280960 -11.642607 -19.119064 -46.262326 -23.564288 9.615257 6.020800 1.683030 1.659008 1.484207 0.679345 1.673243 1.439057 0.672392 3.711415 0.633250 0.205180 2.729319 7.678643 5.429279 0.000000 0.000001 0.000000 -0.223191 1.453100 -2.377357 43.445645 5.012902 -25.963946 -6.695649 -81.610365 -6.766026 19.800879 -4.823789 -14.692777 -39.166630 44.138100 -18.758498 -10.861949 9.020703 19.176776 -13.930902 -15.305966 12.754430 0.000002 0.000001 -0.000000 5.283057 -2.775920 -19.616293 3.982743 5.437894 -29.735799 3.109738 4.595330 -24.704227 -0.000001 0.000002 0.000001 0.352842 0.906424 -28.405676 2.285306 7.588221 -36.944678 1.987370 6.767546 -37.386164 -0.000001 -0.000003 -0.000000 -0.521913 0.441198 -40.928321 -0.312529 8.653679 -39.627354 -0.557667 7.033935 -32.401748 -0.000001 0.000001 -0.000000 -1.934078 4.847827 -46.533754 -1.112645 9.316702 -40.922508 -0.315975 11.853485 -54.155532 0.000001 -0.000001 -0.000001 1.383001 9.709361 -2.266984 43.099006 -6.549251 27.403708 -3.600605 74.682197 3.732591 18.026003 -14.256650 12.010969 -42.076612 -41.500752 20.534735 6.246024 5.748614 -21.038299 -14.791179 -0.417808 -16.687105 -0.000003 -0.000001 0.000001 4.807309 3.110860 8.899838 3.352780 -3.774948 24.990609 5.186540 -4.660849 36.205648 0.000001 0.000000 0.000002 0.033089 1.236466 18.332260 1.318737 -4.636555 27.776165 0.729252 -3.330946 19.198448 -0.000002 0.000004 -0.000001 0.498116 -0.534887 29.787756 -0.188455 -5.233539 30.077097 -0.294135 -4.666515 26.755697 0.000001 -0.000002 0.000000 -1.946782 -2.267644 34.779883 -1.602009 -3.456799 18.731773 -1.870443 -9.001978 47.929005 -0.000000 0.000000 0.000002 -32.312525 4.900224 -5.378175 32.171765 3.446246 -2.987091 23.115034 6.528412 12.031792 -13.971189 -0.000006 0.000004 -0.000000 -0.000003 -0.000001 -35.070689 -18.769063 -13.337121 68.900203 -8.412345 3.106847 28.344295 1.716529 5.899371 -54.522829 0.055877 -1.187199 0.000001 -0.000001 -0.000000 
12.970676 92.476425 -13.736492 -17.489213 -47.483660 -21.258633 11.114029 4.394465 0.241649 1.498630 1.128449 0.586694 1.509739 1.092634 0.580054 3.352883 0.960786 0.317012 0.722541 10.905205 5.276357 -0.000000 0.000000 -0.000000 0.050391 -0.293382 -4.289236 41.251552 3.068421 -28.241661 -6.695627 -81.610304 -6.766006 22.903275 -4.279652 -14.555094 -45.834664 46.837756 -19.788583 -12.195202 8.910435 21.234730 -14.465943 -15.148064 13.238457 0.000000 0.000003 -0.000001 5.590663 -2.879058 -21.602888 3.942235 5.405596 -29.506294 2.976029 4.465830 -23.881067 0.000001 0.000000 -0.000002 0.499954 1.310543 -29.600896 2.470015 7.832169 -38.435920 2.219316 7.099600 -39.354549 0.000001 -0.000002 -0.000000 -0.612865 0.550312 -42.473149 -0.182003 9.033326 -41.508989 -0.489011 7.346572 -33.905708 -0.000000 -0.000002 0.000000 -2.033295 4.453702 -49.019322 -1.029700 9.636833 -42.360495 -0.077230 12.318686 -56.423940 0.000001 -0.000002 0.000002 1.391989 10.110314 -1.601266 42.501026 -4.919773 32.388801 -3.104378 72.383353 3.257313 13.281591 -12.130980 4.326712 -48.662427 -44.057510 21.650158 6.120922 6.627654 -23.073132 -15.466789 -1.339108 -17.323086 0.000003 -0.000001 0.000001 4.976061 3.423999 8.526427 3.017959 -3.528280 22.918387 4.836719 -4.490741 34.244912 0.000001 0.000004 0.000001 0.058991 1.247165 17.336347 1.231279 -4.482858 26.742750 0.726107 -3.323265 19.150037 -0.000001 -0.000001 0.000002 0.428338 -0.355119 29.200435 -0.219207 -5.096293 29.274041 -0.314547 -4.543820 26.045919 0.000001 -0.000001 -0.000001 -1.682326 -1.862741 34.672250 -1.511902 -3.158105 17.175125 -1.875091 -8.980931 47.821354 0.000003 -0.000005 0.000001 -33.143793 5.402904 -5.762618 35.504918 5.055448 -3.459668 19.572616 6.301533 10.243592 -12.517014 0.000001 0.000003 0.000000 0.000004 0.000001 -35.964655 -18.387861 -11.588212 66.366209 -5.547179 2.539523 23.271346 1.571457 3.626152 -48.179731 0.002644 -0.226765 0.000000 -0.000000 -0.000000 
14.474463 93.404129 -15.728690 -15.567002 -48.617662 -18.952288 12.240001 2.924045 -0.785732 1.357607 0.790956 0.521883 1.365802 0.762090 0.516285 3.071931 1.283392 0.361472 -0.809911 13.983169 5.044505 0.000000 -0.000001 -0.000000 0.225471 -1.866658 -5.721390 38.547761 0.030982 -30.085501 -5.869972 -80.456637 -5.950770 24.784055 -3.885433 -12.669698 -52.284685 49.066604 -20.765623 -13.299492 8.651923 23.126336 -14.966920 -14.956366 13.700931 0.000003 -0.000002 -0.000002 5.834336 -2.993936 -23.360809 3.884668 5.359190 -29.178715 2.842323 4.332543 -23.046713 -0.000001 0.000000 0.000001 0.641340 1.662788 -30.608103 2.629161 8.032121 -39.682282 2.435912 7.388925 -41.112322 0.000001 -0.000001 0.000001 -0.698577 0.643398 -43.804592 -0.060783 9.353177 -43.113899 -0.423549 7.613080 -35.196153 -0.000001 -0.000002 0.000000 -2.088126 4.058962 -51.203241 -0.957072 9.892722 -43.518263 0.146751 12.716818 -58.408431 -0.000002 -0.000001 -0.000002 1.386029 10.478933 -0.934371 41.181861 -3.229005 37.577959 -2.611866 69.333626 2.792833 9.440870 -9.048785 -3.076644 -55.012324 -46.270072 22.956457 5.991718 7.484546 -25.092203 -16.141726 -2.236552 -17.975233 -0.000001 0.000001 0.000005 5.073171 3.851359 7.387374 2.579800 -3.175759 20.118437 4.365115 -4.237172 31.547349 -0.000001 0.000000 0.000003 0.066899 1.389159 15.616837 1.089576 -4.219090 24.993713 0.675480 -3.196930 18.356454 -0.000000 0.000000 0.000000 0.330911 -0.056326 27.899156 -0.271688 -4.837476 27.766758 -0.350904 -4.296856 24.621918 -0.000001 0.000000 0.000001 -1.235789 -1.566314 33.886553 -1.373178 -2.746965 15.010048 -1.905876 -8.836743 47.085268 0.000001 0.000001 0.000001 -34.483340 5.903234 -5.923886 39.725702 6.709304 -3.953227 15.848387 5.994206 8.358581 -11.389273 -0.002741 0.399853 -0.000001 0.000001 0.000001 -36.065847 -17.545649 -8.990552 63.604586 -1.888840 1.792592 16.859625 2.001636 0.940487 -41.532615 -0.000029 0.000087 -0.000001 -0.000002 0.000000 
15.820339 93.977280 -17.448940 -13.330974 -49.906410 -16.871663 12.689587 1.893869 -1.059779 1.286511 0.526103 0.498618 1.292755 0.499093 0.495367 2.969402 1.593561 0.289110 -1.386504 16.863913 4.592863 0.000001 -0.000001 0.000000 0.357914 -3.543829 -7.401889 35.350303 -3.147494 -32.215567 -4.758432 -78.292874 -4.858800 27.891815 -3.466959 -11.129023 -58.328087 50.846554 -21.786154 -14.148284 8.257233 24.814139 -15.428033 -14.720277 14.137475 0.000003 0.000002 -0.000004 6.017576 -3.113003 -24.843065 3.807985 5.296577 -28.740350 2.709495 4.196166 -22.205589 -0.000002 -0.000002 -0.000002 0.769278 1.955851 -31.391587 2.754324 8.183217 -40.639427 2.628198 7.630892 -42.616658 0.000002 -0.000001 -0.000000 -0.776424 0.714503 -44.884206 0.042006 9.604761 -44.390065 -0.366573 7.825979 -36.233095 -0.000000 -0.000002 0.000001 -2.094789 3.663001 -53.028523 -0.902092 10.074111 -44.343880 0.343025 13.040477 -60.054568 0.000001 -0.000002 -0.000005 1.366294 10.810073 -0.255882 39.255645 -1.608257 42.764784 -2.180777 65.704139 2.395418 6.924773 -5.390323 -9.530849 -60.918785 -48.106190 24.419408 5.806045 8.226496 -26.980345 -16.781102 -3.036293 -18.608528 -0.000000 -0.000000 0.000003 5.152637 4.317193 5.876609 2.112532 -2.758123 17.001546 3.845497 -3.923112 28.491063 -0.000001 -0.000001 0.000000 0.068286 1.593660 13.561960 0.932040 -3.900662 22.919653 0.603246 -3.007173 17.172774 -0.000000 -0.000001 -0.000001 0.226943 0.310558 26.243001 -0.326117 -4.521941 25.940295 -0.387401 -3.989226 22.855345 0.000000 -0.000001 0.000002 -0.715680 -1.351314 32.761279 -1.203272 -2.302353 12.634816 -1.946708 -8.629402 46.030656 -0.000001 0.000001 -0.000004 -36.657786 6.381158 -5.652694 45.301609 8.482269 -4.465539 12.004497 5.602815 6.489847 -10.984373 -0.043687 1.591786 -0.000000 0.000001 -0.000001 -34.891816 -15.697465 -6.774163 61.886281 0.937742 1.040939 10.500545 3.244280 -0.137158 -35.677527 0.000006 0.000050 -0.000001 -0.000001 -0.000000 
17.101225 94.254250 -19.063406 -10.824913 -51.011794 -14.682052 12.853425 0.999865 -0.992887 1.236045 0.279512 0.503152 1.240610 0.251975 0.502973 2.947024 1.898764 0.149312 -1.447488 19.603263 4.027046 0.000000 -0.000002 0.000000 0.451949 -4.879040 -9.776378 31.112437 -7.095043 -34.002949 -3.589926 -74.655279 -3.723255 29.608389 -3.537955 -11.395223 -63.803755 52.213128 -22.909923 -14.673908 7.759004 26.279706 -15.898566 -14.421016 14.523625 0.000003 0.000003 0.000000 6.145671 -3.229296 -26.002955 3.710395 5.215413 -28.178376 2.578264 4.057392 -21.362146 -0.000002 -0.000000 0.000001 0.876435 2.183060 -31.915411 2.837221 8.280491 -41.263225 2.787101 7.821300 -43.824519 0.000001 -0.000002 -0.000000 -0.843950 0.757221 -45.673680 0.117489 9.779700 -45.285401 -0.323353 7.977836 -36.976469 0.000001 0.000000 0.000000 -2.050795 3.265046 -54.438196 -0.871585 10.170762 -44.785475 0.498700 13.282679 -61.307846 0.000000 0.000001 0.000001 1.334021 11.098852 0.444398 36.897484 -0.135961 47.747158 -1.824149 61.666404 2.076782 5.837069 -1.686342 -14.533273 -66.229653 -49.533314 25.960694 5.514982 8.768227 -28.620798 -17.348204 -3.667256 -19.183070 -0.000001 -0.000007 -0.000000 5.244786 4.748228 4.390019 1.680914 -2.328446 13.976212 3.345788 -3.583494 25.452521 0.000001 0.000000 -0.000001 0.071142 1.794067 11.560327 0.790443 -3.586610 20.909854 0.532974 -2.810172 15.953778 0.000001 -0.000000 -0.000000 0.131987 0.691961 24.590535 -0.369046 -4.215984 24.178760 -0.414038 -3.685439 21.117172 0.000000 0.000000 -0.000001 -0.217801 -1.176303 31.638970 -1.030768 -1.899626 10.447725 -1.983968 -8.419401 44.966998 -0.000001 0.000001 -0.000001 -39.170568 6.995865 -5.454014 51.479269 10.085357 -4.958824 8.889022 5.248561 4.950402 -10.226309 -0.108138 2.507553 0.000000 0.000001 0.000000 -33.601952 -13.485970 -5.172176 60.832376 2.721967 0.392625 4.604844 4.766644 -0.474246 -29.980685 0.000000 0.000047 -0.000000 -0.000004 -0.000000 
18.304825 94.294067 -20.548372 -8.054962 -51.518672 -12.434179 12.919959 -0.015156 -0.583878 1.181486 -0.018983 0.556492 1.183503 -0.047758 0.559931 2.892196 2.204839 0.013590 -1.569340 22.253590 3.585292 0.000000 0.000000 -0.000001 0.474376 -6.045127 -12.417594 26.587512 -11.052172 -35.700893 -2.811038 -70.703086 -2.980502 31.809851 -6.954245 -13.734025 -68.598206 53.205152 -24.143245 -14.928316 7.139209 27.474171 -16.290945 -14.059054 14.885004 0.000003 -0.000001 -0.000000 6.224958 -3.337006 -26.793765 3.590216 5.113220 -27.480175 2.449365 3.916977 -20.520765 0.000000 -0.000001 0.000000 0.955995 2.338263 -32.143601 2.870224 8.318633 -41.509450 2.903795 7.956037 -44.692909 0.000002 0.000003 -0.000001 -0.898911 0.764911 -46.134660 0.157531 9.869574 -45.747945 -0.298675 8.061277 -37.386202 -0.000003 0.000002 -0.000000 -1.955094 2.864978 -55.374970 -0.871175 10.172079 -44.791544 0.601621 13.436478 -62.113727 0.000001 0.000001 0.000002 1.290558 11.340465 1.176854 34.328620 1.177984 52.325967 -1.535793 57.392017 1.829389 6.033264 1.567503 -17.648306 -70.866662 -50.512483 27.440007 5.071942 9.028086 -29.898364 -17.805145 -4.060648 -19.655642 0.000000 -0.000001 0.000000 5.355435 5.072420 3.325457 1.337800 -1.951974 11.448761 2.925442 -3.266123 22.806321 0.000001 0.000001 0.000000 0.078200 1.925314 10.001117 0.688301 -3.339789 19.352335 0.483776 -2.663732 15.053744 0.000001 0.000000 0.000000 0.053385 1.031377 23.299823 -0.394907 -3.987018 22.865605 -0.428240 -3.450789 19.777738 0.000001 0.000001 -0.000002 0.179676 -0.982703 30.864962 -0.894944 -1.609384 8.847649 -2.008301 -8.268058 44.202901 -0.000001 -0.000002 0.000002 -41.925091 8.199517 -5.615168 59.481720 11.361779 -5.341464 7.098228 4.963021 4.606120 -8.589326 -0.150433 2.976849 -0.000002 0.000003 -0.000001 -32.346444 -11.483552 -4.354751 60.298392 3.159118 -0.035184 -0.532731 6.010514 0.324152 -26.182915 -0.000013 0.000038 -0.000001 -0.000003 -0.000001 
19.368387 93.909561 -21.821207 -5.055906 -51.018829 -10.446220 12.880012 -1.358619 0.505002 1.111837 -0.444712 0.714464 1.109084 -0.475578 0.722534 2.732767 2.514534 -0.090082 -2.092012 24.742229 3.495692 0.000000 -0.000001 0.000000 0.428634 -7.036348 -14.842599 22.161852 -16.317576 -36.906668 -2.316150 -66.993883 -2.519912 33.150074 -9.391787 -13.566773 -72.654963 53.857554 -25.432423 -14.963415 6.369483 28.350794 -16.518003 -13.635639 15.246828 0.000002 0.000001 -0.000000 6.261934 -3.431671 -27.169116 3.446068 4.987225 -26.633078 2.323455 3.775707 -19.685841 -0.000000 -0.000001 0.000000 1.002194 2.415366 -32.040212 2.846723 8.291514 -41.334208 2.969997 8.030637 -45.178986 -0.000001 0.000001 0.000001 -0.939220 0.731306 -46.228862 0.155628 9.865315 -45.725921 -0.296463 8.068648 -37.422497 -0.000001 0.000000 0.000000 -1.808131 2.464332 -55.781574 -0.904327 10.066907 -44.311006 0.641062 13.494162 -62.418148 0.000000 -0.000002 -0.000005 1.225367 11.407901 1.997289 31.306657 2.524416 56.482919 -1.229677 51.430092 1.581938 8.002653 3.395745 -16.630225 -74.824709 -50.997549 28.651038 4.429656 8.922549 -30.703920 -18.114065 -4.148762 -19.981976 -0.000001 0.000000 0.000001 5.473530 5.220329 3.082260 1.125972 -1.701860 9.823828 2.635546 -3.028646 20.925176 -0.000000 0.000000 0.000001 0.089696 1.923171 9.273614 0.643496 -3.225040 18.634346 0.471719 -2.626653 14.826608 0.000001 0.000000 -0.000001 -0.008984 1.270320 22.728798 -0.403077 -3.902847 22.383785 -0.432638 -3.350699 19.207047 0.000001 0.000001 -0.000002 0.411391 -0.701545 30.786115 -0.840736 -1.499116 8.233973 -2.013026 -8.237030 44.046507 -0.000001 0.000001 -0.000002 -44.420282 9.450440 -5.657031 68.723997 12.032854 -5.568579 5.648397 4.602739 4.773059 -5.256826 -0.015984 0.979664 -0.000001 0.000001 -0.000002 -30.787194 -10.001825 -3.755894 60.214319 2.047975 -0.263874 -6.214690 7.433823 1.878311 -23.774119 -0.000000 0.000045 -0.000000 0.000002 -0.000000 
20.387829 93.361176 -23.101606 -2.572840 -49.787274 -8.797078 13.084429 -2.834838 1.544347 1.099290 -0.898504 0.846779 1.091310 -0.931112 0.860263 2.478255 2.803066 -0.116700 -3.100978 27.080616 3.676441 0.000001 -0.000001 0.000001 0.303857 -8.207058 -17.182647 17.519049 -21.541365 -38.134623 -2.113928 -65.061261 -2.335711 34.828231 -12.476756 -11.982196 -75.659843 54.575411 -26.843250 -14.558685 5.134870 28.806357 -16.566839 -13.047424 15.593585 0.000004 -0.000001 -0.000000 6.261231 -3.530118 -27.052817 3.275899 4.833516 -25.618918 2.203089 3.636651 -18.874712 0.000001 -0.000003 -0.000002 1.007846 2.401879 -31.552506 2.760970 8.191108 -40.689886 2.977648 8.039192 -45.234902 0.000002 -0.000003 0.000000 -0.959706 0.654392 -45.919007 0.106987 9.755854 -45.162918 -0.319533 7.990891 -37.040512 -0.000004 -0.000001 0.000000 -1.836348 2.397315 -55.532187 -0.972543 9.839934 -43.278814 0.610855 13.450039 -62.185191 0.000003 0.000001 -0.000001 1.131337 11.087931 2.872269 27.736717 3.677780 60.352931 -0.959286 44.459371 1.382960 9.701943 4.517181 -14.925466 -77.104735 -52.104382 30.102286 3.483354 9.641323 -30.895343 -18.251842 -3.951375 -20.204214 -0.000000 -0.000003 0.000001 5.584565 5.222608 3.614810 1.028873 -1.582244 9.060436 2.461877 -2.878514 19.773442 -0.000000 -0.000000 -0.000000 0.105116 1.799143 9.340543 0.650475 -3.243154 18.747490 0.495327 -2.698814 15.268941 0.000000 0.000000 -0.000000 -0.064994 1.414076 22.853033 -0.397010 -3.966138 22.746009 -0.431199 -3.385736 19.406760 0.000000 -0.000000 0.000002 0.394355 -0.404870 31.400791 -0.873586 -1.565596 8.604338 -1.997545 -8.336594 44.548690 0.000001 -0.000001 0.000002 -45.317561 10.745711 -5.971619 78.794729 12.441962 -5.359608 4.664445 3.985106 4.910109 -5.395350 0.000002 0.000010 0.000000 -0.000001 0.000000 -28.030364 -8.619179 -3.248868 59.458962 1.521493 -0.438808 -12.944432 7.703559 3.753101 -20.989755 -0.000008 0.000029 0.000000 -0.000004 -0.000000 
21.260841 92.575043 -24.446836 -0.721237 -48.070400 -7.335288 13.586722 -4.590028 2.120982 1.151979 -1.397410 0.884623 1.139518 -1.429809 0.905030 2.116205 3.076168 0.010683 -4.694863 29.455693 4.223423 0.000001 -0.000002 0.000000 0.144733 -9.387688 -18.724427 13.518181 -26.167390 -39.266037 -2.268663 -66.565938 -2.476381 32.172202 -13.515747 -10.888409 -73.478123 56.926710 -30.737654 -12.888086 2.310118 27.993037 -16.703141 -11.771746 15.664197 0.000003 -0.000000 -0.000002 6.231851 -3.651245 -26.441402 3.084773 4.654120 -24.460263 2.092153 3.504867 -18.115202 0.000000 -0.000004 -0.000001 0.973265 2.297591 -30.691943 2.619839 8.020621 -39.610002 2.928757 7.984316 -44.876778 -0.000000 0.000000 -0.000000 -0.957734 0.541688 -45.233703 0.017593 9.546474 -44.093277 -0.364788 7.832413 -36.264483 -0.000003 0.000000 -0.000000 -1.763470 2.306923 -54.744041 -1.069581 9.487101 -41.686550 0.518934 13.313323 -61.467680 0.000001 0.000001 0.000002 1.056791 10.979561 3.598077 24.017617 5.489362 63.839736 -0.728100 36.813330 1.234430 9.137589 4.585807 -11.157847 -75.532152 -53.682517 33.162867 0.984774 11.648310 -30.030757 -18.257314 -3.551172 -20.389358 -0.000002 -0.000003 0.000000 5.682446 5.165668 4.566984 0.998461 -1.544077 8.818629 2.353861 -2.781999 19.047099 0.000000 0.000001 -0.000001 0.124224 1.615333 9.868391 0.690565 -3.345418 19.387724 0.541184 -2.833902 16.100101 -0.000001 0.000000 0.000001 -0.123158 1.507961 23.380161 -0.379780 -4.126604 23.665678 -0.425416 -3.505647 20.090684 0.000002 -0.000000 0.000001 0.216891 -0.163108 32.445598 -0.963901 -1.754108 9.648168 -1.965165 -8.528201 45.517593 0.000000 0.000000 -0.000003 -45.159063 11.216289 -5.699306 87.734340 12.765014 -5.017299 4.462597 1.074498 0.166520 -2.982957 -0.000003 0.000014 0.000002 -0.000001 0.000000 -24.546966 -7.318902 -2.921397 58.308833 1.615502 -0.567304 -20.103760 6.940709 5.145099 -17.400752 -0.000000 0.000032 0.000000 0.000003 0.000000 
22.172188 91.707695 -25.627882 2.027690 -46.608992 -6.020443 13.389636 -5.950607 3.485011 1.116897 -1.820299 0.966372 1.099806 -1.849974 0.990733 1.701196 3.324377 0.041900 -6.436509 31.482183 5.267606 0.000001 0.000000 -0.000001 0.037960 -10.226537 -19.186119 9.531706 -30.476280 -41.523169 -2.802801 -70.650958 -2.972758 33.565155 -12.066571 -5.622990 -71.861219 56.803415 -33.850861 -12.204082 1.067358 27.774302 -16.823429 -10.611459 15.912698 0.000001 0.000005 0.000000 6.184160 -3.796013 -25.397696 2.881822 4.455377 -23.205363 1.993188 3.384216 -17.427550 0.000001 -0.000002 0.000001 0.906121 2.113661 -29.519244 2.436949 7.789473 -38.172688 2.831723 7.873311 -44.158273 0.000001 0.000000 0.000004 -0.934936 0.402174 -44.233357 -0.100409 9.251615 -42.602222 -0.425540 7.605333 -35.158474 -0.000005 0.000001 0.000001 -1.608203 2.202155 -53.498263 -1.180167 9.027170 -39.630916 0.378684 13.097035 -60.345589 0.000002 0.000000 0.000001 1.017537 10.799609 3.698090 20.513607 6.967551 67.149659 -0.538838 29.167715 1.133502 9.117182 3.710119 -3.645905 -74.464730 -53.593421 35.415887 -1.794907 11.721335 -29.131822 -18.228095 -2.970461 -20.522760 -0.000000 -0.000001 -0.000001 5.767234 5.065944 5.872967 1.028146 -1.581331 9.054678 2.305036 -2.737531 18.715883 -0.000000 0.000001 -0.000001 0.149623 1.383551 10.801915 0.762855 -3.521828 20.499293 0.608372 -3.020952 17.258375 0.000001 -0.000002 0.000004 -0.184422 1.552555 24.265948 -0.348348 -4.372212 25.077067 -0.413005 -3.699437 21.197185 -0.000002 -0.000000 -0.000002 0.008403 0.065782 33.873862 -1.099381 -2.054763 11.294526 -1.913447 -8.799817 46.897114 0.000001 -0.000000 0.000000 -46.248662 11.106984 -4.633629 96.634718 12.523186 -4.429376 7.248481 1.692354 6.012797 1.838899 -0.000001 -0.000004 0.000002 -0.000001 0.000000 -21.706857 -6.632898 -1.867400 56.339235 2.248659 -0.692429 -26.333557 6.029605 5.571478 -13.385032 -0.000011 0.000019 -0.000000 -0.000004 -0.000000 
23.062960 90.898064 -26.863201 4.544975 -45.106624 -4.963876 13.180996 -7.554751 4.658379 1.028498 -2.286703 0.958836 1.009054 -2.311260 0.984746 1.342330 3.553052 0.166428 -7.751939 33.467821 6.485945 0.000000 -0.000001 0.000002 0.024756 -10.861498 -18.338882 5.307194 -35.177844 -44.849850 -3.647934 -74.887287 -3.779153 31.394377 -11.183878 0.384392 -70.693175 56.683194 -36.112354 -11.381133 -0.492514 27.616152 -16.940990 -9.535866 16.277609 0.000002 0.000004 0.000003 6.126114 -3.966146 -23.984691 2.675645 4.244215 -21.902438 1.908637 3.278725 -16.831960 0.000001 -0.000001 0.000000 0.814845 1.860247 -28.095189 2.226138 7.507176 -36.455865 2.695656 7.712747 -43.133174 -0.000001 -0.000001 -0.000000 -0.893216 0.245628 -42.978166 -0.234403 8.885844 -40.775157 -0.494745 7.321873 -33.786507 -0.000002 0.000002 -0.000005 -1.386923 2.097328 -51.874580 -1.288874 8.480017 -37.210474 0.204224 12.813851 -58.898702 -0.000001 -0.000000 -0.000000 0.981990 10.981348 4.074059 17.889710 8.120981 69.803905 -0.377093 21.598192 1.066345 9.924302 2.183939 2.008754 -73.802216 -53.525163 36.819672 -3.424888 10.903120 -28.440568 -18.203868 -2.305386 -20.736120 -0.000000 -0.000004 -0.000001 5.841229 4.939021 7.466630 1.113332 -1.686470 9.725135 2.310001 -2.742090 18.749750 -0.000001 0.000001 -0.000000 0.183556 1.115590 12.085944 0.867763 -3.761757 22.026593 0.696046 -3.248850 18.682106 0.000001 -0.000000 0.000003 -0.248613 1.548543 25.466184 -0.298369 -4.690526 26.914734 -0.390764 -3.955973 22.664840 -0.000002 0.000002 -0.000003 -0.227013 0.260491 35.633490 -1.264482 -2.456285 13.461461 -1.839077 -9.139069 48.631500 0.000000 0.000001 0.000000 -47.209004 9.333853 -2.943393 105.308478 12.479306 -3.962746 8.752653 1.044881 6.330609 1.728056 -0.000002 -0.000006 0.000003 -0.000002 0.000003 -19.536450 -6.149728 -0.687316 54.289864 2.884144 -0.792679 -31.306066 5.180702 5.424893 -9.624755 0.000016 0.000005 0.000000 -0.000000 0.000000 
23.825768 90.386383 -27.811413 6.991102 -44.030750 -3.754228 12.453320 -8.720471 5.356799 0.803508 -2.606299 1.043437 0.778914 -2.631906 1.065626 1.268416 3.766722 0.078143 -8.030700 34.904667 7.080457 -0.000001 -0.000001 -0.000001 -0.033490 -11.670147 -18.194202 -0.931671 -37.059438 -48.975912 -7.017616 -81.988109 -7.084581 34.815588 -13.115479 -3.785257 -70.041466 56.604435 -37.379945 -10.484129 -2.226946 27.535076 -17.059289 -8.546673 16.688464 -0.000000 -0.000001 0.000002 6.063451 -4.163496 -22.265358 2.474208 4.028225 -20.599499 1.840805 3.192454 -16.348606 0.000000 -0.000003 0.000001 0.707850 1.546900 -26.480787 2.000671 7.184083 -34.537504 2.530094 7.509062 -41.855304 0.000002 0.000002 -0.000001 -0.834949 0.082112 -41.528360 -0.372421 8.464264 -38.697079 -0.565716 6.994472 -32.212525 0.000002 -0.000001 -0.000001 -1.113494 2.009789 -49.952066 -1.382071 7.867022 -34.524769 0.009390 12.476624 -57.206089 0.000002 -0.000000 -0.000000 1.007196 11.183339 3.602960 17.826036 9.151735 72.137063 -0.291073 17.209724 1.039094 11.795993 5.447367 4.161969 -73.588622 -53.500991 37.273316 -4.288779 9.398417 -27.954701 -18.159981 -1.581194 -20.920402 0.000001 -0.000003 -0.000000 5.907936 4.799761 9.281722 1.250669 -1.850813 10.786727 2.364488 -2.791600 19.118873 0.000001 0.000002 -0.000001 0.227492 0.823111 13.665364 1.006155 -4.054116 23.914260 0.803188 -3.506495 20.309651 0.000001 0.000000 0.000002 -0.314483 1.496890 26.936586 -0.225129 -5.068766 29.113326 -0.355258 -4.263881 24.432196 0.000002 0.000003 0.000000 -0.483081 0.402756 37.672342 -1.442804 -2.946958 16.066762 -1.738711 -9.533282 50.665145 -0.000000 -0.000001 0.000000 -46.516928 6.802891 -1.400264 111.770329 12.378893 -3.520411 10.526855 0.504530 5.105835 -0.643757 0.000008 0.000006 -0.000000 0.000000 -0.000001 -19.608404 -5.564664 0.013560 53.928414 3.970850 -0.822383 -32.992959 4.435040 4.810359 -8.145672 0.000018 0.000014 -0.000000 0.000002 0.000000 
24.686701 90.331375 -28.638277 8.276002 -43.219596 -2.964150 12.366135 -9.708424 5.486398 0.629015 -2.856425 1.037386 0.601905 -2.883284 1.055382 1.265633 3.946214 -0.014164 -8.280438 36.075396 7.400990 -0.000000 0.000001 0.000000 -0.072012 -12.271605 -18.070022 -5.320421 -40.007355 -51.633659 60.711161 -91.130167 60.719665 41.722289 -7.910618 -0.472578 -69.937838 56.591119 -37.581955 -9.564947 -4.025734 27.561669 -17.176162 -7.640080 17.064558 -0.000001 0.000002 -0.000003 6.000241 -4.389714 -20.302753 2.284786 3.815728 -19.344421 1.792004 3.129427 -15.997628 0.000000 -0.000004 -0.000001 0.593145 1.183027 -24.737052 1.772577 6.831542 -32.495069 2.344411 7.268984 -40.378473 -0.000001 -0.000001 0.000001 -0.762773 -0.078399 -39.944131 -0.504078 8.002996 -36.452778 -0.632611 6.635882 -30.500264 -0.000003 0.000000 0.000001 -0.799567 1.958328 -47.809350 -1.449153 7.211181 -31.673896 -0.193010 12.098889 -55.345880 0.000002 0.000001 -0.000003 1.020937 11.292849 3.347892 19.162920 9.649638 73.241785 -0.266802 15.931537 1.032568 17.079400 4.586458 8.285767 -73.842377 -53.529582 36.734444 -5.246250 7.667815 -27.574553 -18.055897 -0.733232 -20.921667 -0.000000 -0.000001 0.000001 5.971049 4.662489 11.251812 1.437596 -2.064938 12.196331 2.464867 -2.881159 19.793519 -0.000002 0.000001 0.000000 0.281677 0.517520 15.485041 1.178835 -4.387512 26.106957 0.927908 -3.782908 22.079322 0.000001 -0.000001 0.000001 -0.379701 1.398927 28.632981 -0.124535 -5.493726 31.607513 -0.303459 -4.611622 26.437950 0.000004 0.000001 0.000000 -0.750971 0.478143 39.938117 -1.618248 -3.513932 19.028130 -1.609613 -9.969546 52.942599 0.000001 0.000001 0.000000 -44.179176 4.173763 -0.139186 115.480372 13.027508 -3.230226 14.693286 1.873460 5.345510 -4.865908 0.000006 -0.000024 0.000000 -0.000000 0.000005 -18.918033 -5.208304 0.516787 50.730977 4.957565 -0.926861 -36.775405 3.687593 4.573034 -1.578211 -0.000004 0.000000 -0.000000 -0.000003 -0.000000 
25.628521 90.612411 -29.209764 9.611293 -42.330688 -1.773461 11.890003 -10.901382 5.323694 0.457637 -3.134860 0.944764 0.431987 -3.158410 0.956932 1.298273 4.153834 -0.180781 -8.822213 37.348021 7.963191 -0.000000 0.000000 0.000001 -0.055685 -12.732585 -17.442123 -10.011144 -40.975845 -53.808876 7.286563 -97.726565 7.359180 38.428779 -10.032056 -3.161261 -70.392667 56.647939 -36.696315 -8.656455 -5.813112 27.726089 -17.284516 -6.810393 17.333116 -0.000000 -0.000001 -0.000000 5.938334 -4.645824 -18.159825 2.113887 3.615630 -18.184909 1.764573 3.093686 -15.799252 -0.000001 0.000001 0.000000 0.477847 0.778140 -22.924832 1.552355 6.462272 -30.405653 2.147631 6.999595 -38.756358 -0.000001 0.000001 -0.000000 -0.679637 -0.226325 -38.285778 -0.621212 7.519033 -34.126313 -0.690919 6.259224 -28.712626 0.000002 -0.000001 0.000002 -0.454928 1.961815 -45.525168 -1.483637 6.536688 -28.758143 -0.391815 11.695231 -53.395096 0.000000 0.000001 -0.000002 1.048708 11.533643 3.099203 22.371497 9.362765 73.236765 -0.310663 18.229604 1.044724 21.011848 4.981057 12.764008 -74.562539 -53.602648 35.209024 -6.303516 5.718559 -27.380441 -17.905175 0.243438 -20.784262 0.000001 -0.000003 0.000000 6.027262 4.540937 13.310790 1.671844 -2.318920 13.910957 2.608044 -3.005287 20.744131 -0.000001 -0.000000 0.000002 0.344928 0.209770 17.489765 1.385978 -4.750468 28.549407 1.067315 -4.067385 23.929252 -0.000002 -0.000000 -0.000000 -0.441095 1.256625 30.511097 0.006417 -5.951976 34.332055 -0.233281 -4.987462 28.620682 -0.000003 -0.000000 -0.000000 -1.019236 0.476580 42.378414 -1.776178 -4.142736 22.263391 -1.450205 -10.434945 55.408486 0.000003 0.000001 0.000001 -41.212156 1.320244 0.579205 118.159322 13.075175 -3.189762 14.532462 2.004362 6.379983 -6.217828 0.000010 -0.000002 -0.000001 0.000001 0.000001 -19.794161 -4.825759 0.288105 49.555451 4.638380 -0.957413 -37.222444 3.256772 4.909306 0.224879 -0.000011 -0.000003 -0.000000 0.000000 -0.000000 
26.659716 91.382141 -29.457422 10.386129 -41.107531 -0.820230 11.732469 -12.260624 5.194813 0.371548 -3.463367 0.871098 0.347371 -3.484047 0.880240 1.356494 4.290395 -0.411674 -8.468949 37.949795 7.229973 0.000001 -0.000003 -0.000000 -0.024032 -13.076184 -16.787329 -15.437143 -40.891308 -56.082007 4.629319 -102.035602 4.740871 36.668297 -15.162733 -8.755692 -71.155606 56.733969 -35.215550 -7.713122 -7.635295 27.988003 -17.381718 -6.008966 17.461394 0.000001 -0.000001 0.000003 5.876971 -4.907865 -15.910606 1.951975 3.418165 -17.060539 1.746199 3.069576 -15.665829 -0.000001 -0.000000 -0.000001 0.370713 0.347481 -21.059353 1.340068 6.073990 -28.257420 1.946900 6.707043 -37.032579 -0.000001 -0.000002 0.000002 -0.593980 -0.371772 -36.555371 -0.721493 7.013075 -31.719487 -0.738892 5.866239 -26.857484 0.000002 0.000001 -0.000002 -0.112922 2.001995 -43.118233 -1.483214 5.848714 -25.792164 -0.585804 11.262753 -51.342973 0.000001 0.000000 -0.000001 1.086040 11.591342 2.625600 25.883127 9.160032 72.602677 -0.376283 21.557018 1.066060 22.489115 6.105490 14.684937 -75.519045 -53.681564 33.190382 -7.395498 3.696425 -27.366671 -17.728439 1.338637 -20.585956 -0.000001 -0.000004 0.000003 6.081616 4.424539 15.404073 1.935465 -2.587342 15.779246 2.774422 -3.144416 21.832556 -0.000001 -0.000000 0.000002 0.417396 -0.096948 19.579104 1.618272 -5.118957 31.097278 1.216519 -4.348328 25.787806 0.000001 0.000001 0.000000 -0.499929 1.090346 32.468168 0.164011 -6.416462 37.139017 -0.146314 -5.370135 30.862705 0.000000 0.000001 0.000001 -1.296425 0.428029 44.880528 -1.901768 -4.800244 25.605110 -1.267205 -10.900562 57.919813 0.000002 0.000003 -0.000005 -37.097530 -1.410224 1.283271 119.018819 13.151006 -3.133988 13.142023 1.846465 7.708061 -6.441189 0.000008 0.000018 0.000001 -0.000001 -0.000005 -19.995189 -4.650123 -0.299911 47.552767 3.287249 -1.013803 -35.754346 3.025204 5.929185 0.244592 0.000007 -0.000000 0.000000 -0.000002 0.000000 
27.711819 92.518631 -29.499989 10.809734 -40.040997 0.152195 11.573207 -13.538591 4.733456 0.320077 -3.758058 0.723031 0.301789 -3.773167 0.729895 1.478838 4.441104 -0.505813 -7.549533 39.115110 6.567366 0.000001 0.000000 -0.000000 0.036351 -13.478782 -15.814077 -19.763613 -40.040710 -57.782028 3.028328 -108.036913 3.194476 38.867444 -17.226166 -14.193685 -71.951972 56.811645 -33.675633 -5.908740 -9.119829 28.508842 -17.486749 -5.083923 17.536415 0.000000 -0.000001 0.000003 5.816359 -5.150170 -13.626895 1.789090 3.211235 -15.901480 1.723469 3.039574 -15.500160 0.000000 -0.000004 -0.000000 0.279010 -0.091877 -19.147785 1.135505 5.662924 -26.030773 1.748609 6.397893 -35.249671 -0.000001 0.000002 -0.000001 -0.512245 -0.525792 -34.745008 -0.802696 6.484342 -29.226629 -0.775073 5.457710 -24.937133 -0.000002 0.000001 0.000001 0.191984 2.048620 -40.597828 -1.446155 5.150362 -22.780657 -0.773829 10.796956 -49.171614 0.000003 0.000000 0.000002 1.100613 11.864279 2.655779 29.872454 8.647775 71.376891 -0.466382 25.892738 1.100993 20.939026 7.630893 16.528793 -76.412202 -53.736906 31.311646 -8.499824 1.677769 -27.523719 -17.546292 2.484418 -20.385007 -0.000001 -0.000002 0.000002 6.134916 4.300040 17.478393 2.199412 -2.839294 17.592559 2.934365 -3.273191 22.863440 0.000000 -0.000000 0.000002 0.499083 -0.399640 21.648599 1.857148 -5.463315 33.550685 1.365008 -4.607765 27.535375 0.000002 -0.000001 -0.000001 -0.556264 0.917623 34.395190 0.339172 -6.860243 39.872274 -0.049681 -5.730538 32.996043 -0.000001 0.000000 -0.000002 -1.591265 0.362878 47.325524 -1.986924 -5.445913 28.858342 -1.077752 -11.327145 60.265867 0.000001 -0.000002 0.000001 -33.071370 -2.975367 2.344548 117.988840 13.257068 -2.885396 12.081996 2.302354 8.403416 -6.149045 0.000011 0.000003 -0.000000 0.000001 0.000010 -19.039420 -4.466180 -1.234883 44.028864 2.205218 -1.117859 -33.651662 2.840886 6.928766 0.238406 0.000003 0.000002 -0.000000 0.000002 0.000000 
28.926537 94.164154 -29.370344 11.319935 -39.320135 1.370403 11.343493 -14.287744 3.999572 0.248450 -3.905237 0.591604 0.235558 -3.916181 0.595342 1.588663 4.550449 -0.633934 -6.052489 40.021712 5.308928 0.000000 0.000001 0.000001 0.107286 -13.481995 -15.057895 -21.529666 -40.284333 -57.681118 2.544755 -111.174682 2.739780 38.925692 -16.125235 -16.017417 -72.744773 56.876887 -32.147515 -3.227847 -10.154333 29.275171 -17.599253 -4.093683 17.634836 0.000002 0.000004 0.000001 5.755521 -5.367009 -11.375649 1.630187 3.000654 -14.741186 1.697230 3.004738 -15.308156 0.000001 -0.000002 -0.000001 0.205263 -0.526892 -17.247652 0.945914 5.241056 -23.790367 1.559216 6.081062 -33.459376 -0.000002 0.000003 0.000004 -0.436333 -0.682900 -32.911560 -0.860926 5.948924 -26.719951 -0.797545 5.045792 -23.007212 0.000002 0.000002 -0.000002 0.450838 2.099642 -38.042955 -1.373483 4.463146 -19.807629 -0.947860 10.311645 -46.946510 0.000001 -0.000001 -0.000000 1.125220 11.752321 2.226242 33.716624 8.306536 70.434010 -0.574330 30.702400 1.150740 17.837953 8.622888 16.705415 -77.304764 -53.203243 29.520201 -9.838273 -0.693226 -27.907190 -17.366138 3.641003 -20.197488 -0.000003 -0.000003 0.000001 6.186942 4.176431 19.469029 2.460286 -3.073251 19.335057 3.087131 -3.391833 23.834913 -0.000000 0.000000 -0.000001 0.586624 -0.688381 23.637038 2.097646 -5.780660 35.883423 1.509189 -4.843247 29.150445 0.000003 0.000001 0.000000 -0.608174 0.743857 36.240321 0.523952 -7.270825 42.454158 0.052803 -6.063859 34.991394 0.000001 0.000000 -0.000001 -1.888867 0.277982 49.651995 -2.033649 -6.062524 31.949893 -0.887571 -11.712612 62.428926 0.000000 -0.000001 -0.000002 -29.250849 -3.339962 4.074577 115.572702 13.459281 -2.450123 9.790931 2.856006 8.117916 -5.175187 -0.000029 -0.000018 -0.000000 -0.000000 -0.000003 -16.841056 -4.160053 -2.370413 37.999775 1.394986 -1.282424 -30.341889 2.667920 7.986765 0.227109 0.000021 -0.000002 -0.000000 -0.000002 0.000000 
30.196196 96.069504 -29.145075 11.964411 -39.115261 2.778668 11.090480 -14.194765 2.971971 0.147076 -3.828585 0.468871 0.138167 -3.836546 0.467973 1.663999 4.566181 -0.743474 -5.196043 40.018604 4.684733 -0.000001 -0.000000 -0.000000 0.177894 -13.315870 -14.369453 -22.275789 -41.019227 -56.816693 2.294914 -113.240472 2.509079 38.075795 -13.446651 -16.271727 -73.497944 56.927916 -30.699624 -0.577495 -11.151193 30.035272 -17.695053 -3.197596 17.689114 0.000001 0.000004 -0.000006 5.692937 -5.552837 -9.220958 1.479719 2.792694 -13.612955 1.668322 2.966066 -15.095712 0.000000 -0.000002 0.000000 0.150226 -0.944309 -15.412949 0.776666 4.821388 -21.600613 1.384046 5.766151 -31.713091 0.000004 -0.000001 -0.000000 -0.367994 -0.839195 -31.107974 -0.895026 5.423329 -24.271205 -0.806029 4.642909 -21.123065 -0.000002 0.000001 0.000001 0.658183 2.149088 -35.528168 -1.270311 3.808141 -16.956472 -1.101962 9.821446 -44.732517 -0.000000 0.000000 -0.000002 1.177500 11.636038 1.398322 36.706529 8.176665 70.158938 -0.658300 34.146042 1.194739 16.707268 10.143796 17.142825 -78.222181 -50.939117 27.871348 -11.234271 -4.730356 -28.910142 -17.208713 4.619590 -19.987806 0.000000 -0.000001 0.000000 6.236252 4.061975 21.311257 2.707917 -3.282529 20.948361 3.225207 -3.495555 24.702581 -0.000001 -0.000001 0.000000 0.675485 -0.953676 25.483147 2.329786 -6.063140 38.026880 1.641252 -5.046555 30.569181 0.000001 -0.000001 -0.000002 -0.653775 0.575019 37.951806 0.708251 -7.636831 44.806410 0.154449 -6.359037 36.778936 -0.000000 0.000001 -0.000003 -2.172550 0.174159 51.798577 -2.047057 -6.629471 34.787909 -0.707520 -12.046280 64.338756 0.000000 0.000001 0.000001 -26.772871 -2.331560 5.929060 112.359774 13.687685 -2.067110 7.815870 2.019665 7.346592 -4.191451 -0.000012 -0.000006 -0.000000 -0.000003 -0.000001 -13.317673 -4.108897 -3.650010 29.296051 1.209569 -1.470605 -25.787514 2.639200 8.956487 0.222939 0.000023 0.000000 -0.000000 -0.000007 -0.000000 
31.650854 98.231064 -28.884808 12.803124 -39.387191 4.396785 10.782690 -13.822694 1.786506 0.060397 -3.677611 0.252488 0.059698 -3.678965 0.246755 1.771049 4.529456 -0.728251 -4.556867 40.097643 3.992233 0.000000 -0.000000 -0.000001 0.239958 -13.062045 -13.758711 -22.257384 -41.994540 -55.396823 2.162684 -114.494830 2.388546 36.611791 -10.092475 -15.582409 -74.300724 56.082413 -29.287038 1.593177 -11.279812 30.731634 -17.770078 -2.423083 17.695698 -0.000001 0.000001 0.000002 5.626626 -5.701303 -7.227009 1.341669 2.593984 -12.549992 1.637598 2.924623 -14.868729 -0.000000 -0.000001 0.000000 0.112951 -1.330750 -13.697766 0.631163 4.417541 -19.525503 1.227296 5.463348 -30.062091 -0.000000 -0.000003 0.000000 -0.308637 -0.991439 -29.387350 -0.906486 4.924157 -21.951876 -0.801818 4.261327 -19.339937 -0.000004 0.000001 0.000001 0.812009 2.188224 -33.128733 -1.145487 3.205281 -14.310132 -1.232527 9.341751 -42.593886 0.000002 0.000001 -0.000001 1.192101 11.980554 1.536159 39.594210 7.951221 69.267831 -0.759842 37.968041 1.253331 15.379935 11.550066 16.774712 -77.133900 -50.764613 27.438712 -12.466863 -6.327326 -29.081935 -17.062436 5.506227 -19.737966 -0.000000 -0.000004 -0.000002 6.280242 3.964317 22.940421 2.931452 -3.461474 22.373931 3.340869 -3.579952 25.422022 -0.000000 0.000001 -0.000001 0.760240 -1.186450 27.125552 2.542514 -6.304052 39.912081 1.752775 -5.210026 31.727721 -0.000001 -0.000001 -0.000001 -0.691450 0.417581 39.477971 0.880508 -7.948145 46.850337 0.247439 -6.605582 38.288552 -0.000000 -0.000000 0.000000 -2.424629 0.055766 53.704142 -2.035533 -7.126791 37.279972 -0.549501 -12.318340 65.924788 -0.000000 0.000000 -0.000002 -25.250385 -0.237563 7.738775 108.487221 13.837061 -1.827209 6.070185 0.489387 6.378961 -1.911666 0.000009 0.000006 0.000000 -0.000002 0.000001 -9.801906 -4.984035 -4.827463 19.407803 0.254274 -1.704093 -18.430565 2.598224 8.763826 -2.464645 0.000002 0.000004 -0.000000 0.000001 0.000000 
33.315487 100.542374 -28.608160 14.160293 -39.891771 6.337287 10.273570 -13.030063 0.578052 -0.020041 -3.424170 0.053286 -0.014061 -3.419033 0.043502 1.823613 4.488063 -0.742449 -4.005604 40.248245 3.312263 0.000001 0.000000 -0.000001 0.289722 -12.802276 -13.235895 -21.772915 -42.956501 -53.680328 2.093881 -115.198886 2.326349 34.937415 -6.966375 -14.668449 -73.771091 55.205144 -28.734411 2.916956 -11.639610 30.956371 -17.820925 -1.797896 17.651089 0.000001 0.000001 0.000001 5.554542 -5.805133 -5.457833 1.219567 2.411381 -11.585495 1.605873 2.881491 -14.633069 0.000000 -0.000001 0.000000 0.091049 -1.672896 -12.156237 0.511024 4.043684 -17.628880 1.092069 5.183295 -28.557354 0.000002 -0.000002 0.000000 -0.259362 -1.136810 -27.802763 -0.899218 4.467768 -19.833304 -0.787589 3.913268 -17.713044 -0.000001 0.000002 -0.000003 0.913526 2.206616 -30.920301 -1.010913 2.673281 -11.951506 -1.338129 8.888384 -40.594352 0.000003 0.000002 -0.000001 1.217327 12.511978 1.695091 42.431413 7.981601 68.399652 -0.889256 42.324562 1.335510 14.662567 12.067865 16.385048 -75.845364 -50.901022 27.298939 -13.448672 -7.408439 -29.169607 -16.932251 6.278721 -19.447821 -0.000000 -0.000001 -0.000001 6.315540 3.890614 24.291728 3.119577 -3.605163 23.553144 3.426190 -3.640785 25.948696 -0.000001 -0.000000 -0.000000 0.834687 -1.377945 28.502741 2.724158 -6.497636 41.469924 1.835118 -5.326291 32.562121 -0.000000 0.000001 -0.000005 -0.719885 0.278396 40.767142 1.028213 -8.195603 48.506952 0.323398 -6.793417 39.449943 -0.000001 0.000001 -0.000001 -2.627190 -0.069992 55.307860 -2.009668 -7.535439 39.333284 -0.425803 -12.519588 67.116314 -0.000000 -0.000001 0.000000 -24.733527 2.463822 9.567529 103.754767 12.587225 -1.793580 6.484053 0.216983 5.340792 -4.286344 0.000008 0.000011 -0.000001 0.000000 0.000005 -10.912388 -5.547264 -6.102859 15.624640 -1.957593 -1.724389 -8.545771 2.567164 6.379943 -11.120626 0.000015 0.000021 -0.000001 0.000002 0.000000 
34.950447 102.630508 -28.399113 15.588655 -40.018126 8.135838 9.839894 -12.293420 -0.390039 -0.049777 -3.206220 -0.046113 -0.041320 -3.198099 -0.056687 1.819378 4.440017 -0.839384 -3.688322 40.043517 2.466258 0.000000 0.000000 -0.000000 0.326846 -12.618374 -12.811676 -21.200977 -43.671990 -51.998705 2.055025 -115.613724 2.291393 33.626620 -4.854081 -14.413828 -72.728899 54.774951 -28.595547 3.971580 -12.409921 30.935095 -17.844901 -1.349886 17.552063 0.000002 0.000004 -0.000002 5.474866 -5.856213 -3.977441 1.116575 2.251987 -10.752532 1.573952 2.837696 -14.394683 0.000001 -0.000002 -0.000001 0.081085 -1.957609 -10.842663 0.416367 3.714210 -15.974390 0.980553 4.936907 -27.249847 0.000001 0.000003 0.000003 -0.221053 -1.272823 -26.407425 -0.879086 4.070244 -17.986803 -0.767148 3.610767 -16.297465 -0.000002 0.000003 -0.000001 0.906271 2.225352 -28.974957 -0.880230 2.228409 -9.958342 -1.419369 8.477376 -38.797305 0.000000 -0.000001 -0.000000 1.260284 12.892665 1.500095 44.533066 8.340627 67.713184 -1.019743 46.184284 1.425411 14.380697 12.332612 17.155291 -74.651864 -51.073832 27.347941 -14.113037 -8.234056 -29.279713 -16.823383 6.906975 -19.115698 0.000002 -0.000001 -0.000001 6.338360 3.847728 25.300481 3.260916 -3.709134 24.427289 3.473289 -3.673861 26.238126 -0.000001 0.000001 -0.000000 0.892376 -1.519719 29.553248 2.862921 -6.638603 42.631189 1.879847 -5.387964 33.008361 0.000001 0.000000 -0.000001 -0.737990 0.164477 41.767792 1.138874 -8.370821 49.698721 0.373980 -6.912682 40.192849 -0.000000 -0.000000 0.000004 -2.762644 -0.194424 56.549076 -1.980998 -7.837225 40.854753 -0.348330 -12.640867 67.842561 -0.000001 0.000001 -0.000001 -25.017936 4.625354 10.876615 99.344480 12.751263 -1.802812 4.890356 0.129679 3.518517 -1.242621 0.000010 0.000019 -0.000002 -0.000002 -0.000003 -16.987229 -5.313450 -7.442480 18.989155 -5.133679 -1.653063 2.982360 1.966300 2.577532 -22.272612 -0.000001 0.000035 0.000000 -0.000001 0.000000 
36.507427 104.382622 -28.091667 16.855688 -39.711492 9.556142 9.456408 -11.531932 -1.150916 -0.020588 -2.980276 -0.109346 -0.010913 -2.970908 -0.118021 1.783541 4.355887 -0.916382 -3.669522 39.478808 1.779880 -0.000001 -0.000001 0.000000 0.340154 -12.550292 -12.670032 -20.005931 -43.977918 -50.107931 2.131134 -114.812816 2.359986 32.965826 -4.579427 -15.421471 -71.811038 54.233191 -28.531607 4.760556 -12.895578 30.753080 -17.767591 -1.101153 17.409223 0.000001 0.000003 0.000002 5.386657 -5.845502 -2.849686 1.035598 2.122951 -10.084236 1.542628 2.794345 -14.159411 -0.000000 -0.000004 0.000000 0.079113 -2.171888 -9.811369 0.346275 3.443549 -14.625665 0.894316 4.735339 -26.190348 -0.000001 0.000002 0.000002 -0.194548 -1.396979 -25.254457 -0.853219 3.747145 -16.483820 -0.745067 3.365634 -15.148444 0.000000 -0.000002 -0.000001 0.839957 2.205548 -27.372555 -0.768670 1.887769 -8.417173 -1.478292 8.124810 -37.265768 0.000001 -0.000000 -0.000001 1.299172 13.189895 1.296964 46.458936 8.941215 66.942998 -1.160199 49.813956 1.528730 12.985074 12.971929 20.244373 -73.591825 -51.294693 27.608890 -14.392230 -8.757381 -29.387483 -16.739919 7.360598 -18.739770 -0.000002 0.000000 0.000001 6.345133 3.842572 25.901913 3.344105 -3.768801 24.937629 3.474579 -3.674762 26.245931 -0.000001 0.000000 -0.000000 0.926970 -1.603318 30.215394 2.947394 -6.721670 43.326759 1.879283 -5.387155 33.002685 0.000001 -0.000001 0.000008 -0.744855 0.082736 42.428247 1.200711 -8.465267 50.348193 0.391640 -6.953341 40.447059 -0.000001 0.000000 0.000001 -2.814497 -0.309204 57.367073 -1.960329 -8.014523 41.751150 -0.327741 -12.672578 68.033322 -0.000000 0.000000 0.000001 -25.205232 6.439962 12.010212 94.213737 12.333127 -1.978644 6.328681 0.219641 3.582797 -2.558796 0.000006 -0.000002 0.000000 -0.000000 0.000001 -13.233752 -6.825283 -7.717174 9.000403 -1.384346 -1.637830 14.358910 1.298744 4.430891 -24.964773 -0.016042 0.831952 -0.000000 -0.000005 -0.000000 
38.124493 106.004211 -27.755199 17.942202 -38.772125 10.606473 9.167078 -10.787008 -1.648729 0.030933 -2.768970 -0.125760 0.040174 -2.760110 -0.131805 1.816929 4.193541 -1.046110 -3.997199 38.016789 0.923099 -0.000000 0.000000 -0.000000 0.329806 -12.544617 -12.801216 -17.935841 -44.587198 -47.226175 2.268270 -113.483108 2.484704 32.467000 -3.187034 -14.972541 -71.015055 53.421946 -28.414210 5.373800 -13.121382 30.292330 -17.582410 -1.059515 17.173230 0.000001 0.000001 -0.000001 5.264617 -5.747841 -1.934294 0.962763 2.003999 -9.472432 1.503890 2.740172 -13.866508 -0.000003 0.000000 0.000000 0.082263 -2.340982 -8.917249 0.286783 3.190090 -13.370479 0.818644 4.549372 -25.220617 0.000003 0.000002 0.000002 -0.176524 -1.535789 -24.160339 -0.821673 3.448276 -15.090500 -0.720337 3.140058 -14.089389 -0.000001 -0.000003 -0.000005 0.746995 2.096274 -25.866975 -0.667792 1.603658 -7.120759 -1.527608 7.771027 -35.736793 0.000001 -0.000001 0.000002 1.351838 13.291847 0.778785 47.972892 9.946694 66.561846 -1.300415 52.967506 1.637387 11.060885 14.000219 21.850202 -72.679401 -51.528498 28.008985 -14.213940 -8.990589 -29.437111 -16.518435 7.637062 -18.284953 -0.000001 0.000001 -0.000000 6.334033 3.861645 26.087530 3.368542 -3.786109 25.086960 3.426343 -3.640905 25.949728 0.000000 0.000000 -0.000001 0.936797 -1.629120 30.484968 2.971797 -6.745292 43.526296 1.825078 -5.312296 32.461225 0.000001 0.000000 -0.000002 -0.737547 0.031169 42.739618 1.204465 -8.470941 50.387289 0.370406 -6.904381 40.141046 -0.000001 0.000001 -0.000002 -2.801439 -0.429207 57.728431 -1.954691 -8.059110 41.976898 -0.377621 -12.595420 67.569668 0.000001 0.000000 0.000000 -25.323418 7.850982 12.590457 88.293528 11.733726 -2.199888 8.111601 0.348632 4.485688 -0.620917 0.000002 -0.000004 0.000001 0.000001 0.000001 -11.079534 -7.958894 -8.138760 5.734141 1.756311 -1.566629 11.617070 0.824210 10.141369 -21.276090 0.000001 0.000031 -0.000000 0.000001 -0.000000 
39.647266 107.168800 -27.543186 18.796254 -37.464680 11.542636 8.863333 -10.186206 -2.245927 0.070898 -2.590107 -0.126823 0.079154 -2.582306 -0.130707 1.799426 4.155364 -1.288652 -4.068836 37.233205 0.700208 0.000000 0.000000 -0.000001 0.322935 -12.481554 -12.909102 -15.223645 -45.318934 -44.577213 2.457445 -111.855652 2.658761 32.762918 -3.036239 -12.721051 -70.319509 52.232065 -28.111901 5.933428 -13.158274 29.495342 -17.298996 -1.201286 16.810849 0.000003 0.000005 -0.000000 5.086475 -5.555844 -1.057379 0.884412 1.872678 -8.802026 1.451301 2.665753 -13.465823 -0.000000 -0.000002 -0.000000 0.089607 -2.497286 -7.994511 0.227533 2.908575 -11.984103 0.740177 4.346230 -24.169196 -0.000001 -0.000001 0.000000 -0.161791 -1.712072 -22.933369 -0.778566 3.120445 -13.557878 -0.688536 2.893825 -12.930763 -0.000005 -0.000001 0.000004 0.623356 1.882521 -24.195400 -0.560344 1.321452 -5.821788 -1.573145 7.355687 -33.950230 0.000000 0.000002 0.000000 1.387856 13.143136 0.223674 49.019793 11.011155 66.224223 -1.422330 55.380663 1.735510 9.070174 15.367881 24.058371 -71.898451 -51.734001 28.449854 -13.594217 -8.997241 -29.395437 -16.233623 7.796452 -17.690327 0.000000 -0.000003 -0.000001 6.307312 3.885853 25.925240 3.345164 -3.769552 24.944093 3.334820 -3.575581 25.384506 0.000001 0.000001 0.000000 0.926027 -1.607770 30.429039 2.942514 -6.716919 43.286819 1.720621 -5.163619 31.397256 0.000000 -0.000000 -0.000002 -0.715249 0.001534 42.754672 1.153842 -8.393894 49.856956 0.313638 -6.769889 39.303893 -0.000001 0.000001 -0.000000 -2.717206 -0.518335 57.688502 -1.963954 -7.985173 41.602583 -0.495764 -12.406931 66.447379 0.000000 -0.000001 0.000000 -25.650936 8.758406 12.629428 82.540002 10.940446 -2.464027 9.777615 0.495483 5.175524 -0.298886 -0.000015 -0.000016 -0.000000 -0.000002 0.000001 -12.683224 -8.160783 -8.890847 9.757562 3.377244 -1.447411 6.447850 0.320008 14.457210 -18.293606 0.000002 0.000031 0.000000 0.000002 0.000001 
41.166897 108.055649 -27.379974 19.204597 -36.204060 12.154868 8.880010 -9.677028 -2.769357 0.110822 -2.435500 -0.232278 0.121227 -2.425325 -0.235463 1.719645 4.054772 -1.294179 -4.055164 36.540703 0.269971 0.000001 -0.000000 -0.000000 0.319036 -12.393255 -12.991529 -12.228863 -45.948547 -42.107515 2.688459 -110.138487 2.873916 33.504646 -3.338291 -9.823000 -69.721963 50.734164 -27.641562 6.436187 -13.030824 28.409018 -16.933495 -1.507769 16.346118 0.000003 0.000001 -0.000001 4.858057 -5.286190 -0.232141 0.803479 1.733317 -8.095517 1.388167 2.574882 -12.979271 0.000000 0.000000 -0.000001 0.100061 -2.638797 -7.066581 0.172081 2.607938 -10.511451 0.661936 4.131679 -23.067212 0.000001 0.000003 0.000001 -0.148529 -1.917834 -21.614335 -0.723371 2.774539 -11.934445 -0.649567 2.634809 -11.708616 -0.000003 0.000004 0.000001 0.481596 1.578119 -22.412275 -0.448989 1.047626 -4.549736 -1.608278 6.894118 -31.973099 0.000001 0.000002 -0.000004 1.366276 12.956281 0.295054 49.853083 12.001870 65.340144 -1.553302 57.684028 1.844058 6.910714 16.257718 25.935693 -71.237773 -51.914970 28.920285 -12.603261 -8.805599 -29.288083 -15.894287 7.858550 -16.980520 -0.000002 -0.000003 -0.000001 6.267546 3.914652 25.464824 3.280813 -3.723519 24.549739 3.207535 -3.482456 24.591987 0.000002 0.000000 -0.000000 0.897893 -1.545846 30.093257 2.867656 -6.643308 42.670388 1.577684 -4.950087 29.893081 0.000000 -0.000001 0.000004 -0.680648 -0.009131 42.514287 1.058967 -8.245123 48.842048 0.230224 -6.561398 38.016833 -0.000001 0.000001 0.000001 -2.574179 -0.581476 57.303170 -1.983980 -7.809497 40.714754 -0.665407 -12.120522 64.768860 0.000001 0.000000 0.000001 -25.455475 9.510921 12.295620 76.547870 10.244233 -2.681145 10.706913 0.566892 5.390345 -0.211834 -0.000014 -0.000023 -0.000002 0.000002 0.000001 -14.438407 -7.951048 -9.031472 13.937199 4.043686 -1.266300 7.599803 -0.058507 15.479717 -15.800755 0.000005 0.000026 -0.000000 0.000000 0.000000 
42.750443 108.690804 -27.215002 18.973738 -34.745592 12.254817 9.180776 -9.514117 -3.256152 0.163984 -2.370199 -0.386533 0.178125 -2.355644 -0.389330 1.733645 4.027919 -1.275735 -3.894506 36.404990 0.573196 -0.000001 0.000000 -0.000000 0.323986 -12.300436 -12.965910 -9.526166 -45.843892 -40.400928 2.915685 -108.684866 3.087783 34.389132 -3.481557 -7.868062 -69.214132 48.997994 -27.027880 6.876037 -12.759564 27.081318 -16.502611 -1.960247 15.803646 0.000003 0.000003 -0.000001 4.586860 -4.954496 0.528358 0.722744 1.590153 -7.375449 1.317648 2.471378 -12.428777 0.000002 -0.000003 0.000001 0.112516 -2.763535 -6.156932 0.123144 2.297331 -8.997339 0.586539 3.911695 -21.945594 0.000000 -0.000002 0.000002 -0.135179 -2.145134 -20.244182 -0.656569 2.421359 -10.268765 -0.604042 2.370871 -10.458861 -0.000003 -0.000002 -0.000001 0.333713 1.197678 -20.571898 -0.336965 0.788382 -3.334158 -1.628030 6.402089 -29.872027 -0.000001 -0.000001 0.000002 1.341258 13.688605 1.238502 50.441377 12.120460 64.505420 -1.708827 60.085263 1.976508 4.729950 13.707978 23.800595 -70.683988 -52.075148 29.411942 -11.313846 -8.442942 -29.148112 -15.509860 7.842647 -16.179876 0.000000 -0.000001 0.000001 6.217111 3.947827 24.756226 3.182688 -3.651997 23.944640 3.052189 -3.365071 23.613880 0.000001 0.000001 -0.000001 0.856081 -1.449811 29.523353 2.756090 -6.530586 41.739238 1.408551 -4.680479 28.030968 0.000001 0.000000 -0.000003 -0.636425 -0.004184 42.059209 0.931172 -8.034908 47.427710 0.129879 -6.290372 36.361209 -0.000000 0.000002 -0.000000 -2.384710 -0.625337 56.628064 -2.008583 -7.548737 39.400267 -0.868498 -11.749291 62.637042 -0.000001 -0.000000 0.000000 -24.675587 9.891033 11.673027 70.172885 9.558024 -2.737835 9.613036 0.476839 4.855862 0.786099 0.000004 0.000008 0.000003 -0.000001 0.000001 -16.064709 -7.629258 -9.005207 19.393665 4.700879 -1.033505 7.796833 -0.352311 16.562118 -12.596955 -0.000011 0.000016 -0.000001 0.000003 0.000000 
44.215107 108.902023 -27.037512 18.559376 -33.266371 12.176704 9.533239 -9.550171 -3.447428 0.193111 -2.368739 -0.481468 0.209764 -2.350789 -0.484500 1.829566 3.957025 -1.268791 -3.353744 36.054209 -0.322098 -0.000001 -0.000001 0.000000 0.347591 -12.205561 -12.696675 -7.825972 -44.229754 -40.583693 3.057613 -107.875584 3.222281 35.285539 -3.273063 -8.370318 -68.785039 47.092232 -26.300139 7.245068 -12.361460 25.561537 -16.023395 -2.539378 15.208060 0.000000 -0.000002 -0.000001 4.282065 -4.575368 1.210950 0.644768 1.447747 -6.664305 1.242827 2.359181 -11.836202 -0.000001 0.000003 0.000002 0.125833 -2.869594 -5.289008 0.082510 1.986078 -7.486492 0.516153 3.692419 -20.835328 -0.000000 0.000001 0.000001 -0.120668 -2.386071 -18.863756 -0.579836 2.071580 -8.609248 -0.553137 2.109706 -9.217479 0.000000 0.000001 -0.000004 0.190228 0.756810 -18.728136 -0.228005 0.549762 -2.204638 -1.629376 5.895642 -27.713300 -0.000001 -0.000000 0.000001 1.325502 14.231482 1.826245 50.612105 12.399786 63.517160 -1.838486 61.852513 2.089366 1.740834 14.200121 22.631905 -70.222534 -52.218056 29.918561 -9.799488 -7.937540 -29.009917 -15.090376 7.767278 -15.312603 0.000002 -0.000008 -0.000001 6.158315 3.985309 23.849289 3.058064 -3.558847 23.169528 2.876440 -3.227107 22.491821 0.000002 0.000000 -0.000001 0.805155 -1.327436 28.764727 2.616929 -6.384644 40.555672 1.225241 -4.364105 25.893152 -0.000000 -0.000000 0.000003 -0.585251 0.012916 41.430240 0.782120 -7.773589 45.699095 0.022170 -5.968514 34.418191 -0.000000 -0.000000 0.000002 -2.161071 -0.657115 55.718692 -2.030955 -7.219631 37.745958 -1.087154 -11.307092 60.154501 0.000000 -0.000000 0.000001 -23.592131 10.268355 11.217451 64.072427 6.563530 -2.994764 8.460537 0.379464 4.149198 1.447100 -0.000006 -0.000013 0.000001 0.000001 -0.000000 -17.145740 -7.342489 -8.683628 24.585426 5.403167 -0.806544 7.573555 -0.487245 17.598240 -9.453037 -0.000004 0.000034 -0.000002 0.000004 -0.000000 
45.627693 108.935760 -26.819702 18.114946 -31.490410 12.047243 9.910517 -9.828085 -3.542009 0.231688 -2.439640 -0.531725 0.250427 -2.419533 -0.534355 1.840535 3.923684 -1.296728 -3.116634 35.859040 -1.185136 0.000001 -0.000000 -0.000001 0.352646 -12.044724 -12.690258 -5.390959 -42.562221 -40.466487 3.262442 -106.820477 3.417478 34.886742 -3.866019 -8.665480 -68.423428 45.084354 -25.489984 7.534073 -11.850516 23.900381 -15.512949 -3.224797 14.583219 0.000002 0.000001 -0.000001 3.954371 -4.162380 1.802134 0.571864 1.310681 -5.984529 1.166665 2.242320 -11.223399 -0.000002 0.000001 -0.000000 0.138944 -2.955126 -4.486307 0.050977 1.683697 -6.023527 0.452486 3.480137 -19.767291 0.000001 -0.000001 -0.000002 -0.104470 -2.632793 -17.514009 -0.496050 1.735586 -7.004379 -0.498693 1.859021 -8.020415 -0.000001 0.000000 -0.000001 0.059523 0.272061 -16.934645 -0.126262 0.337519 -1.190812 -1.611637 5.391007 -25.562859 -0.000000 -0.000001 0.000000 1.317471 14.455214 2.067459 49.988751 12.715666 62.842972 -1.899582 62.620247 2.143175 -1.063454 18.047014 18.869152 -69.837236 -52.346990 30.435719 -8.132565 -7.320046 -28.904107 -14.646746 7.649862 -14.403112 0.000001 0.000001 -0.000001 6.093378 4.026914 22.793793 2.914251 -3.448030 22.265216 2.687724 -3.072593 21.267502 -0.000002 0.000000 -0.000001 0.747714 -1.183059 27.863470 2.459197 -6.211599 39.181961 1.038892 -4.011228 23.561552 0.000001 -0.000000 0.000002 -0.529717 0.038815 40.668189 0.622921 -7.472071 43.741146 -0.084135 -5.608116 32.268778 -0.000000 -0.000000 0.000003 -1.915239 -0.683470 54.630705 -2.044851 -6.839260 35.838522 -1.305037 -10.809176 57.423101 -0.000001 -0.000001 -0.000001 -22.406026 10.341495 10.751824 57.383650 4.149729 -3.187197 8.067860 0.282017 1.149686 1.337350 -0.000006 0.000010 -0.000000 -0.000001 0.000000 -17.159580 -7.228330 -8.076509 28.027668 5.793046 -0.627311 7.510596 -0.347802 18.658535 -6.991569 0.000004 0.000009 -0.000003 0.000000 0.000002 
47.221989 108.657349 -26.494560 18.434525 -29.666199 12.516040 9.647396 -9.469046 -3.854619 0.185063 -2.334399 -0.610256 0.204804 -2.311414 -0.614953 1.823370 3.771979 -1.293233 -2.889581 34.573663 -1.592317 -0.000002 -0.000000 -0.000000 0.346136 -11.820640 -12.861484 -2.941254 -40.876428 -40.623537 3.522264 -105.644961 3.666572 34.422572 -4.462557 -8.448961 -68.119300 43.040454 -24.629546 7.733224 -11.238155 22.150061 -14.988336 -3.994936 13.951839 0.000002 0.000004 0.000001 3.615871 -3.728060 2.287953 0.506159 1.183673 -5.358531 1.091932 2.124919 -10.612203 0.000000 -0.000002 -0.000001 0.150874 -3.018316 -3.772250 0.028480 1.399715 -4.653125 0.396707 3.281254 -18.772295 -0.000001 -0.000001 -0.000001 -0.086720 -2.877439 -16.235846 -0.409180 1.423466 -5.502673 -0.443206 1.626207 -6.903647 0.000002 0.000000 -0.000002 -0.052698 -0.239180 -15.244700 -0.036145 0.157233 -0.322343 -1.576479 4.904329 -23.486442 0.000000 0.000002 -0.000001 1.262265 14.124390 2.417141 49.023905 12.811867 62.261634 -1.959374 63.335422 2.196255 -2.883858 16.536178 16.476653 -69.511880 -52.464906 30.959601 -6.383269 -6.623865 -28.853796 -14.190608 7.506468 -13.475967 -0.000002 -0.000001 0.000001 6.024576 4.072180 21.639627 2.758340 -3.323687 21.272402 2.493151 -2.906018 19.982427 0.000002 0.000001 -0.000001 0.687320 -1.023298 26.865169 2.291553 -6.018073 37.680245 0.859097 -3.633215 21.117791 0.000001 0.000001 0.000000 -0.472282 0.070388 39.813828 0.463574 -7.142074 41.638510 -0.181803 -5.222238 29.993635 -0.000000 -0.000000 0.000001 -1.658200 -0.709163 53.419944 -2.045485 -6.425006 33.764330 -1.508409 -10.272646 54.543889 -0.000001 -0.000001 -0.000001 -21.836217 10.555506 9.810199 50.899669 2.971610 -3.303352 7.540464 0.229063 -1.825107 1.193810 -0.000001 -0.000003 0.000005 0.000001 -0.000002 -17.682866 -6.914321 -7.767184 30.851869 6.176196 -0.465494 7.176269 0.037258 19.786723 -5.835154 0.000015 0.000011 -0.000001 -0.000001 0.000004 
48.565544 108.271317 -26.167707 17.725611 -27.711913 12.186268 10.124339 -9.443008 -3.957404 0.256256 -2.321754 -0.592966 0.275287 -2.299478 -0.595812 1.819418 3.661882 -1.332447 -3.185972 33.376522 -1.919018 0.000000 0.000000 0.000000 0.325119 -11.473551 -13.302846 -0.840425 -39.167081 -41.449870 3.855275 -104.354212 3.987835 35.094987 -4.271143 -6.852961 -67.864507 41.025436 -23.751242 7.832781 -10.534204 20.364658 -14.466354 -4.826731 13.335142 0.000003 -0.000002 -0.000000 3.279853 -3.284042 2.653924 0.449586 1.071514 -4.808735 1.021222 2.011208 -10.024396 -0.000003 -0.000001 -0.000000 0.160848 -3.057324 -3.170322 0.014041 1.143717 -3.419858 0.349689 3.102270 -17.881123 0.000000 0.000001 0.000003 -0.068180 -3.112182 -15.070259 -0.324158 1.144954 -4.152704 -0.389656 1.418601 -5.903096 -0.000001 -0.000002 0.000002 -0.143631 -0.758914 -13.711431 0.037726 0.014316 0.371017 -1.527752 4.451586 -21.549711 -0.000001 0.000001 0.000002 1.237788 13.870571 2.506844 46.996346 12.689443 62.250740 -1.930575 62.995620 2.170651 -4.083629 14.710867 14.846280 -69.229520 -52.574374 31.487152 -4.618513 -5.884576 -28.871797 -13.734506 7.351721 -12.556161 -0.000002 -0.000003 0.000001 5.954111 4.120257 20.436619 2.597223 -3.190452 20.231768 2.299484 -2.732446 18.678119 0.000001 0.000000 -0.000001 0.627158 -0.854984 25.815513 2.121955 -5.811264 36.112508 0.693580 -3.242662 18.643187 0.000001 -0.000000 0.000002 -0.415283 0.104846 38.908063 0.312434 -6.796400 39.475512 -0.265512 -4.824656 27.673073 -0.000000 0.000001 0.000002 -1.401871 -0.739000 52.142289 -2.030145 -5.994546 31.609450 -1.686901 -9.716302 51.616822 -0.000001 0.000001 -0.000003 -20.489768 10.717915 9.189101 44.988906 3.121018 -3.190740 6.471885 0.232926 -2.531725 1.719652 -0.000006 0.000005 0.000000 -0.000001 -0.000002 -15.980015 -7.007136 -6.851905 31.758399 6.698100 -0.321689 6.758775 0.961634 20.999760 -6.069821 0.000005 -0.000003 -0.000005 0.000000 -0.000000 
49.978912 107.689056 -25.812916 17.734514 -25.987922 12.462304 10.076880 -9.092550 -4.298020 0.244397 -2.211091 -0.610166 0.262441 -2.188607 -0.613463 1.794899 3.519443 -1.402002 -3.412448 31.933419 -2.374866 -0.000002 0.000000 -0.000000 0.286575 -11.066581 -14.078972 1.380280 -37.489385 -41.794074 4.435284 -102.544403 4.551444 34.513803 -5.624768 -5.810398 -67.653201 39.102778 -22.887098 7.823409 -9.747519 18.599947 -13.963521 -5.695803 12.752529 0.000004 -0.000000 -0.000002 2.960458 -2.841325 2.884933 0.403960 0.979042 -4.357528 0.956987 1.905563 -9.481775 -0.000000 -0.000001 -0.000000 0.168225 -3.070400 -2.704000 0.006066 0.925205 -2.368330 0.311973 2.949704 -17.124567 -0.000004 -0.000002 -0.000000 -0.050345 -3.329272 -14.058284 -0.246614 0.909494 -3.003111 -0.341429 1.243373 -5.054852 0.000001 -0.000000 -0.000000 -0.213436 -1.268882 -12.387872 0.090779 -0.085803 0.859549 -1.471229 4.048268 -19.818279 -0.000002 0.000000 0.000001 1.228471 13.554971 2.388711 44.532116 12.553307 62.616791 -1.855325 62.068388 2.104157 -5.257839 13.332872 12.566256 -68.973545 -52.677667 32.015231 -2.902027 -5.138595 -28.959582 -13.291641 7.198603 -11.669070 -0.000000 -0.000008 -0.000000 5.884313 4.169752 19.234523 2.437368 -3.053267 19.183872 2.112895 -2.557457 17.395927 -0.000001 -0.000000 -0.000001 0.569923 -0.685098 24.760004 1.957620 -5.599206 34.540577 0.547893 -2.853120 16.218670 0.000000 0.000000 0.000000 -0.360803 0.139779 37.991776 0.175918 -6.448742 37.335948 -0.332127 -4.429673 25.387094 0.000001 0.000000 0.000001 -1.156338 -0.774518 50.853866 -1.998634 -5.565653 29.459518 -1.834037 -9.160372 48.740865 -0.000001 -0.000000 -0.000001 -20.265767 10.375339 7.971244 40.704355 4.694047 -3.004349 3.948479 0.259936 -3.471094 3.345502 -0.000006 0.000011 -0.000001 0.000000 0.000000 -14.276557 -6.889427 -6.034802 31.584574 7.897755 -0.185210 6.223073 2.443153 22.350990 -7.167885 0.000017 0.000024 -0.000004 -0.000002 -0.000001 
51.464077 106.785965 -25.399708 17.544309 -24.115315 12.719292 10.213854 -8.541728 -4.695413 0.244339 -2.038545 -0.618301 0.260395 -2.016200 -0.621840 1.694841 3.382179 -1.508330 -3.618758 30.285954 -2.356174 0.000001 0.000000 0.000000 0.225354 -10.756079 -15.223897 3.608976 -35.288227 -41.891524 5.435997 -100.295365 5.531813 32.009040 -7.410256 -4.801334 -67.481866 37.334927 -22.068541 7.696609 -8.887125 16.913594 -13.495948 -6.576442 12.221574 0.000003 -0.000000 -0.000002 2.672471 -2.410554 2.965233 0.371019 0.911125 -4.027308 0.901485 1.812435 -9.006035 -0.000003 -0.000000 0.000000 0.172637 -3.055732 -2.396739 0.002638 0.753646 -1.543189 0.283894 2.830108 -16.533371 0.000002 -0.000000 0.000001 -0.035116 -3.520941 -13.240977 -0.182577 0.726194 -2.102624 -0.302134 1.107566 -4.394991 -0.000001 0.000000 0.000000 -0.265077 -1.750757 -11.327162 0.118707 -0.137670 1.113515 -1.414077 3.709467 -18.357781 0.000003 0.000000 -0.000004 1.198323 12.946533 2.284134 41.634589 12.188111 63.209357 -1.747176 60.628966 2.009681 -6.803133 11.695283 11.133447 -68.727501 -52.776633 32.540541 -1.294038 -4.422128 -29.107206 -12.875765 7.058670 -10.840546 -0.000000 0.000001 -0.000001 5.817359 4.218835 18.083204 2.284986 -2.917627 18.169254 1.939130 -2.387197 16.177095 -0.000001 -0.000000 -0.000002 0.518575 -0.522646 23.743879 1.804836 -5.390572 33.026089 0.425327 -2.478968 13.924960 0.000001 -0.000000 -0.000001 -0.310748 0.173191 37.105891 0.058372 -6.113626 35.303288 -0.380732 -4.052043 23.215504 -0.000001 -0.000001 -0.000001 -0.929481 -0.813970 49.611219 -1.953311 -5.155951 27.400084 -1.947321 -8.626132 46.014114 -0.000001 -0.000001 0.000003 -19.981104 9.441771 6.048609 37.087743 6.832683 -2.219350 0.862827 0.328202 -4.160739 4.124495 -0.000004 -0.000003 0.000005 -0.000000 -0.000000 -12.252210 -6.746792 -5.232584 31.157175 8.324433 -0.086450 5.113496 4.564024 23.319808 -8.831599 0.000006 0.000021 -0.000004 0.000002 -0.000004 
52.846893 105.488129 -24.857470 17.558420 -22.096384 13.202775 9.962215 -8.262993 -5.077966 0.220971 -1.948091 -0.631920 0.236235 -1.925855 -0.635857 1.643743 3.220807 -1.540810 -3.815663 28.581242 -2.634873 0.000002 -0.000000 -0.000000 0.171991 -10.483917 -16.305086 5.983841 -33.425894 -41.794703 6.974064 -98.066531 7.049743 31.639735 -8.113787 -2.160772 -67.348520 35.783149 -21.327107 7.444742 -7.963257 15.364779 -13.079464 -7.441934 11.758074 0.000002 0.000003 0.000000 2.430915 -2.002446 2.878527 0.352542 0.872614 -3.840464 0.856871 1.736317 -8.618939 -0.000000 0.000001 0.000001 0.173995 -3.011526 -2.271967 0.001706 0.638421 -0.989087 0.265836 2.750038 -16.138279 0.000007 0.000000 -0.000000 -0.024959 -3.679528 -12.659469 -0.138155 0.604104 -1.499998 -0.275334 1.018218 -3.959588 -0.000002 -0.000000 0.000003 -0.303783 -2.186347 -10.582508 0.117573 -0.135579 1.103252 -1.364247 3.449786 -17.234078 -0.000001 -0.000001 -0.000001 1.189840 12.602612 2.113357 39.081663 11.742012 64.073342 -1.631945 58.940236 1.910598 -8.681697 11.724673 8.441563 -68.475078 -52.872733 33.059683 0.147871 -3.769707 -29.294640 -12.501113 6.942225 -10.096736 -0.000000 -0.000001 -0.000001 5.755450 4.265167 17.032318 2.145777 -2.789379 17.228351 1.783430 -2.228249 15.062831 -0.000001 0.000000 -0.000002 0.474194 -0.373567 22.812840 1.668939 -5.194682 31.630435 0.327087 -2.135097 11.842646 0.000001 0.000000 -0.000000 -0.266808 0.203415 36.291370 -0.037826 -5.806168 33.460724 -0.412478 -3.706562 21.237867 -0.000001 -0.000000 0.000001 -0.729789 -0.855630 48.470714 -1.898931 -4.782690 25.516391 -2.027930 -8.135266 43.534028 -0.000000 -0.000000 -0.000002 -20.038650 8.520016 4.213933 34.589304 7.616006 -1.660851 -0.145936 0.389643 -4.743509 4.328135 -0.000006 0.000008 -0.000001 -0.000001 -0.000001 -10.669593 -6.577872 -4.493781 31.088327 8.303289 -0.072385 3.288312 6.039791 23.426644 -10.763113 -0.000006 0.000013 -0.000004 0.000001 0.000001 
54.227806 103.931946 -24.276941 17.697812 -20.195947 13.840044 9.352789 -7.703906 -5.755635 0.146318 -1.769336 -0.741336 0.161711 -1.743996 -0.747206 1.596226 3.049838 -1.508549 -3.871099 27.047489 -2.618023 -0.000001 0.000000 0.000000 0.151101 -9.956926 -17.217128 8.371281 -31.722469 -41.346499 9.948166 -95.688505 10.002325 29.527806 -7.900156 1.515663 -67.252843 34.508073 -20.693542 7.061010 -6.988678 14.014174 -12.729467 -8.264794 11.376193 0.000001 0.000000 -0.000003 2.250486 -1.628191 2.608023 0.350484 0.868267 -3.819406 0.825297 1.681694 -8.342224 0.000002 0.000001 0.000000 0.172463 -2.935885 -2.353102 0.001667 0.588833 -0.750706 0.258297 2.715906 -15.970138 0.000002 -0.000000 -0.000001 -0.022519 -3.797249 -12.354878 -0.118894 0.552387 -1.243976 -0.264404 0.982392 -3.784686 0.000001 -0.000000 0.000000 -0.336542 -2.557636 -10.207363 0.084188 -0.073451 0.799161 -1.329565 3.283656 -16.513021 0.000001 -0.000000 -0.000000 1.159319 12.541410 2.442711 36.874484 10.727422 64.607832 -1.568101 57.927449 1.856534 -11.356936 11.925020 7.204600 -68.200484 -52.967168 33.568857 1.368294 -3.213644 -29.493979 -12.182056 6.858551 -9.464132 0.000001 -0.000007 0.000001 5.700610 4.306217 16.131688 2.025167 -2.674750 16.401492 1.650565 -2.087599 14.094270 -0.000001 0.000001 0.000003 0.438065 -0.245195 22.012421 1.554474 -5.021336 30.414979 0.252622 -1.836580 10.052152 0.000001 0.000000 0.000001 -0.230433 0.229038 35.589220 -0.111905 -5.541759 31.891205 -0.430245 -3.407999 19.533716 -0.000001 0.000000 0.000000 -0.564243 -0.895791 47.488912 -1.842248 -4.462639 23.893796 -2.080117 -7.709421 41.397732 -0.000000 -0.000000 0.000001 -20.259808 7.695530 2.491777 32.861075 7.751120 -1.337600 -0.437730 0.484474 -5.731234 3.554538 -0.000001 -0.000000 0.000003 0.000000 0.000001 -9.745210 -6.437903 -3.892670 31.527624 8.254424 -0.204129 1.025496 5.759748 22.278260 -12.664712 0.000001 0.000039 -0.000000 0.000002 0.000001 
55.672459 101.953094 -23.704613 18.006530 -18.846256 14.645710 8.757295 -6.494056 -6.622318 0.128695 -1.412333 -0.889878 0.142268 -1.384323 -0.896091 1.410418 2.838268 -1.498370 -4.016580 25.166836 -2.303763 -0.000000 -0.000000 -0.000000 0.166791 -9.384007 -17.651021 9.488439 -30.104141 -41.501305 19.783906 -92.910216 19.812420 28.997971 -7.526486 3.726629 -67.195422 33.569908 -20.198422 6.539586 -5.979932 12.923407 -12.461223 -9.017177 11.088905 -0.000002 0.000000 -0.000002 2.145263 -1.300116 2.136583 0.366990 0.902740 -3.986572 0.808901 1.653086 -8.197612 -0.000003 -0.000001 0.000001 0.168553 -2.826996 -2.663545 0.001668 0.614223 -0.872740 0.262292 2.734088 -16.059779 -0.000001 -0.000001 0.000001 -0.030551 -3.866268 -12.368356 -0.129405 0.580515 -1.383255 -0.272029 1.007316 -3.906336 -0.000002 -0.000000 0.000001 -0.371126 -2.846724 -10.255314 0.016307 0.055306 0.171729 -1.316925 3.225632 -16.260534 0.000001 -0.000000 -0.000000 1.097957 11.855744 2.684467 34.400675 10.488799 64.883191 -1.476418 56.366505 1.779964 -14.302571 11.948221 6.859081 -67.887948 -53.060721 34.063943 2.312975 -2.783945 -29.672722 -11.933080 6.816370 -8.969329 0.000001 -0.000004 -0.000001 5.655021 4.338687 15.430973 1.928270 -2.580238 15.728993 1.545029 -1.972390 13.312428 0.000001 -0.000001 -0.000001 0.410962 -0.144364 21.388169 1.465410 -4.880618 29.440888 0.200296 -1.598521 8.634007 0.000001 -0.000000 0.000002 -0.202970 0.248830 35.040445 -0.164204 -5.335845 30.677603 -0.437994 -3.170924 18.182631 0.000000 0.000000 0.000000 -0.438968 -0.929797 46.722332 -1.791326 -4.212074 22.617663 -2.110097 -7.369899 39.702267 0.000001 -0.000000 0.000000 -20.967779 7.142847 1.206758 33.074136 7.372590 -1.509366 -0.822120 0.662314 -8.167466 -1.005095 0.001661 -0.304065 -0.000001 -0.000000 0.000000 -8.930023 -6.427790 -3.239032 31.655857 6.261015 -0.594361 -2.252881 5.301097 18.900961 -14.366990 0.000015 0.000035 -0.000003 -0.000002 -0.000002 
57.104404 99.810356 -23.090204 18.244905 -17.772653 15.375944 8.262805 -5.457514 -7.293651 0.110198 -1.111760 -1.085328 0.122163 -1.079585 -1.092078 1.193852 2.653349 -1.398323 -4.420150 23.781187 -1.730759 0.000002 0.000000 0.000000 0.197034 -8.804103 -17.868012 10.034530 -28.530381 -41.862813 106.860441 -91.029954 106.861199 29.190883 -7.035420 5.137452 -67.177178 33.029104 -19.871182 5.875253 -4.958934 12.154596 -12.289610 -9.671283 10.908409 0.000003 0.000002 -0.000002 2.127824 -1.032214 1.446948 0.404656 0.980477 -4.364455 0.809960 1.654897 -8.206856 -0.000001 -0.000001 0.000000 0.163109 -2.682948 -3.226675 0.002297 0.723869 -1.399926 0.279481 2.810809 -16.438075 0.000001 -0.000002 0.000000 -0.051463 -3.878542 -12.740943 -0.172661 0.698544 -1.966462 -0.300037 1.100505 -4.360548 -0.000001 -0.000002 0.000000 -0.415006 -3.035514 -10.779961 -0.086902 0.257957 -0.808386 -1.331035 3.290496 -16.542705 0.000002 -0.000000 -0.000000 1.040503 11.613090 3.276490 32.333583 10.308769 64.618330 -1.414487 55.234247 1.729108 -16.407699 11.474494 8.704398 -67.521761 -53.153925 34.540984 2.927939 -2.509191 -29.797568 -11.768609 6.824455 -8.638942 -0.000000 -0.000001 0.000000 5.620767 4.358954 14.979909 1.860085 -2.512369 15.251201 1.471193 -1.889866 12.758399 -0.000002 0.000000 -0.000000 0.394154 -0.079544 20.985422 1.405392 -4.782705 28.769406 0.168066 -1.435731 7.668729 -0.000001 0.000000 -0.000001 -0.185769 0.261584 34.686071 -0.195289 -5.203797 29.902814 -0.440058 -3.009639 17.264174 0.000001 0.000000 0.000000 -0.360543 -0.953481 46.227482 -1.754544 -4.046939 21.773383 -2.124747 -7.137507 38.544762 0.000001 -0.000001 0.000001 -21.930658 6.744514 0.184158 34.658412 6.598723 -1.790429 -2.262145 0.941862 -10.902379 -12.919503 0.122421 -0.989839 0.000000 0.000000 -0.000000 -6.646568 -6.722210 -2.125537 29.225474 3.213083 -1.280929 -6.159871 4.359094 13.694167 -18.830114 0.108418 -2.146275 0.000000 0.000001 -0.000000 
58.374153 97.762146 -22.287094 18.084529 -16.625816 15.718883 8.231896 -4.400018 -7.929658 0.135850 -0.795289 -1.249365 0.144108 -0.759675 -1.256229 0.899458 2.431801 -1.281584 -5.159896 22.123686 -1.515906 0.000001 -0.000000 -0.000000 0.226945 -8.318990 -18.007410 10.264244 -26.993341 -42.111641 162.709887 -93.312637 162.685667 29.950267 -6.807417 5.387958 -67.198925 32.946869 -19.740126 5.063767 -3.954173 11.769647 -12.229324 -10.199973 10.846836 -0.000003 0.000007 -0.000000 2.208616 -0.840782 0.522042 0.466648 1.105620 -4.975638 0.830932 1.691484 -8.391732 0.000001 -0.000002 0.000001 0.157290 -2.501788 -4.065853 0.006115 0.927006 -2.377026 0.312525 2.952016 -17.136048 0.000006 0.000001 0.000001 -0.087132 -3.825671 -13.513623 -0.249305 0.917437 -3.042009 -0.348900 1.269853 -5.183247 -0.000003 0.000001 -0.000001 -0.474089 -3.105501 -11.834842 -0.224633 0.542542 -2.170417 -1.373072 3.493946 -17.425518 -0.000000 0.000004 -0.000001 1.024333 11.411114 3.346482 30.464628 10.635702 64.884038 -1.360279 54.187347 1.685175 -18.899156 10.877110 10.615956 -67.086220 -53.247038 34.995796 3.157960 -2.417948 -29.839119 -11.702778 6.892183 -8.499363 -0.000001 -0.000004 -0.000001 5.600086 4.363517 14.828163 1.825660 -2.477656 15.008383 1.433488 -1.847096 12.473268 -0.000000 -0.000000 -0.000001 0.388976 -0.058762 20.849571 1.378264 -4.737596 28.461711 0.154525 -1.362737 7.236976 0.000001 -0.000000 0.000000 -0.180134 0.265975 34.567034 -0.205048 -5.160593 29.649892 -0.440160 -2.938328 16.858114 -0.000001 0.000000 -0.000000 -0.333802 -0.961490 46.061054 -1.739652 -3.983137 21.446493 -2.129810 -7.032564 38.022690 0.000001 -0.000001 -0.000002 -22.575495 6.527486 -0.529076 37.300906 4.838628 -1.929717 -6.286589 1.428838 -12.828567 -19.551249 -0.265177 1.641281 -0.000000 0.000000 -0.000000 -2.590970 -7.236781 -0.517955 24.157862 -0.076391 -2.113436 -9.759887 3.104723 7.812940 -23.920004 0.542098 -5.048074 -0.000000 0.000002 -0.000001 
59.595627 95.719780 -21.421856 17.756173 -15.453510 15.943625 8.427101 -3.298662 -8.591423 0.189396 -0.460849 -1.403698 0.192621 -0.422199 -1.410446 0.564217 2.191245 -1.157573 -6.056476 20.333784 -1.461404 0.000000 -0.000000 -0.000000 0.245832 -8.009660 -18.141730 9.989903 -25.482311 -42.046829 170.133155 -95.731679 170.086805 31.811736 -7.197368 3.073624 -67.313973 33.423988 -19.836234 3.915910 -2.803143 11.815015 -12.299209 -10.665831 10.921251 0.000003 -0.000002 -0.000003 2.424301 -0.717072 -0.876783 0.572376 1.311680 -5.989344 0.880706 1.777115 -8.826300 0.000001 0.000002 0.000000 0.152399 -2.239241 -5.409511 0.021352 1.285519 -4.102721 0.375214 3.200806 -18.371261 0.000000 0.000002 -0.000001 -0.147685 -3.680201 -14.935669 -0.374451 1.306866 -4.938668 -0.428623 1.568171 -6.624384 -0.000002 -0.000003 0.000002 -0.563149 -3.038369 -13.757960 -0.423230 0.986651 -4.264908 -1.449338 3.912165 -19.232269 -0.000002 -0.000002 -0.000001 1.068865 11.501946 2.789817 28.207624 11.929286 65.883049 -1.248590 51.851521 1.596651 -21.693318 11.675209 12.150768 -66.615614 -53.333559 35.414763 2.950451 -2.524732 -29.779051 -11.756020 7.018258 -8.585522 -0.000000 -0.000003 -0.000001 5.594303 4.350150 15.008591 1.827202 -2.479210 15.019226 1.435948 -1.849910 12.491970 -0.000002 -0.000000 0.000001 0.396162 -0.086142 21.004384 1.386215 -4.750863 28.552025 0.160137 -1.393358 7.418029 0.000001 0.000000 -0.000001 -0.187873 0.263331 34.701217 -0.192308 -5.216846 29.979271 -0.440182 -2.968973 17.032593 -0.000001 0.000000 0.000000 -0.365751 -0.945489 46.251043 -1.750836 -4.030880 21.691180 -2.127996 -7.072498 38.221370 -0.000001 0.000000 0.000000 -23.106001 6.530252 -1.479395 40.809376 3.006671 -2.040470 -13.371274 1.943170 -11.380136 -18.303782 -0.148142 1.712105 -0.000000 0.000001 -0.000000 1.311298 -7.662603 1.117108 19.558995 -2.968242 -2.895582 -14.249145 1.938438 0.550128 -24.400129 0.312594 -4.002062 -0.000000 -0.000002 0.000000 
60.759106 93.791931 -20.499765 17.330213 -14.243617 16.043433 8.628266 -2.459447 -9.198453 0.199980 -0.195660 -1.527064 0.198654 -0.153432 -1.533943 0.267032 1.964099 -1.031106 -6.959023 18.579327 -1.462024 0.000001 -0.000000 -0.000000 0.265685 -7.795101 -18.072172 9.683281 -24.033496 -41.812564 172.997531 -98.028945 172.930445 33.701881 -8.078160 1.128518 -67.561192 34.455470 -20.142931 2.315443 -1.393403 12.295010 -12.494074 -11.141086 11.123358 0.000002 0.000000 0.000003 2.781242 -0.650931 -2.889125 0.735665 1.613329 -7.491729 0.963127 1.915786 -9.534079 0.000000 -0.000004 0.000000 0.154499 -1.868114 -7.381294 0.065091 1.828399 -6.723075 0.480926 3.576728 -20.252472 0.000003 -0.000004 0.000003 -0.237159 -3.431062 -17.123803 -0.539646 1.905376 -7.816802 -0.535068 2.023651 -8.807174 -0.000002 0.000003 -0.000003 -0.693782 -2.837473 -16.710003 -0.681218 1.640265 -7.288370 -1.543171 4.580231 -22.100646 -0.000000 -0.000002 -0.000001 1.114986 11.677336 2.299691 25.509700 13.490191 66.780795 -1.150260 49.573646 1.521238 -21.396503 11.725934 14.077867 -66.153087 -53.408340 35.792633 2.340568 -2.801612 -29.633472 -11.925774 7.187386 -8.888919 -0.000003 -0.000001 0.000001 5.601656 4.321154 15.480735 1.859332 -2.511597 15.245821 1.475112 -1.894294 12.788017 -0.000005 0.000000 -0.000004 0.414448 -0.154975 21.408608 1.424656 -4.814438 28.986548 0.184325 -1.519669 8.166011 0.000001 -0.000000 0.000000 -0.208288 0.256564 35.048761 -0.157978 -5.361380 30.827663 -0.439328 -3.092326 17.734993 0.000000 0.000001 0.000000 -0.452853 -0.903925 46.745009 -1.783641 -4.176662 22.436804 -2.118593 -7.244532 39.077582 0.000001 -0.000001 0.000002 -23.640611 6.666298 -2.234120 44.531317 1.015916 -2.051442 -20.409978 2.184119 -9.721408 -14.761217 -0.026834 1.279967 -0.000000 0.000001 0.000000 2.445239 -7.841926 1.965657 19.665375 -5.835999 -3.424995 -19.319812 1.194551 -4.444785 -24.342625 0.005550 -0.179861 0.000000 0.000001 0.000000 
61.790588 92.233803 -19.462454 16.859916 -12.897047 15.890840 8.343219 -2.779465 -9.521413 -0.029432 -0.244752 -1.563266 -0.029966 -0.195116 -1.571888 0.178476 1.821308 -0.908108 -7.654417 17.144304 -1.343695 0.000002 0.000000 0.000000 0.299116 -7.629314 -17.518967 10.138308 -22.709443 -41.541658 174.566084 -100.289956 174.478535 33.905322 -8.909705 3.733498 -67.919497 35.945964 -20.612594 0.369215 0.157026 13.201455 -12.792248 -11.614759 11.428258 0.000004 0.000006 0.000004 3.238534 -0.659400 -5.382473 0.951968 1.986105 -9.380841 1.073663 2.095766 -10.461223 0.000006 -0.000004 -0.000000 0.172102 -1.412615 -9.847638 0.156445 2.514354 -10.054468 0.633244 4.049600 -22.647845 0.000001 0.000002 -0.000000 -0.346604 -3.093536 -19.919905 -0.705889 2.676510 -11.473038 -0.645084 2.607144 -11.577860 -0.000002 -0.000001 0.000001 -0.861339 -2.514997 -20.477839 -0.953028 2.469165 -11.039580 -1.614753 5.451182 -25.819474 0.000000 0.000002 -0.000001 1.154093 12.105250 2.149682 23.468767 14.864740 67.193332 -1.130692 49.093112 1.506540 -14.628259 10.922715 12.639672 -65.695451 -53.473268 36.139214 1.401644 -3.215618 -29.436322 -12.190898 7.390523 -9.370419 -0.000002 -0.000003 0.000000 5.619728 4.280506 16.184029 1.916074 -2.568174 15.643800 1.544770 -1.972101 13.310387 -0.000004 0.000000 -0.000001 0.442245 -0.256475 22.009955 1.488369 -4.917405 29.694568 0.226865 -1.722919 9.374005 0.000002 -0.000000 0.000001 -0.239407 0.246362 35.564160 -0.102809 -5.575868 32.093034 -0.434780 -3.290504 18.863960 -0.000001 0.000003 -0.000001 -0.586113 -0.843960 47.478714 -1.830311 -4.401245 23.581629 -2.097825 -7.523125 40.466719 0.000002 0.000002 -0.000000 -23.915175 6.743826 -2.639971 47.479059 -1.000417 -2.072009 -25.524588 2.201141 -8.390103 -13.352596 -0.000229 0.120729 -0.000000 0.000000 -0.000000 -1.220957 -7.619303 1.356370 27.817769 -8.856134 -3.559236 -23.226311 0.274454 -2.141593 -25.917245 0.000002 0.000040 -0.000000 -0.000003 -0.000000 
62.687473 91.053040 -18.349388 16.345167 -11.557363 15.427003 8.039138 -3.224305 -9.609098 -0.273217 -0.340248 -1.545695 -0.272116 -0.284363 -1.555882 0.168914 1.705205 -0.786968 -8.124118 15.935255 -1.265211 0.000002 -0.000000 0.000000 0.326729 -7.576296 -16.802742 10.866103 -21.411364 -41.262641 175.538676 -102.460248 175.431537 33.628423 -9.500305 7.182633 -68.368629 37.800480 -21.196386 -1.815307 1.727769 14.508338 -13.171789 -12.076299 11.811928 0.000003 -0.000001 0.000001 3.752646 -0.755600 -8.223339 1.215741 2.405551 -11.554809 1.207577 2.305439 -11.553869 -0.000002 -0.000002 0.000001 0.212235 -0.897352 -12.675153 0.311866 3.300019 -13.914067 0.834369 4.588784 -25.425572 0.000002 -0.000005 0.000001 -0.466320 -2.683141 -23.165807 -0.836477 3.580056 -15.705255 -0.737006 3.287788 -14.783203 -0.000001 0.000000 0.000001 -1.056280 -2.082385 -24.847928 -1.196353 3.434408 -15.318934 -1.626272 6.474099 -30.179160 0.000000 -0.000003 -0.000002 1.230865 12.935846 1.887795 22.111595 14.808415 67.668009 -1.174603 50.157576 1.539673 -11.081381 10.325619 8.705829 -65.239447 -53.530276 36.463897 0.206441 -3.733250 -29.223354 -12.530086 7.619172 -9.991026 0.000001 -0.000006 -0.000002 5.646182 4.232179 17.058153 1.991513 -2.642196 16.168854 1.638856 -2.074975 14.008085 0.000002 -0.000000 0.000000 0.478177 -0.381664 22.756240 1.572157 -5.048649 30.605415 0.288189 -1.984123 10.935238 0.000003 0.000001 -0.000000 -0.279122 0.233336 36.202031 -0.027233 -5.841822 33.673359 -0.423163 -3.545521 20.318218 0.000000 0.000002 0.000001 -0.756959 -0.773444 48.387932 -1.882697 -4.685425 25.024112 -2.060879 -7.882461 42.264364 -0.000000 -0.000002 -0.000002 -23.779351 6.686950 -2.689586 49.548866 -2.973424 -2.086187 -29.268146 2.126914 -7.197717 -12.783158 0.000014 0.000010 -0.000000 0.000000 0.000000 -4.830845 -7.398481 0.880486 35.513825 -11.547499 -3.430933 -23.104981 0.227170 -0.023369 -30.368315 0.000009 0.000044 -0.000000 -0.000000 0.000000 
63.277649 90.679077 -17.067335 15.730993 -10.347153 14.157071 8.191479 -2.898376 -9.159923 -0.319439 -0.260696 -1.453957 -0.319521 -0.205860 -1.463568 0.187695 1.584807 -0.667929 -8.142848 15.088540 -1.416556 0.000001 -0.000000 0.000000 0.343266 -7.711090 -16.029303 11.857655 -20.096249 -41.028878 176.154554 -104.371656 176.030053 33.072923 -9.635501 10.191639 -68.889028 39.923320 -21.846830 -4.129415 3.207027 16.163656 -13.610487 -12.514694 12.251706 0.000004 0.000002 -0.000004 4.280732 -0.944581 -11.277674 1.519144 2.848020 -13.911472 1.359714 2.533374 -12.758047 0.000002 0.000002 -0.000002 0.279054 -0.347405 -15.730756 0.540910 4.140794 -18.119402 1.083019 5.163851 -28.453786 -0.000001 -0.000004 0.000001 -0.586475 -2.216463 -26.703646 -0.902357 4.571046 -20.312754 -0.793577 4.032525 -18.270590 -0.000002 -0.000003 0.000002 -1.264467 -1.552855 -29.606869 -1.377127 4.491028 -19.928537 -1.548717 7.593345 -34.971477 -0.000002 0.000001 -0.000002 1.222649 12.925114 1.977067 21.737714 13.957261 67.262747 -1.328098 53.540149 1.659383 -6.061978 11.296476 5.133872 -64.781756 -53.581188 36.776583 -1.171089 -4.319005 -29.026552 -12.921961 7.864391 -10.712149 0.000002 -0.000002 -0.000004 5.678429 4.180046 18.042626 2.079672 -2.726976 16.776574 1.751287 -2.194665 14.830079 0.000000 -0.000000 -0.000001 0.520398 -0.521533 23.595297 1.670649 -5.197228 31.648440 0.368017 -2.284222 12.742902 0.000001 -0.000002 0.000001 -0.325282 0.218213 36.916838 0.067358 -6.140691 35.466502 -0.401716 -3.839243 21.996520 -0.000001 0.000000 0.000000 -0.956182 -0.699592 49.408356 -1.933485 -5.009647 26.662644 -2.003890 -8.296459 44.346130 0.000002 0.000001 0.000001 -22.740673 6.259039 -1.961318 49.833723 -4.525093 -2.064910 -30.916855 1.976603 -6.293963 -12.574105 0.000007 0.000008 -0.000000 -0.000000 0.000000 -4.547823 -7.561070 1.762782 36.879115 -12.596986 -3.454425 -21.227166 -0.434575 1.222386 -33.780702 -0.000004 0.000049 0.000000 0.000001 -0.000000 
63.629623 90.935104 -15.464072 15.040476 -9.371391 12.389031 8.408712 -2.388507 -8.343740 -0.257979 -0.168453 -1.276934 -0.258900 -0.120748 -1.285057 0.210416 1.495995 -0.611421 -7.470311 14.420081 -1.612100 0.000001 -0.000000 -0.000000 0.349950 -8.289795 -15.077865 13.646726 -18.793645 -41.011946 176.383092 -105.235880 176.250737 31.660662 -8.808837 12.967834 -69.461958 42.217041 -22.519544 -6.462588 4.502047 18.087111 -14.086262 -12.918044 12.725861 0.000001 -0.000004 0.000000 4.784227 -1.221113 -14.411407 1.851390 3.291407 -16.348280 1.524109 2.768558 -14.019774 0.000000 -0.000001 -0.000002 0.372862 0.212200 -18.881493 0.843278 4.992221 -22.487657 1.373033 5.745581 -31.600061 0.000001 0.000002 -0.000002 -0.698062 -1.711999 -30.375982 -0.886067 5.600485 -25.095577 -0.804193 4.806481 -21.887696 0.000001 0.000002 0.000003 -1.468636 -0.944038 -34.542015 -1.473738 5.588769 -24.671731 -1.366980 8.750060 -39.988070 -0.000000 -0.000000 0.000000 1.202195 12.604771 1.962408 21.928070 13.534283 65.980502 -1.616374 58.698250 1.897374 -0.538539 8.501937 5.350876 -64.318928 -53.627681 37.087070 -2.654807 -4.934977 -28.869755 -13.345413 8.115959 -11.495597 -0.000002 -0.000001 -0.000001 5.713747 4.127650 19.077004 2.174340 -2.816035 17.422527 1.875642 -2.323124 15.725324 0.000001 0.000002 0.000001 0.566757 -0.667197 24.474832 1.777848 -5.352479 32.752775 0.464545 -2.604348 14.690176 -0.000001 0.000001 -0.000001 -0.375544 0.202003 37.663169 0.177989 -6.454349 37.370280 -0.369099 -4.153474 23.797518 -0.000001 -0.000002 0.000002 -1.173313 -0.628205 50.475819 -1.977064 -5.353839 28.395630 -1.925640 -8.738946 46.587354 0.000001 -0.000001 0.000000 -20.346534 5.550770 -0.825235 48.068740 -5.715665 -1.992918 -31.436871 2.042269 -5.805130 -12.204430 0.000006 0.000008 0.000000 -0.000000 -0.000000 -5.074566 -8.485002 2.381934 38.874336 -11.032475 -3.012088 -15.816123 -0.711220 0.698098 -40.404315 0.004122 -0.054134 -0.000001 0.000000 -0.000000 
63.868393 91.450104 -13.735713 14.295066 -8.399930 10.464331 8.637039 -1.857065 -7.407800 -0.159218 -0.085507 -1.072931 -0.160565 -0.046921 -1.079319 0.247164 1.421246 -0.582749 -6.508952 13.814590 -1.812949 0.000000 -0.000000 0.000000 0.381885 -8.286867 -14.421156 16.640653 -17.817998 -40.294909 176.580129 -106.066561 176.440233 32.153580 -7.962308 13.934558 -70.067899 44.582065 -23.175834 -8.704168 5.546795 20.172361 -14.577009 -13.273177 13.213914 0.000003 -0.000000 -0.000001 5.232188 -1.569657 -17.491063 2.198487 3.715724 -18.762241 1.694047 3.000488 -15.284848 -0.000001 -0.000003 0.000000 0.489632 0.756871 -21.994427 1.207519 5.812360 -26.834903 1.692731 6.306770 -34.731112 -0.000001 -0.000000 -0.000000 -0.793605 -1.190699 -34.026049 -0.784449 6.617673 -29.853391 -0.766221 5.573752 -25.481966 -0.000002 0.000001 0.000002 -1.650570 -0.280399 -39.442167 -1.479412 6.674209 -29.351717 -1.083096 9.885234 -45.018880 -0.000000 -0.000000 -0.000002 1.185469 12.555893 2.129124 22.550105 13.456366 63.520882 -2.110403 64.994700 2.331662 2.557786 5.720969 8.522001 -63.847543 -53.671476 37.405295 -4.165484 -5.541177 -28.765676 -13.779852 8.361874 -12.303836 -0.000000 -0.000001 0.000001 5.749309 4.078037 20.100837 2.269035 -2.903152 18.062276 2.005093 -2.452693 16.642751 0.000001 0.000003 -0.000000 0.614563 -0.809910 25.342619 1.887056 -5.504272 33.847559 0.573765 -2.926098 16.670062 -0.000001 -0.000004 0.000001 -0.427218 0.186079 38.395628 0.299559 -6.765183 39.282026 -0.326067 -4.470027 25.619795 0.000001 0.000004 -0.000002 -1.396515 -0.563283 51.526158 -2.010050 -5.697605 30.121390 -1.828376 -9.184116 48.862832 0.000001 -0.000000 0.000000 -17.487014 4.948423 0.544932 45.518980 -6.533414 -1.906764 -31.006825 1.723995 -5.247071 -12.559745 0.000010 0.000007 0.000000 0.000000 0.000000 -6.553283 -9.676541 2.442634 41.976884 -8.363218 -2.322278 -8.578442 -1.020958 1.358264 -46.875394 0.231323 -1.371873 -0.000000 -0.000002 -0.000000 
63.998722 92.140778 -11.924818 13.431070 -7.223703 8.512008 8.865646 -1.453206 -6.431409 -0.055153 -0.043198 -0.873274 -0.056375 -0.013550 -0.878094 0.322158 1.357053 -0.575036 -5.366912 13.218465 -1.991027 0.000001 -0.000001 0.000000 0.415605 -8.066097 -13.866764 20.127826 -16.969583 -39.502522 176.831152 -107.261885 176.680342 33.263967 -6.800494 12.516415 -70.685587 46.916505 -23.783441 -10.746956 6.305739 22.293784 -15.060948 -13.565400 13.696452 0.000001 0.000005 0.000000 5.603924 -1.966082 -20.384047 2.543244 4.103355 -21.049521 1.861826 3.219363 -16.498969 0.000000 0.000003 0.000001 0.621172 1.262874 -24.936290 1.611033 6.563752 -30.975058 2.025029 6.823175 -37.712432 0.000001 -0.000001 0.000001 -0.867896 -0.676344 -37.497558 -0.609221 7.572892 -34.383934 -0.685360 6.298795 -28.899999 -0.000001 -0.000000 -0.000002 -1.794139 0.405433 -44.097668 -1.403025 7.693838 -33.770054 -0.717010 10.943344 -49.849985 0.000001 -0.000001 -0.000000 1.182966 12.630457 2.220740 22.903533 14.071355 60.602595 -2.680660 69.818959 2.857117 5.552688 1.320300 13.692771 -63.364225 -53.714196 37.741132 -5.620388 -6.096742 -28.714856 -14.205427 8.588072 -13.099866 -0.000002 0.000000 0.000002 5.782066 4.033751 21.053573 2.357095 -2.982420 18.651305 2.132383 -2.576094 17.531084 0.000002 0.000001 0.000001 0.660746 -0.941257 26.146396 1.990730 -5.642914 34.861671 0.689282 -3.231864 18.575381 0.000001 0.000001 -0.000001 -0.477308 0.172164 39.068873 0.424623 -7.056365 41.098730 -0.275519 -4.771030 27.361740 -0.000001 -0.000000 -0.000002 -1.612535 -0.506775 52.495465 -2.031509 -6.020225 31.738031 -1.718317 -9.606733 51.046600 -0.000003 -0.000001 -0.000000 -14.703796 4.864164 2.171382 42.909267 -6.804371 -1.830089 -28.958264 0.035024 -3.947819 -15.166275 0.000017 0.000009 0.000000 0.000001 -0.000000 -8.851503 -11.135335 2.245312 47.380565 -5.994758 -1.441193 -4.812425 -1.142692 1.358983 -39.083640 0.007983 -0.587914 -0.000001 0.000000 0.000000 
63.810757 93.086365 -9.898454 11.928913 -5.212576 6.682958 9.783377 -1.471139 -5.436546 0.128459 -0.113593 -0.686576 0.127648 -0.091215 -0.689815 0.504064 1.278320 -0.629176 -3.940570 12.139542 -2.190336 -0.000000 -0.000001 0.000000 0.446199 -7.774459 -13.325157 23.843861 -16.175201 -38.681605 177.240417 -109.628464 177.067928 33.861271 -5.689920 8.107729 -71.289287 49.116625 -24.318807 -12.492135 6.772702 24.315767 -15.516610 -13.778450 14.154761 0.000002 -0.000000 -0.000000 5.889895 -2.380455 -22.958805 2.865892 4.439393 -23.105787 2.018969 3.415923 -17.607613 -0.000001 -0.000001 -0.000002 0.755500 1.707725 -27.573446 2.021618 7.215094 -34.719655 2.348128 7.273896 -40.408437 0.000001 0.000001 0.000003 -0.918699 -0.195181 -40.634667 -0.385800 8.420371 -38.482242 -0.575138 6.947406 -31.987203 -0.000002 -0.000001 -0.000000 -1.887999 1.073024 -48.300608 -1.267695 8.596900 -37.725539 -0.305125 11.875659 -54.262588 0.000001 0.000001 -0.000000 1.190823 12.557752 2.064059 23.211187 15.454698 58.400023 -3.038463 72.026530 3.194670 9.925914 0.048149 14.731463 -62.865580 -53.757332 38.104488 -6.933436 -6.561161 -28.706179 -14.603129 8.778313 -13.847229 0.000002 0.000001 -0.000001 5.808882 3.996867 21.874813 2.431505 -3.048133 19.145039 2.249770 -2.686601 18.339097 -0.000000 0.000006 -0.000001 0.701729 -1.053115 26.833754 2.080799 -5.759289 35.723925 0.802445 -3.504755 20.298579 0.000001 0.000001 0.000000 -0.522692 0.162307 39.637582 0.543796 -7.312119 42.717011 -0.222484 -5.038987 28.921408 0.000003 0.000002 -0.000001 -1.807049 -0.458649 53.319879 -2.042727 -6.300952 33.143449 -1.605423 -9.982736 53.011936 0.000001 -0.000000 0.000003 -12.165914 4.885219 4.138183 40.989505 -6.948434 -1.782862 -24.598233 -2.697340 -3.322770 -19.734776 0.000017 0.000014 0.000000 -0.000000 -0.000000 -12.051668 -12.797786 1.223501 54.771717 -3.610817 -0.203725 -0.171884 -0.923748 1.321150 -38.749220 0.000007 0.000059 0.000001 0.000001 0.000000 
63.525425 94.018372 -7.886438 10.260536 -2.880375 5.123681 10.936347 -1.621310 -4.618442 0.338396 -0.219043 -0.507930 0.338100 -0.203260 -0.509619 0.725437 1.190455 -0.698786 -2.448701 10.853239 -2.361390 -0.000002 0.000000 -0.000000 0.461877 -8.176462 -12.626323 27.188321 -14.720543 -38.297714 177.572515 -112.058105 177.377554 32.374134 -3.928782 0.468019 -71.847634 51.077039 -24.767458 -13.853296 6.964716 26.102248 -15.922996 -13.894720 14.570766 0.000003 0.000001 -0.000002 6.091088 -2.780288 -25.084624 3.144737 4.711187 -24.826085 2.156369 3.581565 -18.556149 -0.000005 0.000001 0.000000 0.877968 2.070110 -29.771862 2.400179 7.741481 -37.877958 2.636747 7.641347 -42.682378 -0.000000 0.000000 0.000001 -0.946690 0.224553 -43.282082 -0.150323 9.119596 -41.940042 -0.455162 7.487606 -34.587514 0.000000 -0.000001 0.000000 -1.927426 1.675972 -51.844199 -1.107617 9.337050 -41.013647 0.103274 12.642085 -58.032736 0.000002 -0.000000 -0.000002 1.247631 12.884840 1.644984 23.916995 15.310953 56.500745 -4.139559 76.594001 4.254190 15.177852 -1.925659 15.641603 -62.348152 -53.802363 38.505448 -8.015892 -6.895206 -28.719108 -14.954837 8.914540 -14.509962 -0.000002 0.000001 -0.000002 5.826535 3.969158 22.503966 2.485172 -3.094834 19.498916 2.349189 -2.777743 19.015392 0.000001 0.000002 0.000003 0.733598 -1.137271 27.352298 2.148680 -5.844656 36.363073 0.902768 -3.728960 21.731937 -0.000000 0.000001 -0.000001 -0.559992 0.158908 40.056447 0.645986 -7.517367 44.033058 -0.173710 -5.256857 30.196714 -0.000003 0.000000 -0.000001 -1.965041 -0.417398 53.935675 -2.046672 -6.519103 34.235405 -1.502637 -10.289102 54.631309 -0.000001 0.000001 0.000004 -11.663911 4.648940 5.916645 41.648660 -6.910528 -1.779306 -19.136734 -4.883420 -3.342076 -24.351259 0.000021 0.000021 0.000000 0.000000 -0.000000 -19.805851 -14.209605 -2.735654 68.085942 0.492270 1.875597 6.278598 0.054658 0.587993 -37.720362 0.000001 0.000056 0.000001 -0.000001 -0.000000 
63.199230 94.917282 -5.848557 8.611265 -0.367511 3.667818 12.100030 -1.777639 -3.860426 0.546452 -0.316938 -0.340472 0.546655 -0.307417 -0.340720 0.958678 1.089757 -0.752960 -1.028348 9.434942 -2.433011 0.000000 -0.000000 0.000000 0.460075 -8.567672 -12.432097 30.473511 -13.327522 -37.356429 177.768268 -113.777633 177.557338 30.235618 -2.577313 -6.207713 -72.321383 52.691450 -25.125071 -14.757508 6.911591 27.524650 -16.259643 -13.895419 14.926390 0.000000 0.000000 -0.000003 6.216279 -3.133325 -26.631338 3.357182 4.907623 -26.105195 2.264466 3.708048 -19.289866 -0.000004 -0.000000 0.000000 0.972488 2.329750 -31.397225 2.704090 8.123214 -40.257647 2.863780 7.910311 -44.396834 0.000002 0.000000 0.000001 -0.955137 0.553527 -45.284383 0.054994 9.635392 -44.546443 -0.348752 7.889529 -36.543827 -0.000000 0.000001 0.000001 -1.914363 2.165307 -54.522135 -0.962978 9.872645 -43.427190 0.451512 13.210508 -60.932445 -0.000000 -0.000001 -0.000003 1.311122 12.730344 0.739076 24.888525 15.407097 55.009370 -6.392741 81.212425 6.465662 21.429879 -3.833667 15.863656 -61.680891 -53.862838 39.062825 -8.998991 -7.148108 -28.740203 -15.302679 9.025543 -15.166671 0.000000 0.000002 0.000001 5.834934 3.946829 23.027518 2.522875 -3.127284 19.746403 2.440202 -2.859342 19.628381 0.000002 -0.000002 0.000000 0.760114 -1.205627 27.774297 2.201168 -5.909315 36.851265 0.999260 -3.931399 23.041141 -0.000003 0.000000 0.000000 -0.593831 0.161416 40.385290 0.741992 -7.699946 45.217410 -0.126026 -5.450452 31.336201 -0.000001 0.000001 0.000001 -2.105852 -0.375955 54.429699 -2.046730 -6.702299 35.152477 -1.402578 -10.562237 56.090330 -0.000002 0.000000 -0.000003 -13.407129 4.153869 7.287996 44.782128 -6.583887 -1.683751 -12.258427 -6.238998 -3.393859 -28.552310 -0.042941 0.974551 -0.000000 -0.000000 0.000000 -26.933260 -14.323356 -7.264751 79.586867 4.290629 3.812198 13.698631 1.200039 -0.332954 -36.123716 -0.000002 0.000061 0.000000 0.000002 -0.000001 
62.865856 95.697472 -3.778617 7.040549 2.330295 2.321497 13.121961 -1.835411 -3.247756 0.730779 -0.371301 -0.197485 0.731456 -0.367597 -0.196561 1.197627 0.960920 -0.755666 0.176428 7.809118 -2.264819 -0.000001 0.000000 0.000000 0.487609 -8.355341 -12.009629 34.418276 -11.948727 -35.810846 177.832841 -114.401010 177.616078 27.767495 -1.305065 -8.244158 -72.664921 53.853040 -25.394648 -15.141947 6.643330 28.467477 -16.506725 -13.761142 15.203140 0.000001 0.000001 0.000003 6.277555 -3.409688 -27.468774 3.480740 5.017883 -26.837803 2.333673 3.787308 -19.753942 -0.000001 -0.000000 0.000002 1.023344 2.466539 -32.314964 2.891270 8.342787 -41.665868 3.002253 8.066535 -45.414201 0.000001 -0.000000 0.000004 -0.948593 0.762658 -46.486168 0.187585 9.935684 -46.089389 -0.279487 8.124702 -37.698225 0.000000 -0.000001 0.000001 -1.855355 2.493789 -56.127435 -0.873544 10.164658 -44.757676 0.682063 13.553406 -62.732084 0.000000 -0.000001 -0.000002 1.370531 12.809164 0.097188 26.131800 15.641943 53.294511 -11.406897 85.024872 11.445344 24.578304 -4.611938 17.521570 -60.867443 -53.933684 39.765843 -9.985601 -7.357779 -28.769047 -15.675098 9.123035 -15.875149 -0.000002 -0.000005 0.000001 5.837851 3.925886 23.510583 2.552046 -3.152206 19.937215 2.533328 -2.941032 20.249715 -0.000000 0.000002 0.000001 0.784477 -1.267093 28.154730 2.246328 -5.964055 37.267302 1.101748 -4.134228 24.368384 0.000001 0.000000 -0.000002 -0.627637 0.168852 40.670174 0.841071 -7.879146 46.393599 -0.074771 -5.642002 32.469852 -0.000001 0.000000 -0.000003 -2.244376 -0.330644 54.868204 -2.044138 -6.873521 36.010212 -1.295188 -10.833202 57.553428 0.000001 -0.000001 -0.000001 -19.626718 2.988880 7.990996 52.812921 -4.986765 -1.512124 -4.080700 -5.202030 -8.212420 -30.433793 -0.835672 4.444323 -0.000000 0.000000 0.000000 -32.203826 -13.294516 -11.306408 88.589070 7.068225 5.315001 20.938278 2.341404 -1.042872 -34.173195 -0.000005 0.000056 -0.000005 -0.000000 0.000002 
62.462761 96.186745 -1.537409 5.602725 5.268742 1.221062 13.733386 -1.583399 -3.093101 0.850975 -0.313510 -0.110612 0.851970 -0.314729 -0.109141 1.441176 0.767511 -0.632281 0.890150 5.747257 -1.544034 0.000001 -0.000001 -0.000000 0.539571 -8.747635 -10.602001 37.730904 -10.822477 -34.752470 177.869860 -114.772586 177.649641 21.658972 -1.682690 -8.135352 -72.875448 54.600918 -25.610377 -15.006416 6.152197 28.952506 -16.528954 -13.448235 15.442725 0.000002 0.000001 -0.000001 6.291674 -3.616884 -27.586514 3.511858 5.045190 -27.020944 2.363883 3.821511 -19.955292 0.000001 -0.000001 0.000002 1.024949 2.479549 -32.519548 2.950598 8.410116 -42.103916 3.046700 8.115512 -45.736654 0.000000 0.000001 0.000001 -0.930307 0.852379 -46.895191 0.230498 10.028310 -46.569370 -0.257317 8.196412 -38.051909 0.000000 0.000000 -0.000000 -1.754053 2.666579 -56.669619 -0.857409 10.214835 -44.987318 0.776400 13.687064 -63.445074 0.000000 -0.000001 -0.000001 1.295637 12.553909 -0.162824 27.681049 15.206267 51.768726 -78.922515 88.994728 78.920759 20.735855 -5.246293 15.364454 -60.108308 -53.992314 40.427644 -10.840682 -7.469932 -28.792123 -16.035346 9.159725 -16.568970 -0.000000 -0.000005 0.000001 5.836106 3.911351 23.861013 2.569482 -3.167003 20.051048 2.621513 -3.016764 20.832938 0.000004 0.000001 -0.000000 0.801486 -1.309252 28.415511 2.277199 -6.001022 37.549696 1.198590 -4.315716 25.570213 0.000002 0.000000 -0.000000 -0.656143 0.183241 40.845324 0.927560 -8.028804 47.386862 -0.026523 -5.809590 33.467247 0.000000 0.000001 -0.000001 -2.358170 -0.283251 55.157169 -2.040358 -7.005435 36.671275 -1.193370 -11.072583 58.860268 -0.000002 -0.000004 -0.000001 -26.370322 2.478890 7.366645 61.964958 -2.603094 -1.475609 -0.277359 -3.468068 -7.675043 -19.134546 -0.529564 3.598842 0.000000 -0.000001 -0.000000 -33.144251 -11.766610 -12.410784 94.010997 6.061241 5.662616 24.940280 3.102926 -0.835403 -31.728752 0.000004 0.000041 0.000002 0.000000 -0.000001 
62.016060 96.594345 0.760670 4.221615 8.361488 0.311082 14.105874 -1.141966 -3.264884 0.934338 -0.186060 -0.063628 0.935692 -0.191634 -0.062131 1.692640 0.533203 -0.425443 1.370600 3.411325 -0.447884 0.000000 0.000000 -0.000000 0.621011 -9.391787 -8.945851 40.708078 -9.749643 -34.019898 177.889572 -114.974364 177.667454 14.284168 -2.839288 -7.521075 -72.988733 55.073861 -25.809880 -14.444359 5.441886 29.117947 -16.572749 -12.979942 15.635461 0.000000 0.000001 -0.000001 6.275287 -3.784667 -27.121344 3.468714 5.007261 -26.766856 2.364253 3.821941 -19.957837 -0.000000 -0.000003 0.000000 0.985695 2.391685 -32.153935 2.906666 8.360345 -41.779820 3.015994 8.081744 -45.514151 0.000002 -0.000001 0.000003 -0.902482 0.851373 -46.686843 0.198670 9.959802 -46.214153 -0.274658 8.140451 -37.775942 0.000000 0.000001 -0.000001 -1.607399 2.719937 -56.384970 -0.903189 10.070579 -44.327764 0.760166 13.664300 -63.323169 -0.000000 -0.000001 -0.000002 1.002568 10.573116 -0.096425 28.899258 15.683952 50.783245 -164.179839 86.385473 164.143748 16.470282 -7.618215 9.294334 -59.606678 -54.021885 40.858154 -11.427146 -7.431458 -28.788175 -16.348526 9.084862 -17.182603 -0.000002 -0.000001 -0.000001 5.830603 3.908181 23.986574 2.572014 -3.169167 20.067581 2.697499 -3.080761 21.331558 0.000001 -0.000001 0.000004 0.805797 -1.319774 28.478537 2.286773 -6.012416 37.636917 1.276346 -4.455078 26.502963 0.000002 -0.000000 -0.000001 -0.673859 0.206743 40.844883 0.984244 -8.123644 48.022094 0.010653 -5.931753 34.197750 0.000000 -0.000001 0.000001 -2.424749 -0.235427 55.202402 -2.037925 -7.070596 36.998103 -1.112648 -11.252122 59.849854 0.000000 -0.000002 0.000001 -33.082465 2.897350 6.259990 69.655294 0.501097 -1.721916 3.280392 -1.622837 -6.967406 -3.481664 -0.070090 2.114476 -0.000002 0.000001 -0.000000 -32.021679 -10.012490 -12.029055 98.308975 2.764465 5.412085 27.975823 4.056964 -0.400537 -28.657295 0.000002 0.000042 0.000002 -0.000000 -0.000000 
61.567005 96.906593 3.070860 2.917929 11.521440 -0.451486 14.284538 -0.616893 -3.606758 0.987245 -0.025170 -0.034817 0.988822 -0.034781 -0.033524 1.947085 0.282955 -0.179580 1.801107 0.987876 0.810357 0.000000 -0.000000 0.000000 0.684815 -9.964519 -7.879007 43.183868 -8.431982 -33.509407 177.879682 -114.872485 177.658493 8.628135 -3.307413 -8.731244 -73.017051 55.314666 -26.000104 -13.533620 4.541610 29.041097 -16.634477 -12.379562 15.789070 0.000000 0.000003 0.000001 6.235906 -3.920772 -26.163752 3.363603 4.913430 -26.143587 2.339441 3.793865 -19.792514 0.000002 -0.000000 0.000000 0.914029 2.217642 -31.306831 2.777192 8.210276 -40.812388 2.922612 7.977381 -44.831541 0.000001 -0.000000 0.000001 -0.866975 0.774949 -45.956928 0.106232 9.754095 -45.154005 -0.323827 7.976217 -36.968474 0.000001 0.000003 -0.000000 -1.425717 2.679938 -55.400600 -0.995371 9.760312 -42.918296 0.651287 13.508963 -62.496525 0.000001 -0.000000 -0.000001 0.733512 10.032034 -0.077355 29.815456 15.088467 50.664468 -170.882290 83.797617 170.822512 15.880506 -7.683807 5.523836 -59.566667 -54.007754 40.867207 -11.608104 -7.189425 -28.735654 -16.512676 8.837184 -17.663166 0.000000 -0.000001 0.000000 5.822153 3.921318 23.795107 2.556528 -3.156019 19.966557 2.753877 -3.127530 21.699021 0.000000 0.000001 -0.000003 0.792279 -1.286230 28.265686 2.268202 -5.990303 37.467501 1.320642 -4.532144 27.022735 -0.000002 0.000001 0.000001 -0.675307 0.241478 40.603026 0.993452 -8.138819 48.124075 0.028108 -5.987232 34.530619 0.000001 0.000001 0.000000 -2.419868 -0.186948 54.909940 -2.039066 -7.041711 36.853269 -1.069721 -11.344205 60.360649 -0.000002 0.000001 -0.000001 -38.489981 4.846149 5.854147 73.224641 2.643214 -3.029418 3.257724 -0.912114 -6.653663 3.555657 -0.000008 -0.000002 0.000003 0.000001 -0.000000 -29.721466 -8.440836 -10.924252 101.438998 -0.919718 4.896339 30.405256 4.957886 0.121023 -25.551222 0.000005 0.000034 -0.000001 -0.000000 0.000001 
61.157894 97.089981 5.405732 1.722416 14.659357 -1.135251 14.309993 -0.105972 -3.945808 1.016023 0.132913 -0.002458 1.017653 0.119385 -0.001324 2.198696 0.041744 0.060901 2.321210 -1.333513 2.024175 0.000002 -0.000000 -0.000000 0.741771 -10.508429 -7.097083 44.969166 -7.331098 -33.125065 177.863604 -114.709025 177.643972 3.796253 -2.885467 -10.876761 -72.975770 55.366507 -26.184118 -12.347666 3.474380 28.802010 -16.710124 -11.670081 15.911088 0.000004 0.000004 0.000001 6.177963 -4.034001 -24.804170 3.209586 4.772085 -25.219249 2.294283 3.742349 -19.490389 0.000001 -0.000002 0.000001 0.819705 1.971737 -30.066882 2.582615 7.974566 -39.321099 2.780390 7.813415 -43.774064 0.000001 0.000002 0.000001 -0.824826 0.639107 -44.801028 -0.028651 9.433561 -43.520268 -0.394811 7.722407 -35.727961 -0.000005 -0.000001 -0.000002 -1.221990 2.579977 -53.842364 -1.113918 9.311487 -40.899176 0.472109 13.242178 -61.096875 -0.000001 -0.000001 -0.000001 0.625456 11.366096 -0.093810 29.652761 12.222845 51.011951 -174.042454 80.579833 173.953580 18.735164 -9.333875 2.538002 -60.037028 -53.944520 40.412150 -11.385357 -6.721119 -28.629448 -16.577574 8.391862 -18.031602 0.000002 -0.000001 0.000000 5.811986 3.950504 23.263985 2.522775 -3.127211 19.745812 2.794393 -3.160744 21.962069 0.000000 0.000002 -0.000002 0.760024 -1.204813 27.754470 2.220579 -5.932935 37.030465 1.332145 -4.551919 27.156475 0.000000 0.000000 0.000003 -0.660038 0.289670 40.096311 0.953704 -8.072812 47.681110 0.025480 -5.979000 34.481278 0.000000 0.000000 0.000000 -2.341214 -0.136162 54.249894 -2.043111 -6.914720 36.216665 -1.064783 -11.354677 60.418938 -0.000002 -0.000001 -0.000001 -42.118508 7.636907 5.499604 73.889410 4.446528 -4.723250 1.836038 -0.512659 -6.366827 6.566238 -0.000010 -0.000009 0.000002 0.000004 -0.000001 -26.761359 -7.224935 -9.367555 102.973373 -4.343356 4.183422 31.764146 5.551331 0.575107 -22.968321 0.000006 0.000034 0.000000 -0.000000 -0.000000 
60.815083 97.117134 7.735462 0.678066 17.678408 -1.805602 14.215239 0.300487 -4.123460 1.026928 0.251955 0.055168 1.028465 0.234396 0.056478 2.440531 -0.165438 0.251594 3.025890 -3.362786 2.987896 -0.000000 -0.000000 0.000001 0.787779 -11.037995 -6.581095 45.128026 -7.118096 -32.671646 177.859191 -114.664451 177.639997 -0.151566 -0.957552 -13.946646 -72.881786 55.272705 -26.363058 -10.956410 2.263147 28.478308 -16.795630 -10.874638 16.009193 0.000004 -0.000002 -0.000000 6.104450 -4.133477 -23.132976 3.019933 4.591562 -24.062121 2.233755 3.672443 -19.082488 -0.000001 -0.000000 0.000001 0.712566 1.668397 -28.522860 2.344217 7.667475 -37.425721 2.603600 7.600670 -42.426967 0.000000 0.000000 -0.000000 -0.776804 0.459980 -43.314796 -0.186677 9.020371 -41.444403 -0.476930 7.397778 -34.153005 -0.000000 0.000002 0.000003 -1.001915 2.443282 -51.838448 -1.237913 8.751906 -38.410173 0.246691 12.884309 -59.256515 0.000003 0.000001 -0.000000 0.572106 11.342533 -0.090642 28.359673 10.160990 51.958991 -174.543025 79.736468 174.446515 22.128799 -7.179133 -2.360112 -60.884477 -53.837805 39.621770 -10.883458 -6.060633 -28.488253 -16.665031 7.786628 -18.346165 0.000000 -0.000002 0.000001 5.799517 3.994108 22.463126 2.474279 -3.085402 19.427307 2.828146 -3.188190 22.180399 0.000000 0.000000 -0.000000 0.713774 -1.084270 27.002311 2.150458 -5.846847 36.379664 1.322946 -4.536113 27.049573 0.000002 -0.000000 0.000002 -0.632568 0.350159 39.370723 0.879703 -7.946755 46.841092 0.009586 -5.928355 34.177447 0.000002 0.000001 -0.000002 -2.209776 -0.084561 53.289389 -2.046644 -6.712187 35.201986 -1.084470 -11.312816 60.186316 0.000001 0.000000 0.000001 -43.411009 10.693697 4.899062 71.713346 6.208709 -6.521886 0.361474 0.330070 -5.954688 7.072712 -0.000101 0.057307 -0.000002 -0.000001 -0.000001 -24.280875 -6.288591 -8.183346 103.200511 -6.187536 3.509685 31.818125 5.648794 0.797780 -21.489402 0.000003 0.000033 -0.000000 -0.000000 -0.000000 
60.547276 96.985580 10.046814 -0.159036 20.488793 -2.567267 14.028362 0.516233 -3.951311 1.026294 0.295721 0.159779 1.027711 0.273795 0.161885 2.664922 -0.313634 0.348091 3.976234 -4.913116 3.491089 0.000001 -0.000001 0.000001 0.780171 -11.601928 -6.895347 43.947551 -7.018176 -32.678688 177.888971 -114.968667 177.666922 -1.904222 0.955717 -15.573663 -72.752265 55.076733 -26.537435 -9.426856 0.934993 28.140856 -16.887134 -10.016541 16.091111 -0.000003 0.000002 -0.000003 6.018509 -4.227989 -21.240480 2.807695 4.380552 -22.740321 2.162746 3.589130 -18.599872 -0.000005 0.000000 -0.000001 0.601878 1.322526 -26.763340 2.082633 7.304268 -35.245576 2.406220 7.350333 -40.875462 0.000001 0.000001 0.000001 -0.723827 0.253161 -41.593919 -0.349577 8.537777 -39.057457 -0.560223 7.021462 -32.341922 -0.000001 0.000001 0.000001 -0.774014 2.293886 -49.516645 -1.348563 8.110880 -35.590296 -0.001676 12.456716 -57.107205 0.000002 0.000001 0.000000 0.603770 11.093317 -0.088543 26.350446 8.361676 53.616193 -173.693787 81.090062 173.609502 21.861460 -4.989437 -10.645936 -62.039605 -53.685727 38.566062 -10.152444 -5.238827 -28.334973 -16.770896 7.050388 -18.611738 -0.000001 -0.000003 -0.000001 5.785530 4.050174 21.438688 2.413662 -3.032462 19.026931 2.855486 -3.210286 22.356951 0.000001 0.000002 -0.000000 0.657486 -0.930800 26.050908 2.062592 -5.736044 35.550889 1.296095 -4.489652 26.735804 -0.000000 0.000002 0.000002 -0.595210 0.419582 38.464405 0.779544 -7.768899 45.668369 -0.017022 -5.841384 33.657072 -0.000001 -0.000001 -0.000000 -2.035841 -0.037186 52.080104 -2.045814 -6.446651 33.872643 -1.124674 -11.225897 59.704842 -0.000002 -0.000004 0.000001 -41.528315 13.173017 4.147978 65.707656 8.224761 -8.342566 0.297225 2.793623 -5.020487 -2.310164 -0.392492 4.870325 0.000000 0.000000 0.000000 -22.568526 -5.587638 -7.388334 101.605785 -6.366156 2.816107 29.400170 4.915139 0.586284 -20.965011 0.000007 0.000037 -0.000000 -0.000002 -0.000000 
60.626316 96.295197 12.466384 -0.421958 22.823518 -3.786575 13.428340 0.320475 -2.840976 0.969827 0.172667 0.370915 0.970949 0.145778 0.375222 2.842359 -0.321941 0.233305 5.320241 -5.308635 2.916837 0.000002 -0.000002 0.000000 0.707169 -11.567976 -7.906771 41.568716 -7.551726 -33.372496 177.992052 -116.077234 177.759580 -5.678627 2.821954 -16.332184 -72.604064 54.822264 -26.708065 -7.823631 -0.476509 27.850320 -16.981242 -9.119351 16.164766 0.000001 0.000001 -0.000001 5.924128 -4.325320 -19.216891 2.585289 4.148531 -21.321824 2.086121 3.497579 -18.073550 -0.000006 -0.000002 -0.000003 0.495541 0.949611 -24.876681 1.816757 6.902045 -32.899573 2.201245 7.074590 -39.204476 0.000000 -0.000006 0.000002 -0.667223 0.033401 -39.734291 -0.502069 8.010584 -36.489538 -0.636449 6.613279 -30.392641 0.000002 -0.000000 0.000000 -0.546950 2.151879 -47.005509 -1.431451 7.419489 -32.577332 -0.252116 11.982571 -54.779910 0.000001 -0.000001 -0.000001 0.743496 11.045903 -0.094431 23.220789 7.102937 56.040312 -166.456491 85.794184 166.414923 18.165790 -0.901179 -16.162485 -63.431687 -53.486737 37.316032 -9.241940 -4.287171 -28.193407 -16.890458 6.211868 -18.832905 -0.000001 -0.000002 0.000001 5.770893 4.116682 20.236735 2.343493 -2.970284 18.560667 2.876878 -3.227458 22.494636 -0.000002 0.000000 -0.000001 0.595021 -0.750640 24.941933 1.961685 -5.604595 34.579947 1.254924 -4.417248 26.249076 -0.000003 0.000001 -0.000001 -0.550364 0.494558 37.415455 0.661486 -7.547458 44.227329 -0.051528 -5.724176 32.958146 -0.000003 0.000001 0.000003 -1.830692 0.000351 50.673583 -2.036758 -6.130874 32.291987 -1.180840 -11.101036 59.016598 0.000002 -0.000001 0.000000 -39.123836 15.259088 2.888260 59.712437 10.800191 -9.898957 -0.214257 7.235253 -1.723457 -14.701779 -0.783707 6.649704 0.000001 0.000000 0.000001 -21.491733 -4.895337 -6.798586 98.696889 -5.802255 2.007551 24.569667 3.531205 -0.052859 -21.641627 0.000003 0.000036 -0.000001 -0.000000 0.000000 
60.898247 95.543266 14.645824 -0.385071 24.863489 -5.246094 12.551107 -0.105000 -1.318289 0.812304 -0.029261 0.656341 0.811580 -0.061392 0.663175 3.112673 -0.282828 0.106910 7.024179 -5.107761 1.627398 -0.000001 -0.000001 -0.000000 0.579241 -11.739905 -9.696569 37.907065 -8.078365 -35.176154 178.168531 -118.203595 177.915964 -10.507929 3.080300 -17.051752 -72.453055 54.553011 -26.876700 -6.209509 -1.930538 27.654480 -17.020924 -8.201766 16.248282 0.000003 0.000005 -0.000002 5.826759 -4.431754 -17.152354 2.364228 3.905973 -19.874360 2.008476 3.403054 -17.534465 -0.000001 -0.000000 -0.000002 0.399554 0.565868 -22.950996 1.562598 6.480172 -30.505732 2.000290 6.786696 -37.498442 0.000000 0.000002 -0.000000 -0.608858 -0.185560 -37.831796 -0.632932 7.465329 -33.869648 -0.699818 6.193689 -28.402611 -0.000000 0.000004 0.000000 -0.329003 2.032743 -44.434250 -1.478067 6.710318 -29.507633 -0.487441 11.487359 -52.404186 -0.000001 0.000002 -0.000001 0.919651 10.804661 -0.097848 20.391251 6.520147 58.842346 -200.058044 92.874050 200.077223 14.037488 0.864020 -17.282317 -64.989093 -53.241369 35.941900 -8.200190 -3.238328 -28.084503 -17.018509 5.299756 -19.014220 -0.000002 -0.000003 0.000001 5.756375 4.191526 18.903459 2.266390 -2.900750 18.044404 2.892702 -3.240112 22.596409 -0.000001 0.000002 0.000000 0.530050 -0.550183 23.717113 1.852316 -5.456670 33.502570 1.202934 -4.323665 25.623306 0.000000 -0.000003 -0.000002 -0.500417 0.571997 36.262150 0.533606 -7.290966 42.582309 -0.091046 -5.582756 32.118521 -0.000002 0.000000 -0.000002 -1.605618 0.023503 49.121669 -2.016252 -5.777748 30.523204 -1.248325 -10.945313 58.163774 0.000001 -0.000000 -0.000002 -35.603608 17.144232 0.760559 53.241167 11.813882 -10.855463 -4.789246 14.672928 9.067405 -18.378381 -0.398420 4.835102 -0.000000 0.000001 0.000000 -21.205972 -4.258844 -6.594845 95.280770 -5.521349 1.185844 20.039264 2.083650 -0.918839 -24.688347 0.000003 0.000032 -0.000000 -0.000001 0.000001 
61.223911 94.538040 16.652246 -0.398237 27.120096 -6.878857 12.223849 -0.932364 0.790974 0.657786 -0.375707 1.050465 0.651261 -0.417743 1.060547 3.306137 -0.139612 -0.099862 8.235670 -4.187005 -0.003762 -0.000003 0.000000 0.000001 0.409583 -11.398133 -12.077514 32.538246 -9.584163 -37.408536 178.308085 -120.122414 178.037255 -14.777755 6.111059 -19.357217 -72.313692 54.312855 -27.046538 -4.646115 -3.379886 27.586593 -17.053664 -7.293077 16.340647 0.000001 -0.000002 -0.000001 5.733280 -4.551723 -15.136930 2.154874 3.664362 -18.465433 1.934294 3.310979 -17.013598 0.000001 -0.000000 -0.000002 0.317870 0.188032 -21.074352 1.332807 6.060105 -28.181296 1.813387 6.501237 -35.841582 -0.000001 -0.000001 0.000001 -0.550964 -0.391189 -35.982686 -0.735844 6.929907 -31.325976 -0.747327 5.783688 -26.468817 -0.000000 0.000002 0.000002 -0.127199 1.947157 -41.932785 -1.486623 6.016813 -26.516534 -0.694924 10.998847 -50.108146 0.000000 0.000003 -0.000001 1.127570 10.811272 -0.106846 17.083126 5.307265 62.002504 -184.783446 101.659716 184.882279 13.028501 0.730141 -16.478926 -66.640551 -52.953599 34.511416 -7.073359 -2.126559 -28.024463 -17.149883 4.342831 -19.160149 -0.000001 0.000000 0.000001 5.742686 4.272393 17.484929 2.184877 -2.825820 17.494047 2.903421 -3.248645 22.665158 0.000000 -0.000001 -0.000000 0.465827 -0.335977 22.418032 1.738824 -5.296719 32.354449 1.143499 -4.213608 24.892332 -0.000001 0.000000 -0.000003 -0.447691 0.649087 35.042634 0.403230 -7.008370 40.797335 -0.132943 -5.423325 31.176105 0.000002 -0.000000 -0.000001 -1.371443 0.029269 47.476310 -1.982122 -5.400319 28.629353 -1.322633 -10.765896 57.188440 0.000001 0.000001 0.000000 -32.494331 16.718758 -0.874186 50.746431 11.953774 -10.300304 -14.468475 15.622685 15.250834 -13.724059 -0.044499 1.642503 -0.000000 0.000000 0.000000 -20.545848 -4.024582 -6.402326 90.843107 -6.504790 0.292851 15.707005 0.638362 -1.645556 -29.884168 -0.000000 0.000049 -0.000000 0.000000 -0.000000 
61.425114 93.379913 18.513597 -0.052759 29.507343 -8.468296 11.855340 -1.793874 2.538046 0.473671 -0.706769 1.349949 0.459356 -0.756880 1.360618 3.247537 0.064869 -0.279227 8.240026 -2.699602 -0.989330 0.000002 0.000001 -0.000001 0.257878 -10.865884 -14.641335 26.495304 -11.591454 -39.794752 178.361238 -120.917038 178.082771 -16.447285 10.195142 -21.924386 -72.199601 54.145775 -27.221593 -3.194569 -4.772864 27.665159 -17.104033 -6.420183 16.445617 0.000002 0.000001 0.000001 5.651725 -4.687620 -13.260591 1.966471 3.436179 -17.162261 1.867823 3.227012 -16.541825 -0.000002 -0.000000 -0.000002 0.251557 -0.169431 -19.335178 1.136574 5.665174 -26.042842 1.648764 6.233729 -34.317585 0.000000 0.000000 0.000000 -0.496002 -0.571926 -34.283216 -0.809303 6.433030 -28.985766 -0.778752 5.404570 -24.687932 -0.000002 0.000001 0.000002 0.053675 1.901753 -39.631548 -1.461946 5.372354 -23.738587 -0.866390 10.546453 -48.018685 0.000000 0.000000 -0.000001 1.171345 10.732154 0.177934 14.141463 3.124526 65.491378 -182.278583 113.370758 182.484609 14.746057 -0.113286 -16.246780 -68.315962 -52.631549 33.088384 -5.905208 -0.987416 -28.022765 -17.279661 3.370118 -19.274796 0.000000 -0.000004 -0.000003 5.730343 4.356804 16.027302 2.101408 -2.747608 16.925496 2.909445 -3.253442 22.703819 -0.000000 0.000002 -0.000000 0.404991 -0.114870 21.086291 1.625268 -5.129484 31.171218 1.079870 -4.091895 24.090024 -0.000000 -0.000002 0.000001 -0.394410 0.723376 33.795202 0.276815 -6.709309 38.936433 -0.174833 -5.252085 30.168806 -0.000000 -0.000001 -0.000001 -1.138280 0.016643 45.789756 -1.933766 -5.011734 26.673243 -1.399564 -10.570098 56.132574 0.000000 -0.000000 -0.000001 -31.070291 15.357228 -1.499666 51.166002 11.793492 -9.382809 -22.892364 14.299511 16.832100 -8.705843 -0.000445 0.165229 -0.000000 -0.000001 0.000000 -20.088695 -3.972774 -6.331071 85.718341 -8.441359 -0.640363 11.429834 -0.737752 -2.427306 -32.803893 0.000010 0.000050 0.000000 -0.000001 0.000003 
61.435200 92.237404 20.277847 0.470484 32.143130 -9.635884 11.634968 -2.683402 3.657529 0.334580 -1.005772 1.510279 0.313606 -1.060080 1.520635 3.070373 0.267592 -0.442802 7.890042 -1.250774 -1.687184 0.000001 0.000001 -0.000000 0.129852 -10.242630 -17.156704 19.838612 -14.710984 -41.593424 178.194759 -118.546703 177.938954 -11.317504 13.547500 -25.192560 -72.123403 54.095873 -27.407044 -1.916079 -6.055600 27.894966 -17.177787 -5.608222 16.570546 0.000003 0.000003 -0.000002 5.590711 -4.839928 -11.613149 1.807230 3.234670 -16.031899 1.813155 3.156844 -16.150045 0.000001 -0.000001 -0.000001 0.202092 -0.484358 -17.820346 0.979864 5.319984 -24.206346 1.513215 6.000538 -33.009843 0.000001 0.000001 0.000001 -0.446502 -0.717096 -32.829871 -0.856082 6.003723 -26.975844 -0.796306 5.077682 -23.156372 -0.000003 0.000002 -0.000001 0.211427 1.900013 -37.661260 -1.414633 4.809579 -21.308150 -0.997558 10.160795 -46.261810 0.000002 0.000001 -0.000001 1.159833 10.758293 0.686507 11.989917 1.222631 68.714599 -181.349049 126.036279 181.676161 16.467811 -1.274691 -15.521477 -69.947667 -52.287704 31.731505 -4.737241 0.142641 -28.081495 -17.403349 2.410859 -19.362208 0.000001 -0.000006 -0.000002 5.720194 4.439933 14.576506 2.018372 -2.668214 16.354630 2.911246 -3.254866 22.715343 0.000000 0.000001 -0.000000 0.349639 0.106181 19.763408 1.515174 -4.959902 29.988407 1.015085 -3.963514 23.250222 -0.000000 0.000000 0.000001 -0.342585 0.792878 32.558125 0.159458 -6.404005 37.063127 -0.214680 -5.075451 29.134349 -0.000000 0.000001 -0.000005 -0.915010 -0.013360 44.114337 -1.872173 -4.624941 24.717616 -1.475420 -10.365540 55.038064 0.000001 -0.000001 0.000001 -31.510419 13.726151 -1.320291 54.133334 12.209666 -8.669739 -27.237884 11.235847 16.695948 -6.983870 0.000029 0.000004 0.000000 0.000000 -0.000000 -20.050545 -4.000117 -6.731685 80.632746 -10.553020 -1.521399 7.667322 -2.016042 -3.402365 -32.503036 0.000007 0.000033 -0.000002 -0.000002 0.000003 
61.041126 91.319580 21.903921 1.009975 35.399631 -9.215454 11.802311 -3.658002 2.991719 0.355672 -1.224096 1.347666 0.334129 -1.272762 1.357639 2.787487 0.403818 -0.586423 7.627788 -0.490944 -2.174624 0.000000 0.000001 0.000000 0.043646 -9.850574 -19.246507 13.234875 -18.995886 -43.565310 177.895351 -115.034811 177.672659 -5.500310 13.785076 -25.528252 -72.061405 54.123307 -27.632589 -0.550533 -7.466961 28.299921 -17.283720 -4.701168 16.733356 0.000000 0.000004 0.000001 5.537522 -5.030997 -9.850250 1.642731 3.017613 -14.833955 1.757716 3.084685 -15.749472 0.000004 0.000002 0.000002 0.158316 -0.822044 -16.209472 0.827111 4.951480 -22.275596 1.376533 5.752105 -31.635940 0.000003 -0.000002 -0.000001 -0.393191 -0.860753 -31.307063 -0.888863 5.550410 -24.862444 -0.805291 4.733030 -21.544292 -0.000003 0.000000 0.000001 0.373888 1.932482 -35.594660 -1.337781 4.211422 -18.714367 -1.120446 9.757674 -44.446681 -0.000000 0.000002 -0.000001 1.135428 11.186686 1.571377 11.364136 1.487506 70.968999 -180.858082 138.674820 181.315021 15.681578 -3.202602 -12.714236 -71.471352 -51.938616 30.492990 -3.608900 1.226872 -28.194966 -17.515940 1.494519 -19.426322 -0.000000 -0.000001 -0.000001 5.711654 4.520816 13.178863 1.938061 -2.589892 15.797307 2.909259 -3.253293 22.702646 -0.000001 -0.000000 -0.000000 0.301215 0.320043 18.490905 1.411782 -4.793257 28.841529 0.951931 -3.833587 22.406668 -0.000000 -0.000000 0.000002 -0.293990 0.855987 31.369710 0.054954 -6.103264 35.240897 -0.250984 -4.899877 28.110482 -0.000000 -0.000002 0.000003 -0.709273 -0.057835 42.502638 -1.799975 -4.252707 22.825027 -1.547179 -10.159957 53.946579 -0.000001 -0.000000 -0.000000 -31.826533 12.964310 -2.085945 56.790011 12.436363 -8.264706 -29.167162 8.430393 16.738545 -6.448236 0.000004 0.000005 0.000000 -0.000000 0.000000 -21.890893 -3.566567 -8.795264 77.471830 -11.903981 -2.124455 5.216726 -3.067687 -4.436475 -26.662475 -0.000005 0.000055 0.000000 -0.000001 -0.000001 
60.499680 90.736450 23.569502 1.467398 39.110650 -8.086185 11.970737 -4.601681 1.854261 0.412831 -1.405828 1.080523 0.393753 -1.445133 1.090046 2.556494 0.520416 -0.777626 7.507922 0.086284 -2.917766 0.000002 0.000000 -0.000000 -0.047337 -10.319750 -19.984502 7.135413 -25.698966 -44.959420 177.534662 -111.753144 177.342529 -5.004262 7.405207 -13.354084 -71.986840 54.156304 -27.903539 1.069786 -9.139908 28.903578 -17.419503 -3.612850 16.932567 0.000000 0.000004 -0.000000 5.481568 -5.267978 -7.734979 1.451456 2.752649 -13.397545 1.691871 2.997597 -15.268903 0.000000 -0.000003 0.000001 0.118335 -1.229025 -14.276557 0.660522 4.502820 -19.961330 1.220519 5.449773 -29.988789 0.000000 0.000000 0.000001 -0.330863 -1.028491 -29.479076 -0.906006 5.005318 -22.328720 -0.803239 4.319276 -19.610851 -0.000001 0.000000 0.000001 0.545234 1.992045 -33.112624 -1.209959 3.499110 -15.603101 -1.250552 9.269191 -42.272536 0.000002 -0.000002 0.000002 1.117891 11.722027 2.299588 12.088748 2.929470 72.833258 -180.562485 149.803561 181.144895 13.650739 -3.416624 -7.242231 -72.825690 -51.604142 29.419414 -2.558037 2.229034 -28.350474 -17.570662 0.646105 -19.478615 -0.000002 -0.000001 -0.000001 5.704453 4.596617 11.880494 1.862669 -2.514964 15.269383 2.903966 -3.249096 22.668664 -0.000001 0.000000 0.000002 0.260517 0.519417 17.310278 1.317854 -4.635051 27.765916 0.892792 -3.707360 21.593069 -0.000000 -0.000000 0.000001 -0.250192 0.911405 30.268352 -0.034266 -5.818246 33.532814 -0.282601 -4.731952 27.134906 -0.000002 -0.000000 0.000002 -0.527030 -0.112213 41.007257 -1.721495 -3.907420 21.057980 -1.612195 -9.961401 52.899716 0.000001 0.000000 0.000000 -31.631057 12.675392 -3.073332 58.855440 12.373833 -7.918323 -30.148913 5.351710 15.998559 -6.383165 0.000013 0.000005 0.000000 0.000001 0.000000 -24.925288 -3.184986 -12.305937 75.214255 -12.503075 -2.449364 4.444109 -2.987125 -6.196588 -17.813191 0.000004 0.000039 -0.000005 0.000000 -0.000001 
60.091240 90.612885 25.206970 1.830432 43.163046 -7.033514 12.124294 -5.473220 1.005851 0.476964 -1.579478 0.763341 0.463102 -1.606816 0.772316 2.513422 0.634859 -1.126225 7.885700 0.601910 -4.492391 -0.000003 -0.000001 -0.000001 -0.131799 -11.150574 -19.848127 0.680619 -32.868981 -46.900003 177.031045 -108.344408 176.870330 -2.654946 -0.342447 3.841804 -71.907760 54.191032 -28.188116 2.751115 -10.864959 29.666052 -17.571563 -2.472994 17.146037 0.000002 0.000004 0.000001 5.432569 -5.524950 -5.518301 1.258230 2.469923 -11.893449 1.623671 2.905743 -14.765400 -0.000002 0.000002 -0.000001 0.091328 -1.656678 -12.250809 0.505639 4.025839 -17.538783 1.066575 5.128291 -28.264308 0.000000 -0.000001 -0.000001 -0.267621 -1.199005 -27.562655 -0.898013 4.433837 -19.675603 -0.786055 3.886028 -17.585620 -0.000002 -0.000003 0.000000 0.696343 2.076443 -30.509273 -1.034747 2.761172 -12.342960 -1.366523 8.752410 -39.998322 0.000000 -0.000002 -0.000000 1.165719 12.357651 2.213275 15.268809 4.976082 74.912921 -180.383042 158.107691 181.068452 9.564513 4.236540 3.552156 -73.952377 -51.306233 28.551791 -1.621492 3.113658 -28.529128 -17.616767 -0.098519 -19.512753 -0.000003 -0.000003 -0.000001 5.698078 4.664423 10.727602 1.794342 -2.445848 14.786666 2.895814 -3.242594 22.616361 -0.000000 0.000001 -0.000000 0.227873 0.697009 16.263029 1.235768 -4.490977 26.796939 0.839897 -3.590248 20.843183 0.000001 0.000001 -0.000001 -0.212462 0.958127 29.292335 -0.106920 -5.560480 32.001970 -0.308980 -4.578298 26.245239 -0.000001 -0.000001 0.000001 -0.372853 -0.170569 39.680787 -1.642388 -3.601040 19.479114 -1.668665 -9.778001 51.938900 -0.000000 -0.000000 -0.000000 -31.061149 12.770747 -3.383664 60.465103 12.310181 -7.627259 -30.149029 1.330356 13.915248 -7.081432 0.000014 0.000002 -0.000000 0.000000 -0.000000 -27.393928 -3.123402 -16.126044 71.830156 -12.515225 -2.763932 4.676170 -2.561440 -7.687697 -9.157971 0.000010 0.000017 0.000001 0.000002 0.000000 
59.707699 90.738068 26.858236 2.098214 47.002807 -6.251312 12.265727 -6.278378 0.532393 0.517024 -1.754276 0.452061 0.509479 -1.769226 0.459805 2.611053 0.794152 -1.526054 8.564954 1.714543 -6.464592 -0.000001 0.000000 0.000003 -0.127305 -12.225065 -18.446954 -7.151109 -39.144111 -48.507454 176.141235 -104.324330 176.017185 3.106607 -5.811219 23.278647 -71.833113 54.223584 -28.454047 4.306757 -12.443023 30.492768 -17.722372 -1.410864 17.349778 -0.000000 0.000001 0.000002 5.396208 -5.772208 -3.451056 1.084812 2.201766 -10.491801 1.560792 2.819530 -14.295956 -0.000001 -0.000001 0.000000 0.079709 -2.057473 -10.361546 0.379585 3.575444 -15.281877 0.931881 4.824440 -26.657523 0.000002 -0.000000 0.000001 -0.210816 -1.353329 -25.774721 -0.866653 3.901659 -17.202936 -0.756240 3.482747 -15.697597 -0.000000 0.000002 -0.000001 0.809873 2.173382 -28.079536 -0.833832 2.082972 -9.302046 -1.455761 8.266702 -37.881100 0.000003 -0.000002 0.000002 1.214223 12.937171 2.072314 19.572582 4.548152 75.413041 -180.330709 160.739978 181.050857 8.610252 3.419228 9.402876 -74.794997 -51.067934 27.927638 -0.835476 3.846500 -28.707657 -17.652831 -0.709277 -19.531754 -0.000002 0.000000 0.000001 5.691795 4.721210 9.766343 1.735126 -2.384958 14.364989 2.885271 -3.234165 22.548635 0.000001 0.000000 0.000001 0.203126 0.845423 15.390639 1.167684 -4.366900 25.969948 0.795100 -3.487759 20.190603 -0.000001 0.000001 0.000002 -0.181895 0.995338 28.480055 -0.162811 -5.341592 30.711273 -0.329747 -4.445628 25.479046 0.000001 0.000001 0.000001 -0.250043 -0.226314 38.575942 -1.569339 -3.345084 18.151048 -1.715119 -9.618069 51.105419 0.000002 0.000001 -0.000001 -30.486450 12.230190 -3.569206 61.586252 12.993015 -7.264868 -29.845447 -2.102953 11.407166 -8.007452 -0.000016 0.000007 0.000000 -0.000001 0.000000 -29.872853 -2.941467 -19.484808 68.272023 -12.502819 -3.150918 4.760141 -1.928430 -7.720028 0.874000 0.000005 -0.000016 -0.000003 -0.000002 -0.000003 
59.267952 91.106461 28.605530 2.322616 49.857557 -6.357322 12.425411 -6.944507 0.964615 0.480059 -1.940690 0.208585 0.478492 -1.944545 0.213138 2.943335 1.090118 -1.922224 9.737385 4.677685 -8.814832 -0.000002 -0.000000 0.000001 -0.026207 -13.359437 -16.396924 -17.576822 -43.576265 -52.364864 174.241022 -99.722927 174.158622 10.512514 -10.142004 40.981893 -71.772311 54.249939 -28.668872 5.553864 -13.690716 31.238850 -17.850387 -0.555080 17.517583 0.000004 0.000001 -0.000001 5.373689 -5.976681 -1.784019 0.949797 1.982487 -9.362338 1.510620 2.749632 -13.917508 0.000003 -0.000001 -0.000000 0.080090 -2.380650 -8.837743 0.291005 3.208900 -13.463394 0.829557 4.576757 -25.362907 0.000003 0.000000 0.000002 -0.166638 -1.474619 -24.332604 -0.824648 3.473865 -15.209880 -0.722503 3.158386 -14.175548 0.000001 0.000001 -0.000001 0.881640 2.263091 -26.119183 -0.645840 1.544440 -6.849040 -1.514403 7.872862 -36.176216 0.000002 0.000000 0.000002 1.266433 13.499921 1.899422 24.708271 3.270937 76.368495 -180.321161 161.229757 181.047906 10.086861 -0.575254 13.285250 -75.297310 -50.911749 27.583048 -0.236109 4.394332 -28.860606 -17.677255 -1.156150 -19.538704 -0.000000 0.000000 0.000002 5.684830 4.764028 9.042925 1.687024 -2.334866 14.020150 2.872814 -3.224190 22.468430 0.000001 0.000000 -0.000001 0.186009 0.957298 14.734651 1.115391 -4.268662 25.320097 0.760157 -3.405476 19.669019 0.000001 0.000001 -0.000001 -0.159381 1.022205 27.869887 -0.202230 -5.173175 29.723573 -0.344900 -4.340650 24.873934 -0.000001 0.000000 0.000002 -0.161081 -0.272561 37.745309 -1.509556 -3.150717 17.136449 -1.750489 -9.489934 50.440520 0.000000 -0.000001 0.000000 -30.373786 12.030885 -1.608395 62.365276 10.372396 -7.392140 -28.962277 -3.169917 10.419660 -9.768354 -0.000035 0.000013 0.000000 0.000002 0.000000 -32.540182 -1.693212 -20.141543 65.733631 -12.444022 -3.929007 2.197719 -4.018350 -3.500434 9.278679 0.000003 0.000008 -0.000002 0.000000 -0.000001 
58.688805 91.808136 30.444843 2.200072 52.239718 -5.497761 12.836813 -7.401616 0.316287 0.499100 -2.021483 0.233620 0.496216 -2.028110 0.239623 3.224442 1.447890 -2.641305 11.750305 6.056701 -10.392910 -0.000000 0.000000 0.000000 0.170107 -14.537265 -13.413779 -28.960094 -42.082240 -55.819120 165.864286 -94.029049 165.833428 14.031153 -14.360546 40.867983 -71.735093 54.266075 -28.799991 6.310429 -14.438547 31.728496 -17.931391 -0.033908 17.621516 0.000003 0.000002 -0.000003 5.362905 -6.103508 -0.768155 0.869677 1.847585 -8.674413 1.480262 2.706890 -13.686924 0.000001 -0.000000 0.000000 0.084555 -2.577768 -7.909062 0.242765 2.984219 -12.355883 0.769986 4.424710 -24.574438 0.000002 -0.000001 -0.000000 -0.140453 -1.547104 -23.453649 -0.791770 3.213957 -13.995653 -0.697758 2.961214 -13.248212 0.000001 -0.000000 -0.000003 0.916789 2.322698 -24.924223 -0.520071 1.220382 -5.353678 -1.544301 7.632097 -35.138270 -0.000001 -0.000000 -0.000000 1.320166 14.041368 1.723753 30.384527 1.658485 78.068919 -180.341405 160.194628 181.054286 12.927540 -5.354451 15.798422 -75.401354 -50.858114 27.556335 0.140019 4.724531 -28.962905 -17.688593 -1.409033 -19.536737 0.000001 0.000002 0.000003 5.676311 4.790127 8.603553 1.652029 -2.298012 13.767976 2.858860 -3.212997 22.378678 -0.000000 0.000001 0.000000 0.176226 1.025365 14.336576 1.080850 -4.202228 24.882762 0.736663 -3.348951 19.312022 0.000001 -0.000000 -0.000000 -0.145920 1.037919 27.500114 -0.225541 -5.066810 29.101810 -0.354466 -4.270013 24.467467 0.000003 0.000000 0.000000 -0.107759 -0.302254 37.241542 -1.470175 -3.028962 16.498033 -1.773826 -9.401984 49.985503 -0.000001 -0.000002 0.000001 -30.216197 12.440644 0.337415 62.722174 6.447441 -7.532180 -26.471037 -3.001319 9.354759 -13.008736 -0.000003 0.000006 -0.000000 -0.000002 -0.000000 -33.989770 -0.636674 -20.817133 62.516872 -11.809391 -4.610547 1.671867 -4.207682 -1.391032 15.371761 -0.000022 -0.000031 -0.000003 0.000001 0.000000 
57.871937 92.708000 32.936459 2.527491 55.736130 -5.319884 12.793755 -9.188397 -0.529421 0.514278 -2.444703 0.155669 0.514041 -2.449255 0.164287 3.712036 1.735378 -2.871567 13.599596 7.703489 -11.543005 -0.000001 -0.000003 -0.000000 0.573382 -15.416495 -9.576892 -39.448536 -37.978724 -57.650874 221.743963 -88.519668 221.757623 14.559137 -19.341475 33.255986 -71.731302 54.267864 -28.814601 6.393062 -14.520246 31.787567 -17.940974 0.024522 17.633474 0.000002 0.000002 -0.000002 5.361401 -6.117969 -0.654493 0.860804 1.832429 -8.597422 1.476867 2.702102 -13.661142 0.000001 -0.000001 -0.000003 0.085281 -2.599685 -7.805064 0.237643 2.959030 -12.231982 0.763431 4.407625 -24.486233 -0.000002 -0.000000 0.000000 -0.137441 -1.554806 -23.355221 -0.787753 3.184934 -13.859781 -0.694768 2.939190 -13.144416 0.000001 0.000000 -0.000000 0.921301 2.330608 -24.790609 -0.505457 1.184339 -5.186290 -1.547393 7.605120 -35.022191 0.000002 -0.000001 0.000000 1.372105 14.556960 1.574391 36.240755 0.166020 80.395848 -180.380119 158.252191 181.067427 15.549356 -8.967823 17.217555 -75.045057 -50.923565 27.890949 0.255585 4.804396 -28.993122 -17.685897 -1.437824 -19.529191 -0.000001 -0.000004 0.000000 5.665735 4.795824 8.494370 1.632171 -2.276956 13.624276 2.843916 -3.200934 22.282333 0.000000 -0.000000 0.000000 0.173840 1.042350 14.237925 1.066040 -4.173341 24.693188 0.726323 -3.323783 19.153268 0.000004 0.000000 0.000000 -0.142527 1.041476 27.409121 -0.232541 -5.033758 28.909018 -0.358304 -4.240423 24.297252 -0.000003 0.000001 -0.000002 -0.094457 -0.310535 37.117027 -1.457586 -2.991018 16.298616 -1.784049 -9.362519 49.781574 0.000002 -0.000002 -0.000003 -30.959414 12.303560 3.666647 63.351336 0.746893 -7.690054 -22.587582 -2.697033 7.443502 -16.832315 0.000016 0.000008 -0.000000 0.000002 -0.000000 -34.436499 -0.532573 -20.883170 58.975439 -12.001690 -5.082736 1.718448 -3.124515 0.006653 18.227340 -0.000011 -0.000046 0.000001 0.000000 -0.000003 
57.009064 93.706398 35.573067 3.379018 59.253879 -6.068238 12.491200 -11.262767 -1.259926 0.545791 -2.957614 0.060808 0.549599 -2.959015 0.073677 4.238002 1.995801 -2.962286 15.390802 9.336132 -12.307682 -0.000001 0.000001 0.000000 1.234518 -15.304366 -4.162132 -47.273327 -32.518005 -56.078643 200.202557 -87.147524 200.230438 13.716336 -23.267786 22.396059 -71.993616 54.448352 -28.590004 5.454083 -13.680562 31.383237 -17.899423 -0.532159 17.580550 -0.000000 -0.000000 -0.000002 5.405772 -6.001219 -1.936082 0.965777 2.008963 -9.497952 1.522314 2.766008 -14.005987 -0.000001 -0.000001 0.000002 0.074617 -2.386447 -9.026828 0.302712 3.260459 -13.718227 0.843662 4.611856 -25.545657 0.000002 0.000000 0.000003 -0.187085 -1.491663 -24.589955 -0.831441 3.533608 -15.488600 -0.727683 3.203175 -14.385915 0.000001 0.000001 0.000001 0.860118 2.225928 -26.457778 -0.664381 1.594409 -7.078257 -1.504648 7.944513 -36.485723 0.000002 0.000000 -0.000001 1.417878 15.042173 1.480460 41.905126 -0.922122 82.880780 -180.425895 156.020140 181.084516 16.266352 -9.630353 17.263300 -74.182425 -51.111299 28.610208 0.011882 4.519486 -28.924171 -17.650307 -1.162378 -19.490093 0.000002 -0.000004 -0.000001 5.656663 4.773365 8.858671 1.639070 -2.284290 13.674251 2.829829 -3.189555 22.191283 -0.000001 0.000001 -0.000001 0.181853 0.985638 14.571247 1.081900 -4.204237 24.896094 0.734378 -3.343419 19.277084 -0.000002 -0.000000 -0.000001 -0.152935 1.026093 27.723103 -0.217889 -5.102423 29.309947 -0.354357 -4.270833 24.472156 0.000001 0.000001 -0.000003 -0.136205 -0.290179 37.541301 -1.485206 -3.074943 16.739322 -1.775848 -9.394208 49.945277 -0.000001 -0.000001 0.000002 -33.315081 11.586969 8.347777 64.685505 -4.639861 -7.837038 -16.454598 -3.397657 2.879584 -21.097111 0.000011 0.000019 -0.000000 0.000001 0.000000 -34.692228 -0.764166 -20.853606 55.110416 -11.706749 -4.947519 2.890116 -0.199926 0.376393 14.348537 -0.000009 -0.000001 -0.000002 -0.000002 0.000002 
56.169037 94.683525 38.247810 4.581081 62.639146 -7.358234 11.999301 -12.898046 -1.500369 0.635320 -3.397310 0.018441 0.644616 -3.397176 0.039317 4.676167 2.245082 -3.123281 17.088910 10.657408 -12.309127 0.000000 -0.000001 -0.000000 1.023762 -14.044059 -1.377270 -51.681470 -31.719504 -50.716518 238.417698 -88.842955 238.426768 16.044053 -24.978903 18.267266 -72.570091 54.846494 -28.117568 3.573686 -11.993686 30.715692 -17.811151 -1.632295 17.493631 0.000003 0.000001 -0.000000 5.506778 -5.786330 -4.515546 1.186196 2.360298 -11.317638 1.616255 2.895643 -14.710365 -0.000004 -0.000000 -0.000000 0.062915 -1.963428 -11.494449 0.458339 3.864757 -16.728385 1.017594 5.020461 -27.691667 0.000000 0.000002 -0.000000 -0.299141 -1.362877 -27.097698 -0.889378 4.242247 -18.786008 -0.776748 3.739145 -16.898390 -0.000000 0.000001 0.000000 0.686872 2.030786 -29.840304 -0.942880 2.434618 -10.884791 -1.390725 8.630339 -39.464601 0.000000 -0.000001 0.000001 1.442336 15.442728 1.516849 47.617207 -2.849957 83.189355 -180.511463 152.046349 181.120771 13.275986 -4.363906 12.856981 -72.844500 -51.397781 29.685962 -0.619702 3.824967 -28.765902 -17.570192 -0.559767 -19.397817 -0.000002 -0.000003 0.000000 5.652764 4.720062 9.746005 1.678797 -2.326205 13.960947 2.817387 -3.179461 22.110881 0.000003 -0.000000 0.000003 0.202760 0.847312 15.383697 1.134132 -4.304178 25.554586 0.762581 -3.411224 19.705444 0.000002 0.000000 -0.000000 -0.178869 0.987815 28.488362 -0.177571 -5.280085 30.350055 -0.341166 -4.367261 25.027176 -0.000000 0.000000 -0.000001 -0.239527 -0.242555 38.575525 -1.554407 -3.295421 17.892183 -1.746723 -9.503876 50.512807 0.000002 -0.000002 -0.000003 -36.557181 10.219682 14.014362 65.869948 -7.572629 -8.044850 -8.218363 -7.823194 -5.217576 -24.593962 -0.006685 0.552667 0.000001 -0.000004 -0.000003 -34.396457 -0.966008 -20.551641 51.331706 -8.913754 -4.881486 4.415661 -0.243758 2.418139 14.235136 -0.000003 -0.000013 -0.000004 -0.000003 -0.000002 
55.447300 95.448753 40.832520 5.994648 65.645249 -9.124379 11.513192 -14.707913 -1.565162 0.751733 -3.897138 -0.199959 0.779391 -3.887758 -0.170412 5.035870 2.409727 -3.088432 17.510155 12.169184 -11.791084 0.000003 -0.000003 -0.000002 0.298357 -11.934769 0.081794 -53.808859 -33.697298 -44.220362 164.848692 -93.765472 164.820224 22.310313 -24.480831 17.301767 -73.184125 55.229610 -27.545533 1.196929 -9.780848 29.974801 -17.661592 -3.070620 17.347106 0.000002 0.000005 0.000000 5.626397 -5.513909 -7.758108 1.476519 2.788178 -13.588651 1.732424 3.051400 -15.565456 -0.000001 -0.000002 0.000001 0.073179 -1.411313 -14.566487 0.695341 4.601395 -20.466670 1.254540 5.517562 -30.355727 0.000000 0.000001 0.000000 -0.444069 -1.169912 -30.176599 -0.904338 5.123771 -22.878919 -0.804826 4.406246 -20.017176 -0.000001 0.000000 -0.000001 0.402134 1.851581 -33.996573 -1.212820 3.512997 -15.663944 -1.201446 9.462713 -43.130763 0.000001 -0.000001 -0.000005 1.469845 16.005524 1.635020 52.626129 -3.890832 82.284512 -180.623219 147.261474 181.175822 16.922244 -4.416977 19.888847 -71.079012 -51.752733 31.094002 -1.574487 2.791950 -28.566501 -17.456968 0.314348 -19.262720 -0.000002 -0.000001 -0.000001 5.653885 4.643006 11.062053 1.745179 -2.395346 14.436730 2.805518 -3.169850 22.034211 -0.000000 0.000001 -0.000001 0.237422 0.642694 16.588911 1.217896 -4.458803 26.581928 0.807891 -3.517319 20.378491 0.000001 0.000001 0.000000 -0.218689 0.929343 29.623384 -0.110893 -5.545554 31.913724 -0.318857 -4.516688 25.889098 0.000002 0.000002 0.000001 -0.401512 -0.180302 40.109159 -1.650122 -3.629518 19.626383 -1.698678 -9.675701 51.405336 0.000000 0.000003 -0.000002 -39.150757 7.765123 19.432221 65.273413 -7.304993 -7.786347 -0.512462 -15.798576 -15.696176 -26.661889 -0.511302 4.774613 0.000000 -0.000001 0.000001 -33.811707 -1.183857 -20.191697 47.306737 -5.830401 -4.991775 7.047898 -0.231639 3.217477 12.561100 0.000019 -0.000037 -0.000000 0.000000 -0.000002 
54.805023 96.149597 43.376377 7.621107 68.203838 -11.098055 10.977019 -16.238554 -1.700565 0.831423 -4.320232 -0.468581 0.879988 -4.300033 -0.433078 5.346525 2.518426 -2.982373 17.562392 13.601116 -11.315475 0.000004 0.000000 -0.000000 -0.866203 -8.342385 0.180952 -53.321853 -38.229730 -38.299705 174.821588 -100.784134 174.729612 36.694956 -19.794605 17.470318 -73.535879 55.371514 -27.046263 -1.252202 -7.368298 29.243083 -17.485595 -4.647206 17.107754 0.000003 -0.000000 -0.000001 5.726864 -5.206522 -11.028078 1.780788 3.200439 -15.841604 1.842701 3.194885 -16.362201 0.000001 -0.000000 0.000001 0.121271 -0.813305 -17.602400 0.973932 5.306305 -24.134098 1.508867 5.992852 -32.967093 0.000002 0.000001 0.000002 -0.575461 -0.926366 -33.125652 -0.857659 5.986003 -26.893096 -0.796972 5.060755 -23.077150 0.000000 -0.000000 0.000000 0.072796 1.763187 -37.987593 -1.392960 4.617628 -20.477273 -0.969611 10.246395 -46.650004 0.000001 -0.000000 0.000002 1.558887 16.414456 1.115013 56.803214 -3.116027 80.846647 -180.728171 143.185736 181.234466 18.967311 -7.489862 23.653461 -68.934757 -52.144290 32.810815 -2.789673 1.492753 -28.378282 -17.322485 1.404323 -19.095221 0.000004 -0.000001 -0.000001 5.659794 4.549210 12.712355 1.832148 -2.484228 15.054183 2.793200 -3.159775 21.954291 0.000001 0.000001 -0.000001 0.286807 0.387609 18.100537 1.328675 -4.653587 27.891402 0.867442 -3.651753 21.236323 0.000003 -0.000000 -0.000000 -0.270844 0.853001 31.046567 -0.016537 -5.877346 33.885446 -0.287242 -4.706070 26.984826 0.000001 -0.000002 0.000003 -0.618888 -0.117104 42.031581 -1.756248 -4.054301 21.811098 -1.633458 -9.893653 52.544143 -0.000002 0.000001 0.000003 -40.591118 6.062498 23.759018 62.082123 -6.443430 -6.913453 4.960691 -19.861762 -22.928899 -24.744761 -1.726290 8.913906 0.000001 -0.000000 0.000002 -33.273956 -1.079434 -20.044037 43.039768 -4.318098 -5.585502 8.369853 -0.142803 6.766119 11.402286 -0.000005 -0.000014 -0.000001 -0.000001 0.000002 
54.320061 96.902481 45.904026 9.307332 69.649420 -12.987612 10.270725 -16.770502 -2.226246 0.784773 -4.453141 -0.711058 0.848780 -4.425446 -0.678302 5.590344 2.543849 -2.858596 17.869160 14.586854 -11.502651 0.000001 -0.000002 0.000000 -1.207375 -4.703134 4.347067 -52.064326 -40.252548 -36.597854 177.090153 -108.690139 176.926256 44.078295 -18.101419 19.002469 -73.314479 55.050952 -26.803296 -3.356397 -5.080004 28.444038 -17.306173 -6.163052 16.745373 0.000003 -0.000000 -0.000001 5.770110 -4.865445 -13.688601 2.029877 3.514149 -17.604760 1.916990 3.289257 -16.891194 -0.000002 -0.000001 -0.000001 0.208625 -0.253921 -19.962464 1.215818 5.829224 -26.926016 1.716368 6.345530 -34.951348 0.000006 -0.000002 0.000002 -0.632457 -0.663489 -35.246153 -0.781525 6.638052 -29.949440 -0.767428 5.558639 -25.410920 0.000001 0.000001 -0.000004 -0.166982 1.782852 -40.879826 -1.470483 5.522430 -24.385713 -0.773327 10.798309 -49.177837 0.000001 0.000002 0.000000 1.661375 16.534163 0.312303 59.513883 -2.564345 79.440571 -180.783687 141.187482 181.267893 17.299257 -6.925694 26.984349 -66.464277 -52.540660 34.808734 -4.202403 -0.009547 -28.252388 -17.177927 2.654377 -18.905202 0.000006 -0.000003 -0.000000 5.670006 4.445494 14.602577 1.933535 -2.585427 15.765774 2.779300 -3.148406 21.864178 0.000002 0.000001 -0.000000 0.351554 0.097270 19.832195 1.461373 -4.874144 29.396308 0.938135 -3.804566 22.219165 0.000001 -0.000000 -0.000001 -0.333484 0.761253 32.676332 0.105866 -6.253738 36.149845 -0.246520 -4.922332 28.241171 0.000000 -0.000001 -0.000002 -0.886207 -0.066182 44.232093 -1.857865 -4.545752 24.315878 -1.553293 -10.141770 53.850362 -0.000001 0.000001 0.000003 -41.918818 5.705435 27.094462 59.095705 -3.249772 -5.520221 2.723267 -15.254341 -21.761054 -9.107455 -0.609566 5.879890 -0.000003 -0.000001 -0.000001 -32.613477 -1.261914 -19.939559 38.416122 -2.161621 -6.119121 9.215170 -0.059709 8.857908 10.048639 0.000004 -0.000021 0.000004 0.000000 -0.000003 
53.889267 97.312164 48.436775 10.001451 70.525398 -13.877171 10.098961 -16.613689 -2.857940 0.728629 -4.378689 -0.842862 0.796498 -4.347590 -0.814313 5.782920 2.546059 -2.837003 18.573620 15.013845 -12.044075 -0.000001 -0.000001 -0.000000 -1.402700 -2.952876 8.949782 -49.299476 -40.091899 -34.128478 177.895036 -115.031505 177.672399 48.562857 -16.858539 20.712182 -72.245131 54.041768 -26.961815 -4.675138 -3.238370 27.356854 -16.987374 -7.406467 16.258345 0.000003 -0.000001 0.000001 5.711993 -4.479962 -15.101453 2.145964 3.653796 -18.404469 1.924282 3.298419 -16.942797 0.000001 -0.000000 0.000000 0.318650 0.185056 -21.006665 1.318680 6.032906 -28.032544 1.801267 6.482080 -35.731592 -0.000000 -0.000001 -0.000003 -0.554684 -0.421303 -35.840837 -0.741597 6.895470 -31.163247 -0.749817 5.758131 -26.348539 -0.000002 0.000001 -0.000000 -0.157794 1.887473 -41.744409 -1.486386 6.000191 -26.444908 -0.715969 10.945986 -49.862283 -0.000000 -0.000001 -0.000002 1.634124 16.731914 -0.348171 62.620527 -3.049723 78.475875 -180.856702 138.719694 181.314120 14.581353 -7.314170 29.227213 -63.726095 -52.912031 37.053001 -5.748997 -1.645567 -28.228417 -17.033168 4.008574 -18.701743 0.000000 -0.000008 -0.000001 5.683400 4.338014 16.638343 2.042932 -2.691834 16.523932 2.762777 -3.134862 21.756948 -0.000003 0.000001 -0.000000 0.431038 -0.213145 21.697494 1.610032 -5.106468 31.009800 1.016368 -3.966106 23.267031 0.000001 0.000000 0.000001 -0.404154 0.656999 34.431083 0.254436 -6.653369 38.591173 -0.197710 -5.152486 29.584900 -0.000004 0.000002 0.000002 -1.194465 -0.038471 46.599929 -1.943086 -5.078616 27.010398 -1.461398 -10.404343 55.244995 -0.000002 -0.000000 -0.000001 -42.815502 5.811190 30.077114 55.260147 1.116283 -3.787154 -2.306599 -6.195077 -17.553876 8.036844 0.000001 -0.000017 0.000001 0.000000 -0.000000 -31.962772 -1.227683 -19.803831 34.536763 0.756925 -6.761365 9.735169 -0.006405 9.708898 8.341485 0.000002 -0.000009 -0.000002 -0.000001 0.000002 
53.477047 97.549095 50.960880 10.223133 71.194060 -14.369777 10.208097 -16.151569 -3.443234 0.674254 -4.219084 -0.919122 0.740601 -4.186609 -0.895026 5.951676 2.542575 -2.860208 19.419143 15.232908 -12.723713 -0.000000 -0.000002 0.000001 -0.314450 -6.482775 10.628527 -42.970195 -35.138284 -25.581777 177.969485 -115.827427 177.739363 51.794158 -15.466132 21.076424 -70.226393 52.139468 -27.464973 -5.235022 -1.696841 25.678187 -16.465597 -8.490824 15.585568 0.000003 0.000001 0.000000 5.521726 -3.993367 -15.282002 2.119140 3.621905 -18.220935 1.857760 3.214158 -16.469931 0.000002 -0.000004 0.000002 0.442076 0.543706 -20.704798 1.258100 5.914104 -27.385894 1.749592 6.399485 -35.258789 0.000003 -0.000003 -0.000001 -0.329190 -0.174142 -34.808126 -0.765372 6.746694 -30.461063 -0.759828 5.649433 -25.837511 -0.000000 -0.000001 -0.000002 0.141673 2.081292 -40.456146 -1.487073 6.053244 -26.673586 -0.822675 10.666775 -48.571193 0.000006 -0.000001 -0.000001 1.389838 17.013496 -0.323266 64.455532 -5.213262 77.470970 -180.897943 137.402670 181.341290 10.160360 -7.917040 28.724907 -60.785856 -53.232510 39.499879 -7.363198 -3.330701 -28.325377 -16.896309 5.410786 -18.492959 -0.000003 -0.000001 0.000000 5.698198 4.232111 18.725280 2.153521 -2.796609 17.281012 2.742593 -3.118221 21.625636 0.000001 0.000002 -0.000001 0.522940 -0.528480 23.610161 1.767221 -5.337395 32.644715 1.097923 -4.126863 24.319915 0.000004 -0.000001 0.000000 -0.479784 0.544029 36.229362 0.423970 -7.054867 41.089284 -0.142947 -5.383697 30.942635 0.000004 0.000002 0.000003 -1.530514 -0.040883 49.024588 -2.004071 -5.626401 29.764311 -1.362425 -10.666009 56.648694 -0.000000 -0.000001 -0.000003 -42.999702 6.133346 32.757136 49.549348 5.678100 -2.029828 -6.818750 1.352813 -12.799961 15.458241 -0.000026 0.000006 -0.000003 -0.000001 0.000001 -30.967835 -1.140848 -19.500474 31.025383 5.944179 -7.547436 9.082244 -0.026003 9.994510 6.680938 -0.000019 -0.000012 -0.000001 0.000000 -0.000000 
53.104321 97.584671 53.431023 10.548484 72.119804 -15.072926 10.477392 -15.738535 -3.854826 0.656163 -4.085456 -0.938835 0.719075 -4.053542 -0.916601 6.107240 2.568994 -2.890434 20.044527 15.686803 -13.314383 -0.000000 0.000001 0.000001 1.363313 -10.799928 9.963230 -37.621782 -28.149354 -17.188712 177.692166 -113.079772 177.487725 47.734167 -14.570142 19.392960 -67.561738 49.412843 -28.023342 -5.400874 -0.120374 23.383520 -15.767166 -9.652013 14.722439 0.000004 0.000001 0.000001 5.211379 -3.383921 -14.759429 2.005361 3.484178 -17.434218 1.740272 3.061745 -15.622651 -0.000003 0.000000 0.000003 0.571952 0.911913 -19.569856 1.099472 5.586083 -25.619471 1.613685 6.174557 -33.984043 0.000003 -0.000004 -0.000001 -0.015803 0.131990 -32.673579 -0.821104 6.337113 -28.535823 -0.782665 5.344047 -24.404073 0.000001 0.000000 -0.000001 0.613101 2.397228 -37.719651 -1.483606 5.864227 -25.858997 -1.020086 10.090310 -45.942967 0.000001 0.000001 0.000000 1.105118 17.488192 -0.296200 64.568913 -7.713185 76.831282 -180.893927 137.528837 181.338613 7.760796 -7.602696 24.746843 -57.716635 -53.481737 42.095313 -8.973374 -4.980642 -28.541264 -16.773433 6.804655 -18.286167 0.000001 -0.000001 0.000001 5.712000 4.132231 20.769058 2.258193 -2.893285 17.989340 2.717686 -3.097592 21.463318 0.000001 -0.000001 0.000000 0.623020 -0.834075 25.483741 1.924188 -5.554555 34.213722 1.177935 -4.277773 25.317792 0.000004 0.000000 0.000001 -0.556729 0.427220 37.989758 0.605896 -7.438304 43.524038 -0.085404 -5.603414 32.240942 0.000000 0.000003 -0.000001 -1.877234 -0.074898 51.395934 -2.038039 -6.161832 32.446998 -1.262426 -10.911941 57.981770 -0.000001 0.000003 0.000002 -42.297528 6.604896 34.744824 41.135972 11.547921 -0.361502 -9.118174 3.745446 -8.385603 15.580713 -0.000053 0.000004 0.000000 -0.000002 -0.000000 -29.932252 -1.123566 -19.079729 28.423702 8.036640 -8.350001 7.358336 3.620384 11.285598 4.089234 0.000005 0.000000 -0.000001 -0.000002 0.000001 
52.814648 97.224144 55.727974 11.380575 73.722562 -16.453600 10.995116 -15.563407 -3.933039 0.721485 -4.040661 -0.845185 0.778457 -4.013330 -0.818633 6.240014 2.666990 -2.922130 20.108015 16.763265 -13.654632 -0.000003 0.000001 0.000001 2.531803 -14.482795 8.097621 -33.758261 -21.184761 -11.124277 177.263421 -109.779889 177.089525 42.783222 -13.773188 18.382254 -64.597443 46.042455 -28.412236 -5.198510 1.418290 20.606168 -14.936381 -10.867635 13.737998 0.000006 -0.000001 -0.000000 4.784580 -2.700658 -13.665878 1.826521 3.259554 -16.170422 1.586316 2.854703 -14.487125 0.000002 -0.000005 -0.000000 0.680925 1.287119 -17.775675 0.881090 5.085770 -22.975856 1.420131 5.832934 -32.080780 0.000002 0.000001 0.000001 0.318026 0.507606 -29.680283 -0.878576 5.719953 -25.652051 -0.802569 4.883170 -22.246319 -0.000002 0.000003 -0.000002 1.142169 2.869720 -33.850554 -1.468307 5.480941 -24.206959 -1.249963 9.271702 -42.283628 -0.000000 -0.000002 -0.000002 0.869999 17.689531 -0.264770 63.343202 -10.090659 75.978116 -180.888708 137.692912 181.335143 5.375306 -7.624581 22.877095 -54.597124 -53.646491 44.776825 -10.500665 -6.514216 -28.852020 -16.612091 8.127064 -18.098424 -0.000001 0.000000 0.000001 5.721924 4.041729 22.675229 2.349575 -2.975694 18.601195 2.687045 -3.072017 21.263057 -0.000001 0.000001 0.000001 0.725255 -1.115909 27.231650 2.070825 -5.746574 35.629224 1.250865 -4.410006 26.200394 -0.000001 -0.000001 -0.000002 -0.630781 0.312515 39.630950 0.788848 -7.785796 45.779148 -0.029579 -5.799331 33.406083 -0.000001 -0.000000 0.000004 -2.214519 -0.136077 53.604312 -2.047001 -6.657349 34.927429 -1.168945 -11.127874 59.164109 -0.000001 0.000000 0.000000 -41.472103 6.383133 35.546534 32.422109 10.696559 1.618071 -10.196456 8.081382 -2.536295 16.696975 -0.000031 -0.000002 -0.000000 -0.000001 -0.000000 -28.634641 -1.212906 -18.920816 25.998811 8.151666 -9.017555 5.847695 9.052446 14.510629 0.122735 -0.000000 0.000012 -0.000001 -0.000000 -0.000001 
52.579689 96.444870 58.118549 13.696743 76.174955 -19.063876 11.312909 -15.521105 -4.079922 0.818322 -4.033402 -0.849439 0.875721 -4.007333 -0.817748 6.320353 2.648849 -2.724873 20.445487 17.075632 -13.518812 -0.000001 -0.000000 0.000000 2.053176 -15.248145 4.364778 -30.981837 -17.298178 -9.742927 177.034542 -108.364544 176.873636 42.558588 -13.422142 20.441527 -61.583349 42.226559 -28.503074 -4.660259 2.837559 17.487786 -14.017622 -12.110905 12.696458 0.000000 0.000000 -0.000003 4.247708 -1.994675 -12.134632 1.605186 2.966693 -14.555814 1.410154 2.606730 -13.149393 -0.000000 -0.000004 -0.000001 0.745302 1.663527 -15.496084 0.642650 4.451186 -19.697275 1.196130 5.400456 -29.722429 -0.000001 -0.000002 0.000001 0.607237 0.953592 -26.071699 -0.906385 4.950356 -22.073525 -0.803003 4.308844 -19.562053 -0.000001 -0.000001 0.000001 1.609286 3.514829 -29.165475 -1.428870 4.951917 -21.923507 -1.455151 8.270386 -37.897206 -0.000000 -0.000001 -0.000001 0.665990 17.030663 -0.214528 61.264871 -11.119244 74.492318 -180.899992 137.338480 181.342656 1.358802 -8.220913 20.030182 -51.509578 -53.721699 47.475207 -11.858134 -7.855430 -29.212914 -16.461212 9.326697 -17.927483 -0.000001 0.000001 -0.000001 5.724753 3.963275 24.349394 2.419952 -3.038007 19.068713 2.649649 -3.040594 21.017899 0.000003 0.000002 -0.000000 0.821964 -1.360580 28.767213 2.196011 -5.902997 36.803395 1.310741 -4.515097 26.907469 -0.000001 -0.000000 0.000001 -0.697569 0.207206 41.071802 0.958705 -8.081262 47.737695 0.019359 -5.959537 34.364304 0.000002 -0.000001 0.000000 -2.520456 -0.214085 55.540834 -2.037318 -7.085727 37.073970 -1.090428 -11.300043 60.115405 -0.000001 0.000003 0.000001 -41.284819 6.013645 35.499263 23.791513 9.485270 3.175522 -8.868656 8.620844 0.905705 17.118413 -0.000059 0.000005 -0.000001 -0.000001 0.000002 -27.222793 -1.233905 -18.871444 24.335009 8.159171 -9.750343 5.927430 16.164032 17.373223 -6.008474 -0.000013 0.000018 0.000000 -0.000000 -0.000002 
52.353916 95.285789 60.283665 17.852132 78.571156 -23.740508 11.524897 -15.315384 -4.052199 0.875705 -3.987742 -0.801700 0.929640 -3.964726 -0.766271 6.312518 2.624468 -2.564348 20.530980 17.083959 -13.018789 -0.000001 0.000001 0.000001 1.434900 -14.992486 0.254402 -30.608854 -14.425368 -11.113607 176.908211 -107.664026 176.753725 44.555882 -13.333323 20.774285 -58.680218 38.178592 -28.261791 -3.836259 4.060855 14.181172 -13.055904 -13.348437 11.655964 0.000003 0.000001 0.000001 3.616178 -1.314859 -10.300968 1.363040 2.625279 -12.716402 1.225214 2.332398 -11.695365 0.000002 -0.000004 0.000000 0.749254 2.030683 -12.904972 0.419099 3.724206 -16.024423 0.966601 4.905041 -27.081654 0.000002 -0.000004 0.000004 0.799707 1.454731 -22.091692 -0.880161 4.086436 -18.062007 -0.771318 3.664334 -16.548273 -0.000000 0.000001 -0.000001 1.910789 4.311969 -23.981650 -1.354687 4.326409 -19.214058 -1.590533 7.153451 -33.083042 -0.000004 -0.000001 -0.000003 0.508070 16.195772 -0.172256 58.352000 -11.084785 72.773425 -180.919813 136.726071 181.355975 -3.062442 -9.598537 15.954793 -48.535799 -53.710682 50.118736 -12.951575 -8.934357 -29.563183 -16.333267 10.348362 -17.777384 -0.000007 -0.000003 0.000001 5.717054 3.899028 25.697132 2.461652 -3.074441 19.344117 2.604505 -3.002289 20.720922 -0.000002 -0.000001 0.000002 0.904419 -1.555285 30.003583 2.288016 -6.013885 37.648201 1.351384 -4.584704 27.378706 0.000003 -0.000000 -0.000001 -0.752541 0.119400 42.231268 1.099798 -8.309851 49.282253 0.055527 -6.072195 35.041664 0.000003 -0.000001 -0.000000 -2.772451 -0.293787 57.097301 -2.018443 -7.420360 38.754343 -1.036039 -11.414975 60.755038 -0.000002 -0.000003 -0.000002 -42.714719 4.932325 35.632506 18.364734 7.170030 3.701428 -7.611186 7.132985 1.277336 16.853792 -0.000019 -0.000001 -0.000000 0.000001 0.000001 -26.945800 -0.840357 -18.452478 24.802852 7.911499 -10.074637 6.805082 21.499675 20.587491 -12.512347 -0.000007 0.000017 0.000000 -0.000001 0.000001 
52.145432 93.901733 62.347229 24.136779 81.018188 -30.589211 11.788283 -15.127501 -3.867316 0.987440 -3.955592 -0.812610 1.033973 -3.936597 -0.774478 6.253258 2.603251 -2.403314 20.363383 17.123624 -12.378634 -0.000001 0.000000 -0.000001 1.268153 -14.202493 -2.408325 -31.067635 -10.648393 -14.831153 176.953126 -107.907160 176.796414 41.390509 -15.186307 20.347099 -55.989171 34.121238 -27.726678 -2.799592 5.029111 10.852430 -12.097525 -14.539407 10.667690 0.000002 0.000003 -0.000000 2.918318 -0.703280 -8.302989 1.119643 2.256804 -10.777659 1.043504 2.047295 -10.210603 -0.000000 0.000001 -0.000000 0.687906 2.374174 -10.176447 0.236157 2.951735 -12.196093 0.751948 4.377411 -24.330124 0.000001 0.000002 0.000001 0.865584 1.980094 -17.984347 -0.788278 3.188650 -13.877208 -0.702046 2.993691 -13.401017 -0.000002 -0.000002 0.000000 1.980642 5.202118 -18.616637 -1.241197 3.654233 -16.283185 -1.630621 5.994661 -28.135214 0.000001 0.000000 -0.000002 0.296508 14.836928 -0.120646 54.157543 -9.915736 70.561209 -180.927955 136.478094 181.361494 -10.096009 -9.963918 9.529617 -45.754539 -53.624771 52.635955 -13.681999 -9.685926 -29.833798 -16.235158 11.136442 -17.653083 0.000002 -0.000001 -0.000001 5.695387 3.851031 26.624031 2.467045 -3.079137 19.379581 2.550746 -2.956100 20.365273 -0.000002 0.000002 -0.000000 0.963283 -1.687744 30.853798 2.335213 -6.069457 38.075678 1.366633 -4.610483 27.553772 -0.000001 0.000001 0.000001 -0.791258 0.057757 43.028286 1.195627 -8.457576 50.295129 0.073241 -6.125715 35.364288 0.000001 -0.000001 -0.000001 -2.950178 -0.360001 58.165686 -2.001103 -7.635270 39.836023 -1.014630 -11.459282 61.002516 -0.000002 0.000001 0.000000 -44.901725 3.635882 35.327767 14.829736 5.067724 3.781833 -6.986553 5.445001 0.705629 17.293086 -0.000010 -0.000012 0.000000 -0.000001 0.000000 -27.292749 -0.395729 -17.806139 27.459082 7.465423 -10.249526 5.972936 24.467599 22.645103 -17.033735 -0.000006 0.000021 -0.000001 0.000000 -0.000001 
51.923016 92.309753 64.331245 34.319122 83.666457 -41.280868 12.225787 -15.140545 -3.428343 1.253309 -4.001911 -1.013846 1.285829 -3.987761 -0.974137 6.156283 2.599498 -2.206660 19.843359 17.523545 -11.694416 0.000003 -0.000001 0.000000 0.900901 -13.153872 -5.914413 -31.130267 -7.044035 -18.401399 177.230582 -109.563850 177.058652 41.199646 -13.517570 22.543654 -53.583063 30.279243 -26.984802 -1.644950 5.710589 7.680160 -11.190332 -15.635478 9.775598 0.000004 0.000007 0.000004 2.196231 -0.191704 -6.281674 0.891662 1.884989 -8.864591 0.875422 1.768117 -8.780483 -0.000000 0.000001 0.000000 0.568970 2.677705 -7.484999 0.107440 2.184532 -8.449159 0.566649 3.851177 -21.638401 0.000001 -0.000001 0.000000 0.803340 2.488874 -13.994065 -0.634907 2.317579 -9.777469 -0.598467 2.340700 -10.315761 -0.000000 0.000002 0.000000 1.807581 6.100424 -13.389003 -1.092485 2.984635 -13.334811 -1.573410 4.870924 -23.343751 0.000001 0.000001 0.000001 0.254798 13.954058 -0.103485 48.384790 -8.341713 68.392877 -180.928583 136.458656 181.361931 -14.015166 -11.774584 7.218055 -43.238349 -53.482092 54.959650 -13.950328 -10.046290 -29.958624 -16.173675 11.635332 -17.559733 -0.000001 0.000000 0.000002 5.656288 3.821873 27.035671 2.428863 -3.045790 19.127436 2.487391 -2.900970 19.943932 0.000000 -0.000000 0.000003 0.989536 -1.745381 31.230968 2.326595 -6.059395 37.997965 1.350817 -4.583779 27.372408 0.000001 0.000000 -0.000001 -0.809349 0.030932 43.381974 1.230657 -8.510198 50.658874 0.067403 -6.108172 35.258355 0.000001 0.000000 0.000001 -3.030013 -0.392244 58.638909 -1.994595 -7.704756 40.186289 -1.034077 -11.419063 60.777605 0.000001 -0.000003 0.000001 -47.284556 2.418379 34.271386 12.201920 3.207876 3.723564 -6.402483 4.252713 0.190243 18.193027 -0.000031 -0.000006 0.000000 -0.000002 0.000000 -27.760291 0.114696 -17.291035 31.640363 6.895417 -10.172614 3.306441 25.245520 24.130309 -19.728074 -0.000011 0.000037 -0.000000 -0.000000 0.000000 
51.717152 90.576019 66.223137 56.312615 86.084863 -63.788489 12.854202 -15.090277 -2.835293 1.615859 -4.049265 -1.290263 1.632023 -4.040465 -1.250212 6.002091 2.592142 -2.004844 18.978217 17.997806 -10.975072 -0.000000 -0.000001 0.000000 0.655769 -12.018665 -8.676905 -30.237985 -3.161697 -20.547664 177.610067 -112.369466 177.412210 38.145439 -14.281348 22.537427 -51.529239 26.873888 -26.155129 -0.482955 6.105653 4.851261 -10.383760 -16.581927 9.017017 0.000002 0.000002 -0.000004 1.504239 0.200851 -4.380564 0.692517 1.535429 -7.101597 0.729703 1.512507 -7.490069 -0.000000 -0.000004 -0.000001 0.412283 2.925613 -5.005409 0.033826 1.475703 -5.019530 0.418924 3.362082 -19.176094 0.000001 -0.000001 -0.000000 0.640783 2.938803 -10.365839 -0.440096 1.530937 -6.021015 -0.472800 1.747859 -7.487882 0.000001 0.000000 -0.000000 1.441104 6.916482 -8.620430 -0.922151 2.365031 -10.572670 -1.440147 3.857559 -18.996993 -0.000000 0.000000 -0.000000 0.592823 14.073628 -0.139063 42.377256 -6.808583 66.680050 -180.904008 137.213569 181.345347 -13.414450 -4.176800 10.552303 -41.052688 -53.305795 57.028306 -13.663480 -9.947273 -29.888659 -16.155358 11.789408 -17.502990 -0.000001 -0.000009 -0.000001 5.596409 3.815401 26.837729 2.340392 -2.967509 18.540019 2.413641 -2.835717 19.450068 0.000001 0.000002 -0.000001 0.975641 -1.715473 31.048209 2.252917 -5.971940 37.327564 1.299394 -4.495397 26.774584 -0.000001 0.000001 -0.000001 -0.802759 0.046573 43.211103 1.191905 -8.452020 50.256607 0.034470 -6.007142 34.650253 0.000002 -0.000000 -0.000000 -2.991817 -0.376997 58.409169 -2.003954 -7.602893 39.672853 -1.100060 -11.279337 60.000637 -0.000000 -0.000000 0.000002 -49.990199 1.084574 32.262136 11.266498 2.142144 3.705240 -5.940102 5.056866 0.678442 19.771005 -0.000014 -0.000004 -0.000002 -0.000001 -0.000001 -28.083981 0.841103 -16.904455 37.301022 6.452569 -9.459157 -2.540013 21.798638 24.523545 -19.423673 0.000009 0.000029 -0.000000 -0.000000 0.000000 
51.443817 88.769135 68.036545 108.642854 87.259109 -116.607681 13.832090 -14.713515 -2.174879 2.088690 -4.014589 -1.572438 2.089693 -4.011536 -1.534120 5.740082 2.554939 -1.823358 17.580209 18.321402 -10.272377 -0.000001 0.000001 -0.000000 0.447098 -10.971956 -11.709015 -30.029811 0.312428 -22.793105 178.087047 -117.183793 177.844151 35.957405 -14.999565 23.241684 -49.904142 24.119838 -25.375012 0.568656 6.245496 2.555311 -9.728932 -17.319439 8.424198 0.000000 0.000003 0.000001 0.905256 0.468004 -2.744714 0.532686 1.235359 -5.612798 0.613665 1.298839 -6.424269 -0.000000 -0.000001 -0.000001 0.247457 3.105124 -2.912633 0.004897 0.878328 -2.142868 0.311375 2.947230 -17.112339 0.000001 -0.000000 0.000000 0.430205 3.293676 -7.345274 -0.237120 0.881734 -2.867093 -0.344815 1.255355 -5.113036 -0.000002 -0.000001 -0.000000 0.983925 7.573870 -4.637405 -0.752285 1.840174 -8.200796 -1.271093 3.024465 -15.383838 0.000001 -0.000000 -0.000000 0.827308 13.707919 -0.154067 33.560934 -5.079527 64.266404 -180.807538 140.362081 181.282728 -19.172281 2.690025 3.814956 -39.256427 -53.121960 58.786742 -12.741673 -9.310468 -29.609164 -16.186471 11.542687 -17.489218 -0.000000 -0.000003 -0.000001 5.512682 3.837517 25.935915 2.196070 -2.836199 17.569951 2.328725 -2.759161 18.876768 0.000001 0.000000 0.000000 0.916488 -1.584043 30.218884 2.107639 -5.793254 35.977564 1.209293 -4.335244 25.700497 0.000003 -0.000000 0.000000 -0.767690 0.110477 42.434456 1.071012 -8.264329 48.972439 -0.026562 -5.809513 33.466797 0.000000 -0.000000 0.000000 -2.817876 -0.310229 57.367025 -2.026187 -7.303094 38.164980 -1.214649 -11.023837 58.592990 -0.000000 0.000000 0.000000 -52.138188 0.215939 29.566277 10.381528 1.272019 3.659907 -4.719070 7.314789 1.906821 21.314015 0.000001 0.000010 0.000000 -0.000002 -0.000001 -27.862392 1.347586 -16.314520 42.805496 6.344970 -8.788363 -8.924278 16.961038 24.113428 -17.693740 0.000008 0.000041 0.000000 0.000001 0.000000 
50.985428 86.969452 69.761353 159.661559 86.139928 -168.093865 16.292230 -13.071488 -2.204135 2.660532 -3.579232 -1.408954 2.655044 -3.590338 -1.363374 5.166671 2.397663 -1.738193 14.866682 17.615727 -10.543772 0.000001 -0.000000 0.000001 0.173301 -11.049801 -15.781603 -30.056958 2.806716 -23.441228 178.598682 -124.970441 178.280860 34.561642 -15.892443 25.231547 -48.798894 22.224993 -24.788064 1.392744 6.183604 0.978842 -9.277928 -17.786578 8.026972 0.000001 -0.000000 -0.000001 0.466118 0.612968 -1.519387 0.420519 1.012806 -4.522030 0.533716 1.145854 -5.667907 -0.000000 0.000000 0.000000 0.109563 3.207006 -1.381662 0.002699 0.444232 -0.055345 0.242784 2.643962 -15.616037 0.000001 0.000001 -0.000000 0.238315 3.526795 -5.178411 -0.067566 0.417939 -0.576317 -0.239140 0.901156 -3.387505 -0.000001 -0.000001 0.000001 0.571548 8.019833 -1.770439 -0.610935 1.451948 -6.423833 -1.117888 2.434917 -12.794984 -0.000000 -0.000001 -0.000000 1.003584 13.111809 -0.155237 23.785258 -2.762328 62.404071 -180.710044 143.860750 181.223907 -22.240428 5.727083 -1.089620 -37.528314 -52.898879 60.581736 -10.709516 -7.694624 -29.153891 -16.298177 10.629659 -17.656503 -0.000001 0.000000 0.000001 5.377327 3.918650 23.758427 1.944077 -2.595811 15.839217 2.225395 -2.663908 18.172162 -0.000001 0.000001 -0.000002 0.783757 -1.268203 28.237250 1.837796 -5.436571 33.357507 1.050668 -4.034611 23.714528 -0.000000 -0.000000 0.000002 -0.682618 0.250719 40.606680 0.821178 -7.843889 46.161014 -0.130646 -5.432354 31.229353 -0.000001 0.000000 0.000001 -2.406763 -0.185366 54.910083 -2.047070 -6.625759 34.769293 -1.406621 -10.551574 56.033048 -0.000001 -0.000000 -0.000001 -53.672149 -0.017063 26.321963 10.658778 0.403690 3.073260 -2.334108 11.852450 4.004167 22.410708 -0.000000 -0.000009 0.000000 0.000003 0.000000 -27.184964 1.689300 -15.506350 48.056743 6.589618 -8.241881 -15.495911 11.803220 23.115175 -15.506558 -0.000009 0.000030 -0.000000 0.000002 0.000001 
50.392178 85.202301 71.398666 181.273221 83.905944 -190.075026 18.651145 -11.993203 -2.586074 3.227826 -3.254787 -1.506486 3.235590 -3.255493 -1.453268 4.595040 2.362732 -1.659565 12.298629 18.688687 -11.010343 -0.000001 -0.000001 0.000003 0.138171 -10.280215 -17.068380 -28.500815 5.419850 -24.787663 178.927433 -132.334683 178.535763 31.635428 -15.848976 27.818905 -48.318797 21.393498 -24.528440 1.878292 5.980887 0.301851 -9.083221 -17.923052 7.856814 0.000001 0.000003 0.000000 0.252557 0.642208 -0.848835 0.363680 0.895861 -3.953147 0.496156 1.072211 -5.305805 0.000002 -0.000001 0.000000 0.033266 3.224512 -0.587312 0.007644 0.223521 1.006220 0.210977 2.489257 -14.856237 -0.000001 -0.000000 -0.000001 0.131927 3.618810 -4.111251 0.025754 0.184675 0.589629 -0.181163 0.721899 -2.507919 -0.000005 -0.000000 0.000001 0.342355 8.220325 -0.351276 -0.528143 1.240493 -5.446945 -1.032915 2.147930 -11.522898 0.000003 0.000000 -0.000001 1.110475 12.309568 -0.142901 12.892077 0.166777 60.459503 -180.643081 146.459623 181.186423 -19.930181 -6.153673 6.446860 -35.692059 -52.609850 62.591300 -7.536755 -4.949253 -28.790528 -16.504988 8.995546 -18.050875 -0.000001 -0.000004 -0.000001 5.185401 4.084604 20.158839 1.578549 -2.219582 13.234517 2.100665 -2.545708 17.310945 -0.000000 0.000000 -0.000002 0.589633 -0.739232 24.976129 1.453100 -4.860753 29.304343 0.829274 -3.566226 20.689854 0.000001 -0.000000 0.000000 -0.545981 0.461258 37.615378 0.465821 -7.146975 41.669540 -0.261224 -4.847209 27.804146 0.000001 -0.000000 -0.000002 -1.757169 -0.067383 50.880719 -1.994692 -5.523834 29.249609 -1.655034 -9.823351 52.175941 -0.000001 -0.000000 0.000000 -54.272246 0.424756 22.915957 10.594751 -0.243728 2.071413 0.351618 16.710908 5.886879 23.036560 -0.000035 -0.000002 -0.000003 0.000001 -0.000001 -26.465238 2.184123 -14.566777 53.114601 6.609106 -7.827300 -22.331122 7.232668 22.170388 -13.890300 0.000016 0.000025 0.000000 0.000002 0.000000 
49.618095 83.541901 72.838097 191.647171 81.778333 -200.543192 20.837107 -10.795929 -3.406578 3.720392 -2.852893 -1.665160 3.738877 -2.837149 -1.612487 4.131916 2.341677 -1.518619 10.461925 19.813040 -10.718878 0.000000 0.000001 -0.000001 0.221255 -9.471426 -16.513106 -26.106884 8.325754 -27.463246 179.117708 -137.831756 178.668542 27.759509 -13.645714 27.601537 -48.569004 21.707755 -24.725792 2.072105 5.515918 0.666184 -9.186456 -17.615061 7.941941 0.000001 0.000003 -0.000001 0.295659 0.559125 -0.746143 0.358293 0.884628 -3.898667 0.509368 1.098239 -5.433635 0.000002 -0.000001 -0.000003 0.034150 3.150278 -0.585316 0.007712 0.221031 1.018163 0.210737 2.488095 -14.850484 -0.000001 -0.000001 0.000003 0.146601 3.573859 -4.252991 0.025868 0.184421 0.590928 -0.180159 0.718827 -2.492812 -0.000001 0.000001 0.000001 0.371632 8.194221 -0.524089 -0.510267 1.196158 -5.241238 -1.041145 2.174745 -11.642060 0.000003 0.000000 -0.000001 1.368161 13.643665 -0.202364 2.731957 3.317575 58.141630 -180.678858 145.051225 181.206134 -11.844455 -8.625774 3.530932 -34.007396 -52.303502 64.523137 -3.788834 -1.461812 -28.842799 -16.784884 6.899438 -18.542642 -0.000002 -0.000001 0.000001 4.971155 4.332676 15.680957 1.162149 -1.745603 10.105120 1.960189 -2.408208 16.326124 -0.000001 0.000001 -0.000001 0.390501 -0.066046 20.916353 1.041091 -4.124163 24.371343 0.594763 -2.984065 17.029233 0.000001 -0.000002 -0.000001 -0.385789 0.697676 33.878763 0.104179 -6.248827 36.120158 -0.372471 -4.125064 23.634430 -0.000001 -0.000001 -0.000001 -1.014995 -0.055573 45.838472 -1.784506 -4.180594 22.456887 -1.888502 -8.919332 47.506677 -0.000000 -0.000001 -0.000001 -54.433145 1.376912 19.561534 11.035905 -0.506762 0.336819 2.607661 20.058713 6.993757 22.696493 -0.000010 -0.000011 -0.000003 -0.000001 0.000001 -25.623731 3.460723 -13.285396 57.345148 6.415017 -7.547382 -28.058945 3.216007 21.179826 -12.788570 -0.000036 0.000025 0.000000 0.000001 0.000000 
48.904835 82.435486 74.226227 192.398315 80.736422 -202.294630 22.221139 -7.972598 -4.720140 3.849049 -1.970252 -1.642823 3.867119 -1.944543 -1.606109 3.913874 2.150441 -1.309775 8.986775 19.733284 -9.803586 0.000002 -0.000003 -0.000002 0.289812 -8.446051 -16.302326 -22.159304 10.415532 -28.877883 179.194507 -140.364690 178.718006 23.347321 -14.993367 26.777512 -49.492080 23.006997 -25.360267 2.110268 4.684172 1.979904 -9.561346 -16.848495 8.265168 0.000000 0.000004 0.000002 0.556935 0.372632 -1.072428 0.390639 0.951711 -4.224470 0.571310 1.218401 -6.025902 0.000003 -0.000002 0.000001 0.096189 2.989073 -1.231101 0.003559 0.388610 0.212057 0.234952 2.606848 -15.433564 0.000003 0.000002 -0.000001 0.260000 3.417022 -5.419377 -0.047994 0.367858 -0.326751 -0.223719 0.852593 -3.149655 -0.000000 -0.000002 -0.000001 0.618384 7.992636 -2.038172 -0.539664 1.269289 -5.580365 -1.124317 2.457592 -12.895200 -0.000002 -0.000001 0.000002 1.580784 15.510560 -0.291764 -5.741604 5.851077 55.927512 -180.808030 140.345470 181.283042 -6.666316 -0.194245 -5.043524 -32.716773 -52.046677 66.102468 0.064526 2.331451 -29.439335 -17.101796 4.597246 -18.999860 0.000000 -0.000001 -0.000001 4.768760 4.645206 10.867755 0.750554 -1.220181 6.798720 1.809456 -2.255271 15.250708 0.000002 -0.000001 0.000001 0.229496 0.675647 16.537095 0.672863 -3.300739 19.107581 0.386523 -2.348694 13.133463 0.000003 -0.000000 -0.000000 -0.229070 0.926173 29.816385 -0.186425 -5.242270 30.128296 -0.432947 -3.342596 19.160866 -0.000004 0.000001 0.000002 -0.325342 -0.196418 40.350148 -1.388108 -2.788883 15.232126 -2.055105 -7.930236 42.503950 -0.000001 0.000002 0.000000 -55.958568 2.398777 17.349406 12.806533 -0.485520 -2.015089 3.500946 19.947084 7.345360 20.669131 0.000005 0.000004 -0.000002 0.000004 -0.000000 -25.964119 4.715487 -10.377244 60.258060 5.998962 -7.403562 -32.088997 -0.365514 19.721401 -11.906703 -0.000003 0.000015 0.000000 0.000002 0.000001 
48.282646 81.702133 75.532516 189.625886 79.760149 -200.815526 23.295847 -4.952012 -6.350769 3.808890 -0.999382 -1.617342 3.819257 -0.967787 -1.602603 3.858119 1.894694 -1.115437 7.922037 18.956662 -8.855298 0.000001 -0.000000 -0.000001 0.343332 -7.561030 -16.225164 -18.233248 11.211546 -29.311979 179.231049 -141.638425 178.740614 21.326221 -16.949557 26.541804 -50.959683 25.135057 -26.303436 2.025546 3.558332 4.063738 -10.157337 -15.719532 8.800165 0.000002 0.000006 0.000001 0.989893 0.089231 -1.741573 0.455305 1.082975 -4.864710 0.674334 1.411723 -6.985969 0.000002 -0.000002 -0.000000 0.196866 2.751319 -2.398823 0.002046 0.696121 -1.266511 0.282389 2.823514 -16.500805 0.000000 -0.000001 0.000003 0.429879 3.159541 -7.415807 -0.174867 0.704680 -1.996649 -0.299925 1.100090 -4.358614 -0.000001 -0.000002 -0.000001 0.997740 7.629809 -4.638921 -0.605851 1.438656 -6.362600 -1.254392 2.954466 -15.078018 -0.000002 -0.000001 -0.000001 1.329181 16.811824 -0.561153 -10.731596 7.891481 53.033216 -181.000341 134.358468 181.411669 -3.077686 0.397053 -17.175679 -32.051947 -51.916777 67.069329 3.649733 5.997304 -30.447129 -17.400040 2.340734 -19.284272 0.000001 -0.000005 -0.000001 4.604952 4.983902 6.261160 0.388218 -0.699761 3.661086 1.653742 -2.090985 14.117552 -0.000001 0.000001 -0.000004 0.128659 1.400111 12.315442 0.391926 -2.480741 14.057195 0.227877 -1.727484 9.401283 0.000004 0.000001 0.000002 -0.097134 1.126593 25.849165 -0.366367 -4.237362 24.301612 -0.432985 -2.580663 14.821360 -0.000006 0.000001 0.000001 0.201138 -0.462159 34.988163 -0.856568 -1.530996 8.411771 -2.132911 -6.955502 37.639557 -0.000001 -0.000001 -0.000003 -57.189809 3.816869 15.028047 14.077630 -0.402671 -4.495069 4.313003 18.097413 7.463400 18.283942 -0.000043 -0.000002 0.000001 0.000001 -0.000001 -27.459575 4.832799 -7.644726 62.812967 4.911757 -7.277345 -34.004927 -1.928922 18.795263 -11.545810 0.000003 0.000021 0.000000 0.000004 0.000001 
47.849270 81.598938 76.643478 183.860332 77.766191 -196.351054 23.976245 -2.888637 -8.440327 3.639907 -0.244989 -1.761966 3.636891 -0.213379 -1.771676 4.040481 1.615817 -1.032355 7.695931 17.323286 -8.411038 -0.000003 0.000001 -0.000002 0.348480 -7.587902 -16.013300 -16.252666 9.263959 -27.254470 179.271224 -143.091958 178.764670 25.055951 -17.615937 29.261319 -52.852161 27.934463 -27.414214 1.852528 2.205605 6.737023 -10.924284 -14.326720 9.522692 0.000003 -0.000002 -0.000003 1.545617 -0.287304 -2.666750 0.547472 1.263927 -5.753622 0.811124 1.656989 -8.217302 -0.000001 -0.000001 0.000000 0.310695 2.447690 -3.962760 0.012677 1.113000 -3.271993 0.353112 3.115663 -17.947746 0.000001 -0.000002 0.000001 0.606965 2.813951 -10.047559 -0.330624 1.165355 -4.251851 -0.394994 1.438636 -5.999910 -0.000003 0.000004 -0.000002 1.414065 7.121471 -8.066632 -0.697247 1.684525 -7.490889 -1.398165 3.623567 -17.986589 -0.000001 0.000003 -0.000000 1.121364 17.939383 -1.281873 -14.002197 9.946490 49.027050 -181.244889 128.230491 181.593775 -2.129969 -1.770777 -27.586661 -32.251880 -51.988688 67.165102 6.651140 9.163246 -31.494846 -17.607464 0.379111 -19.247589 -0.000001 0.000001 -0.000001 4.492458 5.291339 2.402585 0.107123 -0.249203 1.036324 1.497903 -1.919897 12.959519 -0.000001 0.000001 -0.000002 0.085298 2.019949 8.728590 0.210488 -1.765080 9.760855 0.125093 -1.192103 6.229996 0.000001 0.000002 -0.000005 -0.002220 1.289827 22.398955 -0.438889 -3.352491 19.242451 -0.386163 -1.920224 11.052702 0.000001 -0.000000 0.000003 0.511977 -0.767306 30.326340 -0.314319 -0.556585 2.836605 -2.132369 -6.097521 33.380436 -0.000002 0.000000 0.000000 -58.550793 5.521542 11.437902 16.770433 -0.290541 -6.849920 4.254763 14.293995 7.620299 16.512626 -0.000056 -0.000011 -0.000000 0.000004 0.000002 -28.594290 3.660727 -5.588558 63.857023 2.490576 -7.184195 -34.243024 -1.998163 18.922909 -11.545795 0.000016 0.000024 0.000000 0.000002 0.000001 
47.719204 82.255493 77.476753 175.908708 75.147380 -190.125487 24.533449 -1.375152 -10.611052 3.542321 0.378473 -2.036349 3.523312 0.413497 -2.071331 4.343521 1.380435 -0.887897 8.227113 16.031943 -7.751184 -0.000000 0.000001 0.000001 0.328918 -8.132893 -15.639076 -15.299987 6.457915 -24.195848 179.327013 -145.205232 178.796676 29.538960 -17.635480 32.939731 -55.063496 31.240718 -28.550811 1.624651 0.692022 9.820302 -11.812858 -12.767679 10.404664 0.000002 -0.000003 -0.000000 2.175573 -0.751411 -3.761287 0.662292 1.480121 -6.825486 0.973637 1.933182 -9.623270 0.000005 -0.000003 -0.000003 0.413681 2.090134 -5.797166 0.044343 1.608236 -5.659189 0.446866 3.460718 -19.669932 -0.000001 -0.000001 0.000001 0.744847 2.397652 -13.120015 -0.491711 1.719206 -6.925908 -0.495508 1.845087 -7.953797 -0.000003 0.000001 0.000000 1.775705 6.495299 -12.063223 -0.802186 1.986871 -8.867032 -1.523881 4.420826 -21.417907 0.000004 0.000001 -0.000000 1.248032 19.033700 -2.440664 -14.632266 12.378633 42.821758 -181.540226 122.533580 181.833105 -4.542587 -2.687157 -30.594832 -33.590174 -52.315083 66.111341 8.766164 11.525843 -32.050673 -17.648845 -1.036533 -18.730778 0.000000 -0.000003 0.000001 4.429535 5.498836 -0.166272 -0.070671 0.061664 -0.732413 1.346531 -1.746799 11.809386 -0.000000 0.000000 0.000001 0.078193 2.447914 6.254738 0.115736 -1.257460 6.758261 0.070976 -0.815298 4.016670 0.000000 0.000000 -0.000003 0.052606 1.412281 19.887866 -0.442299 -2.704141 15.551811 -0.324371 -1.439026 8.291835 0.000000 0.000001 -0.000002 0.614696 -1.001823 26.937851 0.070806 0.022637 -0.644484 -2.089976 -5.455617 30.191581 -0.000001 0.000000 -0.000001 -61.121778 7.192634 7.194405 22.996854 0.124878 -8.785382 3.234188 9.110550 7.909712 16.165079 -0.000018 0.000006 -0.000001 -0.000000 -0.000001 -28.895996 2.077062 -3.154967 62.452928 -0.807367 -7.224708 -33.670005 -2.086887 19.473803 -11.545807 0.000010 0.000014 0.000000 0.000002 -0.000000 
47.877647 83.526672 78.038185 167.789362 71.983131 -184.420859 25.188185 -0.141868 -12.569938 3.508810 0.905492 -2.303882 3.474535 0.943499 -2.361734 4.674432 1.208968 -0.782990 8.968123 15.002203 -6.826881 0.000001 0.000001 -0.000003 0.294153 -9.321408 -14.908387 -15.800635 3.388429 -21.057139 179.423277 -149.117974 178.847684 30.628614 -18.093005 36.088230 -57.502775 34.879707 -29.579217 1.372020 -0.914525 13.137081 -12.774390 -11.136098 11.410133 -0.000002 0.000003 0.000001 2.833885 -1.292685 -4.939329 0.794302 1.717250 -8.014494 1.152352 2.220021 -11.107132 0.000003 -0.000004 -0.000002 0.486688 1.692404 -7.776510 0.102907 2.150321 -8.283004 0.561805 3.836282 -21.562851 0.000001 -0.000001 0.000001 0.807914 1.933684 -16.438855 -0.638282 2.333487 -9.852814 -0.589947 2.295423 -10.100804 0.000000 -0.000001 0.000003 2.011023 5.793025 -16.372793 -0.910032 2.325003 -10.392963 -1.606351 5.298801 -25.169735 0.000000 -0.000000 -0.000001 1.612150 20.171328 -3.995564 -13.091621 13.674187 38.029694 -181.730939 119.599126 181.995622 -4.974313 -3.803335 -32.325236 -36.498919 -55.830451 65.725913 10.150812 13.467653 -31.949825 -17.601104 -2.907839 -17.783267 0.000002 -0.000004 -0.000001 4.431891 5.589321 -1.436243 -0.137566 0.184691 -1.423733 1.199065 -1.571159 10.662806 -0.000001 -0.000000 -0.000000 0.087935 2.599937 4.794836 0.076548 -0.987999 5.175754 0.040520 -0.537400 2.391546 0.000001 0.000000 0.000001 0.066092 1.637940 17.557891 -0.423078 -2.297511 13.235820 -0.261124 -1.071356 6.168937 -0.000001 -0.000001 -0.000002 0.632068 -1.271020 25.907737 0.272765 0.298426 -2.356490 -2.055681 -5.138444 28.611459 -0.000000 -0.000001 0.000003 -64.140899 8.896975 2.893205 31.796945 0.609391 -10.049061 1.956422 5.184913 7.942071 17.201505 0.000009 -0.000001 -0.000001 0.000003 -0.000000 -28.511539 0.124363 -0.132038 58.813618 -4.561877 -7.421559 -32.293507 -2.091205 20.155306 -11.545806 -0.000016 0.000007 -0.000001 0.000001 0.000001 
48.349670 85.610420 78.271042 159.017787 68.192738 -179.040964 26.166460 0.904393 -14.241958 3.577444 1.354662 -2.502196 3.529442 1.394175 -2.579430 5.000685 1.138235 -0.766467 9.829716 14.398836 -5.467556 -0.000002 0.000002 -0.000001 0.293051 -10.792948 -14.083127 -17.195770 -0.039304 -17.823816 179.527670 -153.748555 178.896151 30.647291 -18.566660 38.533578 -60.089819 38.668173 -30.379332 1.119873 -2.542695 16.514153 -13.760320 -9.519616 12.492972 0.000003 0.000003 -0.000001 3.479296 -1.894435 -6.116718 0.937165 1.961457 -9.254738 1.335874 2.498358 -12.571850 -0.000000 -0.000001 -0.000003 0.517825 1.269555 -9.775467 0.189569 2.707512 -10.998351 0.693703 4.220371 -23.521795 0.000002 0.000001 -0.000000 0.776821 1.448491 -19.810311 -0.756271 2.973072 -12.867107 -0.669808 2.764629 -12.321591 -0.000002 0.000001 0.000000 2.079114 5.065327 -20.742301 -1.012082 2.677593 -11.970727 -1.630816 6.206998 -29.040158 0.000000 -0.000000 0.000000 2.070156 21.401291 -5.762489 -11.820894 14.096522 34.940485 -181.800361 118.646929 182.056001 -4.471711 -4.199923 -33.616842 -43.903114 -62.076687 64.104488 10.079974 13.984922 -30.670210 -17.472034 -5.885332 -16.579480 0.000002 -0.000005 0.000001 4.497598 5.600610 -1.888285 -0.121084 0.154067 -1.252123 1.052005 -1.388620 9.491437 0.000001 0.000004 -0.000000 0.101356 2.514329 3.879625 0.063763 -0.886644 4.582097 0.018822 -0.271325 0.839954 -0.000001 0.000001 -0.000001 0.058865 2.040679 14.709326 -0.402233 -2.038696 11.758936 -0.187820 -0.721547 4.134889 -0.000002 0.000000 -0.000003 0.669886 -1.673944 27.193495 0.375162 0.431891 -3.199311 -2.051739 -5.106539 28.452290 0.000000 0.000000 0.000001 -66.531220 10.162277 -1.289303 40.692973 -0.295667 -10.292824 1.396698 3.717023 5.598013 15.513513 -0.000023 -0.000013 -0.000000 -0.000002 0.000002 -28.037283 -1.674752 3.151350 52.922222 -7.756761 -7.069353 -27.983193 -1.175486 21.707513 -10.027177 -0.000015 0.000008 -0.000001 0.000001 0.000000 
48.975502 88.218781 78.241714 151.184257 63.720460 -175.808700 27.124044 1.651099 -15.228134 3.662888 1.643215 -2.537785 3.608462 1.678259 -2.625517 5.257323 1.162704 -0.933072 10.177348 13.794927 -3.832937 0.000000 0.000002 0.000000 0.343743 -12.202258 -13.419454 -19.174706 -3.546472 -14.611322 179.624672 -158.403275 178.934017 30.115728 -18.538199 39.046638 -62.745977 42.416817 -30.851589 0.887582 -4.117296 19.781471 -14.721390 -7.998224 13.596080 0.000004 0.000005 -0.000000 4.076519 -2.533046 -7.211406 1.083393 2.199503 -10.480199 1.510938 2.750104 -13.920030 0.000001 -0.000002 -0.000001 0.503656 0.836943 -11.668889 0.300006 3.248649 -13.659881 0.835631 4.591870 -25.441685 -0.000001 -0.000000 0.000000 0.651124 0.967664 -23.040953 -0.838714 3.601120 -15.803432 -0.730345 3.226803 -14.496936 -0.000001 -0.000001 -0.000000 1.974234 4.362329 -24.921327 -1.101862 3.022478 -13.502461 -1.595075 7.093620 -32.826644 0.000002 0.000000 -0.000001 2.508278 22.878801 -7.750988 -14.061000 13.736644 35.685211 -181.643745 120.879240 181.920695 -3.022978 -2.101099 -35.002151 -66.125732 -54.040931 49.239182 -0.547157 1.726820 -26.748947 -17.135292 -9.169629 -15.123340 -0.000003 -0.000003 0.000002 4.595193 5.550041 -1.715412 -0.050594 0.025399 -0.527799 0.905285 -1.198542 8.292100 -0.000001 0.000004 0.000000 0.111483 2.290315 3.432409 0.065832 -0.903629 4.681569 0.006197 -0.048276 -0.458394 -0.000001 -0.000001 0.000002 0.057035 2.511283 11.851513 -0.387263 -1.890374 10.911044 -0.113693 -0.418401 2.358628 -0.000001 0.000000 -0.000002 0.712652 -2.103055 29.676028 0.373095 0.429260 -3.182584 -2.067022 -5.234765 29.091733 -0.000000 -0.000001 0.000002 -68.676186 10.553218 -3.725720 49.887811 -2.192399 -10.783279 0.902623 1.070970 -0.456368 17.508145 -0.000021 -0.000004 -0.000001 0.000000 0.000002 -27.968231 -2.907390 6.371510 46.883525 -10.383511 -5.551494 -22.702210 0.446420 24.653604 -5.951807 0.000058 0.000011 -0.000000 0.000002 0.000000 
49.872814 91.569878 77.726158 143.721879 58.298322 -175.778975 27.632085 1.798694 -14.316252 3.695399 1.527822 -2.154263 3.655690 1.541965 -2.229272 5.312353 1.371807 -1.560705 8.882933 12.786265 -1.808336 -0.000001 0.000002 -0.000000 0.441276 -13.696178 -12.693376 -21.580947 -7.194784 -11.648172 179.715418 -163.040864 178.962527 29.143089 -18.301630 38.685539 -65.377300 45.934566 -30.926912 0.688406 -5.559635 22.771036 -15.607279 -6.643639 14.652127 0.000002 0.000004 0.000002 4.596810 -3.179158 -8.143587 1.224460 2.418829 -11.624609 1.662666 2.958473 -15.054075 0.000002 -0.000001 -0.000001 0.449202 0.408898 -13.331649 0.424419 3.743684 -16.121712 0.977828 4.930706 -27.217098 0.000002 0.000000 0.000000 0.448687 0.511337 -25.937681 -0.885917 4.179871 -18.496250 -0.770653 3.655632 -16.507452 -0.000000 -0.000001 0.000001 1.723703 3.722892 -28.660918 -1.175233 3.336964 -14.890326 -1.509766 7.907325 -36.325022 0.000000 0.000003 -0.000003 3.205776 24.240126 -9.907492 -17.701127 12.876905 38.752014 -181.480298 123.564993 181.783203 -1.285850 -0.159335 -32.499129 -66.126948 -51.925260 53.665227 -8.264128 1.554061 -26.029848 -16.475111 -11.978141 -13.143599 0.000005 0.000002 0.000001 4.695521 5.457497 -1.110849 0.046039 -0.144907 0.439258 0.758856 -1.000299 7.061583 0.000000 0.000001 0.000000 0.119399 2.027175 3.375949 0.076616 -0.988499 5.178647 0.000580 0.100515 -1.323742 0.000004 -0.000000 0.000001 0.067966 2.938678 9.494038 -0.378850 -1.815463 10.482369 -0.051128 -0.189757 1.009189 0.000002 -0.000003 -0.000004 0.714260 -2.455011 32.235324 0.267986 0.292084 -2.316706 -2.084459 -5.398610 29.907913 0.000001 -0.000003 -0.000000 -69.898927 8.928517 -4.936846 57.258313 -5.076066 -10.067963 -0.094231 -0.218165 -3.792521 20.739157 -0.000002 -0.000000 0.000001 -0.000003 0.000001 -26.820517 -4.193533 11.122430 38.189575 -11.251639 -3.178043 -15.625769 0.904190 27.343267 -0.040400 -0.000016 0.000006 -0.000001 -0.000004 0.000001 
50.699604 94.714310 77.009789 133.096946 52.413082 -172.756425 25.206190 1.002770 -13.158236 3.579711 1.047315 -2.048219 3.556695 1.052990 -2.094893 5.509992 1.552162 -2.107548 6.081621 11.511556 0.058381 0.000000 -0.000001 0.000000 0.617280 -15.367663 -11.673439 -24.139796 -10.721204 -9.076828 179.793925 -167.243985 178.981337 28.067170 -17.911476 37.959934 -67.852424 49.034618 -30.581520 0.529937 -6.788484 25.315816 -16.366315 -5.520071 15.585445 0.000003 0.000005 -0.000002 5.017462 -3.799209 -8.835578 1.350867 2.607468 -12.621629 1.775177 3.107519 -15.876081 0.000002 0.000000 0.000000 0.366849 -0.002270 -14.638660 0.548220 4.164087 -18.237283 1.108276 5.217860 -28.742109 0.000000 0.000000 0.000001 0.202484 0.091046 -28.307519 -0.904553 4.671601 -20.779476 -0.793219 4.024594 -18.233579 0.000000 -0.000000 0.000002 1.380282 3.167365 -31.712896 -1.230069 3.597906 -16.036441 -1.396702 8.599242 -39.328748 -0.000001 0.000000 -0.000004 4.324747 27.125246 -12.381336 -19.383546 13.406406 38.656388 -181.309762 126.838129 181.644797 -4.172986 1.783515 -34.135100 -63.588303 -50.997836 59.649558 -7.757576 2.763005 -26.601362 -15.556898 -12.861237 -10.411125 -0.000003 -0.000003 -0.000002 4.769686 5.341261 -0.267896 0.138466 -0.301787 1.338727 0.612746 -0.793209 5.796713 0.000001 0.000003 0.000002 0.126640 1.824086 3.633001 0.090590 -1.090668 5.777931 -0.000626 0.143950 -1.576263 0.000003 0.000000 0.000001 0.080004 3.211440 8.147483 -0.374337 -1.777200 10.263147 -0.013854 -0.062781 0.255818 0.000000 0.000001 -0.000001 0.610979 -2.621857 33.750902 0.067128 0.017472 -0.612838 -2.091592 -5.473067 30.278522 0.000001 -0.000003 0.000001 -73.173244 7.180697 -6.363689 62.559110 -6.389094 -8.565092 -0.848059 -0.539236 -4.700721 22.045812 -0.000020 -0.000007 -0.000000 -0.000002 -0.000000 -29.427686 -4.650292 13.420204 31.036943 -10.155215 0.269715 -8.608967 0.240705 27.969643 6.973469 -0.000015 -0.000016 -0.000001 0.000000 -0.000000 
51.265598 97.462654 75.804001 123.040872 46.667069 -170.102337 22.939084 0.227885 -12.279576 3.551964 0.622960 -2.121528 3.539539 0.635522 -2.147570 5.627629 1.735127 -2.443485 1.224969 10.660040 3.259351 0.000000 0.000000 -0.000000 0.985452 -17.456978 -9.916453 -26.715945 -13.578305 -6.961124 179.849427 -170.299934 178.991172 27.022865 -17.262384 36.825429 -69.977221 51.540259 -29.855826 0.415477 -7.721240 27.248784 -16.945914 -4.686052 16.315083 0.000001 0.000001 -0.000000 5.320412 -4.357816 -9.211458 1.452392 2.753978 -13.404748 1.832362 3.181617 -16.288119 -0.000002 0.000001 0.000000 0.274226 -0.386358 -15.464699 0.653595 4.482902 -19.859441 1.213338 5.435303 -29.910464 0.000000 0.000001 0.000001 -0.044585 -0.290715 -29.957637 -0.905639 5.039253 -22.486347 -0.802966 4.307448 -19.555474 -0.000001 -0.000000 -0.000003 1.011434 2.696618 -33.829428 -1.265531 3.782136 -16.842833 -1.285465 9.123542 -41.629112 -0.000001 0.000002 -0.000001 5.813558 30.713728 -15.131442 -21.419625 13.685262 37.638403 -181.152777 130.365867 181.523124 -7.151016 3.907007 -36.268643 -63.442000 -50.936757 60.004271 -5.670587 6.467650 -24.923260 -15.233489 -11.302586 -8.822781 0.000002 -0.000001 0.000000 4.787729 5.215869 0.619714 0.193137 -0.392035 1.860050 0.467061 -0.576538 4.494332 -0.000000 0.000004 0.000001 0.130159 1.780099 4.126311 0.100660 -1.159835 6.184055 0.002211 0.051053 -1.036167 0.000003 0.000004 -0.000000 0.074261 3.218336 8.322873 -0.369683 -1.738870 10.043669 -0.014456 -0.064787 0.267701 -0.000000 -0.000002 -0.000002 0.340797 -2.478838 33.104100 -0.216021 -0.401310 1.917324 -2.077748 -5.332994 29.581235 -0.000001 0.000002 0.000000 -76.690484 5.753184 -6.785623 65.653110 -7.074885 -7.417206 -1.465431 -0.710046 -4.322675 22.459860 -0.000016 0.000004 0.000000 -0.000002 0.000000 -33.723499 -5.629018 13.743892 26.358834 -8.585667 3.166870 -2.634368 0.593033 28.669654 14.284732 -0.000020 -0.000012 0.000002 -0.000001 -0.000002 
51.554157 99.894951 74.202698 114.219730 41.335547 -168.423654 21.935303 -0.293404 -11.660184 3.388891 0.360249 -2.071121 3.381464 0.379297 -2.086546 5.591970 1.857747 -2.625038 -4.760554 10.045280 6.375274 0.000000 0.000002 0.000000 1.488536 -19.666188 -7.847006 -29.461341 -15.862868 -5.263649 179.874630 -171.707623 178.994656 25.700339 -15.988003 35.734498 -71.479480 53.290352 -28.864000 0.346478 -8.274892 28.402122 -17.293013 -4.198148 16.758849 0.000005 -0.000002 -0.000001 5.489329 -4.820507 -9.196174 1.518587 2.847272 -13.907341 1.819007 3.164429 -16.192358 -0.000001 -0.000000 -0.000001 0.191112 -0.734766 -15.684250 0.721665 4.674122 -20.840524 1.278896 5.565410 -30.615746 0.000001 0.000001 0.000001 -0.246178 -0.637279 -30.694979 -0.901398 5.246615 -23.449650 -0.805673 4.478141 -20.353112 0.000000 0.000001 0.000001 0.687450 2.298587 -34.762408 -1.280874 3.866507 -17.211462 -1.208196 9.436851 -43.015876 -0.000000 -0.000000 -0.000004 7.429190 33.219233 -17.755784 -25.811015 11.999907 35.914607 -181.105977 131.528256 181.488112 -6.777219 4.754325 -35.605991 -67.706340 -52.389412 50.075375 -2.753949 12.771025 -20.784056 -15.202432 -8.280737 -7.388235 0.000003 -0.000002 0.000002 4.718107 5.092765 1.357952 0.175466 -0.363080 1.692467 0.321970 -0.349584 3.151245 -0.000001 -0.000002 -0.000003 0.120151 1.994034 4.778825 0.098569 -1.145784 6.101615 0.014776 -0.208906 0.476468 0.000001 -0.000001 0.000002 0.048617 2.847005 10.530299 -0.360110 -1.663966 9.614155 -0.060955 -0.224345 1.213896 -0.000003 0.000001 0.000001 -0.124641 -1.869039 29.181925 -0.561710 -0.973765 5.261638 -2.017478 -4.854840 27.194677 -0.000002 -0.000002 -0.000001 -80.004663 4.650791 -6.131399 67.344313 -7.910643 -6.718326 -1.894560 -0.766844 -3.320511 22.421428 -0.000029 -0.000001 -0.000001 -0.000000 -0.000003 -39.009078 -7.059039 12.516751 24.685806 -6.891741 5.964707 2.036639 1.877202 28.968888 21.078008 -0.000019 -0.000007 -0.000000 0.000000 -0.000000 
51.634907 102.118843 72.417313 106.371501 36.310918 -167.609782 21.822670 -0.703078 -11.125158 3.113892 0.192378 -1.909666 3.108696 0.215752 -1.920143 5.400885 1.883006 -2.673761 -10.783262 9.208265 8.817279 0.000000 -0.000000 -0.000001 2.114306 -21.896304 -5.425458 -32.472297 -17.121433 -4.044647 179.849932 -170.328211 178.991254 23.823930 -13.698966 34.951816 -72.021148 54.141055 -27.777990 0.326228 -8.367021 28.607344 -17.355010 -4.115703 16.838704 -0.000000 0.000002 -0.000003 5.506234 -5.157066 -8.714943 1.539235 2.875989 -14.062853 1.722281 3.038004 -15.491521 0.000000 0.000001 -0.000000 0.135503 -1.038643 -15.171732 0.735421 4.711517 -21.033118 1.291718 5.590413 -30.751673 -0.000000 0.000001 0.000002 -0.359527 -0.951437 -30.326101 -0.901063 5.257946 -23.502264 -0.805940 4.510942 -20.506443 -0.000000 0.000002 -0.000003 0.469690 1.961502 -34.262797 -1.273965 3.828256 -17.044348 -1.192654 9.496091 -43.279234 -0.000000 -0.000001 -0.000004 8.975969 34.956396 -20.164643 -31.298673 11.406141 33.625120 -181.039136 133.283888 181.439317 -5.215684 5.431707 -34.587904 -77.225500 -52.253331 29.824151 11.444169 19.195354 -20.750050 -14.053638 -2.890605 -3.901998 -0.000003 -0.000000 0.000004 4.527595 4.982992 1.752676 0.054823 -0.160046 0.525681 0.177688 -0.111604 1.764259 0.000002 0.000002 -0.000003 0.080440 2.564158 5.513920 0.077885 -0.998156 5.235354 0.053595 -0.665792 3.141709 0.000001 -0.000001 -0.000001 0.053890 1.984766 15.277270 -0.339580 -1.516049 8.764829 -0.152605 -0.572467 3.263064 -0.000003 -0.000001 -0.000000 -0.727269 -0.595212 20.880756 -0.943451 -1.710615 9.408154 -1.840875 -3.922856 22.499483 0.000002 -0.000001 -0.000002 -82.929507 3.683362 -4.911751 67.998215 -8.556045 -6.242781 -2.088465 -0.977563 -2.211203 22.170786 -0.000037 0.000004 -0.000000 -0.000003 -0.000000 -45.190191 -8.746015 9.989977 25.996263 -3.846631 8.982870 5.715905 2.513996 28.838479 27.061370 -0.000016 -0.000046 0.000002 -0.000001 0.000002 
51.517681 104.136391 70.315613 99.473912 32.001455 -167.438727 23.118017 -0.945698 -10.502523 2.636766 0.147363 -1.538782 2.631217 0.169028 -1.551211 4.897995 1.676493 -2.478470 -15.884993 7.485828 9.236747 -0.000000 -0.000001 0.000001 2.950361 -23.766087 -2.503450 -35.431712 -17.585517 -3.046301 179.803555 -167.768693 178.983249 21.105232 -11.287061 34.066142 -71.383755 54.260454 -26.344448 0.348848 -7.829425 27.555679 -17.039153 -4.578294 16.433748 0.000002 0.000001 0.000001 5.321657 -5.383720 -7.644042 1.505530 2.828996 -13.808621 1.493643 2.725766 -13.788766 0.000001 -0.000000 0.000000 0.113716 -1.318764 -13.759133 0.684969 4.572339 -20.317518 1.242545 5.493756 -30.226756 0.000001 0.000001 -0.000001 -0.366834 -1.257606 -28.658449 -0.905755 5.030065 -22.443648 -0.804443 4.382092 -19.904283 0.000001 -0.000001 -0.000001 0.389015 1.645627 -32.049143 -1.233881 3.617080 -16.120401 -1.255046 9.250929 -42.191738 0.000000 0.000000 0.000001 9.939867 35.558914 -21.932156 -37.024779 15.078175 29.709684 -180.904090 137.211821 181.345375 -3.568198 5.805895 -34.864134 -59.870679 -34.366954 23.624340 10.691589 17.200184 -18.100269 -12.863659 5.425517 -2.224742 -0.000000 0.000004 0.000003 4.266225 4.949674 1.420442 -0.092204 0.100867 -0.953256 0.034680 0.137915 0.331535 0.000000 0.000002 -0.000003 0.040549 3.257551 5.351251 0.050461 -0.770783 3.904496 0.094788 -0.993960 5.064531 0.000002 -0.000000 -0.000000 0.174996 1.070281 19.129558 -0.307866 -1.313992 7.601701 -0.212916 -0.834523 4.793453 -0.000001 0.000002 0.000001 -1.243805 0.691821 11.284061 -1.201923 -2.299021 12.616782 -1.522850 -2.809213 16.768374 -0.000001 0.000002 -0.000001 -85.046018 2.809843 -3.087343 67.758960 -8.397817 -6.027404 -2.096420 -1.787760 -1.005912 21.736152 -0.000012 -0.000002 -0.000000 -0.000002 -0.000000 -50.232920 -9.680931 6.497571 27.614465 1.711365 12.546591 10.265613 1.384774 27.788592 31.825482 -0.000036 -0.000051 0.000001 -0.000000 -0.000001 
51.356850 105.851517 68.076065 93.282516 28.105339 -167.733860 24.397588 -1.570655 -9.235476 2.360654 -0.001291 -1.391459 2.356609 0.032836 -1.404721 3.899758 1.033458 -1.759345 -17.283485 2.964468 6.997664 0.000001 0.000000 0.000001 4.015544 -24.543769 1.325016 -38.716992 -17.428681 -2.461795 179.751263 -164.940394 178.971816 16.815244 -10.026027 30.247035 -69.530827 53.981652 -24.496224 0.407323 -6.656051 25.263509 -16.353336 -5.602499 15.568764 0.000000 0.000004 0.000003 4.935227 -5.556699 -6.000955 1.423724 2.713038 -13.185091 1.135564 2.193785 -10.970323 -0.000000 -0.000000 0.000000 0.118367 -1.598713 -11.490005 0.583282 4.273605 -18.792613 1.140833 5.286492 -29.109477 0.000001 0.000000 0.000001 -0.288828 -1.571253 -25.796848 -0.902545 4.578957 -20.349399 -0.796743 4.107169 -18.619574 0.000001 0.000001 -0.000006 0.416062 1.332405 -28.238198 -1.151558 3.231669 -14.426389 -1.372820 8.721210 -39.861824 -0.000000 -0.000002 0.000003 11.279356 35.960413 -23.703241 -44.939670 19.006564 26.182518 -180.752787 142.286323 181.249096 -1.329693 7.069653 -33.671374 -46.265174 -24.963926 17.261230 9.873017 15.021364 -15.346453 -12.032966 12.299230 -1.465263 0.000001 -0.000002 0.000002 4.005263 5.028467 0.258160 -0.184249 0.272691 -1.915485 -0.103557 0.393849 -1.116815 0.000000 -0.000001 0.000001 0.064260 3.781350 3.631364 0.029179 -0.552841 2.632078 0.083732 -0.914066 4.595664 0.000001 0.000000 0.000001 0.328547 0.543926 18.936459 -0.270572 -1.104649 6.392368 -0.196963 -0.762029 4.371162 0.000000 0.000000 0.000001 -1.740251 1.288104 3.976448 -1.266590 -2.461659 13.490313 -1.149499 -1.853247 11.688818 -0.000000 -0.000001 -0.000001 -86.428783 1.892970 -1.077821 66.646090 -8.276658 -5.953869 -2.589805 -1.796001 0.008006 21.153946 -0.000034 -0.000003 -0.000001 -0.000005 -0.000000 -52.974773 -9.783530 4.497762 31.169367 7.630488 13.196552 20.480604 -2.859701 14.369210 33.392590 -0.000030 -0.000028 0.000000 0.000001 -0.000003 
51.336617 106.768387 65.878601 87.169743 24.176325 -168.114028 24.068067 -2.069883 -7.809611 2.133887 -0.160677 -1.151063 2.132183 -0.129393 -1.159737 3.217084 0.801188 -1.259975 -22.801586 1.212362 6.892349 -0.000001 0.000002 -0.000000 4.690105 -24.878935 4.181810 -41.342216 -19.646815 -2.210261 179.787190 -166.876698 178.979944 12.430190 -11.506319 27.650484 -66.407498 53.412977 -22.681183 0.510626 -5.009145 22.048689 -15.397254 -7.073685 14.397491 0.000002 0.000001 0.000002 4.396421 -5.713653 -3.921438 1.307268 2.543204 -12.280643 0.715732 1.487228 -7.363426 -0.000000 -0.000001 0.000000 0.138210 -1.872262 -8.555944 0.453292 3.847057 -16.639652 1.004291 4.990666 -27.533836 0.000001 -0.000000 0.000000 -0.156847 -1.873731 -21.993435 -0.871087 3.958398 -17.466747 -0.775395 3.720002 -16.808771 -0.000001 0.000000 -0.000000 0.491472 1.057001 -23.177231 -1.024638 2.723647 -12.175825 -1.501384 7.967724 -36.586000 -0.000001 0.000001 -0.000003 12.720158 36.239710 -26.546965 -52.942176 22.240307 24.594492 -180.564356 149.724522 181.145783 0.142384 8.852288 -31.789036 -35.214676 -21.489677 13.690781 9.015335 12.685560 -12.578283 -11.380228 17.851982 -1.406026 0.000001 -0.000001 -0.000002 3.745204 5.189993 -1.508308 -0.221695 0.344651 -2.315784 -0.232726 0.648008 -2.535886 -0.000002 0.000000 -0.000001 0.143314 4.139346 0.761604 0.013511 -0.346300 1.428730 0.038815 -0.519266 2.285679 0.000002 -0.000000 -0.000000 0.418979 0.290911 15.625852 -0.228381 -0.893873 5.169690 -0.117522 -0.433199 2.445673 -0.000002 -0.000000 0.000001 -2.341362 1.344990 -1.385237 -1.195294 -2.282754 12.529166 -0.756988 -1.051154 7.265997 -0.000001 -0.000001 0.000000 -88.155872 1.197189 0.911568 65.826331 -8.134658 -6.041671 -3.849600 -1.542164 0.980522 20.454731 -0.000034 0.000010 -0.000000 -0.000005 -0.000000 -53.922513 -10.268608 3.468726 35.663863 9.906237 11.565190 29.890165 -9.098863 -1.781541 33.916254 -0.000025 -0.000053 -0.000001 -0.000001 -0.000003 
51.332104 107.231453 63.822052 81.152455 20.331994 -168.737351 23.400879 -2.421844 -6.416602 1.939182 -0.288324 -0.880734 1.939709 -0.265633 -0.883689 2.137006 0.717109 -0.912951 -28.845340 0.395118 7.658334 -0.000000 0.000000 0.000000 5.572490 -24.879944 7.715644 -44.254657 -20.756105 -2.450033 179.784171 -166.712254 178.979302 7.869355 -11.874806 24.968950 -62.090108 52.614518 -21.250363 0.666087 -3.052851 18.226787 -14.269286 -8.872536 13.070468 0.000001 -0.000002 -0.000003 3.755385 -5.888309 -1.540536 1.169601 2.334675 -11.183620 0.295816 0.658578 -3.293348 -0.000001 -0.000000 0.000000 0.159593 -2.134734 -5.148900 0.317792 3.325377 -14.039590 0.850508 4.628781 -25.633785 0.000001 0.000000 0.000000 -0.007701 -2.150373 -17.501376 -0.793127 3.223887 -14.042049 -0.733440 3.254735 -14.628076 -0.000000 0.000000 0.000001 0.544783 0.842237 -17.215307 -0.853808 2.144898 -9.581829 -1.597919 7.054473 -32.659062 0.000001 0.000001 -0.000003 14.314133 35.284248 -30.429077 -59.517353 22.805851 23.645212 -180.470523 153.914597 181.102753 0.576583 9.895449 -33.220609 -26.756064 -21.598822 13.347148 8.144922 10.265327 -9.877522 -10.797701 22.223426 -1.881017 -0.000000 0.000002 0.000001 3.486234 5.401005 -3.653884 -0.221692 0.344646 -2.315765 -0.349354 0.891817 -3.880844 0.000001 0.000001 -0.000004 0.237930 4.335417 -2.848400 0.002789 -0.153210 0.305179 0.000649 0.098905 -1.314371 0.000000 0.000000 0.000003 0.388812 0.210026 10.125722 -0.182493 -0.687382 3.966459 0.027011 0.069801 -0.534082 -0.000003 0.000000 -0.000001 -3.045390 0.997193 -5.146326 -1.012969 -1.860357 10.232498 -0.376006 -0.395530 3.506846 0.000005 0.000001 -0.000002 -90.041298 0.548397 2.977600 64.871996 -8.007639 -6.229187 -5.271166 -1.118189 1.727518 19.668916 -0.000024 -0.000000 -0.000000 -0.000000 0.000001 -55.575835 -10.772541 1.163109 43.220635 7.847963 10.696256 29.516809 -10.800307 -11.210601 35.052398 -0.000027 -0.000064 0.000000 0.000001 -0.000001 
51.526287 107.234909 61.633995 75.229295 16.800964 -169.597381 23.337206 -2.384038 -5.305842 1.788490 -0.309979 -0.613681 1.789778 -0.297787 -0.612912 -0.443028 0.666510 -0.803518 -32.536354 -0.220654 9.032297 0.000000 -0.000001 -0.000001 6.421832 -24.434413 11.480821 -47.193749 -20.280406 -2.291221 179.715610 -163.051710 178.962581 3.107942 -10.799812 22.582443 -56.855273 51.569991 -20.384358 0.873530 -0.953160 14.111485 -13.064668 -10.865773 11.723628 0.000003 0.000004 0.000001 3.065262 -6.102824 1.007144 1.023367 2.103181 -9.982204 -0.076088 -0.229303 0.917627 -0.000000 -0.000000 -0.000000 0.170361 -2.383988 -1.461129 0.196024 2.743101 -11.172525 0.695207 4.224464 -23.542813 0.000001 -0.000000 0.000002 0.123947 -2.395689 -12.575190 -0.658789 2.432259 -10.320344 -0.666974 2.745900 -12.233284 0.000000 -0.000001 0.000001 0.510251 0.685352 -10.704200 -0.646514 1.546237 -6.857335 -1.631011 6.050311 -28.372316 0.000001 0.000000 -0.000001 15.791394 33.762072 -34.692208 -65.381036 22.759495 23.010001 -180.395364 157.500843 181.072932 0.645804 11.115345 -36.445012 -20.704844 -23.655529 15.621928 7.288206 7.843083 -7.316791 -10.228949 25.565103 -2.741758 0.000002 0.000000 0.000003 3.224070 5.623866 -5.953890 -0.221693 0.344647 -2.315793 -0.450700 1.116481 -5.106830 -0.000000 -0.000000 0.000005 0.300748 4.379806 -6.787505 -0.003715 0.024501 -0.727816 0.006319 0.845526 -5.654694 0.000001 -0.000001 0.000002 0.210936 0.228572 3.366490 -0.134544 -0.490798 2.815501 0.235184 0.663765 -4.119737 0.000002 -0.000002 0.000001 -3.785316 0.361274 -7.651552 -0.737360 -1.296723 7.098764 -0.031856 0.122806 0.419406 0.000002 0.000000 0.000004 -91.509952 -0.221112 5.235066 63.494770 -7.402938 -6.448538 -6.902801 -0.883817 1.905922 18.827007 -0.000020 -0.000001 0.000000 -0.000001 0.000000 -54.302791 -11.081267 -0.884792 47.286878 5.077600 10.178056 26.724867 -10.529154 -16.038478 36.447945 -0.000032 -0.000042 -0.000003 -0.000000 0.000002 
52.116795 106.461838 59.227093 69.478993 13.554722 -170.439543 22.788066 -2.553100 -4.754802 1.502961 -0.350919 -0.463949 1.504328 -0.342241 -0.462508 -3.885938 0.541352 -0.453224 -34.077463 -0.263719 9.718823 -0.000000 -0.000001 0.000001 7.158738 -23.200838 15.761737 -49.959005 -18.248068 -3.242313 179.586669 -156.540354 178.920070 -0.927171 -9.972699 24.349577 -51.195420 50.199158 -20.053896 1.121587 1.123547 10.017069 -11.875336 -12.901905 10.470596 0.000002 0.000001 -0.000000 2.382074 -6.363325 3.587583 0.880051 1.865295 -8.764394 -0.370557 -1.103879 4.949557 -0.000001 -0.000001 -0.000001 0.162723 -2.620117 2.314877 0.101140 2.136860 -8.217701 0.551034 3.802892 -21.393752 -0.000000 -0.000000 0.000001 0.212638 -2.614524 -7.470443 -0.470389 1.640015 -6.545735 -0.576905 2.227896 -9.779929 -0.000001 -0.000001 -0.000001 0.343823 0.557452 -3.997931 -0.418738 0.976060 -4.215406 -1.587070 5.027748 -24.013477 0.000002 -0.000000 0.000000 16.970035 31.880150 -38.816792 -70.675410 22.902505 22.728891 -180.319070 161.337019 181.047264 0.811284 12.703788 -41.312929 -16.716753 -26.552261 19.530257 6.471466 5.510686 -4.959168 -9.656747 28.037585 -3.841197 -0.000003 -0.000003 -0.000001 2.947686 5.816459 -8.184050 -0.221687 0.344640 -2.315793 -0.534642 1.312905 -6.169130 -0.000001 0.000001 -0.000002 0.295064 4.288952 -10.644787 -0.006836 0.184851 -1.659435 0.072531 1.622075 -10.186531 0.000000 -0.000002 0.000005 -0.108586 0.292585 -3.720012 -0.086633 -0.309660 1.749467 0.491495 1.268125 -7.862546 -0.000000 0.000001 -0.000002 -4.470138 -0.449612 -9.239065 -0.396800 -0.691261 3.626439 0.255289 0.513265 -1.987868 0.000001 0.000003 -0.000000 -92.188545 -1.032577 7.581326 61.879745 -6.260142 -6.658204 -9.006880 -0.731043 1.296026 17.959414 -0.000007 0.000000 -0.000000 -0.000002 -0.000000 -53.125174 -11.060712 -3.365133 52.441052 2.798625 9.623867 20.954969 -7.789273 -13.670195 37.884624 -0.000033 -0.000051 -0.000002 0.000000 0.000001 
52.894482 105.212639 56.800350 63.945645 10.487744 -171.312974 22.008055 -2.804583 -4.578353 1.160485 -0.393279 -0.383138 1.161516 -0.384494 -0.382801 -7.711582 0.391766 -0.045413 -34.410213 -0.024966 10.124282 -0.000000 -0.000000 -0.000000 7.683336 -21.936642 19.846715 -52.471644 -16.308487 -4.393805 179.450530 -150.287576 178.861044 -4.160685 -10.718623 28.686627 -45.770040 48.405612 -20.041720 1.385911 3.012905 6.261469 -10.791132 -14.811550 9.399601 0.000003 0.000002 -0.000003 1.763123 -6.657624 6.067954 0.749736 1.638477 -7.617949 -0.577728 -1.886419 8.483842 -0.000000 -0.000001 0.000002 0.135107 -2.843811 5.986877 0.039139 1.544955 -5.353614 0.426921 3.390658 -19.318944 0.000002 0.000000 0.000000 0.247223 -2.818121 -2.442916 -0.243767 0.901161 -2.962327 -0.469591 1.734413 -7.423348 0.000000 -0.000000 0.000000 0.035834 0.415345 2.548709 -0.194803 0.479427 -1.869729 -1.473011 4.059789 -19.867815 -0.000001 -0.000000 0.000000 17.628629 29.340645 -42.541413 -74.505582 22.431781 22.194476 -180.273773 163.700537 181.034396 1.140730 13.782534 -48.958571 -14.492147 -29.334454 24.062480 5.720683 3.367992 -2.858287 -9.093270 29.809459 -5.028921 -0.000000 -0.000001 -0.000001 2.639796 5.932264 -10.120611 -0.221687 0.344641 -2.315733 -0.599453 1.471925 -7.022962 0.000001 0.000001 -0.000001 0.206883 4.079486 -14.011150 -0.007420 0.325928 -2.478858 0.187598 2.330203 -14.360859 0.000001 -0.000000 -0.000000 -0.527855 0.339785 -10.203611 -0.041194 -0.149267 0.801092 0.762057 1.808830 -11.312632 -0.000001 -0.000000 0.000002 -5.010427 -1.312330 -10.236389 -0.038805 -0.134592 0.314961 0.470056 0.784279 -3.706452 0.000002 -0.000000 0.000001 -91.967958 -1.758609 9.925119 59.446237 -4.822451 -6.788330 -10.646720 -0.449725 0.085624 17.096694 -0.000018 -0.000000 -0.000000 -0.000000 -0.000000 -49.611520 -10.932156 -5.386180 54.526968 0.553966 8.846750 16.311696 -4.384032 -7.608844 39.156785 -0.000033 -0.000049 0.000000 -0.000000 0.000001 
53.825565 103.314034 54.521358 58.895854 7.515775 -172.022877 20.992571 -3.178453 -4.725850 0.839258 -0.453037 -0.382822 0.840229 -0.440134 -0.384622 -10.393443 0.256338 0.166527 -34.756387 -0.327653 10.016124 -0.000000 0.000001 -0.000001 8.074954 -21.227045 22.798447 -54.592818 -16.046653 -5.206636 179.367775 -146.819697 178.818956 -5.089112 -14.471552 36.108502 -41.289781 46.127020 -20.045984 1.630160 4.554545 3.168868 -9.902031 -16.411205 8.575199 0.000005 0.000002 -0.000003 1.264877 -6.956347 8.316791 0.641099 1.440931 -6.630425 -0.704059 -2.496123 11.201473 -0.000000 -0.000001 0.000001 0.144225 -3.400360 10.202988 0.008563 1.006264 -2.758327 0.327971 3.015450 -17.450283 0.000001 -0.000001 0.000002 0.266115 -3.331702 3.193906 -0.007164 0.265404 0.184929 -0.356726 1.297849 -5.318859 -0.000002 -0.000000 0.000001 -0.385895 0.219777 8.581270 -0.005720 0.097827 -0.034709 -1.314889 3.216340 -16.220133 0.000001 0.000000 -0.000004 17.575269 26.903412 -45.002286 -77.244358 22.081523 21.715458 -180.260864 164.385277 181.031049 2.165751 14.418538 -57.175131 -13.896036 -30.933240 28.298724 5.061828 1.520937 -1.060298 -8.569997 31.056372 -6.152462 -0.000001 -0.000004 -0.000001 2.279479 5.919410 -11.540621 -0.213521 0.328836 -2.227995 -0.643634 1.584365 -7.623540 0.000001 0.000000 -0.000001 0.049223 3.760344 -16.479979 -0.006338 0.445814 -3.175384 0.313393 2.876868 -17.626618 0.000001 0.000000 0.000001 -0.973749 0.271787 -15.159050 -0.000915 -0.014984 0.003091 0.996543 2.220449 -14.018128 -0.000001 -0.000000 0.000001 -5.331953 -2.088732 -10.960831 0.270082 0.294872 -2.334152 0.601483 0.942223 -4.728186 0.000000 0.000001 0.000000 -90.605198 -2.221564 12.078712 56.474869 -3.056946 -6.810645 -11.658701 -0.062001 -1.470482 16.269213 -0.000017 -0.000003 -0.000000 0.000001 -0.000000 -45.614708 -10.451304 -7.542790 56.574850 -1.667079 7.698383 13.541309 -1.417291 0.851265 39.894117 -0.000035 -0.000041 0.000000 0.000000 0.000001 
54.779095 100.623909 52.751022 54.827848 4.454764 -172.223193 19.737717 -3.862932 -5.298955 0.561781 -0.556757 -0.485378 0.563597 -0.534124 -0.490659 -11.144248 0.137621 0.096070 -35.723505 -1.696236 8.952059 0.000001 -0.000000 -0.000000 8.201857 -20.948837 23.858103 -57.505610 -19.991687 -6.522816 179.434588 -149.599748 178.853271 0.370824 -20.828245 46.648136 -38.371791 43.346696 -19.834716 1.809693 5.592532 1.069467 -9.299790 -17.509791 8.045677 0.000003 -0.000000 -0.000000 0.941246 -7.216891 10.204146 0.561797 1.291426 -5.889310 -0.764222 -2.853349 12.782434 0.000001 -0.000001 -0.000000 0.298761 -4.415381 14.810509 0.001734 0.559585 -0.610004 0.256038 2.705592 -15.919337 0.000002 -0.000000 0.000001 0.514203 -4.841566 10.377121 0.202149 -0.222502 2.649887 -0.254101 0.949046 -3.621779 -0.000002 0.000000 -0.000000 -0.864172 -0.047919 13.747412 0.114411 -0.129728 1.074600 -1.153344 2.562059 -13.355995 -0.000000 -0.000000 -0.000001 16.520706 24.983311 -45.064465 -78.429348 22.128232 21.289619 -180.295028 162.584553 181.040202 3.870786 13.982987 -64.781817 -14.929480 -30.054666 31.423542 4.520828 0.078980 0.393921 -8.128523 31.959712 -7.061235 -0.000000 -0.000002 0.000004 1.848301 5.718983 -12.223068 -0.217094 0.335759 -2.266411 -0.665442 1.641164 -7.926025 0.000000 -0.000000 -0.000000 -0.139781 3.327870 -17.647368 -0.004399 0.542680 -3.738213 0.396161 3.175273 -19.430541 -0.000000 0.000000 0.000000 -1.346249 -0.055791 -17.667737 0.031398 0.088100 -0.611669 1.135484 2.444727 -15.525611 -0.000001 0.000000 0.000000 -5.378077 -2.629961 -11.724509 0.451486 0.528815 -3.817625 0.642855 0.990767 -5.045340 0.000002 -0.000002 0.000001 -87.924349 -2.190006 13.723021 53.683091 -1.030956 -6.721258 -12.073549 0.358619 -3.024519 15.507509 -0.000017 0.000002 0.000000 0.000000 -0.000000 -41.275048 -9.209304 -10.374355 60.016763 -3.306604 6.117302 13.666661 0.075640 9.846184 39.999954 -0.000040 -0.000042 -0.000000 -0.000001 0.000001 
55.691711 97.070297 51.527557 51.771201 1.339845 -171.956692 18.228110 -4.660370 -6.147764 0.304680 -0.677863 -0.668437 0.307834 -0.641490 -0.678228 -10.753955 0.033070 -0.170234 -36.807876 -3.639750 7.339946 -0.000000 -0.000001 0.000000 7.757851 -20.136195 23.231895 -61.307375 -24.368578 -9.647415 179.480747 -151.616785 178.875291 9.553818 -22.856193 56.611408 -37.424335 40.056655 -19.391062 1.878635 5.972968 0.296140 -9.078104 -17.916867 7.856814 0.000003 0.000004 0.000001 0.843716 -7.390537 11.600542 0.519000 1.208777 -5.481944 -0.768490 -2.881303 12.905835 -0.000004 -0.000000 0.000002 0.132288 -3.981835 15.759528 0.007040 0.242885 0.912976 0.211032 2.489526 -14.857594 0.000002 -0.000000 0.000004 0.357796 -4.433019 12.153535 0.342982 -0.521486 4.185251 -0.179936 0.718149 -2.489552 0.000001 -0.000001 -0.000000 -1.270773 -0.462053 17.972850 0.133030 -0.164061 1.243013 -1.035662 2.156830 -11.562549 0.000002 -0.000000 -0.000002 15.095652 23.298477 -43.678063 -78.661103 21.071890 21.213610 -180.400131 157.266881 181.074694 6.037695 11.773937 -70.393726 -34.612223 -18.697819 38.714042 4.331766 -2.987806 0.746889 -0.864882 13.749152 -15.801036 0.000004 -0.000001 -0.000002 1.241188 5.092685 -11.599481 -0.221689 0.344636 -2.315787 -0.611953 1.503391 -7.191313 -0.000001 -0.000000 0.000000 -0.404197 2.364215 -16.566118 -0.004183 0.551128 -3.787376 0.372971 3.095301 -18.945531 0.000001 0.000001 0.000000 -1.558090 -0.943629 -16.870086 0.036210 0.103141 -0.701420 1.101615 2.391239 -15.163980 -0.000001 -0.000002 -0.000000 -4.557799 -3.323846 -10.603443 0.455145 0.533395 -3.846974 0.637389 0.984397 -5.003523 -0.000000 0.000002 0.000001 -83.505121 -1.619261 14.960006 50.616018 0.931130 -6.466032 -11.555201 0.705971 -4.215322 14.842069 -0.000022 -0.000006 0.000000 0.000000 0.000001 -33.681469 -8.256031 -12.683907 60.494309 -4.423899 4.049038 15.785359 1.256190 17.375457 39.999992 -0.000039 -0.000060 0.000001 0.000001 0.000004 
56.455383 93.269600 50.697479 49.032176 -1.392239 -171.562782 16.446365 -5.153578 -7.041466 0.077822 -0.752606 -0.876443 0.082301 -0.702968 -0.890046 -10.063177 -0.026337 -0.626133 -37.456389 -5.502593 6.168186 0.000000 -0.000000 -0.000000 6.905610 -18.501379 21.556656 -66.073112 -27.548916 -14.737340 179.467278 -151.020277 178.869008 18.086930 -20.756363 63.609272 -40.870281 33.144162 -19.677845 1.878622 5.972966 0.296132 -9.078100 -17.916881 7.856834 -0.000002 -0.000002 -0.000001 1.323530 -7.237904 12.074081 0.557070 1.282376 -5.844624 -0.586216 -1.923299 8.648942 -0.000001 0.000000 -0.000003 0.074713 -3.908898 16.614874 0.009792 0.160943 1.307275 0.203846 2.453028 -14.678667 -0.000001 -0.000001 0.000003 0.241453 -4.196192 13.414190 0.294608 -0.421151 3.667625 -0.179796 0.717741 -2.487402 0.000000 -0.000001 0.000004 -1.442006 -1.314184 21.604254 -0.139595 0.364820 -1.321693 -1.070711 2.272713 -12.077108 -0.000000 -0.000001 0.000001 11.086945 22.273173 -34.057437 -73.429827 18.683941 21.479675 -180.833070 139.499702 181.298888 8.744789 2.716304 -70.180399 -30.349129 -26.670827 44.320998 4.204599 0.086013 1.302959 -7.622899 27.507361 -8.677159 0.000002 -0.000001 0.000000 0.601667 4.095272 -10.123834 -0.218304 0.338089 -2.279364 -0.549928 1.349845 -6.367826 0.000001 0.000001 -0.000001 -0.617221 1.087218 -14.080519 -0.004326 0.545216 -3.752909 0.329628 2.938385 -17.997219 0.000001 -0.000000 0.000000 -1.537405 -1.869414 -14.477694 0.032612 0.091921 -0.634424 1.031694 2.278445 -14.405538 -0.000000 0.000000 0.000000 -3.330962 -3.901431 -8.806725 0.452592 0.530194 -3.826569 0.630799 0.976671 -4.953173 -0.000002 0.000000 -0.000001 -77.174287 -0.627690 16.129268 45.143838 2.926753 -5.917678 -8.600013 0.806140 -4.607381 14.303333 -0.000015 -0.000002 -0.000001 -0.000001 0.000000 -23.868656 -8.373777 -13.054901 56.382074 -7.300307 1.414206 20.268740 2.185287 19.317583 39.999965 -0.000035 -0.000054 -0.000001 -0.000002 -0.000001 
56.823112 89.522018 50.615170 46.523946 -3.176094 -170.792528 14.141575 -5.051466 -8.077599 -0.083468 -0.713407 -1.115798 -0.078361 -0.652925 -1.131242 -9.050250 0.014898 -1.459131 -36.830453 -6.990100 6.208537 0.000001 -0.000000 -0.000000 6.214069 -16.480237 20.026487 -71.906879 -29.466208 -21.061249 179.441063 -149.878215 178.856454 25.120527 -17.952616 68.774350 -46.056266 25.246061 -20.331547 1.878617 5.973019 0.296157 -9.078131 -17.916901 7.856830 0.000003 0.000003 -0.000002 1.807606 -7.713114 13.946289 0.601864 1.367566 -6.266021 -0.224986 -0.646112 2.851657 -0.000000 -0.000000 0.000002 0.060414 -3.915172 17.005113 0.008513 0.196652 1.135501 0.212462 2.496711 -14.892843 -0.000000 -0.000000 0.000001 0.197633 -4.133304 14.009351 0.196788 -0.210709 2.589732 -0.207381 0.801797 -2.900500 -0.000001 -0.000000 0.000001 -1.400761 -1.987264 23.973546 -0.390927 0.911361 -3.912334 -1.147578 2.541059 -13.263386 0.000000 -0.000000 0.000000 8.364040 19.663298 -28.758529 -73.601866 17.473729 24.907420 -181.084707 132.072349 181.472457 13.319397 -1.183239 -72.274658 -40.492776 -26.389010 39.207673 4.236006 0.802248 1.251528 -7.571326 24.322049 -9.277061 -0.000002 -0.000000 0.000004 0.047872 2.776468 -8.372752 -0.211689 0.325293 -2.208268 -0.516547 1.269705 -5.936245 0.000000 0.000000 0.000001 -0.663471 -0.047508 -11.149048 -0.004606 0.533969 -3.687597 0.303936 2.840281 -17.406585 -0.000000 0.000000 0.000000 -1.213358 -2.089427 -11.510787 0.036205 0.103130 -0.701441 0.988682 2.207340 -13.930836 -0.000000 -0.000001 0.000000 -1.818389 -3.092869 -13.985076 -0.121076 -0.256435 1.050673 -0.322996 -0.311632 3.014644 -0.000002 -0.000003 0.000002 -69.269019 0.102843 17.282370 39.055759 4.152761 -4.590817 -0.510330 0.332780 -1.477191 14.088046 -0.000008 0.000001 0.000003 0.000001 -0.000000 -14.307569 -8.429029 -13.112777 51.959868 -9.278743 -1.318623 25.146796 2.372293 17.689075 39.999948 -0.000023 -0.000052 0.000002 -0.000001 -0.000000 
56.597641 86.403793 50.675220 44.369155 -3.445299 -170.457206 12.267263 -3.634950 -8.620550 -0.207205 -0.363563 -1.223378 -0.206026 -0.301064 -1.236188 -8.349817 -0.273307 -1.107898 -35.114808 -8.592769 5.196089 0.000000 -0.000000 0.000000 6.136303 -14.768607 20.030189 -77.915745 -28.966986 -27.303172 179.411133 -148.605764 178.841537 30.449041 -15.698471 72.729726 -50.753650 19.278795 -20.612324 1.878617 5.973070 0.296180 -9.078148 -17.916933 7.856817 0.000001 0.000004 -0.000003 1.545464 -8.258988 15.762757 0.602055 1.367914 -6.267861 -0.169194 -0.484656 2.105339 -0.000001 0.000001 0.000000 0.095129 -4.082123 17.577386 0.008176 0.206928 1.086095 0.212144 2.495084 -14.884961 0.000002 0.000000 0.000002 0.228659 -4.235691 14.142856 0.228490 -0.280050 2.943764 -0.201247 0.782921 -2.807884 0.000000 -0.000000 0.000002 -1.125427 -1.877136 24.088305 -0.282883 0.668366 -2.767471 -1.124691 2.458917 -12.901008 0.000001 0.000001 -0.000002 6.260565 16.421721 -24.908925 -76.690300 18.349662 29.849433 -181.091128 131.907878 181.477184 19.823985 -1.703621 -77.407196 -47.546484 -22.664226 31.671232 4.283511 1.553154 1.132689 -7.599519 22.329362 -9.568324 -0.000002 -0.000001 0.000001 -0.226008 1.445566 -6.324787 -0.202568 0.307755 -2.110725 -0.654272 1.611924 -7.770527 0.000001 0.000000 -0.000001 -0.558643 -1.023781 -7.821838 -0.005017 0.516276 -3.584736 0.388672 3.149741 -19.275545 0.000001 -0.000001 -0.000000 -0.875804 -2.440351 -8.126327 0.032217 0.090691 -0.627178 1.121680 2.423013 -15.378524 -0.000001 0.000000 -0.000000 -1.525421 -4.267725 -6.797991 0.439603 0.513858 -3.721872 0.614230 0.957242 -4.826108 -0.000001 -0.000001 -0.000000 -60.624281 0.890190 18.752259 32.846687 4.027069 -2.822817 8.604444 0.419354 1.268171 11.201052 -0.000028 -0.000008 0.000000 0.000001 0.000002 -8.190904 -8.382884 -13.649909 52.008212 -7.189589 -3.409522 27.375012 1.563041 12.009181 13.798158 -0.000007 -0.000025 -0.000003 0.000003 0.000001 
56.214897 84.115799 50.709812 42.574796 -3.520906 -170.311409 10.852751 -2.301994 -8.725289 -0.332389 -0.019442 -1.254880 -0.335761 0.041330 -1.264274 -7.961105 -0.573914 -0.592871 -33.666617 -9.833295 4.097281 -0.000001 0.000000 -0.000000 6.459964 -13.128874 21.014081 -83.766485 -26.818777 -33.282098 179.379715 -147.304368 178.825294 35.006827 -13.570835 76.400713 -53.984487 14.988389 -21.863895 1.878627 5.973091 0.296196 -9.078171 -17.916956 7.856840 0.000002 0.000003 -0.000001 1.429964 -8.534963 17.147028 0.676004 1.505289 -6.951080 0.055532 0.106417 -0.658720 -0.000000 -0.000002 0.000001 0.087856 -4.008679 17.128788 0.007433 0.230042 0.974890 0.211431 2.491507 -14.867310 0.000000 -0.000000 -0.000000 0.226235 -4.105972 12.984776 0.301407 -0.435371 3.740950 -0.187547 0.741174 -2.602663 -0.000000 -0.000001 -0.000001 -1.082654 -1.319205 21.953352 -0.022185 0.129886 -0.189987 -1.068368 2.264831 -12.042128 0.000002 0.000000 0.000000 4.521803 13.415175 -21.349947 -80.587572 19.806570 34.904456 -181.033945 133.425410 181.435601 25.701913 -1.238058 -84.190408 -52.870954 -17.953357 23.875903 3.454044 -3.226369 0.348688 -7.949153 17.143146 -10.299200 -0.000001 -0.000004 0.000002 -0.128482 -0.224951 -2.841629 0.066191 -0.179594 0.637374 0.236197 -0.209697 2.333370 -0.000000 0.000001 -0.000000 -0.273993 -2.332533 -3.122643 -0.004903 0.071999 -1.003750 0.048502 1.412055 -8.957382 0.000001 0.000000 0.000001 -0.295110 -3.378560 -2.091622 -0.069000 -0.246188 1.374763 0.368142 0.990953 -6.132627 -0.000001 -0.000000 0.000000 -0.746978 -5.024862 -3.350834 0.155250 0.140067 -1.368729 -0.582649 -0.738786 5.493427 -0.000001 -0.000001 -0.000001 -52.837582 1.683664 19.558651 27.556309 0.014987 -0.787307 16.979179 0.677272 1.239772 9.216165 -0.000014 -0.000012 0.000000 -0.000001 0.000000 -3.809499 -7.609390 -13.852817 54.780194 -3.059339 -4.544842 30.826191 1.403502 9.710593 -12.709202 0.000004 0.000021 -0.000001 -0.000001 0.000001 
55.865765 82.728394 50.699261 41.170762 -3.971153 -170.369848 9.894421 -1.733172 -8.331238 -0.492075 0.112090 -1.233228 -0.497072 0.170212 -1.240814 -7.929933 -0.686048 -0.531177 -33.296650 -10.370894 3.510070 0.000001 0.000000 -0.000000 6.835586 -11.856799 21.560571 -88.376992 -24.183943 -38.241495 179.350755 -146.138468 178.809776 38.964194 -11.936610 79.192348 -55.608207 12.723732 -22.773922 1.878615 5.973106 0.296202 -9.078170 -17.916964 7.856816 0.000000 0.000001 -0.000000 1.102428 -7.926316 14.226492 0.637016 1.433376 -6.592760 -0.546751 -1.755951 7.898590 -0.000000 0.000000 0.000000 0.042269 -3.702302 15.743811 0.007039 0.242947 0.912766 0.211032 2.489518 -14.857572 0.000002 -0.000000 0.000001 0.179942 -3.753271 11.127309 0.342761 -0.521067 4.183033 -0.179946 0.718204 -2.489748 0.000000 -0.000002 0.000000 -1.089807 -0.721482 19.393839 0.133025 -0.164065 1.243023 -1.035664 2.156856 -11.562604 -0.000001 0.000000 0.000001 3.374155 11.405244 -18.571868 -84.199997 20.935385 39.114977 -180.984263 134.815367 181.400344 30.476881 -0.449104 -88.310897 -57.141202 -17.316362 19.647813 2.553546 -8.007634 -0.572156 -8.400428 11.964029 -11.073249 0.000000 -0.000001 0.000001 0.084738 -1.304189 -0.470558 0.270577 -0.516740 2.585582 1.324833 -1.721398 11.642316 -0.000000 0.000000 -0.000002 -0.049074 -3.108062 -0.454579 0.010531 -0.299040 1.153661 0.037729 -0.507470 2.216907 -0.000000 -0.000000 0.000002 0.093415 -3.707946 1.546190 -0.151048 -0.556507 3.200968 -0.220944 -0.872047 5.011833 0.000000 0.000000 0.000001 -0.350723 -5.498368 -1.490092 -0.099350 -0.223921 0.855039 -1.381684 -2.417642 14.709145 -0.000001 0.000002 -0.000001 -46.365585 2.555388 20.157172 24.386646 -6.765874 0.752110 20.437915 0.321381 -2.285607 18.598264 -0.000035 -0.000006 -0.000001 0.000003 0.000001 -1.029038 -5.237903 -12.873514 60.654020 -0.725320 -4.948517 34.493593 2.086392 11.124059 -27.118018 0.000005 0.000040 -0.000000 -0.000001 0.000001 
55.453297 81.815300 50.735649 39.961077 -4.325527 -170.638179 9.137707 -1.317656 -7.615212 -0.672020 0.161055 -1.173306 -0.677562 0.215471 -1.179651 -8.092148 -0.732333 -0.586497 -33.308135 -10.560071 3.109835 0.000002 0.000000 0.000000 6.898748 -11.282701 20.297244 -91.278751 -22.460244 -41.961759 179.328761 -145.272386 178.797659 42.533422 -11.128334 80.532015 -56.291653 12.065188 -22.687730 1.878618 5.973143 0.296194 -9.078184 -17.916985 7.856812 -0.000001 0.000008 -0.000005 0.847641 -7.401928 11.628832 0.519266 1.209295 -5.484461 -0.768490 -2.881302 12.905793 -0.000001 -0.000000 0.000000 0.008548 -3.427293 14.495345 0.007041 0.243023 0.912402 0.210878 2.488740 -14.853735 0.000000 0.000000 0.000000 0.141077 -3.438643 9.666679 0.342677 -0.520895 4.182109 -0.179996 0.718355 -2.490462 -0.000000 -0.000000 0.000001 -1.403446 -0.431709 17.727855 0.133024 -0.164061 1.243013 -1.035654 2.156826 -11.562441 -0.000001 -0.000000 -0.000001 3.000100 10.739925 -17.538416 -85.647280 19.036813 41.317290 -181.080814 132.175772 181.469602 34.150550 -0.669043 -86.348939 -56.910458 -17.348725 19.835745 2.474979 -7.739904 -0.696580 -8.371781 11.986214 -11.324276 -0.000001 0.000001 -0.000001 0.088896 -1.261513 -0.464535 0.270801 -0.517107 2.587689 1.325108 -1.721715 11.644473 0.000000 -0.000001 -0.000000 -0.047483 -3.061782 -0.447976 0.010553 -0.299418 1.155857 0.037760 -0.507842 2.219023 0.000002 -0.000001 0.000002 0.097469 -3.693483 1.583123 -0.148244 -0.545230 3.134836 -0.221007 -0.872297 5.013352 0.000001 -0.000002 0.000001 -0.349954 -5.493267 -1.486793 -0.098116 -0.222073 0.843976 -1.382737 -2.420409 14.723818 -0.000001 -0.000000 0.000001 -39.290848 4.003413 20.131069 20.165410 -8.650767 2.349195 27.069616 -2.857660 -0.477308 19.164261 -0.000023 -0.000011 -0.000002 0.000000 -0.000002 -0.112206 -3.479474 -11.911160 68.993346 -2.652282 -4.637311 20.801341 1.082105 9.574128 -13.944791 0.000009 0.000021 0.000001 -0.000000 0.000000 
55.036728 81.226898 50.717251 38.893143 -4.722754 -170.983199 8.543760 -1.093038 -6.721672 -0.861797 0.153947 -1.089385 -0.866985 0.203931 -1.094808 -8.388989 -0.731482 -0.736539 -33.618741 -10.521626 2.828676 0.000002 -0.000000 -0.000000 6.724343 -11.949395 18.151808 -92.549801 -21.152582 -43.503869 179.270432 -143.062315 178.764205 45.219537 -10.825021 79.255603 -56.291909 12.065369 -22.687264 1.878617 5.973146 0.296210 -9.078169 -17.916961 7.856820 -0.000002 -0.000001 -0.000000 0.857629 -7.430337 11.703261 0.519224 1.209188 -5.484041 -0.768492 -2.881297 12.905834 -0.000000 -0.000000 -0.000000 0.015226 -3.461299 14.580494 0.007039 0.243050 0.912217 0.210786 2.488288 -14.851440 0.000000 -0.000000 -0.000001 0.148397 -3.478790 9.769378 0.342626 -0.520797 4.181556 -0.180013 0.718415 -2.490762 -0.000001 -0.000001 -0.000000 -1.416516 -0.489911 17.855918 0.133024 -0.164062 1.243011 -1.035638 2.156771 -11.562188 -0.000000 -0.000000 -0.000001 2.984119 11.039968 -17.316304 -86.924239 16.840820 42.512245 -181.165181 130.066992 181.532522 37.495505 -0.550394 -84.427005 -56.847313 -17.423317 19.843311 2.323774 -7.668060 -1.044008 -8.302409 12.077497 -11.871005 -0.000005 -0.000003 -0.000001 0.072411 -1.287027 -0.415744 0.263556 -0.505582 2.520360 1.316351 -1.711442 11.576938 -0.000001 0.000001 0.000000 -0.046678 -3.170356 -0.418356 0.009867 -0.287945 1.089089 0.036706 -0.496367 2.152098 0.000000 -0.000001 0.000002 0.102728 -3.663460 1.630857 -0.145844 -0.535589 3.078206 -0.218684 -0.861399 4.949905 -0.000001 0.000001 0.000000 -0.338881 -5.516421 -1.403140 -0.088461 -0.207710 0.757313 -1.375875 -2.402439 14.628628 -0.000001 -0.000001 0.000002 -31.929738 5.671296 19.728499 14.744097 -8.908510 3.727141 31.457140 -7.306743 -3.808925 19.861808 -0.000019 0.000008 0.000000 0.000002 0.000000 0.690783 -2.326670 -10.895225 76.775411 -4.880139 -3.905680 7.813443 0.255244 8.348511 4.437845 0.000001 -0.000003 0.000001 -0.000001 0.000000 
54.556873 80.941895 50.636936 37.878938 -5.083350 -171.401958 8.078155 -0.856873 -5.708107 -1.050903 0.117273 -0.995730 -1.055192 0.162417 -1.000321 -8.761379 -0.702195 -0.959008 -34.150423 -10.375071 2.599494 0.000001 0.000000 -0.000000 7.033395 -12.275314 19.084440 -92.634857 -16.767052 -44.169126 179.169372 -139.514373 178.702105 46.899774 -10.134703 78.149208 -56.297735 12.059744 -22.686482 1.878633 5.973166 0.296212 -9.078185 -17.916949 7.856807 0.000000 -0.000000 -0.000002 0.855941 -7.416002 11.737995 0.527227 1.224775 -5.560687 -0.759291 -2.821736 12.642784 0.000001 -0.000001 0.000000 0.006062 -3.420404 14.505611 0.007032 0.243087 0.912053 0.210743 2.488086 -14.850472 0.000000 0.000000 0.000001 0.138498 -3.430493 9.678290 0.342541 -0.520625 4.180748 -0.180030 0.718449 -2.491000 0.000002 0.000000 -0.000001 -1.381363 -0.413635 17.738326 0.133028 -0.164069 1.243042 -1.035625 2.156693 -11.561937 0.000000 -0.000001 0.000000 3.168894 11.880516 -17.601679 -88.264260 14.423258 43.112618 -181.243714 128.256514 181.592873 40.717131 -0.189446 -82.472116 -56.896302 -17.501190 19.750947 2.173024 -7.724952 -1.408202 -8.227335 12.177794 -12.417211 0.000002 -0.000002 0.000001 0.052441 -1.343065 -0.358421 0.254379 -0.490953 2.435064 1.305284 -1.698399 11.491362 -0.000001 0.000002 -0.000002 -0.046295 -3.331750 -0.384912 0.009013 -0.273390 1.004410 0.035394 -0.481839 2.067275 0.000001 -0.000001 -0.000001 0.107055 -3.633955 1.670212 -0.144374 -0.529709 3.043826 -0.215739 -0.847622 4.869764 -0.000001 0.000000 0.000001 -0.325363 -5.548152 -1.300274 -0.077020 -0.190776 0.655005 -1.366678 -2.378461 14.501584 -0.000003 -0.000003 0.000002 -23.491889 7.587501 18.715026 7.591052 -9.085855 4.976615 34.843097 -9.656213 -6.232424 20.888370 -0.000031 -0.000008 -0.000001 -0.000001 0.000001 -0.108733 -0.943586 -10.065174 84.407321 -3.261326 -2.437549 13.279162 0.740742 9.323049 9.629116 -0.000003 -0.000016 -0.000001 0.000000 -0.000001 
54.013912 80.883514 50.499863 36.858966 -5.505893 -171.900275 7.702934 -0.583913 -4.596343 -1.228998 0.077533 -0.906615 -1.232179 0.117755 -0.910220 -9.150207 -0.663182 -1.231605 -34.827398 -10.239203 2.355406 -0.000000 0.000000 0.000001 6.881708 -12.227539 18.783799 -92.635540 -15.337092 -44.901524 179.123705 -138.023479 178.672476 47.354214 -9.743512 77.927800 -56.314606 12.043285 -22.684675 1.878623 5.973173 0.296201 -9.078158 -17.916945 7.856804 0.000001 0.000003 0.000000 0.862580 -7.430288 11.809964 0.530897 1.231892 -5.595706 -0.754811 -2.793319 12.517198 -0.000000 -0.000002 -0.000000 0.006578 -3.425533 14.529964 0.007032 0.243138 0.911924 0.210748 2.488089 -14.850595 0.000000 -0.000001 -0.000000 0.139044 -3.435903 9.704467 0.342458 -0.520444 4.179855 -0.180039 0.718479 -2.491164 -0.000000 -0.000000 0.000000 -1.376260 -0.418952 17.768457 0.133032 -0.164068 1.243055 -1.035601 2.156651 -11.561709 -0.000000 0.000000 -0.000000 3.419745 12.830185 -18.092813 -89.841918 11.879965 43.508223 -181.323368 126.557272 181.655629 43.989919 0.366935 -80.406264 -57.000729 -17.538073 19.636355 2.102551 -7.845031 -1.585359 -8.188469 12.230710 -12.664919 0.000000 -0.000001 0.000001 0.042662 -1.391274 -0.326379 0.248818 -0.482070 2.383198 1.298568 -1.690437 11.439355 -0.000001 -0.000001 0.000001 -0.046429 -3.443496 -0.366919 0.008502 -0.264547 0.952890 0.034610 -0.473004 2.015709 -0.000001 -0.000001 0.000000 0.108359 -3.620893 1.682005 -0.144397 -0.529814 3.044371 -0.213940 -0.839294 4.821227 -0.000002 -0.000001 0.000000 -0.317448 -5.568909 -1.239514 -0.070530 -0.181165 0.597054 -1.360792 -2.363208 14.420636 -0.000001 0.000001 0.000000 -18.782549 8.180306 17.795168 7.539600 -8.452211 5.729859 34.356507 -10.225535 -4.402378 22.115517 -0.000023 0.000007 0.000001 -0.000003 0.000000 -2.019774 0.419942 -9.327925 92.020284 0.406631 -0.651217 25.570900 1.877254 11.293582 9.291021 -0.000004 -0.000012 -0.000000 -0.000000 -0.000000 
53.473099 80.924225 50.255482 35.772002 -6.095243 -172.356654 7.372890 -0.271558 -3.538087 -1.385968 0.061238 -0.836305 -1.388157 0.096786 -0.838540 -9.496686 -0.633152 -1.532043 -35.575822 -10.232606 2.029098 0.000001 0.000000 -0.000000 6.568663 -11.985302 18.099387 -92.697552 -15.139792 -45.774353 179.101685 -137.328480 178.657886 47.186229 -9.418838 78.143778 -56.341797 12.016611 -22.681899 1.878628 5.973150 0.296175 -9.078131 -17.916892 7.856826 0.000001 -0.000000 -0.000002 0.873332 -7.453229 11.926061 0.536741 1.243204 -5.651472 -0.747411 -2.747293 12.313761 -0.000000 0.000001 0.000000 0.007384 -3.433685 14.569348 0.007036 0.243153 0.911777 0.210782 2.488291 -14.851534 0.000001 -0.000001 -0.000001 0.139900 -3.444435 9.746583 0.342370 -0.520284 4.178876 -0.180050 0.718515 -2.491244 0.000001 -0.000000 0.000000 -1.367953 -0.427531 17.817223 0.133028 -0.164064 1.243036 -1.035581 2.156593 -11.561429 -0.000000 0.000000 0.000001 3.603095 13.459946 -18.479881 -91.778065 9.310344 44.080217 -181.412584 124.801954 181.727537 47.464747 1.103311 -78.149672 -57.101635 -17.488906 19.575768 2.199641 -7.962740 -1.373672 -8.232457 12.180643 -12.315527 0.000001 -0.000003 -0.000004 0.051696 -1.392001 -0.352852 0.252365 -0.487724 2.416243 1.302842 -1.695507 11.472485 -0.000000 0.000001 -0.000001 -0.047460 -3.402861 -0.383672 0.008826 -0.270150 0.985597 0.035107 -0.478620 2.048568 -0.000001 0.000000 -0.000000 0.104572 -3.640249 1.647101 -0.146452 -0.538014 3.092511 -0.215096 -0.844677 4.852492 -0.000001 0.000001 -0.000000 -0.323250 -5.558975 -1.282171 -0.075724 -0.188844 0.643445 -1.363936 -2.371349 14.463834 -0.000002 -0.000001 0.000002 -14.728576 9.019970 16.748918 7.534476 -8.541041 5.902374 32.989271 -9.419327 -3.159056 23.373681 -0.000018 -0.000007 -0.000003 -0.000001 0.000002 -4.566942 1.262973 -8.656100 98.748860 3.670586 1.000045 37.572833 3.149539 12.991041 4.755143 0.000001 -0.000005 0.000000 -0.000000 0.000000 
52.968777 80.954933 49.913834 34.544105 -6.868876 -172.667264 7.039724 0.175448 -2.684653 -1.511770 0.094892 -0.799070 -1.513425 0.126336 -0.799307 -9.742368 -0.630802 -1.838030 -36.326405 -10.473976 1.551908 -0.000000 -0.000000 -0.000000 6.288341 -11.603580 17.563732 -92.918051 -15.220988 -46.918612 179.082328 -136.728940 178.644882 46.674371 -9.062747 78.589973 -56.378666 11.980398 -22.678267 1.878607 5.973167 0.296148 -9.078106 -17.916891 7.856823 0.000003 0.000004 -0.000003 0.897873 -7.504898 12.190833 0.552417 1.273436 -5.800545 -0.725342 -2.615832 11.732020 0.000000 -0.000001 0.000000 0.008430 -3.444548 14.622771 0.007034 0.243173 0.911655 0.210842 2.488602 -14.853083 -0.000001 0.000001 0.000000 0.141045 -3.455913 9.803560 0.342273 -0.520089 4.177862 -0.180048 0.718520 -2.491250 -0.000001 -0.000000 -0.000000 -1.326533 -0.410286 17.883554 0.133024 -0.164069 1.243055 -1.035564 2.156521 -11.561170 0.000000 0.000000 -0.000000 3.691276 13.718820 -18.718996 -94.046446 6.332389 44.841777 -181.544393 122.464158 181.836602 51.377390 2.011223 -75.404653 -57.141171 -17.316398 19.647787 2.553560 -8.007643 -0.572151 -8.400450 11.963992 -11.073246 -0.000000 -0.000002 0.000004 0.084739 -1.304187 -0.470539 0.270581 -0.516767 2.585586 1.324835 -1.721394 11.642356 -0.000001 -0.000000 0.000000 -0.049067 -3.108048 -0.454547 0.010532 -0.299031 1.153687 0.037724 -0.507481 2.216947 0.000000 0.000002 -0.000002 0.093419 -3.707932 1.546247 -0.151047 -0.556528 3.200953 -0.220948 -0.872032 5.011880 -0.000001 0.000000 -0.000002 -0.350641 -5.498467 -1.489509 -0.099250 -0.223773 0.854164 -1.381684 -2.417634 14.709212 -0.000001 -0.000001 0.000001 -11.103258 9.550044 15.432522 7.912671 -8.695894 6.068129 31.831844 -7.785972 -3.679107 24.548952 -0.000017 -0.000001 0.000000 0.000001 -0.000000 -8.272080 0.783120 -8.115632 104.012204 1.290857 2.003243 42.327751 3.022440 11.316657 -5.538713 0.000006 0.000011 -0.000000 -0.000000 -0.000001 
52.498005 81.213242 49.391640 32.953142 -7.850152 -172.747533 6.765188 1.061149 -2.144033 -1.553705 0.253328 -0.804898 -1.555472 0.280814 -0.800692 -9.859098 -0.651367 -2.281104 -37.427849 -11.066768 0.771301 -0.000001 0.000000 -0.000001 6.277664 -10.909585 18.196237 -93.776612 -14.890258 -48.495736 179.068490 -136.308200 178.635483 45.466442 -8.704169 79.575358 -56.424544 11.935336 -22.673868 1.878610 5.973170 0.296150 -9.078050 -17.916836 7.856837 0.000002 0.000003 -0.000001 0.915729 -7.542201 12.381353 0.561152 1.290188 -5.883324 -0.711615 -2.537896 11.386781 -0.000000 -0.000002 -0.000000 0.009720 -3.458008 14.689252 0.007034 0.243184 0.911535 0.210927 2.489004 -14.854990 0.000000 -0.000001 0.000000 0.142476 -3.470145 9.874350 0.342179 -0.519867 4.176840 -0.180051 0.718510 -2.491243 -0.000000 -0.000001 0.000000 -1.313721 -0.424127 17.966225 0.133023 -0.164063 1.243035 -1.035540 2.156476 -11.560899 0.000001 -0.000000 0.000000 3.630308 13.517480 -19.226808 -96.593628 2.867644 45.005681 -181.760418 119.188058 182.021195 55.283923 2.938295 -71.915396 -57.154244 -20.999862 26.639623 3.329103 -3.573014 -1.587646 -9.679374 10.420497 -8.849594 -0.000003 -0.000001 -0.000000 0.691993 -0.163557 -0.055196 0.228111 -0.448798 2.189513 1.299847 -1.691951 11.449277 -0.000001 0.000001 -0.000001 0.019804 -1.426143 -0.015622 0.010644 -0.300895 1.164422 0.026798 -0.379913 1.472766 0.000000 0.000000 0.000000 0.109778 -2.514168 1.622067 -0.123402 -0.447403 2.560648 -0.167628 -0.634839 3.628126 -0.000001 0.000001 -0.000002 -0.207340 -4.299236 -0.888491 -0.030494 -0.122480 0.241375 -1.382709 -2.420323 14.723400 -0.000001 -0.000000 -0.000001 -10.554926 9.214405 14.351230 13.395248 -7.885609 5.664701 29.257925 -5.861330 -3.119985 25.763530 -0.000020 0.000000 0.000000 0.000002 0.000001 -13.744501 0.235654 -8.558483 110.067440 2.450931 3.181493 41.519094 3.374170 12.427215 0.141247 0.000004 -0.000005 0.000002 -0.000000 -0.000000 
52.162994 81.541954 48.791634 31.564486 -9.491439 -172.713491 6.770167 1.589499 -1.701816 -1.601829 0.332096 -0.865541 -1.603615 0.357077 -0.858833 -9.937777 -0.685364 -2.687609 -38.521007 -11.888754 -0.020835 0.000001 0.000000 0.000000 6.396913 -10.376476 19.252953 -95.080420 -14.102123 -50.059597 179.058901 -136.020062 178.628926 44.521960 -8.556802 80.526660 -56.478663 11.882049 -22.668790 1.878620 5.973154 0.296115 -9.078062 -17.916822 7.856802 0.000001 0.000004 -0.000003 0.932365 -7.576775 12.557192 0.567938 1.303186 -5.947384 -0.700669 -2.477641 11.119435 -0.000001 -0.000001 0.000000 0.011251 -3.473852 14.767791 0.007032 0.243216 0.911469 0.211010 2.489412 -14.857041 -0.000001 0.000001 -0.000000 0.144180 -3.486915 9.957869 0.342082 -0.519676 4.175803 -0.180045 0.718488 -2.491119 -0.000000 0.000001 -0.000001 -1.312832 -0.455236 18.063641 0.133034 -0.164067 1.243045 -1.035523 2.156422 -11.560612 -0.000000 -0.000001 -0.000000 3.275382 13.706894 -17.733417 -95.894244 1.395343 43.295900 -182.474419 111.706296 182.664995 52.142627 0.510207 -62.461568 -51.504824 -31.075062 42.431130 3.625735 5.446254 -5.218929 -11.835313 7.127514 -6.387655 -0.000000 0.000000 0.000002 1.778965 2.611187 -2.035038 0.138700 -0.302184 1.341037 1.242277 -1.623358 11.001568 -0.000000 0.000001 -0.000002 0.074913 2.162840 -2.241834 0.010993 -0.306603 1.197724 0.008853 -0.103583 -0.136616 0.000001 -0.000000 0.000001 0.121157 0.354893 0.979577 -0.064938 -0.231812 1.289704 -0.032566 -0.125759 0.629929 -0.000000 -0.000003 0.000000 -0.096423 -1.431041 -1.392623 0.158979 0.145178 -1.400439 -1.373388 -2.395914 14.594077 0.000000 -0.000002 -0.000003 -5.149175 11.261410 13.044984 8.376177 -8.883369 4.756215 33.129986 -4.657820 -7.169165 26.820044 -0.000032 -0.000003 0.000007 0.000001 -0.000000 -19.062045 -1.130133 -9.463504 114.605561 3.362791 4.179314 41.821989 5.681420 13.183506 1.971363 0.000001 0.000005 0.000001 0.000000 0.000001 
51.954964 81.767624 48.317001 30.971117 -12.040302 -172.775045 7.225128 1.058251 -1.057515 -1.746325 0.135436 -0.986471 -1.747277 0.160870 -0.983885 -10.017356 -0.746240 -2.798561 -38.987731 -12.891086 -0.489600 0.000000 0.000000 -0.000000 6.360879 -10.640493 19.069845 -96.033477 -14.451760 -50.841763 179.056510 -135.948577 178.627301 44.165287 -8.513274 80.950617 -56.540422 11.821239 -22.663111 1.878630 5.973111 0.296071 -9.078037 -17.916780 7.856810 -0.000000 0.000001 -0.000005 0.952676 -7.618670 12.769804 0.576482 1.319483 -6.027956 -0.686293 -2.400844 10.778389 -0.000000 -0.000002 -0.000000 0.013026 -3.491941 14.857432 0.007029 0.243261 0.911371 0.211090 2.489791 -14.858919 0.000000 -0.000001 0.000001 0.146156 -3.506057 10.053085 0.341990 -0.519490 4.174825 -0.180028 0.718448 -2.490975 0.000001 -0.000000 -0.000000 -1.308183 -0.489342 18.174507 0.133028 -0.164065 1.243022 -1.035505 2.156332 -11.560329 0.000000 -0.000000 0.000000 3.128629 13.590260 -17.278647 -95.283878 0.258865 41.209502 -183.663227 105.068534 183.792973 48.898099 -2.710353 -53.918087 -41.593386 -38.547344 57.630500 3.038845 12.663182 -8.770824 -13.469421 3.388203 -4.374024 -0.000003 -0.000001 -0.000001 2.910013 5.245013 -4.589905 0.135775 -0.297308 1.312944 1.275777 -1.663435 11.262637 -0.000000 0.000002 -0.000003 0.418938 5.527492 -4.998653 0.020592 -0.446882 2.014447 0.002958 0.030240 -0.915069 0.000001 0.000001 -0.000001 0.227329 3.305464 -0.495919 -0.040043 -0.145354 0.777739 0.073273 0.212644 -1.389149 -0.000000 -0.000001 0.000000 0.089114 1.642254 -2.440912 0.331101 0.374960 -2.838653 -1.420091 -2.519908 15.249593 -0.000002 -0.000001 -0.000001 -2.335361 12.803817 12.999670 8.421544 -9.113583 3.810658 35.543092 -4.244950 -9.387965 27.768464 -0.000022 -0.000007 0.000001 -0.000001 -0.000001 -23.415516 -3.631311 -10.655431 117.484049 3.002834 4.938602 43.249543 9.103372 14.041276 9.604627 -0.000006 -0.000013 0.000001 -0.000001 -0.000000 
51.839073 81.954956 47.911930 30.748094 -15.129701 -172.821872 7.944110 -0.006336 -0.383430 -1.942415 -0.201489 -1.147724 -1.942252 -0.174024 -1.152569 -10.097146 -0.818780 -2.778459 -39.190693 -14.013603 -0.841481 -0.000001 0.000000 0.000001 6.400428 -11.143350 18.839899 -96.991910 -14.743137 -51.465858 179.049229 -135.732074 178.622315 44.238688 -8.454455 81.092855 -56.609083 11.753577 -22.656890 1.878620 5.973092 0.296039 -9.077981 -17.916715 7.856810 0.000002 0.000005 0.000000 0.980575 -7.675483 13.059622 0.589030 1.343318 -6.145893 -0.662147 -2.277127 10.228401 -0.000000 0.000001 0.000000 0.015013 -3.512001 14.957190 0.007031 0.243256 0.911269 0.211153 2.490108 -14.860449 -0.000001 -0.000001 0.000001 0.148393 -3.527315 10.158918 0.341907 -0.519323 4.173924 -0.180017 0.718422 -2.490755 0.000000 -0.000001 0.000000 -1.285409 -0.511687 18.297783 0.133030 -0.164067 1.243043 -1.035487 2.156280 -11.560032 0.000000 0.000000 -0.000001 3.506209 12.565811 -20.350453 -97.130863 -2.615040 38.235488 -186.171436 99.096155 186.247128 48.794168 -4.072031 -45.774289 -32.933004 -38.341274 67.711818 2.194768 15.825292 -13.378240 -14.728898 -0.727643 -4.267719 -0.000000 -0.000002 0.000002 3.982218 7.538322 -6.891511 0.358206 -0.653744 3.389522 1.550747 -1.978702 13.355052 -0.000000 0.000001 -0.000001 0.931581 7.970428 -7.777798 0.069133 -0.930239 4.837334 0.014338 -0.201880 0.435429 0.000001 0.000000 0.000001 0.532439 6.259281 -2.579970 -0.103514 -0.371914 2.116494 0.054414 0.155293 -1.045346 -0.000000 0.000000 0.000001 0.465844 5.022315 -4.261962 0.455145 0.533417 -3.846964 -1.596353 -3.032494 17.931118 -0.000001 -0.000001 -0.000000 0.868462 14.741444 13.658342 8.760734 -9.204323 3.164101 37.207421 -4.420889 -9.454223 28.611297 -0.000031 -0.000007 0.000001 -0.000001 -0.000001 -27.444982 -6.263534 -11.994997 119.650899 2.645301 5.695533 44.336541 12.968089 14.323982 24.096892 -0.000014 -0.000030 0.000002 0.000000 -0.000001 
51.784657 82.011139 47.496170 30.457251 -18.422180 -172.863277 8.575611 -1.209568 0.212598 -2.191333 -0.574743 -1.328053 -2.190191 -0.544972 -1.340660 -10.236738 -0.871842 -2.782498 -39.458781 -15.047426 -1.304652 0.000002 -0.000000 -0.000000 6.520280 -11.754971 18.901133 -97.409549 -14.810311 -51.876711 179.019531 -134.865200 178.601688 44.210312 -8.112802 81.131931 -56.683962 11.679664 -22.650280 1.878620 5.973082 0.295989 -9.077946 -17.916691 7.856808 0.000000 0.000002 0.000002 1.010925 -7.736414 13.371731 0.601946 1.367738 -6.266879 -0.634484 -2.142634 9.629128 0.000001 -0.000002 -0.000000 0.017240 -3.533973 15.066052 0.007030 0.243267 0.911213 0.211187 2.490295 -14.861385 0.000000 -0.000000 0.000001 0.150883 -3.550550 10.274347 0.341827 -0.519150 4.173119 -0.179998 0.718353 -2.490512 -0.000001 0.000000 0.000000 -1.263516 -0.535988 18.432859 0.133025 -0.164067 1.243015 -1.035463 2.156207 -11.559740 0.000000 0.000000 -0.000001 3.864839 11.138326 -24.655851 -100.335534 -6.259061 33.851620 -233.859940 91.221527 233.862289 50.787897 -5.475207 -33.789287 -25.285891 -37.355729 71.869231 1.761126 16.437496 -17.177929 -15.450240 -3.300191 -5.401621 0.000001 0.000000 0.000001 4.861082 8.283915 -4.935254 0.593533 -1.002062 5.468678 1.822667 -2.268901 15.345675 0.000000 -0.000000 0.000002 0.902534 8.444069 -6.345270 0.132950 -1.361668 7.372208 0.035284 -0.480550 2.059758 0.000002 0.000000 -0.000002 0.504531 7.488922 -0.421552 -0.179871 -0.676143 3.900918 0.038794 0.106878 -0.755770 0.000000 0.000000 0.000002 0.563364 7.231632 -1.173324 0.455142 0.533388 -3.846965 -1.738680 -3.516344 20.425993 -0.000002 0.000000 0.000003 1.989092 14.386849 14.693117 13.644053 -7.377029 3.302776 34.864509 -6.099039 -6.170479 29.086521 -0.000028 -0.000003 0.000003 -0.000001 0.000002 -31.919079 -7.924221 -13.878912 121.377407 3.054416 6.692748 44.262580 18.142726 11.970727 39.999920 -0.000037 -0.000044 0.000000 -0.000002 0.000002 
51.855247 81.728058 47.050884 29.885930 -22.060043 -173.001083 8.884787 -2.589083 0.717619 -2.544568 -0.985979 -1.539421 -2.542542 -0.953865 -1.559482 -10.516071 -0.875573 -2.886559 -39.961285 -15.833007 -2.064402 0.000001 0.000000 -0.000000 6.456433 -12.751976 17.997584 -97.156552 -15.968670 -52.274194 178.980845 -133.773421 178.574353 44.201033 -7.630047 81.125319 -56.764367 11.600199 -22.643371 1.878618 5.973061 0.295967 -9.077910 -17.916638 7.856813 -0.000001 0.000005 0.000000 1.044683 -7.803201 13.715087 0.615582 1.393336 -6.393898 -0.601107 -1.989035 8.943155 -0.000000 -0.000001 -0.000000 0.019699 -3.557648 15.183068 0.007031 0.243276 0.911146 0.211212 2.490465 -14.862150 -0.000000 0.000001 0.000000 0.153625 -3.575566 10.398423 0.341765 -0.519013 4.172443 -0.179983 0.718306 -2.490209 -0.000000 -0.000000 -0.000000 -1.236899 -0.560656 18.577809 0.133025 -0.164067 1.243027 -1.035449 2.156137 -11.559445 0.000000 0.000000 -0.000000 3.980594 9.717905 -28.376101 -104.168759 -8.793032 30.278765 -170.573019 83.998015 170.515044 54.416336 -5.540146 -23.479431 -27.847742 -33.301806 66.350008 1.835074 13.164461 -15.859479 -15.456266 -1.791942 -5.863136 0.000001 0.000000 0.000002 4.853583 6.404945 0.260188 0.591092 -0.998600 5.447682 1.872775 -2.320205 15.704871 -0.000001 -0.000000 -0.000005 0.514739 6.966278 -3.613690 0.128198 -1.333560 7.206527 0.038793 -0.519032 2.284344 0.000001 -0.000000 -0.000000 0.185904 5.937728 3.334857 -0.196159 -0.746754 4.313077 -0.005001 -0.033491 0.081616 -0.000001 0.000000 -0.000000 0.056207 6.857419 5.339470 0.415888 0.483867 -3.530215 -1.745176 -3.540435 20.549377 -0.000001 0.000000 -0.000002 2.617126 16.072743 16.304874 17.386325 -7.793718 4.029879 32.758424 -8.276433 -1.846692 29.372317 -0.000029 -0.000003 0.000001 -0.000000 0.000001 -37.261892 -10.077007 -15.897371 122.785751 3.161953 6.944565 41.044502 16.967465 10.124617 39.999951 -0.000043 -0.000043 -0.000001 -0.000001 -0.000000 
52.010719 81.247704 46.606239 29.331120 -25.832518 -173.141197 9.202462 -4.126454 1.115987 -2.894662 -1.416115 -1.764730 -2.891200 -1.380610 -1.792013 -10.842597 -0.856033 -3.089615 -40.774986 -16.632043 -2.767335 0.000000 0.000000 -0.000000 6.509045 -14.144637 17.321959 -96.332804 -16.794259 -52.178820 178.910248 -131.887388 178.523195 44.301351 -6.915504 80.890108 -56.849621 11.515853 -22.636193 1.878619 5.973029 0.295906 -9.077841 -17.916571 7.856820 0.000001 0.000002 0.000002 1.082230 -7.876217 14.092164 0.629619 1.419583 -6.524222 -0.560154 -1.811659 8.148656 -0.000000 -0.000000 0.000000 0.022371 -3.582768 15.307253 0.007030 0.243287 0.911088 0.211255 2.490634 -14.862951 0.000000 0.000000 -0.000001 0.156604 -3.602144 10.530180 0.341714 -0.518911 4.171849 -0.179958 0.718231 -2.489863 -0.000001 0.000000 0.000000 -1.200698 -0.583585 18.730950 0.133030 -0.164069 1.243046 -1.035425 2.156076 -11.559149 0.000000 0.000000 -0.000000 3.878711 8.343702 -31.062761 -108.030834 -9.872713 28.389063 -174.127081 80.446931 174.037018 57.884815 -4.655826 -16.986680 -33.049800 -25.547998 55.257385 1.774212 6.328610 -11.303489 -14.627537 2.789022 -6.634384 0.000001 -0.000001 0.000000 3.469749 4.408691 0.402682 0.449720 -0.792492 4.211345 1.838008 -2.284666 15.455859 -0.000001 0.000000 -0.000007 0.287812 4.885921 -2.980472 0.083485 -1.039773 5.479293 0.030704 -0.427780 1.751880 0.000000 0.000001 -0.000001 0.164177 3.591802 4.223023 -0.193973 -0.737161 4.257192 -0.063760 -0.234301 1.272801 -0.000001 0.000000 0.000001 -0.001154 6.401961 6.250276 0.199073 0.199791 -1.739765 -1.682353 -3.315427 19.393868 -0.000000 0.000002 -0.000001 3.627604 16.095071 17.737767 21.635387 -6.767433 5.548642 30.628993 -10.405463 2.062870 29.457421 -0.000033 0.000003 -0.000001 -0.000000 -0.000002 -42.729984 -12.117025 -17.793275 123.756635 3.116522 6.914920 36.785025 13.459890 8.246061 40.000019 -0.000018 -0.000049 0.000003 0.000001 -0.000001 
52.278740 80.647064 46.123390 29.093092 -29.293230 -173.001493 9.811582 -5.656174 1.197359 -3.074662 -1.794121 -1.974454 -3.067794 -1.752807 -2.007247 -11.131164 -0.825117 -3.517232 -42.307407 -17.737540 -2.956472 -0.000000 -0.000000 -0.000000 6.468219 -15.729465 16.180243 -96.124428 -17.567113 -52.449429 178.834734 -130.011968 178.466723 45.371280 -6.484201 80.300765 -56.939087 11.427295 -22.628868 1.878625 5.973008 0.295865 -9.077825 -17.916530 7.856837 -0.000001 0.000006 0.000003 1.119327 -7.947308 14.459753 0.642620 1.443763 -6.644508 -0.519413 -1.645452 7.401745 -0.000000 -0.000002 -0.000000 0.025268 -3.609278 15.437554 0.007028 0.243287 0.911058 0.211289 2.490815 -14.863817 0.000001 -0.000001 0.000000 0.159822 -3.630148 10.668467 0.341654 -0.518801 4.171242 -0.179938 0.718170 -2.489499 0.000001 0.000000 -0.000000 -1.177444 -0.612989 18.893215 0.133028 -0.164067 1.243057 -1.035402 2.156026 -11.558821 0.000001 -0.000000 -0.000000 3.621964 6.891250 -33.478445 -112.109537 -10.277848 27.277909 -175.243502 78.269077 175.133714 61.284214 -3.267059 -12.136521 -37.475274 -16.581510 42.496826 1.393543 -2.292157 -5.300774 -13.248795 8.692544 -7.827559 0.000001 0.000000 0.000008 1.640929 1.878023 0.202570 0.249409 -0.483000 2.388676 1.741935 -2.184835 14.762154 -0.000001 0.000000 -0.000002 0.078218 2.190738 -2.143166 0.034263 -0.609760 2.964179 0.019051 -0.274782 0.860114 0.000000 0.000000 -0.000000 0.245273 0.575774 4.762308 -0.179746 -0.675667 3.898085 -0.123726 -0.457160 2.586627 -0.000000 0.000000 -0.000001 0.050245 5.188368 6.274721 -0.056863 -0.161040 0.475238 -1.573279 -2.960738 17.558401 -0.000000 0.000001 -0.000006 6.058193 17.104110 19.213592 23.631801 -6.130679 7.258579 31.528409 -12.607852 4.261662 30.734069 -0.000025 -0.000020 0.000002 -0.000000 0.000003 -47.810853 -13.459486 -19.353983 124.235718 3.149717 6.814666 32.628363 9.320800 5.730846 39.999951 -0.000037 -0.000047 0.000004 0.000000 0.000001 
52.607861 79.729515 45.552670 28.917563 -32.387572 -172.915378 10.410568 -7.360187 1.101296 -3.167596 -2.181593 -2.196546 -3.153915 -2.132039 -2.235330 -11.305608 -0.867798 -3.630209 -43.574254 -19.068835 -2.266980 0.000001 -0.000000 0.000001 6.203296 -17.504329 14.244370 -95.451832 -19.175164 -52.490840 178.737649 -127.797033 178.391851 46.824553 -5.891136 79.407561 -57.032022 11.335180 -22.621462 1.878614 5.973017 0.295834 -9.077770 -17.916476 7.856828 0.000000 0.000004 0.000001 1.158694 -8.021519 14.844578 0.655618 1.467789 -6.764209 -0.473365 -1.467945 6.601287 -0.000001 -0.000002 -0.000000 0.028373 -3.636893 15.573096 0.007031 0.243310 0.911019 0.211317 2.490993 -14.864682 0.000000 -0.000001 0.000000 0.163262 -3.659297 10.812250 0.341585 -0.518668 4.170622 -0.179902 0.718062 -2.489083 -0.000001 -0.000000 -0.000000 -1.153087 -0.643267 19.062027 0.133031 -0.164066 1.243042 -1.035390 2.155916 -11.558513 0.000001 0.000001 0.000000 3.241903 5.448805 -35.610636 -116.164169 -10.390425 26.869812 -175.747693 76.926747 175.625815 64.413526 -1.596134 -8.516088 -40.395334 -9.375882 30.393020 0.807198 -10.583935 0.462386 -11.441343 14.213525 -9.326984 0.000004 -0.000001 -0.000002 -0.093648 -0.562589 -0.202720 0.062924 -0.174003 0.605397 1.608982 -2.042578 13.787550 -0.000000 -0.000001 0.000001 -0.030218 -0.483564 -1.237141 0.003860 -0.176052 0.438018 0.010119 -0.127907 0.004959 -0.000000 0.000000 -0.000002 0.362378 -2.316914 4.787715 -0.159256 -0.589973 3.396912 -0.174234 -0.662835 3.791956 0.000001 0.000000 -0.000002 0.143172 3.478399 5.839180 -0.285002 -0.509709 2.560105 -1.447359 -2.594337 15.641734 0.000000 -0.000000 0.000003 11.137021 19.333462 20.310242 20.589269 -6.260514 8.834600 35.350839 -14.173156 5.749550 31.359929 -0.000040 0.000007 -0.000001 0.000000 -0.000001 -52.141080 -14.265130 -19.944690 123.631956 3.391447 6.714612 29.222367 5.419276 1.854393 39.999982 -0.000031 -0.000050 0.000003 -0.000001 -0.000000 
53.055855 78.368927 45.008663 28.431294 -35.042904 -173.406496 10.371715 -8.676447 0.759445 -2.974854 -2.447534 -2.140691 -2.949389 -2.388999 -2.195849 -11.448108 -0.927780 -3.819758 -44.734136 -20.585552 -2.103915 0.000000 0.000000 0.000000 6.046379 -19.036340 12.741505 -94.278932 -20.063010 -52.753567 178.598723 -124.971616 178.280887 48.348802 -5.271793 78.761329 -57.127740 11.240173 -22.614072 1.878633 5.972977 0.295794 -9.077748 -17.916443 7.856806 0.000000 0.000006 0.000003 1.199961 -8.098067 15.242339 0.668470 1.491464 -6.882146 -0.422236 -1.281863 5.758823 -0.000001 -0.000001 0.000000 0.031680 -3.665508 15.712789 0.007024 0.243315 0.910998 0.211362 2.491160 -14.865582 -0.000001 0.000001 0.000000 0.166902 -3.689451 10.960452 0.341533 -0.518543 4.170017 -0.179872 0.717989 -2.488646 0.000001 -0.000000 -0.000000 -1.127679 -0.674298 19.236108 0.133025 -0.164073 1.243028 -1.035356 2.155870 -11.558178 0.000000 -0.000000 -0.000000 2.784805 4.098365 -37.444081 -120.012448 -10.559529 26.991072 -176.078206 75.870274 175.946698 67.218023 0.242054 -5.670720 -43.172932 -6.279395 21.105935 0.471585 -16.104608 4.522107 -9.536880 17.703661 -10.614843 0.000001 -0.000003 0.000000 -0.134059 -2.320592 -0.624689 -0.049984 0.024337 -0.521644 1.463048 -1.880665 12.696929 0.000001 -0.000000 0.000000 -0.030404 -2.495680 -0.389372 -0.006008 0.126731 -1.321817 0.006517 -0.055281 -0.417725 -0.000000 0.000000 0.000000 0.424159 -4.354393 4.472556 -0.138799 -0.507572 2.913886 -0.207847 -0.811199 4.657765 -0.000001 0.000000 0.000000 0.176116 1.250602 5.297680 -0.430370 -0.747272 3.952940 -1.347764 -2.329683 14.242674 -0.000000 -0.000000 0.000001 15.190371 21.042886 22.109367 19.058950 -6.323807 9.833796 39.846866 -14.450530 6.547130 30.003440 -0.000035 0.000000 -0.000000 0.000000 0.000003 -55.776722 -14.174889 -18.930376 122.078580 3.348102 6.844377 26.735690 4.762057 -2.765609 39.999978 -0.000037 -0.000045 -0.000000 0.000000 0.000001 
53.579933 76.829987 44.401299 27.749261 -37.514886 -174.085007 10.175264 -9.843516 0.330137 -2.689143 -2.658141 -2.022600 -2.650756 -2.588545 -2.097099 -11.640417 -0.976065 -3.999216 -45.694836 -21.902663 -2.289276 -0.000000 -0.000000 0.000000 5.897802 -19.976164 11.955830 -92.574506 -20.722546 -52.899521 178.434539 -122.074714 178.144898 49.144840 -4.517511 78.680924 -57.225582 11.142927 -22.606780 1.878641 5.972951 0.295755 -9.077716 -17.916389 7.856808 0.000000 0.000003 -0.000000 1.243256 -8.177269 15.652743 0.681098 1.514608 -6.997585 -0.365284 -1.086227 4.869213 0.000000 -0.000000 0.000000 0.035184 -3.694931 15.855705 0.007026 0.243307 0.910976 0.211393 2.491341 -14.866453 -0.000000 0.000000 0.000000 0.170728 -3.720361 11.112078 0.341477 -0.518438 4.169414 -0.179843 0.717901 -2.488184 -0.000001 0.000001 -0.000000 -1.101618 -0.705906 19.414304 0.133032 -0.164068 1.243033 -1.035331 2.155780 -11.557842 0.000000 -0.000001 0.000000 2.307173 2.916164 -38.959515 -123.499437 -11.073544 27.388418 -176.429291 74.547758 176.285816 69.711998 2.242838 -3.143960 -47.945438 -8.638144 16.961600 1.088162 -16.403743 5.418706 -8.273963 17.566304 -10.815062 -0.000002 -0.000003 0.000000 -0.139052 -2.810868 -0.642463 -0.031059 -0.009557 -0.330006 1.325940 -1.722692 11.650802 -0.000000 -0.000001 -0.000001 0.021664 -3.204219 0.271592 -0.006586 0.164406 -1.540599 0.009967 -0.125012 -0.012065 0.000001 -0.000000 -0.000000 0.425589 -4.854371 4.292954 -0.125667 -0.456152 2.611992 -0.218790 -0.861926 4.953050 -0.000001 0.000001 0.000001 0.254506 -0.725501 5.148092 -0.445458 -0.772707 4.100753 -1.326887 -2.276569 13.960374 0.000000 -0.000001 0.000001 18.343137 21.922097 24.504463 19.365316 -6.500596 9.823864 43.463144 -12.911567 7.590936 28.790323 -0.000023 0.000001 -0.000001 -0.000000 0.000006 -58.948180 -13.423180 -17.331405 119.960074 3.336794 7.057486 24.607252 5.714533 -7.307345 39.999978 -0.000029 -0.000042 -0.000000 -0.000002 -0.000002 
54.238548 75.260040 43.635365 26.876724 -39.869638 -174.536728 10.142325 -10.923818 -0.248038 -2.414588 -2.824118 -1.995925 -2.364109 -2.737941 -2.088245 -12.012827 -0.972028 -4.071802 -46.151984 -22.445479 -2.991229 0.000001 0.000000 -0.000001 5.897787 -20.500907 12.099265 -90.320776 -21.459232 -52.181440 178.226929 -118.978631 177.966986 48.640284 -3.373843 79.171141 -57.324883 11.044114 -22.599598 1.878633 5.972940 0.295702 -9.077651 -17.916336 7.856838 0.000004 0.000002 0.000003 1.289613 -8.260611 16.085340 0.692033 1.534572 -7.097279 -0.296655 -0.864253 3.854574 -0.000000 -0.000002 -0.000000 0.038874 -3.724981 16.000849 0.007028 0.243320 0.910978 0.211428 2.491509 -14.867333 0.000001 0.000000 -0.000000 0.174746 -3.751888 11.266049 0.341422 -0.518311 4.168835 -0.179812 0.717795 -2.487685 0.000001 -0.000000 -0.000000 -1.060915 -0.731823 19.594093 0.133028 -0.164064 1.243016 -1.035316 2.155715 -11.557497 -0.000000 0.000000 -0.000000 1.871122 1.974278 -40.135295 -126.480446 -12.149377 27.757211 -176.888184 72.406521 176.725148 71.939924 4.493521 -0.497487 -56.143994 -18.081857 19.222664 3.328538 -9.566202 1.058160 -8.738937 12.139401 -9.157048 0.000003 -0.000001 -0.000000 0.071546 -1.439862 -0.002509 0.184736 -0.378269 1.780427 1.218096 -1.594220 10.812311 0.000001 0.000002 -0.000000 0.059899 -1.970339 0.615489 0.004832 -0.195903 0.553564 0.028802 -0.404805 1.617834 0.000001 -0.000001 0.000001 0.375798 -3.101605 4.535583 -0.127691 -0.464027 2.658178 -0.199860 -0.774991 4.446761 0.000000 0.000001 -0.000001 0.347586 -0.909130 5.605311 -0.272942 -0.490552 2.446951 -1.430186 -2.547282 15.393915 -0.000000 0.000001 -0.000001 20.393814 21.191377 26.439852 22.760577 -7.308033 9.895016 43.259293 -10.447296 7.155158 28.549052 -0.000045 -0.000027 0.000001 -0.000001 0.000000 -62.056141 -11.898392 -15.791848 117.569644 3.393844 7.287896 22.603043 7.351290 -11.884122 34.879427 -0.000027 -0.000038 -0.000000 -0.000000 0.000002 
54.949696 73.768478 42.769451 25.960320 -42.102434 -174.941485 10.367932 -11.992783 -0.730297 -2.208239 -2.984261 -2.050014 -2.147367 -2.880015 -2.156792 -12.467619 -0.957898 -4.059818 -46.272824 -22.745519 -3.875537 -0.000001 -0.000000 -0.000000 5.930512 -20.999222 12.193373 -88.265531 -22.600439 -51.090904 178.004920 -116.222622 177.771082 47.897958 -2.232591 79.732753 -57.425000 10.944403 -22.592613 1.878642 5.972934 0.295689 -9.077636 -17.916305 7.856819 -0.000001 0.000005 -0.000001 1.336335 -8.343170 16.514848 0.702323 1.553251 -7.190713 -0.224488 -0.644658 2.844893 -0.000001 -0.000002 -0.000000 0.042731 -3.755452 16.147278 0.007028 0.243309 0.910959 0.211464 2.491709 -14.868154 0.000000 -0.000000 -0.000000 0.178905 -3.783767 11.421333 0.341373 -0.518230 4.168272 -0.179771 0.717674 -2.487195 0.000000 -0.000000 -0.000000 -1.055616 -0.771604 19.778747 0.133028 -0.164065 1.243015 -1.035284 2.155617 -11.557151 0.000000 -0.000001 0.000000 1.676089 1.537148 -40.123526 -128.127245 -14.474720 28.472801 -177.447522 68.873244 177.252001 73.075224 6.590767 2.019985 -76.122465 -49.732926 28.976900 9.771864 12.648601 -20.533827 -14.669546 -7.989434 -4.707393 -0.000001 -0.000007 0.000001 5.508605 5.220816 -0.899538 1.025607 -1.578143 9.034456 1.149527 -1.510517 10.271501 0.000000 0.000002 0.000001 0.218214 4.482606 -1.533699 0.174361 -1.588300 8.711577 0.135481 -1.254447 6.597588 -0.000001 -0.000002 0.000000 0.085262 4.238077 6.034266 -0.165401 -0.615331 3.545212 -0.092710 -0.339373 1.893200 0.000001 0.000001 0.000002 0.114708 5.298523 5.049414 0.455141 0.533388 -3.846972 -1.785169 -3.693601 21.332467 0.000001 -0.000002 0.000002 21.236303 18.699414 28.102067 29.734402 -8.088786 9.862952 43.267964 -8.171311 7.560540 28.358044 -0.000019 0.000003 -0.000003 0.000001 0.000000 -65.127643 -10.389049 -14.409606 115.233214 3.457031 7.479025 20.410912 8.899771 -17.536663 29.984821 -0.000030 -0.000042 -0.000002 0.000000 -0.000001 
55.697174 72.555641 41.887493 25.135668 -44.071352 -175.335355 10.689419 -13.110463 -1.023129 -2.068458 -3.170759 -2.103134 -1.999238 -3.051334 -2.222407 -12.767372 -0.958244 -3.942901 -46.055631 -23.096887 -4.522728 0.000001 -0.000000 0.000000 5.960334 -21.194919 12.470775 -87.274532 -22.698496 -50.930094 177.818647 -114.261244 177.603182 48.196772 -1.859463 80.024361 -57.525178 10.844432 -22.585964 1.878642 5.972927 0.295659 -9.077599 -17.916257 7.856828 -0.000003 -0.000001 -0.000000 1.383391 -8.424954 16.940829 0.712883 1.572372 -7.286349 -0.150172 -0.431128 1.857121 -0.000001 -0.000001 0.000001 0.046756 -3.786218 16.293910 0.007028 0.243313 0.910982 0.211490 2.491837 -14.868921 0.000001 -0.000000 -0.000002 0.183219 -3.815879 11.576920 0.341323 -0.518122 4.167731 -0.179744 0.717580 -2.486671 -0.000001 0.000001 0.000001 -1.059938 -0.815227 19.964723 0.133030 -0.164067 1.243041 -1.035263 2.155555 -11.556807 0.000000 -0.000001 0.000001 1.173067 1.260404 -38.870374 -128.721841 -14.890265 28.762453 -177.825232 65.614752 177.599453 73.101124 6.745103 4.566693 -75.971429 -49.583383 29.155240 9.709676 12.649767 -20.853729 -14.760102 -7.963095 -5.217950 -0.000000 -0.000006 -0.000002 5.496211 5.244939 -0.990007 1.041560 -1.598046 9.160830 1.165706 -1.530396 10.399588 0.000001 0.000002 0.000004 0.201848 4.161934 -1.678408 0.178520 -1.609566 8.837624 0.139125 -1.275670 6.722797 0.000001 -0.000000 -0.000001 0.103031 3.920050 5.954021 -0.170456 -0.636406 3.668574 -0.098101 -0.359408 2.011360 0.000001 0.000000 0.000002 0.160436 3.916677 4.761002 0.455148 0.533391 -3.846989 -1.794160 -3.729273 21.514384 -0.000000 0.000000 -0.000001 20.597496 15.205470 29.651463 39.674216 -7.832544 9.356068 42.795865 -6.682567 6.705810 27.396640 -0.000034 0.000016 -0.000000 0.000003 0.000000 -68.969775 -10.022720 -13.145139 113.912030 3.195945 7.632345 18.010598 9.959143 -28.172611 23.732479 -0.000017 -0.000035 -0.000001 -0.000001 -0.000001 
56.437260 71.771439 41.149544 24.473657 -45.541348 -175.603194 11.091672 -14.317753 -1.195068 -2.010722 -3.415082 -2.128273 -1.935880 -3.285593 -2.258156 -12.781575 -1.004025 -3.612747 -45.214182 -23.711569 -4.776025 0.000001 0.000000 0.000000 6.045458 -21.433427 12.874120 -86.597243 -22.295114 -50.190002 177.656349 -112.765050 177.454844 48.553588 -1.754508 79.960348 -57.624776 10.744869 -22.579601 1.878631 5.972918 0.295614 -9.077553 -17.916237 7.856808 0.000000 0.000001 0.000001 1.431395 -8.507027 17.368543 0.722142 1.589065 -7.369983 -0.069025 -0.210548 0.830033 -0.000001 0.000000 0.000000 0.050925 -3.817066 16.439879 0.007031 0.243306 0.910973 0.211524 2.491971 -14.869633 -0.000001 0.000001 0.000000 0.187654 -3.847989 11.731721 0.341274 -0.518024 4.167261 -0.179701 0.717479 -2.486137 -0.000001 -0.000001 -0.000000 -1.064127 -0.858603 20.149910 0.133033 -0.164067 1.243049 -1.035242 2.155464 -11.556434 0.000000 0.000001 0.000000 -0.026879 0.473058 -35.703373 -127.725972 -13.592618 32.145148 -177.952888 64.289873 177.714733 74.079118 6.366658 5.254575 -75.734777 -49.578625 29.368290 9.708159 12.708652 -20.851365 -14.759779 -7.962989 -5.219245 -0.000002 0.000000 0.000001 5.497419 5.254459 -0.986771 1.041060 -1.597437 9.156837 1.165489 -1.530155 10.397927 0.000000 0.000003 0.000001 0.192920 4.011319 -1.702289 0.178408 -1.608964 8.834035 0.139009 -1.275023 6.719047 0.000000 -0.000003 0.000002 0.114659 3.694983 5.916535 -0.170329 -0.635851 3.665345 -0.097913 -0.358744 2.007350 0.000002 -0.000003 0.000001 0.171035 3.543402 4.697715 0.455141 0.533390 -3.846977 -1.794199 -3.729446 21.515219 0.000001 0.000001 0.000001 19.759107 12.029459 30.543674 50.246048 -6.927980 8.969124 44.887105 -5.777626 2.585072 27.201978 -0.000033 -0.000019 0.000001 0.000000 -0.000003 -72.826175 -9.938113 -11.942307 112.745946 3.924343 7.670144 16.946439 9.718479 -31.619469 17.115634 -0.000017 -0.000003 0.000000 -0.000001 -0.000000 
57.142372 71.281097 40.544270 23.914422 -46.616393 -175.692369 11.559211 -15.505161 -1.350774 -2.019580 -3.685745 -2.152483 -1.941372 -3.549060 -2.291032 -12.640527 -1.064187 -3.177641 -44.018872 -24.370714 -4.775967 0.000001 -0.000000 -0.000000 6.228016 -21.338887 13.766689 -86.021752 -21.512251 -49.076832 177.503516 -111.507449 177.313678 48.489948 -1.602877 79.948075 -57.723185 10.646409 -22.573645 1.878652 5.972908 0.295616 -9.077536 -17.916182 7.856813 -0.000001 0.000005 -0.000001 1.479797 -8.588502 17.792902 0.731115 1.605185 -7.450792 0.016038 0.008495 -0.197168 -0.000000 0.000001 0.000000 0.055231 -3.847866 16.584082 0.007028 0.243295 0.911001 0.211542 2.492100 -14.870252 0.000002 -0.000000 0.000001 0.192175 -3.879918 11.884729 0.341238 -0.517925 4.166798 -0.179678 0.717356 -2.485594 0.000001 -0.000000 -0.000000 -1.068129 -0.901514 20.333019 0.133029 -0.164065 1.243047 -1.035211 2.155393 -11.556081 -0.000000 -0.000001 0.000001 -1.443655 -0.751741 -31.514189 -126.097450 -11.170480 36.998301 -177.957833 64.236386 177.719173 75.509633 5.609657 4.713437 -75.684616 -49.579496 29.414008 9.707649 12.723387 -20.850763 -14.759762 -7.962968 -5.219372 -0.000001 -0.000005 0.000001 5.497568 5.256867 -0.986317 1.041002 -1.597362 9.156407 1.165424 -1.530065 10.397416 0.000001 0.000001 -0.000000 0.190688 3.973741 -1.708587 0.178390 -1.608905 8.833656 0.138991 -1.274898 6.718167 -0.000000 0.000002 0.000003 0.117551 3.638784 5.906760 -0.170313 -0.635786 3.664991 -0.097904 -0.358701 2.007151 0.000001 -0.000003 -0.000001 0.173622 3.450167 4.681576 0.455146 0.533397 -3.846999 -1.794210 -3.729457 21.515309 -0.000000 -0.000001 0.000001 19.697253 9.986461 30.820535 59.229604 -6.713104 8.630890 48.696776 -5.075851 -2.999708 27.382981 -0.000008 0.000011 0.000001 -0.000002 0.000000 -75.119336 -10.272628 -10.540602 111.218422 3.082051 7.384019 17.111893 7.901684 -31.775444 9.798171 -0.000018 -0.000009 -0.000001 0.000004 -0.000002 
57.792187 70.891586 40.010975 23.365300 -47.510687 -175.621676 11.888318 -16.540063 -1.621747 -2.046219 -3.920433 -2.175063 -1.965614 -3.777223 -2.321552 -12.498853 -1.070369 -2.942249 -43.322995 -24.747703 -4.574149 -0.000001 0.000000 -0.000000 6.279031 -21.391937 13.966173 -86.133562 -20.737904 -48.691053 177.397744 -110.712367 177.215255 49.151459 -2.050211 79.559908 -57.819662 10.549699 -22.568041 1.878630 5.972881 0.295570 -9.077495 -17.916148 7.856808 -0.000000 0.000002 -0.000003 1.527876 -8.668066 18.208583 0.737899 1.617339 -7.511793 0.106796 0.230222 -1.244775 -0.000001 0.000001 -0.000001 0.059645 -3.878394 16.725702 0.007028 0.243316 0.911012 0.211565 2.492237 -14.870816 -0.000001 -0.000001 -0.000000 0.196772 -3.911436 12.034930 0.341187 -0.517836 4.166383 -0.179628 0.717246 -2.485043 -0.000001 -0.000000 0.000000 -1.071904 -0.943705 20.512863 0.133022 -0.164070 1.243031 -1.035179 2.155298 -11.555700 -0.000001 -0.000000 0.000001 -2.673631 -2.216762 -27.178846 -124.677290 -8.199459 41.904566 -177.916196 64.684282 177.681730 76.955086 4.768864 3.855348 -75.764126 -49.583888 29.343200 9.708036 12.706566 -20.851446 -14.759827 -7.963015 -5.219022 0.000003 -0.000004 0.000004 5.497210 5.254155 -0.987218 1.041146 -1.597531 9.157545 1.165406 -1.530063 10.397315 0.000000 0.000001 -0.000000 0.193254 4.016796 -1.701603 0.178422 -1.609070 8.834678 0.138994 -1.274960 6.718540 0.000000 -0.000000 -0.000000 0.114260 3.703095 5.917431 -0.170358 -0.635942 3.665916 -0.097970 -0.358940 2.008590 -0.000000 -0.000000 -0.000003 0.170672 3.556871 4.699280 0.455141 0.533384 -3.846984 -1.794187 -3.729393 21.515075 -0.000000 -0.000000 0.000003 19.134515 8.676147 30.520396 67.019510 -6.170940 8.303370 54.378582 -3.561094 -8.026936 27.924086 -0.000044 -0.000017 0.000002 -0.000002 -0.000000 -76.617053 -10.616205 -9.128895 109.479504 1.593698 6.962429 17.927148 5.124400 -30.597321 2.400807 -0.000012 -0.000002 -0.000002 0.000002 -0.000002 
58.334175 70.545631 39.604397 22.784135 -48.168301 -175.401362 11.975745 -17.272085 -2.022603 -2.089242 -4.079721 -2.187501 -2.007476 -3.930549 -2.341483 -12.460719 -0.949543 -3.138883 -43.571928 -24.458443 -4.111174 0.000001 0.000000 0.000000 6.240512 -21.440316 13.567952 -86.505828 -20.238730 -48.686780 177.335644 -110.270897 177.157212 49.865883 -2.818038 79.179883 -57.913570 10.455350 -22.562965 1.878644 5.972916 0.295559 -9.077488 -17.916127 7.856809 -0.000001 0.000005 0.000000 1.569721 -8.736416 18.564775 0.744939 1.629934 -7.574991 0.178275 0.397119 -2.038957 0.000001 0.000001 -0.000000 0.064144 -3.908500 16.863660 0.007032 0.243304 0.911037 0.211590 2.492330 -14.871391 0.000001 -0.000000 0.000000 0.201403 -3.942386 12.181215 0.341163 -0.517771 4.166043 -0.179596 0.717141 -2.484489 0.000000 -0.000000 0.000000 -1.075396 -0.984986 20.688097 0.133031 -0.164070 1.243031 -1.035163 2.155223 -11.555308 0.000000 -0.000000 0.000001 -3.475637 -3.571146 -23.547794 -123.861205 -5.111318 45.941731 -177.863167 65.234829 177.633850 78.237208 3.908849 3.254436 -75.917382 -49.589113 29.205752 9.708998 12.670801 -20.852904 -14.760003 -7.963077 -5.218367 -0.000000 -0.000007 0.000001 5.496550 5.248359 -0.988953 1.041410 -1.597863 9.159635 1.165439 -1.530068 10.397507 0.000000 -0.000001 -0.000001 0.198677 4.108246 -1.686948 0.178487 -1.609395 8.836554 0.139032 -1.275148 6.719714 0.000001 0.000001 0.000000 0.107203 3.839698 5.940475 -0.170426 -0.636239 3.667626 -0.098039 -0.359212 2.010149 -0.000000 -0.000002 -0.000001 0.164302 3.783512 4.737368 0.455145 0.533390 -3.846978 -1.794173 -3.729330 21.514637 0.000001 0.000002 0.000003 18.415346 7.986966 29.453671 74.251150 -5.744988 7.981913 57.305137 -4.471708 -11.315432 28.383510 -0.000010 -0.000003 -0.000001 -0.000001 0.000000 -77.512593 -10.899254 -7.767735 107.433719 0.975507 6.590040 19.037978 1.528452 -24.809064 -3.972490 0.000019 0.000006 0.000003 -0.000002 0.000002 
58.783493 70.297028 39.282734 22.267269 -48.721471 -175.044102 11.917544 -17.868622 -2.487364 -2.137245 -4.204373 -2.213083 -2.054088 -4.049383 -2.373280 -12.314778 -0.821567 -3.473419 -44.521113 -24.182911 -3.432375 -0.000000 -0.000000 0.000000 6.176103 -21.539066 13.067121 -87.024246 -19.742290 -48.841839 177.309921 -110.092992 177.133129 50.581714 -3.732232 78.795658 -58.004268 10.364080 -22.558370 1.878633 5.972930 0.295553 -9.077455 -17.916104 7.856810 0.000001 0.000005 -0.000000 1.586820 -8.764260 18.707736 0.750247 1.639393 -7.622508 0.169040 0.375918 -1.937814 0.000000 0.000000 0.000001 0.068714 -3.938016 16.996984 0.007030 0.243300 0.911068 0.211609 2.492452 -14.871957 -0.000001 0.000001 0.000001 0.206047 -3.972584 12.322586 0.341135 -0.517730 4.165759 -0.179559 0.717025 -2.483958 -0.000001 -0.000001 0.000000 -1.078583 -1.025121 20.857526 0.133034 -0.164068 1.243038 -1.035134 2.155144 -11.554908 0.000000 -0.000000 0.000001 -3.770156 -4.374658 -21.455518 -123.633322 -2.949312 48.258958 -177.838523 65.482690 177.611515 79.150199 3.152458 3.083515 -76.090213 -49.592989 29.050184 9.710168 12.628727 -20.854634 -14.760196 -7.963130 -5.217581 -0.000001 0.000002 0.000001 5.495788 5.241522 -0.990979 1.041715 -1.598229 9.162047 1.165486 -1.530148 10.397910 -0.000001 -0.000001 -0.000002 0.205023 4.215808 -1.669717 0.178563 -1.609754 8.838700 0.139074 -1.275416 6.721300 -0.000000 0.000000 -0.000000 0.098838 4.000387 5.967716 -0.170502 -0.636591 3.669587 -0.098115 -0.359489 2.011845 -0.000000 -0.000000 -0.000000 0.156602 4.050097 4.782350 0.455144 0.533398 -3.846970 -1.794145 -3.729219 21.514114 0.000001 -0.000001 -0.000001 17.505409 7.289276 28.056056 81.400111 -5.485579 7.078015 57.583153 -6.181399 -13.069741 30.176507 -0.000029 0.000016 -0.000002 0.000000 0.000000 -77.561456 -11.104728 -6.527994 105.187481 0.742973 6.484559 19.500412 -0.722629 -19.870714 -7.581025 0.000005 0.000008 -0.000002 0.000000 -0.000003 
59.142712 70.185059 39.028961 21.925076 -49.434846 -174.508792 11.707788 -18.475021 -3.042722 -2.150303 -4.315757 -2.289709 -2.062590 -4.153411 -2.453875 -11.798217 -0.830046 -3.691465 -46.383087 -24.787556 -2.571381 0.000000 -0.000000 -0.000001 6.133235 -21.887061 12.675442 -87.536736 -19.471363 -48.976329 177.340261 -110.302849 177.161501 51.211949 -4.603196 78.517061 -58.091059 10.276576 -22.554287 1.878627 5.972925 0.295518 -9.077428 -17.916078 7.856820 0.000003 0.000001 -0.000005 1.599277 -8.784423 18.811695 0.752191 1.642849 -7.639853 0.152841 0.338458 -1.759306 -0.000000 -0.000002 -0.000001 0.073325 -3.966759 17.124681 0.007033 0.243295 0.911103 0.211636 2.492571 -14.872515 0.000000 -0.000000 0.000001 0.210654 -4.001740 12.457965 0.341113 -0.517698 4.165540 -0.179521 0.716928 -2.483408 -0.000001 -0.000000 0.000001 -1.081413 -1.063809 21.019784 0.133023 -0.164069 1.243041 -1.035100 2.155025 -11.554530 0.000000 0.000000 0.000000 -3.630617 -4.441222 -21.128821 -123.736745 -2.309500 48.621228 -177.868726 65.178433 177.638891 79.674266 2.788699 3.442933 -76.230601 -49.594328 28.923273 9.711137 12.592970 -20.856099 -14.760375 -7.963191 -5.216927 0.000001 -0.000004 -0.000004 5.495142 5.235747 -0.992730 1.041972 -1.598548 9.164112 1.165557 -1.530215 10.398429 0.000000 0.000003 0.000001 0.210402 4.307237 -1.655105 0.178622 -1.610061 8.840572 0.139120 -1.275684 6.722812 0.000001 0.000000 0.000001 0.091674 4.136999 5.990685 -0.170570 -0.636860 3.671269 -0.098217 -0.359863 2.013997 0.000001 0.000001 0.000002 0.149893 4.276670 4.820691 0.455142 0.533408 -3.846979 -1.794126 -3.729138 21.513668 0.000001 0.000001 0.000004 16.414591 6.177041 27.385370 86.716218 -5.451533 4.801925 58.809486 -5.680827 -13.230294 34.852458 -0.000037 0.000011 -0.000000 0.000003 -0.000001 -75.919472 -11.411815 -5.471260 102.453971 0.619087 7.053866 17.379240 1.162805 -17.757927 -5.034910 0.000014 0.000015 0.000000 -0.000003 0.000000 
59.348495 70.295242 38.800308 21.736428 -50.291783 -173.864760 11.355725 -19.072036 -3.452174 -2.117477 -4.455582 -2.376251 -2.022347 -4.289004 -2.542261 -11.510341 -0.858070 -3.704415 -47.207430 -25.246080 -2.235588 0.000000 0.000000 0.000000 6.115714 -22.174288 12.430680 -88.064306 -19.363217 -48.959404 177.437140 -111.001857 177.251960 51.451132 -5.371934 78.599058 -58.173322 10.193403 -22.550797 1.878661 5.972953 0.295546 -9.077456 -17.916069 7.856806 0.000003 0.000001 -0.000000 1.615565 -8.810858 18.945183 0.756343 1.650233 -7.677038 0.147232 0.325421 -1.697184 -0.000001 -0.000002 -0.000001 0.077959 -3.994516 17.245796 0.007024 0.243279 0.911145 0.211671 2.492683 -14.873068 -0.000000 -0.000000 0.000001 0.215684 -4.031157 12.586060 0.341101 -0.517657 4.165405 -0.179491 0.716807 -2.482897 -0.000001 -0.000001 -0.000000 -1.083711 -1.101280 21.173757 0.133027 -0.164064 1.243041 -1.035080 2.154928 -11.554117 0.000001 -0.000000 0.000000 -3.233807 -4.028111 -21.928298 -123.970884 -2.247028 47.931034 -177.891990 64.938570 177.659914 80.071298 2.556179 3.796359 -76.289115 -49.592993 28.869601 9.711569 12.576161 -20.856766 -14.760454 -7.963205 -5.216544 0.000001 0.000000 0.000002 5.494795 5.233013 -0.993637 1.042116 -1.598731 9.165264 1.165617 -1.530302 10.398943 0.000001 0.000001 0.000001 0.212918 4.350241 -1.648279 0.178660 -1.610232 8.841603 0.139155 -1.275864 6.723869 0.000001 0.000000 0.000003 0.088282 4.201260 6.001432 -0.170613 -0.637014 3.672210 -0.098282 -0.360123 2.015501 -0.000000 -0.000001 -0.000002 0.146673 4.383317 4.838796 0.455146 0.533388 -3.846979 -1.794115 -3.729086 21.513422 -0.000001 0.000000 0.000000 15.083723 5.561843 26.623273 90.565085 -2.536522 3.097140 59.563040 -4.887605 -12.072873 27.691074 -0.000027 -0.000000 0.000001 0.000000 0.000000 -72.968864 -11.828091 -4.575829 98.658640 0.520439 7.559584 17.022766 0.925219 -14.987730 -0.056081 0.000018 -0.000013 0.000002 0.000002 -0.000001 
59.301506 70.606094 38.583385 22.378657 -50.870344 -172.985879 11.280092 -19.002920 -3.382550 -1.994243 -4.476590 -2.366424 -1.896519 -4.315620 -2.525273 -11.729964 -0.863513 -3.598723 -46.497230 -25.002802 -3.768381 0.000000 0.000000 -0.000000 6.044759 -22.531180 11.925429 -88.749934 -19.606172 -49.223114 177.640543 -112.628262 177.440282 51.354058 -6.234867 79.382296 -58.250319 10.115282 -22.547867 1.878629 5.972978 0.295525 -9.077433 -17.916078 7.856813 0.000004 0.000004 0.000001 1.635745 -8.844290 19.103407 0.762865 1.661807 -7.735275 0.150440 0.332875 -1.732720 0.000000 -0.000000 0.000001 0.083440 -4.023561 17.358857 0.007035 0.243274 0.911186 0.211678 2.492794 -14.873589 0.000000 0.000000 0.000000 0.221665 -4.062354 12.705462 0.341089 -0.517649 4.165355 -0.179447 0.716727 -2.482393 0.000000 0.000000 0.000001 -1.082840 -1.143690 21.316628 0.133032 -0.164069 1.243047 -1.035048 2.154837 -11.553606 0.000001 0.000000 0.000000 -2.628879 -3.344667 -23.661017 -124.373401 -2.065340 46.667182 -177.873344 65.130935 177.643043 80.615603 2.690260 4.122548 -76.218286 -49.589390 28.932586 9.711079 12.590935 -20.856129 -14.760426 -7.963209 -5.216677 -0.000000 -0.000002 0.000002 5.494965 5.235425 -0.993198 1.042065 -1.598669 9.164836 1.165666 -1.530352 10.399375 0.000001 -0.000001 -0.000001 0.210718 4.312601 -1.654473 0.178644 -1.610172 8.841240 0.139154 -1.275872 6.723976 0.000001 -0.000000 0.000002 0.091258 4.145060 5.991739 -0.170598 -0.636965 3.671857 -0.098275 -0.360077 2.015353 -0.000001 -0.000001 0.000001 0.149485 4.289990 4.823188 0.455140 0.533400 -3.846966 -1.794120 -3.729106 21.513520 -0.000000 0.000001 0.000002 13.896629 5.851964 25.709558 93.112752 1.558246 1.968430 60.735456 -3.800757 -9.839267 29.586942 -0.000013 -0.000002 -0.000001 -0.000000 -0.000003 -67.502992 -12.694769 -3.420653 92.566070 0.406317 8.270987 21.048375 -1.106924 -12.197797 4.317921 0.000011 -0.000014 -0.000000 -0.000001 0.000001 
59.159702 71.097862 38.283401 22.961773 -50.978462 -172.248738 11.174653 -18.537704 -3.174259 -1.852131 -4.416503 -2.336069 -1.753417 -4.263390 -2.484741 -12.077062 -0.863246 -3.396457 -45.639765 -24.365218 -4.889529 0.000001 0.000000 -0.000000 6.047931 -22.774774 11.859216 -89.737990 -19.642147 -49.604703 177.860120 -114.674095 177.640803 51.125352 -7.047585 80.409358 -58.321483 10.042891 -22.545563 1.878649 5.973018 0.295543 -9.077455 -17.916063 7.856814 0.000000 0.000001 0.000003 1.658117 -8.886040 19.240242 0.768062 1.671013 -7.781585 0.151928 0.336355 -1.749197 -0.000002 -0.000000 -0.000000 0.075912 -4.015798 17.470494 0.007028 0.243257 0.911243 0.211700 2.492908 -14.874108 0.000002 0.000000 0.000001 0.207452 -4.032220 12.827771 0.341099 -0.517654 4.165387 -0.179417 0.716615 -2.481893 -0.000001 -0.000001 0.000000 -1.120656 -1.089600 21.475602 0.133022 -0.164071 1.243048 -1.035916 2.157689 -11.566298 -0.000000 0.000000 0.000000 -1.988621 -2.641857 -25.262530 -124.881048 -1.444452 45.418893 -177.780959 66.044938 177.559210 81.106461 2.906028 3.910057 -75.971422 -49.583396 29.155209 9.709662 12.649778 -20.853708 -14.760093 -7.963090 -5.217958 0.000000 0.000001 -0.000000 5.496211 5.244927 -0.989968 1.041559 -1.598047 9.160828 1.165706 -1.530404 10.399593 0.000000 0.000001 -0.000001 0.201843 4.161929 -1.678380 0.178523 -1.609571 8.837624 0.139131 -1.275677 6.722796 0.000001 -0.000000 0.000003 0.103028 3.920038 5.954042 -0.170463 -0.636416 3.668579 -0.098096 -0.359418 2.011351 0.000000 -0.000000 -0.000000 0.160436 3.916683 4.761025 0.455145 0.533399 -3.846982 -1.794161 -3.729285 21.514401 0.000001 -0.000000 0.000003 12.760007 6.774146 24.378205 94.040722 2.572845 1.217799 59.749259 -3.214061 -8.858058 29.941094 -0.000028 -0.000011 0.000001 0.000000 -0.000001 -60.608681 -12.607050 -1.792927 84.412785 0.442301 9.391449 26.531460 0.089026 -8.566106 6.070193 0.000009 -0.000013 -0.000005 -0.000000 0.000000 
58.978718 71.714836 37.970833 23.492635 -50.849276 -171.590348 11.054519 -17.873622 -2.873457 -1.717416 -4.313104 -2.294294 -1.619126 -4.168895 -2.432004 -12.394452 -0.856631 -3.258329 -44.898160 -23.691133 -5.563377 -0.000001 0.000000 0.000001 6.067246 -22.746301 11.820435 -90.820247 -20.194247 -49.912748 178.091377 -117.236249 177.847976 50.383174 -7.708785 81.819704 -58.386103 9.976842 -22.543866 1.878647 5.973076 0.295545 -9.077466 -17.916088 7.856799 0.000001 0.000001 -0.000001 1.675764 -8.914152 19.382327 0.772694 1.679216 -7.822815 0.159695 0.354357 -1.835018 -0.000000 -0.000000 0.000000 0.098187 -4.088146 17.556170 0.007032 0.243256 0.911277 0.211722 2.492999 -14.874595 0.000001 0.000000 -0.000001 0.237631 -4.132849 12.913308 0.341111 -0.517678 4.165495 -0.179389 0.716513 -2.481411 0.000000 0.000000 -0.000000 -1.073755 -1.236319 21.565499 0.133035 -0.164063 1.243045 -1.035051 2.154844 -11.553702 -0.000000 -0.000000 0.000001 -1.461810 -2.097635 -26.405759 -125.340911 -0.225339 44.591959 -177.600751 67.656630 177.393987 81.605242 3.104568 3.189781 -74.946457 -49.162698 29.838050 9.501281 12.482666 -20.190756 -14.716131 -8.039908 -5.437478 -0.000001 -0.000002 0.000003 5.412353 5.169030 -0.921712 1.026863 -1.579728 9.044443 1.165697 -1.530419 10.399577 0.000001 -0.000000 0.000003 0.185237 3.887526 -1.702863 0.177051 -1.602083 8.793222 0.138992 -1.274911 6.718304 0.000001 0.000000 -0.000001 0.123575 3.576236 5.796726 -0.175207 -0.656368 3.785338 -0.106066 -0.389371 2.187823 0.000001 0.000001 0.000001 -0.004412 3.354281 4.615171 0.441514 0.516259 -3.737266 -1.790556 -3.714930 21.441215 0.000001 0.000000 -0.000001 11.397818 7.745741 22.837516 93.182597 0.265949 0.721357 58.356761 -3.753276 -10.066913 31.517525 -0.000075 0.000023 -0.000000 -0.000003 -0.000000 -52.427330 -12.110444 0.401209 73.823382 -0.022592 10.315916 33.377359 1.273898 -3.348069 9.093651 -0.000013 0.000001 0.000001 0.000001 -0.000001 
58.670776 72.551399 37.701931 23.948858 -50.527281 -171.043756 10.936824 -17.047302 -2.385974 -1.623649 -4.160867 -2.238750 -1.528462 -4.026420 -2.366208 -12.494813 -0.836697 -3.409226 -44.726541 -23.325400 -5.347254 -0.000001 0.000000 0.000001 6.415905 -22.511223 12.875753 -91.789587 -20.109349 -49.813205 178.279795 -119.714583 178.012857 48.972344 -8.057903 83.491823 -58.443531 9.917833 -22.542840 1.878647 5.973125 0.295580 -9.077482 -17.916100 7.856807 0.000004 0.000002 0.000002 1.679843 -8.912624 19.476447 0.773143 1.679994 -7.826741 0.159162 0.353132 -1.829166 -0.000000 -0.000001 -0.000000 0.133737 -4.194632 17.624159 0.007032 0.243250 0.911343 0.211743 2.493084 -14.875071 0.000000 0.000001 0.000001 0.289696 -4.295970 12.974796 0.341135 -0.517714 4.165735 -0.179362 0.716422 -2.480975 -0.000001 -0.000000 -0.000000 -0.982033 -1.485243 21.611632 0.133029 -0.164066 1.243040 -1.033016 2.148256 -11.524378 0.000000 -0.000000 0.000000 -0.983859 -1.653643 -27.677340 -125.867996 1.158749 43.778070 -177.298392 69.941977 177.112761 82.011283 3.338775 2.040788 -72.672817 -47.740625 30.802623 8.843911 11.798605 -18.085294 -14.497087 -7.992382 -6.088345 0.000003 -0.000003 -0.000001 5.119136 4.842275 -0.710010 0.978271 -1.518576 8.657533 1.170597 -1.536426 10.438324 -0.000001 0.000003 -0.000001 0.160798 3.497067 -1.647801 0.169865 -1.565076 8.574109 0.137299 -1.265108 6.660415 -0.000000 -0.000001 -0.000001 0.147056 3.216921 5.460983 -0.188076 -0.711441 4.106973 -0.129189 -0.478569 2.712285 -0.000002 -0.000001 0.000001 -1.073388 2.801473 4.311957 0.394306 0.456411 -3.355200 -1.777041 -3.661779 21.169910 -0.000000 -0.000001 0.000000 10.756494 9.366034 20.581797 89.052928 -0.353109 0.857099 56.209482 -2.881415 -8.624890 26.051581 -0.000033 -0.000003 0.000001 0.000003 0.000001 -43.609255 -11.435171 2.782657 62.521817 0.233646 10.825436 33.565418 2.818395 -0.322208 17.885701 -0.000018 -0.000020 -0.000002 0.000000 0.000001 
58.305569 73.334633 37.545906 24.236615 -49.961731 -170.572677 10.669219 -16.100708 -1.999133 -1.620510 -3.957278 -2.212134 -1.530362 -3.829931 -2.332605 -12.708848 -0.785469 -3.627334 -44.715486 -22.704464 -5.469914 -0.000000 0.000000 0.000001 6.640751 -22.294711 13.735889 -92.197022 -20.449329 -49.434874 178.444006 -122.230142 178.152862 47.165847 -8.305772 85.256798 -58.493119 9.866517 -22.542510 1.878645 5.973172 0.295619 -9.077501 -17.916127 7.856790 0.000001 0.000001 0.000001 1.687109 -8.920839 19.560195 0.776686 1.686261 -7.858323 0.154143 0.341488 -1.773675 -0.000001 -0.000002 -0.000001 0.125121 -4.179829 17.704644 0.007036 0.243226 0.911387 0.211754 2.493187 -14.875503 -0.000001 0.000001 -0.000002 0.277755 -4.268488 13.061766 0.341158 -0.517777 4.166059 -0.179326 0.716322 -2.480547 0.000000 0.000000 -0.000000 -1.008754 -1.445709 21.722216 0.133026 -0.164066 1.243041 -1.033314 2.149241 -11.528680 0.000001 -0.000000 -0.000000 -0.500132 -1.185785 -29.010498 -126.126410 2.370289 42.927483 -176.928059 72.192709 176.763069 82.316900 3.563299 0.889946 -69.520759 -45.215811 31.527091 7.780893 10.600624 -14.625602 -14.036303 -7.613997 -7.116501 -0.000003 -0.000001 0.000001 4.608677 4.231756 -0.362884 0.895427 -1.412306 7.990239 1.183367 -1.552046 10.539146 0.000000 -0.000001 0.000001 0.130356 2.983347 -1.475933 0.155422 -1.488336 8.120104 0.132938 -1.239432 6.509040 -0.000000 0.000000 -0.000000 0.169154 2.834904 4.986736 -0.206346 -0.792111 4.577684 -0.163633 -0.618065 3.530048 -0.000001 -0.000003 0.000000 -2.663131 2.326635 3.854830 0.311627 0.349584 -2.678273 -1.752185 -3.566695 20.683795 -0.000000 -0.000001 0.000001 10.256433 10.608501 18.305662 83.003997 0.619986 1.383407 51.524942 -2.474298 -8.469459 26.610437 -0.000023 0.000000 0.000000 -0.000001 -0.000001 -34.222123 -10.463618 5.140029 50.487256 0.494922 10.950655 30.219786 3.529418 1.105693 25.451899 -0.000029 -0.000024 0.000001 0.000001 0.000003 
57.844021 74.136047 37.470814 24.438413 -49.217343 -170.119549 10.281392 -15.068661 -1.691943 -1.660178 -3.718233 -2.194628 -1.576272 -3.596625 -2.309993 -12.954552 -0.715610 -3.915205 -44.800133 -21.979214 -5.640433 0.000001 0.000000 0.000000 6.887814 -22.178881 14.726328 -92.290021 -20.665948 -48.877578 178.585063 -124.713107 178.269768 45.245290 -8.606902 87.020749 -58.534141 9.823524 -22.542855 1.878629 5.973239 0.295642 -9.077533 -17.916158 7.856818 0.000003 0.000000 0.000002 1.687929 -8.922826 19.561587 0.772103 1.678170 -7.817525 0.137207 0.302017 -1.585803 -0.000002 -0.000001 -0.000001 0.097683 -4.113230 17.782649 0.007037 0.243213 0.911446 0.211780 2.493259 -14.875921 0.000000 0.000000 -0.000001 0.237227 -4.156469 13.152123 0.341194 -0.517872 4.166512 -0.179301 0.716249 -2.480172 0.000000 0.000001 0.000000 -1.089665 -1.274354 21.853783 0.133033 -0.164060 1.243029 -1.034844 2.154185 -11.550696 0.000000 0.000000 0.000001 0.030961 -0.708978 -30.748928 -126.164126 3.066286 41.914754 -176.491569 74.287344 176.345704 82.602095 3.842018 -0.243349 -66.116156 -41.803493 31.756370 6.485770 8.939997 -10.282569 -13.375897 -6.997299 -8.399937 -0.000000 0.000000 0.000002 3.944596 3.411056 0.066943 0.790123 -1.273486 7.127401 1.202027 -1.574769 10.686108 -0.000001 0.000001 -0.000000 0.100716 2.398004 -1.215200 0.136540 -1.382547 7.495303 0.126700 -1.201889 6.287732 0.000000 -0.000001 0.000000 0.185135 2.460263 4.427014 -0.227483 -0.889572 5.144761 -0.203583 -0.791801 4.544670 -0.000001 0.000001 0.000002 -4.598024 1.973200 3.295058 0.205625 0.208662 -1.794991 -1.718319 -3.442133 20.045296 -0.000000 -0.000000 0.000002 10.956217 11.499840 15.478624 74.242531 0.870390 2.126423 45.256222 -2.178614 -8.802089 26.741164 -0.000041 -0.000004 0.000005 -0.000002 -0.000002 -25.711525 -9.046428 7.554988 40.655786 0.105631 9.854051 24.212382 1.974855 -0.226985 27.066059 -0.000015 -0.000038 -0.000003 -0.000002 -0.000000 
57.390236 75.002640 37.389072 24.574746 -48.478401 -169.742017 9.904264 -14.035023 -1.333458 -1.732911 -3.469071 -2.188444 -1.656397 -3.352847 -2.299206 -13.222159 -0.639817 -4.222367 -45.004622 -21.214248 -5.873540 -0.000002 -0.000000 -0.000000 7.019884 -22.182052 15.159803 -93.109767 -21.039126 -49.015879 178.734999 -127.740274 178.389774 44.085145 -9.401938 88.486398 -58.566038 9.789564 -22.543915 1.878621 5.973321 0.295695 -9.077553 -17.916206 7.856829 0.000002 0.000003 -0.000007 1.695103 -8.935344 19.609891 0.772446 1.678783 -7.820649 0.135577 0.298200 -1.567647 -0.000002 -0.000001 0.000001 0.100457 -4.126445 17.830704 0.007031 0.243214 0.911505 0.211792 2.493328 -14.876304 -0.000000 -0.000001 0.000001 0.240871 -4.172505 13.201843 0.341326 -0.518111 4.167800 -0.179280 0.716187 -2.479827 -0.000001 -0.000001 0.000000 -1.086511 -1.298441 21.912825 0.133032 -0.164070 1.243039 -1.034730 2.153822 -11.549081 0.000001 0.000000 0.000000 0.671576 -0.250409 -33.358395 -126.252331 2.708334 40.428607 -176.019822 76.068869 175.890171 82.871860 4.401746 -1.226199 -62.915919 -37.804687 31.367907 5.127709 6.903630 -5.514254 -12.566024 -6.229810 -9.818419 0.000001 -0.000000 0.000004 3.190409 2.455497 0.528686 0.673799 -1.114896 6.153826 1.224600 -1.602079 10.863255 0.000000 0.000002 0.000001 0.077316 1.792770 -0.893578 0.115895 -1.258387 6.763861 0.119341 -1.156475 6.020135 0.000000 0.000001 0.000000 0.192822 2.123439 3.834057 -0.249157 -0.994754 5.755483 -0.243944 -0.983539 5.659752 -0.000000 -0.000001 -0.000002 -6.697130 1.772329 2.695319 0.088084 0.046922 -0.793759 -1.678002 -3.300479 19.316892 0.000001 -0.000000 -0.000002 10.657086 11.645202 13.115411 65.760358 0.929995 2.865722 35.821999 -1.367897 -7.570310 31.162455 -0.000055 -0.000019 -0.000000 -0.000001 -0.000000 -17.504699 -7.183505 9.903666 31.413184 -0.958782 7.944099 19.434014 -0.195055 -2.595271 22.584509 -0.000003 -0.000031 -0.000003 0.000003 0.000000 
56.919212 75.990334 37.295933 24.664167 -47.901247 -169.483795 9.656094 -13.057771 -0.814470 -1.828835 -3.235152 -2.195764 -1.760786 -3.124899 -2.301061 -13.502210 -0.570785 -4.498341 -45.353061 -20.473118 -6.182781 0.000000 0.000000 0.000000 7.034060 -22.126563 15.040654 -95.201991 -21.549278 -50.228023 178.898678 -131.590998 178.514644 43.909213 -10.762949 89.683785 -58.588044 9.765232 -22.545765 1.878627 5.973403 0.295749 -9.077606 -17.916262 7.856798 0.000002 0.000002 -0.000003 1.700505 -8.944315 19.649657 0.773226 1.680143 -7.827542 0.135648 0.298372 -1.568480 -0.000000 0.000000 0.000000 0.100563 -4.130796 17.865625 0.007035 0.243195 0.911561 0.211808 2.493419 -14.876651 0.000001 0.000000 0.000001 0.240325 -4.174679 13.238440 0.341466 -0.518417 4.169281 -0.179258 0.716134 -2.479504 -0.000001 0.000001 -0.000000 -1.090806 -1.300045 21.958937 0.133032 -0.164069 1.243040 -1.034805 2.154061 -11.550139 -0.000000 -0.000000 -0.000000 0.993185 -0.258566 -35.484769 -126.497180 2.468159 39.716467 -175.219842 78.325263 175.110600 83.292046 5.099079 -2.559584 -60.178830 -33.602827 30.400742 3.854315 4.635607 -0.751735 -11.670377 -5.388262 -11.252321 -0.000000 0.000000 0.000001 2.361981 1.516161 0.486864 0.557145 -0.949979 5.154267 1.249065 -1.631508 11.054577 -0.000000 -0.000001 0.000000 0.063197 1.217172 -0.539513 0.095780 -1.126808 5.990088 0.111596 -1.107145 5.729828 -0.000001 0.000001 0.000000 0.192766 1.854845 3.259328 -0.269423 -1.098568 6.357195 -0.280699 -1.176756 6.778916 0.000000 -0.000002 -0.000002 -8.774122 1.735707 2.123811 -0.030002 -0.121753 0.237056 -1.634274 -3.154074 18.561034 -0.000000 0.000001 -0.000001 10.410618 11.649384 11.285108 56.837146 0.974346 3.540255 27.407524 -0.416737 -5.001773 36.064434 -0.000044 0.000006 0.000004 -0.000002 -0.000000 -10.550375 -4.917168 12.487216 24.649821 -4.943773 4.514557 19.242364 -1.886616 -5.027116 5.235086 -0.000021 -0.000002 0.000001 0.000006 -0.000000 
56.581951 77.086761 37.200275 24.533688 -47.763516 -169.355756 9.625195 -12.386765 -0.331921 -1.942425 -3.078907 -2.199534 -1.879606 -2.975306 -2.297840 -13.617598 -0.545887 -4.588706 -45.660784 -19.932432 -6.581683 -0.000000 0.000000 -0.000000 7.154601 -22.041367 15.493856 -97.748340 -21.650156 -51.380880 179.027728 -135.102194 178.607398 43.860989 -11.966634 90.539342 -58.599041 9.751120 -22.551814 1.878631 5.973528 0.295814 -9.077670 -17.916324 7.856806 -0.000000 0.000001 0.000001 1.696499 -8.944743 19.565640 0.762938 1.661938 -7.735866 0.114480 0.248459 -1.331376 -0.000002 0.000001 0.000000 0.070928 -4.053904 17.901000 0.007035 0.243178 0.911610 0.211821 2.493485 -14.876961 0.000002 -0.000001 -0.000002 0.195753 -4.047385 13.284334 0.341600 -0.518685 4.170698 -0.179239 0.716067 -2.479240 -0.000000 0.000001 0.000000 -1.177182 -1.103834 22.040628 0.133030 -0.164061 1.243039 -1.036600 2.159897 -11.576106 0.000001 -0.000000 0.000000 1.215995 -0.227497 -36.175311 -124.782256 2.294707 36.254893 -175.072911 78.663405 174.966716 80.810010 3.499593 -3.798440 -56.686950 -30.685765 29.245552 2.776275 2.340286 3.606800 -10.767484 -4.535745 -12.581683 -0.000004 -0.000002 0.000002 1.554982 0.640234 0.222865 0.449939 -0.792820 4.213244 1.273400 -1.660570 11.244117 -0.000001 0.000000 0.000000 0.097190 0.517337 1.049409 0.077949 -0.998670 5.238255 0.104120 -1.057939 5.440485 0.000001 -0.000000 0.000000 0.198960 1.553927 3.576217 -0.286680 -1.191950 6.897189 -0.311098 -1.354661 7.805852 -0.000000 -0.000000 0.000002 -10.807742 1.241352 3.410792 -0.138609 -0.282817 1.209270 -1.590763 -3.014973 17.840212 0.000001 -0.000000 0.000001 8.220361 11.567756 10.477761 49.929007 2.345480 3.909357 24.458306 0.461972 -0.155741 38.117957 -0.000023 0.000005 -0.000002 -0.000000 -0.000002 -3.886075 -3.332820 14.104292 18.332844 -7.413772 1.958768 17.791442 -4.132596 -5.376320 -4.382216 -0.000022 0.000015 -0.000000 -0.000003 0.000000 
56.253002 78.226105 37.155338 24.306570 -47.796943 -169.204645 9.668053 -11.802985 0.062806 -2.064496 -2.955477 -2.204730 -2.005540 -2.858993 -2.295131 -13.666889 -0.541087 -4.603584 -45.963922 -19.488693 -7.042196 0.000001 0.000000 0.000000 7.477826 -21.929680 17.047847 -99.691522 -21.122270 -51.693887 179.119225 -137.880291 178.669539 43.120644 -12.773516 91.386039 -58.599355 9.748115 -22.555156 1.878634 5.973629 0.295883 -9.077727 -17.916433 7.856796 0.000003 0.000004 0.000004 1.687927 -8.933669 19.478096 0.753889 1.645853 -7.655060 0.095965 0.204354 -1.122144 -0.000001 -0.000000 0.000000 0.052111 -4.004008 17.913952 0.007026 0.243155 0.911690 0.211831 2.493526 -14.877226 0.000001 0.000001 0.000000 0.168180 -3.967705 13.302572 0.341754 -0.519015 4.172371 -0.179221 0.716058 -2.479030 -0.000000 0.000001 0.000001 -1.228426 -0.984845 22.078144 0.133028 -0.164069 1.243032 -1.037601 2.163175 -11.590665 -0.000000 0.000001 0.000000 1.400444 -0.153897 -36.246701 -122.369328 1.851416 31.606629 -175.257163 78.236101 175.147115 77.081902 1.094443 -5.349757 -53.872810 -28.360120 27.866021 1.961701 0.270284 7.190827 -9.949167 -3.721671 -13.685569 0.000002 -0.000001 0.000001 0.866323 -0.134616 -0.007957 0.361029 -0.658117 3.415188 1.295536 -1.686850 11.415932 0.000000 0.000001 -0.000000 0.125076 0.097079 1.800932 0.063570 -0.885003 4.572477 0.097497 -1.012875 5.175612 -0.000000 -0.000000 -0.000001 0.195457 1.503213 3.276527 -0.299656 -1.265650 7.322803 -0.333545 -1.500242 8.644138 0.000000 -0.000000 0.000003 -12.274499 1.543940 3.014691 -0.228697 -0.421077 2.034802 -1.551736 -2.895136 17.216822 -0.000001 -0.000001 0.000002 6.246798 11.950455 10.193857 42.940925 2.713717 3.839050 22.548147 1.082759 3.675523 38.798644 -0.000042 0.000002 -0.000000 0.000001 0.000001 1.075347 -2.927422 14.530203 16.319222 -8.823357 0.583733 14.264437 -7.113721 -3.978499 -5.873587 -0.000000 0.000006 -0.000001 -0.000001 -0.000000 
55.965618 79.347542 37.102234 23.975311 -47.737729 -169.190507 9.758739 -11.340581 0.406095 -2.184459 -2.851781 -2.190012 -2.128625 -2.761461 -2.273892 -13.652524 -0.537927 -4.552289 -46.145127 -19.013370 -7.361427 0.000001 -0.000000 -0.000000 7.919738 -21.742524 19.207781 -101.242221 -20.113089 -51.393697 179.185601 -140.061334 178.712419 42.067446 -13.967494 91.345864 -58.576180 9.731934 -22.613360 1.878596 5.973759 0.295983 -9.077814 -17.916524 7.856790 0.000003 0.000004 0.000001 1.771055 -9.077065 20.030416 0.702899 1.554299 -7.195948 0.014524 0.004705 -0.179281 -0.000001 -0.000001 0.000000 0.106960 -4.291983 19.113682 0.007035 0.243160 0.911744 0.211836 2.493570 -14.877441 -0.000000 -0.000001 0.000001 0.227603 -4.289588 14.678734 0.341969 -0.519438 4.174600 -0.179214 0.715993 -2.478850 -0.000001 -0.000000 -0.000000 -1.236373 -1.427349 23.750176 0.133027 -0.164074 1.243046 -1.037011 2.161253 -11.582106 0.000002 -0.000000 -0.000000 1.610550 0.077327 -36.293067 -120.082717 0.972685 27.098507 -175.271697 78.201124 175.161335 73.263505 -0.990124 -7.694410 -52.905713 -26.353790 26.215769 1.443313 -1.295152 9.644646 -9.315712 -2.985213 -14.441272 0.000001 0.000000 0.000001 0.373106 -0.741578 -0.173220 0.298591 -0.561033 2.844520 1.313388 -1.707935 11.553990 -0.000000 0.000001 0.000001 0.133582 -0.048751 1.977308 0.053329 -0.796805 4.056597 0.092234 -0.975952 4.958862 0.000001 -0.000000 0.000001 0.192341 1.621896 3.098429 -0.307287 -1.310470 7.581415 -0.347201 -1.596546 9.197443 -0.000001 -0.000001 0.000003 -13.142484 2.190582 2.504836 -0.291959 -0.520794 2.625561 -1.521887 -2.806349 16.753390 -0.000000 0.000000 0.000003 2.015307 12.780898 11.417320 40.313706 3.103921 2.607924 20.469090 1.139293 4.339968 36.697032 -0.000041 -0.000008 0.000000 -0.000001 0.000000 6.404455 -2.911962 14.591533 14.285615 -9.772412 -0.445411 10.916760 -10.641848 -1.997780 -3.537257 -0.000014 0.000012 0.000001 0.000001 0.000000 
55.672489 80.425781 37.079590 23.513003 -47.239952 -169.320813 9.834730 -10.980157 0.554561 -2.291857 -2.754707 -2.134054 -2.239052 -2.668203 -2.215103 -13.576973 -0.517962 -4.444124 -46.092049 -18.378581 -7.338412 -0.000001 0.000000 0.000000 8.506563 -21.160023 21.877731 -102.140814 -19.035648 -50.354975 179.233931 -141.740605 178.742362 40.486510 -14.825518 91.280533 -58.579452 9.677291 -22.690746 1.878620 5.973900 0.296082 -9.077910 -17.916609 7.856810 0.000001 0.000003 -0.000001 1.886523 -9.207530 20.537283 0.619693 1.401049 -6.432144 -0.046859 -0.152299 0.557663 0.000000 -0.000002 0.000000 0.198791 -4.654347 20.346198 0.007034 0.243141 0.911790 0.211842 2.493615 -14.877614 0.000002 -0.000000 0.000000 0.336482 -4.714669 16.069205 0.342256 -0.520037 4.177703 -0.179201 0.715965 -2.478726 -0.000001 -0.000001 -0.000001 -1.159887 -2.013935 25.400041 0.133022 -0.164064 1.243006 -1.035502 2.156307 -11.560209 0.000001 -0.000001 0.000000 1.896078 0.660163 -36.484408 -118.052921 -0.389079 23.360837 -174.752903 79.336534 174.652787 69.696801 -2.204012 -11.288895 -52.969305 -25.812005 24.696468 1.241815 -2.076136 10.612236 -8.969798 -2.362602 -14.723287 -0.000002 -0.000001 -0.000001 0.153407 -1.114565 -0.238494 0.270577 -0.516740 2.585588 1.324841 -1.721404 11.642357 0.000001 0.000001 0.000001 0.136385 0.042674 2.077574 0.047693 -0.745086 3.754335 0.088794 -0.951239 4.813794 0.000001 -0.000001 -0.000001 0.190934 1.942944 3.078877 -0.308413 -1.317231 7.620404 -0.351249 -1.626467 9.369372 -0.000001 -0.000001 -0.000002 -13.275857 3.042279 2.321845 -0.320325 -0.566250 2.893565 -1.506075 -2.760271 16.512368 0.000004 -0.000001 0.000001 -1.883486 13.097814 12.816935 40.305445 5.492816 1.524637 18.850018 2.000709 4.296580 34.619046 -0.000050 -0.000013 -0.000001 0.000000 0.000002 10.329839 -4.049944 13.800874 16.368291 -9.901904 -1.101550 6.733504 -15.523341 0.653536 5.082234 0.000011 -0.000012 -0.000000 0.000001 0.000000 
55.512352 81.407021 36.978443 22.756599 -45.762404 -169.826629 9.917543 -10.878879 0.311033 -2.371435 -2.678583 -1.982088 -2.321083 -2.590483 -2.068780 -13.348073 -0.462030 -4.190685 -45.524177 -17.383168 -6.537403 -0.000000 0.000001 0.000002 9.094601 -19.800073 24.792946 -102.923383 -17.379159 -49.126064 179.261593 -142.737840 178.759001 39.622163 -15.033101 91.253076 -58.576638 9.663382 -22.717911 1.878613 5.974041 0.296189 -9.077992 -17.916746 7.856805 -0.000001 0.000004 -0.000003 1.989459 -9.407920 21.500534 0.699680 1.548474 -7.166742 0.011984 -0.001693 -0.149243 -0.000000 -0.000002 -0.000000 0.275310 -4.881860 20.806341 0.007036 0.243123 0.911846 0.211848 2.493646 -14.877742 -0.000000 0.000001 -0.000000 0.438172 -5.013086 16.572535 0.342764 -0.521066 4.183037 -0.179201 0.715959 -2.478685 -0.000001 0.000000 -0.000000 -1.022772 -2.433708 25.964426 0.133024 -0.164066 1.243020 -1.033401 2.149513 -11.529906 0.000001 -0.000000 0.000000 2.137754 1.274575 -36.246523 -115.765710 -1.624801 20.487598 -173.741680 81.023433 173.656795 65.853481 -3.504335 -15.950667 -54.773947 -27.375405 23.146048 1.455542 -1.735885 9.451797 -9.043246 -1.846494 -14.309293 -0.000000 -0.000003 -0.000000 0.331573 -1.185678 -0.135727 0.290753 -0.548665 2.772284 1.327364 -1.724384 11.661838 -0.000000 0.000000 0.000002 0.131759 0.489111 2.113788 0.047575 -0.743986 3.747811 0.087638 -0.942907 4.764827 0.000001 -0.000001 0.000002 0.188317 2.588275 3.372330 -0.299991 -1.267568 7.333861 -0.342066 -1.559551 8.984976 0.000001 -0.000001 -0.000002 -12.341308 4.169333 2.765175 -0.299432 -0.532712 2.695950 -1.510628 -2.773482 16.581548 0.000001 -0.000002 -0.000000 -5.512069 13.175721 14.250939 41.522438 9.206230 0.557709 17.679128 3.050462 3.786307 32.695303 -0.000029 0.000005 -0.000001 -0.000001 0.000000 14.908273 -5.334266 12.476317 17.565734 -9.496788 -2.187865 5.067321 -21.597319 2.911103 14.674404 -0.000013 -0.000017 0.000001 -0.000000 -0.000001 
55.410175 82.489616 36.762215 21.844063 -43.203668 -170.686905 10.111013 -10.705193 0.134942 -2.450143 -2.584472 -1.792533 -2.405502 -2.494663 -1.886431 -13.170621 -0.379759 -3.958342 -45.068952 -16.224696 -5.415583 -0.000001 -0.000000 0.000000 9.662807 -18.549382 27.243965 -104.024963 -15.352703 -47.441316 179.281114 -143.458384 178.770462 40.036544 -14.787052 91.271162 -58.516041 9.764547 -22.664495 1.878579 5.974185 0.296304 -9.078104 -17.916853 7.856802 0.000002 0.000006 -0.000004 1.801573 -9.089631 20.135886 0.628159 1.416867 -6.510708 -0.106912 -0.312020 1.303359 0.000000 -0.000001 0.000000 0.301720 -4.867931 19.979131 0.007037 0.243125 0.911920 0.211849 2.493641 -14.877813 0.000000 0.000001 0.000001 0.497566 -5.091127 15.619943 0.343622 -0.522824 4.192181 -0.179203 0.715958 -2.478691 0.000001 -0.000000 0.000000 -0.831559 -2.584437 24.776146 0.133031 -0.164069 1.243047 -1.029922 2.138216 -11.479712 0.000000 -0.000000 0.000001 2.283820 1.906770 -35.538267 -113.040403 -2.838871 18.217370 -171.723209 83.178344 171.657749 61.867792 -4.580239 -21.661347 -55.983724 -27.883245 23.285452 2.024189 -1.393993 7.285297 -9.075957 -0.390344 -13.504128 -0.000003 -0.000003 0.000001 0.544157 -0.622167 -0.475829 0.258515 -0.497570 2.473529 1.041022 -1.374667 9.402665 0.000001 0.000001 -0.000001 0.103807 0.912079 1.210782 0.036417 -0.632849 3.098728 0.067390 -0.785999 3.845163 -0.000000 -0.000000 -0.000001 0.189706 2.881300 3.025730 -0.257702 -1.037795 6.005113 -0.268587 -1.110798 6.397393 -0.000000 -0.000000 0.000002 -10.308313 4.428118 2.520708 -0.179517 -0.345048 1.581912 -1.444859 -2.587442 15.605471 -0.000001 -0.000001 -0.000003 -9.154838 12.807680 15.798892 44.798244 12.091187 -0.137291 16.820171 3.041145 2.752368 31.780057 -0.000037 -0.000029 -0.000001 0.000000 0.000000 17.416643 -7.019272 10.434634 22.231810 -9.775730 -4.893876 7.030422 -29.963736 4.359295 20.151078 -0.000015 -0.000025 -0.000003 -0.000001 -0.000001 
55.246414 83.233841 36.590797 20.872245 -40.027576 -171.628761 10.241368 -10.459893 -0.112334 -2.534238 -2.472103 -1.583695 -2.496961 -2.381477 -1.683861 -13.021220 -0.294129 -3.721852 -44.735342 -15.033919 -4.322174 0.000002 0.000000 0.000001 9.901642 -17.483215 28.618636 -103.695147 -13.887754 -45.229369 179.250132 -142.321758 178.752143 40.296197 -13.166380 91.331234 -58.441434 9.922353 -22.547329 1.878587 5.974367 0.296432 -9.078208 -17.917000 7.856834 0.000002 0.000005 -0.000000 1.711598 -8.946870 19.855099 0.777956 1.688499 -7.869592 0.152472 0.337601 -1.755224 0.000000 0.000001 -0.000000 0.230998 -4.501567 18.015158 0.007034 0.243108 0.911970 0.211855 2.493660 -14.877829 0.000000 -0.000001 -0.000000 0.429447 -4.744418 13.384099 0.344043 -0.523704 4.196586 -0.179207 0.715982 -2.478767 0.000001 0.000000 0.000000 -0.759993 -2.157219 22.060826 0.133026 -0.164064 1.243030 -1.028041 2.132150 -11.452722 0.000000 -0.000000 0.000000 2.296500 2.567621 -34.251739 -109.662287 -4.148571 16.456280 -166.224866 85.863387 166.183926 57.798625 -5.179765 -28.635107 -55.237335 -24.774051 25.363626 2.587902 -1.962460 5.332611 -8.808711 2.471890 -12.745411 -0.000000 -0.000004 0.000001 0.518953 0.620387 -1.556553 0.137048 -0.299439 1.325191 0.437429 -0.531114 4.223796 -0.000001 0.000002 -0.000000 0.044244 1.045336 -0.975138 0.013890 -0.352221 1.463222 0.031729 -0.439846 1.822273 0.000000 0.000000 -0.000001 0.188143 2.454945 1.477825 -0.166991 -0.621870 3.583637 -0.081499 -0.298167 1.650105 0.000000 0.000000 0.000002 -7.719980 3.365577 0.703325 0.038225 -0.023503 -0.361715 -1.271765 -2.139928 13.231220 -0.000002 0.000001 0.000001 -12.257024 11.806413 17.208648 50.555435 10.931150 -0.188063 16.830255 0.571553 1.059582 33.166675 -0.000041 -0.000019 -0.000001 0.000000 -0.000003 19.706791 -8.433991 7.542257 25.984857 -11.427893 -7.422013 17.864416 -30.988807 8.746743 20.025894 -0.000009 -0.000029 -0.000002 -0.000001 0.000000 
54.990791 83.564362 36.523685 19.939586 -36.372205 -172.429533 9.848354 -10.085210 -0.634234 -2.626774 -2.333185 -1.362150 -2.597450 -2.245749 -1.461900 -12.889005 -0.235751 -3.454710 -44.423526 -14.055121 -3.969232 0.000001 -0.000000 -0.000001 10.046864 -16.257491 29.670892 -102.626632 -11.412829 -43.620313 179.183825 -140.000614 178.711285 41.061158 -12.000535 90.400989 -58.354910 10.015930 -22.540183 1.878592 5.974574 0.296609 -9.078369 -17.917179 7.856790 -0.000001 -0.000001 -0.000002 1.646261 -8.842321 19.334047 0.769864 1.674211 -7.797592 0.164131 0.364600 -1.883845 0.000001 -0.000000 -0.000000 0.164464 -4.262796 17.466059 0.007036 0.243093 0.912024 0.211852 2.493640 -14.877786 -0.000000 -0.000000 -0.000000 0.340388 -4.431501 12.780027 0.343587 -0.522758 4.191731 -0.179224 0.716004 -2.478878 0.000000 -0.000001 -0.000000 -0.869049 -1.712692 21.358927 0.133030 -0.164067 1.243030 -1.030234 2.139233 -11.484196 -0.000001 -0.000000 0.000000 2.262815 3.338481 -32.468585 -104.930939 -4.739203 17.100518 -66.178796 88.921632 66.178611 54.250225 -5.493116 -38.082768 -54.433951 -19.608259 26.949591 2.888055 -2.960003 3.419883 -8.560092 5.788555 -12.080119 0.000002 0.000001 -0.000001 0.452472 2.134153 -2.883863 0.026914 -0.111698 0.250046 -0.143401 0.470583 -1.547311 -0.000001 -0.000000 -0.000000 -0.044596 1.082153 -3.628595 -0.000847 -0.064951 -0.207925 0.008487 -0.096245 -0.179419 -0.000001 0.000000 0.000000 0.135677 1.792042 -0.582450 -0.052330 -0.187652 1.028379 0.154209 0.446600 -2.799252 -0.000000 -0.000000 0.000000 -5.280804 1.926086 -1.869912 0.279531 0.307365 -2.412658 -1.093359 -1.728325 11.010948 -0.000000 -0.000000 -0.000001 -15.373625 11.472683 19.581422 57.540983 6.885270 -0.748841 18.475534 0.666188 1.457076 32.409538 -0.000027 -0.000005 0.000000 -0.000001 0.000000 20.952859 -9.546823 3.257360 30.976486 -11.708461 -8.904022 34.181962 -28.070612 13.234437 15.652178 -0.000004 -0.000021 -0.000000 0.000003 0.000001 
54.713314 83.709442 36.519886 19.065418 -32.456980 -173.084821 9.206454 -9.600722 -1.315072 -2.718913 -2.178227 -1.137267 -2.697535 -2.095819 -1.233310 -12.772528 -0.191444 -3.174493 -44.100872 -13.181381 -3.889159 0.000002 0.000000 0.000001 9.505591 -15.044188 28.411495 -100.949240 -12.147327 -42.621063 179.155152 -139.042420 178.692980 41.120286 -11.139168 89.806517 -58.253550 10.104928 -22.560142 1.878567 5.974761 0.296738 -9.078496 -17.917343 7.856835 0.000001 -0.000000 -0.000004 1.637164 -8.846642 19.114535 0.763164 1.662339 -7.737930 0.149959 0.331774 -1.727351 0.000000 -0.000001 -0.000001 0.083787 -4.025787 17.369335 0.007034 0.243078 0.912089 0.211847 2.493640 -14.877689 0.000000 -0.000000 -0.000000 0.221690 -4.062471 12.705728 0.342763 -0.521076 4.183043 -0.179230 0.716043 -2.479105 0.000001 0.000000 -0.000000 -1.083029 -1.146888 21.329827 0.133030 -0.164064 1.243035 -1.035041 2.154818 -11.553547 0.000001 0.000000 0.000001 2.264851 4.319466 -30.307134 -99.154464 -4.196749 20.357608 -9.057992 83.759525 9.107923 51.481246 -5.568424 -49.170296 -55.382893 -14.341806 26.842365 2.927657 -3.767999 1.444281 -8.517858 8.600876 -11.466577 0.000003 0.000001 0.000004 0.487199 3.466567 -3.999991 0.018831 -0.097629 0.169797 -0.490069 1.207371 -5.599397 -0.000001 0.000001 -0.000001 -0.149846 1.451125 -7.300716 -0.004750 0.065227 -0.964395 0.002205 0.051016 -1.035962 0.000000 0.000001 0.000000 0.038683 1.523406 -3.358777 -0.011076 -0.048232 0.201036 0.253170 0.710019 -4.402550 0.000001 0.000000 0.000000 -3.176703 1.201324 -5.527733 0.455144 0.533395 -3.846976 -1.049915 -1.634341 10.498329 0.000000 -0.000001 -0.000000 -18.528770 10.874036 22.105596 65.577739 5.994660 -1.263371 19.598661 0.622341 0.874416 29.959826 -0.000028 -0.000009 0.000000 -0.000000 0.000002 21.069704 -10.200216 -2.206073 37.195520 -11.531477 -9.374812 49.726683 -20.277677 14.009190 8.550440 -0.000005 -0.000009 0.000000 -0.000004 -0.000000 
54.488476 83.724640 36.575333 18.179827 -28.424194 -173.676725 8.391501 -8.926612 -2.052987 -2.778924 -1.990914 -0.926942 -2.764517 -1.914111 -1.016306 -12.712706 -0.164108 -2.894697 -43.733845 -12.397116 -3.523919 0.000001 0.000000 0.000001 9.025022 -13.728059 27.216946 -99.183445 -12.652992 -41.823734 179.110072 -137.591019 178.663474 41.245740 -10.122493 89.138395 -58.138782 10.213612 -22.583612 1.878553 5.974996 0.296911 -9.078635 -17.917533 7.856827 0.000003 0.000001 0.000003 1.649164 -8.899787 18.959738 0.761166 1.658800 -7.720116 0.165653 0.368095 -1.900545 0.000000 -0.000001 0.000000 0.014378 -3.813791 17.242763 0.007035 0.243074 0.912131 0.211816 2.493499 -14.877060 0.000001 0.000000 0.000001 0.115501 -3.722844 12.596663 0.342443 -0.520424 4.179724 -0.179242 0.716115 -2.479401 -0.000001 0.000000 0.000000 -1.280860 -0.607423 21.266786 0.133028 -0.164069 1.243042 -1.040409 2.172318 -11.631355 0.000000 -0.000000 -0.000000 2.342025 5.824653 -27.231114 -93.304113 -2.177604 25.489762 -4.525367 77.697131 4.630056 50.150039 -4.667843 -60.916818 -54.229964 -11.169320 26.136738 2.727788 -4.620839 0.158158 -8.490741 10.850467 -11.119144 0.000001 -0.000005 0.000006 0.345987 4.916964 -6.768084 0.348210 -0.638342 3.298728 -0.348189 0.889294 -3.866933 0.000001 -0.000000 0.000000 -0.242023 1.529082 -9.586153 0.001743 -0.129599 0.167937 0.016267 -0.232671 0.614812 -0.000000 0.000001 0.000001 -0.094275 1.130511 -5.470168 0.036206 0.103137 -0.701456 -0.019783 -0.082574 0.373471 -0.000001 0.000000 0.000001 -1.950305 0.283667 -8.557201 0.455144 0.533401 -3.846988 -1.316645 -2.250807 13.823125 -0.000000 0.000000 -0.000002 -21.757218 10.327204 25.330708 74.213892 7.343330 -1.768048 21.706869 0.573357 0.115710 29.313130 -0.000030 -0.000024 -0.000000 -0.000001 -0.000002 17.545919 -9.665670 -8.726523 49.259321 -9.861884 -8.430109 60.989273 -4.797655 9.321756 -2.523802 0.000013 0.000003 -0.000001 -0.000002 -0.000001 
54.461472 83.688972 36.673775 17.339364 -24.957911 -174.189659 7.576655 -7.816877 -2.760806 -2.755041 -1.715458 -0.767582 -2.745151 -1.644202 -0.844554 -12.829922 -0.181110 -2.652977 -43.434269 -11.866586 -2.681472 0.000001 0.000000 0.000000 8.930212 -12.384912 27.938819 -97.749508 -10.927248 -41.512602 179.035377 -135.324339 178.612725 41.368718 -9.159944 88.648540 -58.011481 10.341573 -22.589635 1.878542 5.975239 0.297111 -9.078832 -17.917746 7.856812 0.000002 0.000000 -0.000003 1.631039 -8.875588 18.778174 0.754789 1.647469 -7.663118 0.185128 0.412813 -2.113902 0.000001 -0.000002 -0.000000 0.013595 -3.786752 17.052652 0.007038 0.243069 0.912172 0.211781 2.493318 -14.876114 0.000001 0.000000 -0.000001 0.115774 -3.698282 12.395321 0.342337 -0.520194 4.178550 -0.179273 0.716180 -2.479771 -0.000000 -0.000001 -0.000000 -1.266434 -0.570643 21.024053 0.133026 -0.164063 1.243031 -1.040588 2.172939 -11.634011 -0.000000 -0.000000 -0.000001 2.850137 7.222467 -27.572453 -90.594379 -2.062132 23.765206 -4.603514 77.899154 4.706355 47.246491 -6.139844 -63.174195 -52.913721 -9.481533 25.821672 2.519283 -5.230973 -0.123530 -8.422518 11.978606 -11.086753 0.000000 -0.000005 0.000001 0.331829 5.494405 -7.371291 0.495257 -0.859927 4.613734 -0.346791 0.886273 -3.850431 -0.000000 0.000001 -0.000000 -0.315366 1.405740 -10.526869 0.011997 -0.322773 1.291818 0.037778 -0.508066 2.220369 0.000001 -0.000001 -0.000001 -0.209399 0.791445 -6.708467 0.012794 0.029230 -0.260228 -0.219630 -0.865823 4.975767 -0.000000 0.000000 0.000001 -2.149614 -0.918711 -9.838244 0.435217 0.508344 -3.686516 -1.519526 -2.799440 16.717274 -0.000001 -0.000001 0.000001 -25.686820 9.093007 29.371692 84.083501 9.318962 -2.168016 24.008509 0.842172 1.345858 28.600814 -0.000042 0.000012 -0.000000 -0.000002 -0.000001 13.648468 -7.734855 -14.172973 61.494427 -4.683007 -7.744127 60.122324 0.614898 8.519134 -2.431243 0.000004 -0.000001 -0.000001 -0.000002 -0.000000 
54.556274 83.675789 36.754078 16.539511 -21.839858 -174.606628 6.863265 -6.731723 -3.547727 -2.724915 -1.448958 -0.649614 -2.718498 -1.380410 -0.714570 -12.988108 -0.221809 -2.434231 -43.276116 -11.620528 -1.842422 -0.000001 0.000000 -0.000001 8.824216 -11.481574 28.418694 -96.731454 -9.751732 -41.308731 178.962691 -133.276020 178.561349 41.743261 -8.261702 87.975336 -57.870376 10.488961 -22.579352 1.878529 5.975503 0.297325 -9.079019 -17.917965 7.856793 -0.000001 0.000007 0.000000 1.557059 -8.719501 18.430451 0.741884 1.624465 -7.547608 0.154086 0.341358 -1.773016 -0.000001 -0.000001 0.000000 0.065917 -3.906521 16.805684 0.007041 0.243050 0.912224 0.211741 2.493094 -14.875116 0.000001 -0.000000 -0.000001 0.202328 -3.937612 12.111581 0.342285 -0.520104 4.177974 -0.179309 0.716273 -2.480217 -0.000000 -0.000001 0.000000 -1.071434 -0.974729 20.615357 0.133029 -0.164063 1.243039 -1.035307 2.155681 -11.557426 0.000000 -0.000001 0.000000 2.333958 6.674501 -27.442389 -88.119324 -1.831545 24.529926 -4.502450 77.636643 4.607640 44.970949 -7.157050 -65.658574 -52.911710 -9.483132 25.833015 2.519181 -5.226638 -0.122850 -8.422505 11.978548 -11.086813 0.000001 0.000001 0.000004 0.314919 5.507565 -7.439529 0.500008 -0.866907 4.655544 -0.328796 0.847725 -3.638795 0.000000 0.000001 -0.000000 -0.315845 1.403574 -10.527425 0.012002 -0.322851 1.292164 0.037778 -0.508065 2.220381 0.000001 0.000000 -0.000001 -0.209845 0.788958 -6.709320 0.012744 0.029076 -0.259346 -0.219627 -0.865825 4.975694 0.000002 0.000000 -0.000001 -2.152306 -0.924190 -9.840407 0.435120 0.508223 -3.685712 -1.519585 -2.799606 16.718157 -0.000000 -0.000000 0.000000 -28.799260 7.424539 32.420053 92.832318 11.461276 -2.135143 27.434855 1.462038 3.898435 27.630050 -0.000028 -0.000004 0.000001 0.000001 -0.000001 10.458317 -5.253881 -19.057256 71.985256 0.114364 -7.220352 54.140116 1.903438 8.170536 1.288291 -0.000001 -0.000006 0.000003 0.000002 -0.000000 
54.808468 83.799675 36.740723 15.763250 -19.307113 -174.909684 6.414537 -6.252733 -4.567334 -2.757342 -1.297503 -0.604746 -2.753206 -1.223279 -0.664493 -13.092546 -0.289184 -2.246339 -43.434081 -11.985966 -1.486639 0.000001 -0.000001 -0.000000 8.779285 -11.183506 29.194271 -95.190004 -9.302322 -39.905472 178.865401 -130.756431 178.489850 41.519801 -6.797678 86.857938 -57.708767 10.654650 -22.584089 1.878538 5.975753 0.297529 -9.079218 -17.918204 7.856813 -0.000002 0.000005 -0.000002 1.467344 -8.561359 17.729223 0.727953 1.599509 -7.422370 0.003447 -0.023216 -0.048047 -0.000002 -0.000002 -0.000001 0.075545 -3.904104 16.555291 0.007040 0.243035 0.912254 0.211696 2.492872 -14.874028 0.000001 -0.000000 -0.000003 0.220334 -3.965800 11.840564 0.342281 -0.520073 4.177915 -0.179341 0.716355 -2.480754 -0.000000 0.000000 0.000000 -1.014776 -1.031474 20.272116 0.133031 -0.164065 1.243048 -1.033778 2.150722 -11.535352 0.000000 0.000000 0.000001 1.707717 5.484446 -26.791601 -85.409064 -0.920757 25.147370 -4.221360 76.844307 4.333733 41.526567 -8.167215 -68.984057 -52.906686 -9.487578 25.863275 2.519028 -5.215237 -0.120694 -8.422502 11.978624 -11.086719 0.000002 -0.000004 0.000003 0.294155 5.540013 -7.621538 0.512273 -0.884856 4.763128 -0.281023 0.747166 -3.084887 -0.000000 0.000002 -0.000000 -0.317070 1.397954 -10.528596 0.012001 -0.322871 1.292344 0.037781 -0.508071 2.220363 0.000001 -0.000000 0.000001 -0.210965 0.782529 -6.710867 0.012725 0.029008 -0.258938 -0.219628 -0.865823 4.975728 -0.000001 0.000000 -0.000001 -2.159181 -0.938320 -9.846259 0.434833 0.507853 -3.683412 -1.519733 -2.800066 16.720549 0.000000 -0.000000 0.000000 -31.186890 5.178452 34.383234 100.256283 11.844670 -1.961493 33.115913 5.576267 5.872554 27.299303 -0.000026 -0.000012 -0.000004 -0.000007 -0.000002 7.673147 -2.312234 -22.922993 80.558557 0.970478 -6.566027 44.569641 0.660701 5.448448 5.726577 -0.000013 -0.000009 0.000002 0.000002 0.000000 
55.127144 84.057419 36.583858 14.935223 -17.933314 -175.014336 6.103534 -6.639337 -5.573043 -2.800007 -1.336157 -0.652431 -2.796159 -1.250470 -0.715289 -13.110550 -0.274890 -2.136973 -43.839149 -11.958575 -0.919834 -0.000000 0.000000 -0.000000 8.721632 -10.654296 30.097341 -94.456824 -9.024948 -38.567592 178.785830 -128.869851 178.429335 41.458903 -5.660173 85.699388 -57.527460 10.839233 -22.592280 1.878518 5.976063 0.297779 -9.079422 -17.918474 7.856815 -0.000000 0.000001 0.000005 1.390770 -8.448345 16.933779 0.714341 1.575005 -7.299558 -0.155254 -0.445352 1.923163 0.000001 -0.000002 -0.000000 0.043478 -3.777272 16.300834 0.007034 0.243048 0.912300 0.211657 2.492640 -14.872855 -0.000001 0.000001 0.000000 0.173264 -3.783597 11.580624 0.342307 -0.520139 4.178250 -0.179379 0.716494 -2.481395 -0.000001 -0.000000 0.000000 -1.086477 -0.747864 19.989797 0.133028 -0.164065 1.243030 -1.036166 2.158477 -11.569902 0.000000 -0.000000 0.000000 1.322356 5.196466 -25.484348 -83.661901 0.718675 24.840411 -3.894352 75.785730 4.016316 38.440124 -8.759979 -71.695458 -52.899095 -9.493551 25.907789 2.518768 -5.198941 -0.117628 -8.422638 11.978909 -11.086268 0.000001 -0.000003 0.000000 0.308104 5.580517 -7.883419 0.528931 -0.909140 4.908727 -0.211909 0.605959 -2.302448 0.000000 0.000001 -0.000000 -0.318701 1.390490 -10.530085 0.012004 -0.322891 1.292472 0.037779 -0.508070 2.220398 0.000001 0.000001 -0.000001 -0.212462 0.773939 -6.712833 0.012710 0.028957 -0.258632 -0.219635 -0.865862 4.975863 -0.000000 0.000001 0.000001 -2.166705 -0.957719 -9.853736 0.434464 0.507372 -3.680431 -1.519942 -2.800651 16.723686 0.000000 -0.000000 0.000001 -32.769144 2.366126 34.785590 106.419395 11.653884 -1.924613 38.928229 9.271035 7.973384 27.841666 -0.000030 0.000005 -0.000001 0.000001 0.000005 6.216927 -0.026489 -25.672869 85.695180 2.780833 -5.852950 49.311486 0.552955 4.250368 8.465325 -0.000010 -0.000011 -0.000001 -0.000001 -0.000000 
55.344837 84.382278 36.463188 14.264818 -16.848166 -175.291792 5.926385 -7.156019 -6.198981 -2.832459 -1.417150 -0.682214 -2.828757 -1.323182 -0.749518 -13.122253 -0.240515 -2.053293 -44.081566 -11.795496 -0.357002 0.000001 0.000000 -0.000000 8.642568 -9.922589 30.957621 -94.355976 -8.773465 -37.558107 178.736379 -127.769794 178.390881 41.604185 -4.937195 84.683131 -57.325259 11.042912 -22.603360 1.878483 5.976339 0.298008 -9.079660 -17.918738 7.856823 0.000001 0.000003 -0.000000 1.291113 -8.267447 16.071824 0.692028 1.534567 -7.097222 -0.300333 -0.875796 3.907413 0.000001 -0.000002 -0.000000 0.042543 -3.735888 15.998899 0.007038 0.243032 0.912306 0.211594 2.492408 -14.871595 0.000001 0.000001 0.000002 0.177109 -3.758740 11.257117 0.342369 -0.520279 4.178858 -0.179434 0.716674 -2.482105 0.000002 -0.000000 -0.000000 -1.061441 -0.735662 19.593547 0.133029 -0.164067 1.243035 -1.035662 2.156840 -11.562603 0.000000 -0.000000 0.000000 1.183651 5.216897 -24.804860 -82.933632 1.631339 24.807191 -3.575214 74.578726 3.708133 36.307291 -8.779154 -73.757410 -52.889184 -9.499109 25.962317 2.518513 -5.180031 -0.114107 -8.422896 11.979314 -11.085580 -0.000000 -0.000005 0.000001 0.324649 5.628551 -8.185866 0.547112 -0.935468 5.067062 -0.127513 0.439835 -1.374961 -0.000001 -0.000001 -0.000001 -0.320407 1.382681 -10.531681 0.012004 -0.322905 1.292581 0.037782 -0.508074 2.220409 0.000001 -0.000001 -0.000000 -0.214042 0.764887 -6.714952 0.012699 0.028902 -0.258389 -0.219644 -0.865900 4.976060 -0.000000 0.000001 -0.000000 -2.170737 -0.978845 -9.861616 0.434013 0.506806 -3.676810 -1.520187 -2.801379 16.727436 0.000001 -0.000001 0.000001 -32.969497 0.206163 34.362456 110.530219 11.441030 -2.224211 42.669807 8.953379 7.678512 27.005217 -0.000009 -0.000002 -0.000002 -0.000001 0.000001 5.394823 1.988618 -28.164107 88.732149 3.241099 -5.291952 53.885101 2.343460 7.870609 9.157221 -0.000017 -0.000004 -0.000002 0.000000 -0.000000 
55.468727 84.835022 36.404823 13.961416 -15.270930 -176.008757 5.955178 -7.181871 -6.096621 -2.823869 -1.438314 -0.603449 -2.821471 -1.347563 -0.671194 -13.145537 -0.225113 -1.959824 -43.688400 -11.614384 0.037038 -0.000000 0.000000 -0.000000 8.400833 -8.782250 31.285487 -95.080912 -8.578151 -37.461286 178.733770 -127.713418 178.388832 42.272328 -4.805271 83.900712 -57.100340 11.265616 -22.620376 1.878472 5.976687 0.298285 -9.079906 -17.919046 7.856796 -0.000000 0.000000 -0.000003 1.180392 -8.047440 15.145297 0.664608 1.484374 -6.846733 -0.433870 -1.323309 5.946686 0.000000 -0.000002 -0.000000 0.059224 -3.743650 15.655745 0.007035 0.243038 0.912351 0.211545 2.492122 -14.870287 0.000001 -0.000000 0.000002 0.208008 -3.821271 10.883106 0.342445 -0.520424 4.179641 -0.179490 0.716824 -2.482929 0.000001 0.000001 0.000001 -1.064671 -0.896438 19.124188 0.133034 -0.164068 1.243043 -1.033325 2.149247 -11.528796 -0.000000 -0.000000 0.000000 1.284100 5.403286 -25.299048 -83.482438 1.451849 25.731903 -3.243544 73.092798 3.390003 35.659277 -8.098797 -75.013324 -52.877030 -9.502362 26.021977 2.518227 -5.160769 -0.110476 -8.423245 11.979853 -11.084718 -0.000000 -0.000001 -0.000001 0.341655 5.677642 -8.489434 0.564459 -0.960478 5.217648 -0.038161 0.270842 -0.423327 0.000001 0.000002 -0.000000 -0.321952 1.375599 -10.533149 0.012004 -0.322952 1.292682 0.037780 -0.508070 2.220415 0.000001 0.000001 0.000000 -0.215489 0.756578 -6.716921 0.012687 0.028895 -0.258217 -0.219646 -0.865931 4.976296 0.000001 -0.000000 -0.000002 -2.167671 -0.998949 -9.868385 0.433542 0.506203 -3.672907 -1.520458 -2.802162 16.731532 -0.000000 -0.000001 -0.000002 -31.632935 -0.395736 34.481114 112.294792 11.164375 -2.545842 43.501823 6.802567 7.362423 27.415123 -0.000033 0.000016 0.000002 -0.000001 0.000002 4.768633 3.340749 -29.777272 90.197074 5.461645 -4.948044 55.069216 3.205692 9.551431 7.509950 -0.000000 -0.000020 0.000001 -0.000000 -0.000000 
55.572109 85.266228 36.329357 13.838219 -13.444332 -176.894974 6.068504 -6.988912 -5.692743 -2.794789 -1.430102 -0.476693 -2.794118 -1.347677 -0.542930 -13.165361 -0.218793 -1.860075 -42.996256 -11.421981 0.356285 0.000002 -0.000000 0.000000 8.215700 -7.682596 31.614227 -95.515688 -8.394205 -37.048981 178.735232 -127.744700 178.389965 42.568222 -4.654453 83.296377 -56.849556 11.506315 -22.648322 1.878447 5.977036 0.298571 -9.080162 -17.919360 7.856818 -0.000000 0.000004 0.000001 1.078311 -7.887928 13.941926 0.622970 1.407160 -6.462572 -0.587267 -1.927845 8.669364 -0.000001 -0.000001 -0.000000 0.015517 -3.562526 15.318501 0.007038 0.243012 0.912356 0.211487 2.491815 -14.868862 -0.000001 0.000000 -0.000002 0.141753 -3.551339 10.541294 0.342516 -0.520574 4.180463 -0.179545 0.717001 -2.483857 -0.000001 -0.000001 -0.000000 -1.352552 -0.528122 18.780204 0.133029 -0.164069 1.243036 -1.036992 2.161161 -11.581767 -0.000000 -0.000000 -0.000001 1.377757 5.473292 -25.954452 -85.131252 1.058523 27.691259 -2.898052 71.218376 3.061658 36.270500 -6.859138 -75.684308 -52.863205 -9.501813 26.080927 2.517985 -5.143412 -0.107147 -8.423618 11.980428 -11.083794 -0.000001 -0.000005 0.000000 0.357394 5.722450 -8.765809 0.579176 -0.981595 5.344894 0.047895 0.114268 0.466514 -0.000001 0.000001 -0.000001 -0.323209 1.369852 -10.534357 0.012000 -0.322943 1.292731 0.037783 -0.508058 2.220453 0.000001 0.000000 -0.000000 -0.216680 0.749753 -6.718607 0.012682 0.028872 -0.258125 -0.219660 -0.865963 4.976547 -0.000000 0.000000 0.000000 -2.155558 -1.015946 -9.872312 0.433155 0.505735 -3.669832 -1.520665 -2.802791 16.734746 0.000000 -0.000000 -0.000001 -29.107521 1.420214 34.703440 110.640616 11.013934 -2.684762 42.795667 4.351308 8.155917 25.376685 -0.000049 -0.000013 -0.000002 -0.000004 -0.000004 3.429254 3.634841 -30.394967 89.631295 4.636191 -5.266644 56.373765 2.626195 8.135029 30.502450 -0.000018 -0.000041 0.000001 -0.000001 0.000003 
55.689110 85.731163 36.279613 13.841937 -11.852695 -177.891594 6.247686 -6.852993 -5.114642 -2.775517 -1.433299 -0.336216 -2.776771 -1.360498 -0.401609 -13.242551 -0.210359 -1.771772 -42.349304 -11.234055 0.662275 0.000002 -0.000000 0.000000 8.202949 -6.417602 32.726681 -96.323241 -7.178740 -36.902634 178.745217 -127.962815 178.397793 43.115716 -4.775029 82.806802 -56.771043 11.986913 -22.871250 1.878461 5.977384 0.298877 -9.080430 -17.919684 7.856818 0.000002 0.000002 -0.000004 0.986557 -7.706915 13.016260 0.588681 1.342654 -6.142655 -0.661648 -2.274669 10.217441 0.000000 -0.000001 0.000000 -0.037058 -3.342634 14.955888 0.007034 0.243035 0.912383 0.211431 2.491519 -14.867377 0.000000 0.000001 -0.000001 0.074187 -3.260789 10.168594 0.342593 -0.520721 4.181226 -0.179624 0.717219 -2.484881 -0.000001 -0.000000 -0.000000 -1.527761 -0.129070 18.378842 0.133027 -0.164066 1.243043 -1.039748 2.170162 -11.621818 -0.000001 -0.000000 0.000001 1.669863 5.803768 -27.231404 -86.543367 0.175357 28.964093 -2.609799 69.318688 2.790906 36.549807 -5.708267 -76.450847 -52.848855 -9.496815 26.131829 2.517789 -5.130188 -0.104498 -8.424032 11.980950 -11.082917 -0.000000 -0.000002 0.000002 0.369738 5.757164 -8.979810 0.589849 -0.996793 5.436970 0.117717 -0.008724 1.170921 -0.000000 0.000002 -0.000000 -0.324090 1.365844 -10.535235 0.012006 -0.322944 1.292769 0.037779 -0.508095 2.220451 0.000001 0.000000 -0.000001 -0.217541 0.744889 -6.719858 0.012683 0.028867 -0.258115 -0.219665 -0.866018 4.976770 -0.000001 0.000000 0.000001 -2.135046 -1.028244 -9.872682 0.432944 0.505464 -3.668156 -1.520773 -2.803119 16.736482 -0.000001 -0.000001 0.000000 -25.505957 4.525742 34.202623 105.529927 11.131264 -2.222716 41.171807 4.922081 8.417958 24.810874 -0.000020 0.000005 -0.000001 0.000002 -0.000001 2.161089 2.261372 -30.824452 86.944989 4.958261 -5.772078 54.883613 2.014312 6.980322 39.999879 -0.000039 -0.000051 -0.000001 -0.000000 0.000002 
55.897785 86.272781 36.264812 13.891882 -10.891236 -178.867669 6.472564 -6.971798 -4.572183 -2.796030 -1.488695 -0.216282 -2.799320 -1.423000 -0.284094 -13.437997 -0.188609 -1.712626 -42.092161 -11.068293 1.014825 -0.000001 0.000001 -0.000000 8.031393 -6.239217 32.021283 -96.920644 -9.408442 -36.029613 178.840717 -130.155757 178.471258 43.044655 -5.207305 82.732845 -56.843826 12.686676 -23.238971 1.878424 5.977777 0.299190 -9.080732 -17.920069 7.856813 0.000001 -0.000001 -0.000000 0.903493 -7.414642 12.811650 0.602486 1.368746 -6.271822 -0.636104 -2.150291 9.663289 0.000000 0.000002 0.000000 -0.091917 -3.101698 14.563210 0.007041 0.243032 0.912398 0.211349 2.491144 -14.865499 0.000001 -0.000000 0.000002 0.029358 -3.034003 9.750817 0.342651 -0.520866 4.181808 -0.179697 0.717463 -2.486011 -0.000001 -0.000001 -0.000000 -1.331377 0.187401 17.832408 0.133028 -0.164066 1.243044 -1.037416 2.162541 -11.587929 0.000000 -0.000000 -0.000001 1.887367 5.655386 -28.560766 -87.403663 -0.138946 29.867314 -2.299292 66.816332 2.503555 35.939267 -4.715021 -77.797938 -52.836301 -9.488041 26.165804 2.517712 -5.123355 -0.102892 -8.424407 11.981409 -11.082152 0.000001 -0.000001 0.000005 0.376446 5.775895 -9.095177 0.595283 -1.004574 5.483731 0.156674 -0.075836 1.557571 -0.000000 0.000002 0.000000 -0.324477 1.364101 -10.535637 0.012010 -0.322935 1.292749 0.037779 -0.508082 2.220471 0.000000 -0.000000 0.000000 -0.217935 0.742681 -6.720521 0.012682 0.028880 -0.258173 -0.219671 -0.866044 4.976958 -0.000001 0.000000 0.000001 -2.109892 -1.034079 -9.870461 0.432824 0.505322 -3.667173 -1.520843 -2.803306 16.737515 0.000000 0.000000 -0.000001 -21.359028 7.707590 32.888341 97.799477 11.457857 -1.352041 38.898679 5.917199 7.208629 23.466421 -0.000024 0.000004 0.000002 0.000005 -0.000003 1.342345 -0.432617 -30.918876 82.581741 5.665226 -6.369813 52.490376 1.771742 6.729556 39.999985 -0.000035 -0.000042 -0.000001 0.000001 -0.000000 
56.376881 87.162712 36.247215 13.669527 -10.920918 -179.745130 6.884642 -7.538774 -3.961678 -2.898278 -1.638217 -0.108695 -2.904852 -1.576568 -0.184953 -13.898106 -0.147043 -1.673219 -42.606351 -10.920395 1.549498 0.000000 -0.000000 -0.000000 8.253487 -6.101470 34.311332 -95.831277 -9.389920 -32.838559 178.911191 -131.911990 178.523851 40.253279 -6.156552 82.860829 -57.171747 12.822513 -23.373877 1.878412 5.978159 0.299544 -9.081030 -17.920425 7.856822 0.000002 0.000000 -0.000002 0.847629 -7.401916 11.628827 0.519269 1.209292 -5.484455 -0.768494 -2.881295 12.905815 0.000000 -0.000002 -0.000000 0.014734 -3.481294 14.738585 0.007033 0.243022 0.912402 0.211280 2.490762 -14.863588 0.000000 -0.000000 -0.000001 0.150780 -3.522935 10.053987 0.342677 -0.520899 4.182110 -0.179779 0.717711 -2.487272 0.000000 -0.000000 0.000002 -1.309767 -0.531840 18.267360 0.133025 -0.164068 1.243048 -1.035649 2.156815 -11.562432 0.000000 0.000000 0.000001 2.021513 4.985259 -30.665207 -88.664940 -0.421271 30.392918 -2.004936 63.856880 2.236893 34.878119 -3.969141 -79.015679 -52.829037 -9.477600 26.172557 2.517773 -5.125179 -0.102760 -8.424738 11.981739 -11.081603 -0.000000 -0.000004 -0.000001 0.375242 5.772525 -9.074738 0.594121 -1.002923 5.473715 0.150135 -0.064638 1.492961 0.000000 -0.000000 -0.000002 -0.324405 1.364449 -10.535604 0.012005 -0.322938 1.292720 0.037783 -0.508106 2.220479 0.000000 0.000000 -0.000000 -0.217892 0.742983 -6.720578 0.012690 0.028897 -0.258290 -0.219676 -0.866065 4.977050 0.000001 0.000000 0.000000 -2.086782 -1.031525 -9.866122 0.432829 0.505309 -3.667252 -1.520844 -2.803281 16.737447 -0.000001 -0.000000 -0.000002 -16.764725 10.198678 30.578928 87.493548 11.715459 0.100826 34.835126 6.819808 5.251475 24.273702 -0.000020 -0.000001 -0.000003 -0.000001 -0.000001 1.078033 -4.452944 -30.441856 75.739093 5.664205 -7.018197 50.097781 2.352999 8.437207 -12.903451 0.000010 0.000021 0.000002 -0.000001 0.000000 
57.001705 88.223679 36.190289 13.334393 -11.300444 -180.574765 7.202507 -8.334652 -3.530985 -3.015136 -1.833329 -0.056257 -3.024031 -1.771798 -0.143548 -14.379242 -0.086021 -1.728323 -43.289602 -10.844179 1.909694 0.000001 -0.000000 -0.000000 8.594103 -6.023124 37.514309 -94.163023 -9.139304 -29.218883 178.996664 -134.214952 178.585582 36.823056 -7.581570 83.103082 -57.171754 12.822517 -23.373864 1.878393 5.978592 0.299886 -9.081343 -17.920820 7.856835 0.000002 0.000003 -0.000006 0.847626 -7.401901 11.628823 0.519271 1.209311 -5.484460 -0.768491 -2.881313 12.905841 0.000001 0.000000 0.000000 0.026742 -3.566620 15.081363 0.007032 0.243024 0.912399 0.211201 2.490372 -14.861732 0.000000 0.000000 -0.000001 0.169626 -3.656340 10.601544 0.342678 -0.520909 4.182121 -0.179871 0.717983 -2.488625 0.000001 0.000000 0.000000 -1.170451 -0.688968 19.027731 0.133033 -0.164066 1.243033 -1.035656 2.156802 -11.562435 -0.000000 -0.000000 0.000000 2.100674 4.276033 -32.681789 -90.472535 -0.839770 31.083463 -1.711441 60.122836 1.978786 34.219500 -2.684548 -80.173471 -52.831964 -9.469332 26.140488 2.518049 -5.137887 -0.104453 -8.424982 11.981874 -11.081371 -0.000004 -0.000002 0.000002 0.363945 5.740785 -8.880449 0.584402 -0.989032 5.389945 0.086042 0.046604 0.853331 -0.000000 -0.000001 -0.000001 -0.323445 1.368814 -10.534760 0.012005 -0.322916 1.292648 0.037783 -0.508091 2.220463 0.000001 -0.000000 0.000000 -0.217012 0.748057 -6.719595 0.012705 0.028948 -0.258468 -0.219678 -0.866068 4.977050 -0.000000 0.000000 0.000001 -2.075130 -1.018079 -9.860432 0.433019 0.505544 -3.668730 -1.520743 -2.802989 16.735883 -0.000000 -0.000001 0.000000 -11.773235 11.940159 27.977932 75.534871 11.694008 1.910800 30.379459 7.820544 4.067066 24.042300 -0.000023 -0.000008 0.000001 -0.000002 -0.000000 1.092655 -8.229973 -29.551281 68.550982 5.440229 -7.145712 46.659286 3.754751 10.148100 -26.579282 0.000017 0.000041 0.000000 -0.000002 0.000000 
57.689983 89.414955 36.081444 12.908801 -11.897676 -181.366111 7.139702 -9.204097 -3.495215 -3.095850 -2.028488 -0.080576 -3.104219 -1.962311 -0.178821 -14.680390 -0.009661 -1.889483 -43.651421 -10.827994 1.907077 -0.000001 0.000000 0.000000 9.087988 -5.936273 41.623835 -92.292644 -9.074498 -26.052285 179.120591 -137.923854 178.670427 33.350919 -9.661560 83.800131 -55.754588 14.191481 -23.451118 1.878371 5.979043 0.300279 -9.081749 -17.921255 7.856818 0.000002 0.000004 -0.000002 0.860809 -6.924211 15.511732 0.635441 1.430419 -6.578115 0.056672 0.109206 -0.671959 -0.000000 0.000000 0.000001 -0.216345 -2.886326 15.674495 0.007117 0.240258 0.925688 0.211110 2.489905 -14.859450 -0.000000 -0.000000 0.000000 -0.095739 -2.927161 11.769237 0.289480 -0.410347 3.612193 -0.179965 0.718278 -2.490125 0.000000 0.000000 -0.000000 -1.459185 0.010868 20.839848 0.018979 0.050147 0.196707 -1.032243 2.145744 -11.513159 0.000001 -0.000000 -0.000000 2.191121 3.712717 -34.428248 -92.547882 -1.480140 31.805240 -1.415938 55.261305 1.730298 34.079386 -0.572365 -81.537255 -52.851184 -9.468596 26.057315 2.518495 -5.163772 -0.108405 -8.425096 11.981760 -11.081550 -0.000000 -0.000001 0.000000 0.340798 5.675357 -8.473316 0.562849 -0.958185 5.203677 -0.041664 0.277331 -0.460002 0.000000 -0.000000 -0.000001 -0.321301 1.378682 -10.532848 0.011999 -0.322913 1.292556 0.037787 -0.508091 2.220434 0.000001 0.000000 0.000000 -0.215003 0.759727 -6.717214 0.012714 0.028947 -0.258736 -0.219675 -0.866028 4.976915 -0.000001 0.000000 -0.000001 -2.086245 -0.990693 -9.852768 0.433626 0.506329 -3.673645 -1.520404 -2.802012 16.730758 0.000001 -0.000000 0.000000 -6.784023 12.896008 24.675511 62.635095 11.576955 4.807890 22.915372 12.109122 3.270744 24.441589 -0.000028 0.000017 0.000001 0.000002 -0.000002 1.419878 -11.326956 -28.509385 61.354654 5.209270 -6.768709 41.032010 5.038217 13.081392 -36.200607 0.000007 0.000063 0.000002 -0.000001 -0.000000 
58.451149 90.708794 35.908451 12.420976 -12.536400 -182.064826 6.875204 -10.090420 -3.713441 -3.173930 -2.236167 -0.131892 -3.180628 -2.162979 -0.242157 -14.942039 0.075702 -2.082611 -43.952124 -10.812825 1.791686 -0.000001 0.000000 0.000001 9.759606 -5.763373 46.632724 -90.394152 -8.391535 -23.286516 179.253534 -142.444579 178.754179 30.097126 -12.359283 84.665686 -53.847996 16.109281 -23.588502 1.878358 5.979507 0.300676 -9.082106 -17.921696 7.856815 -0.000000 0.000000 -0.000006 0.477770 -5.638608 14.354916 0.412932 0.997389 -4.446884 -0.080019 -0.239737 0.966368 -0.000002 0.000000 0.000001 -0.328571 -2.636410 16.200329 0.007329 0.233422 0.958515 0.210980 2.489270 -14.856274 -0.000001 0.000001 -0.000001 -0.242486 -2.726567 13.228508 0.178128 -0.169355 2.379090 -0.180177 0.718910 -2.493219 0.000002 -0.000001 0.000001 -1.693488 -0.222310 23.331281 -0.218055 0.528572 -2.103790 -1.029960 2.138340 -11.480290 0.000000 0.000001 0.000000 1.644985 1.667692 -36.708411 -94.672275 -2.401296 34.092606 -1.116838 48.747033 1.496220 33.802975 2.311703 -83.943291 -52.893866 -9.482075 25.910249 2.519192 -5.205086 -0.114974 -8.425101 11.981351 -11.082209 -0.000002 -0.000007 0.000001 0.304055 5.569980 -7.801562 0.523690 -0.901504 4.862951 -0.233535 0.649592 -2.544918 -0.000001 -0.000000 -0.000001 -0.317455 1.396226 -10.529143 0.011998 -0.322886 1.292418 0.037783 -0.508076 2.220406 0.000001 0.000000 -0.000001 -0.211391 0.780401 -6.712338 0.012732 0.029031 -0.259035 -0.219660 -0.865987 4.976610 -0.000001 0.000001 0.000000 -2.132690 -0.945368 -9.844992 0.434602 0.507550 -3.681495 -1.519873 -2.800424 16.722588 -0.000001 -0.000001 0.000001 -2.830073 13.499074 22.246326 50.952013 11.493119 7.104383 15.002466 13.844491 5.013450 24.697481 -0.000033 0.000027 0.000000 -0.000001 -0.000000 1.194637 -12.598246 -26.900321 56.915154 4.697419 -6.033075 31.074717 5.008768 12.872604 19.032558 -0.000013 -0.000026 0.000000 0.000000 0.000001 
59.158043 92.007095 35.695103 11.896948 -13.211987 -182.786613 6.496506 -11.042957 -4.029809 -3.243050 -2.448489 -0.213937 -3.247236 -2.366496 -0.336354 -15.151786 0.167635 -2.323241 -44.183896 -10.833546 1.542566 0.000001 -0.000000 -0.000000 10.612044 -5.416524 52.532027 -88.879380 -6.941860 -21.106000 179.389687 -147.713810 178.830526 27.425720 -15.588739 85.613375 -52.779208 16.959674 -24.068122 1.878331 5.979997 0.301097 -9.082479 -17.922164 7.856818 0.000003 0.000004 0.000001 0.215408 -4.710969 15.304979 0.387431 0.945097 -4.192344 0.216412 0.483662 -2.452714 0.000001 -0.000001 0.000000 -0.563624 -2.046626 16.766152 0.007540 0.226678 0.990986 0.210762 2.488167 -14.850991 -0.000000 0.000001 -0.000002 -0.569453 -2.087427 14.737962 0.072003 0.073969 1.146507 -0.178486 0.713766 -2.467954 -0.000001 -0.000001 0.000001 -2.272923 0.233353 25.901787 -0.435710 1.016105 -4.402561 -1.015598 2.092178 -11.274733 0.000002 0.000001 0.000000 1.597891 0.463545 -38.727811 -96.376148 -3.079472 34.989379 -0.890890 42.376532 1.336614 32.937361 5.165395 -85.574265 -52.801396 -9.637895 25.736476 2.520169 -5.264056 -0.124544 -8.424879 11.980568 -11.083481 0.000000 -0.000005 -0.000000 0.337169 5.683876 -8.304516 0.523988 -0.901951 4.865569 -0.231886 0.646256 -2.526308 0.000000 0.000001 -0.000000 -0.319393 1.520444 -11.047811 0.012003 -0.322853 1.292227 0.037779 -0.508076 2.220368 0.000000 0.000000 0.000000 -0.218926 0.900664 -7.196910 0.012742 0.029082 -0.259427 -0.219640 -0.865899 4.976128 -0.000001 0.000000 0.000000 -2.169516 -0.812914 -10.223914 0.435981 0.509303 -3.692667 -1.519104 -2.798210 16.710865 -0.000001 -0.000000 -0.000001 -0.099563 13.972347 20.705758 40.936623 11.319246 8.518904 7.422537 12.159510 7.639444 24.666753 -0.000024 -0.000005 -0.000000 0.000005 -0.000000 1.199986 -13.256518 -25.331905 52.672626 4.631565 -5.465142 26.988975 6.203384 13.480241 39.999903 -0.000024 -0.000052 0.000001 -0.000001 0.000001 
59.860146 93.354202 35.452263 11.304903 -13.991543 -183.501474 6.072393 -12.001569 -4.426007 -3.296883 -2.657577 -0.330442 -3.297935 -2.565553 -0.464194 -15.297300 0.263708 -2.626927 -44.340461 -10.924976 1.138476 0.000002 -0.000000 -0.000001 11.911957 -4.618910 61.107872 -87.802751 -2.495082 -19.263036 179.517261 -153.268011 178.891684 25.041306 -19.464139 86.771386 -51.861637 17.697725 -24.466361 1.878297 5.980884 0.301854 -9.083201 -17.923048 7.856831 0.000002 -0.000004 -0.000003 0.286479 -4.979289 15.807030 0.363676 0.895842 -3.953141 0.495657 1.071221 -5.300941 0.000000 -0.000001 -0.000001 -0.546719 -2.172746 17.103564 0.007635 0.223521 1.006218 0.210400 2.486347 -14.841984 0.000000 0.000000 -0.000002 -0.644490 -2.085872 15.635772 0.025772 0.184673 0.589644 -0.174710 0.702458 -2.412242 0.000000 -0.000000 -0.000001 -2.764119 0.690038 27.507115 -0.528161 1.240513 -5.446943 -0.986612 2.000697 -10.866784 0.000001 0.000000 -0.000001 1.602830 -0.448459 -39.907381 -98.260802 -3.305057 35.572260 -0.713132 36.255064 1.225685 32.297820 7.952168 -85.632472 -52.306354 -9.929564 25.987258 2.519675 -5.231814 -0.118476 -8.424410 11.979383 -11.085420 -0.000000 -0.000001 -0.000001 0.620833 6.434459 -12.590375 0.660186 -1.095963 6.038408 0.828867 -1.096209 7.654327 -0.000000 0.000000 -0.000001 -0.340805 1.748615 -12.398916 0.011992 -0.322772 1.291834 0.037778 -0.508063 2.220249 0.000001 -0.000001 -0.000002 -0.254638 1.100194 -8.464494 0.012791 0.029225 -0.260226 -0.219598 -0.865695 4.974891 -0.000000 0.000000 -0.000000 -1.946730 -0.701862 -11.215148 0.435218 0.508326 -3.686526 -1.519521 -2.799444 16.717284 -0.000002 -0.000000 0.000000 1.343464 14.332730 19.993890 32.676639 10.953194 9.183633 1.157700 9.540961 9.411039 24.391017 -0.000031 0.000010 0.000003 -0.000000 0.000002 1.323341 -13.646225 -23.948241 48.657749 4.655682 -5.013715 26.899746 8.033175 14.908151 39.999941 -0.000028 -0.000053 0.000003 0.000000 -0.000000 
60.564583 94.745117 35.178467 10.573842 -14.994688 -184.191501 5.681369 -12.927718 -4.850254 -3.329093 -2.855541 -0.485149 -3.326542 -2.752827 -0.628476 -15.366196 0.361490 -3.009209 -44.418469 -11.121857 0.557629 0.000001 -0.000000 -0.000001 12.240252 -5.333745 60.337160 -87.721779 -2.914150 -18.551523 179.421843 -149.056502 178.846932 21.391879 -17.159143 78.217434 -50.030419 24.262642 -25.628005 2.483755 3.652530 2.959277 -9.834657 -16.111209 8.504108 0.000001 -0.000001 0.000003 0.551790 -5.869380 16.077087 0.389855 0.950075 -4.216585 0.567155 1.210422 -5.986496 -0.000001 -0.000000 0.000002 -0.305889 -3.012693 17.877892 0.003080 0.417079 0.075213 0.238601 2.624233 -15.518997 -0.000000 0.000000 -0.000000 -0.426179 -2.723269 15.911667 -0.055852 0.387883 -0.426623 -0.222622 0.849132 -3.132707 -0.000002 0.000000 -0.000000 -3.079822 1.923953 26.068151 -0.498627 1.167545 -5.108337 -1.097056 2.362340 -12.474156 -0.000001 -0.000001 -0.000001 1.753878 -1.120534 -40.085065 -100.429121 -2.684385 35.576348 -0.568385 30.448669 1.147792 31.851293 10.498183 -84.478662 -51.875847 -10.504419 25.710260 2.521235 -5.327505 -0.134329 -8.423724 11.977684 -11.088167 0.000002 -0.000001 -0.000001 0.745215 6.659612 -14.735361 0.678055 -1.120801 6.189874 0.980750 -1.297341 8.912960 0.000000 0.000002 -0.000001 -0.372760 1.884580 -13.589011 0.007087 -0.239155 0.805116 0.011369 -0.150828 0.138341 0.000000 0.000000 -0.000000 -0.301900 1.265323 -9.864901 0.015563 0.038078 -0.312995 -0.161353 -0.608580 3.474571 -0.000001 0.000001 -0.000002 -1.704975 -0.788787 -11.888409 0.439125 0.513264 -3.717993 -1.375703 -2.401962 14.626171 -0.000000 -0.000001 0.000000 1.197154 14.548511 20.098441 26.475787 10.256490 9.213072 -2.859894 8.756577 9.558396 23.903415 -0.000030 0.000012 0.000000 -0.000002 -0.000005 1.221892 -13.637941 -23.035096 45.764224 4.958059 -4.727476 32.835328 10.602446 17.778844 39.999954 -0.000038 -0.000044 -0.000000 -0.000001 -0.000000 
61.311863 96.123779 34.860039 9.624487 -16.246360 -184.757082 5.387468 -13.744788 -5.330568 -3.333238 -3.034491 -0.681792 -3.326755 -2.921009 -0.831972 -15.346286 0.458561 -3.485634 -44.419124 -11.458720 -0.222585 0.000002 0.000000 -0.000001 12.037851 -6.777737 55.713016 -88.560178 -6.796372 -19.043990 179.292384 -143.880407 178.777019 19.682119 -12.386808 68.057036 -54.312076 31.378422 -27.873920 3.883340 -1.659025 9.663633 -11.695292 -11.804756 10.283512 0.000002 -0.000000 -0.000001 0.926089 -7.133833 15.611675 0.461900 1.096175 -4.929247 0.752633 1.553612 -7.696507 -0.000001 -0.000001 -0.000000 0.261262 -4.600905 18.203065 0.005782 0.914345 -2.316001 0.319222 2.979738 -17.273262 0.000000 0.000000 0.000001 0.281432 -4.495565 15.272341 -0.248934 0.916335 -3.036641 -0.343256 1.249849 -5.086262 -0.000001 -0.000000 -0.000000 -2.902125 3.305282 22.216572 -0.437358 1.019977 -4.420710 -1.362100 3.439275 -17.188634 -0.000001 0.000001 -0.000003 1.961482 -1.643295 -40.078874 -102.495888 -2.537030 34.797136 -0.472002 26.154671 1.103387 31.648071 12.417076 -82.306757 -51.672973 -11.265158 24.848566 2.524897 -5.568038 -0.174935 -8.422839 11.973892 -11.094152 -0.000001 0.000000 0.000002 0.777452 6.594424 -16.709429 0.639012 -1.066354 5.858295 1.092599 -1.439776 9.817687 -0.000000 0.000001 0.000001 -0.427155 1.770366 -13.998199 -0.002110 -0.028563 -0.419348 0.000520 0.691524 -4.758913 0.000001 -0.000000 0.000000 -0.364501 1.276422 -10.939140 0.022059 0.058725 -0.436148 0.006951 0.005554 -0.150900 0.000000 -0.000000 -0.000000 -1.394794 -1.234924 -11.689964 0.448150 0.524614 -3.790683 -0.969988 -1.466863 9.579633 -0.000000 -0.000001 0.000000 0.229923 14.861848 20.415690 21.031187 8.638940 8.888684 -4.662523 9.579809 8.534184 23.306694 -0.000029 -0.000007 -0.000001 0.000001 0.000001 -0.704978 -12.811467 -23.062525 47.747237 4.924279 -4.090513 34.801784 10.912402 18.953126 39.999978 -0.000036 -0.000056 0.000001 -0.000001 0.000002 
61.988243 97.295876 34.429672 8.484878 -18.477653 -185.247557 5.293176 -14.389310 -5.935342 -3.254482 -3.167910 -1.015164 -3.242003 -3.041886 -1.165196 -15.049898 0.559688 -4.250094 -44.177387 -12.191916 -1.646877 0.000002 0.000000 -0.000000 11.300236 -8.665491 48.845292 -90.660359 -13.636332 -21.348086 179.201938 -140.620194 178.722664 20.920984 -7.965069 58.827463 -60.134884 40.406931 -29.647836 5.414533 -7.557089 18.385262 -14.094705 -6.693425 12.892899 0.000005 0.000007 0.000000 2.358808 -7.452663 11.675357 0.570818 1.308692 -5.974606 1.005895 1.986183 -9.895579 -0.000000 0.000001 -0.000001 0.794592 -5.998376 15.098452 0.042710 1.588844 -5.565466 0.445417 3.455694 -19.644713 0.000001 -0.000000 0.000001 1.004978 -6.506667 10.802865 -0.472478 1.647660 -6.582539 -0.485038 1.799835 -7.737023 0.000001 0.000001 -0.000002 -1.765371 6.030646 12.291514 -0.387592 0.903680 -3.876217 -1.575998 4.899066 -23.463926 -0.000001 -0.000001 -0.000000 1.997073 -2.100989 -40.078607 -103.541529 -4.325653 32.720202 -0.447463 25.007510 1.093152 32.028669 13.341148 -79.164474 -51.683751 -12.021711 23.707877 2.529457 -5.883710 -0.228417 -8.421653 11.965415 -11.104953 0.000000 -0.000006 0.000005 0.740335 6.384922 -18.525869 0.580022 -0.982796 5.352171 1.268805 -1.655104 11.208386 -0.000000 -0.000000 0.000001 -0.511063 1.934454 -16.103609 -0.000596 -0.071495 -0.169959 -0.002874 0.538056 -3.866776 -0.000000 0.000000 0.000001 -0.446519 1.391259 -12.663117 -0.046516 -0.167543 0.909239 0.184658 0.530075 -3.305461 0.000001 0.000001 0.000001 -1.332492 -1.029262 -14.802140 0.128964 0.103836 -1.144623 -1.022467 -1.576029 10.179366 -0.000000 0.000000 -0.000001 -2.541831 14.986154 21.297973 17.306113 6.500466 8.109209 -4.532292 12.540331 6.873948 22.590344 -0.000012 -0.000006 0.000000 -0.000002 0.000000 -3.047937 -12.034535 -23.333270 51.860653 4.254153 -3.294048 35.171308 10.028023 19.389447 39.999989 -0.000037 -0.000045 0.000000 0.000000 -0.000000 
62.539349 98.214363 33.956871 7.165634 -21.606508 -185.846866 5.373717 -14.474545 -6.182232 -3.142593 -3.193661 -1.433581 -3.125720 -3.058286 -1.574821 -14.503990 0.633499 -5.285684 -43.847147 -13.413761 -3.447537 0.000001 0.000000 -0.000000 10.147854 -10.632158 41.345976 -94.111305 -22.037163 -25.627833 179.191488 -140.260858 178.716134 24.148974 -6.192814 51.502987 -66.568451 48.849441 -29.863732 6.413645 -12.240224 26.669090 -16.421137 -2.317779 15.690449 0.000003 0.000004 0.000002 4.122793 -6.396299 3.777224 0.707336 1.562335 -7.236202 1.271005 2.401723 -12.060417 -0.000001 -0.000001 0.000002 0.825391 -6.642591 8.521747 0.125352 2.312586 -9.071605 0.602620 3.959835 -22.190347 0.000001 -0.000000 0.000001 0.996835 -8.045416 2.689860 -0.662553 2.450889 -10.408408 -0.608034 2.392677 -10.562361 -0.000001 -0.000001 0.000001 1.273563 7.595539 -6.488767 -0.395988 0.923091 -3.967332 -1.627121 6.441249 -30.038984 0.000001 0.000000 0.000000 1.840225 -2.568837 -40.086718 -104.449999 -7.078044 29.585774 -0.467454 25.943621 1.101448 33.806414 13.494595 -75.971737 -51.963369 -12.514624 22.540410 2.533749 -6.204957 -0.282838 -8.420110 11.950592 -11.121357 0.000001 0.000004 0.000001 0.501243 5.710564 -17.414735 0.459938 -0.807680 4.301936 0.326556 -0.356962 3.194499 -0.000000 0.000001 -0.000001 -0.567302 1.837614 -16.492854 0.010373 -0.296414 1.138357 0.111945 1.903651 -11.840192 0.000001 -0.000000 -0.000000 -0.469917 1.125965 -11.981630 0.035232 0.100119 -0.683345 0.541631 1.374718 -8.534377 0.000001 0.000000 -0.000000 -1.390453 -1.133231 -15.020892 -0.050135 -0.151153 0.415477 -0.529586 -0.648061 4.972369 -0.000000 -0.000001 0.000000 -5.921034 15.079582 22.300378 13.649412 3.638524 7.266916 -3.123084 16.246184 4.881476 21.925414 -0.000013 -0.000003 0.000000 -0.000000 -0.000001 -5.507618 -11.510564 -23.743198 57.876933 2.940159 -2.316203 32.786561 7.474367 18.636670 39.999941 -0.000034 -0.000044 -0.000001 -0.000001 0.000000 
63.092922 99.039978 33.569344 5.994248 -25.058352 -186.680832 5.660703 -14.102623 -6.042960 -3.024438 -3.126298 -1.890797 -3.008067 -2.982635 -2.019427 -14.077530 0.619091 -6.149297 -43.176033 -15.240741 -5.838973 0.000000 -0.000000 -0.000001 8.933228 -12.298912 34.871681 -98.029607 -29.696146 -30.883551 179.214178 -141.045087 178.730273 27.381091 -7.463401 45.617054 -71.731350 54.267882 -28.814543 6.393056 -14.520238 31.787543 -17.940964 0.024528 17.633467 0.000002 0.000005 -0.000002 5.361389 -6.117976 -0.654500 0.860797 1.832430 -8.597419 1.476866 2.702083 -13.661138 0.000000 -0.000000 0.000002 0.498911 -6.343336 2.325851 0.237633 2.959033 -12.231974 0.762630 4.405520 -24.475295 0.000000 -0.000000 0.000000 0.272521 -7.994150 -5.854377 -0.787745 3.184934 -13.859762 -0.694364 2.936123 -13.130004 -0.000000 0.000000 -0.000000 0.921293 2.330616 -24.790614 -0.505452 1.184336 -5.186280 -1.547386 7.605114 -35.022177 -0.000001 -0.000001 0.000001 1.587264 -3.032330 -40.100925 -105.916187 -9.514132 26.041715 -0.481967 26.613660 1.107656 36.672163 13.749651 -73.165751 -52.273524 -12.785267 21.583259 2.537003 -6.462123 -0.326315 -8.416532 11.927738 -11.144575 -0.000003 0.000001 -0.000001 0.274791 4.972963 -14.902568 0.203383 -0.408738 1.956857 -0.392935 0.986840 -4.400862 -0.000001 -0.000001 -0.000001 -0.543937 1.293661 -13.825257 -0.007387 0.256502 -2.075677 0.398139 3.182013 -19.471577 0.000001 0.000001 -0.000000 -0.503954 1.348209 -13.332919 0.036201 0.103130 -0.701456 0.708768 1.708546 -10.664585 0.000000 -0.000000 -0.000000 -1.250479 -1.441925 -13.128590 -0.005654 -0.086437 0.022346 0.214748 0.460168 -1.655911 0.000001 -0.000001 0.000000 -8.438735 15.639303 23.178759 8.366708 0.491894 6.502792 -0.564867 19.489822 2.807730 21.396876 -0.000019 0.000008 0.000001 -0.000000 -0.000000 -6.981200 -10.990422 -24.036677 63.548264 0.633425 -1.728129 30.427089 5.409655 17.761721 11.679454 -0.000008 -0.000016 -0.000000 0.000001 0.000001 
63.656662 99.812843 33.277809 4.949430 -28.567818 -187.701535 5.994113 -13.637689 -5.694205 -2.901328 -3.044619 -2.363527 -2.888573 -2.891012 -2.481438 -13.712997 0.544110 -6.794108 -42.698542 -17.209539 -8.221781 0.000001 -0.000001 0.000000 7.844035 -13.530698 29.411645 -100.649230 -35.681072 -36.462033 179.162392 -139.282420 178.697652 29.080671 -12.035678 39.440545 -74.672184 56.802039 -27.709294 5.448074 -14.723875 33.648022 -18.192412 0.512005 18.559880 0.000002 0.000003 0.000000 5.788905 -6.482819 -2.165852 1.037905 2.126705 -10.103489 1.617424 2.897229 -14.719022 -0.000001 0.000000 -0.000000 0.422332 -6.622137 0.614675 0.371511 3.544035 -15.125379 0.923332 4.804382 -26.552237 0.000001 0.000001 0.000000 0.017844 -8.506324 -8.247581 -0.863474 3.863229 -17.024031 -0.752616 3.443601 -15.514078 -0.000001 -0.000001 0.000002 0.573343 1.775533 -28.414929 -0.707257 1.712429 -7.618344 -1.425682 8.442190 -38.644053 -0.000000 -0.000000 0.000001 1.242128 -3.471328 -40.063711 -108.142829 -10.768757 22.614239 -0.453688 25.300218 1.095697 40.379498 14.825445 -71.838810 -52.567188 -12.868518 20.800861 2.539399 -6.662718 -0.360101 -8.410724 11.895590 -11.174966 0.000003 -0.000001 0.000001 0.319129 4.510887 -13.107687 -0.131320 0.173071 -1.358596 -0.567991 1.393913 -6.604733 -0.000001 0.000001 -0.000000 -0.527072 1.336944 -13.745509 -0.004185 0.551145 -3.787364 0.398544 3.183346 -19.479735 0.000001 0.000001 -0.000002 -0.490597 1.607244 -14.225343 0.032301 0.090937 -0.628620 0.724710 1.738855 -10.859830 -0.000001 -0.000000 0.000000 -1.008037 -1.766366 -10.396059 0.261680 0.283726 -2.264227 0.648587 0.997446 -5.089218 -0.000000 -0.000001 0.000000 -10.691517 16.069345 24.118846 2.882847 -2.139459 5.965652 1.971743 20.471091 1.019062 21.226182 -0.000031 0.000005 0.000000 0.000001 0.000002 -7.428798 -10.216256 -23.895463 68.801349 -1.615548 -1.745735 29.023034 3.130646 17.026523 -6.568302 0.000008 0.000011 -0.000000 -0.000001 -0.000000 
64.370857 100.384682 33.220127 4.255576 -31.942319 -188.640713 6.202094 -13.374861 -5.384567 -2.773499 -3.013172 -2.844172 -2.769059 -2.843516 -2.960837 -13.408209 0.374715 -6.954604 -42.785056 -19.020035 -9.868610 0.000002 0.000000 -0.000000 6.754843 -14.527322 24.267862 -102.287984 -40.913035 -41.897798 179.016594 -134.780888 178.599639 29.056315 -18.270413 32.588226 -75.129171 57.002361 -27.572931 2.622281 -13.286723 33.710429 -18.238888 0.137853 18.980674 0.000000 0.000003 -0.000000 6.026688 -6.569263 -4.309820 1.251291 2.459447 -11.838306 1.740337 3.061854 -15.623117 0.000001 0.000001 0.000001 0.237070 -6.366877 -2.024847 0.545472 4.155349 -18.193066 1.108684 5.218713 -28.746671 0.000002 -0.000001 -0.000001 -0.375611 -8.405288 -11.580034 -0.902719 4.585670 -20.380531 -0.791441 3.987175 -18.058566 -0.000001 -0.000002 -0.000003 0.227122 1.441409 -32.009753 -0.943452 2.436572 -10.893513 -1.262445 9.220428 -42.056941 -0.000000 0.000001 0.000000 0.680546 -3.751942 -38.930750 -109.281415 -11.281405 21.929180 -0.478513 26.455064 1.106183 42.587985 13.522957 -70.164341 -52.217199 -13.581257 20.055956 2.541640 -6.859345 -0.393242 -8.402879 11.855503 -11.211206 -0.000003 0.000001 -0.000003 0.415889 4.661074 -14.220637 -0.106556 0.127220 -1.101386 -0.534238 1.311977 -6.164115 -0.000001 -0.000000 -0.000000 -0.511245 1.611909 -14.640958 -0.004977 0.518486 -3.597750 0.357364 3.039969 -18.610433 0.000000 -0.000000 0.000000 -0.452791 1.879180 -14.897628 0.025793 0.070509 -0.506551 0.658160 1.610695 -10.035842 -0.000001 0.000000 0.000000 -1.135146 -1.477757 -10.077416 0.423711 0.493787 -3.593625 0.542037 0.871503 -4.268696 0.000001 -0.000000 0.000001 -14.437198 14.884169 25.700533 1.707516 -3.356701 5.925349 1.453120 14.643601 0.496757 21.855593 -0.000040 -0.000005 0.000000 0.000000 0.000001 -6.624977 -9.886699 -23.440834 72.946612 -3.800741 -2.019238 28.321164 0.672237 15.971825 -20.354273 0.000001 0.000027 0.000001 -0.000002 -0.000000 
65.034058 100.569084 33.206646 3.842935 -34.311968 -189.312299 6.125626 -13.402539 -5.250939 -2.645257 -3.052500 -3.309971 -2.644298 -2.866747 -3.429632 -13.508868 0.233270 -6.896366 -42.971432 -20.255491 -10.843151 -0.000000 0.000001 -0.000000 5.899067 -15.189043 20.225677 -101.322414 -45.267246 -45.509974 178.688431 -126.752875 178.353041 26.520665 -24.558025 24.805884 -75.214303 57.004909 -27.409944 0.103133 -11.450715 33.072790 -18.127706 -0.924347 18.974942 0.000003 0.000001 -0.000000 6.123495 -6.428002 -6.949624 1.496848 2.816826 -13.742984 1.847095 3.200510 -16.393629 -0.000001 -0.000007 -0.000002 0.012412 -5.670898 -5.385292 0.760116 4.777674 -21.374561 1.316843 5.638932 -31.016336 -0.000001 0.000001 0.000000 -0.823249 -7.788867 -15.630266 -0.898526 5.335467 -23.862519 -0.806117 4.554411 -20.709598 0.000001 0.000001 0.000000 -0.100641 1.291643 -35.544240 -1.171754 3.321231 -14.821130 -1.066403 9.940761 -45.268581 0.000001 0.000000 0.000000 0.036820 -3.992286 -37.341136 -109.898277 -11.545817 22.464801 -0.527168 28.653822 1.128005 44.354490 11.267673 -68.342415 -52.255879 -13.766416 19.329420 2.543696 -7.049896 -0.425333 -8.393467 11.809757 -11.251407 -0.000002 0.000001 0.000000 0.529341 4.855635 -15.223098 -0.056223 0.035558 -0.585090 -0.494192 1.217017 -5.651580 -0.000001 0.000001 -0.000001 -0.477922 1.917219 -15.502880 -0.006560 0.430281 -3.085155 0.261832 2.669648 -16.383274 0.000000 0.000000 -0.000001 -0.396620 2.152403 -15.369725 0.017424 0.044009 -0.348392 0.533646 1.357981 -8.428464 -0.000000 0.000001 0.000000 -1.348791 -0.893011 -10.891633 0.403585 0.468268 -3.430566 0.263624 0.524098 -2.055713 -0.000000 -0.000000 0.000000 -18.065282 13.569101 27.259292 1.717859 -3.445208 6.194916 -0.356129 9.522880 -1.805341 22.519004 -0.000023 0.000001 0.000001 -0.000001 -0.000000 -5.176685 -9.275365 -23.183995 75.838411 -5.608836 -2.501074 28.501712 -1.885443 14.510411 -30.120601 0.000002 0.000051 -0.000000 -0.000002 -0.000003 
65.755356 100.527229 33.279922 3.450280 -36.152871 -190.151223 6.066317 -12.761497 -5.113658 -2.435734 -2.921109 -3.737151 -2.437446 -2.719538 -3.855256 -13.572576 0.107246 -6.942042 -44.704186 -20.651825 -12.563178 0.000000 -0.000000 0.000001 5.318831 -15.633111 17.680952 -97.332033 -47.800044 -44.426088 177.881226 -114.889000 177.659873 24.526019 -27.721158 17.381484 -75.466398 57.011671 -26.927664 -1.895721 -9.288043 32.082754 -17.902648 -2.509009 18.645628 0.000003 0.000001 0.000000 6.132444 -6.106622 -9.944346 1.769282 3.185465 -15.758488 1.939570 3.317589 -17.050824 -0.000000 -0.000004 -0.000001 -0.173151 -4.633478 -9.260365 1.013290 5.396167 -24.609175 1.544760 6.055952 -33.318844 0.000001 -0.000003 -0.000002 -1.229409 -6.765658 -20.178341 -0.847360 6.095214 -27.403409 -0.793977 5.132537 -23.413315 -0.000000 -0.000000 -0.000002 -0.399804 1.289212 -38.988393 -1.354634 4.325999 -19.212274 -0.845356 10.604860 -48.286500 -0.000002 -0.000000 0.000000 -0.596307 -4.259192 -35.828348 -110.446748 -11.915099 23.193207 -0.578006 30.858101 1.152559 46.198440 9.130047 -66.815465 -53.125973 -12.868195 18.603308 2.545556 -7.232290 -0.455994 -8.383057 11.760511 -11.293739 0.000001 -0.000001 0.000002 0.649704 5.078290 -16.100632 0.013138 -0.087662 0.113144 -0.450163 1.115255 -5.100135 0.000001 -0.000000 -0.000000 -0.429990 2.234323 -16.305610 -0.007453 0.311458 -2.394944 0.156475 2.167599 -13.397447 -0.000000 0.000000 -0.000000 -0.328779 2.415820 -15.661320 0.007941 0.013659 -0.167468 0.377883 1.013687 -6.273581 0.000001 0.000000 0.000001 -1.602702 -0.245480 -11.753220 0.382187 0.440920 -3.256657 -0.088908 0.040968 0.914609 -0.000000 -0.000000 -0.000001 -23.106388 11.623142 29.412594 3.952420 -2.595262 6.387096 -2.834508 8.667412 -3.751443 22.962246 -0.000045 -0.000010 -0.000000 -0.000001 0.000001 -3.372329 -8.738451 -22.796528 77.929043 -7.166935 -3.119339 29.062414 -4.483235 12.827777 -36.309528 0.000000 0.000061 0.000003 -0.000002 -0.000006 
66.495346 100.323570 33.399960 2.973627 -37.739701 -191.135071 5.927427 -11.953033 -4.963106 -2.208678 -2.752043 -4.147155 -2.213272 -2.534132 -4.263252 -13.625702 -0.018008 -6.968036 -46.842861 -20.757840 -14.390268 0.000001 -0.000001 0.000001 4.930283 -15.932905 16.019843 -92.853451 -49.914145 -42.236722 176.319079 -104.983682 176.189033 23.119934 -29.844696 11.910497 -75.831765 57.019396 -26.228690 -3.572701 -6.866863 30.984549 -17.616036 -4.454611 18.099072 0.000001 0.000001 0.000001 6.103130 -5.654538 -13.151715 2.061721 3.552873 -17.825544 2.020020 3.417216 -17.614974 -0.000001 0.000001 0.000001 -0.253221 -3.363943 -13.448911 1.300089 5.996833 -27.835714 1.788081 6.461147 -35.611537 -0.000001 0.000000 0.000001 -1.513446 -5.458941 -25.012100 -0.749494 6.847381 -30.936181 -0.754501 5.708623 -26.115742 0.000003 0.000000 -0.000001 -0.667029 1.397866 -42.312776 -1.463955 5.405000 -23.879393 -0.606108 11.214850 -51.117966 -0.000004 -0.000000 -0.000001 -1.193451 -4.556810 -34.643744 -111.007882 -12.590083 23.958381 -0.622937 32.727227 1.175656 47.986532 7.396638 -65.964983 -54.200932 -11.582990 17.935710 2.547231 -7.404367 -0.485101 -8.372113 11.710045 -11.336339 0.000002 0.000001 -0.000001 0.767543 5.313039 -16.838699 0.094739 -0.228276 0.916122 -0.404676 1.012831 -4.542800 -0.000000 0.000001 -0.000000 -0.371788 2.545258 -17.023278 -0.006713 0.175118 -1.602846 0.068166 1.586728 -9.979500 0.000001 -0.000000 -0.000000 -0.256160 2.658682 -15.791983 -0.001931 -0.018299 0.022865 0.215541 0.612478 -3.806792 -0.000001 0.000000 0.000001 -1.874377 0.423836 -12.609893 0.360776 0.413392 -3.081931 -0.461577 -0.534418 4.315832 -0.000000 -0.000001 -0.000001 -27.853460 10.075501 31.439835 4.271417 -1.331941 6.515328 -3.651815 11.165304 -3.626555 19.574349 -0.000041 -0.000003 -0.000000 -0.000000 0.000000 -1.298730 -8.313788 -22.343514 79.359176 -8.505375 -3.811162 29.787230 -6.980412 11.262347 -39.363162 0.000005 0.000070 -0.000001 0.000000 0.000001 
67.203415 99.867378 33.612892 2.250876 -39.096853 -192.357060 5.537742 -11.315976 -4.782722 -2.015967 -2.640396 -4.544500 -2.024714 -2.404253 -4.661774 -13.682779 -0.156545 -6.830942 -48.642606 -20.893267 -15.807739 0.000000 0.000001 0.000001 4.679639 -16.134811 14.888098 -88.868042 -51.459195 -39.879289 172.963735 -97.990982 172.896936 22.352226 -31.096765 8.062797 -75.793796 57.060589 -25.698541 -5.322528 -4.419120 29.883239 -17.315472 -6.598539 17.435127 0.000001 -0.000001 -0.000004 6.075271 -5.125344 -16.430112 2.365767 3.907722 -19.884562 2.090895 3.503313 -18.106458 -0.000002 0.000001 0.000000 -0.189253 -1.979548 -17.756055 1.612856 6.566863 -30.992485 2.041176 6.846786 -37.851433 -0.000001 0.000001 -0.000000 -1.628584 -4.002958 -29.928912 -0.608774 7.574890 -34.393418 -0.689462 6.269793 -28.762654 -0.000000 -0.000000 0.000001 -0.905935 1.583063 -45.488469 -1.484332 6.508246 -28.635536 -0.354656 11.773455 -53.770261 -0.000000 -0.000001 0.000002 -1.707097 -4.874640 -34.186893 -111.807082 -13.634670 24.356805 -0.646120 33.662591 1.188062 50.058900 5.965880 -66.608039 -55.237744 -10.209237 17.354196 2.548664 -7.564150 -0.512142 -8.361138 11.660550 -11.377424 -0.000002 0.000000 0.000001 0.874294 5.543835 -17.422581 0.181173 -0.372450 1.746654 -0.360488 0.915861 -4.012672 0.000001 0.000000 -0.000001 -0.308898 2.832489 -17.629792 -0.003978 0.034299 -0.784704 0.013542 0.982998 -6.454765 -0.000000 -0.000000 -0.000000 -0.185412 2.870436 -15.781058 -0.011486 -0.049588 0.209120 0.066318 0.191625 -1.263126 -0.000001 -0.000000 -0.000000 -2.037879 1.158431 -14.138901 0.333639 0.378267 -2.859473 -0.858916 -1.244916 8.350586 -0.000000 -0.000001 0.000000 -33.371334 7.349760 33.641373 6.838476 0.382115 6.542269 -6.826584 11.501374 -3.142343 19.443424 -0.000025 -0.000012 0.000002 -0.000001 -0.000001 0.888520 -8.061834 -21.832725 80.054468 -9.596137 -4.521901 30.597571 -9.281239 9.930281 -39.723605 0.000005 0.000066 0.000002 -0.000002 -0.000003 
67.932877 99.320915 33.839943 1.283809 -40.091059 -193.610099 4.795801 -11.060207 -4.692893 -1.883208 -2.633880 -4.952875 -1.898575 -2.373656 -5.077041 -13.814637 -0.349766 -6.351423 -49.592409 -21.607751 -16.865856 0.000001 -0.000000 -0.000000 4.501224 -16.290536 14.034060 -84.817972 -52.692509 -37.203863 153.799823 -92.231432 153.785712 21.961307 -31.976545 5.006980 -74.640150 55.991862 -25.753389 -8.087224 -1.169109 28.826981 -17.036790 -8.774362 16.742237 0.000003 0.000001 -0.000000 6.074823 -4.576503 -19.639360 2.671466 4.239815 -21.875697 2.154821 3.579748 -18.545687 -0.000001 -0.000000 0.000000 0.021268 -0.599123 -21.990557 1.941382 7.095087 -34.017166 2.297249 7.205864 -39.995351 0.000001 0.000001 0.000000 -1.571191 -2.533955 -34.732649 -0.432754 8.261482 -37.706869 -0.602721 6.803556 -31.299509 -0.000001 -0.000000 0.000001 -1.126464 1.812763 -48.486724 -1.415090 7.584216 -33.293050 -0.096128 12.283516 -56.250562 -0.000000 0.000001 -0.000000 -2.184540 -5.183084 -34.197651 -112.566654 -14.868453 24.735991 -0.657185 34.101857 1.194106 52.062021 4.301568 -68.356683 -56.189562 -8.837254 16.859776 2.549935 -7.709495 -0.536746 -8.350658 11.614255 -11.415055 -0.000001 0.000001 -0.000003 0.962518 5.754490 -17.837517 0.264304 -0.506792 2.527386 -0.320573 0.830263 -3.542718 0.000000 0.000001 -0.000001 -0.247906 3.078946 -18.098832 0.000428 -0.097912 -0.016302 -0.003865 0.414338 -3.147850 0.000000 0.000000 -0.000000 -0.122643 3.040624 -15.647885 -0.020056 -0.077956 0.377759 -0.056605 -0.208967 1.122944 0.000000 0.000000 0.000000 -2.382897 1.669564 -14.189102 0.322788 0.364130 -2.770254 -1.101880 -1.747061 11.112797 -0.000000 -0.000001 0.000000 -38.580300 4.463467 35.535972 9.008487 2.313264 6.619603 -9.854289 10.772683 -2.830412 19.649901 -0.000017 0.000003 -0.000001 0.000001 0.000001 2.854429 -7.590382 -21.566380 80.571302 -10.348907 -5.164454 31.229879 -11.244928 9.142871 -37.832927 -0.000025 0.000023 -0.000002 0.000002 0.000000 
68.638504 98.635811 34.061462 0.434452 -41.018097 -194.796285 4.194359 -10.901043 -4.648099 -1.704165 -2.636375 -5.213521 -1.726866 -2.358230 -5.344012 -13.989890 -0.502702 -5.924660 -50.271029 -22.376707 -18.010828 0.000000 0.000002 -0.000001 4.384994 -16.407419 13.414520 -80.738478 -53.621192 -34.294168 198.184496 -86.844038 198.215355 21.914577 -32.564764 2.632601 -73.599940 54.977439 -25.748198 -10.780046 1.952639 28.213341 -16.802535 -10.810780 16.096435 -0.000001 0.000005 -0.000000 6.112405 -4.067921 -22.640795 2.967561 4.540396 -23.738673 2.214632 3.650160 -18.953027 -0.000000 0.000000 0.000001 0.342855 0.665200 -25.960461 2.273403 7.572036 -36.846753 2.548564 7.532275 -41.999649 0.000001 0.000000 0.000001 -1.382120 -1.179517 -39.227856 -0.232132 8.892361 -40.807488 -0.500257 7.297986 -33.671374 0.000001 -0.000001 0.000000 -1.344151 2.057913 -51.278707 -1.270377 8.582478 -37.661875 0.165143 12.748076 -58.566079 -0.000001 -0.000001 0.000000 -2.662763 -5.488971 -34.297071 -113.224182 -16.159748 25.150044 -0.665837 34.442561 1.198904 53.975703 2.603668 -70.394211 -57.737269 -6.741236 16.327938 2.551002 -7.838351 -0.558554 -8.341149 11.573437 -11.447415 -0.000002 -0.000003 -0.000001 1.026006 5.928623 -18.068709 0.335286 -0.618328 3.180957 -0.288087 0.761903 -3.166099 -0.000000 0.000001 -0.000001 -0.195815 3.268178 -18.403919 0.005466 -0.208439 0.626475 0.006794 -0.061200 -0.383286 0.000000 -0.000000 0.000000 -0.073244 3.158757 -15.411711 -0.026973 -0.101089 0.515178 -0.146497 -0.547593 3.117257 -0.000000 0.000000 0.000000 -2.613450 2.141563 -14.636330 0.308618 0.345641 -2.653409 -1.319581 -2.258170 13.862339 -0.000000 -0.000001 0.000001 -42.912173 2.039698 37.103404 9.714698 3.822710 6.820404 -12.021159 10.226330 -2.775158 19.764349 -0.000035 0.000006 0.000001 0.000001 0.000000 4.929874 -6.968658 -21.657142 81.090615 -10.315206 -5.740147 31.480270 -12.333092 9.687806 -28.310490 0.000029 0.000054 0.000001 0.000003 0.000000 
69.349571 97.899254 34.283501 -0.375137 -41.920102 -195.981596 3.674445 -10.810695 -4.605147 -1.507096 -2.642855 -5.409254 -1.537361 -2.349304 -5.545843 -14.178781 -0.637623 -5.528865 -50.828325 -23.165860 -19.152576 -0.000000 -0.000001 0.000001 4.319497 -16.492264 12.986026 -76.678559 -54.266724 -31.243222 187.717586 -82.697799 187.786366 22.150659 -32.928345 0.810535 -72.877196 54.202739 -25.638703 -13.210766 4.653686 28.102586 -16.624197 -12.532375 15.563443 0.000000 -0.000000 -0.000002 6.184565 -3.659585 -25.296524 3.241658 4.801906 -25.412953 2.273244 3.718171 -19.348968 -0.000001 0.000000 0.000001 0.707180 1.714756 -29.469350 2.595032 7.989969 -39.417677 2.786597 7.820700 -43.820595 0.000004 -0.000001 0.000003 -1.139951 -0.050216 -43.214542 -0.020263 9.454303 -43.625252 -0.389575 7.741901 -35.822877 0.000000 0.000002 -0.000003 -1.579173 2.292610 -53.835353 -1.077503 9.456455 -41.548956 0.425525 13.170328 -60.724111 -0.000002 -0.000001 0.000001 -3.170253 -5.811489 -34.106263 -113.709126 -17.379008 25.666516 -0.682285 35.082170 1.208076 55.777948 1.185731 -71.943749 -59.136659 -4.857002 15.811575 2.551869 -7.948567 -0.577184 -8.333119 11.540279 -11.472705 -0.000004 -0.000002 0.000002 1.059638 6.049490 -18.101405 0.384770 -0.694477 3.629910 -0.266258 0.716591 -2.915873 -0.000001 -0.000000 -0.000001 -0.159650 3.383791 -18.518492 0.009653 -0.284317 1.067834 0.027369 -0.386997 1.514075 0.000001 -0.000000 0.000000 -0.041716 3.214203 -15.091860 -0.031606 -0.116705 0.607847 -0.201342 -0.781667 4.485624 -0.000001 0.000000 -0.000001 -2.784675 2.474056 -14.961596 0.299239 0.333313 -2.575930 -1.454723 -2.614719 15.749007 -0.000000 -0.000001 0.000000 -46.046758 0.575026 38.407513 7.793488 4.819481 7.100344 -12.856892 10.174598 -2.689890 19.867410 -0.000032 -0.000001 -0.000001 0.000000 -0.000000 6.668231 -6.434871 -21.660861 81.684193 -10.409890 -5.966997 31.947260 -11.188809 10.127240 -19.674220 0.000004 0.000013 -0.000000 -0.000000 -0.000001 
70.070290 97.177177 34.508171 -1.116909 -42.760488 -197.110394 3.277072 -10.798304 -4.578612 -1.322117 -2.650167 -5.593717 -1.358829 -2.340394 -5.736634 -14.334926 -0.767689 -5.191275 -51.272710 -24.009425 -19.978633 0.000002 0.000001 0.000000 4.292315 -16.551645 12.704966 -72.690712 -54.663746 -28.144042 185.117306 -79.080265 185.218734 22.589775 -33.126957 -0.599865 -72.664976 53.853040 -25.394580 -15.141944 6.643329 28.467482 -16.506742 -13.761148 15.203127 0.000002 0.000005 0.000000 6.277566 -3.409687 -27.468757 3.480742 5.017872 -26.837792 2.333665 3.787310 -19.753962 -0.000001 -0.000001 0.000000 1.023332 2.466554 -32.314960 2.891279 8.342778 -41.665855 3.002254 8.066526 -45.414201 0.000002 0.000000 0.000000 -0.948593 0.762678 -46.486168 0.187585 9.935696 -46.089382 -0.279494 8.124679 -37.698235 -0.000001 -0.000001 0.000000 -1.855360 2.493794 -56.127407 -0.873525 10.164698 -44.757700 0.682082 13.553387 -62.732064 -0.000001 -0.000001 -0.000000 -3.813290 -6.250513 -32.697130 -112.911332 -18.054260 26.980091 -0.738156 37.182109 1.240367 56.700293 0.147269 -71.775746 -59.610975 -4.062318 15.490531 2.552544 -8.038093 -0.592274 -8.327045 11.517011 -11.489092 -0.000002 -0.000003 0.000001 1.059082 6.099965 -17.921055 0.403310 -0.722677 3.796769 -0.258288 0.700175 -2.825115 0.000000 0.000001 -0.000001 -0.149627 3.455830 -18.868246 0.011358 -0.312498 1.231947 0.037753 -0.507790 2.218853 0.000001 -0.000000 -0.000000 -0.031670 3.196141 -14.707781 -0.033321 -0.122495 0.642165 -0.220290 -0.868936 4.993850 0.000001 0.000000 -0.000001 -2.789918 2.683313 -15.755595 0.295844 0.328886 -2.547882 -1.501932 -2.748304 16.449770 -0.000000 -0.000000 -0.000002 -48.880437 -0.729089 39.536407 5.605439 5.444772 7.442812 -13.275947 11.427660 -2.429613 20.028071 -0.000009 0.000019 0.000003 0.000000 -0.000000 8.232652 -5.643301 -21.483517 82.557658 -10.443466 -5.809312 31.924048 -8.146058 10.301535 -11.690973 0.000015 0.000022 0.000000 0.000001 0.000002 
70.808937 96.492195 34.713089 -1.642100 -43.425376 -198.025284 3.134478 -10.885629 -4.612917 -1.171339 -2.658139 -5.773554 -1.212044 -2.329318 -5.923371 -14.411609 -0.892341 -4.979245 -51.459082 -25.002956 -20.051526 0.000001 0.000001 -0.000000 4.290359 -16.592015 12.527602 -68.819149 -54.857583 -25.079360 183.922924 -75.882814 184.053381 23.141922 -33.218560 -1.744768 -72.782113 53.767454 -25.060369 -16.292269 8.343208 29.245046 -16.448357 -14.523352 14.825183 0.000002 0.000008 0.000001 6.374410 -3.262686 -29.301378 3.693568 5.201257 -28.081046 2.394113 3.855490 -20.156027 0.000000 0.000000 0.000001 1.289649 3.023434 -34.696309 3.166883 8.647033 -43.670949 3.200347 8.280564 -46.836243 0.000002 -0.000001 0.000005 -0.809240 1.371246 -49.253030 0.390418 10.356428 -48.287395 -0.171033 8.461641 -39.366598 0.000001 0.000001 0.000002 -2.156865 2.677105 -58.208983 -0.668801 10.755695 -47.486637 0.934685 13.903447 -64.614034 -0.000000 0.000001 -0.000000 -4.422567 -6.679168 -30.799133 -111.532502 -18.321088 28.498683 -0.804228 39.525386 1.280651 57.102222 -0.722059 -71.184976 -59.548396 -3.974951 15.329958 2.552984 -8.095819 -0.601948 -8.324073 11.504131 -11.497193 -0.000000 -0.000004 -0.000003 1.045322 6.107655 -17.710862 0.403307 -0.722670 3.796775 -0.258292 0.700173 -2.825118 -0.000001 -0.000001 -0.000000 -0.150130 3.454488 -18.868442 0.011355 -0.312521 1.232112 0.037757 -0.507808 2.218844 0.000000 0.000000 0.000001 -0.032740 3.154085 -14.411520 -0.033340 -0.122567 0.642637 -0.220292 -0.868943 4.993855 -0.000001 0.000001 0.000001 -2.836570 2.712281 -15.757419 0.295846 0.328848 -2.547896 -1.501932 -2.748296 16.449754 -0.000001 -0.000001 0.000001 -51.245994 -1.742118 40.595762 3.512389 5.766935 7.711692 -13.337979 14.100362 -1.780617 19.965630 -0.000019 -0.000007 -0.000000 -0.000000 -0.000000 9.444307 -4.643417 -21.252243 83.890528 -10.375285 -5.085524 32.200398 -2.406586 7.686655 -5.842870 -0.000002 0.000006 -0.000000 0.000003 0.000000 
71.533646 95.905533 34.879833 -1.742673 -43.685303 -198.669576 3.238375 -11.113976 -4.788858 -1.096717 -2.674704 -5.969807 -1.142823 -2.323283 -6.126421 -14.453469 -1.016399 -4.699434 -51.323561 -26.016986 -19.982593 0.000000 -0.000000 -0.000000 4.300125 -16.619821 12.410148 -65.092584 -54.901918 -22.115164 183.215385 -72.948066 183.372534 23.713247 -33.263865 -2.771108 -72.912666 53.665278 -24.708100 -17.453369 9.922692 30.091628 -16.405368 -15.237397 14.412608 0.000003 0.000001 0.000003 6.469505 -3.125041 -31.029884 3.897323 5.369452 -29.250937 2.450767 3.918532 -20.529979 0.000000 -0.000001 0.000000 1.567163 3.537570 -36.948762 3.435429 8.923697 -45.555415 3.391148 8.476936 -48.172037 0.000001 0.000002 -0.000004 -0.650872 1.940397 -51.865410 0.595841 10.744046 -50.354279 -0.060109 8.774930 -40.934543 0.000001 -0.000001 0.000001 -2.448848 2.870651 -60.156147 -0.449487 11.303110 -50.064484 1.183301 14.225122 -66.387916 -0.000000 -0.000001 0.000000 -4.779617 -6.894384 -29.075313 -110.016097 -18.712102 29.594083 -0.858519 41.338784 1.315294 56.972401 -1.432151 -70.924766 -59.523248 -3.940199 15.268454 2.553145 -8.118287 -0.605585 -8.321462 11.499260 -11.501449 -0.000000 -0.000001 0.000001 1.040576 6.112551 -17.639448 0.403306 -0.722663 3.796760 -0.258290 0.700178 -2.825114 -0.000000 0.000001 -0.000001 -0.149770 3.455440 -18.868420 0.011353 -0.312527 1.232143 0.037755 -0.507826 2.218847 0.000001 -0.000001 -0.000001 -0.032695 3.140600 -14.307992 -0.033357 -0.122607 0.642892 -0.220287 -0.868967 4.993855 -0.000000 0.000000 0.000001 -2.856732 2.725728 -15.758184 0.295845 0.328859 -2.547876 -1.501933 -2.748293 16.449771 0.000000 -0.000001 -0.000001 -53.608386 -2.867030 41.976372 2.655303 6.185947 7.786719 -13.824412 16.434017 -0.821768 19.964218 -0.000013 0.000012 0.000000 0.000000 -0.000001 10.529867 -3.448369 -21.163099 85.187014 -8.683918 -4.644313 34.102790 1.232873 8.226282 -1.274881 -0.000027 -0.000003 0.000000 0.000002 0.000002 
72.270142 95.341881 35.105499 -1.634786 -43.697153 -199.166253 3.343052 -11.447453 -5.099121 -1.082426 -2.714686 -6.176292 -1.134125 -2.339285 -6.340200 -14.422455 -1.130817 -4.419319 -50.981181 -26.979689 -19.735109 0.000001 0.000001 -0.000001 4.307916 -16.641563 12.308863 -61.519452 -54.855889 -19.296461 182.725496 -70.113067 182.908627 24.209191 -33.328062 -3.824310 -73.053313 53.549376 -24.343236 -18.616732 11.380744 30.983271 -16.376574 -15.908846 13.982188 0.000004 -0.000001 -0.000000 6.562303 -2.996406 -32.653710 4.091280 5.523166 -30.347422 2.503585 3.976563 -20.876338 -0.000001 0.000001 0.000000 1.850929 4.009625 -39.070827 3.694783 9.174284 -47.319329 3.573748 8.656435 -49.421729 0.000001 0.000000 -0.000001 -0.478336 2.469695 -54.322352 0.800899 11.099576 -52.289982 0.051463 9.065039 -42.402204 -0.000001 -0.000000 -0.000001 -2.729086 3.070928 -61.970279 -0.220654 11.807482 -52.489867 1.425539 14.519258 -68.051695 0.000000 0.000001 0.000001 -5.181253 -7.185835 -26.706229 -108.400197 -18.091947 31.339937 -0.878767 41.991320 1.328560 56.585003 -2.013316 -71.273454 -59.526779 -3.944549 15.276891 2.553109 -8.115167 -0.604871 -8.319071 11.500365 -11.503352 -0.000001 -0.000003 0.000000 1.042529 6.115695 -17.670290 0.403309 -0.722672 3.796760 -0.258289 0.700170 -2.825107 0.000001 0.000000 -0.000000 -0.149006 3.457520 -18.868222 0.011357 -0.312541 1.232171 0.037756 -0.507813 2.218867 -0.000000 -0.000000 0.000001 -0.030913 3.151383 -14.345591 -0.033373 -0.122665 0.643141 -0.220288 -0.868938 4.993873 0.000000 0.000000 0.000000 -2.858000 2.728297 -15.758221 0.295844 0.328867 -2.547881 -1.501935 -2.748273 16.449771 -0.000001 -0.000001 0.000000 -55.928686 -4.103772 43.723494 3.266004 6.845064 7.357717 -15.066970 16.417128 0.346050 20.442635 -0.000035 -0.000001 0.000006 0.000000 0.000000 11.217606 -2.265097 -20.910723 86.633669 -3.192635 -4.156129 37.596114 2.226492 10.453952 1.450019 -0.000003 0.000017 -0.000000 0.000003 -0.000002 
72.989456 94.822182 35.360352 -1.472733 -43.540940 -199.547692 3.209761 -12.018837 -5.620664 -1.173255 -2.816289 -6.397045 -1.230082 -2.416293 -6.569954 -14.209033 -1.216920 -4.206051 -50.344918 -27.769645 -19.095571 0.000000 0.000002 -0.000000 4.333854 -16.654281 12.293756 -58.056205 -54.682204 -16.541700 182.378878 -67.494959 182.586229 24.720925 -33.343583 -4.748200 -73.200797 53.422769 -23.971408 -19.771656 12.717886 31.897615 -16.360224 -16.541378 13.548904 0.000001 0.000002 0.000003 6.652208 -2.876567 -34.172198 4.274787 5.663151 -31.370349 2.552610 4.029756 -21.195691 -0.000001 -0.000001 -0.000000 2.136309 4.440577 -41.060905 3.943224 9.400269 -48.962781 3.747208 8.819878 -50.585528 0.000000 -0.000001 0.000001 -0.296156 2.958999 -56.622801 1.002794 11.424105 -54.094470 0.162132 9.332405 -43.769748 -0.000000 0.000000 0.000002 -2.995714 3.274492 -63.652958 0.013045 12.269609 -54.761202 1.659107 14.786834 -69.603459 -0.000000 0.000000 -0.000000 -5.528773 -7.473221 -24.596826 -106.636916 -17.461741 33.572938 -0.858682 41.344532 1.315400 55.958729 -2.278358 -72.500867 -59.548028 -3.973281 15.329137 2.552966 -8.096052 -0.601414 -8.316908 11.505176 -11.503678 -0.000002 -0.000001 -0.000001 1.048821 6.118045 -17.766861 0.403310 -0.722669 3.796763 -0.258288 0.700195 -2.825113 0.000000 -0.000000 -0.000000 -0.147995 3.460239 -18.868032 0.011353 -0.312529 1.232232 0.037761 -0.507816 2.218853 0.000001 -0.000000 -0.000001 -0.028003 3.177559 -14.473504 -0.033381 -0.122705 0.643400 -0.220293 -0.868946 4.993883 -0.000000 0.000000 0.000000 -2.847060 2.726721 -15.757477 0.295845 0.328899 -2.547863 -1.501930 -2.748298 16.449761 -0.000001 -0.000001 -0.000000 -57.231979 -4.537387 45.436706 2.392997 7.253617 7.033991 -15.607870 15.775724 1.704742 20.854965 -0.000012 0.000004 -0.000002 0.000000 0.000000 11.461857 -1.180096 -20.663359 88.035497 2.215965 -3.728757 41.679389 3.239307 12.817720 3.410211 -0.000004 -0.000001 0.000002 -0.000002 0.000000 
73.641998 94.392006 35.639336 -1.367494 -43.144420 -199.743118 2.725595 -12.500616 -6.428953 -1.350883 -2.896006 -6.553993 -1.409651 -2.474696 -6.732894 -13.779792 -1.262721 -4.239218 -49.552329 -28.516410 -18.208533 0.000001 -0.000001 -0.000001 4.400526 -16.650989 12.438749 -54.713111 -54.315765 -13.811216 182.141160 -65.288733 182.369056 25.376560 -33.212724 -5.330450 -73.352195 53.288292 -23.597824 -20.906026 13.936110 32.814189 -16.354193 -17.136784 13.125543 -0.000002 0.000000 -0.000003 6.738669 -2.765249 -35.584674 4.447260 5.790000 -32.319642 2.597821 4.078324 -21.488605 -0.000001 -0.000001 -0.000000 2.418953 4.831659 -42.917282 4.179106 9.603106 -50.485924 3.910793 8.968047 -51.663619 -0.000001 0.000001 -0.000002 -0.108681 3.408557 -58.765500 1.199122 11.718825 -55.767784 0.270411 9.577581 -45.037294 0.000001 -0.000000 -0.000000 -3.247241 3.478058 -65.205678 0.247243 12.690572 -56.877010 1.881992 15.028711 -71.041214 0.000001 0.000001 0.000001 -5.790501 -7.708461 -23.097050 -105.058056 -16.984319 35.823779 -0.813128 39.829227 1.286233 55.458202 -2.259920 -74.124703 -59.575758 -4.011399 15.399609 2.552786 -8.070523 -0.596859 -8.315432 11.511404 -11.503149 0.000000 0.000000 0.000001 1.057030 6.120626 -17.892604 0.403309 -0.722666 3.796763 -0.258288 0.700168 -2.825101 -0.000000 0.000000 -0.000001 -0.146535 3.464177 -18.867756 0.011354 -0.312549 1.232279 0.037760 -0.507824 2.218857 0.000000 -0.000000 0.000001 -0.024592 3.210197 -14.640900 -0.033394 -0.122739 0.643670 -0.220295 -0.868966 4.993897 -0.000000 0.000000 -0.000001 -2.832180 2.723428 -15.756480 0.295848 0.328863 -2.547878 -1.501935 -2.748294 16.449761 -0.000000 0.000000 0.000001 -57.736054 -5.055747 46.563913 1.779043 7.664414 7.535294 -15.959680 15.541657 3.215368 20.589508 -0.000039 -0.000018 -0.000002 0.000000 -0.000000 10.841900 -0.445000 -20.566164 89.258674 2.786794 -3.301609 46.734224 6.361569 12.512786 6.385109 0.000005 -0.000001 -0.000002 -0.000004 -0.000000 
74.157784 94.079941 35.887756 -1.213393 -42.793423 -199.907889 2.314411 -13.107129 -7.056104 -1.517948 -3.039231 -6.675970 -1.580116 -2.606183 -6.861662 -13.490903 -1.279798 -4.238844 -48.813849 -29.031948 -16.772790 0.000000 0.000001 -0.000000 4.497675 -16.632334 12.705720 -51.554551 -53.783614 -11.186346 181.971211 -63.447130 182.216388 26.135031 -32.959303 -5.631510 -73.504665 53.148980 -23.227737 -22.007062 15.038560 33.714521 -16.356254 -17.695823 12.722432 0.000001 0.000005 -0.000002 6.821092 -2.662215 -36.890583 4.608130 5.904424 -33.195218 2.639237 4.122387 -21.755688 -0.000000 -0.000000 -0.000001 2.694827 5.184316 -44.638244 4.401047 9.784219 -51.888882 4.063837 9.101626 -52.656227 0.000000 -0.000000 0.000002 0.080058 3.818815 -60.749130 1.387658 11.984914 -57.309877 0.374952 9.801046 -46.205014 0.000001 -0.000001 -0.000001 -3.482381 3.678400 -66.629882 0.477885 13.071588 -58.835680 2.092285 15.245915 -72.363129 0.000001 -0.000000 -0.000003 -5.964036 -7.867885 -22.289832 -103.855144 -16.757963 37.769805 -0.758133 37.906648 1.252323 54.758153 -2.015973 -75.855077 -59.599459 -4.044291 15.461839 2.552642 -8.048206 -0.592888 -8.314464 11.516833 -11.502662 -0.000003 0.000000 0.000001 1.063273 6.124923 -18.010685 0.403312 -0.722665 3.796757 -0.258293 0.700168 -2.825103 0.000000 0.000001 -0.000000 -0.144762 3.468953 -18.867399 0.011359 -0.312549 1.232336 0.037754 -0.507830 2.218843 0.000000 0.000000 -0.000001 -0.021304 3.240634 -14.796900 -0.033409 -0.122796 0.643926 -0.220290 -0.868966 4.993926 0.000000 0.000001 -0.000000 -2.821470 2.721241 -15.755754 0.295850 0.328884 -2.547869 -1.501940 -2.748297 16.449761 -0.000001 -0.000000 0.000001 -57.838035 -5.303707 47.466970 1.070155 7.957349 8.094256 -16.320744 16.305835 4.273106 20.032417 -0.000049 -0.000014 0.000003 0.000000 -0.000000 9.860443 -0.102174 -20.487578 90.187314 2.681659 -2.865320 51.337720 7.276172 12.669396 7.738790 -0.000012 -0.000011 -0.000002 0.000000 0.000002 
74.629753 93.847534 36.086285 -0.915960 -42.684523 -199.972639 2.182479 -13.824533 -7.640986 -1.670253 -3.215811 -6.641731 -1.736131 -2.785285 -6.832913 -13.218247 -1.234662 -4.330677 -48.465247 -29.140623 -15.076640 0.000000 0.000002 -0.000000 4.614905 -16.598992 13.056507 -48.629434 -53.120683 -8.731753 181.846219 -61.922755 182.105848 26.954679 -32.608962 -5.711251 -73.655483 53.007705 -22.866256 -23.061900 16.029175 34.582358 -16.364124 -18.217928 12.347496 0.000003 0.000004 0.000003 6.898890 -2.567363 -38.089219 4.756879 6.006974 -33.997007 2.676918 4.162106 -21.997456 -0.000001 -0.000000 -0.000001 2.960227 5.499981 -46.221990 4.607760 9.944927 -53.171821 4.205705 9.221351 -53.563604 0.000002 -0.000000 0.000001 0.266269 4.190337 -62.572326 1.566399 12.223610 -58.720830 0.474597 10.003366 -47.273030 0.000001 -0.000000 0.000001 -3.700257 3.872489 -67.927208 0.701334 13.414012 -60.635694 2.288174 15.439364 -73.567264 0.000001 0.000000 -0.000002 -6.055324 -7.942231 -22.159289 -103.037003 -16.825169 39.380402 -0.707849 36.056634 1.222605 54.085031 -1.747689 -77.415297 -59.609055 -4.057813 15.488451 2.552544 -8.038699 -0.591115 -8.313553 11.519485 -11.502889 0.000002 -0.000001 0.000001 1.068178 6.130888 -18.085241 0.403306 -0.722678 3.796762 -0.258286 0.700170 -2.825108 0.000001 0.000001 -0.000001 -0.143346 3.472743 -18.867139 0.011357 -0.312566 1.232416 0.037757 -0.507821 2.218844 0.000001 0.000001 -0.000001 -0.018987 3.259861 -14.890673 -0.033417 -0.122828 0.644187 -0.220296 -0.868957 4.993967 0.000000 0.000000 -0.000000 -2.822949 2.723492 -15.755713 0.295842 0.328859 -2.547883 -1.501931 -2.748292 16.449764 0.000000 -0.000000 0.000001 -57.959735 -5.190438 48.387796 0.726750 8.241261 7.880799 -17.063110 16.591040 5.738791 19.985723 -0.000020 0.000003 -0.000003 -0.000000 0.000001 8.618155 -0.186238 -20.461985 90.985421 2.649237 -2.447053 54.405906 5.950518 14.171175 7.902222 -0.000023 -0.000012 -0.000003 -0.000002 0.000001 
74.981865 93.748795 36.221703 -0.326734 -42.729107 -199.848507 2.436277 -14.156858 -8.098059 -1.736340 -3.273608 -6.542650 -1.798166 -2.853363 -6.731595 -13.018555 -1.212948 -4.434698 -48.559834 -29.134322 -13.938560 -0.000000 0.000000 -0.000000 4.741732 -16.551784 13.453001 -45.970093 -52.367395 -6.494556 181.752345 -60.668008 182.023886 27.795238 -32.190094 -5.627552 -73.802031 52.867481 -22.518505 -24.058122 16.912337 35.403606 -16.375713 -18.701924 12.006257 0.000003 0.000003 -0.000000 6.971421 -2.480562 -39.179994 4.893133 6.098237 -34.724938 2.710878 4.197622 -22.214533 -0.000000 -0.000003 0.000001 3.211825 5.780253 -47.666777 4.798215 10.086557 -54.335039 4.335906 9.327861 -54.386003 0.000003 -0.000000 0.000001 0.446481 4.523905 -64.233619 1.733632 12.436053 -60.000732 0.568202 10.185047 -48.241548 0.000000 -0.000000 -0.000000 -3.900000 4.057559 -69.099036 0.914325 13.719249 -62.275561 2.468094 15.609890 -74.651857 0.000000 0.000001 -0.000002 -6.100200 -7.964695 -22.349665 -102.702761 -17.085317 40.045420 -0.673068 34.724654 1.202883 53.772857 -1.459026 -78.388025 -59.606426 -4.057679 15.489071 2.552575 -8.038818 -0.591035 -8.312753 11.520986 -11.503391 0.000000 -0.000001 0.000001 1.070681 6.133102 -18.117471 0.403315 -0.722678 3.796767 -0.258289 0.700178 -2.825115 -0.000000 -0.000000 -0.000001 -0.142786 3.474268 -18.867055 0.011361 -0.312596 1.232499 0.037755 -0.507812 2.218857 0.000001 -0.000001 -0.000001 -0.017588 3.268761 -14.926168 -0.033433 -0.122889 0.644460 -0.220297 -0.868972 4.994003 -0.000000 0.000000 0.000001 -2.830806 2.727831 -15.756053 0.295845 0.328869 -2.547867 -1.501932 -2.748279 16.449764 0.000001 -0.000001 -0.000001 -57.872302 -4.740933 49.056990 0.407493 8.500164 7.554115 -17.818579 16.709820 6.874503 19.553706 -0.000016 -0.000008 -0.000001 0.000000 -0.000001 7.128689 -0.533825 -20.556796 92.124430 1.841472 -1.941390 54.526240 5.586121 15.011033 7.025384 -0.000003 0.000008 -0.000005 -0.000001 0.000003 
75.165932 93.736572 36.446617 0.111002 -42.910008 -199.671414 2.877824 -14.048087 -8.359534 -1.735350 -3.206575 -6.419235 -1.787339 -2.800330 -6.599712 -12.952237 -1.223472 -4.514354 -48.981435 -29.051243 -13.952858 0.000000 -0.000001 -0.000000 4.789807 -16.460838 13.604252 -44.313209 -51.850247 -5.206445 181.697785 -59.890534 181.976744 28.447787 -31.763115 -5.382556 -73.941927 52.731229 -22.189239 -24.984168 17.692615 36.166371 -16.389223 -19.145985 11.702247 -0.000002 0.000001 0.000001 7.038132 -2.401693 -40.162216 5.016500 6.178727 -35.378983 2.741198 4.229099 -22.407479 -0.000001 0.000000 0.000001 3.446481 6.026736 -48.970841 4.971500 10.210252 -55.378781 4.453976 9.421768 -55.123701 0.000000 -0.000000 0.000003 0.617531 4.820353 -65.731541 1.887766 12.623380 -61.149680 0.654846 10.346636 -49.110744 0.000000 0.000000 0.000000 -4.080969 4.231052 -70.146917 1.113766 13.988710 -63.753785 2.630614 15.758392 -75.615119 0.000000 -0.000001 -0.000000 -6.141178 -7.981149 -22.420953 -102.676868 -17.283975 39.678918 -0.684696 35.175266 1.209423 53.873370 -1.614483 -77.945381 -59.605490 -4.056989 15.490247 2.552562 -8.038807 -0.590890 -8.312026 11.522190 -11.503870 0.000000 -0.000001 -0.000001 1.072274 6.133828 -18.132257 0.403309 -0.722665 3.796760 -0.258285 0.700178 -2.825106 -0.000001 -0.000000 -0.000001 -0.142490 3.475056 -18.867033 0.011356 -0.312596 1.232575 0.037755 -0.507801 2.218860 0.000000 -0.000001 0.000000 -0.016558 3.274024 -14.942144 -0.033445 -0.122913 0.644723 -0.220296 -0.868979 4.994052 -0.000001 -0.000000 0.000000 -2.834070 2.729917 -15.756179 0.295838 0.328865 -2.547860 -1.501930 -2.748283 16.449751 -0.000002 -0.000000 0.000000 -58.086818 -5.368696 49.121010 2.477703 9.152053 7.521700 -19.671414 16.353358 7.281578 19.539052 -0.000012 0.000012 0.000001 -0.000001 -0.000001 5.573126 -1.398598 -20.721496 93.167072 1.682854 -1.336943 53.179303 5.423620 15.019093 5.258360 -0.000007 -0.000004 -0.000001 0.000001 0.000003 
75.291557 93.758484 36.656467 0.521373 -43.084242 -199.498870 3.290036 -13.727000 -8.490143 -1.712758 -3.105355 -6.300841 -1.753777 -2.713261 -6.471688 -12.951213 -1.246013 -4.559198 -49.417798 -28.939648 -14.445140 -0.000001 -0.000002 -0.000000 4.825878 -16.363117 13.720688 -42.833274 -51.356227 -4.091363 181.650028 -59.179785 181.935804 29.056813 -31.358683 -5.135859 -74.072787 52.601954 -21.883434 -25.829591 18.374346 36.860905 -16.403130 -19.547955 11.437118 0.000002 0.000003 -0.000002 7.098333 -2.330771 -41.035370 5.126680 6.248928 -35.959098 2.767904 4.256629 -22.576876 -0.000001 -0.000001 0.000001 3.661476 6.240910 -50.132475 5.126830 10.317150 -56.303339 4.559498 9.503640 -55.777008 0.000001 0.000000 0.000000 0.776551 5.080526 -67.064651 2.027494 12.786661 -62.167931 0.733634 10.488579 -49.880851 0.000001 -0.000001 0.000000 -4.242637 4.390599 -71.072298 1.297093 14.223783 -65.069129 2.774377 15.885633 -76.455341 0.000001 0.000000 -0.000001 -6.165881 -7.973992 -22.507387 -102.721339 -17.442503 39.133825 -0.708437 36.078654 1.222972 54.177890 -1.951877 -77.167867 -59.604786 -4.056435 15.491485 2.552530 -8.038781 -0.590791 -8.311413 11.523179 -11.504357 -0.000000 -0.000003 0.000000 1.072715 6.132305 -18.130908 0.403309 -0.722672 3.796774 -0.258292 0.700166 -2.825115 -0.000001 0.000000 -0.000000 -0.142478 3.475093 -18.867090 0.011358 -0.312606 1.232659 0.037759 -0.507822 2.218853 -0.000000 0.000000 -0.000001 -0.016016 3.275455 -14.939972 -0.033460 -0.122965 0.644993 -0.220296 -0.868997 4.994096 -0.000000 0.000000 0.000001 -2.833282 2.729682 -15.756152 0.295844 0.328872 -2.547881 -1.501929 -2.748287 16.449773 0.000000 -0.000000 -0.000002 -57.235544 -4.677991 49.106823 1.839308 9.270587 7.553718 -20.298313 15.681867 7.701999 19.682093 -0.000026 -0.000001 0.000001 0.000001 -0.000000 3.735936 -2.591853 -20.994186 94.052388 1.910360 -0.729004 51.158674 5.234703 15.159434 2.751013 0.000003 0.000006 0.000004 0.000000 -0.000002 
75.370972 93.784836 36.864410 0.880091 -43.314676 -199.343224 3.409032 -13.399795 -8.471531 -1.691315 -3.026508 -6.221770 -1.724036 -2.645328 -6.385732 -13.012560 -1.272336 -4.524041 -49.568660 -28.813689 -15.218705 0.000000 -0.000000 0.000001 4.850666 -16.259086 13.803773 -41.512783 -50.889861 -3.130950 181.608296 -58.533225 181.900300 29.626741 -30.970161 -4.883799 -74.192438 52.482600 -21.605707 -26.585027 18.961345 37.479160 -16.416337 -19.905458 11.211342 -0.000002 0.000000 -0.000003 7.151478 -2.267814 -41.798729 5.223360 6.309228 -36.465256 2.791020 4.280354 -22.723310 -0.000001 -0.000001 0.000003 3.854302 6.424268 -51.149945 5.263600 10.408234 -57.109110 4.652211 9.573942 -56.346226 -0.000000 0.000001 0.000000 0.920869 5.305311 -68.231397 2.151696 12.926889 -63.055644 0.803884 10.611370 -50.552061 -0.000001 0.000000 0.000001 -4.384516 4.534257 -71.876540 1.461970 14.425812 -66.220180 2.898312 15.992268 -77.170858 0.000000 -0.000001 -0.000001 -6.146866 -7.908235 -22.897070 -102.749917 -17.689133 38.891661 -0.725327 36.710423 1.232789 54.706127 -2.335809 -76.600401 -59.604226 -4.055983 15.492698 2.552544 -8.038796 -0.590722 -8.310916 11.523950 -11.504803 0.000001 -0.000001 -0.000001 1.072075 6.128688 -18.114514 0.403312 -0.722680 3.796775 -0.258294 0.700183 -2.825115 -0.000000 -0.000000 -0.000000 -0.142794 3.474283 -18.867187 0.011366 -0.312625 1.232761 0.037751 -0.507818 2.218870 0.000000 -0.000000 -0.000000 -0.015924 3.273365 -14.920897 -0.033473 -0.123010 0.645236 -0.220301 -0.868993 4.994144 -0.000001 0.000001 -0.000000 -2.828974 2.727028 -15.756055 0.295842 0.328862 -2.547869 -1.501931 -2.748294 16.449754 -0.000000 0.000000 -0.000001 -55.789641 -3.110562 48.941898 -0.408813 8.900339 7.505654 -19.866886 14.310323 8.120327 19.884549 -0.000017 -0.000005 -0.000000 0.000002 0.000001 1.917033 -3.705514 -21.552735 94.736240 2.732571 -0.089496 48.759665 6.289715 17.445171 -0.346576 0.000015 0.000004 -0.000001 0.000000 -0.000002 
75.431015 93.829865 37.089378 1.211046 -43.563968 -199.169751 3.791720 -13.028429 -8.294492 -1.662030 -2.923732 -6.095859 -1.688651 -2.553894 -6.252638 -13.111151 -1.302661 -4.506028 -49.677045 -28.834357 -16.053262 0.000000 -0.000001 -0.000000 4.864907 -16.149163 13.854972 -40.335491 -50.454099 -2.308312 181.571864 -57.948186 181.869496 30.161678 -30.590860 -4.623148 -74.298689 52.376165 -21.360783 -27.242462 19.456764 38.014961 -16.427998 -20.216057 11.024223 0.000004 0.000002 -0.000003 7.196944 -2.212923 -42.451723 5.306317 6.360044 -36.897464 2.810667 4.300399 -22.847346 -0.000001 0.000001 -0.000001 4.022830 6.578124 -52.021661 5.381224 10.484392 -57.796432 4.731807 9.633210 -56.831668 0.000002 0.000000 -0.000001 1.048267 5.495509 -69.230374 2.259392 13.044929 -63.813146 0.864948 10.715416 -51.124690 -0.000001 -0.000001 0.000001 -4.506163 4.660245 -72.560959 1.606386 14.595984 -67.205844 3.001337 16.078877 -77.760037 -0.000001 0.000001 -0.000002 -6.115701 -7.818461 -23.260377 -102.901800 -17.886044 38.265042 -0.770687 38.354371 1.259935 55.201644 -3.015048 -75.325423 -59.603899 -4.055692 15.493449 2.552548 -8.038802 -0.590644 -8.310494 11.524544 -11.505247 -0.000001 0.000000 0.000002 1.070449 6.123088 -18.084273 0.403307 -0.722654 3.796769 -0.258291 0.700164 -2.825117 -0.000001 -0.000000 -0.000000 -0.143418 3.472595 -18.867378 0.011363 -0.312657 1.232840 0.037756 -0.507791 2.218883 0.000001 0.000000 -0.000000 -0.016135 3.268328 -14.886192 -0.033485 -0.123055 0.645495 -0.220303 -0.869000 4.994204 0.000000 0.000000 -0.000001 -2.822250 2.720188 -15.756365 0.295846 0.328858 -2.547868 -1.501934 -2.748293 16.449759 -0.000000 -0.000000 0.000001 -55.036377 -2.531640 48.664606 -0.405948 9.060986 7.395202 -20.022602 12.922424 8.197738 19.996359 -0.000022 -0.000016 -0.000004 0.000001 -0.000001 0.422618 -5.096826 -21.989963 94.939718 2.621280 0.413734 47.411553 7.083712 18.319428 -3.884390 0.000005 0.000009 0.000001 0.000003 -0.000002 
75.451004 93.900009 37.313549 1.531819 -43.805732 -198.988190 4.023317 -12.750099 -8.035659 -1.622935 -2.873533 -5.985738 -1.645182 -2.516030 -6.137507 -13.294962 -1.336550 -4.406521 -49.662060 -28.907263 -16.846032 -0.000000 0.000000 0.000000 4.869324 -16.033741 13.875802 -39.286623 -50.050687 -1.608273 181.540062 -57.422042 181.842804 30.665374 -30.213922 -4.351124 -74.389393 52.285631 -21.153352 -27.795033 19.862979 38.463456 -16.437603 -20.477278 10.874635 -0.000001 0.000003 0.000000 7.234112 -2.166289 -42.993712 5.375356 6.401668 -37.255646 2.826901 4.316903 -22.949596 -0.000001 0.000000 -0.000001 4.165124 6.703605 -52.746003 5.479343 10.546405 -58.365742 4.798120 9.681743 -57.233724 -0.000001 -0.000000 0.000001 1.156727 5.651807 -70.060167 2.349782 13.141620 -64.440793 0.916323 10.801107 -51.598978 -0.000001 -0.000002 0.000004 -4.607157 4.767081 -73.126874 1.728662 14.735443 -68.025009 3.082633 16.145946 -78.221300 -0.000000 0.000000 -0.000002 -6.043175 -7.669832 -23.891937 -103.056934 -18.163606 37.835703 -0.809788 39.715166 1.284133 55.631327 -3.669570 -74.264736 -59.603659 -4.055492 15.494211 2.552558 -8.038841 -0.590585 -8.310171 11.524965 -11.505657 0.000000 -0.000005 -0.000000 1.067929 6.115752 -18.041321 0.403308 -0.722671 3.796770 -0.258289 0.700180 -2.825123 -0.000000 -0.000000 -0.000000 -0.145015 3.468312 -18.867762 0.011366 -0.312707 1.232948 0.037759 -0.507814 2.218858 0.000000 -0.000000 0.000001 -0.016629 3.260598 -14.837100 -0.033497 -0.123099 0.645731 -0.220302 -0.869016 4.994253 -0.000001 0.000000 0.000001 -2.813183 2.710577 -15.756797 0.295841 0.328865 -2.547880 -1.501931 -2.748304 16.449763 -0.000000 0.000000 0.000001 -54.295807 -1.878864 48.298887 -0.420531 9.175401 7.340037 -19.887745 12.612997 8.482224 19.812516 -0.000037 -0.000011 -0.000001 -0.000001 -0.000000 -0.985370 -6.600661 -22.461162 94.767406 2.604629 0.901046 46.818543 7.822278 18.700098 -7.712528 0.000005 0.000019 -0.000002 -0.000001 0.000001 
75.446434 93.997505 37.557007 1.842662 -44.051360 -198.793503 4.240004 -12.488990 -7.807597 -1.588049 -2.826556 -5.912768 -1.605633 -2.478051 -6.060366 -13.536916 -1.396206 -4.171242 -49.492401 -29.015873 -17.813721 0.000001 -0.000001 -0.000000 4.864698 -15.913243 13.867746 -38.352796 -49.680378 -1.017094 181.512482 -56.952146 181.819786 31.141401 -29.832665 -4.065271 -74.462442 52.213951 -20.988003 -28.237011 20.181264 38.821064 -16.444790 -20.686811 10.761145 -0.000000 0.000005 -0.000002 7.262376 -2.128135 -43.424085 5.430330 6.434404 -37.539915 2.839776 4.329940 -23.030623 -0.000003 -0.000000 0.000001 4.279504 6.801744 -53.321504 5.557636 10.594888 -58.817484 4.850944 9.719919 -57.552711 0.000001 0.000000 0.000000 1.244819 5.775025 -70.719383 2.422281 13.217627 -64.938905 0.957586 10.868763 -51.975264 0.000001 0.000000 0.000001 -4.687067 4.853701 -73.575556 1.827321 14.845059 -68.676651 3.141475 16.193795 -78.553227 -0.000000 -0.000000 -0.000003 -5.969455 -7.505564 -24.380538 -103.241861 -18.258788 37.339299 -0.842427 40.811459 1.304885 56.001377 -4.217753 -73.292834 -59.603564 -4.055399 15.494841 2.552525 -8.038873 -0.590502 -8.309898 11.525297 -11.506069 -0.000000 -0.000001 0.000000 1.064605 6.106796 -17.986830 0.403309 -0.722682 3.796765 -0.258293 0.700177 -2.825105 -0.000001 -0.000000 -0.000001 -0.147090 3.462773 -18.868686 0.011369 -0.312691 1.233031 0.037754 -0.507806 2.218876 0.000001 -0.000000 -0.000000 -0.017365 3.250383 -14.774958 -0.033510 -0.123155 0.645986 -0.220308 -0.869020 4.994308 -0.000001 0.000000 -0.000000 -2.802241 2.698388 -15.757429 0.295846 0.328869 -2.547867 -1.501935 -2.748283 16.449764 -0.000000 -0.000001 0.000001 -53.599168 -1.330429 47.912793 -0.435375 9.251537 7.343594 -19.808599 12.776714 9.127841 20.058649 -0.000026 0.000004 0.000004 0.000001 0.000000 -1.986102 -7.984684 -22.750097 94.335684 2.639279 1.319988 46.831609 8.491960 18.314935 -11.680867 -0.000003 0.000025 -0.000002 -0.000001 0.000000 
75.408058 94.054123 37.874969 2.246859 -44.297994 -198.512358 4.388829 -12.315497 -7.614911 -1.573791 -2.796195 -5.832952 -1.587993 -2.450147 -5.979318 -13.637351 -1.426919 -4.032370 -49.303946 -28.988320 -18.544192 -0.000001 -0.000000 0.000000 4.829644 -15.777255 13.749065 -37.736775 -49.441035 -0.713000 181.498262 -56.706051 181.807942 31.581323 -29.272575 -3.634563 -74.515629 52.164149 -20.869452 -28.563653 20.412130 39.085139 -16.449450 -20.842496 10.682545 -0.000000 0.000004 -0.000000 7.281277 -2.098858 -43.742277 5.471086 6.458415 -37.750186 2.849384 4.339684 -23.091029 -0.000001 -0.000001 0.000001 4.364697 6.873220 -53.746663 5.615874 10.630405 -59.152163 4.890220 9.748018 -57.789015 -0.000000 0.000000 0.000000 1.310260 5.865171 -71.206764 2.476454 13.273525 -65.308008 0.988414 10.918652 -52.253881 -0.000001 -0.000000 -0.000002 -4.745396 4.919226 -73.908070 1.901357 14.925596 -69.159989 3.177251 16.222592 -78.754321 0.000001 0.000000 -0.000001 -5.936994 -7.366264 -24.318626 -103.368056 -17.562795 37.286214 -0.863340 41.496476 1.318443 56.363701 -4.790071 -72.479126 -59.605299 -4.053394 15.495194 2.552518 -8.038874 -0.590451 -8.309709 11.525499 -11.506436 -0.000000 -0.000001 -0.000000 1.060540 6.096390 -17.921937 0.403312 -0.722679 3.796763 -0.258288 0.700191 -2.825112 -0.000001 -0.000000 -0.000001 -0.149602 3.456122 -18.869926 0.011368 -0.312693 1.233115 0.037757 -0.507803 2.218900 0.000001 -0.000000 0.000001 -0.018320 3.237987 -14.701040 -0.033520 -0.123180 0.646211 -0.220310 -0.869029 4.994379 -0.000000 -0.000000 -0.000000 -2.789904 2.683914 -15.758240 0.295849 0.328867 -2.547875 -1.501935 -2.748292 16.449749 -0.000001 -0.000001 -0.000003 -52.922259 -0.785558 47.636622 -0.447853 9.290332 7.349330 -19.079526 13.204186 9.267774 19.494921 -0.000018 -0.000011 -0.000001 -0.000001 0.000000 -2.339667 -9.162946 -22.762265 93.363816 2.590825 1.534725 47.690030 8.492609 19.233143 -15.639526 -0.000004 0.000028 0.000000 -0.000001 -0.000000 
75.375313 94.105949 38.200130 2.639735 -44.555902 -198.225053 4.447025 -12.255494 -7.579275 -1.585453 -2.784221 -5.801230 -1.596333 -2.441838 -5.946003 -13.667017 -1.429982 -3.995755 -49.180572 -28.872801 -19.073798 0.000000 0.000001 -0.000000 4.791038 -15.638480 13.619300 -37.174469 -49.221075 -0.459624 181.485312 -56.478759 181.797205 32.008145 -28.698314 -3.202789 -74.554397 52.130910 -20.786965 -28.740709 20.600100 39.299922 -16.450405 -20.926236 10.594386 0.000003 0.000001 -0.000001 7.291645 -2.075974 -43.963336 5.499427 6.475001 -37.896102 2.856056 4.346425 -23.132937 -0.000001 -0.000001 0.000001 4.421761 6.920404 -54.033073 5.656393 10.654854 -59.384335 4.917552 9.767399 -57.952973 0.000001 0.000000 0.000000 1.352248 5.923831 -71.530263 2.514230 13.312093 -65.564113 1.009947 10.953154 -52.447066 -0.000001 0.000000 0.000001 -4.785690 4.965301 -74.138903 1.953400 14.981422 -69.497387 3.191155 16.233737 -78.832261 0.000001 -0.000001 0.000000 -5.887389 -7.186000 -24.288955 -103.382501 -16.991439 37.243543 -0.866248 41.590231 1.320351 56.567101 -5.106543 -72.074178 -59.606678 -4.052007 15.495584 2.552498 -8.038912 -0.590432 -8.309589 11.525639 -11.506752 -0.000002 -0.000002 0.000002 1.056890 6.087179 -17.863940 0.403308 -0.722646 3.796765 -0.258287 0.700188 -2.825108 -0.000000 0.000001 -0.000000 -0.151853 3.450155 -18.871053 0.011370 -0.312722 1.233204 0.037754 -0.507802 2.218899 0.000000 0.000000 -0.000001 -0.019179 3.226821 -14.634963 -0.033533 -0.123216 0.646452 -0.220314 -0.869037 4.994431 -0.000000 0.000001 0.000001 -2.778841 2.670411 -15.759031 0.295847 0.328887 -2.547882 -1.501936 -2.748292 16.449763 0.000000 -0.000001 -0.000002 -52.311838 -0.296894 47.410153 -0.445624 9.327195 7.315011 -17.995834 13.409081 9.067296 18.908578 -0.000030 0.000008 0.000001 0.000000 0.000000 -2.527431 -10.052906 -22.556650 92.317745 2.513691 1.615415 48.446081 7.910978 20.734069 -19.438425 -0.000009 0.000028 -0.000000 0.000005 -0.000000 
75.350655 94.144196 38.547722 3.018133 -44.846974 -197.930399 4.465882 -12.271472 -7.615652 -1.608527 -2.779143 -5.789261 -1.616134 -2.441620 -5.932009 -13.669569 -1.423607 -3.994732 -49.103616 -28.721389 -19.563634 0.000000 -0.000001 -0.000000 4.748989 -15.497100 13.477309 -36.662120 -49.020534 -0.252919 181.473782 -56.273509 181.787670 32.420896 -28.105853 -2.767042 -74.586000 52.106659 -20.726019 -28.839962 20.732773 39.442894 -16.450205 -20.975012 10.529185 0.000003 0.000004 0.000004 7.295029 -2.056628 -44.104676 5.517359 6.485454 -37.988296 2.860127 4.350518 -23.158503 -0.000001 0.000001 0.000001 4.453315 6.946252 -54.196926 5.681909 10.670130 -59.530290 4.934741 9.779534 -58.055939 -0.000000 0.000000 0.000001 1.370249 5.953072 -71.703681 2.538086 13.336258 -65.725080 1.023539 10.974762 -52.568421 -0.000000 0.000000 -0.000001 -4.812214 4.994006 -74.283642 1.987097 15.017199 -69.714593 3.185234 16.229004 -78.799134 0.000001 0.000000 -0.000002 -5.821125 -6.962829 -24.285567 -103.330250 -16.482826 37.167864 -0.862923 41.482789 1.318186 56.685434 -5.331146 -71.818298 -59.606241 -4.052854 15.496273 2.552500 -8.038926 -0.590376 -8.309518 11.525718 -11.507054 -0.000002 -0.000006 -0.000002 1.054602 6.081439 -17.827697 0.403311 -0.722658 3.796772 -0.258294 0.700179 -2.825115 0.000000 0.000001 -0.000000 -0.152646 3.448043 -18.871572 0.011368 -0.312728 1.233301 0.037754 -0.507824 2.218887 0.000001 0.000000 -0.000000 -0.019704 3.219852 -14.593664 -0.033542 -0.123251 0.646673 -0.220312 -0.869057 4.994495 0.000001 0.000000 0.000001 -2.771103 2.660856 -15.759564 0.295846 0.328877 -2.547889 -1.501930 -2.748281 16.449775 0.000000 -0.000000 -0.000002 -51.806343 0.145396 47.297622 -0.445464 9.363349 7.155608 -16.908366 12.654718 8.542822 19.063859 -0.000027 0.000004 0.000006 -0.000001 -0.000001 -2.343784 -10.487927 -22.026771 91.284563 2.176617 1.579130 48.971869 7.832404 22.298766 -22.927647 -0.000011 0.000030 -0.000000 0.000002 -0.000000 
75.333519 94.188995 38.906151 3.406457 -45.131151 -197.626524 4.464733 -12.309394 -7.688415 -1.636779 -2.779603 -5.788660 -1.640971 -2.445231 -5.929854 -13.652951 -1.408287 -4.025956 -49.015364 -28.550100 -19.952280 0.000000 0.000001 -0.000001 4.703670 -15.353304 13.322106 -36.196031 -48.839182 -0.088934 181.463728 -56.093608 181.779379 32.818253 -27.491146 -2.324572 -74.610671 52.090929 -20.685639 -28.863351 20.812905 39.515667 -16.448919 -20.989958 10.485897 0.000000 0.000007 -0.000003 7.291682 -2.040667 -44.169037 5.525190 6.490002 -38.028601 2.861692 4.352093 -23.168244 -0.000001 -0.000001 0.000001 4.460315 6.952053 -54.243655 5.692873 10.676673 -59.592861 4.942126 9.784698 -58.100021 -0.000001 -0.000000 0.000000 1.365503 5.954592 -71.734205 2.548317 13.346593 -65.794147 1.029363 10.984048 -52.620395 0.000000 0.000001 -0.000001 -4.825529 5.005611 -74.345291 2.002800 15.033760 -69.815523 3.160642 16.209282 -78.661076 -0.000001 0.000001 -0.000002 -5.738693 -6.694813 -24.302634 -103.222306 -16.013657 37.046628 -0.856835 41.284272 1.314224 56.728809 -5.511249 -71.639286 -59.604459 -4.055266 15.497211 2.552510 -8.038987 -0.590368 -8.309522 11.525789 -11.507313 -0.000002 0.000000 0.000001 1.053536 6.078826 -17.810762 0.403308 -0.722647 3.796751 -0.258295 0.700170 -2.825099 -0.000000 -0.000000 -0.000000 -0.152968 3.447214 -18.871866 0.011367 -0.312730 1.233380 0.037758 -0.507817 2.218897 0.000001 0.000001 -0.000001 -0.019951 3.216597 -14.574346 -0.033551 -0.123299 0.646867 -0.220319 -0.869058 4.994566 -0.000000 0.000001 -0.000001 -2.766325 2.654982 -15.759862 0.295843 0.328883 -2.547865 -1.501932 -2.748314 16.449773 -0.000001 -0.000002 0.000001 -51.396016 0.416357 47.215021 -0.414725 9.345623 7.115156 -15.461470 11.944419 8.139980 18.782482 -0.000013 -0.000000 0.000000 -0.000001 -0.000001 -2.190993 -10.695161 -21.290519 90.576341 2.234939 1.582704 48.665941 7.717672 22.178640 -25.816942 -0.000002 0.000047 -0.000001 0.000002 0.000000 
75.307045 94.235962 39.274830 3.809010 -45.413248 -197.322253 4.463449 -12.362719 -7.761630 -1.663828 -2.782686 -5.791168 -1.664379 -2.448225 -5.926812 -13.625134 -1.384474 -4.086071 -48.858884 -28.375188 -20.178725 -0.000000 0.000002 -0.000000 4.655278 -15.207261 13.152655 -35.772785 -48.676672 0.035958 181.455382 -55.942333 181.772507 33.198708 -26.850105 -1.872620 -74.628751 52.083321 -20.665038 -28.813194 20.842756 39.520608 -16.447140 -20.972207 10.463326 -0.000000 0.000000 -0.000003 7.281347 -2.028558 -44.159212 5.523293 6.488897 -38.018920 2.860796 4.351207 -23.162700 -0.000002 -0.000001 0.000002 4.444030 6.938850 -54.178802 5.689727 10.674814 -59.575014 4.939981 9.783221 -58.087275 -0.000001 -0.000000 0.000001 1.339400 5.929938 -71.629307 2.545422 13.343634 -65.774469 1.027677 10.981377 -52.605386 0.000001 0.000000 -0.000001 -4.826195 5.000605 -74.326761 2.001071 15.031950 -69.804322 3.118333 16.175035 -78.422873 -0.000000 0.000000 0.000000 -5.640534 -6.380028 -24.334567 -103.074385 -15.554064 36.867572 -0.851250 41.101695 1.310595 56.713014 -5.693307 -71.462801 -59.604377 -4.055790 15.497815 2.552485 -8.039016 -0.590323 -8.309516 11.525837 -11.507524 0.000000 -0.000004 0.000002 1.053519 6.078865 -17.810659 0.403311 -0.722665 3.796768 -0.258294 0.700168 -2.825112 0.000000 -0.000000 -0.000000 -0.152893 3.447441 -18.871992 0.011371 -0.312763 1.233459 0.037757 -0.507801 2.218911 0.000001 -0.000000 -0.000000 -0.019952 3.216577 -14.574230 -0.033563 -0.123306 0.647078 -0.220321 -0.869077 4.994631 -0.000000 0.000000 0.000002 -2.764874 2.653375 -15.759794 0.295842 0.328865 -2.547886 -1.501933 -2.748300 16.449768 -0.000001 -0.000001 -0.000000 -51.138955 0.585835 47.172862 -0.377300 9.273829 7.084710 -13.502554 11.911391 7.873886 18.250009 -0.000053 -0.000016 0.000004 0.000000 -0.000000 -1.968583 -10.610420 -20.384619 90.040492 2.709252 1.678261 47.500824 8.662124 21.540728 -27.572856 -0.000006 0.000053 -0.000000 -0.000000 -0.000000 
75.283165 94.288246 39.662132 4.234462 -45.688293 -197.000756 4.476957 -12.416372 -7.823264 -1.683535 -2.787791 -5.788307 -1.680858 -2.454425 -5.922440 -13.593989 -1.352658 -4.171757 -48.578023 -28.212660 -20.182545 0.000001 -0.000002 0.000000 4.603967 -15.059177 12.967898 -35.389191 -48.532667 0.125154 181.448838 -55.822911 181.767125 33.560479 -26.178734 -1.408439 -74.640628 52.083297 -20.663066 -28.692136 20.824388 39.460591 -16.443320 -20.922819 10.460940 0.000005 0.000001 -0.000001 7.265323 -2.019170 -44.077840 5.512057 6.482370 -37.961037 2.857552 4.347930 -23.142409 -0.000001 -0.000001 0.000002 4.405781 6.907587 -54.007887 5.673055 10.664835 -59.479685 4.928696 9.775290 -58.019814 0.000000 0.000000 0.000000 1.293561 5.880424 -71.396350 2.529811 13.327899 -65.669393 1.018818 10.967300 -52.526402 0.000001 -0.000000 0.000001 -4.814656 4.979573 -74.230967 1.982531 15.012344 -69.685094 3.059404 16.126877 -78.089805 0.000000 0.000001 -0.000004 -5.527126 -6.016573 -24.375601 -102.894723 -15.084375 36.621695 -0.849069 41.030630 1.309177 56.644156 -5.918749 -71.225916 -59.604493 -4.056130 15.498440 2.552476 -8.039040 -0.590320 -8.309601 11.525937 -11.507668 -0.000002 -0.000002 0.000001 1.054419 6.081276 -17.824982 0.403308 -0.722656 3.796763 -0.258288 0.700164 -2.825100 -0.000000 -0.000000 -0.000001 -0.152479 3.448567 -18.871992 0.011372 -0.312772 1.233532 0.037752 -0.507823 2.218914 -0.000000 -0.000000 0.000000 -0.019716 3.219416 -14.590543 -0.033576 -0.123364 0.647268 -0.220321 -0.869076 4.994674 0.000000 0.000000 0.000001 -2.765029 2.653914 -15.759603 0.295842 0.328850 -2.547880 -1.501933 -2.748292 16.449759 -0.000001 -0.000001 0.000000 -51.036601 0.663740 47.182400 -0.337078 9.112532 7.133931 -11.493116 12.470753 7.576648 18.068926 -0.000006 -0.000013 0.000004 -0.000001 -0.000001 -1.776099 -10.372757 -19.593784 89.843796 2.977516 1.807080 45.718097 9.755798 20.924201 -28.357726 0.000022 0.000056 -0.000001 -0.000002 -0.000000 
75.278625 94.340927 40.055359 4.694207 -45.944968 -196.651228 4.510861 -12.485751 -7.889343 -1.693748 -2.800045 -5.776508 -1.688408 -2.470430 -5.915869 -13.558101 -1.306854 -4.300148 -48.058990 -28.083226 -19.794974 0.000000 0.000000 0.000000 4.549960 -14.909237 12.766786 -35.042248 -48.406620 0.181851 181.444235 -55.738619 181.763341 33.901449 -25.472934 -0.929314 -74.646509 52.090496 -20.678958 -28.502951 20.759296 39.338816 -16.439200 -20.842951 10.477119 0.000002 0.000005 -0.000001 7.243936 -2.012461 -43.927665 5.491775 6.470543 -37.856798 2.852086 4.342396 -23.107946 -0.000001 -0.000001 0.000002 4.347049 6.859045 -53.736503 5.643381 10.647049 -59.309879 4.908662 9.761110 -57.899698 0.000001 0.000000 0.000000 1.229770 5.807397 -71.042758 2.502133 13.299772 -65.482137 1.003059 10.942159 -52.385427 -0.000000 -0.000000 0.000002 -4.791489 4.943424 -74.060479 1.947991 14.975639 -69.462300 2.985052 16.065327 -77.667249 -0.000000 -0.000000 0.000001 -5.399046 -5.602468 -24.420100 -102.678254 -14.597591 36.315590 -0.849314 41.038867 1.309326 56.481997 -6.177076 -70.955967 -59.604882 -4.056165 15.498958 2.552471 -8.039076 -0.590280 -8.309703 11.525954 -11.507842 -0.000003 -0.000001 -0.000001 1.056089 6.085585 -17.851251 0.403306 -0.722674 3.796764 -0.258290 0.700178 -2.825115 -0.000000 0.000001 -0.000001 -0.151807 3.450372 -18.871855 0.011374 -0.312788 1.233592 0.037752 -0.507819 2.218914 0.000001 -0.000000 0.000000 -0.019300 3.224587 -14.620472 -0.033580 -0.123372 0.647453 -0.220323 -0.869095 4.994742 -0.000000 -0.000000 -0.000000 -2.766476 2.656137 -15.759301 0.295845 0.328870 -2.547880 -1.501933 -2.748287 16.449759 -0.000000 0.000000 -0.000002 -51.022572 0.653853 47.271394 -0.325390 9.046918 7.127023 -9.332014 12.633517 7.197327 17.806856 -0.000017 -0.000019 0.000000 0.000001 0.000001 -1.927686 -10.146758 -18.763616 90.007311 3.046717 1.945904 44.982031 10.519005 20.629685 -28.141081 0.000017 0.000047 -0.000000 -0.000003 -0.000000 
75.279099 94.383400 40.473969 5.186065 -46.204310 -196.267289 4.543091 -12.559770 -7.957259 -1.695349 -2.812447 -5.773025 -1.687845 -2.484086 -5.912149 -13.490389 -1.239740 -4.505361 -47.434643 -27.915137 -19.025769 0.000000 -0.000001 0.000001 4.493430 -14.757635 12.548217 -34.728930 -48.297941 0.209161 181.441735 -55.692775 181.761292 34.219374 -24.728739 -0.432427 -74.646639 52.104429 -20.711838 -28.248769 20.648873 39.159083 -16.434398 -20.733756 10.511002 -0.000002 0.000002 0.000004 7.216406 -2.009638 -43.711582 5.462911 6.453625 -37.708091 2.844423 4.334651 -23.059810 0.000000 0.000000 -0.000001 4.269379 6.793848 -53.370207 5.601298 10.621556 -59.068494 4.880262 9.740891 -57.729046 -0.000001 0.000000 0.000001 1.149963 5.711885 -70.576037 2.462931 13.259620 -65.215999 0.980759 10.906300 -52.184879 -0.000001 0.000001 -0.000001 -4.757181 4.893273 -73.818069 1.898287 14.922288 -69.140147 2.896549 15.990779 -77.160729 -0.000001 -0.000000 -0.000002 -5.256971 -5.135713 -24.462514 -102.413243 -14.098622 35.952511 -0.851981 41.124907 1.311060 56.280069 -6.471644 -70.649844 -59.605408 -4.056015 15.499509 2.552466 -8.039099 -0.590258 -8.309822 11.525847 -11.507981 -0.000001 -0.000007 0.000001 1.058350 6.091391 -17.887036 0.403308 -0.722669 3.796768 -0.258291 0.700172 -2.825119 0.000000 0.000000 -0.000000 -0.150957 3.452647 -18.871644 0.011369 -0.312790 1.233636 0.037758 -0.507810 2.218925 0.000001 0.000000 -0.000000 -0.018733 3.231591 -14.661250 -0.033591 -0.123417 0.647610 -0.220324 -0.869115 4.994808 0.000000 0.000000 0.000000 -2.770401 2.661758 -15.758744 0.295845 0.328844 -2.547884 -1.501937 -2.748272 16.449764 -0.000001 -0.000001 -0.000001 -51.144159 0.563130 47.358742 -0.334679 9.008355 7.192067 -6.965723 12.801626 6.581769 18.247405 -0.000015 0.000000 0.000000 -0.000001 0.000001 -1.832117 -10.073042 -18.122032 89.993849 2.922117 2.077375 44.833734 11.242129 20.055611 -27.538375 0.000008 0.000050 0.000001 0.000004 0.000000 
75.283943 94.415710 40.915409 5.718836 -46.461501 -195.845170 4.560513 -12.580210 -8.002336 -1.684630 -2.813961 -5.795667 -1.676413 -2.484795 -5.934736 -13.378303 -1.149374 -4.804118 -46.863502 -27.646579 -17.958224 0.000000 -0.000003 0.000001 4.434663 -14.604582 12.311183 -34.446614 -48.205969 0.209930 181.441475 -55.688612 181.761087 34.511563 -23.942282 0.085041 -74.641373 52.124701 -20.760703 -27.932827 20.494170 38.925395 -16.429050 -20.596323 10.561528 -0.000000 -0.000002 -0.000000 7.183535 -2.010171 -43.432305 5.425857 6.431742 -37.516774 2.834677 4.324785 -22.998567 -0.000001 -0.000001 0.000001 4.174402 6.712628 -52.914695 5.547379 10.588588 -58.758540 4.843858 9.714822 -57.509913 0.000002 0.000000 -0.000000 1.056044 5.595111 -70.003681 2.412857 13.207830 -64.874305 0.952288 10.860142 -51.927220 0.000000 -0.000001 0.000003 -4.711969 4.829578 -73.507042 1.834321 14.852726 -68.722467 2.795154 15.903672 -76.575744 -0.000000 0.000000 -0.000003 -5.101701 -4.614309 -24.496794 -102.084841 -13.616667 35.507217 -0.858865 41.349658 1.315538 56.101016 -6.820865 -70.266261 -59.605825 -4.055920 15.500090 2.552466 -8.039126 -0.590240 -8.309959 11.525613 -11.508173 -0.000001 -0.000001 0.000001 1.061107 6.098383 -17.929899 0.403311 -0.722695 3.796769 -0.258289 0.700181 -2.825119 -0.000001 0.000001 -0.000001 -0.149264 3.457172 -18.871072 0.011374 -0.312800 1.233691 0.037755 -0.507824 2.218919 0.000000 0.000001 0.000001 -0.018037 3.240020 -14.710081 -0.033594 -0.123443 0.647754 -0.220329 -0.869111 4.994864 -0.000000 -0.000000 0.000001 -2.775875 2.669407 -15.758059 0.295847 0.328879 -2.547870 -1.501932 -2.748281 16.449764 -0.000001 -0.000001 0.000000 -51.376205 0.396365 47.502002 -0.320622 8.991738 7.227243 -4.299345 12.728388 5.887861 18.127841 -0.000055 -0.000025 -0.000001 0.000002 0.000001 -1.550712 -10.111684 -17.616098 89.862285 2.634975 2.203710 45.152130 11.899726 19.225258 -26.579722 0.000006 0.000031 -0.000000 0.000002 0.000000 
75.300056 94.432213 41.379375 6.298352 -46.719464 -195.377001 4.572680 -12.580919 -8.020913 -1.670418 -2.810115 -5.821808 -1.662103 -2.479823 -5.960771 -13.217546 -1.039707 -5.175610 -46.298516 -27.272010 -16.624564 0.000000 -0.000000 0.000000 4.373831 -14.450262 12.054629 -34.192600 -48.130096 0.186909 181.443716 -55.729443 181.762931 34.774996 -23.109680 0.626128 -74.630936 52.150840 -20.824753 -27.558526 20.296086 38.642079 -16.423311 -20.431799 10.627598 0.000003 0.000004 0.000004 7.145634 -2.014169 -43.092579 5.380965 6.405027 -37.284674 2.822935 4.312897 -22.924710 -0.000000 0.000000 0.000000 4.063786 6.615909 -52.375520 5.482335 10.548262 -58.383030 4.799894 9.683037 -57.244440 0.000000 0.000000 0.000000 0.950138 5.458127 -69.333148 2.352634 13.144625 -64.460300 0.918054 10.803972 -51.614958 -0.000003 -0.000001 0.000000 -4.656191 4.753313 -73.130207 1.757071 14.767274 -68.213530 2.682153 15.804487 -75.917764 0.000001 0.000001 -0.000004 -4.934333 -4.036092 -24.517656 -101.709563 -13.077270 35.040431 -0.869200 41.685570 1.322290 55.941783 -7.244970 -69.812484 -59.606043 -4.056004 15.500713 2.552449 -8.039148 -0.590210 -8.310090 11.525262 -11.508347 0.000002 -0.000001 0.000001 1.064158 6.106082 -17.977391 0.403308 -0.722646 3.796775 -0.258290 0.700175 -2.825107 -0.000000 -0.000000 -0.000001 -0.147388 3.462182 -18.870435 0.011372 -0.312791 1.233724 0.037755 -0.507816 2.218929 0.000001 0.000000 -0.000000 -0.017245 3.249399 -14.764198 -0.033604 -0.123462 0.647883 -0.220333 -0.869137 4.994919 -0.000001 0.000001 -0.000001 -2.782710 2.678807 -15.757263 0.295843 0.328868 -2.547878 -1.501928 -2.748293 16.449763 -0.000000 -0.000001 0.000001 -51.584338 0.107100 47.536669 -0.303687 8.828916 7.518362 -1.370688 12.759438 4.778831 17.687362 -0.000030 0.000003 0.000001 -0.000001 -0.000001 -1.147570 -10.234014 -17.186701 89.666122 2.203702 2.326902 45.817947 12.463974 18.157873 -25.295073 -0.000003 0.000030 -0.000000 -0.000001 -0.000000 
75.311630 94.443871 41.853363 6.940639 -46.953893 -194.866690 4.588888 -12.535790 -7.959080 -1.662388 -2.801002 -5.828153 -1.653936 -2.471061 -5.966674 -12.971713 -0.906163 -5.633301 -45.749478 -26.711628 -14.978943 -0.000001 0.000001 -0.000000 4.311241 -14.294931 11.777428 -33.964383 -48.069505 0.142740 181.448565 -55.818474 181.766893 35.006506 -22.227331 1.193978 -74.615302 52.182556 -20.903152 -27.129499 20.055420 38.313748 -16.417377 -20.241320 10.708166 0.000006 0.000005 -0.000001 7.103055 -2.021737 -42.695181 5.328692 6.373591 -37.013680 2.809329 4.299028 -22.838862 -0.000000 -0.000001 0.000004 3.939342 6.504214 -51.758415 5.406765 10.500651 -57.944907 4.748782 9.645689 -56.934729 0.000000 -0.000000 0.000000 0.834299 5.302054 -68.572033 2.282935 13.070346 -63.977439 0.878513 10.738216 -51.250598 0.000001 0.000000 0.000002 -4.590346 4.666003 -72.690357 1.667583 14.666317 -67.617575 2.558969 15.693555 -75.192371 0.000000 0.000000 0.000003 -4.756199 -3.398914 -24.519435 -101.316260 -12.377703 34.622526 -0.884298 42.167313 1.332216 55.858947 -7.801483 -69.241569 -59.606364 -4.056231 15.501427 2.552460 -8.039182 -0.590181 -8.310229 11.524823 -11.508514 -0.000001 0.000001 0.000000 1.067395 6.114187 -18.027050 0.403308 -0.722685 3.796776 -0.258287 0.700180 -2.825117 -0.000000 0.000000 -0.000001 -0.145420 3.467453 -18.869743 0.011376 -0.312809 1.233747 0.037752 -0.507822 2.218929 0.000000 -0.000000 -0.000000 -0.016517 3.258890 -14.820850 -0.033606 -0.123489 0.648000 -0.220334 -0.869141 4.994981 0.000000 -0.000000 0.000001 -2.790753 2.689570 -15.756314 0.295848 0.328894 -2.547874 -1.501932 -2.748300 16.449761 -0.000000 -0.000001 0.000000 -51.884716 -0.215170 47.593212 -0.302836 8.756276 7.724371 1.479489 12.836471 3.986254 17.650800 -0.000013 0.000006 0.000004 -0.000001 -0.000001 -0.684585 -10.384278 -16.796625 89.449537 1.687341 2.448418 46.717801 12.909088 16.877514 -23.714497 0.000012 0.000044 0.000000 0.000001 -0.000000 
75.333618 94.435699 42.339695 7.646648 -47.179477 -194.301301 4.602106 -12.501962 -8.060339 -1.639530 -2.782957 -5.847471 -1.629490 -2.452671 -5.984917 -12.805510 -0.828535 -5.848623 -45.409522 -26.185716 -14.163997 0.000001 -0.000001 -0.000000 4.247091 -14.138734 11.478603 -33.759474 -48.023511 0.079997 181.456297 -55.959047 181.773272 35.202262 -21.291723 1.791963 -74.595016 52.219245 -20.994885 -26.649341 19.772843 37.945174 -16.411416 -20.026000 10.802156 0.000003 0.000000 0.000003 7.056072 -2.033018 -42.242862 5.269463 6.337577 -36.705631 2.793894 4.283293 -22.741533 -0.000002 0.000000 0.000002 3.802774 6.378056 -51.068979 5.321339 10.445873 -57.447198 4.690965 9.602945 -56.582896 0.000002 0.000001 0.000001 0.710633 5.128064 -67.727685 2.204572 12.985257 -63.429009 0.834087 10.663166 -50.836627 0.000001 -0.000001 0.000003 -4.514782 4.568647 -72.190298 1.566976 14.550147 -66.938852 2.426861 15.571387 -74.405007 0.000001 0.000001 0.000000 -4.536467 -2.659567 -24.672841 -100.914262 -11.869452 33.887908 -0.885763 42.214052 1.333181 55.601698 -8.146159 -68.971107 -59.817000 -3.819665 15.465109 2.552460 -8.039192 -0.590162 -8.310384 11.524288 -11.508702 -0.000001 -0.000005 0.000001 1.069689 6.119938 -18.061520 0.403308 -0.722670 3.796759 -0.258289 0.700196 -2.825104 0.000000 0.000000 -0.000000 -0.146251 3.498118 -19.132967 0.011375 -0.312794 1.233765 0.037756 -0.507826 2.218948 0.000000 -0.000000 0.000001 -0.016211 3.264775 -14.860326 -0.033623 -0.123514 0.648104 -0.220330 -0.869138 4.995036 0.000000 0.000000 0.000001 -2.750498 2.728233 -16.078878 0.295847 0.328860 -2.547884 -1.501934 -2.748292 16.449761 -0.000001 -0.000001 -0.000001 -52.894006 -1.533205 47.532120 1.909498 9.008266 8.044131 3.575438 13.272567 2.684443 17.634237 -0.000015 -0.000012 0.000001 -0.000001 -0.000001 -0.225919 -10.547833 -16.380274 89.254651 1.086801 2.569971 47.734495 13.212497 15.416492 -21.868015 0.000004 0.000035 -0.000000 0.000001 -0.000001 
75.386246 94.395180 42.837456 8.419355 -47.407465 -193.669973 4.619898 -12.402927 -8.226317 -1.618665 -2.738552 -5.899508 -1.606703 -2.406348 -6.034830 -12.706726 -0.793962 -5.957797 -45.160275 -25.852322 -13.730163 -0.000000 0.000001 -0.000000 4.181711 -13.981996 11.156994 -33.575513 -47.991225 0.001108 181.467089 -56.154373 181.782152 35.358414 -20.299589 2.423801 -74.570291 52.260342 -21.099240 -26.121814 19.449027 37.541209 -16.405626 -19.786997 10.908514 -0.000000 -0.000000 -0.000002 7.005040 -2.048112 -41.738412 5.203660 6.297044 -36.362435 2.776781 4.265764 -22.633252 0.000001 -0.000000 0.000002 3.655849 6.237930 -50.312840 5.226771 10.384001 -56.892935 4.626857 9.554869 -56.190990 0.000002 0.000000 0.000001 0.581239 4.937338 -66.807706 2.118284 12.889589 -62.818349 0.785261 10.579186 -50.375579 -0.000003 -0.000000 0.000002 -4.429895 4.462319 -71.632818 1.456399 14.419105 -66.181740 2.287185 15.438374 -73.561199 0.000000 -0.000001 -0.000003 -4.311100 -1.827354 -24.659416 -100.418152 -11.233654 32.977622 -0.884921 42.187442 1.332631 55.346184 -8.508629 -68.792265 -60.046638 -3.562674 15.424813 2.552439 -8.039155 -0.590145 -8.310491 11.523666 -11.508916 0.000000 0.000001 -0.000001 1.069904 6.121837 -18.066136 0.403310 -0.722677 3.796765 -0.258291 0.700160 -2.825115 -0.000000 0.000000 -0.000001 -0.147801 3.514370 -19.296295 0.011376 -0.312808 1.233758 0.037751 -0.507812 2.218936 0.000001 0.000000 -0.000000 -0.016518 3.264583 -14.866013 -0.033618 -0.123499 0.648186 -0.220336 -0.869174 4.995083 -0.000000 0.000001 -0.000001 -2.726526 2.747517 -16.266309 0.295850 0.328869 -2.547878 -1.501935 -2.748287 16.449773 0.000000 -0.000001 0.000000 -53.892559 -2.560813 47.668099 3.820269 9.119614 7.798476 5.710594 13.496419 1.519813 17.617979 -0.000034 0.000010 -0.000001 -0.000003 -0.000001 0.154474 -10.708577 -15.873891 89.131189 0.403493 2.693485 48.751233 13.355458 13.812765 -19.785777 0.000014 0.000027 -0.000000 -0.000001 -0.000001 
75.431282 94.351753 43.332684 9.281592 -47.589254 -192.985889 4.643560 -12.245370 -8.407016 -1.599585 -2.683768 -5.969442 -1.585537 -2.348729 -6.102269 -12.639280 -0.776515 -6.021990 -44.940169 -25.597814 -13.464035 0.000000 -0.000001 -0.000000 4.115341 -13.824901 10.811561 -33.410150 -47.971909 -0.091526 181.481309 -56.407756 181.793886 35.470412 -19.247989 3.093588 -74.541399 52.305445 -21.215263 -25.550725 19.084638 37.106966 -16.400160 -19.525407 11.026155 0.000003 0.000006 0.000001 6.950305 -2.067148 -41.184596 5.131768 6.252133 -35.985863 2.758048 4.246499 -22.514557 -0.000000 -0.000001 -0.000000 3.500374 6.084461 -49.495707 5.123760 10.315058 -56.285048 4.556952 9.501673 -55.761193 0.000001 0.000001 0.000001 0.448148 4.731200 -65.819507 2.024847 12.783630 -62.148813 0.732503 10.486584 -49.869957 -0.000000 0.000001 0.000000 -4.336038 4.348213 -71.020724 1.336971 14.273490 -65.350410 2.141253 15.295042 -72.666437 0.000000 0.000001 -0.000005 -4.027133 -0.882333 -24.836900 -99.804206 -10.890466 31.879874 -0.886853 42.249064 1.333903 55.044228 -8.909008 -68.693965 -60.291521 -3.290579 15.379795 2.552437 -8.039172 -0.590096 -8.310988 11.522961 -11.509028 -0.000004 -0.000003 0.000001 1.050160 6.176689 -18.398103 0.414440 -0.739503 3.896573 -0.200381 0.582869 -2.174003 0.000000 -0.000000 -0.000000 -0.149701 3.518259 -19.368161 0.011366 -0.312785 1.233754 0.037765 -0.507829 2.218941 0.000001 0.000000 0.000000 -0.017319 3.258765 -14.840097 -0.033628 -0.123540 0.648243 -0.220332 -0.869156 4.995120 0.000000 -0.000000 -0.000001 -2.716940 2.750695 -16.330808 0.295846 0.328860 -2.547886 -1.501933 -2.748285 16.449770 0.000000 -0.000001 0.000001 -54.370710 -3.068156 47.652922 4.417042 9.139284 7.742469 8.271318 13.596816 0.446655 17.804809 -0.000003 0.000008 0.000001 -0.000002 0.000001 0.411667 -10.788478 -15.257516 89.103684 -0.270996 2.819400 49.651340 13.331116 12.124429 -17.497632 0.000012 0.000038 -0.000000 0.000001 0.000000 
75.440140 94.240692 43.909012 10.538249 -47.651617 -192.028624 4.673286 -12.025351 -8.563267 -1.574080 -2.617476 -6.021177 -1.558022 -2.281036 -6.150701 -12.571179 -0.776666 -6.060261 -44.793337 -25.419213 -13.246136 0.000001 -0.000001 -0.000000 4.028636 -13.660181 10.314030 -33.440794 -48.064830 -0.341960 181.516047 -57.013655 181.822737 35.418486 -17.865266 4.018535 -74.508601 52.353984 -21.342109 -24.939857 18.680400 36.647418 -16.395275 -19.242400 11.154028 0.000006 0.000005 -0.000001 6.892213 -2.090278 -40.584199 5.054206 6.202929 -35.577895 2.737802 4.225580 -22.385988 -0.000000 -0.000002 0.000003 3.338072 5.918219 -48.623171 5.012978 10.239160 -55.626611 4.481639 9.443431 -55.295596 -0.000002 -0.000001 -0.000001 0.313311 4.511044 -64.770493 1.925099 12.667583 -61.423761 0.676266 10.385744 -49.322241 -0.000001 -0.000001 -0.000001 -4.233686 4.227645 -70.356822 1.210009 14.113543 -64.449242 1.990347 15.141913 -71.726228 0.000001 0.000002 -0.000004 -3.700173 0.152462 -25.076213 -98.998135 -10.535063 31.041799 -0.893684 42.463563 1.338452 54.777574 -9.537001 -68.641851 -60.547831 -3.008748 15.329526 2.552443 -8.039145 -0.590047 -8.311694 11.522241 -11.509093 -0.000000 -0.000003 -0.000000 1.032185 6.215002 -18.632379 0.422847 -0.752165 3.971758 -0.152280 0.487899 -1.644124 0.000001 0.000000 -0.000001 -0.152170 3.510515 -19.358319 0.011370 -0.312824 1.233714 0.037758 -0.507811 2.218950 0.000000 0.000000 -0.000000 -0.018613 3.247667 -14.784715 -0.033624 -0.123519 0.648278 -0.220340 -0.869169 4.995170 -0.000001 0.000000 0.000001 -2.720362 2.739150 -16.285951 0.295846 0.328849 -2.547884 -1.501929 -2.748279 16.449766 -0.000000 -0.000000 0.000001 -54.264705 -3.107992 47.743726 4.419719 8.920936 7.883333 11.030218 13.282729 -1.021192 17.717705 -0.000011 -0.000026 0.000000 -0.000002 0.000000 0.816379 -10.786353 -14.482424 88.996559 -0.922469 2.939569 50.376166 13.098066 10.317426 -15.033745 -0.000007 0.000022 -0.000001 0.000004 -0.000000 
75.382721 94.107201 44.463505 12.061265 -47.636331 -190.959194 4.710073 -11.725004 -8.647644 -1.534057 -2.538600 -6.018566 -1.516394 -2.204525 -6.143573 -12.470384 -0.794740 -6.091791 -44.765586 -25.311829 -12.957745 0.000001 0.000000 -0.000000 3.946523 -13.501031 9.789476 -33.417718 -48.139084 -0.539244 181.556646 -57.697634 181.856696 35.275598 -16.456045 4.996129 -74.471909 52.405777 -21.478863 -24.293074 18.237201 36.167699 -16.391144 -18.939102 11.291079 0.000005 0.000003 -0.000002 6.831170 -2.117634 -39.939948 4.971395 6.149523 -35.140312 2.716165 4.203100 -22.248120 -0.000002 0.000001 0.000002 3.170705 5.739922 -47.700822 4.895157 10.156337 -54.920585 4.401418 9.380283 -54.796316 0.000002 0.000000 0.000001 0.178704 4.278338 -63.668086 1.819792 12.541754 -60.646554 0.617070 10.276972 -48.734974 -0.000001 -0.000001 -0.000001 -4.123268 4.101771 -69.643880 1.076629 13.939684 -63.482579 1.835760 14.979534 -70.746007 -0.000000 0.000001 0.000001 -3.328821 1.264679 -25.369460 -98.114042 -10.072344 30.337262 -0.896517 42.553110 1.340349 54.557782 -10.223846 -68.749979 -60.811551 -2.722355 15.273620 2.552444 -8.039132 -0.589998 -8.312473 11.521479 -11.509131 -0.000001 -0.000001 -0.000001 1.016087 6.236583 -18.767874 0.428771 -0.761099 4.024686 -0.115779 0.417234 -1.248231 0.000000 0.000001 -0.000000 -0.154756 3.493411 -19.276582 0.011368 -0.312799 1.233660 0.037762 -0.507834 2.218947 0.000001 -0.000000 0.000001 -0.020299 3.231754 -14.702042 -0.033629 -0.123525 0.648297 -0.220334 -0.869186 4.995193 -0.000001 0.000000 0.000000 -2.734685 2.716138 -16.145117 0.295846 0.328886 -2.547871 -1.501932 -2.748307 16.449759 -0.000000 0.000000 0.000000 -53.788460 -3.027428 47.711358 4.226288 8.557499 8.276496 13.787591 13.041498 -2.240496 17.960691 -0.000035 0.000009 -0.000002 -0.000001 0.000001 1.173324 -10.650950 -13.489958 88.894502 -1.452381 3.057239 50.840260 12.687775 8.519034 -12.424189 0.000024 0.000014 -0.000002 -0.000002 0.000000 
75.291061 93.941261 44.998547 13.871700 -47.530030 -189.739677 4.753874 -11.355082 -8.688416 -1.481203 -2.443721 -5.958260 -1.462128 -2.116150 -6.077295 -12.319747 -0.836410 -6.124676 -44.933318 -25.310079 -12.557602 -0.000000 0.000001 -0.000000 3.920437 -13.690375 9.262326 -34.187467 -48.639232 -1.772165 181.653894 -59.238326 181.939109 35.688647 -15.347351 5.473861 -74.431782 52.460221 -21.624645 -23.614083 17.755859 35.672722 -16.387932 -18.616652 11.436232 0.000002 0.000003 -0.000000 6.767548 -2.149287 -39.254637 4.883741 6.092026 -34.675019 2.693189 4.179151 -22.101483 0.000001 0.000001 -0.000001 2.999929 5.550344 -46.734337 4.771003 10.066685 -54.169991 4.316736 9.312355 -54.265436 0.000001 0.000001 0.000002 0.046078 4.034719 -62.519611 1.709792 12.406400 -59.820525 0.555375 10.160616 -48.110739 -0.000001 -0.000003 -0.000001 -4.005259 3.971889 -68.884732 0.938100 13.752169 -62.454594 1.678678 14.808540 -69.731232 0.000001 -0.000002 -0.000001 -2.912056 2.441975 -25.709869 -97.164611 -9.446388 29.805740 -0.892761 42.434528 1.337821 54.379156 -10.959145 -69.039723 -61.078680 -2.436432 15.212083 2.552439 -8.039080 -0.589921 -8.313299 11.520711 -11.509161 -0.000002 -0.000003 0.000000 1.004569 6.240206 -18.795383 0.431671 -0.765436 4.050604 -0.097002 0.381334 -1.046654 0.000000 0.000001 -0.000001 -0.156405 3.470899 -19.132603 0.011370 -0.312776 1.233598 0.037757 -0.507809 2.218956 0.000000 -0.000000 0.000001 -0.022051 3.214917 -14.614091 -0.033628 -0.123524 0.648300 -0.220339 -0.869191 4.995218 -0.000000 0.000000 0.000000 -2.762756 2.689439 -15.921789 0.295848 0.328853 -2.547890 -1.501931 -2.748302 16.449759 -0.000000 0.000000 0.000001 -53.101654 -3.010320 47.487939 4.328802 8.213620 8.809038 16.670921 13.171338 -3.613633 18.097877 0.000013 -0.000004 0.000001 0.000001 -0.000000 1.426268 -10.351567 -12.220931 88.824691 -1.863647 3.173366 50.944175 12.100556 6.784914 -9.698893 0.000005 0.000015 0.000002 -0.000003 -0.000001 
75.191933 93.754890 45.516438 15.882903 -47.332972 -188.395837 4.803524 -10.930559 -8.722784 -1.421904 -2.334380 -5.864514 -1.401343 -2.015935 -5.976373 -12.135909 -0.900156 -6.152125 -45.271105 -25.413259 -12.103849 0.000000 -0.000000 -0.000000 3.907144 -13.983132 8.648413 -35.008066 -49.262896 -3.147738 181.773805 -60.963776 182.042532 36.253077 -14.201311 5.866189 -74.388096 52.517103 -21.778733 -22.906633 17.237603 35.167514 -16.385880 -18.276203 11.588433 0.000001 -0.000002 -0.000003 6.701727 -2.185367 -38.531044 4.791732 6.030568 -34.183871 2.668974 4.153773 -21.946590 0.000001 -0.000004 0.000001 2.827358 5.350317 -45.729267 4.641288 9.970307 -53.377887 4.228004 9.239815 -53.705112 -0.000000 0.000001 0.000001 -0.082900 3.781908 -61.332408 1.595873 12.261767 -58.949068 0.491668 10.037058 -47.452012 -0.000000 0.000002 0.000001 -3.880181 3.839170 -68.082178 0.795575 13.551426 -61.369666 1.520314 14.629676 -68.687333 0.000001 0.000001 0.000003 -2.449414 3.672092 -26.090023 -96.174412 -8.686799 29.359776 -0.881852 42.089897 1.330600 54.196311 -11.710825 -69.484218 -61.345078 -2.155750 15.145238 2.552460 -8.039028 -0.589851 -8.314163 11.519914 -11.509180 0.000003 -0.000002 0.000002 1.000706 6.225137 -18.705079 0.430911 -0.764313 4.043824 -0.101974 0.390818 -1.099914 -0.000000 0.000000 -0.000000 -0.156083 3.446928 -18.936213 0.011372 -0.312772 1.233517 0.037756 -0.507818 2.218955 0.000001 -0.000001 0.000000 -0.023534 3.201058 -14.543375 -0.033625 -0.123512 0.648270 -0.220343 -0.869186 4.995252 -0.000000 0.000000 0.000000 -2.788921 2.675913 -15.758073 0.295843 0.328850 -2.547877 -1.501936 -2.748298 16.449761 -0.000000 -0.000001 0.000000 -52.325611 -2.713909 47.205821 4.666174 7.856015 9.136992 19.679657 13.018411 -5.408525 17.743445 -0.000012 -0.000005 -0.000000 0.000000 -0.000000 1.451923 -9.853261 -10.610482 88.823420 -2.156905 3.289332 50.578230 11.350869 5.199206 -6.887994 0.000005 0.000021 0.000003 0.000002 0.000001 
75.126663 93.507172 46.006062 18.017371 -47.121096 -186.956457 4.848267 -10.522570 -8.770877 -1.355353 -2.216824 -5.742610 -1.333421 -1.909470 -5.846587 -11.937391 -0.975798 -6.170829 -45.673386 -25.563436 -11.627522 -0.000000 -0.000001 -0.000000 3.900723 -14.370004 7.960761 -35.894123 -49.994307 -4.670441 181.921283 -62.856988 182.172060 36.952006 -13.025685 6.167627 -74.341165 52.576057 -21.940086 -22.174327 16.683582 34.656817 -16.385118 -17.918870 11.746690 0.000004 0.000000 -0.000003 6.634132 -2.225922 -37.771916 4.695790 5.965240 -33.668741 2.643656 4.127060 -21.784004 -0.000001 -0.000002 -0.000000 2.654548 5.140832 -44.691096 4.506654 9.867288 -52.547224 4.135713 9.162766 -53.117408 0.000001 0.000002 0.000002 -0.206657 3.521752 -60.113752 1.478839 12.108239 -58.035475 0.426379 9.906664 -46.761220 -0.000000 -0.000001 -0.000000 -3.748558 3.704806 -67.239025 0.650297 13.337882 -60.232003 1.361816 14.443613 -67.619795 -0.000000 -0.000001 -0.000003 -1.941223 4.942912 -26.502961 -95.148927 -7.829359 28.954039 -0.864796 41.542577 1.319375 53.991423 -12.444657 -70.060153 -61.606640 -1.884829 15.073865 2.552442 -8.038961 -0.589785 -8.315038 11.519116 -11.509198 -0.000000 0.000002 0.000001 1.004550 6.194280 -18.509580 0.426713 -0.758023 4.006371 -0.128675 0.442071 -1.387490 -0.000000 0.000000 0.000000 -0.156859 3.437088 -18.875410 0.011369 -0.312750 1.233418 0.037760 -0.507835 2.218953 0.000001 0.000000 0.000000 -0.024751 3.190590 -14.492857 -0.033620 -0.123519 0.648221 -0.220344 -0.869187 4.995266 -0.000000 0.000001 -0.000000 -2.798552 2.682467 -15.758252 0.295847 0.328864 -2.547874 -1.501939 -2.748290 16.449759 -0.000000 0.000000 0.000001 -51.640175 -2.321054 46.744363 5.897833 7.651871 9.040981 22.208203 12.004869 -6.627145 17.850360 -0.000022 0.000012 -0.000001 0.000000 -0.000001 1.158733 -9.202830 -8.531029 88.825565 -2.380851 3.402512 49.719512 10.444263 3.826692 -4.021448 -0.000006 -0.000000 0.000000 -0.000004 -0.000002 
75.013672 93.241646 46.432602 20.225256 -46.855173 -185.513634 4.889869 -10.074557 -8.776829 -1.280729 -2.097249 -5.597878 -1.257641 -1.802434 -5.693670 -11.742775 -1.053103 -6.177466 -46.037104 -25.703271 -11.160684 0.000000 -0.000001 -0.000000 3.895214 -14.841410 7.212519 -36.861284 -50.817113 -6.345501 182.103430 -64.900942 182.334960 37.769696 -11.830064 6.374210 -74.291278 52.636617 -22.107902 -21.420703 16.095378 34.145290 -16.385834 -17.545796 11.909924 0.000003 -0.000000 -0.000001 6.565164 -2.271007 -36.980048 4.596328 5.896170 -33.131451 2.617285 4.099094 -21.614291 -0.000001 -0.000002 0.000001 2.482958 4.922905 -43.625429 4.367880 9.757730 -51.680992 4.040301 9.081370 -52.504494 0.000000 -0.000000 0.000000 -0.323862 3.256216 -58.870930 1.359479 11.946132 -57.083067 0.359997 9.769785 -46.040885 -0.000002 -0.000002 -0.000000 -3.611110 3.570130 -66.358081 0.503410 13.111976 -59.045947 1.204232 14.251245 -66.534007 0.000002 -0.000001 0.000001 -1.388657 6.242531 -26.941625 -94.091306 -6.915968 28.545486 -0.843051 40.832360 1.305305 53.752807 -13.132088 -70.736779 -61.859049 -1.627856 14.999116 2.552447 -8.038857 -0.589691 -8.315946 11.518385 -11.509193 0.000002 0.000001 0.000000 1.016216 6.150748 -18.221973 0.419117 -0.746568 3.938456 -0.174107 0.530706 -1.883327 -0.000001 0.000000 0.000000 -0.157254 3.436052 -18.875590 0.011369 -0.312717 1.233296 0.037760 -0.507825 2.218959 0.000000 -0.000001 0.000000 -0.025666 3.184082 -14.465314 -0.033619 -0.123505 0.648134 -0.220342 -0.869197 4.995286 0.000001 0.000001 -0.000000 -2.814360 2.695820 -15.758080 0.295845 0.328844 -2.547882 -1.501934 -2.748278 16.449761 -0.000000 0.000000 0.000000 -51.262831 -1.920206 46.241303 8.462259 8.049535 8.149103 24.395769 9.333711 -6.604081 17.527708 -0.000020 0.000004 -0.000000 -0.000002 0.000000 0.525167 -8.314890 -5.943106 88.702232 -2.385339 3.505950 48.346712 9.381274 2.741958 -1.129399 0.000004 0.000014 0.000002 -0.000001 -0.000001 
74.785706 93.010231 46.795475 22.450582 -46.520043 -184.167267 4.929308 -9.549259 -8.678167 -1.197064 -1.981923 -5.435598 -1.173177 -1.700523 -5.523323 -11.570572 -1.121835 -6.168699 -46.261790 -25.775887 -10.736298 0.000000 -0.000000 0.000000 3.884957 -15.387496 6.416700 -37.925807 -51.714224 -8.179041 182.330711 -67.078659 182.541915 38.691516 -10.625405 6.483673 -74.238535 52.698311 -22.281337 -20.649064 15.474564 33.637319 -16.388230 -17.158113 12.077121 0.000003 0.000005 0.000000 6.495286 -2.320645 -36.158144 4.493804 5.823486 -32.573913 2.589979 4.069950 -21.437966 -0.000002 -0.000003 0.000001 2.313938 4.697706 -42.537711 4.225619 9.641832 -50.782231 3.942193 8.995810 -51.868419 0.000002 0.000001 -0.000002 -0.433228 2.987339 -57.611034 1.238548 11.775784 -56.095251 0.292963 9.626806 -45.293477 -0.000002 0.000002 0.000000 -3.468382 3.436117 -65.442201 0.356127 12.874224 -57.815632 1.048523 14.053364 -65.435179 -0.000000 0.000000 -0.000002 -0.793904 7.559380 -27.398908 -93.000067 -5.995212 28.093729 -0.818745 40.019533 1.289799 53.476126 -13.752172 -71.474385 -62.098161 -1.388830 14.922664 2.552475 -8.038748 -0.589595 -8.316877 11.517673 -11.509169 -0.000002 -0.000004 -0.000004 1.035846 6.097557 -17.855706 0.408001 -0.729774 3.838835 -0.234638 0.651848 -2.557351 -0.000000 0.000000 -0.000000 -0.158032 3.433963 -18.875790 0.011367 -0.312690 1.233142 0.037758 -0.507833 2.218950 -0.000000 -0.000000 -0.000000 -0.026229 3.182039 -14.463663 -0.033614 -0.123490 0.648031 -0.220344 -0.869195 4.995291 -0.000000 0.000001 0.000000 -2.835937 2.715891 -15.757474 0.295848 0.328864 -2.547877 -1.501937 -2.748299 16.449761 -0.000001 -0.000001 0.000000 -50.992249 -1.450517 45.782714 11.735683 8.486573 6.837420 26.482445 6.355318 -5.885584 17.349428 -0.000021 0.000008 0.000000 -0.000001 0.000000 -0.437306 -7.127098 -2.782805 88.305938 -2.037690 3.591425 46.419605 8.137496 1.989600 1.758244 0.000002 -0.000002 0.000001 0.000001 -0.000000 
74.498924 92.822449 47.041702 24.635620 -46.145786 -182.944267 4.954790 -8.956097 -8.481838 -1.103290 -1.877065 -5.261073 -1.079155 -1.609406 -5.341273 -11.439302 -1.171788 -6.141195 -46.248714 -25.724668 -10.387790 0.000000 0.000001 0.000000 3.864878 -15.998017 5.586117 -39.104667 -52.667534 -10.177969 182.619027 -69.373016 182.808975 39.703302 -9.423803 6.495583 -74.183354 52.760739 -22.459332 -19.862711 14.823044 33.137192 -16.392435 -16.756954 12.247268 -0.000000 0.000003 -0.000001 6.424932 -2.374834 -35.309049 4.388595 5.747342 -31.997968 2.561825 4.039719 -21.255591 -0.000002 0.000001 -0.000001 2.148808 4.466487 -41.433451 4.080595 9.519729 -49.853923 3.841856 8.906266 -51.211338 -0.000004 -0.000000 0.000001 -0.533740 2.717303 -56.341349 1.116807 11.597592 -55.075285 0.225695 9.478138 -44.521488 -0.000002 0.000000 0.000001 -3.320935 3.303617 -64.494293 0.209490 12.625236 -56.545336 0.895622 13.850955 -64.328730 0.000002 -0.000000 0.000001 -0.160279 8.882206 -27.867510 -91.868394 -5.124207 27.560418 -0.794488 39.189146 1.274568 53.164987 -14.293801 -72.222270 -62.319711 -1.171296 14.846449 2.552486 -8.038616 -0.589452 -8.317736 11.516998 -11.509171 -0.000002 -0.000001 -0.000001 1.042160 6.072975 -17.680672 0.403312 -0.722664 3.796770 -0.258292 0.700170 -2.825112 0.000001 0.000001 -0.000001 -0.159188 3.430875 -18.876187 0.011365 -0.312674 1.232970 0.037754 -0.507819 2.218969 0.000000 -0.000000 -0.000000 -0.027197 3.174830 -14.432321 -0.033608 -0.123458 0.647907 -0.220344 -0.869200 4.995297 -0.000000 0.000000 -0.000000 -2.853717 2.731198 -15.757279 0.295844 0.328876 -2.547873 -1.501926 -2.748303 16.449763 -0.000000 -0.000000 0.000000 -50.638022 -0.675186 45.132384 15.404071 8.461278 5.268146 28.810964 3.903626 -4.848725 18.034124 -0.000052 0.000016 0.000000 -0.000000 -0.000000 -3.086673 -5.095684 2.465681 87.460197 -0.755307 3.656581 42.661286 5.821582 1.837292 5.789413 0.000002 -0.000004 -0.000001 -0.000001 0.000001 
74.058319 92.616997 47.198029 26.848051 -45.884999 -181.887828 4.952046 -8.379884 -8.072771 -0.984088 -1.788470 -5.044544 -0.960854 -1.536387 -5.117887 -11.380813 -1.190975 -6.071500 -45.800018 -25.454380 -10.177372 0.000000 -0.000000 -0.000000 3.830612 -16.662342 4.733231 -40.415049 -53.657963 -12.349864 182.993431 -71.766915 183.161385 40.791389 -8.237740 6.411507 -74.125892 52.823409 -22.641172 -19.064632 14.142900 32.648752 -16.398599 -16.343468 12.419315 -0.000003 0.000007 -0.000002 6.354537 -2.433517 -34.435406 4.281147 5.667895 -31.405493 2.532939 4.008471 -21.067674 -0.000002 0.000000 0.000001 1.988654 4.230569 -40.318043 3.933473 9.391646 -48.899045 3.739651 8.812896 -50.535289 -0.000001 -0.000001 0.000002 -0.624511 2.448348 -55.068957 0.994984 11.411998 -54.026455 0.158607 9.324175 -43.727383 -0.000001 0.000000 0.000001 -3.169438 3.173560 -63.517173 0.064588 12.365543 -55.239210 0.746424 13.644967 -63.219876 -0.000000 -0.000000 -0.000001 0.475093 10.198132 -28.205107 -90.659246 -4.139722 27.040927 -0.769856 38.324260 1.259406 52.913629 -14.728601 -72.981637 -62.519481 -0.978702 14.772842 2.552517 -8.038486 -0.589336 -8.318573 11.516398 -11.509142 -0.000002 -0.000002 0.000003 1.038618 6.066245 -17.616171 0.403316 -0.722686 3.796767 -0.258297 0.700173 -2.825104 -0.000000 0.000001 -0.000001 -0.161767 3.423993 -18.877210 0.011358 -0.312656 1.232786 0.037761 -0.507824 2.218965 0.000001 0.000001 -0.000000 -0.028723 3.160406 -14.359756 -0.033602 -0.123438 0.647756 -0.220339 -0.869183 4.995264 -0.000001 0.000001 0.000000 -2.865312 2.738813 -15.757726 0.295847 0.328879 -2.547874 -1.501933 -2.748303 16.449768 0.000000 0.000001 -0.000001 -50.173033 0.026316 43.889624 19.828717 8.341526 3.955362 31.093538 1.078147 -3.884972 18.480588 -0.000055 -0.000009 -0.000000 -0.000000 -0.000001 -6.569659 -2.277363 9.268301 85.386640 0.398360 3.609485 38.285608 2.671831 2.146105 9.548336 -0.000005 -0.000020 0.000002 -0.000001 0.000001 
73.511765 92.441864 47.352108 29.105478 -45.768339 -180.971299 4.939877 -7.893976 -7.464550 -0.848365 -1.707674 -4.797885 -0.826545 -1.472629 -4.864603 -11.364521 -1.194726 -5.972764 -45.107245 -25.065353 -10.050191 0.000000 -0.000001 -0.000000 3.778835 -17.369347 3.870385 -41.873544 -54.664968 -14.702180 183.495914 -74.243022 183.641261 41.942057 -7.079956 6.234949 -74.066517 52.885933 -22.825794 -18.257792 13.436474 32.175788 -16.406866 -15.918809 12.592277 0.000003 0.000001 0.000001 6.284581 -2.496649 -33.540050 4.171867 5.585280 -30.798330 2.503369 3.976305 -20.874772 -0.000004 -0.000002 0.000002 1.834544 3.991434 -39.196936 3.784940 9.257809 -47.920580 3.636059 8.715947 -49.842421 0.000001 -0.000001 0.000004 -0.704816 2.182780 -53.801038 0.873766 11.219438 -52.952073 0.092094 9.165372 -42.913679 -0.000001 0.000002 -0.000001 -3.014593 3.046825 -62.513839 -0.077581 12.095886 -53.901435 0.601648 13.436490 -62.113884 0.000004 -0.000001 -0.000002 1.124356 11.501244 -28.489991 -89.414894 -3.081130 26.522705 -0.742678 37.347949 1.243049 52.696979 -15.055267 -73.756877 -62.693248 -0.814281 14.704499 2.552508 -8.038313 -0.589161 -8.319364 11.515872 -11.509149 0.000002 0.000000 0.000001 1.037119 6.061149 -17.576587 0.403292 -0.722669 3.796611 -0.258290 0.700196 -2.825117 -0.000001 -0.000000 -0.000000 -0.163389 3.419661 -18.877810 0.011360 -0.312596 1.232555 0.037756 -0.507826 2.218970 0.000000 -0.000000 -0.000001 -0.029859 3.150833 -14.314990 -0.033587 -0.123407 0.647567 -0.220343 -0.869181 4.995258 -0.000000 0.000000 0.000001 -2.881137 2.751692 -15.758030 0.295847 0.328879 -2.547865 -1.501935 -2.748303 16.449761 0.000000 -0.000001 0.000000 -49.684165 0.497110 42.381839 24.612431 8.006685 3.074710 32.823659 -1.168658 -3.380040 17.572817 -0.000031 -0.000001 -0.000002 -0.000000 -0.000000 -10.191321 0.991982 16.209968 82.811235 -0.982891 3.390794 34.240302 -0.305960 2.308525 10.506652 -0.000008 -0.000024 0.000000 -0.000001 0.000001 
72.942650 92.297592 47.508846 31.348359 -45.686801 -180.133740 4.931699 -7.452179 -6.772581 -0.710982 -1.628479 -4.551172 -0.690349 -1.410403 -4.611387 -11.361342 -1.195834 -5.864736 -44.371091 -24.657162 -9.953014 0.000000 -0.000000 -0.000000 3.707292 -18.107586 3.009554 -43.495625 -55.666745 -17.241718 184.201787 -76.783689 184.323993 43.141466 -5.962760 5.971596 -74.005434 52.947811 -23.012378 -17.444809 12.706235 31.721584 -16.417328 -15.484059 12.765145 0.000002 0.000003 0.000000 6.215466 -2.564089 -32.625713 4.061200 5.499712 -30.178310 2.473223 3.943276 -20.677464 0.000000 -0.000005 -0.000001 1.687349 3.750585 -38.075514 3.635652 9.118499 -46.921518 3.531464 8.615584 -49.134807 0.000002 -0.000004 0.000002 -0.774139 1.922967 -52.544645 0.753812 11.020409 -51.855414 0.026548 9.002180 -42.082838 -0.000001 0.000001 0.000001 -2.857177 2.924313 -61.487111 -0.216062 11.816980 -52.536121 0.461939 13.226594 -61.015972 0.000000 -0.000001 -0.000002 1.819686 12.783018 -28.867764 -88.185918 -2.117490 25.932703 -0.713795 36.280524 1.226069 52.443948 -15.287323 -74.514338 -62.836955 -0.680988 14.644207 2.552559 -8.038137 -0.588995 -8.320112 11.515441 -11.509134 -0.000001 -0.000001 -0.000001 1.041199 6.068516 -17.622300 0.403249 -0.722566 3.796196 -0.258292 0.700176 -2.825109 -0.000000 -0.000001 0.000000 -0.161693 3.424169 -18.876969 0.011361 -0.312578 1.232316 0.037760 -0.507837 2.218971 0.000001 -0.000000 0.000000 -0.029710 3.158106 -14.367023 -0.033582 -0.123370 0.647361 -0.220339 -0.869177 4.995230 0.000000 0.000001 0.000000 -2.892543 2.795304 -15.890003 0.295849 0.328880 -2.547884 -1.501932 -2.748310 16.449768 -0.000000 -0.000001 -0.000000 -48.609654 1.156009 40.614514 28.758508 8.078771 2.454600 34.652015 -3.055146 -3.031754 15.869594 -0.000002 -0.000012 0.000000 0.000000 0.000001 -15.604723 4.247801 22.987101 81.165576 -7.552880 3.017477 29.444375 -2.518391 1.328995 7.343795 0.000001 -0.000019 0.000000 -0.000002 0.000001 
72.270592 92.165718 47.681572 33.609213 -45.636346 -179.352462 4.918646 -7.037475 -6.005677 -0.568896 -1.552368 -4.297879 -0.549435 -1.351395 -4.351772 -11.371117 -1.191775 -5.745758 -43.566881 -24.207714 -9.884064 0.000000 0.000001 0.000000 3.614957 -18.865257 2.162479 -45.293730 -56.640204 -19.972933 185.260958 -79.370842 185.359805 44.375357 -4.897894 5.629137 -73.943908 53.007722 -23.199885 -16.628229 11.954924 31.289267 -16.430128 -15.040360 12.936898 0.000003 -0.000000 -0.000002 6.147674 -2.635690 -31.695138 3.949470 5.411380 -29.547323 2.442597 3.909488 -20.476214 -0.000002 -0.000001 0.000001 1.547890 3.509595 -36.959096 3.486185 8.973986 -45.904817 3.426277 8.512091 -48.414566 -0.000001 -0.000001 0.000002 -0.832149 1.671335 -51.306899 0.635716 10.815438 -50.739737 -0.037729 8.835044 -41.237315 -0.000003 0.000004 0.000000 -2.697958 2.806693 -60.439948 -0.349980 11.529645 -51.147373 0.328000 13.016459 -59.931351 -0.000001 -0.000002 -0.000001 2.545379 14.031861 -29.289825 -86.950712 -1.221086 25.316474 -0.683425 35.125419 1.208700 52.180289 -15.409632 -75.251206 -62.946429 -0.581736 14.594943 2.552569 -8.037955 -0.588802 -8.320810 11.515071 -11.508937 -0.000001 0.000000 0.000001 1.054831 6.097853 -17.814025 0.403180 -0.722470 3.795586 -0.258294 0.700166 -2.825107 -0.000000 -0.000000 0.000000 -0.154308 3.443799 -18.873688 0.011357 -0.312526 1.232062 0.037757 -0.507814 2.218963 0.000001 0.000001 -0.000001 -0.027285 3.194301 -14.584863 -0.033568 -0.123325 0.647096 -0.220338 -0.869185 4.995195 -0.000000 0.000000 0.000000 -2.888687 2.896441 -16.297687 0.295848 0.328861 -2.547881 -1.501933 -2.748291 16.449776 -0.000000 0.000000 -0.000001 -47.138639 1.586463 38.311542 33.664974 8.311433 2.152485 36.037345 -3.885923 -3.705392 13.134156 -0.000005 -0.000007 -0.000002 -0.000002 -0.000000 -21.403009 7.064248 28.708484 78.815288 -13.116541 2.595170 25.841691 -5.967539 0.918587 5.019261 -0.000001 -0.000004 0.000000 -0.000002 0.000002 
71.579437 92.052933 47.883869 35.894635 -45.602878 -178.568179 4.895715 -6.644870 -5.227149 -0.423553 -1.478857 -4.040659 -0.405151 -1.294974 -4.088393 -11.386503 -1.183896 -5.619509 -42.726931 -23.725569 -9.829296 0.000000 0.000001 0.000000 3.502138 -19.630343 1.340695 -47.275923 -57.560934 -22.896350 187.019226 -81.984373 187.094454 45.628662 -3.895974 5.217227 -73.881576 53.065901 -23.387367 -15.810349 11.185473 30.881508 -16.445373 -14.588902 13.106603 0.000004 -0.000000 -0.000001 6.081645 -2.711272 -30.751066 3.837126 5.320473 -28.907150 2.411582 3.875018 -20.271638 -0.000001 -0.000001 0.000002 1.416741 3.270182 -35.853070 3.337206 8.824603 -44.873404 3.320867 8.405682 -47.683764 -0.000001 0.000000 -0.000001 -0.878621 1.430308 -50.094906 0.520077 10.605071 -49.608268 -0.100340 8.664442 -40.379570 0.000001 -0.000003 -0.000000 -2.537575 2.694424 -59.375326 -0.478538 11.234677 -49.739261 0.200264 12.807244 -58.865200 0.000001 0.000000 0.000000 3.291747 15.237471 -29.738968 -85.706477 -0.389225 24.691848 -0.651603 33.880337 1.191042 51.906887 -15.413913 -75.958377 -63.017682 -0.519483 14.559583 2.552596 -8.037726 -0.588598 -8.321470 11.514658 -11.508128 -0.000001 -0.000003 -0.000000 1.068743 6.126994 -18.007445 0.403093 -0.722339 3.794842 -0.258288 0.700189 -2.825113 -0.000000 0.000001 0.000001 -0.146786 3.463824 -18.870361 0.011351 -0.312469 1.231772 0.037758 -0.507826 2.218963 0.000001 -0.000000 0.000000 -0.024687 3.230878 -14.804674 -0.033554 -0.123275 0.646845 -0.220336 -0.869160 4.995132 0.000000 0.000000 0.000000 -2.886136 2.951861 -16.502659 0.295847 0.328864 -2.547878 -1.501938 -2.748275 16.449764 -0.000000 -0.000001 0.000001 -45.747770 1.632057 36.194897 39.250655 8.653063 1.871466 38.215496 -5.639279 -3.665716 10.051343 -0.000014 0.000017 0.000001 -0.000001 0.000000 -26.969371 8.246076 31.583577 75.810435 -12.893585 2.308972 25.087368 -12.298957 2.452899 9.589388 -0.000008 -0.000033 0.000003 0.000002 -0.000002 
70.926155 91.950142 48.115219 38.209195 -45.557833 -177.749567 4.862213 -6.253048 -4.475064 -0.276408 -1.407483 -3.782126 -0.258924 -1.240497 -3.823905 -11.400057 -1.173500 -5.489672 -41.884171 -23.219669 -9.775082 -0.000000 0.000001 -0.000000 3.370449 -20.390667 0.555685 -49.443248 -58.403698 -26.006131 190.485985 -84.598682 190.537553 46.885513 -2.966277 4.747360 -73.818772 53.121909 -23.573937 -14.993297 10.400934 30.500732 -16.463087 -14.130700 13.273178 0.000005 0.000000 -0.000003 6.017825 -2.790627 -29.796212 3.724443 5.227233 -28.259749 2.380291 3.839969 -20.064231 0.000003 -0.000003 0.000001 1.294479 3.033992 -34.762699 3.189245 8.670780 -43.830290 3.215630 8.296642 -46.944443 -0.000000 0.000002 -0.000001 -0.913521 1.202314 -48.915694 0.407458 10.389915 -48.464260 -0.161094 8.490829 -39.511975 0.000001 -0.000001 -0.000001 -2.376835 2.588074 -58.296259 -0.600979 10.932997 -48.315802 0.079184 12.600162 -57.822599 -0.000002 -0.000001 -0.000000 4.047704 16.390477 -30.197622 -84.452236 0.383062 24.076989 -0.618363 32.541583 1.173231 51.624445 -15.291851 -76.627387 -63.046594 -0.497199 14.540896 2.552610 -8.037469 -0.588382 -8.322077 11.514327 -11.507200 -0.000000 -0.000003 -0.000000 1.073339 6.133580 -18.056583 0.403012 -0.722206 3.794046 -0.258290 0.700180 -2.825117 -0.000001 -0.000001 0.000000 -0.144724 3.469264 -18.869313 0.011348 -0.312397 1.231447 0.037753 -0.507821 2.218943 0.000001 0.000000 -0.000000 -0.024405 3.238886 -14.860528 -0.033537 -0.123229 0.646522 -0.220336 -0.869167 4.995084 -0.000001 0.000000 0.000000 -2.888077 2.892412 -16.229851 0.295843 0.328872 -2.547875 -1.501935 -2.748278 16.449763 -0.000001 0.000000 -0.000001 -43.926190 1.344777 33.771577 44.971355 8.703489 1.753522 40.297341 -7.637514 -1.363674 6.413035 0.000011 0.000002 0.000002 0.000003 0.000003 -32.897732 8.300306 33.183832 72.975271 -12.788820 2.127587 25.469099 -19.695303 5.006439 13.554527 0.000001 -0.000021 0.000003 -0.000003 0.000005 
70.242096 91.841873 48.308842 40.556212 -45.486994 -176.908757 4.823311 -5.851960 -3.743712 -0.128851 -1.337815 -3.524920 -0.112136 -1.187307 -3.560957 -11.404403 -1.161858 -5.359933 -41.072349 -22.699417 -9.708403 0.000000 -0.000001 0.000000 3.222740 -21.133918 -0.181061 -51.787611 -59.142745 -29.287721 200.264357 -87.155857 200.292183 48.129085 -2.116460 4.232652 -73.755818 53.175287 -23.758659 -14.179028 9.604607 30.149039 -16.483395 -13.666999 13.435704 0.000003 0.000002 -0.000003 5.956638 -2.873427 -28.833336 3.611937 5.131894 -27.606868 2.348741 3.804397 -19.854537 0.000005 -0.000003 -0.000001 1.181477 2.802899 -33.693330 3.042888 8.512825 -42.778363 3.110897 8.185257 -46.198740 0.000005 0.000001 -0.000001 -0.936878 0.989839 -47.776439 0.298322 10.170567 -47.310904 -0.219672 8.314716 -38.637004 -0.000001 0.000001 -0.000000 -2.216508 2.488108 -57.205669 -0.716692 10.625530 -46.881039 -0.034877 12.396542 -56.808780 0.000002 -0.000002 -0.000001 4.800752 17.482450 -30.647745 -83.187886 1.102200 23.489324 -0.583799 31.103732 1.155470 51.333304 -15.034713 -77.250334 -63.029273 -0.518108 14.541311 2.552651 -8.037195 -0.588142 -8.322701 11.514139 -11.506113 0.000002 -0.000001 -0.000001 1.072333 6.126719 -18.019675 0.402920 -0.722086 3.793229 -0.258293 0.700192 -2.825102 -0.000001 0.000000 -0.000001 -0.145964 3.465960 -18.869654 0.011346 -0.312348 1.231096 0.037756 -0.507832 2.218946 0.000001 0.000000 0.000000 -0.025551 3.229902 -14.818635 -0.033524 -0.123159 0.646199 -0.220330 -0.869156 4.995012 -0.000001 0.000001 -0.000000 -2.887499 2.779810 -15.755923 0.295851 0.328876 -2.547884 -1.501932 -2.748306 16.449766 -0.000001 -0.000001 0.000000 -41.897053 0.904143 31.110822 51.027951 9.161851 1.325666 41.664038 -10.089397 1.220608 6.995524 -0.000009 -0.000002 0.000001 -0.000002 0.000003 -38.671151 8.980507 32.105806 69.808700 -12.764409 2.525157 22.351837 -21.610010 8.274834 20.146191 -0.000013 -0.000042 -0.000003 0.000002 -0.000002 
69.562752 91.728706 48.550117 42.939548 -45.390681 -176.035217 4.782026 -5.448157 -3.048914 0.017650 -1.269354 -3.271686 0.033726 -1.134759 -3.302185 -11.392099 -1.150339 -5.233972 -40.325830 -22.174624 -9.616634 -0.000000 0.000000 0.000000 3.063137 -21.847945 -0.858217 -54.289035 -59.752564 -32.715052 267.483076 -89.013341 267.486710 49.341741 -1.352351 3.687617 -73.693172 53.225543 -23.940522 -13.369326 8.799837 29.828119 -16.506291 -13.198820 13.593192 -0.000002 0.000001 -0.000002 5.898542 -2.959419 -27.865136 3.499846 5.034671 -26.950356 2.317081 3.768437 -19.643129 -0.000002 0.000001 0.000002 1.078023 2.578634 -32.650206 2.898639 8.351207 -41.720506 3.006995 8.071789 -45.448690 -0.000001 0.000005 -0.000001 -0.948863 0.795255 -46.684165 0.193087 9.947659 -46.151380 -0.275832 8.136600 -37.757030 -0.000001 0.000004 -0.000001 -2.057316 2.394760 -56.106575 -0.825091 10.313268 -45.438906 -0.141676 12.197648 -55.828788 0.000002 0.000001 -0.000002 5.521364 18.508757 -31.018088 -81.911296 1.848914 22.944342 -0.547041 29.527451 1.137412 51.032564 -14.629090 -77.823367 -62.961558 -0.585755 14.562807 2.552696 -8.036879 -0.587860 -8.323283 11.514018 -11.504892 0.000001 0.000000 0.000001 1.069518 6.115497 -17.954967 0.402836 -0.721955 3.792490 -0.258292 0.700196 -2.825101 -0.000001 0.000000 -0.000000 -0.148316 3.459671 -18.870440 0.011337 -0.312292 1.230707 0.037763 -0.507822 2.218937 0.000000 -0.000000 0.000000 -0.027133 3.215434 -14.745081 -0.033499 -0.123105 0.645803 -0.220333 -0.869134 4.994930 -0.000000 0.000001 -0.000000 -2.820116 2.713506 -15.755682 0.295850 0.328885 -2.547890 -1.501940 -2.748291 16.449776 0.000000 -0.000000 0.000000 -39.739287 0.623048 28.808037 56.133736 9.010187 0.918012 43.245155 -11.636593 2.606042 13.794317 -0.000007 -0.000013 0.000002 -0.000002 -0.000001 -42.601942 6.563572 27.846608 67.238411 -12.843941 3.001158 18.338050 -20.934106 11.348544 24.862362 -0.000029 -0.000032 -0.000003 -0.000002 -0.000001 
68.885941 91.585152 48.805237 45.362848 -45.267588 -175.171362 4.746621 -5.042665 -2.354071 0.161668 -1.201691 -3.025052 0.177248 -1.082198 -3.050244 -11.355651 -1.140269 -5.115493 -39.679639 -21.655550 -9.487533 -0.000000 0.000000 0.000000 2.896737 -22.520530 -1.464220 -56.914010 -60.208766 -36.248842 158.852209 -92.730009 158.833413 50.504765 -0.677910 3.127896 -73.631154 53.272279 -24.118600 -12.565802 7.990227 29.539472 -16.531862 -12.727330 13.744600 0.000005 0.000003 -0.000000 5.843889 -3.048225 -26.894374 3.388562 4.935879 -26.292065 2.285364 3.732140 -19.430505 -0.000001 -0.000003 -0.000001 0.984240 2.363110 -31.638655 2.757015 8.186380 -40.659751 2.904253 7.956583 -44.696399 0.000001 0.000001 0.000001 -0.949796 0.620957 -45.646059 0.092187 9.721919 -44.988926 -0.329391 7.957057 -36.874552 -0.000000 -0.000002 0.000001 -1.900042 2.308347 -55.002041 -0.925752 9.997215 -43.993382 -0.240948 12.004776 -54.887721 -0.000000 -0.000002 -0.000001 6.162622 19.470564 -31.188208 -80.615808 2.772756 22.448311 -0.506669 27.737637 1.118583 50.720018 -14.054186 -78.347310 -62.839366 -0.704182 14.606740 2.552736 -8.036567 -0.587580 -8.323851 11.514106 -11.503476 -0.000001 0.000001 -0.000001 1.068667 6.109004 -17.920733 0.402767 -0.721848 3.791880 -0.258290 0.700186 -2.825108 0.000000 0.000000 0.000001 -0.149585 3.456254 -18.870710 0.011337 -0.312209 1.230300 0.037756 -0.507812 2.218934 0.000001 0.000000 0.000000 -0.028182 3.207072 -14.706014 -0.033481 -0.123036 0.645397 -0.220325 -0.869103 4.994832 -0.000001 -0.000000 0.000000 -2.789917 2.683358 -15.755740 0.295848 0.328872 -2.547887 -1.501936 -2.748277 16.449773 -0.000000 -0.000000 -0.000001 -37.706193 0.897483 27.146020 60.579659 9.285712 0.402951 45.130646 -13.679824 3.992064 13.419887 -0.000021 0.000005 0.000000 -0.000002 0.000001 -45.574205 2.299005 21.493569 64.526225 -12.828964 4.273672 14.338316 -18.246673 11.508291 26.900377 -0.000020 -0.000030 -0.000002 0.000000 0.000001 
68.232155 91.433167 49.053417 47.829383 -45.115609 -174.280364 4.717802 -4.642809 -1.702614 0.301778 -1.134339 -2.787644 0.316956 -1.028971 -2.807773 -11.287602 -1.132940 -5.008158 -39.169233 -21.152727 -9.309011 0.000000 -0.000000 0.000000 2.729689 -23.139837 -1.987382 -59.615202 -60.489009 -39.835989 169.057632 -95.177580 169.016350 51.598889 -0.095242 2.569830 -73.562879 53.319814 -24.312601 -11.672826 7.080340 29.255333 -16.563777 -12.195431 13.905938 0.000007 0.000002 -0.000003 5.787187 -3.150776 -25.804957 3.264992 4.823454 -25.553273 2.249804 3.691108 -19.191059 0.000003 -0.000004 -0.000003 0.890727 2.134157 -30.548236 2.601646 7.998162 -39.469013 2.790725 7.825568 -43.851747 0.000001 0.000003 -0.000000 -0.937754 0.452967 -44.555715 -0.015526 9.465949 -43.684377 -0.386205 7.754394 -35.883857 -0.000003 -0.000000 0.000002 -1.726704 2.219676 -53.759360 -1.029039 9.639268 -42.371499 -0.343243 11.797225 -53.884582 0.000001 -0.000001 0.000001 6.850175 20.395708 -31.499121 -79.291591 3.433289 21.949778 -0.466509 25.899391 1.101058 50.350457 -13.349138 -78.854821 -62.680578 -0.857699 14.664215 2.552772 -8.036190 -0.587245 -8.324405 11.514274 -11.501890 0.000001 -0.000001 -0.000001 1.070905 6.106902 -17.920863 0.402723 -0.721799 3.791462 -0.258289 0.700197 -2.825099 -0.000001 -0.000000 0.000000 -0.150047 3.454995 -18.870568 0.011335 -0.312130 1.229847 0.037763 -0.507828 2.218925 0.000001 -0.000000 0.000000 -0.028594 3.205774 -14.706220 -0.033459 -0.122953 0.644934 -0.220323 -0.869109 4.994740 -0.000000 0.000000 0.000000 -2.830586 2.692406 -15.758595 0.295840 0.328871 -2.547866 -1.501935 -2.748294 16.449751 -0.000000 0.000000 0.000001 -35.398145 1.591649 25.483663 64.331885 8.879926 0.007334 46.348410 -14.259469 5.650971 14.352469 -0.000011 0.000004 -0.000001 -0.000002 0.000000 -49.706941 -4.778483 11.759831 63.385084 -12.623258 7.752058 11.710438 -10.670785 3.424349 23.180453 -0.000013 -0.000033 -0.000001 -0.000001 -0.000000 
67.597351 91.232185 49.265442 50.342360 -44.933069 -173.415908 4.743486 -4.248319 -0.856993 0.452748 -1.081349 -2.552585 0.465754 -0.987310 -2.569256 -11.170816 -1.112950 -4.891114 -38.801769 -20.538637 -9.084695 -0.000000 -0.000001 -0.000001 2.568580 -23.694025 -2.415855 -62.333024 -60.574113 -43.410988 172.609563 -97.614892 172.546179 52.604112 0.395279 2.030216 -73.481791 53.372235 -24.539924 -10.616951 5.986842 28.966907 -16.605889 -11.556105 14.091559 -0.000000 0.000001 0.000000 5.724423 -3.277218 -24.500519 3.118921 4.686691 -24.668756 2.207350 3.641648 -18.903580 0.000003 -0.000001 -0.000001 0.790786 1.871424 -29.283487 2.420794 7.768460 -38.043491 2.657306 7.666406 -42.840234 -0.000001 -0.000001 -0.000000 -0.911803 0.277947 -43.318054 -0.136679 9.156132 -42.122887 -0.449556 7.510306 -34.697569 -0.000002 0.000003 -0.000001 -1.523527 2.125114 -52.267951 -1.139129 9.206660 -40.430697 -0.456154 11.556438 -52.732554 -0.000002 -0.000000 -0.000000 7.534283 21.325599 -31.731478 -77.908635 4.191629 21.381342 -0.436167 24.470563 1.088576 50.052183 -12.795972 -79.006444 -62.481300 -1.051841 14.734332 2.552809 -8.035788 -0.586907 -8.324900 11.514608 -11.500186 -0.000001 0.000001 0.000000 1.073089 6.104114 -17.921527 0.402707 -0.721749 3.791335 -0.258293 0.700191 -2.825118 -0.000001 0.000000 -0.000000 -0.150210 3.454494 -18.870259 0.011329 -0.312056 1.229370 0.037751 -0.507826 2.218916 0.000001 0.000000 0.000000 -0.028971 3.204606 -14.706393 -0.033431 -0.122874 0.644436 -0.220319 -0.869083 4.994625 0.000000 0.000000 0.000001 -2.887827 2.712421 -15.762123 0.295846 0.328863 -2.547871 -1.501933 -2.748275 16.449763 0.000001 -0.000001 0.000000 -32.677708 2.473997 24.303165 66.714624 7.818632 -0.292937 46.999758 -14.600774 6.164127 14.715839 -0.000015 -0.000017 -0.000002 -0.000005 0.000002 -55.367969 -7.512284 5.702259 61.757006 -12.523321 10.025145 9.387123 -5.650639 -0.854899 19.899860 -0.000008 -0.000029 0.000000 0.000002 -0.000000 
66.970734 91.008369 49.453613 52.904644 -44.719335 -172.538297 4.796164 -3.880272 -0.054745 0.600410 -1.029241 -2.320409 0.611426 -0.945858 -2.333855 -11.048847 -1.094426 -4.767225 -38.465146 -19.940616 -8.854200 -0.000000 0.000000 -0.000001 2.420488 -24.171611 -2.737522 -64.999284 -60.448677 -46.899395 174.393813 -99.981484 174.309078 53.499840 0.794683 1.525909 -73.389310 53.428899 -24.795914 -9.432238 4.732413 28.702705 -16.658404 -10.825758 14.298265 0.000005 0.000004 0.000001 5.658274 -3.425747 -23.013446 2.954970 4.528018 -23.660694 2.159174 3.584878 -18.575347 -0.000001 -0.000001 -0.000000 0.688452 1.579535 -27.872245 2.221755 7.501085 -36.419228 2.508679 7.482033 -41.687363 0.000003 -0.000003 0.000002 -0.873801 0.099326 -41.957316 -0.264287 8.798878 -40.344193 -0.515540 7.230378 -33.345523 -0.000004 0.000002 -0.000000 -1.297888 2.032807 -50.564198 -1.246349 8.709014 -38.220455 -0.575385 11.287082 -51.457546 0.000003 0.000000 0.000002 8.187811 22.227705 -31.856856 -76.421013 4.935346 20.782162 -0.407180 23.076870 1.077313 49.666861 -12.136550 -79.022051 -62.204828 -1.324068 14.827924 2.552866 -8.035352 -0.586557 -8.325380 11.515153 -11.498240 0.000001 -0.000002 0.000003 1.072325 6.101949 -17.921607 0.402727 -0.721785 3.791506 -0.258291 0.700188 -2.825122 -0.000000 0.000000 -0.000000 -0.150173 3.454539 -18.869789 0.011326 -0.311973 1.228856 0.037754 -0.507803 2.218896 0.000001 0.000000 -0.000000 -0.029327 3.203478 -14.706586 -0.033412 -0.122782 0.643921 -0.220306 -0.869065 4.994499 -0.000001 0.000000 0.000000 -2.887722 2.713810 -15.762022 0.295847 0.328875 -2.547870 -1.501937 -2.748293 16.449752 -0.000001 -0.000001 0.000000 -29.598792 3.168407 23.148332 68.265138 6.187789 -0.575552 46.964241 -14.441902 5.747751 16.647758 -0.000015 0.000003 -0.000003 -0.000001 -0.000002 -60.587828 -7.774632 1.634522 58.341563 -12.465725 11.160064 8.087244 -3.422558 -3.071188 17.006145 -0.000015 -0.000025 0.000001 -0.000004 0.000000 
66.281929 90.754074 49.677963 55.521962 -44.485480 -171.540952 4.873235 -3.566542 0.596950 0.744494 -0.977927 -2.091577 0.753731 -0.904516 -2.102029 -10.921099 -1.077756 -4.636195 -38.159601 -19.362645 -8.616965 -0.000000 0.000001 -0.000001 2.292353 -24.561290 -2.940218 -67.543099 -60.101409 -50.223409 175.459924 -102.251306 175.354643 54.265518 1.105258 1.073417 -73.286775 53.488946 -25.075853 -8.150742 3.341599 28.488191 -16.721333 -10.020659 14.522934 0.000002 -0.000002 -0.000001 5.591376 -3.594440 -21.375921 2.777719 4.349947 -22.551135 2.106434 3.522016 -18.213550 0.000000 -0.000001 0.000003 0.587402 1.263302 -26.342098 2.011546 7.200208 -34.632136 2.349377 7.275557 -40.418467 -0.000001 0.000001 -0.000001 -0.825725 -0.079693 -40.497657 -0.391637 8.401019 -38.387644 -0.580476 6.920287 -31.857420 -0.000001 0.000003 0.000000 -1.057387 1.949894 -48.684506 -1.341780 8.156403 -35.789641 -0.696899 10.993954 -50.085384 0.000001 -0.000002 -0.000001 8.765463 23.075482 -31.799541 -74.820474 5.708386 20.195654 -0.380834 21.784009 1.067658 49.213501 -11.366020 -78.811975 -61.814633 -1.714178 14.952765 2.552907 -8.034918 -0.586155 -8.325783 11.515875 -11.496113 -0.000005 -0.000005 0.000001 1.064712 6.101527 -17.920673 0.402783 -0.721877 3.792062 -0.258290 0.700183 -2.825108 -0.000000 -0.000000 -0.000001 -0.149991 3.454963 -18.869186 0.011316 -0.311879 1.228294 0.037758 -0.507824 2.218900 0.000001 -0.000000 -0.000001 -0.029694 3.202324 -14.706746 -0.033382 -0.122694 0.643339 -0.220307 -0.869028 4.994359 -0.000000 0.000000 0.000001 -2.829958 2.695494 -15.758309 0.295848 0.328859 -2.547875 -1.501933 -2.748301 16.449763 -0.000001 -0.000001 -0.000001 -25.773125 3.589562 21.134152 68.539289 5.296944 -0.613882 46.927546 -14.438137 5.064168 16.915197 -0.000018 0.000003 -0.000001 -0.000000 0.000001 -66.800152 -5.456949 -0.668135 55.838706 -12.554239 10.231697 7.455137 -6.791568 -3.306121 14.454536 -0.000008 -0.000006 0.000004 -0.000002 -0.000002 
65.611092 90.467094 49.808983 58.179941 -44.158443 -170.658342 4.991572 -3.222827 1.309467 0.884734 -0.927366 -1.866555 0.892404 -0.863225 -1.874219 -10.786967 -1.063349 -4.497823 -37.885355 -18.808791 -8.372428 0.000000 0.000000 -0.000001 2.190602 -24.852010 -3.011696 -69.897526 -59.525099 -53.308066 176.163679 -104.404236 176.038864 54.880198 1.329741 0.688771 -73.175764 53.551671 -25.374884 -6.802433 1.841159 28.344551 -16.794522 -9.157165 14.762351 0.000000 0.000001 0.000001 5.526284 -3.780993 -19.620350 2.591554 4.155232 -21.362253 2.050274 3.454179 -17.825445 0.000001 -0.000004 -0.000001 0.490956 0.927803 -24.720729 1.796893 6.870488 -32.718201 2.183764 7.050286 -39.058990 0.000002 0.000003 0.000000 -0.769671 -0.256121 -38.963436 -0.512770 7.969843 -36.292565 -0.641020 6.586030 -30.262967 0.000000 0.000002 -0.000002 -0.809720 1.882287 -46.665720 -1.417648 7.559818 -33.186967 -0.817005 10.682127 -48.641899 -0.000000 0.000004 -0.000001 9.223174 23.843074 -31.495201 -73.101479 6.531327 19.658948 -0.358728 20.680629 1.059987 48.712602 -10.485682 -78.279774 -61.273586 -2.265743 15.108657 2.552946 -8.034451 -0.585734 -8.326179 11.518087 -11.492905 -0.000000 -0.000005 0.000002 1.059077 6.099959 -17.920953 0.402902 -0.722033 3.793081 -0.258289 0.700184 -2.825109 0.000000 -0.000001 -0.000001 -0.149758 3.455501 -18.868481 0.011312 -0.311762 1.227710 0.037755 -0.507813 2.218888 0.000000 0.000000 -0.000001 -0.030080 3.201126 -14.706936 -0.033316 -0.122500 0.642161 -0.220306 -0.869006 4.994209 -0.000001 0.000000 0.000000 -2.789814 2.683640 -15.755631 0.295844 0.328851 -2.547876 -1.501936 -2.748296 16.449773 -0.000001 -0.000000 0.000001 -21.695964 3.293411 18.588684 67.721380 4.861917 -0.251287 47.384970 -14.508655 4.315825 16.696141 -0.000022 0.000017 -0.000000 -0.000003 -0.000002 -73.252625 -3.490867 -3.536575 55.611663 -12.503124 9.123086 3.653426 -8.591127 3.247234 24.264223 -0.000016 -0.000047 0.000005 -0.000001 0.000002 
64.882721 90.160057 50.029526 60.886936 -43.773074 -169.706036 5.144592 -2.907879 1.900634 1.020905 -0.877472 -1.645788 1.027179 -0.821923 -1.650888 -10.645896 -1.051574 -4.351817 -37.642515 -18.283120 -8.120001 -0.000001 -0.000000 -0.000001 2.120863 -25.032899 -2.939373 -72.005917 -58.715694 -56.087488 176.658581 -106.422195 176.515406 55.323183 1.471027 0.386910 -73.057561 53.616285 -25.688415 -5.414586 0.259556 28.287261 -16.877514 -8.251574 15.013393 -0.000001 0.000004 0.000002 5.465345 -3.982713 -17.778798 2.400725 3.946880 -20.116007 1.991865 3.382561 -17.418246 0.000005 -0.000002 -0.000001 0.401863 0.578351 -23.035609 1.583887 6.517115 -30.712868 2.015959 6.809826 -37.634066 -0.000001 0.000001 0.000000 -0.707850 -0.427330 -37.378863 -0.622537 7.513083 -34.097797 -0.694438 6.233649 -28.591583 -0.000002 0.000004 0.000001 -0.562497 1.834274 -44.544718 -1.467697 6.930812 -30.460407 -0.932550 10.356914 -47.152583 -0.000001 -0.000004 0.000000 9.534646 24.499202 -30.932738 -71.269185 7.351004 19.213500 -0.343284 19.900810 1.054881 48.183409 -9.508084 -77.321437 -60.837280 -3.325220 14.998295 2.553010 -8.033936 -0.585295 -8.326574 11.523361 -11.488447 0.000001 0.000002 0.000003 1.042160 6.100576 -17.920222 0.403073 -0.722302 3.794635 -0.258292 0.700164 -2.825109 0.000000 0.000001 -0.000000 -0.149554 3.455963 -18.867682 0.011302 -0.311640 1.227073 0.037761 -0.507821 2.218870 0.000001 0.000000 -0.000000 -0.030518 3.199754 -14.707146 -0.034837 -0.127669 0.672782 -0.220304 -0.868971 4.994026 -0.000001 0.000001 -0.000001 -2.812790 2.693589 -15.756869 0.295842 0.328872 -2.547877 -1.501930 -2.748298 16.449749 -0.000001 -0.000000 -0.000001 -17.360543 2.901093 15.499931 65.335001 5.853187 0.553723 47.322341 -14.674914 3.790726 16.802043 -0.000024 -0.000004 -0.000001 0.000001 0.000001 -77.854881 -1.297227 -5.740202 52.979585 -11.345087 7.753996 1.710233 -9.395841 2.793085 7.138684 -0.000007 -0.000005 0.000001 -0.000000 -0.000002 
64.115257 89.874924 50.298771 63.641558 -43.322445 -168.730739 5.339016 -2.619519 2.408040 1.152677 -0.828179 -1.429771 1.157823 -0.780502 -1.432489 -10.497258 -1.042846 -4.197938 -37.431277 -17.789740 -7.859135 -0.000001 -0.000000 0.000001 2.087042 -25.093307 -2.710936 -73.826784 -57.671385 -58.508978 177.021100 -108.287390 176.860877 55.573848 1.531345 0.181789 -72.933955 53.681984 -26.011531 -4.012235 -1.373162 28.325795 -16.969494 -7.320178 15.272747 -0.000000 0.000004 0.000003 5.410681 -4.196448 -15.883608 2.209137 3.728157 -18.834399 1.932258 3.308436 -16.999151 0.000001 -0.000001 -0.000002 0.322316 0.220521 -21.314234 1.377933 6.145905 -28.651752 1.849668 6.558106 -36.169004 0.000002 0.000001 0.000001 -0.642359 -0.591001 -35.768461 -0.716899 7.038947 -31.842079 -0.738552 5.869517 -26.872864 -0.000002 0.000001 0.000000 -0.322766 1.808405 -42.358897 -1.487649 6.281553 -27.657717 -1.040910 10.023866 -45.642951 0.000001 0.000001 0.000001 9.670972 25.012158 -30.086229 -69.333646 8.139553 18.893900 -0.336718 19.567616 1.052760 47.638001 -8.444729 -75.834655 -60.587617 -4.988989 14.523724 2.553085 -8.033359 -0.584795 -8.327108 11.535831 -11.481697 -0.000004 -0.000003 0.000000 0.998969 6.103049 -17.917994 0.403314 -0.722684 3.796777 -0.258280 0.700178 -2.825105 0.000000 -0.000000 -0.000000 -0.149216 3.456706 -18.866323 0.011301 -0.311551 1.226415 0.037755 -0.507817 2.218854 0.000000 0.000000 0.000000 -0.031053 3.198060 -14.707421 -0.038138 -0.138848 0.739172 -0.220284 -0.868929 4.993849 -0.000001 -0.000000 0.000001 -2.833858 2.701458 -15.758206 0.295843 0.328869 -2.547877 -1.501933 -2.748301 16.449770 0.000000 0.000000 0.000001 -13.032284 3.001318 12.273502 60.958503 7.227902 1.741145 47.193151 -14.424562 3.298099 15.604368 -0.000009 -0.000007 -0.000002 -0.000003 -0.000001 -81.396109 1.232576 -7.785351 47.906885 -10.382376 6.189345 0.071485 -10.488021 -0.453012 -8.833932 -0.000001 0.000005 0.000000 0.000001 -0.000004 
63.288673 89.593689 50.691933 66.415209 -42.709695 -167.841981 5.581735 -2.259274 2.903876 1.279856 -0.779455 -1.218936 1.284063 -0.738896 -1.219456 -10.340455 -1.037561 -4.035932 -37.251616 -17.332730 -7.589214 -0.000000 -0.000000 -0.000002 2.091112 -25.022813 -2.313964 -75.336590 -56.391121 -60.535652 177.293665 -109.982711 177.117884 55.611998 1.511661 0.085700 -72.806552 53.747995 -26.339322 -2.618140 -3.026439 28.462769 -17.069184 -6.379143 15.537125 0.000003 0.000003 -0.000000 5.363941 -4.418673 -13.966764 2.020435 3.502654 -17.539222 1.872537 3.233004 -16.575409 0.000000 -0.000002 -0.000002 0.254265 -0.138616 -19.583631 1.183571 5.763249 -26.569929 1.688192 6.299288 -34.688680 -0.000001 0.000000 0.000004 -0.575297 -0.745280 -34.156516 -0.793055 6.556062 -29.563682 -0.771959 5.500067 -25.135914 -0.000001 0.000002 0.000002 -0.096840 1.805351 -40.145492 -1.475340 5.624516 -24.825888 -1.140067 9.688700 -44.138069 0.000000 0.000001 -0.000001 9.598836 25.293797 -28.944808 -67.289658 8.736953 18.796846 -0.347112 20.094341 1.056118 47.093857 -7.327275 -73.490404 -60.801449 -6.166647 13.950024 2.553132 -8.032769 -0.584289 -8.327589 11.548278 -11.474744 -0.000002 -0.000002 0.000001 0.946762 6.109739 -17.932120 0.403857 -0.723503 3.801656 -0.255588 0.694651 -2.794385 -0.000000 -0.000000 -0.000001 -0.147834 3.582606 -19.848957 0.011291 -0.311437 1.225697 0.037754 -0.507801 2.218845 -0.000001 -0.000000 0.000000 -0.032397 3.304319 -15.572244 -0.041348 -0.149829 0.804238 -0.220289 -0.868900 4.993639 -0.000000 0.000000 0.000001 -2.591010 2.855861 -17.216670 0.295841 0.328867 -2.547867 -1.501931 -2.748302 16.449763 -0.000001 -0.000000 0.000001 -8.631942 3.066971 9.256669 54.901122 7.099819 3.086761 45.246506 -12.644586 0.817868 16.426357 -0.000004 0.000009 -0.000001 0.000003 -0.000004 -84.137938 3.629257 -9.710121 44.134452 -9.465381 5.158196 -4.890127 -5.354057 -2.787093 -7.885082 0.000005 0.000024 0.000003 -0.000000 -0.000000 
62.466206 89.377243 51.140190 69.198730 -41.920689 -167.044680 5.875851 -1.819760 3.375970 1.402161 -0.731186 -1.013751 1.405662 -0.697077 -1.012294 -10.174916 -1.036074 -3.865532 -37.103497 -16.916309 -7.309679 0.000000 0.000001 -0.000003 2.132395 -24.811402 -1.736067 -76.530070 -54.873658 -62.145931 177.501385 -111.490844 177.311670 55.417662 1.410751 0.109352 -72.677174 53.813565 -26.666981 -1.253572 -4.669187 28.694461 -17.174987 -5.444748 15.802985 0.000000 0.000002 0.000003 5.326319 -4.645388 -12.060563 1.837978 3.274241 -16.252398 1.813724 3.157594 -16.154207 -0.000003 -0.000003 -0.000002 0.197918 -0.494958 -17.871736 1.004416 5.376012 -24.502484 1.534455 6.037900 -33.218212 0.000001 0.000001 0.000000 -0.508611 -0.888619 -32.567684 -0.849527 6.073295 -27.300932 -0.793998 5.131852 -23.410000 -0.000001 -0.000003 -0.000000 0.109976 1.824217 -37.942367 -1.430794 4.972401 -22.012059 -1.228571 9.357370 -42.663158 0.000000 -0.000003 0.000000 9.294888 25.363272 -27.391429 -65.131803 9.345498 18.836504 -0.371959 21.343327 1.064528 46.481189 -6.122993 -70.313560 -60.424307 -7.309774 13.760590 2.553273 -8.031679 -0.583379 -8.327494 11.553384 -11.469700 -0.000001 0.000001 -0.000001 0.880349 6.297459 -18.907256 0.431008 -0.764452 4.044706 -0.091857 0.371562 -0.991622 -0.000000 -0.000000 -0.000001 -0.120420 3.795983 -21.060188 0.011277 -0.311186 1.224369 0.037751 -0.507807 2.218815 0.000001 0.000001 0.000000 -0.015154 3.549571 -17.174294 -0.042782 -0.154728 0.833363 -0.220268 -0.868854 4.993239 -0.000001 -0.000000 -0.000001 -2.263097 3.113468 -19.022121 0.295851 0.328862 -2.547873 -1.501938 -2.748310 16.449756 0.000001 0.000001 -0.000002 -4.779665 3.154823 6.257119 47.510489 6.948803 4.471067 43.521911 -10.202982 -1.003385 15.717278 -0.000024 -0.000013 -0.000001 0.000000 0.000002 -85.987540 5.642578 -11.596511 39.868576 -8.446101 4.305765 -7.710270 -1.966231 -0.619231 -9.301411 0.000009 0.000011 -0.000001 0.000001 -0.000002 
61.617855 89.182610 51.722515 72.052075 -41.154653 -166.286542 6.224720 -1.512871 3.823520 1.519340 -0.683357 -0.814682 1.522341 -0.654911 -0.811404 -10.000004 -1.038791 -3.686490 -36.986782 -16.544608 -7.019933 -0.000001 0.000001 -0.000003 2.206826 -24.449402 -0.964838 -77.419723 -53.116455 -63.332588 177.659818 -112.794823 177.458027 54.971630 1.224496 0.261225 -72.547674 53.877837 -26.989428 0.061540 -6.271192 29.010573 -17.284770 -4.532998 16.066611 0.000004 0.000003 0.000001 5.298539 -4.872279 -10.196949 1.664680 3.047078 -14.995535 1.756771 3.083458 -15.742679 -0.000001 -0.000001 -0.000001 0.153524 -0.842601 -16.205681 0.843035 4.991554 -22.484160 1.390801 5.778731 -31.782287 0.000002 0.000003 0.000002 -0.444032 -1.019824 -31.026387 -0.886124 5.599633 -25.091581 -0.804769 4.771477 -21.724115 -0.000004 0.000001 0.000004 0.293789 1.862520 -35.787060 -1.356288 4.337623 -19.262761 -1.305625 9.035930 -41.243042 -0.000001 0.000002 -0.000000 8.846045 25.315592 -25.527849 -62.916868 10.106641 18.866707 -0.401465 22.797700 1.075183 45.698262 -4.793038 -66.712186 -58.734197 -9.733305 14.070057 2.631605 -7.144794 -0.462773 -8.329884 12.062609 -11.315221 -0.000003 -0.000001 -0.000001 0.812696 6.305534 -19.442816 0.401334 -0.719679 3.779023 0.003877 0.193652 0.014468 -0.000001 0.000000 -0.000001 -0.001501 4.162609 -21.832659 0.007544 -0.247407 0.853106 0.017071 -0.245114 0.687405 -0.000000 -0.000000 0.000001 0.052655 3.880682 -18.517177 -0.037407 -0.136367 0.724403 -0.161260 -0.608195 3.472281 0.000000 -0.000000 0.000000 -1.853688 3.483686 -20.380315 0.307483 0.344145 -2.644079 -1.392200 -2.445337 14.855752 0.000001 -0.000001 -0.000001 -1.903604 3.137192 3.562588 39.609093 6.684074 5.356166 40.511153 -9.345053 -1.867675 15.782648 -0.000021 0.000007 -0.000002 0.000001 0.000001 -87.390310 8.135183 -12.047077 35.680772 -8.871219 1.809427 -8.805643 -2.850948 -2.288479 -11.939971 0.000002 0.000017 -0.000002 -0.000001 0.000002 
60.754822 88.958633 52.368500 74.920003 -40.236248 -165.633303 6.893088 -1.256339 4.041950 1.611018 -0.639035 -0.645654 1.613457 -0.611906 -0.641751 -9.776769 -1.061244 -3.459258 -37.031735 -16.387471 -6.666145 0.000000 0.000000 0.000001 2.488491 -23.140853 1.215429 -77.486324 -49.700363 -62.898051 177.681730 -112.986786 177.478163 53.035039 0.130949 1.075947 -72.420127 53.940067 -27.301605 1.307673 -7.803132 29.395024 -17.396092 -3.660011 16.324171 0.000006 -0.000000 -0.000001 5.280710 -5.094671 -8.408202 1.503122 2.825601 -13.790406 1.702679 3.011990 -15.348103 -0.000003 0.000001 -0.000000 0.120685 -1.175467 -14.612993 0.701149 4.617565 -20.549686 1.259215 5.526776 -30.405803 0.000002 0.000001 0.000000 -0.383084 -1.138002 -29.557285 -0.903943 5.144181 -22.973666 -0.805088 4.425532 -20.107338 0.000002 0.000001 0.000001 0.452100 1.916601 -33.717499 -1.256193 3.732310 -16.624923 -1.370946 8.730553 -39.902696 0.000001 -0.000004 0.000001 8.360777 25.238761 -23.544606 -60.552380 10.499685 18.620474 -0.441273 24.713270 1.090601 44.326794 -3.383788 -62.975881 -54.777168 -14.955119 15.608473 2.817939 -4.926519 -0.170622 -8.340995 13.335535 -10.927716 -0.000001 -0.000005 -0.000000 0.692617 6.023430 -19.350259 0.306461 -0.573376 2.916921 -0.017714 0.233119 -0.209616 0.000001 0.000000 -0.000001 0.197469 4.618794 -21.756202 0.000022 -0.087797 -0.075045 -0.003861 0.413126 -3.140734 0.000001 0.000000 -0.000000 0.136239 4.166649 -19.266256 -0.023771 -0.090344 0.451337 0.016292 0.035658 -0.330488 -0.000001 0.000000 -0.000000 -1.373480 3.818597 -20.804842 0.336693 0.382237 -2.884630 -1.081443 -1.702350 10.869537 -0.000000 -0.000001 -0.000002 -0.332851 2.997351 1.347609 32.875456 6.683510 5.557106 37.204238 -10.406318 -1.680187 14.090336 -0.000009 0.000031 -0.000002 -0.000001 0.000001 -87.524284 10.001856 -12.311722 32.540715 -8.345462 -0.961795 -10.533488 -6.200692 0.491361 -2.358840 -0.000003 -0.000003 -0.000001 0.000001 -0.000003 
59.900074 88.692429 53.176544 77.871506 -39.375812 -164.973684 7.631679 -1.189880 4.178538 1.704172 -0.596112 -0.488470 1.706122 -0.569748 -0.484110 -9.548180 -1.085447 -3.230674 -37.113875 -16.263389 -6.309225 0.000002 0.000000 0.000001 2.688513 -22.240532 2.993061 -76.635446 -47.057630 -61.536337 177.846897 -114.540961 177.628823 51.573748 -0.261809 2.913957 -72.296521 53.999380 -27.598537 2.465611 -9.237229 29.826500 -17.506022 -2.841739 16.571497 0.000002 -0.000000 -0.000002 5.272402 -5.307702 -6.726366 1.355607 2.614405 -12.658546 1.652321 2.944516 -14.977589 0.000001 -0.000002 -0.000000 0.098404 -1.487594 -13.120992 0.579488 4.261966 -18.733600 1.141180 5.287207 -29.113353 0.000000 -0.000002 -0.000001 -0.327054 -1.242495 -28.184934 -0.905274 4.715842 -20.984875 -0.796487 4.100571 -18.588701 -0.000000 0.000003 -0.000000 0.583985 1.981927 -31.771540 -1.136798 3.167902 -14.145162 -1.424733 8.447440 -38.666903 0.000000 -0.000001 -0.000001 7.977961 25.212419 -21.762569 -58.257812 10.846242 18.307827 -0.472524 26.178040 1.103618 42.675227 -1.890591 -59.574645 -50.094831 -19.883171 19.416239 3.041160 -2.040546 0.190692 -8.366550 14.990037 -10.420601 -0.000002 -0.000005 -0.000001 0.548458 5.542692 -18.806424 0.184819 -0.378416 1.781312 -0.135652 0.455534 -1.463119 -0.000001 0.000000 -0.000000 0.418475 5.137768 -21.863721 -0.005022 0.076986 -1.032727 0.001463 0.721632 -4.934035 -0.000000 0.000000 -0.000000 0.211391 4.468107 -20.618019 -0.063968 -0.228382 1.269420 0.169959 0.490063 -3.062595 -0.000001 -0.000000 -0.000000 -0.485666 4.261991 -23.111118 0.237707 0.251767 -2.064159 -1.135176 -1.820983 11.514119 0.000000 0.000000 -0.000001 -0.280907 2.639741 -0.793095 27.130785 6.794662 5.459651 34.948408 -10.207507 -1.425162 8.521528 -0.000024 0.000025 0.000001 -0.000002 -0.000001 -88.516444 9.886794 -14.884929 30.250686 -7.661157 -0.232332 -7.538226 -5.755306 -2.416510 -6.187794 0.000008 0.000014 -0.000002 -0.000001 -0.000000 
59.077003 88.374939 54.051754 80.856579 -38.422884 -164.256023 8.443194 -1.180029 4.120125 1.801446 -0.554927 -0.345426 1.803005 -0.528864 -0.340760 -9.316161 -1.110447 -3.003927 -37.234073 -16.167577 -5.952416 -0.000000 0.000000 0.000001 2.765580 -21.668155 4.125481 -74.884405 -45.243047 -59.575055 178.079793 -117.096353 177.837717 50.003801 -0.702989 5.335550 -72.179172 54.055080 -27.874991 3.515835 -10.547519 30.279424 -17.611318 -2.094103 16.804302 -0.000000 0.000003 -0.000001 5.272688 -5.506373 -5.183650 1.224082 2.418253 -11.621534 1.606593 2.882470 -14.638383 0.000003 -0.000001 -0.000001 0.085182 -1.773050 -11.757133 0.478009 3.932810 -17.070366 1.037826 5.065329 -27.929583 0.000003 -0.000000 -0.000000 -0.276954 -1.332819 -26.933980 -0.893396 4.323417 -19.162987 -0.781004 3.802994 -17.197178 -0.000003 -0.000001 -0.000002 0.689932 2.053406 -29.987020 -1.005905 2.655124 -11.870562 -1.467704 8.192779 -37.560392 -0.000001 0.000003 0.000002 7.722430 25.348256 -20.216827 -56.001944 11.228862 17.841494 -0.487991 26.890173 1.110304 40.749335 -0.318400 -56.815682 -43.877098 -25.059132 25.320503 3.244425 0.847669 0.532937 -8.404939 16.644059 -9.909171 -0.000000 -0.000003 0.000005 0.411523 4.973234 -17.984218 0.057105 -0.163974 0.548163 -0.298258 0.783173 -3.283470 0.000002 0.000000 -0.000001 0.589474 5.531439 -21.872499 -0.002299 -0.022676 -0.453585 0.069898 1.600892 -10.062538 -0.000000 -0.000000 0.000000 0.166864 4.316668 -20.084835 -0.035286 -0.129128 0.681574 0.677949 1.649275 -10.283257 -0.000001 0.000000 0.000001 0.059391 4.418448 -23.773950 0.069168 0.020334 -0.630378 -0.705448 -0.956423 6.731685 -0.000001 0.000001 0.000001 -1.559697 2.995599 -2.515527 21.949212 7.427875 4.310216 32.344477 -15.687189 -4.560982 9.566738 0.000000 -0.000004 0.000000 0.000002 -0.000001 -88.152621 9.731424 -17.197653 26.371038 -6.982835 0.263291 -2.017392 -4.490358 -5.237553 -14.933473 0.000008 0.000022 0.000001 0.000001 0.000001 
58.247559 87.765762 55.032993 84.282711 -37.393838 -163.463516 9.360891 -1.343007 3.977346 1.909275 -0.516517 -0.225295 1.910587 -0.490406 -0.220426 -9.083440 -1.134746 -2.785701 -37.405278 -16.098877 -5.601035 -0.000001 0.000000 0.000001 2.590196 -21.653919 3.723266 -70.984824 -45.074901 -56.524344 178.385581 -121.292958 178.103521 47.586092 -1.989468 8.418621 -72.070114 54.106235 -28.125884 4.438358 -11.709681 30.725049 -17.708442 -1.432890 17.017958 0.000005 0.000001 -0.000001 5.280097 -5.685557 -3.812246 1.110278 2.242060 -10.700973 1.566326 2.827194 -14.337588 0.000004 -0.000001 0.000001 0.079145 -2.025925 -10.548867 0.395988 3.638143 -15.594433 0.949942 4.866587 -26.879110 -0.000001 0.000000 0.000002 -0.233621 -1.408560 -25.828997 -0.872382 3.975404 -17.545861 -0.761208 3.539111 -15.961770 -0.000000 0.000003 0.000002 0.771750 2.125747 -28.401906 -0.872550 2.203981 -9.848254 -1.500684 7.972788 -36.607901 0.000001 -0.000001 -0.000003 7.627504 25.788107 -18.938470 -53.691776 11.797174 17.074035 -0.477538 26.410405 1.105745 38.521229 1.369202 -55.104440 -37.946356 -28.968526 31.138207 3.388178 3.070692 0.784189 -8.443202 17.915965 -9.512734 0.000001 -0.000003 0.000002 0.311704 4.483140 -17.186928 -0.057198 0.037291 -0.594916 -0.422766 1.053253 -4.763003 0.000002 0.000000 0.000001 0.635367 5.605898 -20.817875 -0.005113 0.080753 -1.054682 0.267169 2.692009 -16.517168 -0.000001 0.000000 0.000000 0.194697 4.428107 -20.602589 0.027859 0.076992 -0.545334 0.998969 2.224487 -14.045039 -0.000000 0.000001 0.000000 0.109453 4.407510 -22.637634 0.057151 0.003375 -0.526274 0.044708 0.230320 -0.235897 -0.000001 0.000000 -0.000001 -3.094097 3.714350 -3.812055 17.723086 3.734181 2.607389 27.252667 -16.597034 -8.575098 9.400517 -0.000014 0.000002 -0.000002 0.000001 0.000000 -86.616409 9.862223 -18.992220 26.498245 -4.176453 0.745508 -0.794461 -2.575390 -3.652429 -33.489609 1.523841 -8.474682 0.000001 0.000001 -0.000000 
57.395424 87.100830 56.156082 88.122848 -36.283020 -162.770074 10.357803 -1.589932 3.947758 2.026585 -0.480275 -0.122729 2.027658 -0.453981 -0.117755 -8.851898 -1.157776 -2.575994 -37.612933 -16.045209 -5.256819 0.000001 -0.000000 0.000002 1.957099 -23.015081 0.720049 -64.264615 -45.918880 -51.762578 178.715001 -127.310505 178.374051 45.367039 -3.721238 10.411687 -71.971807 54.152202 -28.346026 5.212554 -12.700919 31.132692 -17.793657 -0.873907 17.207791 0.000000 0.000000 -0.000003 5.292924 -5.840269 -2.644375 1.015714 2.090779 -9.918276 1.532417 2.780120 -14.082399 0.000001 -0.000001 -0.000001 0.078231 -2.240494 -9.523692 0.332265 3.386038 -14.340264 0.878130 4.696358 -25.986448 0.000001 0.000002 0.000002 -0.197641 -1.469417 -24.894638 -0.846778 3.680062 -16.171310 -0.739888 3.315135 -14.911541 -0.000001 -0.000002 0.000001 0.832198 2.193694 -27.053988 -0.746531 1.823673 -8.125624 -1.524747 7.793590 -35.834123 0.000001 -0.000000 -0.000007 7.358606 26.128050 -17.426381 -50.863340 12.226021 17.182041 -0.442547 24.774102 1.091150 36.404372 3.789131 -54.309915 -34.762787 -30.985204 33.587025 3.442808 3.960081 0.881231 -8.460013 18.424430 -9.354712 -0.000002 -0.000002 0.000003 0.268153 4.316750 -16.988103 -0.080632 0.079781 -0.834460 -0.461486 1.141169 -5.240764 -0.000002 0.000001 0.000000 0.617651 5.537967 -19.840291 -0.007459 0.305194 -2.358520 0.371014 3.088399 -18.903662 0.000001 0.000000 -0.000000 0.213676 4.502041 -20.952456 0.034393 0.097463 -0.667606 1.139890 2.451618 -15.572341 0.000001 0.000001 0.000000 0.270099 4.897580 -24.478221 -0.102437 -0.228513 0.882770 -0.184824 -0.100142 1.761393 -0.000001 -0.000001 0.000001 -6.151622 4.305045 -5.385030 15.047014 -3.376409 0.024503 33.475710 -10.576728 -0.237193 -1.422222 -0.000001 0.000021 0.000001 0.000001 0.000000 -83.276883 8.885012 -19.557760 27.733613 0.347234 1.157636 -8.205075 0.101324 -10.109475 -33.504653 0.089293 -1.960475 -0.000000 0.000000 0.000000 
56.651768 86.113785 57.266499 92.591834 -34.808136 -161.842698 11.435354 -1.775540 3.683533 2.155522 -0.446524 -0.040156 2.156397 -0.419905 -0.035126 -8.622717 -1.178946 -2.377203 -37.859564 -16.004525 -4.921775 0.000000 0.000000 -0.000002 1.896976 -24.054080 -0.750557 -57.934033 -44.814937 -48.820519 178.990421 -134.039607 178.581170 46.256466 -4.489662 11.343316 -71.886416 54.192114 -28.530195 5.817190 -13.499434 31.471077 -17.863166 -0.432952 17.369036 0.000004 0.000002 -0.000002 5.309222 -5.965524 -1.712395 0.941893 1.969335 -9.295037 1.505651 2.742681 -13.879999 -0.000000 0.000000 0.000001 0.080187 -2.411039 -8.709258 0.285514 3.184397 -13.342355 0.822912 4.560077 -25.276227 0.000002 -0.000001 -0.000004 -0.169574 -1.514985 -24.155550 -0.821332 3.445474 -15.077383 -0.719998 3.137111 -14.075545 -0.000000 -0.000002 0.000000 0.874522 2.252293 -25.981164 -0.637812 1.522961 -6.750403 -1.540931 7.661249 -35.263812 -0.000000 -0.000002 -0.000001 7.045851 26.493933 -15.846684 -47.977445 12.891523 17.599919 -0.399950 22.724174 1.074610 34.214958 6.465955 -53.973463 -36.662475 -31.659252 33.467312 2.529714 2.801274 0.626742 -8.834080 17.965004 -9.681038 0.000002 -0.000004 -0.000004 0.733438 6.300861 -22.826767 0.360773 -0.657679 3.412788 1.123656 -1.478520 10.065810 -0.000000 0.000001 0.000000 1.365455 7.191992 -25.812566 0.028806 -0.548513 2.606887 -0.000313 0.662180 -4.588371 -0.000000 0.000000 -0.000000 0.710751 5.797566 -25.060359 -0.222550 -0.866460 5.010401 0.421965 1.114673 -6.901810 0.000000 0.000001 -0.000001 1.307894 6.999892 -31.105897 -0.318372 -0.563111 2.875124 -1.517065 -2.792234 16.679735 -0.000002 -0.000001 0.000001 -13.029481 4.669882 -6.656926 20.634879 1.055148 -1.362603 24.287763 -10.997455 -2.304694 7.806908 -0.000024 0.000005 0.000003 -0.000003 0.000001 -79.041913 7.078087 -19.847078 28.634117 3.548589 1.602497 -15.794136 3.120659 -15.503449 -35.789720 0.000002 0.000049 -0.000001 -0.000000 -0.000000 
56.070427 85.153191 58.285488 97.232749 -33.188897 -160.902905 12.589282 -1.952829 3.306545 2.297016 -0.415188 0.022743 2.297785 -0.388277 0.027799 -8.397356 -1.197670 -2.190776 -38.141948 -15.971294 -4.597677 0.000000 -0.000001 0.000001 1.942135 -24.782348 -1.920626 -51.726375 -42.741640 -46.558551 179.201815 -140.616260 178.722568 47.348767 -5.409694 9.710637 -71.816434 54.225234 -28.673035 6.230485 -14.083741 31.710246 -17.913189 -0.125676 17.496829 0.000001 0.000001 0.000001 5.327142 -6.056545 -1.048491 0.890280 1.882663 -8.852748 1.486918 2.716278 -13.737542 -0.000000 0.000001 0.000001 0.083088 -2.531367 -8.132893 0.254515 3.040987 -12.635202 0.784790 4.463084 -24.773014 -0.000000 -0.000001 0.000002 -0.149796 -1.544846 -23.636186 -0.800576 3.279492 -14.302046 -0.704313 3.011093 -13.482906 -0.000002 0.000002 0.000001 0.902501 2.296875 -25.221206 -0.555953 1.310310 -5.770228 -1.549998 7.581781 -34.921740 -0.000001 -0.000001 0.000001 6.685993 26.862118 -14.209982 -45.013873 13.723850 18.226667 -0.352114 20.347226 1.057779 32.038662 9.373863 -53.872062 -38.463691 -37.211796 31.958312 0.263283 0.039822 -0.396934 -9.758284 16.826649 -10.512581 0.000000 0.000001 -0.000001 1.299342 5.304025 -13.902389 0.339471 -0.624840 3.219218 0.622439 -0.807240 5.881770 -0.000000 -0.000000 -0.000001 0.959625 6.440467 -18.392337 0.027514 -0.533581 2.519736 0.004699 0.808286 -5.437973 0.000001 -0.000001 0.000000 0.596250 5.242326 -17.607174 -0.206012 -0.790627 4.568922 0.394574 1.052291 -6.513433 0.000002 0.000001 0.000001 1.137883 6.560036 -20.184129 -0.069990 -0.180385 0.592235 -1.276601 -2.151674 13.294234 0.000001 -0.000001 0.000000 -20.190119 4.350847 -8.092202 27.541018 6.299904 -1.879851 17.534544 -10.347447 -3.101060 9.420796 0.000004 -0.000011 -0.000001 -0.000001 -0.000000 -74.565189 4.711680 -19.223327 28.310289 1.912583 1.972284 -21.796104 5.698616 -19.874645 -35.068954 0.000004 0.000054 0.000001 -0.000000 -0.000000 
55.653992 84.688408 59.000881 101.665665 -31.550085 -160.054514 13.770481 -2.052138 2.933387 2.444205 -0.384803 0.078053 2.444852 -0.357708 0.083122 -8.174568 -1.214943 -2.010384 -38.437303 -15.938245 -4.280788 0.000002 0.000001 -0.000002 1.704566 -24.888502 -3.755358 -44.912916 -39.712011 -43.918297 179.347831 -146.021986 178.808164 46.135855 -7.741809 1.222742 -71.763964 54.250707 -28.769583 6.429997 -14.431829 31.823060 -17.940144 0.032079 17.586482 -0.000002 -0.000003 -0.000005 5.344906 -6.108777 -0.685136 0.862589 1.835489 -8.612998 1.477014 2.702280 -13.662186 0.000000 -0.000001 -0.000003 0.085181 -2.595726 -7.822229 0.238512 2.963420 -12.253531 0.764574 4.410574 -24.501448 -0.000002 0.000000 0.000002 -0.138862 -1.558401 -23.361255 -0.788466 3.190000 -13.883449 -0.695298 2.943082 -13.162843 -0.000001 0.000000 -0.000000 0.917629 2.324023 -24.811832 -0.509538 1.194383 -5.232955 -1.552278 7.561123 -34.832858 0.000002 -0.000001 -0.000003 6.278708 27.208050 -12.527304 -41.952600 14.638357 18.978659 -0.301051 17.730170 1.041925 29.928578 12.455224 -53.784963 -44.380042 -40.431417 30.698657 -2.653295 -3.192583 -2.542192 -10.933688 15.366660 -11.632439 -0.000000 0.000000 0.000001 2.069833 5.471374 -7.549569 0.903123 -1.422281 8.052596 0.719649 -0.945693 6.725981 -0.000001 0.000001 0.000002 0.769937 6.221919 -12.266533 0.126891 -1.325800 7.160842 0.002604 0.754367 -5.124410 0.000001 0.000000 0.000001 0.632765 5.354478 -11.190826 -0.328196 -1.440439 8.329952 0.205531 0.585991 -3.645442 -0.000001 -0.000002 0.000004 0.902374 6.761744 -8.718586 -0.112769 -0.243970 0.975655 -0.970617 -1.468158 9.586789 -0.000002 -0.000002 -0.000003 -26.370524 3.806567 -9.812306 31.775608 10.036189 -2.236343 13.702210 -8.463404 -3.494087 8.796594 -0.000021 -0.000002 -0.000002 -0.000001 0.000000 -70.317822 2.459232 -18.909193 27.791495 -0.188372 2.664928 -27.231589 6.830881 -19.949161 -32.058855 0.000005 0.000043 -0.000001 0.000000 0.000000 
55.341164 84.562653 59.533081 106.013839 -29.880070 -159.318834 15.120009 -2.165096 2.432519 2.622817 -0.360074 0.087982 2.623431 -0.333012 0.093061 -7.963452 -1.225430 -1.861839 -38.806994 -15.907951 -3.989233 0.000001 -0.000000 -0.000000 1.299060 -25.827944 -6.026973 -38.003080 -36.263049 -40.761316 179.539090 -154.278701 178.900973 45.829545 -11.082968 -3.703939 -71.731316 54.267871 -28.814526 6.393048 -14.520243 31.787557 -17.940955 0.024523 17.633477 0.000006 0.000001 -0.000000 5.361395 -6.117974 -0.654488 0.860781 1.832418 -8.597408 1.476877 2.702095 -13.661149 -0.000003 0.000001 -0.000001 0.085366 -2.598606 -7.804824 0.237632 2.959023 -12.231987 0.763447 4.407652 -24.486226 0.000000 0.000000 0.000002 -0.137439 -1.554796 -23.355226 -0.787761 3.184947 -13.859764 -0.694765 2.939188 -13.144439 -0.000002 0.000000 -0.000001 0.921293 2.330607 -24.790590 -0.505463 1.184334 -5.186298 -1.547387 7.605113 -35.022174 -0.000002 -0.000004 -0.000000 5.826746 27.506818 -10.809733 -38.772832 15.537748 19.794040 -0.248571 14.959521 1.028001 27.890464 15.620346 -53.495875 -50.583906 -43.211226 29.284576 -5.476736 -5.779028 -5.885238 -12.071017 13.909090 -12.784400 -0.000001 0.000001 -0.000001 2.674391 5.447147 -0.971671 1.484040 -2.116545 12.540731 1.230664 -1.609389 10.910782 -0.000001 0.000001 -0.000002 0.704121 6.648881 -7.913437 0.371570 -2.410527 13.631688 0.011893 -0.160147 0.192607 0.000002 0.000002 -0.000005 0.692229 6.246495 -6.147233 -0.435642 -2.520269 14.505041 -0.080374 -0.294034 1.625755 -0.000000 0.000003 -0.000004 0.693146 8.639690 -2.494132 -0.680517 -1.189489 6.492412 -1.499978 -2.742643 16.420208 -0.000004 0.000000 0.000002 -36.299115 4.145767 -10.977672 41.418923 10.596786 -2.924128 9.666097 -6.432755 -4.624330 9.074647 -0.000025 0.000011 0.000001 -0.000003 0.000001 -66.017842 0.276135 -18.729183 27.199464 -0.824114 3.340265 -31.756387 6.872016 -18.534092 -28.478711 0.000005 0.000036 0.000001 0.000000 0.000000 
55.136616 84.670883 59.831654 110.275569 -28.199102 -158.587744 16.778819 -2.386390 1.637012 2.855907 -0.349783 0.027031 2.856661 -0.322715 0.032282 -7.765504 -1.222500 -1.783064 -39.351510 -15.884477 -3.718115 0.000002 -0.000001 -0.000000 0.734588 -25.797553 -8.839961 -30.111149 -33.660152 -36.733611 179.678248 -161.110557 178.951694 46.378289 -7.236719 -13.888124 -71.715033 54.280715 -28.808963 6.066028 -14.304224 31.572857 -17.910467 -0.181552 17.634459 0.000004 0.000001 -0.000000 5.378245 -6.077043 -1.023393 0.890214 1.882528 -8.852052 1.488649 2.718745 -13.750843 0.000000 -0.000002 0.000001 0.083217 -2.526115 -8.146821 0.254948 3.043089 -12.645590 0.785372 4.464586 -24.780813 0.000002 -0.000000 0.000000 -0.146709 -1.526185 -23.685382 -0.800911 3.281874 -14.313229 -0.704517 3.012671 -13.490349 -0.000002 0.000000 -0.000001 0.913082 2.313368 -25.239200 -0.552411 1.301370 -5.728895 -1.532478 7.731807 -35.567739 -0.000001 -0.000001 -0.000000 5.336343 27.733191 -9.069085 -35.456516 16.313145 20.635499 -0.196168 12.122202 1.016593 25.880324 18.749713 -52.792615 -57.478719 -45.752610 27.679195 -8.188997 -7.770030 -11.237186 -13.534588 12.370840 -13.991268 0.000001 -0.000001 0.000000 3.789065 4.206498 7.610816 2.017335 -2.667219 16.347399 1.797802 -2.243185 15.166585 -0.000000 0.000001 -0.000000 0.503702 7.940463 -2.223188 0.810527 -3.633014 21.204792 0.185002 -1.523076 8.186202 -0.000001 0.000001 -0.000001 0.581755 8.987545 -0.088151 -0.391958 -4.015643 23.029479 -0.382127 -1.882016 10.834109 0.000001 0.000001 0.000000 -3.494277 13.023389 8.995620 -1.355968 -2.699332 14.757404 -2.052668 -5.114072 28.489894 -0.000000 -0.000001 -0.000000 -44.326982 4.549405 -11.361638 48.615132 9.218682 -4.192103 7.319360 -8.903186 -8.742283 8.888608 -0.000000 0.000005 0.000000 -0.000002 0.000001 -61.210318 -1.782388 -18.256831 25.811369 -0.514725 3.565988 -34.570948 6.492954 -17.876371 -25.666137 -0.000001 0.000034 0.000001 0.000000 0.000000 
54.918564 84.916397 60.056431 114.433078 -26.431135 -158.101052 18.608878 -2.553864 0.767706 3.121773 -0.345354 -0.081054 3.122698 -0.318530 -0.075654 -7.579696 -1.212526 -1.737379 -39.971548 -15.862182 -3.471240 -0.000001 -0.000001 0.000001 0.378241 -24.694120 -10.676043 -20.796688 -29.719540 -34.136080 179.803664 -167.774936 178.983263 54.187582 -23.357049 12.341303 -71.709910 54.293054 -28.759536 5.435483 -13.776453 31.184294 -17.848836 -0.592034 17.592300 -0.000000 0.000005 -0.000000 5.398043 -5.987441 -1.803304 0.952522 1.987024 -9.385529 1.512914 2.752859 -13.935000 -0.000001 -0.000003 -0.000003 0.080024 -2.374635 -8.864856 0.293076 3.218125 -13.509015 0.832072 4.583036 -25.395658 0.000001 -0.000001 0.000002 -0.166615 -1.467491 -24.372786 -0.825891 3.484549 -15.259732 -0.723432 3.166272 -14.212632 -0.000001 -0.000001 -0.000000 0.889603 2.274198 -26.173370 -0.648159 1.550643 -6.877514 -1.504236 7.947450 -36.498414 0.000001 0.000002 0.000001 4.817083 27.861947 -7.317933 -31.992152 16.846851 21.496209 -0.145156 9.304803 1.007975 23.812964 21.698847 -51.465342 -65.638507 -48.199750 25.831847 -10.598662 -9.373664 -18.396375 -15.667429 10.612966 -15.246046 -0.000000 0.000000 0.000002 5.396041 3.044906 15.535928 2.606752 -3.198469 20.293839 2.442659 -2.861508 19.644712 0.000000 0.000002 -0.000001 0.157130 1.139294 13.934926 1.554047 -5.020662 30.410461 0.653409 -3.140133 18.001194 0.000001 -0.000001 0.000000 -0.364288 2.844474 19.786684 -0.016583 -5.877174 33.884630 -0.393232 -3.930874 22.520993 -0.000001 -0.000001 0.000001 -1.671104 2.997743 33.811113 -1.906204 -4.827978 25.745315 -2.019018 -8.196907 43.844333 -0.000000 -0.000001 -0.000002 -51.478692 5.464123 -11.718451 54.736050 6.542650 -5.634550 4.084895 -7.117665 -5.861840 9.597314 -0.000008 -0.000003 0.000001 0.000001 0.000001 -57.371383 -2.764847 -17.466974 26.562288 -0.442092 3.760381 -35.925805 6.287842 -17.742323 -24.907712 -0.000002 0.000040 0.000000 0.000000 -0.000000 
54.712910 85.200363 60.237911 118.489206 -24.621389 -157.810319 20.450544 -2.724359 -0.421058 3.405933 -0.330231 -0.238381 3.406879 -0.305081 -0.233453 -7.421744 -1.203375 -1.666105 -40.489180 -15.828354 -3.301342 0.000001 0.000001 -0.000000 0.063311 -21.294459 -12.876857 -14.945591 -22.888239 -33.799908 179.826218 -169.013113 178.987416 54.722817 -7.391418 3.899718 -71.715866 54.303952 -28.669671 4.538486 -12.966529 30.666156 -17.761675 -1.181939 17.512378 0.000002 0.000002 -0.000003 5.422099 -5.855749 -2.943361 1.045111 2.138305 -10.163467 1.548255 2.802144 -14.201726 -0.000003 -0.000003 -0.000001 0.078780 -2.153882 -9.912181 0.353304 3.471897 -14.766589 0.902354 4.754589 -26.291155 0.000002 -0.000001 0.000000 -0.196359 -1.381640 -25.372778 -0.856273 3.780293 -16.638037 -0.747511 3.390364 -15.264481 0.000001 -0.000001 0.000000 0.846603 2.218535 -27.532231 -0.779163 1.918498 -8.556828 -1.460099 8.240101 -37.765701 0.000001 -0.000003 0.000001 4.282025 27.868149 -5.569821 -28.381523 17.015219 22.404221 -0.096828 6.594172 1.002137 21.585355 24.299897 -49.307935 -73.283415 -50.093185 24.303213 -13.153031 -9.729260 -25.124842 -16.473341 9.002674 -16.782080 -0.000000 -0.000004 -0.000003 6.042943 3.585832 20.535891 3.129924 -3.612869 23.617348 3.046579 -3.360745 23.578325 0.000001 0.000001 0.000001 0.438789 -0.250571 22.094617 2.420727 -6.168085 38.841271 1.319435 -4.530091 27.008819 0.000001 -0.000001 0.000004 -0.723069 1.695486 31.232239 0.645353 -7.516094 44.024783 -0.027388 -5.806693 33.449878 -0.000001 0.000001 -0.000002 -2.555176 1.189912 48.373415 -2.043785 -6.887865 36.082025 -1.229108 -10.990346 58.409770 0.000002 -0.000001 0.000001 -59.565274 6.127811 -12.634983 61.078523 5.767490 -5.988877 1.169642 -5.991316 -4.757629 10.732672 -0.000023 0.000006 -0.000001 0.000001 -0.000001 -53.611323 -3.669403 -16.530412 27.469839 0.065015 3.981604 -36.668605 5.931532 -18.045879 -24.311097 0.000008 0.000039 0.000002 0.000000 0.000000 
54.556641 85.492195 60.225193 122.437643 -22.775676 -157.756606 22.262636 -2.913948 -2.317436 3.722252 -0.288223 -0.494889 3.722670 -0.268002 -0.491872 -7.324750 -1.198532 -1.524118 -40.742522 -15.767138 -3.303281 0.000002 0.000000 -0.000001 -0.242105 -19.101601 -15.547949 -6.637251 -15.734381 -31.191374 179.836600 -169.588297 178.989151 53.057377 -3.103439 -1.419421 -71.732586 54.312356 -28.542826 3.411534 -11.903739 30.068002 -17.655013 -1.926401 17.400259 0.000001 0.000005 0.000000 5.452063 -5.689931 -4.392875 1.165623 2.328531 -11.151509 1.593265 2.864231 -14.539084 0.000001 -0.000002 0.000000 0.083014 -1.873598 -11.242134 0.437745 3.791845 -16.362879 0.995402 4.970608 -27.427794 -0.000001 -0.000004 0.000001 -0.235184 -1.271346 -26.640600 -0.884541 4.156390 -18.387100 -0.772150 3.675227 -16.599236 -0.000005 -0.000000 -0.000000 0.778651 2.152960 -29.254790 -0.930088 2.391536 -10.691614 -1.397025 8.597551 -39.321344 0.000004 0.000001 -0.000002 3.747226 27.727489 -3.839039 -24.645455 16.693189 23.427810 -0.052384 4.076977 0.998772 19.116824 26.362707 -46.127194 -78.525414 -51.251188 23.511874 -14.620548 -9.009711 -29.400023 -16.659482 7.746263 -18.140118 -0.000001 -0.000004 -0.000001 6.387683 4.041743 23.504786 3.444775 -3.839521 25.550882 3.466310 -3.668965 26.195218 0.000002 0.000002 -0.000001 0.718573 -1.103460 27.280855 3.036464 -6.807087 44.051633 1.859335 -5.359796 32.804371 0.000001 0.000000 -0.000000 -0.908869 0.836845 38.703656 1.200348 -8.464725 50.344488 0.394089 -6.958917 40.481944 -0.000000 0.000001 0.000000 -2.932402 -0.282596 57.695940 -1.944669 -8.134839 42.360652 -0.336623 -12.658933 67.951216 -0.000000 -0.000000 0.000004 -67.155943 7.896307 -10.072734 68.195211 3.525346 -7.505064 -6.317903 -5.253515 -11.040047 18.402871 -0.000028 -0.000007 0.000001 0.000001 -0.000001 -49.673855 -4.553113 -15.379358 28.252989 0.728485 4.212281 -36.803665 5.550508 -18.617304 -23.873145 0.000005 0.000038 0.000001 0.000000 -0.000000 
54.339687 85.751793 60.087849 126.274516 -20.902780 -158.053009 22.647335 -2.326933 -4.843233 3.847867 -0.029615 -0.799418 3.845972 -0.022627 -0.806159 -6.878192 -1.343169 -1.051892 -39.947570 -16.457908 -3.484989 -0.000000 0.000000 -0.000001 -0.311568 -17.522719 -16.786884 -0.631756 -7.459414 -31.186323 179.844085 -170.003477 178.990339 51.469823 2.548838 -6.434699 -71.759764 54.317383 -28.382470 2.090367 -10.618951 29.440724 -17.534812 -2.800432 17.261399 0.000001 0.000001 0.000001 5.489588 -5.497773 -6.101142 1.311686 2.549750 -12.315331 1.646577 2.936784 -14.935190 -0.000001 -0.000001 -0.000000 0.096398 -1.543718 -12.808019 0.548529 4.165118 -18.242510 1.110392 5.222347 -28.766076 0.000001 0.000002 -0.000000 -0.282311 -1.139248 -28.131521 -0.903071 4.599750 -20.445995 -0.792593 4.011056 -18.170246 0.000001 -0.000001 -0.000001 0.680655 2.084848 -31.279995 -1.085250 2.955754 -13.206928 -1.312071 9.007321 -41.117158 0.000006 -0.000001 -0.000000 3.190823 27.048582 -2.095728 -20.333444 14.537368 25.225384 -0.013105 1.839958 0.997429 16.555127 27.169687 -40.219391 -79.933014 -53.780657 23.931666 -13.820919 -6.382859 -30.720326 -16.870729 6.391516 -18.865630 -0.000001 -0.000001 0.000001 6.565439 4.258931 24.446321 3.538309 -3.903790 26.116784 3.689495 -3.821222 27.553777 -0.000001 -0.000000 0.000000 0.887967 -1.507822 29.429277 3.277400 -7.027647 45.970660 2.123046 -5.706483 35.357038 0.000001 -0.000000 0.000000 -0.912933 0.334389 42.143975 1.434971 -8.803089 52.714451 0.620483 -7.440141 43.534557 -0.000000 0.000001 0.000002 -2.870670 -1.091846 61.750572 -1.882881 -8.535937 44.401004 0.159237 -13.359940 72.289199 0.000000 0.000000 0.000001 -74.441692 8.693365 -8.237172 73.618313 1.613163 -8.502930 -12.028162 -3.750807 -14.491699 19.549060 -0.000021 -0.000009 0.000003 -0.000002 0.000001 -46.020995 -5.426957 -13.993751 29.665967 1.297927 4.243449 -36.871878 5.140776 -18.724772 -23.598929 0.000006 0.000038 0.000001 0.000000 -0.000000 
54.071415 86.009552 59.779392 130.017541 -19.057242 -158.705497 22.768022 -1.364680 -7.022179 3.961051 0.289000 -1.013777 3.956125 0.277675 -1.031958 -6.463656 -1.477343 -0.617682 -38.970017 -17.109216 -3.422164 -0.000001 -0.000000 0.000001 -0.280817 -15.206245 -17.933589 7.939331 -0.026041 -31.656667 179.868169 -171.345267 178.993823 53.731811 -3.486511 -6.988497 -71.796961 54.317967 -28.192104 0.609831 -9.145912 28.833124 -17.406824 -3.779014 17.101001 0.000002 0.000003 0.000001 5.535898 -5.286893 -8.017418 1.480729 2.794117 -13.620610 1.706769 3.017428 -15.378106 0.000005 -0.000003 0.000001 0.122176 -1.174391 -14.563311 0.687226 4.578677 -20.350055 1.246240 5.501082 -30.266515 0.000004 0.000002 -0.000001 -0.336786 -0.987935 -29.800764 -0.904831 5.096858 -22.753903 -0.804522 4.387797 -19.930955 -0.000002 0.000001 -0.000001 0.548656 2.022046 -33.546768 -1.229693 3.596028 -16.028176 -1.202970 9.456890 -43.104931 0.000002 0.000002 0.000001 2.665373 25.467443 -0.421378 -15.937753 11.450164 29.089574 0.019678 -0.030156 0.997487 15.518062 25.950503 -36.133726 -79.392609 -53.795670 25.063659 -13.663285 -5.450216 -31.599839 -17.099527 4.947920 -19.384746 -0.000004 0.000001 0.000004 6.722898 4.270113 24.268688 3.507365 -3.882666 25.929871 3.811473 -3.901214 28.287447 -0.000001 0.000001 -0.000004 1.036258 -1.803603 30.139545 3.323427 -7.068126 46.330816 2.239635 -5.850013 36.441265 0.000001 -0.000000 -0.000000 -0.769942 -0.073492 43.797482 1.494173 -8.883885 53.291223 0.724974 -7.641695 44.838628 -0.000001 0.000000 0.000001 -2.606268 -1.750072 63.470619 -1.878407 -8.561745 44.532820 0.415910 -13.681884 74.370904 -0.000000 -0.000001 0.000002 -81.485065 10.013021 -5.874747 77.471448 0.619349 -9.513137 -14.642599 -2.491542 -14.247392 19.562727 -0.000019 0.000001 -0.000003 0.000001 -0.000001 -43.386885 -5.991380 -13.191790 33.210849 2.646221 4.747376 -37.470551 4.146160 -16.076751 -23.474407 0.000004 0.000042 0.000000 0.000000 0.000000 
53.757828 86.246704 59.241257 133.679055 -17.281234 -159.712308 22.626161 -0.379554 -8.600205 4.007712 0.577265 -1.137129 4.000037 0.549412 -1.164974 -6.060953 -1.564721 -0.292823 -37.935021 -17.489109 -3.122366 0.000002 -0.000000 0.000000 -0.109888 -12.718830 -18.115019 14.550774 8.152526 -33.915755 179.858046 -170.779851 178.992429 48.272645 -2.707900 -17.210518 -71.843830 54.313111 -27.975162 -0.996120 -7.522005 28.288832 -17.276321 -4.837184 16.923923 0.000002 0.000002 -0.000003 5.591647 -5.064586 -10.091132 1.669754 3.053910 -15.032966 1.772397 3.103900 -15.855941 0.000004 -0.000002 0.000001 0.162891 -0.775857 -16.461516 0.854267 5.019590 -22.630298 1.401304 5.798237 -31.889556 0.000004 -0.000001 0.000001 -0.397448 -0.820143 -31.603640 -0.884095 5.633692 -25.250164 -0.804385 4.795182 -21.834918 0.000000 -0.000002 0.000001 0.380920 1.972200 -35.994011 -1.350303 4.295855 -19.081303 -1.068578 9.933593 -45.236288 -0.000000 0.000002 0.000001 2.280320 23.329006 0.848962 -10.821652 7.714651 34.582081 0.044525 -1.446618 0.998241 16.243411 22.859076 -32.689839 -79.105537 -53.798371 25.665040 -12.970451 -3.999060 -31.963308 -17.318535 3.663027 -19.855384 0.000002 -0.000006 -0.000002 6.853390 4.117098 23.156764 3.372480 -3.788904 25.110948 3.844453 -3.922443 28.484744 -0.000000 0.000000 0.000000 1.143774 -1.997173 29.635566 3.201661 -6.959922 45.373657 2.221287 -5.827798 36.272252 -0.000001 0.000000 -0.000002 -0.526363 -0.380628 43.932514 1.397484 -8.751013 52.344985 0.709488 -7.612557 44.649083 -0.000000 0.000001 -0.000001 -2.195431 -2.225186 63.215026 -1.925313 -8.271346 43.053551 0.433921 -13.703550 74.513341 -0.000000 -0.000000 0.000001 -86.772854 11.070973 -3.383989 78.795186 -0.422086 -10.507985 -15.961180 -1.400986 -13.853493 19.731447 -0.000023 -0.000002 -0.000003 0.000002 -0.000001 -40.701954 -6.685735 -12.431436 36.745977 4.039312 5.305176 -37.524755 3.181955 -12.757171 -23.493431 0.000002 0.000033 0.000001 -0.000000 -0.000000 
53.361397 86.538612 58.118092 137.234524 -15.665174 -161.531488 21.844516 0.335071 -8.611064 3.859232 0.701437 -1.079587 3.851352 0.668220 -1.109783 -5.653395 -1.513413 -0.264480 -36.934101 -17.035352 -2.330322 0.000003 -0.000000 -0.000001 0.153790 -9.236176 -18.119624 21.712803 17.215430 -37.309973 179.837255 -169.624907 178.989246 33.817721 -4.782893 -17.427467 -71.900158 54.301804 -27.735115 -2.694128 -5.788371 27.843563 -17.147914 -5.949721 16.734657 0.000002 0.000001 -0.000000 5.656705 -4.837637 -12.271503 1.875221 3.321716 -16.517940 1.841928 3.193920 -16.356742 0.000000 -0.000002 -0.000001 0.220252 -0.357716 -18.456062 1.048585 5.475021 -25.027630 1.573258 6.105375 -33.595511 0.000001 -0.000003 -0.000002 -0.462931 -0.638890 -33.495347 -0.837033 6.195846 -27.874132 -0.789596 5.222721 -23.835530 0.000000 0.000003 0.000001 0.178140 1.942287 -38.560567 -1.436658 5.037282 -22.292394 -0.909192 10.424913 -47.462670 -0.000000 0.000001 0.000002 2.076334 21.307960 1.230748 -4.354571 3.796948 40.697054 0.044519 -1.446627 0.998245 18.989570 18.627024 -26.949396 -79.067807 -53.798586 25.744069 -11.847949 -2.127987 -31.924840 -17.520205 2.516314 -20.239982 0.000000 -0.000001 0.000001 6.934733 3.847897 21.294797 3.156288 -3.632488 23.781105 3.802654 -3.895503 28.234619 0.000001 -0.000001 -0.000002 1.195191 -2.093536 28.141383 2.949416 -6.723619 43.343288 2.092370 -5.667780 35.067581 0.000001 -0.000000 0.000001 -0.232596 -0.600550 42.814136 1.182543 -8.437759 50.158556 0.596351 -7.391941 43.225054 0.000001 0.000001 -0.000003 -1.714513 -2.551834 61.329997 -1.993044 -7.720645 40.266438 0.251192 -13.478128 73.045998 0.000001 -0.000001 0.000002 -90.783862 11.660106 -1.175591 77.763643 -1.117339 -11.749138 -16.143033 -0.707822 -11.633110 12.296282 -0.000019 -0.000001 -0.000003 0.000000 -0.000001 -37.055521 -7.933546 -11.241589 38.991965 5.111604 5.886470 -36.650368 2.286466 -8.725481 -23.649827 0.000001 0.000027 -0.000000 0.000000 0.000000 
52.932732 86.877350 56.596745 140.703195 -14.161996 -163.747447 20.702949 0.987172 -8.053856 3.620573 0.783095 -0.947127 3.613714 0.748271 -0.977102 -5.262153 -1.436265 -0.339278 -35.953464 -16.466722 -1.574920 0.000000 -0.000001 -0.000001 0.394282 -6.626845 -16.548497 29.213904 25.401224 -43.464189 179.845861 -170.101886 178.990640 31.476254 -2.513962 -12.614616 -71.965585 54.283099 -27.475440 -4.450798 -3.989292 27.523161 -17.025519 -7.091367 16.537175 0.000002 0.000003 0.000000 5.730188 -4.612129 -14.507983 2.092955 3.590531 -18.041048 1.913797 3.285231 -16.868551 -0.000001 -0.000000 0.000001 0.294348 0.068913 -20.500823 1.267431 5.932626 -27.486479 1.758927 6.414521 -35.344624 0.000001 -0.000000 0.000001 -0.531603 -0.447623 -35.431299 -0.761949 6.768738 -30.564997 -0.758910 5.659819 -25.886274 0.000001 -0.000002 -0.000000 -0.056122 1.937587 -41.185573 -1.481870 5.801337 -25.587967 -0.726751 10.918638 -49.735269 0.000005 -0.000001 -0.000000 1.783681 19.208437 2.298509 4.304039 -0.100480 46.112035 0.018846 0.017782 0.997478 17.427224 16.379803 -25.103515 -79.228118 -53.797445 25.408247 -10.170536 -0.066048 -31.710734 -17.699679 1.415968 -20.475966 0.000002 -0.000001 -0.000001 6.942779 3.516907 18.866227 2.882106 -3.422765 22.061728 3.701491 -3.829197 27.626199 -0.000001 0.000000 -0.000000 1.182075 -2.093447 25.881588 2.608684 -6.375802 40.484696 1.883655 -5.393149 33.046132 0.000003 0.000001 -0.000000 0.063677 -0.751460 40.707361 0.894917 -7.973022 47.015440 0.418464 -7.014105 40.828074 0.000003 -0.000001 -0.000002 -1.234641 -2.780287 58.159382 -2.041636 -6.966484 36.475963 -0.074183 -13.044265 70.305336 0.000001 -0.000001 -0.000003 -93.111864 12.585239 0.118428 74.546338 -0.006045 -11.961246 -17.043378 0.519398 -12.414978 12.281032 -0.000015 0.000002 0.000001 0.000000 -0.000001 -32.986341 -9.502714 -10.116195 40.586955 5.805896 6.603120 -34.697156 1.864275 -3.705529 -24.468596 -0.000002 0.000041 -0.000001 0.000000 0.000001 
52.476337 87.233002 54.409733 143.958531 -12.662344 -166.330119 19.156524 1.777795 -7.344962 3.307548 0.901325 -0.770779 3.302641 0.864905 -0.800193 -4.924797 -1.420252 -0.426934 -34.947633 -16.395809 -1.398410 0.000000 0.000000 -0.000001 0.551912 -4.326462 -14.359904 38.890588 31.765086 -52.210065 179.717986 -163.174818 178.963237 30.300850 1.795723 -8.144484 -72.039890 54.255860 -27.199598 -6.231748 -2.171223 27.342072 -16.912262 -8.236788 16.335193 0.000001 0.000004 0.000002 5.810436 -4.393352 -16.749854 2.318118 3.853813 -19.567444 1.986320 3.375717 -17.379442 0.000000 -0.000000 0.000005 0.383992 0.493476 -22.549419 1.506164 6.380774 -29.950752 1.954257 6.718049 -37.096899 0.000002 -0.000000 -0.000001 -0.601725 -0.250278 -37.366886 -0.659719 7.337852 -33.261689 -0.712431 6.095885 -27.940456 -0.000002 0.000000 -0.000000 -0.315826 1.961263 -43.808075 -1.482784 6.568214 -28.894241 -0.524944 11.403061 -52.004750 0.000003 -0.000000 0.000002 1.599567 17.918523 3.153560 14.250593 -2.465757 51.003666 -0.019328 2.194743 0.997550 13.111574 10.389823 -8.696903 -79.509768 -53.794061 24.818143 -7.479032 1.755049 -31.611301 -17.864507 0.226480 -20.559278 -0.000001 0.000000 0.000003 6.861785 3.184028 16.054107 2.572992 -3.169988 20.073998 3.556835 -3.731678 26.748940 -0.000001 0.000001 -0.000001 1.104328 -1.992265 23.081502 2.221912 -5.934553 37.042841 1.627789 -5.026347 30.427058 -0.000004 0.000000 0.000000 0.321507 -0.844914 37.879259 0.580519 -7.387265 43.196900 0.211691 -6.513098 37.720372 -0.000001 -0.000002 -0.000001 -0.813438 -2.946626 54.050125 -2.033979 -6.069509 31.984721 -0.476789 -12.437723 66.629923 -0.000001 -0.000003 -0.000000 -93.753567 13.112902 0.485237 70.045482 1.182346 -11.785273 -19.013770 1.780491 -12.028329 14.698973 -0.000019 -0.000009 0.000002 -0.000001 -0.000001 -28.145434 -11.458821 -9.083012 40.939331 6.542062 7.429779 -31.281273 1.890265 2.411276 -25.486115 0.000859 -0.137652 0.000000 0.000001 -0.000002 
51.945744 87.507523 51.813503 146.718160 -10.914991 -168.743034 16.520670 3.356331 -6.736261 2.983172 1.245548 -0.675213 2.979529 1.207278 -0.711484 -4.610123 -1.666726 -0.279022 -34.132935 -17.955379 -2.486088 0.000001 -0.000000 0.000000 0.620071 -1.973585 -12.009673 49.880212 36.863388 -61.442551 179.553761 -154.967512 178.907052 32.437589 7.766251 -11.201150 -72.122898 54.219035 -26.910886 -8.000581 -0.381135 27.302320 -16.810515 -9.360542 16.132036 0.000002 -0.000001 0.000001 5.895184 -4.185712 -18.946282 2.545240 4.105502 -21.062452 2.057789 3.463281 -17.877443 0.000001 0.000001 0.000000 0.486681 0.906069 -24.555428 1.758402 6.808649 -32.364080 2.154274 7.008950 -38.812171 0.000003 0.000001 0.000000 -0.671379 -0.051415 -39.257503 -0.533563 7.889079 -35.902831 -0.651771 6.520442 -29.951230 -0.000001 -0.000001 0.000000 -0.592519 2.013576 -46.367576 -1.440476 7.318021 -32.137129 -0.309315 11.867126 -54.221344 0.000003 0.000000 -0.000001 1.568517 15.621756 2.411339 22.566113 -4.405318 56.976967 -0.040291 3.389667 0.998183 9.287646 8.753197 -3.910247 -79.825001 -53.788249 24.157575 -4.474002 3.606296 -31.554589 -18.000769 -0.894106 -20.560836 -0.000001 -0.000006 -0.000002 6.691224 2.911629 13.041452 2.250702 -2.886426 17.938821 3.384544 -3.611238 25.692033 0.000002 0.000001 -0.000000 0.971166 -1.781046 19.967071 1.828209 -5.423283 33.261502 1.355754 -4.592107 27.429039 0.000000 0.000000 0.000002 0.510493 -0.879631 34.599812 0.279672 -6.716402 38.980156 0.008846 -5.925949 34.162964 0.000001 -0.000001 -0.000003 -0.489139 -3.060772 49.354052 -1.945269 -5.094838 27.092179 -0.894194 -11.699819 62.356403 -0.000001 0.000003 -0.000002 -93.048569 13.524198 0.398831 63.634810 2.977635 -11.534753 -20.882001 3.000034 -11.721636 17.445696 -0.000019 -0.000002 0.000000 -0.000000 -0.000002 -23.947712 -13.486967 -9.841925 41.245573 7.525929 9.111925 -24.990168 4.638025 10.854474 -32.698557 0.300271 -2.999915 0.000000 -0.000000 -0.000000 
51.412319 87.726501 48.928642 149.595978 -8.955626 -171.161986 13.755040 5.217354 -6.026750 2.659622 1.691313 -0.552774 2.659164 1.650690 -0.597486 -4.247700 -1.907554 -0.170406 -33.430638 -19.418250 -3.448059 0.000000 0.000000 -0.000000 0.557426 -0.579927 -8.331490 61.529226 39.959332 -71.666129 179.430313 -149.417382 178.851167 28.614398 11.142141 -9.046438 -72.214340 54.171600 -26.612879 -9.717899 1.334815 27.393452 -16.721825 -10.437150 15.930779 0.000004 0.000001 -0.000005 5.981615 -3.992681 -21.046605 2.768200 4.340207 -22.491019 2.126351 3.545865 -18.350558 -0.000003 0.000000 -0.000000 0.598587 1.297013 -26.472442 2.015866 7.206597 -34.669647 2.353276 7.280720 -40.450050 0.000000 0.000001 -0.000001 -0.738655 0.143761 -41.058839 -0.389263 8.408955 -38.426460 -0.579911 6.923258 -31.871507 -0.000004 -0.000000 0.000002 -0.876215 2.091615 -48.803792 -1.360014 8.031245 -35.241973 -0.087000 12.300573 -56.334646 0.000002 -0.000003 0.000003 1.476834 14.545339 2.234363 32.413059 -7.227798 64.638137 -0.072342 5.210505 1.000046 8.897027 1.975517 0.964634 -80.094746 -53.582008 23.609628 -1.416790 5.245659 -31.613073 -18.107596 -1.924715 -20.502235 0.000002 -0.000003 -0.000000 6.448162 2.760028 10.011991 1.935096 -2.586970 15.776639 3.199980 -3.476866 24.544765 0.000001 0.000000 -0.000001 0.800077 -1.448928 16.764633 1.460156 -4.872178 29.382804 1.093950 -4.119220 24.269552 0.000001 -0.000000 -0.000001 0.613920 -0.840437 31.141810 0.022483 -6.002973 34.637846 -0.164872 -5.293960 30.414634 0.000002 -0.000002 0.000000 -0.273515 -3.105644 44.427584 -1.768825 -4.109769 22.094827 -1.275094 -10.881672 57.816950 0.000001 -0.000000 0.000001 -90.212831 13.738324 0.111485 54.398321 5.981713 -11.210843 -19.597626 3.461743 -12.841325 18.745154 -0.000025 0.000004 0.000000 0.000001 -0.000004 -21.130336 -14.769130 -11.111725 43.148733 6.654991 9.528180 -14.924556 6.225955 22.600727 -44.275865 2.335540 -7.775380 -0.000001 -0.000001 -0.000001 
51.042652 87.816010 45.535885 153.409600 -6.599260 -173.686123 11.716206 7.228955 -4.960677 2.348953 2.215659 -0.268867 2.359052 2.171456 -0.319301 -3.725399 -1.869059 -0.415417 -32.674290 -18.994852 -2.715138 0.000000 0.000000 0.000000 0.451201 1.508288 -6.365914 68.006486 41.720998 -76.945414 179.384482 -147.499656 178.827781 25.209525 12.892697 -8.104961 -72.314341 54.112406 -26.308833 -11.340351 2.933151 27.592791 -16.647063 -11.441099 15.734376 -0.000000 0.000001 -0.000002 6.066527 -3.816946 -22.999984 2.980407 4.552977 -23.818132 2.190160 3.621477 -18.786790 -0.000001 -0.000001 0.000002 0.714592 1.657037 -28.253771 2.268997 7.566000 -36.810345 2.544771 7.527522 -41.970003 0.000004 0.000000 0.000002 -0.801690 0.329441 -42.726586 -0.234752 8.884821 -40.770191 -0.501080 7.294394 -33.654022 0.000001 0.000001 -0.000001 -1.155784 2.189173 -51.057013 -1.250193 8.689269 -38.133332 0.133433 12.694069 -58.293848 -0.000001 0.000000 0.000002 1.485678 14.433079 1.568719 42.194730 -10.068664 72.462454 -0.105252 7.069485 1.002997 10.725882 -0.087973 1.230584 -80.316700 -51.157045 23.346548 0.740232 4.723015 -31.812518 -18.186670 -2.843438 -20.405836 0.000004 -0.000001 -0.000002 6.165528 2.783118 7.150380 1.643661 -2.289135 13.707354 3.017866 -3.338561 23.396098 0.000001 0.000000 -0.000001 0.614673 -0.985875 13.700423 1.141534 -4.318137 25.646869 0.862419 -3.640586 21.164909 0.000002 0.000000 0.000001 0.629953 -0.701488 27.779896 -0.173964 -5.295225 30.438909 -0.294867 -4.662340 26.731667 0.000003 0.000003 -0.000001 -0.147328 -3.044574 39.630458 -1.518666 -3.179582 17.287584 -1.585421 -10.044696 53.337992 0.000001 -0.000000 0.000002 -85.289399 12.239502 0.683495 46.391184 7.839734 -11.029684 -18.365199 3.753799 -14.811957 16.383266 -0.000021 0.000014 0.000001 0.000000 0.000002 -16.529906 -16.179152 -11.366380 45.658640 5.899248 9.453679 -9.530233 7.535801 27.153217 -40.131425 1.213569 -5.582841 0.000001 -0.000001 0.000001 
50.927254 88.112541 41.614883 158.753213 -4.491278 -175.359807 11.155336 8.258060 -4.379706 2.124988 2.505618 -0.139147 2.140892 2.462715 -0.189745 -3.228165 -1.811512 -0.347117 -31.364922 -18.139230 -1.636589 0.000000 -0.000000 -0.000000 0.267576 3.998969 -4.356505 71.112392 43.509951 -80.029764 179.348719 -146.057544 178.808656 21.267261 18.782353 -4.779378 -72.422722 54.040347 -26.002173 -12.820246 4.373861 27.867047 -16.586466 -12.346775 15.545678 0.000002 0.000004 0.000001 6.146547 -3.660373 -24.755384 3.174774 4.739490 -25.008478 2.247299 3.688182 -19.174107 -0.000002 -0.000000 -0.000001 0.828638 1.977446 -29.852616 2.506983 7.879436 -38.728494 2.721726 7.743965 -43.331277 0.000003 0.000000 0.000002 -0.858759 0.499120 -44.216452 -0.079713 9.305009 -42.870929 -0.420609 7.624409 -35.251170 0.000000 0.000001 -0.000002 -1.419761 2.296971 -53.067821 -1.122870 9.274728 -40.734688 0.342177 13.039106 -60.047642 0.000001 -0.000002 0.000001 1.488232 14.850894 1.371609 50.769763 -12.686147 79.095578 -0.122550 8.041358 1.004977 7.737041 2.511069 0.578396 -79.006519 -50.746424 24.070005 2.573027 6.227698 -31.587296 -18.241864 -3.627830 -20.294749 -0.000000 0.000000 0.000001 5.886025 3.025347 4.642345 1.391240 -2.012837 11.850494 2.852072 -3.207538 22.334932 -0.000001 -0.000000 -0.000001 0.439441 -0.384936 11.000411 0.886648 -3.803213 22.292467 0.673888 -3.192796 18.330518 -0.000002 -0.000000 -0.000001 0.568892 -0.431813 24.789261 -0.306137 -4.644965 26.651149 -0.377781 -4.078782 23.368843 -0.000000 0.000002 -0.000001 -0.063038 -2.832079 35.324205 -1.228029 -2.363855 12.965689 -1.810479 -9.257659 49.241077 -0.000000 0.000002 0.000001 -77.861213 10.633159 1.390746 40.868276 8.999894 -10.944270 -16.412960 4.039423 -12.857452 16.484262 -0.000022 -0.000002 -0.000001 -0.000002 0.000003 -9.954659 -16.727253 -11.256760 48.298091 3.766948 8.168353 -6.609843 6.712546 27.867725 -29.742291 0.000002 0.000052 -0.000003 -0.000005 0.000001 
50.914383 88.432770 37.522102 164.549011 -2.632234 -176.835633 11.073349 8.889362 -4.034024 1.931201 2.703246 -0.090448 1.950059 2.663962 -0.139131 -2.805226 -1.765570 -0.126895 -30.010922 -17.240439 -0.425929 -0.000000 0.000000 -0.000000 0.012142 6.098433 -2.657418 72.473928 44.764746 -82.023387 179.318981 -144.893980 178.792182 15.298681 23.918254 1.105408 -72.539573 53.954294 -25.696288 -14.105789 5.621237 28.174331 -16.539856 -13.128656 15.367611 -0.000000 0.000002 -0.000003 6.218094 -3.524288 -26.261990 3.344025 4.895714 -26.026830 2.295799 3.744087 -19.500504 -0.000001 0.000000 -0.000001 0.933947 2.249929 -31.222045 2.718344 8.140331 -40.366374 2.876759 7.925181 -44.492989 0.000001 0.000002 0.000003 -0.908215 0.645929 -45.484361 0.064932 9.658670 -44.665261 -0.344594 7.904096 -36.615241 -0.000002 0.000001 -0.000002 -1.656740 2.403197 -54.777410 -0.992203 9.771508 -42.968826 0.528692 13.327967 -61.544348 0.000001 0.000002 0.000001 1.496792 15.502801 1.375790 57.182788 -13.328331 84.686013 -0.141471 9.099615 1.007452 10.085727 -5.031324 10.541117 -77.575369 -50.694340 25.179629 4.067251 7.820319 -31.419806 -18.273575 -4.255874 -20.193591 -0.000002 -0.000002 -0.000004 5.652753 3.521794 2.673539 1.190594 -1.779690 10.325199 2.715649 -3.095875 21.449944 0.000000 0.000000 -0.000001 0.293084 0.357224 8.889752 0.701351 -3.372404 19.557171 0.534506 -2.814569 15.980838 0.000000 -0.000000 -0.000001 0.445570 -0.000991 22.443254 -0.382219 -4.105314 23.543534 -0.420376 -3.591468 20.580497 0.000000 0.000001 0.000001 0.043165 -2.422416 31.868983 -0.944937 -1.713768 9.425657 -1.953547 -8.592624 45.844015 -0.000000 -0.000001 0.000002 -69.954258 9.034411 2.251222 37.075875 9.853758 -10.869300 -14.191448 4.155296 -9.365124 17.380560 -0.000011 -0.000003 -0.000002 -0.000001 0.000001 -4.019107 -15.866685 -9.523243 53.575372 -2.635038 4.303370 -7.755572 1.723899 27.153772 -31.344213 0.000004 0.000056 -0.000000 0.000002 -0.000001 
50.980713 88.696640 33.408081 170.172961 -1.066375 -178.236956 10.936484 9.376272 -3.977229 1.739376 2.858240 -0.130572 1.757530 2.824618 -0.176663 -2.579339 -1.773410 0.235783 -28.999539 -16.661826 0.860224 0.000000 0.000000 0.000000 -0.075102 6.660268 -2.054809 71.787057 44.132239 -82.925224 179.297957 -144.090695 178.780215 7.246703 22.267171 8.995698 -72.664914 53.853019 -25.394643 -15.141939 6.643326 28.467467 -16.506742 -13.761136 15.203140 0.000006 0.000003 -0.000000 6.277544 -3.409699 -27.468762 3.480752 5.017892 -26.837791 2.333644 3.787286 -19.753952 -0.000001 0.000001 -0.000000 1.023321 2.466532 -32.314960 2.891288 8.342793 -41.665858 3.002243 8.066533 -45.414181 0.000001 -0.000002 0.000002 -0.948608 0.762660 -46.486158 0.187600 9.935693 -46.089386 -0.279503 8.124677 -37.698215 -0.000001 0.000002 -0.000001 -1.855843 2.494385 -56.127179 -0.873530 10.164720 -44.757816 0.682061 13.553405 -62.732050 0.000001 0.000001 0.000001 1.425415 15.775536 1.977131 60.675781 -15.129931 87.654919 -0.141908 9.125435 1.007514 4.722827 -3.852727 19.953511 -76.297359 -50.803862 26.635433 5.122951 9.139615 -31.348898 -18.249560 -4.708405 -20.133717 -0.000002 -0.000006 -0.000002 5.497155 4.301518 1.428922 1.052897 -1.612150 9.250438 2.621037 -3.016347 20.829733 -0.000004 0.000000 0.000002 0.179704 1.241010 7.593296 0.586065 -3.071353 17.678343 0.445888 -2.545439 14.330232 0.000001 -0.000000 -0.000000 0.266557 0.616529 21.011303 -0.417675 -3.728946 21.389608 -0.436090 -3.247957 18.621500 0.000000 -0.000000 0.000000 0.229386 -1.770637 29.620977 -0.725013 -1.273197 6.965911 -2.029899 -8.121214 43.463400 -0.000001 0.000000 -0.000002 -62.866728 7.881624 2.812691 36.000267 9.680420 -10.323086 -11.163607 3.576436 -4.416012 17.971896 -0.000020 0.000009 -0.000002 -0.000001 -0.000000 1.437196 -14.177938 -7.503389 58.001229 -8.395236 0.603852 -9.259673 -1.497492 25.359922 -32.008835 0.000011 0.000048 0.000002 -0.000004 -0.000000 
51.298351 88.953445 29.468958 175.018639 0.108256 -179.344799 10.338942 9.808499 -4.520644 1.533002 2.961085 -0.353570 1.542976 2.937023 -0.396656 -2.827151 -1.916848 0.877168 -28.853574 -16.982854 2.280035 0.000000 -0.000000 -0.000000 0.075919 6.634841 -3.747067 69.153193 42.928019 -81.118141 179.267795 -142.964848 178.762662 2.052251 20.792469 13.943497 -72.814516 53.723642 -25.059780 -15.798613 7.688647 28.845385 -16.468546 -14.241201 14.974010 0.000002 0.000003 -0.000001 6.331007 -3.300577 -28.520643 3.600214 5.121815 -27.538481 2.365276 3.823103 -19.964686 -0.000001 -0.000002 0.000001 1.105092 2.654284 -33.262338 3.043406 8.513377 -42.782003 3.111767 8.186183 -46.204966 0.000000 -0.000001 -0.000000 -0.984958 0.861965 -47.342077 0.298521 10.170963 -47.313041 -0.220181 8.313189 -38.629371 0.000000 0.000002 0.000001 -2.041275 2.577867 -57.278608 -0.760110 10.503526 -46.315933 0.816631 13.742978 -63.745315 -0.000002 0.000000 -0.000001 1.212105 14.780010 3.246249 60.096847 -15.062937 88.665459 -0.121596 7.987409 1.004842 -1.894686 -2.882081 17.685627 -75.242860 -51.131199 28.491063 5.622327 10.093461 -31.352873 -18.253844 -4.955477 -20.125427 0.000001 -0.000001 0.000001 5.424965 5.393428 1.092167 0.989259 -1.532456 8.745176 2.580582 -2.981810 20.562793 -0.000000 0.000001 -0.000001 0.078568 2.265434 7.336381 0.540829 -2.944470 16.893640 0.408827 -2.424407 13.593025 0.000001 0.000001 -0.000000 0.013251 1.438514 20.756412 -0.428492 -3.567964 20.470676 -0.439300 -3.094511 17.747516 0.000000 -0.000001 -0.000004 0.517463 -0.826277 28.929481 -0.622549 -1.082840 5.885865 -2.057225 -7.912755 42.416311 -0.000001 -0.000000 -0.000003 -56.383936 7.149045 2.725932 35.383529 9.551165 -9.320715 -6.819588 2.613827 1.233045 18.321118 -0.000017 -0.000002 0.000000 -0.000002 -0.000000 4.316653 -10.982451 -4.941295 63.846341 -9.145906 -1.768020 -12.829468 -0.675028 12.267076 -30.576687 -0.000005 0.000040 -0.000000 -0.000002 -0.000000 
51.725433 89.342545 25.703634 179.324745 0.978692 -180.486806 9.369049 9.815451 -5.126662 1.256515 2.940903 -0.615124 1.256240 2.928111 -0.651128 -3.314032 -2.049889 1.474293 -29.379973 -17.335351 3.367351 0.000001 -0.000000 0.000000 0.251647 6.022246 -5.545432 61.807604 42.472124 -75.597299 179.196502 -140.433580 178.719276 -6.962989 15.800591 10.425985 -73.000037 53.556688 -24.658482 -16.496662 8.768136 29.261155 -16.433947 -14.738660 14.708876 0.000001 -0.000004 -0.000001 6.387019 -3.181660 -29.590439 3.722027 5.225195 -28.245619 2.396256 3.857891 -20.170165 -0.000001 -0.000002 -0.000001 1.191873 2.844056 -34.221276 3.199460 8.681566 -43.902803 3.223284 8.304666 -46.998539 0.000001 -0.000000 0.000001 -1.022928 0.960979 -48.197554 0.414984 10.404650 -48.542216 -0.157464 8.501484 -39.565069 -0.000004 0.000000 -0.000001 -2.238361 2.665066 -58.428805 -0.635393 10.844041 -47.899174 0.953229 13.928189 -64.748896 0.000001 -0.000001 0.000000 1.036675 13.555199 4.537273 57.220443 -14.342566 88.457193 -0.109072 7.284693 1.003408 -11.215459 -0.153974 10.082228 -73.933280 -51.795397 31.390422 5.484385 10.769555 -31.187344 -18.237737 -4.882798 -20.112645 0.000000 -0.000001 -0.000000 5.362797 7.160097 1.813338 1.007181 -1.555058 8.888215 2.587842 -2.988030 20.610863 -0.000001 0.000004 0.000001 -0.099444 3.766442 8.218694 0.561561 -3.003320 17.256982 0.414193 -2.442221 13.701399 0.000000 0.000001 -0.000003 -0.460586 2.765396 21.702076 -0.424510 -3.631859 20.835425 -0.438959 -3.117479 17.878213 0.000000 0.000001 -0.000004 0.058839 0.393545 29.780004 -0.651906 -1.136504 6.191493 -2.053593 -7.942357 42.564735 0.000001 0.000000 0.000001 -50.365350 6.735841 2.017815 35.398719 9.313595 -7.241068 -0.200062 1.738995 6.794588 13.852005 -0.000019 -0.000002 -0.000000 -0.000000 -0.000001 4.907861 -7.548900 -2.697566 69.342464 -10.897297 -2.937448 -12.900142 -1.200992 4.606584 -28.098826 -0.000006 0.000041 -0.000004 0.000003 0.000000 
52.226746 89.923096 22.469511 182.729540 1.688301 -181.868144 7.666069 8.919746 -5.516824 0.769465 2.663213 -0.723108 0.762707 2.660654 -0.741304 -3.896266 -1.977153 1.513859 -30.940292 -16.685290 3.197171 -0.000001 0.000000 0.000000 0.313256 4.950191 -6.296132 54.956812 42.417667 -67.935507 179.133596 -138.340482 178.678964 -13.446157 14.471115 9.403324 -73.215639 53.356208 -24.200255 -17.231836 9.868911 29.714123 -16.404210 -15.249022 14.412358 0.000003 -0.000000 -0.000001 6.445755 -3.054927 -30.668724 3.845190 5.327084 -28.953503 2.426389 3.891489 -20.369303 0.000003 -0.000003 -0.000001 1.283002 3.034031 -35.183739 3.358151 8.845949 -45.019549 3.335958 8.421075 -47.788853 0.000000 0.000000 0.000002 -1.062170 1.059195 -49.046171 0.536090 10.634819 -49.767395 -0.091855 8.688059 -40.498046 -0.000001 -0.000001 0.000001 -2.444432 2.755719 -59.569242 -0.500181 11.182932 -49.493914 1.090786 14.107880 -65.736172 0.000000 -0.000001 -0.000001 0.944400 12.901790 5.293342 52.152046 -13.068279 86.903850 -0.147639 9.443203 1.008336 -26.695270 10.328032 -0.396685 -71.840886 -52.784446 35.710292 4.792196 11.304311 -30.667823 -18.155790 -4.449477 -20.035088 0.000001 -0.000001 0.000001 5.165164 9.746867 3.464289 1.094637 -1.663579 9.578674 2.623001 -3.018039 20.842809 -0.000000 -0.000000 -0.000000 -0.468622 5.921470 9.985979 0.638767 -3.212655 18.557040 0.447251 -2.549788 14.356842 -0.000001 0.000002 -0.000002 -1.283166 4.728118 23.486502 -0.405298 -3.878558 22.244861 -0.435904 -3.254610 18.659440 0.000001 0.000003 -0.000003 -0.973897 2.148316 31.697480 -0.791411 -1.401303 7.686831 -2.030298 -8.118368 43.449063 -0.000001 0.000002 -0.000002 -44.732210 6.321072 1.764407 34.510825 9.443843 -5.170385 6.429963 1.154213 10.631628 7.974776 -0.000002 0.000000 0.000000 -0.000000 0.000000 2.362559 -5.031351 -0.760743 75.094556 -12.468404 -3.213738 -12.045173 -2.734177 -1.626586 -24.371611 -0.000004 0.000035 -0.000000 -0.000002 -0.000001 
52.591381 90.464310 20.655657 185.869050 1.418999 -183.132849 6.998184 7.243089 -5.417587 0.477433 2.182306 -0.613035 0.470342 2.182231 -0.623428 -4.176653 -1.797781 1.299253 -31.752532 -16.153319 3.371451 -0.000001 -0.000000 0.000000 0.315602 3.724951 -6.745780 47.720483 41.928841 -59.545002 179.059843 -136.047792 178.629582 -19.269068 13.740572 8.673426 -73.455495 53.126376 -23.694684 -17.999217 10.978367 30.202188 -16.380347 -15.767813 14.089585 0.000003 0.000004 -0.000004 6.507129 -2.922256 -31.746159 3.968704 5.426731 -29.656343 2.455471 3.923722 -20.560947 0.000001 -0.000002 0.000001 1.377677 3.222473 -36.141707 3.518131 9.005306 -46.123578 3.448849 8.534503 -48.569718 0.000002 -0.000001 -0.000003 -1.102284 1.156010 -49.881531 0.660689 10.859617 -50.979081 -0.023962 8.871444 -41.420968 -0.000001 -0.000000 -0.000002 -2.657262 2.849815 -60.691285 -0.355687 11.517001 -51.086618 1.228137 14.280894 -66.700404 0.000001 -0.000003 0.000003 0.914581 13.020278 5.700208 43.761620 -10.816954 85.017598 -0.179993 11.235082 1.013589 -39.972596 11.674928 -3.479328 -68.953690 -53.951254 41.113511 3.671526 11.675801 -29.883614 -18.028149 -3.742531 -19.910544 -0.000000 -0.000004 -0.000005 4.693644 12.852964 5.822242 1.234926 -1.832289 10.666248 2.678639 -3.064993 21.208086 -0.000001 0.000001 -0.000001 -1.106211 8.487272 12.339084 0.772008 -3.543474 20.636314 0.503946 -2.724720 15.427949 -0.000001 0.000001 -0.000002 -2.468337 7.080905 25.802117 -0.360838 -4.280208 24.547838 -0.426874 -3.478171 19.933933 -0.000001 0.000000 -0.000001 -2.450860 4.251246 34.296210 -1.013067 -1.860564 10.233664 -1.986291 -8.405366 44.896046 0.000001 -0.000001 0.000001 -40.150109 5.884438 2.293414 33.949264 8.988094 -4.167721 9.017551 1.076727 11.095559 2.691967 -0.000000 0.000001 -0.000000 0.000000 -0.000000 -4.791198 -4.811355 -0.398878 81.690702 -11.624270 -2.341059 -13.244299 -4.782820 -0.088441 -20.792735 0.000005 0.000036 -0.000001 0.000000 0.000002 
52.919312 90.894974 19.402952 189.061877 0.580312 -184.378416 6.694824 5.243741 -5.192913 0.277332 1.631799 -0.423033 0.271080 1.631547 -0.428440 -4.331699 -1.583962 0.963493 -32.285468 -15.738364 3.578558 0.000002 -0.000000 -0.000000 0.279041 2.370157 -6.936201 40.099989 40.770629 -50.660059 178.974821 -133.607694 178.570037 -24.260132 13.259040 8.250771 -73.713908 52.871234 -23.151187 -18.793173 12.084328 30.721730 -16.363093 -16.290606 13.745969 0.000001 0.000004 0.000001 6.571004 -2.785471 -32.813301 4.091446 5.523298 -30.348354 2.483341 3.954409 -20.743947 -0.000001 -0.000000 -0.000005 1.474959 3.407654 -37.087159 3.677910 9.158460 -47.206169 3.560963 8.644140 -49.335051 0.000002 0.000001 0.000001 -1.142904 1.250899 -50.697305 0.787575 11.077347 -52.167691 0.045540 9.050163 -42.326631 -0.000001 -0.000001 -0.000001 -2.874504 2.946922 -61.786281 -0.203404 11.843234 -52.663757 1.364034 14.446253 -67.634828 0.000003 -0.000001 -0.000000 0.679105 9.991595 7.990994 32.200814 -6.894910 79.874623 -0.245459 14.794212 1.027265 -29.879305 1.814031 -26.262405 -65.352985 -55.133045 47.214571 2.250657 11.862706 -28.936633 -17.875085 -2.848955 -19.756797 -0.000001 -0.000003 0.000000 3.851492 16.165582 8.675414 1.411334 -2.035502 12.000710 2.747285 -3.122087 21.656138 -0.000000 0.000000 -0.000001 -2.039979 11.217101 15.005628 0.960753 -3.960971 23.309491 0.580231 -2.944038 16.781059 0.000001 0.000000 -0.000000 -3.981755 9.585275 28.377167 -0.278748 -4.799816 27.548166 -0.408418 -3.759146 21.538452 0.000001 0.000000 0.000001 -4.325020 6.467031 37.228943 -1.277187 -2.489004 13.636604 -1.920742 -8.763605 46.712739 -0.000000 -0.000000 0.000002 -36.629604 5.431637 3.012385 34.951605 8.143837 -3.310959 8.827638 0.898641 10.663767 0.754946 -0.000001 0.000003 0.000000 0.000000 -0.000000 -12.906012 -5.678101 -0.634947 86.150481 -11.716175 -1.074708 -13.204026 -5.887404 4.664173 -17.800405 -0.000003 0.000023 0.000003 0.000003 -0.000001 
53.253929 91.213081 18.463448 192.273404 -0.540818 -185.423093 6.694488 3.026580 -4.988298 0.134167 1.028995 -0.176749 0.128931 1.026610 -0.179663 -4.404617 -1.342754 0.559874 -32.621110 -15.356381 3.870410 -0.000002 -0.000000 0.000000 0.224189 0.908130 -6.908369 32.244019 38.711883 -41.653188 178.878119 -131.072587 178.499371 -28.270080 12.743140 8.030676 -73.985709 52.594984 -22.578775 -19.606780 13.175000 31.267629 -16.352941 -16.812799 13.387309 0.000004 0.000003 0.000000 6.637028 -2.646306 -33.860827 4.212357 5.616082 -31.023727 2.509855 3.983383 -20.917256 0.000002 -0.000000 -0.000002 1.573834 3.587938 -38.012045 3.835976 9.304331 -48.258568 3.671255 8.749150 -50.078646 0.000001 0.000000 0.000001 -1.183582 1.343054 -51.487120 0.915282 11.286303 -53.323615 0.115865 9.222853 -43.207616 -0.000001 0.000003 0.000002 -3.094009 3.046878 -62.845424 -0.045195 12.158752 -54.211707 1.497147 14.602898 -68.532725 -0.000000 0.000001 0.000003 0.606489 8.573418 9.168313 23.665711 -2.162456 75.735391 -0.362802 20.884924 1.061389 -40.456443 -5.086853 -26.267613 -61.754001 -55.460344 53.037191 0.181117 11.231616 -27.814233 -17.715516 -1.856039 -19.590461 0.000000 -0.000003 -0.000000 2.650437 19.376763 11.741819 1.605605 -2.248634 13.431515 2.821314 -3.182664 22.136334 0.000000 0.000001 -0.000000 -3.208539 13.883177 17.675112 1.197870 -4.422410 26.339194 0.670679 -3.184642 18.279470 0.000002 0.000001 -0.000000 -5.705297 12.040781 30.893536 -0.151676 -5.386876 30.977688 -0.379009 -4.067609 23.304759 -0.000001 -0.000001 -0.000001 -6.470415 8.589057 40.207165 -1.538052 -3.241841 17.612814 -1.836443 -9.150223 48.688785 0.000003 -0.000003 0.000002 -33.532056 4.959030 3.545910 36.469556 7.213943 -2.293202 7.803139 0.697601 9.956957 0.017130 0.000034 -0.049033 0.000000 0.000000 0.000000 -21.593588 -6.550358 -0.532008 88.087290 -12.876688 0.320558 -10.678026 -7.471989 6.198553 -19.155112 0.000002 0.000027 -0.000001 -0.000004 0.000000 
53.580711 91.469246 17.785328 195.516077 -1.922706 -186.228017 6.911269 0.643778 -4.776991 0.012075 0.391205 0.102270 0.007170 0.385382 0.099676 -4.439202 -1.081283 0.141637 -32.844057 -14.923962 4.298078 0.000003 0.000000 0.000001 0.170240 -0.639488 -6.702656 24.415534 35.578817 -32.999588 178.769205 -128.494682 178.416467 -31.160334 11.997245 7.837571 -74.265965 52.301798 -21.986121 -20.432198 14.239313 31.833166 -16.349963 -17.329768 13.019632 0.000002 0.000003 -0.000000 6.704712 -2.506450 -34.879327 4.330220 5.704395 -31.676683 2.534770 4.010476 -21.079685 -0.000002 -0.000002 -0.000001 1.673192 3.761738 -38.908340 3.990681 9.441972 -49.272025 3.778686 8.848841 -50.794399 0.000003 0.000001 0.000000 -1.223939 1.431750 -52.244633 1.042295 11.484963 -54.437181 0.186154 9.388131 -44.056643 -0.000001 0.000000 0.000002 -3.313325 3.148546 -63.860151 0.116881 12.460924 -55.716838 1.626146 14.749957 -69.387325 0.000003 0.000001 -0.000000 0.504534 8.533456 8.825056 20.785362 0.471897 69.670996 -0.488909 26.932086 1.110695 -40.696996 -8.437150 -25.057632 -61.408571 -51.896819 53.813254 -0.707215 8.348477 -27.756521 -17.566130 -0.851363 -19.426542 -0.000001 -0.000002 -0.000003 2.160736 20.965494 11.819531 1.797347 -2.448893 14.807903 2.892986 -3.240322 22.598087 -0.000000 0.000001 0.000000 -3.455090 15.352103 17.346701 1.440073 -4.839562 29.158829 0.767993 -3.424113 19.787010 0.000001 0.000002 -0.000003 -6.282513 13.624125 30.478404 -0.006681 -5.909644 34.078624 -0.340055 -4.375128 25.072615 -0.000001 0.000001 -0.000002 -7.540789 10.148666 40.333056 -1.732789 -3.954283 21.298468 -1.740629 -9.526306 50.629009 -0.000001 -0.000001 -0.000002 -30.549746 4.442359 3.422026 37.982887 6.200729 -0.584416 6.911882 0.533945 9.296621 -0.320033 0.000316 -0.133142 0.000000 -0.000001 0.000000 -30.506391 -6.996901 0.560325 84.992128 -12.322867 1.952495 -6.422709 -12.382307 -1.188787 -30.810761 -0.000003 0.000040 -0.000000 0.000001 -0.000000 
53.820274 91.964706 17.139114 198.807723 -3.414612 -186.985513 7.270193 -1.808827 -4.290320 -0.125955 -0.264188 0.390500 -0.131912 -0.274101 0.386391 -4.480056 -0.806726 -0.237989 -33.043216 -14.357705 4.912112 0.000002 -0.000001 -0.000000 0.133688 -2.250925 -6.357114 16.898706 31.305762 -25.182385 178.647764 -125.926381 178.320557 -32.796219 10.906525 7.475806 -74.549910 51.995826 -21.382080 -21.260161 15.266762 32.410183 -16.354053 -17.836668 12.649007 0.000002 0.000003 0.000001 6.773411 -2.367451 -35.859364 4.443925 5.787576 -32.301372 2.557896 4.035489 -21.230146 -0.000002 -0.000005 -0.000001 1.771754 3.927538 -39.767861 4.140324 9.570487 -50.237664 3.882143 8.942485 -51.476093 -0.000003 0.000001 0.000000 -1.263547 1.516151 -52.963513 1.166951 11.671837 -55.498675 0.255491 9.544658 -44.866311 -0.000001 -0.000000 0.000002 -3.529480 3.249683 -64.822177 0.280327 12.747143 -57.165005 1.749518 14.886435 -70.191457 -0.000003 -0.000001 -0.000000 0.390239 9.029675 7.913169 17.679902 2.950623 61.974766 -0.627842 32.927235 1.178254 -35.669345 -8.429982 -22.880063 -73.193694 -64.670799 24.116862 -6.979329 3.790942 -24.901478 -17.715265 -0.313952 -19.443551 -0.000002 0.000000 0.000001 11.856444 9.911481 27.051196 1.765627 -2.416421 14.582503 2.961378 -3.294472 23.036148 0.000002 0.000001 -0.000002 -1.313478 2.201293 32.304145 1.101909 -4.242883 25.150208 0.900720 -3.724559 21.703551 -0.000000 0.000001 0.000004 -1.951253 1.051083 45.395473 -0.169032 -5.315869 30.560138 -0.281601 -4.737639 27.168001 -0.000000 0.000002 0.000002 -1.393497 -1.191215 56.119529 -1.516974 -3.174150 17.259138 -1.616251 -9.948604 52.832517 0.000000 -0.000001 0.000000 -26.782348 4.095398 3.293660 38.402332 5.010783 1.216708 6.392386 0.424417 8.831926 -0.683681 0.000063 -0.057382 -0.000000 -0.000001 0.000000 -35.040554 -7.220443 1.555925 73.674867 -11.684277 3.583786 -0.805965 -17.878650 -11.554184 -41.398412 0.000002 0.000062 -0.000001 -0.000000 0.000000 
53.968422 92.693443 16.508373 202.178422 -4.832204 -187.567855 7.714754 -4.221202 -3.608248 -0.318287 -0.919856 0.664491 -0.327223 -0.933858 0.657316 -4.572631 -0.526267 -0.525821 -33.316006 -13.574217 5.762282 0.000001 -0.000000 -0.000000 0.127390 -3.904192 -5.910027 9.894050 25.956027 -18.587233 178.513892 -123.419852 178.211219 -33.045872 9.407350 6.772849 -74.833281 51.681296 -20.774896 -22.080151 16.247777 32.989083 -16.364592 -18.328563 12.281506 0.000002 0.000002 -0.000002 6.842258 -2.230780 -36.791569 4.552208 5.865102 -32.892036 2.579087 4.058268 -21.367472 -0.000001 -0.000003 -0.000002 1.868203 4.083922 -40.582597 4.283094 9.689107 -51.146741 3.980503 9.029455 -52.117519 -0.000002 -0.000000 0.000001 -1.302067 1.595428 -53.637414 1.287537 11.845560 -56.498396 0.322839 9.691149 -45.629202 0.000001 -0.000001 0.000004 -3.739926 3.348337 -65.723154 0.442507 13.015077 -58.542323 1.865893 15.011639 -70.938591 -0.000001 0.000000 -0.000001 0.297799 9.911134 6.603156 12.781342 5.988860 53.299811 -0.787415 38.942914 1.270185 -27.449362 -5.493329 -21.056146 -54.182808 -54.554336 64.252928 -5.172936 7.502155 -25.203010 -17.568005 0.758876 -19.249894 -0.000002 0.000000 -0.000005 -1.096050 24.437869 19.515348 2.081426 -2.728654 16.788492 2.996707 -3.322107 23.261476 0.000002 0.000006 0.000000 -6.662464 19.048880 24.194955 1.947786 -5.586105 34.444572 0.944122 -3.817236 22.300959 0.000003 0.000000 0.000002 -10.236370 16.844694 36.922753 0.360219 -6.909647 40.180063 -0.255195 -4.878323 27.985052 0.000000 0.000001 0.000001 -12.131434 12.627573 47.274751 -1.982902 -5.407368 28.664654 -1.560992 -10.118726 53.728642 -0.000002 -0.000001 -0.000000 -22.135598 4.168810 3.521429 37.620351 3.646832 2.546698 6.227959 0.360138 8.675455 -1.121360 -0.000002 0.000004 -0.000000 0.000000 -0.000000 -35.463312 -8.053437 1.129819 56.069190 -11.249871 5.174899 6.416882 -24.913892 -22.785120 -34.514619 -0.000009 0.000048 -0.000000 -0.000001 0.000001 
53.919861 93.854416 15.567307 205.791865 -5.925465 -187.782227 8.272446 -6.492712 -2.540436 -0.668591 -1.564674 0.895011 -0.682918 -1.582365 0.881591 -4.810606 -0.238159 -0.567856 -33.820815 -12.255265 7.172721 -0.000002 -0.000000 -0.000000 0.159811 -5.576646 -5.398393 3.468232 19.709015 -13.452314 178.368478 -121.027482 178.088932 -31.780081 7.444498 5.611984 -75.109330 51.362681 -20.175248 -22.880546 17.173693 33.559083 -16.380790 -18.800347 11.923265 0.000001 0.000003 0.000001 6.910281 -2.097859 -37.666499 4.653885 5.936311 -33.442799 2.598123 4.078662 -21.490576 -0.000003 0.000001 0.000001 1.961129 4.229488 -41.344354 4.417257 9.797117 -51.990413 4.072598 9.109110 -52.712507 0.000005 0.000001 0.000000 -1.339060 1.668603 -54.260047 1.402195 12.004837 -57.426523 0.387157 9.826347 -46.337977 -0.000002 -0.000001 -0.000000 -3.942212 3.442580 -66.554818 0.600554 13.262555 -59.834588 1.973888 15.124906 -71.622853 -0.000001 0.000000 -0.000001 0.258658 11.022850 5.062793 5.305889 10.488703 45.326839 -0.979637 45.051180 1.397115 -17.902086 -0.581118 -20.511499 -75.106447 -50.818305 27.366208 -3.920357 0.656064 -28.110340 -17.310355 1.352250 -19.077366 -0.000001 -0.000004 0.000002 5.856414 4.438565 13.776816 2.126533 -2.771306 17.097113 3.013090 -3.334845 23.365614 0.000004 0.000001 -0.000001 0.321865 0.224222 19.089742 1.551044 -5.016035 30.378007 1.006852 -3.946840 23.141495 0.000001 -0.000001 0.000002 -0.298128 0.786348 31.975869 0.057623 -6.111418 35.289832 -0.217998 -5.059998 29.044054 0.000001 0.000001 0.000002 -0.768159 -0.085149 43.284592 -1.847080 -4.487884 24.022064 -1.473634 -10.370568 55.064869 0.000002 -0.000000 0.000000 -16.362598 5.073393 4.321226 35.588742 2.041523 2.941103 7.197449 0.590231 8.631698 -1.550245 0.008555 -0.693821 0.000000 -0.000000 -0.000000 -38.286482 -8.211994 0.318225 46.174179 -11.725931 6.162970 8.766326 -14.206046 -12.376319 -13.913323 -0.000003 0.000015 0.000001 0.000001 -0.000000 
53.770123 95.381561 14.670701 209.562976 -6.726314 -188.006312 9.003686 -8.573302 -0.939914 -1.115447 -2.203908 1.087699 -1.137408 -2.224999 1.065668 -5.160862 0.057910 -0.462276 -34.612260 -10.586371 8.935543 0.000001 0.000001 -0.000000 0.234616 -7.245328 -4.858235 -2.434068 12.825803 -9.878994 178.216998 -118.844144 177.958339 -28.725491 4.832913 3.805095 -77.824651 50.343791 -13.009855 -22.746188 17.107537 33.406407 -16.472266 -19.000077 11.257788 0.000004 0.000005 0.000003 9.923742 1.797856 -35.896937 4.747706 6.000735 -33.947857 2.614802 4.096454 -21.598313 -0.000001 -0.000001 0.000004 3.632701 6.385136 -39.415587 4.524904 9.881422 -52.660256 4.153101 9.177369 -53.228429 0.000003 0.000001 0.000002 0.515425 3.131102 -52.183011 1.481059 12.111243 -58.053125 0.442532 9.939327 -46.933751 -0.000003 -0.000001 -0.000000 -4.196134 6.859823 -64.103572 0.726271 13.450763 -60.831256 2.072270 15.225684 -72.238628 0.000002 -0.000001 0.000000 0.284401 12.203677 3.456383 -4.624281 16.625915 40.153460 -1.229305 51.422104 1.581655 -7.224652 4.835021 -20.776317 -87.659010 -49.422515 4.494955 -6.664316 5.494661 -29.212173 -17.671694 0.202280 -19.502709 0.000001 -0.000002 0.000004 6.312911 -10.186160 -2.841780 2.126509 -2.771318 17.097121 3.013096 -3.334839 23.365625 -0.000003 -0.000001 0.000000 0.655215 -10.727370 3.017252 1.463005 -4.876752 29.414394 1.043215 -4.019815 23.617652 -0.000000 0.000000 -0.000002 1.579802 -4.263187 16.981566 0.023691 -6.006799 34.660843 -0.199658 -5.143828 29.534182 0.000003 0.000002 -0.000002 -2.172131 -1.149324 29.275769 -1.809966 -4.300568 23.068967 -1.437217 -10.470109 55.596490 0.000001 -0.000003 -0.000003 -9.430767 6.361468 5.157292 31.058339 0.429797 3.130919 9.619910 1.118643 8.334544 -0.929728 0.007104 -0.633541 -0.000000 -0.000001 0.000000 -39.339284 -7.839636 -0.285648 35.159949 -10.664150 6.413044 6.681704 -7.326181 3.932726 6.417941 0.000005 -0.000015 -0.000003 0.000000 -0.000000 
53.722244 97.211761 13.254678 213.519117 -7.201866 -187.181116 9.823503 -10.694773 0.388008 -1.698608 -2.837318 1.210072 -1.730718 -2.861299 1.175549 -5.702645 0.370234 -0.159567 -35.981215 -8.410328 11.207505 0.000001 0.000001 -0.000000 0.350465 -8.886991 -4.325549 -7.940867 5.613567 -7.874924 178.067225 -116.945693 177.826571 -23.982992 1.423830 1.563003 -88.726227 17.191275 12.708422 -79.473008 58.144943 99.137020 -13.005231 -23.840050 24.306912 0.000002 0.000002 -0.000003 8.258332 23.288454 -11.093663 4.832425 6.057892 -34.401327 2.628973 4.111495 -21.689571 0.000001 -0.000001 0.000002 4.506784 18.317401 -13.634370 4.766616 10.063479 -54.143203 4.056682 9.095465 -52.610164 0.000002 0.000002 -0.000000 4.932259 11.930756 -26.361735 1.792525 12.508566 -60.443131 0.325077 9.695923 -45.654094 0.000001 0.000004 -0.000002 -8.807856 14.946945 -38.205254 0.439415 13.010111 -58.516573 2.103697 15.257427 -72.434026 -0.000001 -0.000003 0.000001 0.349851 13.279054 1.970207 -16.485070 23.393786 39.409116 -1.569262 57.945822 1.857491 5.222954 9.616397 -20.626907 -79.435401 -46.614900 18.881488 -6.579832 5.536129 -28.768122 -17.540920 0.918575 -19.189348 -0.000003 -0.000001 0.000001 5.783242 -0.716982 -3.419303 2.126532 -2.771322 17.097116 3.013088 -3.334842 23.365626 0.000001 -0.000000 0.000000 0.223992 -2.616671 2.575110 1.638490 -5.149359 31.310926 1.061138 -4.055259 23.849748 0.000004 -0.000000 0.000000 0.131180 1.497420 16.451665 0.124433 -6.306700 36.471065 -0.188169 -5.194586 29.831500 -0.000001 -0.000002 -0.000001 -2.921084 2.837550 29.097555 -1.878723 -4.662300 24.906980 -1.405780 -10.553780 56.044858 -0.000000 -0.000000 0.000005 -2.358088 7.899337 4.752247 27.098320 -0.810230 3.515225 12.484295 1.938414 7.078704 2.272117 0.000178 -0.103278 0.000001 -0.000002 0.000000 -45.642763 -6.875258 -2.078118 36.719039 -11.373199 4.700167 -6.139782 -12.152976 8.437624 13.788747 -0.000014 -0.000010 -0.000003 -0.000000 0.000001 
53.777382 99.268051 11.590743 217.599308 -7.501914 -185.963730 10.734458 -12.713363 1.598783 -2.288062 -3.445474 1.282970 -2.332408 -3.472545 1.234484 -6.338633 0.682628 0.163086 -37.818051 -6.154798 13.525682 0.000000 -0.000001 0.000000 0.500995 -10.478360 -3.836802 -13.198798 -1.604548 -7.390735 177.925922 -115.356089 177.700212 -17.961934 -2.769244 -0.578699 -81.925066 13.901323 35.226994 -142.986240 23.828542 162.786344 -37.603299 -25.918223 -35.873574 0.000001 -0.000004 -0.000002 -5.917298 14.208422 19.696939 9.814429 8.045657 -58.468400 2.710100 4.196802 -22.209461 -0.000003 0.000000 0.000000 -8.961815 18.812168 22.355289 11.092030 12.318296 -87.572977 4.186931 9.205721 -53.444154 0.000001 -0.000001 0.000000 -7.572562 20.070673 15.643708 9.730136 16.840714 -104.389251 0.491756 10.037233 -47.452842 -0.000001 0.000001 0.000001 -14.456703 2.324412 -13.626356 4.878893 17.300695 -86.071851 1.395695 14.483985 -67.849986 -0.000002 -0.000000 -0.000003 0.434157 14.104382 0.695856 -29.176837 28.930847 42.468713 -2.105675 64.946056 2.327424 13.782145 10.636982 -18.395477 -71.040777 -45.422561 37.966884 -6.657991 5.144726 -27.700676 -17.319034 2.188868 -18.608492 -0.000000 0.000001 -0.000001 4.773910 12.819568 3.508117 2.126524 -2.771308 17.097113 3.013088 -3.334840 23.365611 0.000001 0.000000 0.000002 -0.693156 8.432538 9.249049 1.844999 -5.446573 33.429589 1.069556 -4.071769 23.957968 -0.000001 -0.000000 0.000000 -2.493324 8.520951 22.956951 0.246053 -6.632137 38.460488 -0.181729 -5.222571 29.995561 0.000000 -0.000002 -0.000001 -4.107160 6.769052 35.434311 -1.942687 -5.075796 26.996215 -1.383198 -10.612678 56.361437 -0.000001 0.000001 0.000001 5.813499 9.653841 3.721193 21.694776 -2.300764 3.956320 16.458866 2.594963 5.554040 4.491748 -0.000006 0.000005 -0.000000 -0.000001 -0.000000 -53.442580 -6.286732 -3.835970 47.325404 -11.469027 3.631001 -13.221077 -11.386566 9.763737 14.956122 -0.000005 -0.000020 -0.000006 -0.000001 0.000000 
53.824635 101.329147 9.960507 221.879788 -7.751311 -184.657238 11.824139 -14.516874 2.829738 -2.816976 -4.015262 1.321508 -2.875381 -4.046551 1.258079 -7.016632 0.987862 0.429322 -40.000019 -4.000362 15.709210 0.000000 -0.000001 0.000000 0.675195 -11.996602 -3.428932 -18.326977 -8.516143 -8.334608 177.801914 -114.098945 177.588006 -11.017239 -7.620602 -2.147164 -56.138469 57.845343 -43.262408 -197.084671 168.760246 208.261661 -16.902218 -18.699016 8.805763 0.000003 0.000001 0.000002 6.310713 -15.748362 -37.066170 5.067615 6.211488 -35.648595 2.648835 4.132535 -21.817342 -0.000002 -0.000004 -0.000004 -5.031017 -5.174277 -40.780044 5.217455 10.377837 -56.838160 4.269436 9.273875 -53.967340 0.000005 0.000001 0.000000 -9.070321 -6.367663 -53.239733 2.182838 12.961344 -63.275890 0.519386 10.091276 -47.740451 -0.000001 -0.000001 0.000003 -11.267641 -0.867102 -65.212925 1.693360 14.695615 -67.789901 2.094204 15.247842 -72.375034 -0.000000 0.000002 -0.000001 0.463047 14.274595 -0.065609 -37.903250 31.480362 44.072356 -3.270287 73.222906 3.415597 12.504404 -0.693765 -5.670959 -67.188257 -55.656698 44.436815 -5.229538 5.615802 -27.225462 -17.245919 2.539840 -18.341426 0.000001 -0.000003 0.000001 3.201394 14.698306 15.568475 2.126526 -2.771295 17.097114 3.013080 -3.334841 23.365626 -0.000001 -0.000001 0.000000 -2.657115 8.963501 21.346570 1.836700 -5.435055 33.346425 1.068059 -4.068821 23.938679 0.000001 0.000001 -0.000001 -4.908671 8.198209 35.174098 0.251204 -6.645214 38.540927 -0.183421 -5.215261 29.952688 -0.000001 0.000001 0.000002 -6.337646 5.472770 47.682008 -1.944012 -5.085565 27.045433 -1.382886 -10.613465 56.365733 -0.000003 0.000000 0.000000 13.728054 11.245809 2.433254 16.489238 -3.894477 4.429378 22.857716 1.973588 4.014772 6.379459 -0.000765 0.221925 -0.000002 -0.000001 0.000000 -60.169650 -5.721989 -5.284948 56.831303 -8.798809 2.675565 -16.901858 -11.005097 9.734087 13.723453 -0.000007 -0.000023 -0.000001 0.000000 -0.000001 
53.738865 103.440826 8.533012 226.582182 -8.251912 -183.258142 13.196608 -15.996849 4.109352 -3.112759 -4.513914 1.327514 -3.187632 -4.553034 1.244443 -7.665222 1.282802 0.381718 -42.434128 -2.278880 17.285920 0.000000 -0.000001 -0.000000 0.857827 -13.419276 -3.140077 -23.374345 -14.843557 -10.563713 177.705362 -113.198166 177.499814 -3.441065 -12.865301 -2.793601 -76.318478 49.854179 -17.502705 -206.096423 159.286965 215.827899 -16.505022 -20.665285 10.457705 0.000001 0.000006 0.000001 7.197356 -1.532922 -40.852079 5.019349 6.180569 -35.394037 2.654422 4.138415 -21.853180 -0.000000 -0.000005 -0.000002 2.320456 4.749932 -44.073339 4.894652 10.155976 -54.917545 4.397800 9.377399 -54.773626 0.000003 0.000002 -0.000001 -1.487050 1.908543 -56.382908 1.820295 12.542358 -60.650236 0.622644 10.287323 -48.790726 -0.000001 0.000001 0.000002 -4.747909 3.768096 -69.386013 1.219909 14.126221 -64.520146 2.331383 15.480885 -73.829407 0.000002 -0.000003 0.000001 0.484315 13.501952 -0.507723 -41.474053 32.593605 43.668053 -4.050425 76.310890 4.167634 12.409614 9.028268 -3.046864 -71.235369 -54.151738 37.100348 -4.988503 4.087337 -27.819507 -17.247623 2.462311 -18.331114 -0.000002 -0.000003 0.000001 4.485453 10.694145 14.045714 2.126532 -2.771314 17.097128 3.013068 -3.334834 23.365618 0.000001 0.000002 0.000001 -1.359153 5.497881 19.899259 1.728466 -5.281789 32.247983 1.057130 -4.047358 23.797928 0.000002 -0.000000 -0.000000 -2.980482 5.276857 33.786866 0.173069 -6.441012 37.288793 -0.189504 -5.188803 29.797680 0.000003 -0.000001 -0.000000 -4.029938 3.247610 46.409677 -1.905958 -4.826467 25.737698 -1.392208 -10.589276 56.235604 0.000002 -0.000001 0.000001 21.420783 12.614617 1.064862 11.468383 -6.005700 4.959691 32.208966 -0.082880 2.651469 9.651525 -0.006602 0.655806 0.000000 0.000001 0.000000 -65.764756 -5.172754 -6.571859 65.532680 -4.586617 1.809177 -17.450927 -10.545506 8.924072 10.695627 -0.000006 -0.000014 0.000001 -0.000001 0.000002 
53.434101 105.473221 7.020730 231.569969 -8.842728 -181.820401 14.809921 -17.243847 5.411647 -3.268365 -4.958582 1.317021 -3.360754 -5.007794 1.213917 -8.288056 1.562065 0.187053 -44.918111 -0.816345 18.520799 0.000001 0.000000 0.000001 1.030309 -14.724845 -3.009744 -28.285222 -20.373940 -13.861424 177.646213 -112.677426 177.445528 4.510454 -18.130450 -2.340604 -76.508350 49.598986 -17.081456 -206.476386 158.842442 216.070193 -16.528815 -20.898796 10.262597 0.000002 0.000004 0.000001 7.234681 -1.447627 -41.185368 5.055159 6.203541 -35.582946 2.656607 4.140744 -21.867219 -0.000000 -0.000002 -0.000000 2.360766 4.804125 -44.346113 4.938774 10.187264 -55.182727 4.427598 9.401020 -54.959588 0.000001 -0.000001 -0.000001 -1.506212 1.924482 -56.565369 1.859715 12.589898 -60.942800 0.645133 10.328843 -49.014660 0.000000 0.000000 -0.000001 -4.850670 3.786134 -69.629762 1.287618 14.211890 -65.001934 2.356779 15.505149 -73.983147 -0.000000 0.000001 -0.000001 0.570705 13.237345 -0.575992 -44.960427 34.268480 47.082328 -2.698073 69.938309 2.873477 7.301277 8.391126 -2.383539 -73.910003 -52.478170 31.189086 -4.557289 2.425176 -28.165154 -17.266517 2.090476 -18.549742 -0.000001 -0.000004 -0.000002 5.364699 7.105169 13.331364 2.126525 -2.771307 17.097125 3.013093 -3.334856 23.365635 -0.000002 0.000002 -0.000000 -0.355701 2.448185 18.995871 1.633396 -5.141719 31.257227 1.036320 -4.006116 23.528164 0.000001 0.000001 0.000000 -1.391460 2.697336 32.599233 0.109592 -6.264402 36.214431 -0.201432 -5.135878 29.487730 0.000001 -0.000001 0.000004 -2.071935 1.334616 44.868780 -1.872679 -4.627901 24.732573 -1.422711 -10.508972 55.804654 -0.000005 0.000001 -0.000001 24.597912 13.183804 0.627599 13.758199 -7.397155 5.485179 41.080033 -3.219311 2.071795 14.299512 -0.000017 -0.000004 0.000002 0.000001 -0.000001 -70.904979 -4.647634 -7.643342 74.029463 -0.387587 1.039461 -14.979605 -9.250799 8.251822 6.477398 0.000002 -0.000010 -0.000002 0.000000 -0.000001 
53.097130 107.021172 5.494646 237.218754 -9.723380 -180.506054 17.052283 -17.899506 6.575157 -3.139476 -5.238527 1.288600 -3.245680 -5.302970 1.177174 -8.833850 1.762335 -0.095186 -46.999768 0.126338 19.072880 -0.000001 -0.000000 -0.000000 1.171879 -15.892257 -3.078866 -32.876562 -24.987106 -17.917497 177.632634 -112.560561 177.433029 12.545826 -23.001024 -0.820824 -76.675697 49.369488 -16.713763 -206.733120 158.501315 216.210909 -16.549031 -21.072059 10.109681 -0.000002 -0.000001 -0.000000 7.261847 -1.374585 -41.395284 5.075696 6.216633 -35.691109 2.655349 4.139423 -21.859129 -0.000002 -0.000000 -0.000000 2.386934 4.838559 -44.508668 4.961786 10.203435 -55.320636 4.443013 9.413169 -55.055631 0.000003 0.000001 0.000001 -1.521096 1.927223 -56.652321 1.880361 12.614577 -61.095216 0.657020 10.350647 -49.132409 -0.000001 0.000003 0.000001 -4.928394 3.782641 -69.746716 1.329688 14.264396 -65.298890 2.363756 15.511783 -74.025249 0.000001 -0.000000 0.000002 0.685885 13.152409 -0.486986 -48.761670 36.001855 52.430001 -1.657946 59.336094 1.932831 0.046959 3.048187 -3.956722 -75.106618 -50.818223 27.365892 -3.920344 0.656019 -28.110357 -17.310343 1.352267 -19.077357 -0.000001 -0.000001 -0.000001 5.856486 4.438378 13.776772 2.126524 -2.771313 17.097113 3.013087 -3.334851 23.365618 -0.000001 -0.000003 -0.000001 0.321778 0.224682 19.086752 1.551034 -5.016009 30.377980 1.006841 -3.946828 23.141519 0.000001 0.000001 0.000000 -0.298187 0.786909 31.972174 0.057627 -6.111393 35.289818 -0.218011 -5.060009 29.044075 -0.000001 0.000004 0.000001 -0.768051 -0.085269 43.284586 -1.847064 -4.487876 24.022004 -1.473632 -10.370568 55.064893 0.000003 0.000002 0.000001 17.603972 11.117868 2.266376 32.210960 -6.427626 6.002718 45.705345 -3.493919 0.482423 17.523873 -0.000015 0.000004 0.000001 0.000000 0.000001 -75.578926 -4.334042 -8.265024 82.194107 2.681741 0.355052 -9.388740 -7.288985 8.221582 1.674009 -0.000001 -0.000001 0.000002 -0.000001 -0.000001 
53.000206 107.934639 4.364593 244.000640 -11.095854 -179.167514 20.261683 -17.678121 7.428747 -2.568655 -5.288694 1.226484 -2.682739 -5.376872 1.124986 -9.310583 1.851100 -0.514232 -48.437352 0.359990 18.581152 -0.000001 0.000000 -0.000001 1.261123 -16.901284 -3.389362 -36.846371 -28.676969 -22.334102 177.668575 -112.871376 177.466073 20.252815 -27.103893 1.490971 -76.818612 49.169685 -16.405809 -206.853386 158.271274 216.238803 -16.564489 -21.179314 10.002652 -0.000003 -0.000002 -0.000003 7.277463 -1.314793 -41.472492 5.079826 6.219245 -35.712740 2.650471 4.134257 -21.827830 -0.000001 -0.000002 -0.000000 2.397833 4.852107 -44.553047 4.962091 10.203653 -55.322446 4.443025 9.413184 -55.055614 0.000001 -0.000002 0.000001 -1.531120 1.916058 -56.637496 1.880701 12.614990 -61.097763 0.657458 10.351441 -49.136613 -0.000000 0.000000 0.000000 -4.978548 3.755916 -69.728718 1.343613 14.281658 -65.396801 2.351111 15.499760 -73.948935 0.000001 -0.000001 0.000000 0.819806 13.225006 -0.313144 -52.230880 37.430205 58.581938 -1.046056 46.904395 1.444308 -8.735768 -2.732267 -7.759324 -74.881297 -49.358902 25.475622 -2.918305 -1.287285 -27.605284 -16.797674 -0.013113 -20.097808 0.000000 -0.000003 0.000000 6.098009 2.633277 15.555590 2.224780 -2.862681 17.764033 2.971359 -3.302304 23.099900 0.000002 0.000000 0.000002 0.795082 -1.239651 20.417923 1.437815 -4.835896 29.133544 0.966189 -3.863375 22.599516 -0.000000 0.000002 0.000001 0.412119 -0.525983 32.057746 -0.010652 -5.896688 34.001197 -0.240109 -4.954110 28.426242 0.000000 -0.000000 -0.000003 -0.740743 -1.588411 41.493860 -1.820666 -4.352898 23.335551 -1.545997 -10.163353 53.964440 0.000001 -0.000001 -0.000003 12.192422 8.337537 3.681123 47.547559 -6.586410 6.274085 53.256296 -2.913845 -2.804769 20.260824 -0.000024 -0.000007 0.000001 -0.000001 -0.000000 -79.195080 -4.411866 -8.485135 89.305236 3.887182 -0.268192 -0.934955 -4.796327 8.939274 -3.109987 -0.000001 0.000006 -0.000004 0.000000 -0.000001 
53.104458 108.276642 3.582592 251.561249 -12.673776 -177.718257 24.002393 -16.846916 8.063911 -1.712526 -5.174125 1.146439 -1.830042 -5.291217 1.066669 -9.712955 1.860768 -1.020802 -49.445898 0.093610 17.387708 -0.000002 -0.000000 -0.000000 1.240671 -17.610355 -4.213826 -38.468247 -31.337755 -25.934449 177.800015 -114.079951 177.586243 26.363403 -29.780649 3.629650 -76.935101 49.003879 -16.164102 -206.825354 158.161664 216.144082 -16.574253 -21.214926 9.945193 0.000002 0.000001 -0.000001 7.280122 -1.269714 -41.407581 5.066384 6.210686 -35.642041 2.641821 4.125117 -21.772186 -0.000002 -0.000001 -0.000000 2.392205 4.843294 -44.471092 4.938221 10.186861 -55.179394 4.426591 9.400236 -54.953363 -0.000001 0.000002 0.000002 -1.535799 1.890122 -56.514553 1.859490 12.589597 -60.940826 0.645659 10.329819 -49.019947 0.000001 0.000002 0.000002 -4.998635 3.704599 -69.567430 1.327224 14.261368 -65.281623 2.317879 15.467938 -73.747615 -0.000000 -0.000001 -0.000001 0.961064 13.432267 -0.127046 -54.663937 38.443809 64.264164 -0.681391 35.047237 1.207573 -17.418048 -5.546542 -11.648447 -73.625375 -48.089279 24.701663 -1.483374 -3.423445 -26.720207 -15.342143 -2.121530 -21.552850 0.000001 -0.000000 0.000004 6.275463 1.245782 18.374392 2.482754 -3.092731 19.482908 2.859193 -3.213268 22.380942 -0.000001 -0.000001 0.000000 1.226855 -2.322684 22.722544 1.274758 -4.560100 27.260590 0.913567 -3.752221 21.881691 0.000001 -0.000001 0.000002 0.972644 -1.563212 32.650562 -0.103756 -5.572326 32.071959 -0.267588 -4.813662 27.609257 0.000001 -0.000000 -0.000001 -0.763186 -2.607875 39.423155 -1.786972 -4.191950 22.514856 -1.635583 -9.886853 52.508483 0.000001 0.000001 0.000001 5.948208 4.796399 4.766009 62.708288 -5.962357 5.980441 59.840769 -2.203373 -5.058580 22.250535 -0.000018 0.000004 0.000000 -0.000002 -0.000001 -82.240546 -4.884585 -8.472031 95.261297 3.355996 -0.829316 9.526986 -1.943501 9.914943 -7.269346 0.000002 0.000008 -0.000002 0.000001 -0.000000 
53.318253 108.571037 2.702888 258.573477 -13.279314 -176.452938 26.574089 -15.871218 8.234318 -1.252475 -4.971354 1.102441 -1.366092 -5.106700 1.040680 -9.480231 1.829843 -1.131658 -49.530746 0.156028 16.359673 0.000001 0.000001 -0.000000 1.128636 -18.069730 -5.412961 -38.318669 -33.372349 -28.707828 177.993937 -116.098927 177.761233 31.578423 -31.501959 5.694085 -77.023073 48.876294 -15.995171 -206.639587 158.183520 215.919355 -16.577530 -21.173491 9.940949 0.000006 0.000002 -0.000003 7.268572 -1.240818 -41.191126 5.034347 6.190221 -35.473219 2.629202 4.111753 -21.691074 -0.000001 -0.000001 -0.000000 2.369086 4.810607 -44.254705 4.888862 10.151881 -54.882827 4.392862 9.373465 -54.742785 0.000001 0.000001 0.000002 -1.534588 1.848804 -56.277146 1.815527 12.536560 -60.614753 0.621098 10.284418 -48.775101 -0.000001 -0.000003 0.000002 -4.986107 3.627949 -69.254430 1.278783 14.200838 -64.939506 2.263135 15.415062 -73.414637 -0.000000 0.000002 0.000001 1.099007 13.750346 -0.001174 -55.436394 39.064656 68.219991 -0.472275 26.166318 1.103496 -23.288725 -3.843869 -11.595098 -71.826775 -46.822159 24.659155 0.272011 -5.643169 -25.493193 -13.239903 -4.822907 -23.154379 0.000007 -0.000001 0.000005 6.430227 0.189388 21.896734 2.845838 -3.394011 21.831226 2.696667 -3.080066 21.326040 0.000001 0.000004 0.000002 1.627203 -3.087912 25.699335 1.094664 -4.228928 25.058328 0.852704 -3.618994 21.026824 0.000002 -0.000001 -0.000003 1.423526 -2.362041 33.597557 -0.199567 -5.184908 29.792165 -0.297672 -4.646028 26.637075 0.000001 -0.000000 0.000001 -0.820458 -3.254058 37.197651 -1.746194 -4.010915 21.588881 -1.732754 -9.554923 50.777436 0.000005 -0.000002 -0.000002 -4.297357 0.240636 4.242606 79.152262 -1.555172 4.359791 62.396701 -0.552303 -3.860991 22.623410 -0.000028 -0.000006 0.000001 0.000001 -0.000001 -86.330046 -5.990685 -7.915839 100.642120 1.786575 -1.300712 20.886920 0.830649 9.831782 -10.199455 0.000011 0.000017 -0.000005 0.000000 0.000001 
53.542690 108.789444 1.693140 265.508660 -13.359070 -175.127471 28.985779 -14.837123 8.169776 -0.942415 -4.755270 1.081209 -1.050956 -4.909290 1.037549 -9.025631 1.803618 -1.096708 -49.314980 0.449909 15.436086 0.000001 -0.000000 -0.000001 0.892435 -18.075307 -7.223381 -35.222766 -34.441700 -30.016342 178.275341 -119.651131 178.008991 35.590565 -31.824747 7.356587 -77.080215 48.791231 -15.905603 -206.289444 158.350109 215.560142 -16.573965 -21.049680 9.993655 0.000001 0.000001 -0.000001 7.241673 -1.229905 -40.813700 4.982753 6.156900 -35.200527 2.612488 4.093969 -21.583386 0.000000 -0.000000 -0.000000 2.327068 4.751844 -43.895976 4.812918 10.097229 -54.424085 4.340972 9.331928 -54.417773 -0.000001 -0.000001 -0.000000 -1.527002 1.791467 -55.918889 1.748163 12.454047 -60.110241 0.583289 10.213641 -48.394790 0.000002 0.000000 0.000001 -4.938442 3.525740 -68.780941 1.197148 14.097049 -64.356918 2.186188 15.339683 -72.943497 0.000000 -0.000001 -0.000003 1.238365 14.157136 0.111246 -55.254390 39.618857 71.369897 -0.313224 18.361650 1.045488 -25.790559 3.787683 -3.258369 -69.933433 -45.377523 24.976135 2.227451 -7.845689 -23.981194 -10.767570 -7.927070 -24.646873 0.000003 -0.000002 0.000004 6.573069 -0.625323 25.789235 3.254086 -3.704199 24.385382 2.503682 -2.915231 20.052537 -0.000002 -0.000002 -0.000002 1.983518 -3.606542 29.037207 0.925985 -3.887823 22.836838 0.787196 -3.469330 20.073590 0.000003 0.000000 0.000001 1.789328 -2.965204 34.734422 -0.281317 -4.785848 27.467182 -0.327823 -4.458477 25.553169 0.000001 0.000000 0.000001 -0.895125 -3.635307 34.937022 -1.698744 -3.815754 20.586634 -1.828914 -9.181917 48.851600 -0.000001 -0.000001 -0.000002 -14.450807 -3.017454 3.633024 92.266000 -3.172841 1.458067 62.172186 1.127373 -0.569032 25.759864 -0.000030 -0.000001 -0.000001 0.000001 -0.000001 -91.079630 -7.284509 -7.224403 105.475688 -0.723574 -1.684090 32.520153 2.873701 8.296910 -11.295107 0.000001 0.000016 -0.000002 0.000002 0.000001 
53.762764 108.987228 0.476395 272.342974 -13.055586 -173.901411 31.181484 -13.746051 7.982743 -0.738466 -4.521403 1.072254 -0.840565 -4.692542 1.046132 -8.406307 1.772344 -0.957073 -48.848902 0.866094 14.568198 -0.000003 -0.000000 0.000002 0.597127 -17.562242 -9.340345 -32.023438 -33.793918 -31.912990 178.587645 -124.761137 178.271899 40.247791 -30.633907 10.230794 -77.104073 48.752944 -15.902245 -205.771839 158.677124 215.065718 -16.563535 -20.838564 10.106783 0.000004 0.000003 0.000001 7.198458 -1.239034 -40.265963 4.910634 6.109795 -34.818221 2.591533 4.071613 -21.447982 0.000001 -0.000001 0.000001 2.266508 4.666204 -43.386676 4.709370 10.021246 -53.794621 4.270223 9.274514 -53.972261 0.000000 -0.000001 -0.000002 -1.512466 1.717712 -55.433405 1.656870 12.339798 -59.417851 0.532113 10.115914 -47.871884 0.000001 0.000002 0.000001 -4.853009 3.398738 -68.138397 1.081801 13.946499 -63.520247 2.086567 15.240155 -72.327721 0.000001 -0.000001 0.000003 1.383813 14.696959 0.238234 -54.057922 40.229322 73.944816 -0.173833 10.895446 1.012532 -30.191939 14.504064 11.744267 -68.357066 -43.605331 25.290036 4.247374 -9.950216 -22.263234 -8.177855 -11.185499 -25.844883 0.000001 -0.000001 0.000001 6.709940 -1.285575 29.719560 3.638719 -3.971262 26.720016 2.299390 -2.732372 18.677589 -0.000000 0.000001 0.000001 2.284418 -3.953547 32.421740 0.790414 -3.586554 20.909509 0.720315 -3.309066 19.060712 0.000001 -0.000001 -0.000000 2.087460 -3.418191 35.891186 -0.340078 -4.429863 25.409229 -0.355972 -4.258486 24.401148 0.000000 0.000001 -0.000000 -0.975967 -3.858225 32.756693 -1.645439 -3.612263 19.537102 -1.916885 -8.782840 46.810695 0.000001 -0.000002 0.000001 -24.365534 -5.641023 1.570890 101.169022 -1.996864 -0.653704 61.739227 1.071625 -0.460823 24.372465 -0.000026 -0.000003 -0.000000 0.000000 0.000001 -96.106212 -8.763945 -6.506368 109.268786 -3.431001 -2.008073 43.109524 3.833601 5.923707 -11.536656 0.000006 0.000021 0.000000 -0.000001 -0.000001 
53.924347 109.257912 -0.969205 279.061640 -12.464412 -172.742492 33.059861 -12.627091 7.611094 -0.596480 -4.265301 1.065123 -0.690804 -4.450001 1.055276 -7.679440 1.726266 -0.753876 -48.190512 1.294204 13.707488 -0.000001 -0.000001 0.000000 0.343290 -16.990311 -11.345845 -29.797455 -32.658450 -34.613199 178.825363 -129.788812 178.459633 44.890927 -28.749687 13.644857 -77.091567 48.765765 -15.992242 -205.087549 159.182668 214.439731 -16.546912 -20.535210 10.283564 0.000004 0.000001 -0.000001 7.138240 -1.270576 -39.538585 4.817289 6.047768 -34.320587 2.566176 4.044394 -21.283751 0.000003 0.000000 0.000000 2.187103 4.551647 -42.718885 4.577580 9.921937 -52.985951 4.180031 9.199962 -53.400219 0.000005 -0.000001 0.000003 -1.490391 1.627266 -54.814232 1.541675 12.191332 -58.528383 0.467584 9.989447 -47.199268 -0.000001 0.000002 0.000001 -4.727250 3.248501 -67.317784 0.933026 13.745156 -62.416406 1.964070 15.114720 -71.560978 -0.000000 -0.000001 0.000001 1.528299 15.443619 0.279243 -50.273918 40.474639 73.878919 -0.120298 7.914342 1.004683 -38.900092 22.097422 28.486117 -67.456813 -41.385755 25.279123 6.177058 -11.903872 -20.441523 -5.709762 -14.296318 -26.654007 -0.000003 -0.000005 0.000001 6.855221 -1.870941 33.355348 3.923243 -4.154329 28.407909 2.101691 -2.546695 17.318049 -0.000003 -0.000000 -0.000001 2.533816 -4.201552 35.539800 0.703410 -3.377477 19.589148 0.655003 -3.144278 18.027024 -0.000000 0.000002 -0.000002 2.334247 -3.767130 36.895978 -0.374305 -4.173147 23.932713 -0.380545 -4.053674 23.224909 -0.000004 -0.000000 -0.000001 -1.062187 -4.026900 30.769179 -1.587388 -3.406245 18.469212 -1.991602 -8.373309 44.734061 -0.000001 -0.000002 -0.000000 -36.101996 -6.546740 -1.443858 107.841427 -1.218210 -2.391932 54.542431 0.892376 -0.252151 25.490049 -0.000026 0.000005 0.000004 0.000001 -0.000001 -100.700279 -10.064974 -5.920538 111.548109 -5.162011 -2.293505 50.848440 3.977100 3.997778 -12.293564 0.000015 0.000023 0.000002 0.000001 0.000001 
54.045380 109.831963 -2.624284 285.671105 -11.757198 -171.607123 34.537251 -11.566904 7.057212 -0.472309 -3.982493 1.049374 -0.557409 -4.175222 1.053859 -6.902073 1.655630 -0.528229 -47.403989 1.622249 12.804827 -0.000000 -0.000001 0.000001 0.163368 -16.532618 -12.984344 -27.273632 -30.816915 -37.096998 178.971925 -133.527944 178.567974 48.524478 -26.370054 16.365608 -77.039391 48.833995 -16.182970 -204.241753 159.887570 213.691211 -16.525465 -20.134783 10.526386 0.000003 -0.000001 -0.000000 7.060743 -1.327223 -38.622247 4.701953 5.969478 -33.701974 2.536282 4.012119 -21.089596 -0.000001 -0.000003 0.000001 2.087833 4.404885 -41.884947 4.417129 9.797005 -51.989655 4.069962 9.106867 -52.695705 0.000003 -0.000000 0.000002 -1.460168 1.520116 -54.054926 1.402983 12.005906 -57.432855 0.390094 9.832405 -46.369830 0.000001 0.000002 -0.000001 -4.558751 3.077684 -66.309737 0.752111 13.488527 -61.032829 1.818719 14.961307 -70.637017 -0.000001 0.000002 0.000002 1.670722 16.469773 0.133133 -42.682880 39.346575 69.726785 -0.222656 13.564933 1.022043 -46.425656 22.695945 38.917359 -67.523380 -38.608870 24.708433 7.842883 -13.685807 -18.640005 -3.607776 -16.924201 -27.073984 -0.000001 -0.000004 -0.000001 7.034098 -2.450592 36.364344 4.027870 -4.218721 29.020989 1.926936 -2.374948 16.090495 -0.000001 -0.000000 -0.000001 2.754402 -4.416204 38.081600 0.677842 -3.313340 19.186503 0.593712 -2.981156 17.011283 0.000000 0.000000 -0.000001 2.547511 -4.057643 37.577293 -0.385963 -4.071869 23.351812 -0.400591 -3.851790 22.068355 -0.000000 0.000000 -0.000001 -1.163614 -4.242683 29.084810 -1.526136 -3.203388 17.411976 -2.050186 -7.969409 42.700536 -0.000000 -0.000004 -0.000001 -47.143427 -3.993826 -0.790143 110.953015 -1.405403 -3.191808 47.694053 0.732649 -0.388276 25.515613 -0.000026 -0.000001 0.000002 0.000000 0.000001 -105.186471 -10.968648 -5.656048 113.635763 -4.791871 -2.183157 53.768649 3.359946 2.875890 -16.250483 0.000004 0.000027 -0.000004 0.000001 0.000000 
54.133564 110.803673 -4.389162 292.195056 -11.130981 -170.413097 35.532140 -10.679052 6.338103 -0.321454 -3.668510 1.014577 -0.395972 -3.861764 1.030797 -6.131115 1.550701 -0.321262 -46.560221 1.736144 11.810450 0.000001 -0.000001 0.000001 0.036929 -16.209062 -14.286405 -24.443360 -28.445803 -39.386808 179.059146 -136.027302 178.629118 51.159343 -23.730498 18.319998 -76.943338 48.962033 -16.482332 -203.244122 160.814769 212.835183 -16.501418 -19.632238 10.836544 0.000001 0.000000 -0.000003 6.966019 -1.412097 -37.507670 4.564122 5.873487 -32.956680 2.501782 3.974560 -20.864420 0.000001 -0.000002 -0.000001 1.969631 4.223970 -40.876927 4.228008 9.643796 -50.797476 3.939765 8.993685 -51.852744 0.000000 0.000002 0.000002 -1.421254 1.396371 -53.149008 1.241817 11.780477 -56.122244 0.300323 9.642759 -45.376638 0.000001 0.000003 0.000001 -4.345859 2.891236 -65.104632 0.541485 13.171542 -59.357021 1.650903 14.777654 -69.549685 -0.000001 -0.000006 -0.000002 1.832507 18.169297 -0.443332 -33.428920 35.729338 65.215650 -0.569278 30.487297 1.148232 -44.835271 15.148555 35.251399 -68.776098 -35.140910 23.478620 9.056342 -15.305236 -17.001762 -2.138418 -18.725348 -27.179013 -0.000001 -0.000001 0.000001 7.275853 -3.085799 38.414442 3.876369 -4.124980 28.131973 1.790142 -2.235223 15.111269 -0.000000 -0.000000 0.000003 2.982244 -4.655754 39.740510 0.730702 -3.444543 20.011208 0.538483 -2.826118 16.052058 0.000001 -0.000002 0.000001 2.746125 -4.334971 37.764174 -0.373287 -4.181581 23.981093 -0.415789 -3.660553 20.975070 -0.000002 0.000002 -0.000003 -1.297117 -4.604647 27.811994 -1.463654 -3.009229 16.394317 -2.092046 -7.587569 40.788568 0.000002 -0.000001 0.000001 -55.061505 0.181010 1.401650 109.305478 -1.119879 -3.525857 41.350238 0.884383 0.004939 25.429259 -0.000028 -0.000011 -0.000001 0.000000 -0.000000 -110.085799 -11.470229 -5.651470 116.034491 -2.700516 -1.644207 52.569405 2.250886 2.324180 -23.220857 0.000008 0.000045 0.000001 -0.000001 0.000000 
54.148773 112.144409 -6.358927 298.657562 -10.724886 -169.347000 35.994274 -9.859761 5.679036 -0.099180 -3.318894 0.950325 -0.161877 -3.503187 0.974980 -5.423409 1.401756 -0.174097 -45.739933 1.519329 10.674714 -0.000002 -0.000000 0.000001 -0.026038 -16.163385 -14.945082 -21.061694 -25.110393 -41.290689 179.064269 -136.180298 178.632628 52.398387 -21.035190 18.772001 -76.737606 49.235634 -17.065289 -201.520005 162.148568 211.813414 -16.502347 -18.745890 11.144332 0.000002 0.000006 0.000003 6.827265 -1.561488 -35.856075 4.348664 5.717996 -31.778183 2.449511 3.917137 -20.521764 0.000001 -0.000003 0.000000 1.787726 3.930961 -39.277635 3.937435 9.395164 -48.924980 3.752793 8.825053 -50.622681 0.000001 -0.000002 0.000001 -1.366405 1.200150 -51.732420 0.999363 11.418802 -54.064714 0.165967 9.341370 -43.815793 -0.000001 0.000001 -0.000002 -4.021282 2.650202 -63.343700 0.226701 12.655132 -56.696950 1.398784 14.487659 -67.870879 -0.000000 -0.000002 0.000001 1.955497 19.849390 -0.549194 -23.943307 28.999863 58.024779 -1.167680 49.993109 1.534410 -43.549850 10.522639 31.394712 -73.060198 -29.227708 21.617098 9.074391 -16.740211 -15.780215 -1.925685 -18.503105 -26.782620 -0.000002 0.000000 0.000001 7.304394 -3.605487 38.249763 3.061526 -3.561472 23.191134 1.707113 -2.148056 14.508602 -0.000001 -0.000000 -0.000002 2.991392 -4.680950 39.366861 1.042674 -4.127304 24.391816 0.486311 -2.671474 15.101229 -0.000000 0.000001 -0.000003 2.696750 -4.306841 36.784776 -0.261562 -4.890305 28.073710 -0.427281 -3.470199 19.888461 0.000000 -0.000000 -0.000002 -1.353337 -4.991495 27.711358 -1.397378 -2.815195 15.371272 -2.120571 -7.212040 38.915809 -0.000001 0.000001 -0.000003 -60.020909 4.460508 3.012605 104.433825 -0.491041 -3.858815 35.726988 1.261851 1.250178 26.533149 -0.000028 -0.000005 0.000000 -0.000000 0.000002 -114.630614 -11.665871 -5.436861 117.512244 -0.216450 -1.130599 49.289292 1.153955 2.110284 -28.876728 0.000004 0.000045 0.000000 0.000002 0.000002 
54.101273 113.893974 -8.714934 305.068050 -10.565338 -168.373589 35.823229 -9.037807 5.064392 0.239617 -2.929134 0.846230 0.189983 -3.093022 0.875356 -4.836380 1.199079 -0.127820 -45.038476 0.852776 9.348887 0.000000 -0.000000 -0.000002 -0.020720 -16.626861 -14.724503 -17.364486 -20.878823 -42.758214 178.958169 -133.152735 178.558070 52.021180 -18.468522 17.208368 -76.375100 49.703451 -18.038608 -199.130859 164.217596 210.516074 -16.513249 -17.451821 11.622819 0.000005 0.000002 0.000002 6.633631 -1.804335 -33.456766 4.026236 5.472296 -29.981426 2.371879 3.830498 -20.008448 0.000001 -0.000002 -0.000001 1.525862 3.472513 -36.835944 3.511841 8.999174 -46.080653 3.489765 8.574882 -48.850251 -0.000002 -0.000001 0.000001 -1.288776 0.902708 -49.582409 0.656759 10.852688 -50.941552 -0.022213 8.876035 -41.444136 -0.000001 0.000002 -0.000005 -3.544577 2.351357 -60.799182 -0.205671 11.838559 -52.641064 1.035576 14.036560 -65.342644 -0.000000 0.000002 0.000001 2.082625 20.795151 -0.626170 -19.878984 23.516169 55.395819 -1.843204 61.913110 2.093501 -41.045810 8.859831 29.004012 -73.060286 -29.227547 21.617122 9.046741 -17.678128 -15.198141 -1.933373 -18.544805 -26.786919 -0.000001 -0.000003 -0.000001 7.385671 -3.909396 38.583366 3.061506 -3.561456 23.191033 1.707118 -2.148049 14.508579 -0.000001 0.000001 -0.000004 3.063596 -4.762682 39.639136 1.042680 -4.127316 24.391891 0.469405 -2.619490 14.782778 0.000001 0.000000 -0.000003 2.735267 -4.367569 36.707141 -0.261568 -4.890310 28.073807 -0.429582 -3.422527 19.616539 -0.000000 0.000001 -0.000000 -1.374076 -5.241296 27.886904 -1.397387 -2.815183 15.371252 -2.120562 -7.212030 38.915764 -0.000000 -0.000000 -0.000002 -65.863460 6.851362 1.654709 99.907533 0.843249 -4.908895 34.141892 1.853334 3.681064 31.319771 -0.000033 0.000006 -0.000003 -0.000000 -0.000001 -117.841691 -11.527723 -4.468139 117.274239 1.362782 -1.077400 45.235762 0.513608 2.065393 -28.890590 -0.000008 0.000048 0.000001 0.000002 0.000001 
54.051731 116.975662 -11.485540 311.436655 -11.028741 -167.469258 33.259927 -8.158478 4.190826 0.820807 -2.387131 0.628773 0.791134 -2.491584 0.648931 -4.433072 0.816282 -0.275136 -44.468688 -1.120541 7.486139 -0.000001 0.000001 0.000001 -0.037837 -17.776261 -14.504819 -15.218242 -19.054792 -43.655998 178.840294 -130.145771 178.470931 50.546712 -16.573101 15.264744 -75.878532 50.313728 -19.309153 -196.345918 166.912871 209.212902 -16.543854 -15.850135 12.230906 0.000001 0.000001 -0.000001 6.410731 -2.132350 -30.493106 3.635392 5.151932 -27.743481 2.276860 3.722343 -19.373388 -0.000001 0.000001 0.000002 1.227646 2.884143 -33.793170 3.010963 8.477551 -42.545955 3.176936 8.255837 -46.670153 0.000002 0.000001 0.000001 -1.189214 0.545111 -46.904637 0.275500 10.123262 -47.063815 -0.228876 8.286181 -38.495701 0.000000 0.000001 -0.000004 -2.960653 2.055423 -57.654405 -0.659553 10.780351 -47.601613 0.614628 13.455550 -62.214376 0.000001 -0.000001 -0.000000 1.933903 19.510642 0.149340 -16.498920 20.177386 54.710710 -2.993807 71.777133 3.152330 -37.964118 6.334133 23.829369 -73.060321 -29.227575 21.617036 8.940046 -18.970690 -14.678541 -2.137505 -18.847127 -27.139528 0.000000 -0.000002 0.000002 7.590430 -4.278446 39.624666 3.061503 -3.561462 23.191042 1.707116 -2.148037 14.508575 -0.000001 0.000002 -0.000003 3.254053 -4.957935 40.693205 1.042675 -4.127310 24.391896 0.467176 -2.612523 14.740192 0.000000 0.000001 -0.000001 2.884153 -4.553329 37.338172 -0.261558 -4.890323 28.073812 -0.427917 -3.457476 19.815834 -0.000000 0.000000 -0.000002 -1.377171 -5.583021 28.446462 -1.397375 -2.815177 15.371245 -2.120568 -7.212033 38.915747 0.000000 0.000000 -0.000005 -71.157607 8.031128 0.030870 96.737492 1.978096 -5.834482 32.426559 1.715896 3.431945 32.827399 -0.000036 0.000006 -0.000001 0.000000 -0.000002 -121.649125 -11.429698 -2.327646 117.885896 -0.991356 -1.740215 36.637364 -0.029813 -1.331935 -16.837562 0.000003 0.000035 0.000000 0.000000 -0.000000 
54.414108 120.938217 -13.487500 318.489317 -12.138188 -167.117544 28.533295 -2.791875 2.769944 3.268539 -0.693096 0.646662 3.263035 -0.723021 0.681396 -5.801021 -0.282872 -1.568859 -47.761402 -8.771025 2.887859 0.000002 -0.000000 0.000001 -0.256078 -20.469706 -15.149884 -17.307752 -25.187871 -42.123891 178.850033 -130.380566 178.478294 47.207959 -16.612869 13.943187 -75.273131 51.014034 -20.782584 -193.399429 170.088840 208.125276 -16.601333 -14.040870 12.928708 0.000000 0.000003 -0.000001 6.183811 -2.533630 -27.147757 3.213102 4.775372 -25.240607 2.172346 3.600461 -18.665331 -0.000004 0.000000 0.000001 0.932357 2.205644 -30.389161 2.490775 7.858752 -38.600442 2.839525 7.882338 -44.216394 0.000001 -0.000003 0.000000 -1.070917 0.166085 -43.904886 -0.089881 9.278829 -42.739086 -0.423191 7.614435 -35.202679 -0.000001 -0.000001 0.000003 -2.318690 1.812923 -54.095334 -1.052261 9.553067 -41.983182 0.184705 12.781120 -58.733008 0.000002 -0.000000 -0.000001 1.141437 13.147037 3.099798 -13.663004 17.224173 52.320970 -5.666104 80.111610 5.748961 -35.152228 3.053376 17.303791 -73.060341 -29.227571 21.617038 8.786561 -20.498391 -14.229812 -2.491460 -19.346885 -27.743113 -0.000001 -0.000001 0.000000 7.898707 -4.676131 41.185522 3.061507 -3.561451 23.191025 1.707108 -2.148050 14.508580 0.000004 0.000002 0.000002 3.538153 -5.227615 42.324777 1.042675 -4.127319 24.391900 0.476486 -2.641365 14.916742 -0.000001 -0.000001 0.000002 3.121086 -4.825263 38.504987 -0.261557 -4.890313 28.073806 -0.422541 -3.556172 20.379003 0.000001 0.000002 0.000002 -1.359641 -5.985032 29.287247 -1.397379 -2.815185 15.371247 -2.120563 -7.212033 38.915761 -0.000001 0.000000 -0.000002 -75.873833 8.529734 -0.055501 95.331553 1.866452 -6.411636 27.489543 0.997943 1.171783 29.006963 -0.000035 0.000006 0.000003 0.000000 -0.000001 -123.704725 -11.699997 0.365766 118.603353 -4.678560 -2.617110 25.665462 -0.132793 -4.938354 -0.768535 -0.000004 0.000002 0.000001 -0.000001 -0.000001 
54.829315 124.543442 -14.426356 326.774336 -12.525733 -167.638688 26.976638 -2.027305 2.561762 4.153697 -0.460484 0.787527 4.149406 -0.478980 0.835187 -6.519026 -0.435985 -1.564506 -46.683045 -9.454956 1.850206 0.000002 0.000001 -0.000001 -0.434352 -19.699348 -16.652583 -15.009486 -24.898553 -39.749488 178.664758 -126.267672 178.334177 44.720517 -13.956353 15.867868 -74.592127 51.751124 -22.359447 -190.475780 173.561309 207.396085 -16.688802 -12.124012 13.677299 0.000000 0.000002 -0.000003 5.975113 -2.990495 -23.602975 2.793112 4.365687 -22.648349 2.065794 3.473009 -17.933017 0.000001 0.000000 -0.000001 0.670472 1.482557 -26.862116 1.998766 7.181248 -34.520961 2.500416 7.471558 -41.622439 0.000001 0.000001 -0.000002 -0.939956 -0.199476 -40.789931 -0.398843 8.377038 -38.270455 -0.583021 6.907291 -31.795214 -0.000000 -0.000001 0.000000 -1.669315 1.656667 -50.311952 -1.328032 8.245700 -36.180960 -0.214453 12.057038 -55.141910 0.000001 -0.000002 -0.000001 0.990654 12.300823 4.407802 -13.825749 18.834764 51.826926 -6.009531 80.664022 6.087373 -33.369039 0.347349 13.484813 -73.060321 -29.227575 21.617062 8.611020 -22.138064 -13.859861 -2.948947 -19.979640 -28.500511 -0.000005 -0.000002 0.000003 8.284717 -5.066228 43.077317 3.061496 -3.561464 23.191023 1.707118 -2.148035 14.508584 0.000002 -0.000000 -0.000005 3.889976 -5.533079 44.329294 1.042675 -4.127300 24.391890 0.494611 -2.696691 15.255786 -0.000001 0.000002 0.000002 3.423272 -5.144099 40.034669 -0.261549 -4.890328 28.073829 -0.412969 -3.699725 21.198824 -0.000001 0.000002 -0.000001 -1.320696 -6.415226 30.306728 -1.397381 -2.815173 15.371245 -2.120560 -7.212030 38.915761 0.000003 0.000000 -0.000004 -78.155840 7.432083 -0.592946 95.257329 2.631595 -5.749090 22.660713 -0.058435 -4.593408 22.293954 -0.000024 0.000000 -0.000001 -0.000001 0.000000 -122.962161 -12.379722 3.003692 119.242235 -7.966493 -3.378780 14.270064 0.336924 -6.526361 15.280436 -0.000011 -0.000021 0.000001 -0.000003 -0.000001 
55.142311 127.933670 -14.923048 335.622464 -12.630775 -168.607782 26.471954 -2.666747 2.712729 4.451709 -0.701399 0.939547 4.443732 -0.729083 0.998305 -6.897426 -0.289539 -1.116508 -44.015996 -7.919187 2.057111 0.000001 0.000000 0.000000 -0.422859 -18.523577 -17.139550 -12.980511 -23.432099 -39.057033 178.516952 -123.474138 178.213747 43.184943 -11.684218 17.376828 -73.879766 52.471470 -23.932465 -187.711043 177.119783 207.079765 -16.804142 -10.198967 14.437936 0.000002 0.000004 0.000001 5.801299 -3.478826 -20.040053 2.404482 3.951076 -20.140896 1.964314 3.348459 -17.225092 -0.000004 -0.000001 0.000004 0.460886 0.765780 -23.448437 1.570284 6.493545 -30.580721 2.179163 7.043861 -39.020574 -0.000000 -0.000000 0.000001 -0.804474 -0.521519 -37.767067 -0.629000 7.483430 -33.956063 -0.697036 6.214473 -28.501001 -0.000000 -0.000002 0.000000 -1.059614 1.598160 -46.497578 -1.466124 6.958572 -30.580417 -0.555005 11.334328 -51.680090 0.000000 -0.000000 -0.000000 0.949817 12.897738 5.226312 -15.021977 19.412436 53.268604 -5.885322 80.471513 5.964900 -30.837986 -3.416380 11.711381 -73.060314 -29.227561 21.617083 8.430969 -23.763770 -13.575731 -3.462074 -20.679871 -29.319868 0.000001 -0.000005 -0.000000 8.714655 -5.416664 45.110664 3.061501 -3.561454 23.191031 1.707113 -2.148057 14.508591 -0.000000 0.000001 -0.000001 4.279136 -5.839261 46.501427 1.042681 -4.127310 24.391903 0.518898 -2.769060 15.700573 0.000002 0.000000 0.000002 3.764352 -5.473008 41.753746 -0.261562 -4.890327 28.073833 -0.399039 -3.869219 22.168052 -0.000002 -0.000000 0.000000 -1.263179 -6.840860 31.402423 -1.397393 -2.815197 15.371245 -2.120574 -7.212039 38.915771 -0.000002 0.000000 0.000001 -79.182083 6.885166 -0.335818 98.250796 -0.430486 -6.031388 16.152933 0.558572 1.302835 22.983327 -0.000022 0.000000 0.000000 0.000000 -0.000001 -122.714266 -12.684939 4.645370 120.801280 -10.904710 -3.789794 4.899012 1.029096 -5.482457 29.114839 -0.000025 -0.000038 -0.000004 0.000002 0.000000 
55.491169 130.620590 -14.966676 345.022580 -12.720228 -169.725707 26.096705 -3.311171 2.595827 4.543856 -0.901582 1.002283 4.533328 -0.937156 1.068184 -6.932584 -0.189943 -0.635931 -41.735191 -6.723599 2.351209 0.000000 -0.000000 0.000000 -0.388845 -17.707088 -17.311316 -12.158205 -21.865176 -38.777385 178.519384 -123.516267 178.215768 41.394792 -11.651257 18.351105 -73.193878 53.121813 -25.384451 -185.206098 180.544494 207.147466 -16.939766 -8.364474 15.171354 0.000003 0.000001 -0.000000 5.671560 -3.968722 -16.640067 2.071234 3.564385 -17.891290 1.874602 3.235644 -16.590127 0.000001 -0.000001 0.000000 0.310247 0.109710 -20.383776 1.227147 5.852128 -27.049909 1.891415 6.622636 -36.542202 0.000001 -0.000000 0.000001 -0.673389 -0.774508 -35.044557 -0.777168 6.668036 -30.090491 -0.765088 5.587454 -25.546309 0.000000 0.000001 -0.000004 -0.527432 1.628320 -42.848184 -1.481679 5.795243 -25.561737 -0.821720 10.669334 -48.583047 -0.000000 -0.000000 -0.000002 0.916179 13.487081 5.863752 -16.509757 18.325348 54.896030 -5.357013 79.555564 5.444862 -28.493099 -6.381421 12.415427 -73.060334 -29.227558 21.617006 8.258198 -25.247304 -13.383404 -3.980652 -21.379814 -30.118044 -0.000000 -0.000001 -0.000001 9.146508 -5.701992 47.094875 3.061529 -3.561453 23.191043 1.707096 -2.148051 14.508575 0.000004 0.000002 -0.000001 4.669748 -6.116812 48.634594 1.042670 -4.127320 24.391893 0.546519 -2.849188 16.194437 0.000001 -0.000001 -0.000000 4.112664 -5.779390 43.487555 -0.261561 -4.890332 28.073835 -0.381408 -4.045747 23.179376 -0.000002 -0.000002 -0.000001 -1.193943 -7.228731 32.471758 -1.397395 -2.815176 15.371247 -2.120564 -7.212035 38.915754 0.000004 -0.000001 0.000007 -81.576965 6.586085 -0.018142 101.579400 2.892043 -5.726782 16.375498 0.362823 -0.811100 18.963460 -0.000013 -0.000002 0.000001 0.000001 -0.000002 -122.796993 -11.639406 5.009544 122.268938 -11.820644 -3.662613 0.297441 0.268911 -1.782896 36.995866 -0.000027 -0.000044 -0.000000 0.000001 -0.000000 
55.846531 132.057465 -14.348835 354.856304 -12.772774 -170.813414 26.299152 -3.109152 2.017306 4.586462 -0.864878 0.981462 4.576432 -0.909579 1.047523 -6.686648 -0.366674 -0.140397 -39.498472 -8.123538 2.780238 -0.000000 -0.000000 0.000000 -0.346574 -17.084784 -17.311005 -11.120616 -20.260423 -40.038043 178.362153 -120.930890 178.083536 38.685648 -9.432495 16.605336 -72.605198 53.649691 -26.588258 -183.043373 183.622054 207.501953 -17.083031 -6.718371 15.836671 0.000001 0.000007 -0.000001 5.586799 -4.426242 -13.583645 1.812761 3.241845 -16.071756 1.802932 3.143627 -16.076556 -0.000000 -0.000002 0.000000 0.214544 -0.429966 -17.903292 0.979070 5.318126 -24.196550 1.648789 6.233749 -34.317729 0.000001 0.000001 0.000000 -0.554743 -0.936691 -32.831104 -0.856255 6.001692 -26.966384 -0.796314 5.077706 -23.156469 -0.000000 -0.000001 -0.000000 -0.097550 1.721422 -39.560756 -1.419333 4.854809 -21.503765 -1.010213 10.121382 -46.083440 0.000001 0.000001 -0.000005 0.901458 13.981209 6.197893 -17.823730 16.773416 54.792887 -4.172545 76.695737 4.286268 -28.406332 -8.341139 14.718477 -73.060314 -29.227558 21.617018 8.100930 -26.459439 -13.287756 -4.452666 -22.007986 -30.821659 -0.000002 -0.000001 0.000000 9.531858 -5.904588 48.838428 3.061504 -3.561456 23.191030 1.707121 -2.148052 14.508592 -0.000003 -0.000001 -0.000001 5.020829 -6.343055 50.521017 1.042684 -4.127316 24.391869 0.574389 -2.927829 16.680623 0.000001 0.000003 -0.000004 4.431375 -6.035958 45.060411 -0.261564 -4.890322 28.073848 -0.362097 -4.210535 24.125398 0.000003 -0.000001 0.000001 -1.123612 -7.545399 33.411895 -1.397382 -2.815181 15.371249 -2.120570 -7.212037 38.915758 0.000002 -0.000000 0.000000 -81.561058 6.369264 0.631614 105.158139 1.858385 -5.717976 13.681874 0.364700 0.115587 17.959024 -0.000013 -0.000002 0.000001 0.000001 0.000001 -121.713206 -8.972467 4.498913 124.242043 -10.169526 -2.727233 -4.871495 -0.242697 4.705715 26.671614 -0.000021 -0.000035 -0.000000 0.000000 0.000001 
56.270020 132.562561 -12.995305 364.669045 -12.872145 -171.979778 26.615748 -2.832892 1.401342 4.608638 -0.807583 0.913438 4.599909 -0.858380 0.978869 -6.203568 -0.574195 0.375898 -37.351296 -9.736756 3.354910 -0.000000 -0.000000 -0.000001 -0.292987 -16.649452 -17.112672 -10.652150 -17.094944 -41.139312 178.175730 -118.296882 177.922289 31.913885 -9.168612 10.057679 -72.193242 54.003700 -27.409576 -181.301757 186.154866 207.997579 -17.217093 -5.357649 16.391300 0.000001 0.000008 0.000002 5.540264 -4.815395 -11.051737 1.645440 3.021238 -14.853937 1.755425 3.081664 -15.732897 -0.000001 0.000003 0.000001 0.163188 -0.797884 -16.242735 0.828070 4.953870 -22.287988 1.459493 5.904591 -32.476983 0.000000 0.000001 0.000001 -0.454377 -0.988481 -31.335737 -0.888698 5.553396 -24.876328 -0.805258 4.735702 -21.556849 -0.000001 0.000001 0.000001 0.219399 1.841653 -36.832697 -1.340312 4.228208 -18.787351 -1.122605 9.750172 -44.413076 -0.000001 -0.000002 -0.000003 0.793168 14.729271 7.511977 -18.455130 14.654169 52.980053 -3.407703 73.861584 3.547180 -29.537836 -9.012877 16.629574 -73.060314 -29.227558 21.617081 7.966917 -27.270488 -13.292813 -4.824654 -22.489072 -31.364772 -0.000002 -0.000004 0.000002 9.818735 -6.013558 50.149131 3.061503 -3.561446 23.191033 1.707121 -2.148053 14.508579 0.000002 -0.000003 0.000001 5.287921 -6.500934 51.952000 1.042674 -4.127317 24.391879 0.599092 -2.995855 17.102421 0.000001 -0.000001 -0.000002 4.679655 -6.220223 46.295623 -0.261549 -4.890331 28.073855 -0.344305 -4.344924 24.898616 -0.000000 -0.000002 0.000002 -1.065435 -7.757484 34.119684 -1.397381 -2.815182 15.371242 -2.120565 -7.212034 38.915778 -0.000001 -0.000002 -0.000002 -81.927327 5.724726 0.914515 109.167405 -0.602993 -6.089849 11.930571 0.189026 -1.246784 18.018309 -0.000017 0.000003 0.000003 0.000001 -0.000002 -120.332347 -5.935606 3.071673 125.414472 -8.688385 -1.633267 -9.377683 -0.439483 9.286793 15.712905 -0.000011 -0.000020 -0.000001 0.000000 0.000001 
56.734932 132.412842 -11.521007 373.979522 -13.045772 -173.314179 26.667401 -3.285374 1.038001 4.618453 -0.925468 0.787365 4.610717 -0.971944 0.856782 -5.300616 -0.597743 0.939491 -35.533000 -9.405512 4.155168 -0.000001 0.000000 -0.000000 -0.244472 -16.205025 -16.944869 -9.867287 -13.910938 -41.873803 177.995864 -116.120620 177.763009 24.229025 -9.705593 5.040759 -72.039235 54.133067 -27.712581 -180.066080 187.962435 208.464695 -17.322499 -4.378611 16.790828 -0.000000 0.000003 -0.000000 5.519975 -5.100031 -9.225688 1.585568 2.939874 -14.409718 1.738188 3.059027 -15.607558 0.000000 -0.000001 0.000003 0.145508 -0.940120 -15.638357 0.776036 4.819704 -21.591982 1.329555 5.663308 -31.149423 0.000001 0.000000 0.000000 -0.374628 -0.910853 -30.767451 -0.896438 5.389549 -24.114070 -0.806141 4.610860 -20.973329 -0.000001 0.000000 0.000001 0.423782 1.949879 -34.860900 -1.304093 4.000523 -17.796169 -1.160852 9.613945 -43.804305 0.000000 -0.000001 0.000001 0.674463 15.681462 8.772873 -18.936115 11.976597 51.166798 -2.888532 71.161111 3.052688 -31.870127 -6.670392 18.695797 -73.060334 -29.227568 21.617025 7.866834 -27.551245 -13.402499 -5.041800 -22.746123 -31.683670 -0.000002 -0.000001 0.000001 9.955638 -6.021018 50.834800 3.061490 -3.561462 23.191030 1.707124 -2.148051 14.508587 -0.000002 0.000001 -0.000001 5.425601 -6.576323 52.718566 1.042669 -4.127308 24.391876 0.616985 -3.044216 17.403003 0.000001 -0.000001 0.000001 4.815090 -6.312431 47.016092 -0.261563 -4.890344 28.073858 -0.332007 -4.430428 25.391385 -0.000004 -0.000002 0.000002 -1.033250 -7.831698 34.491748 -1.397386 -2.815170 15.371245 -2.120557 -7.212039 38.915758 0.000002 0.000002 0.000000 -83.428466 6.247055 1.723555 112.723311 -1.712880 -6.051526 11.321564 0.049704 -2.375013 15.665356 -0.000009 0.000010 -0.000000 0.000001 0.000000 -119.554962 -3.794004 -0.186305 124.725688 -7.338166 -0.767457 -11.307157 -0.102493 4.960923 21.056461 -0.000019 -0.000026 -0.000000 -0.000002 -0.000000 
57.323078 131.425888 -9.977825 381.453825 -13.115676 -175.691931 25.185149 -3.617802 0.707278 4.318310 -1.058481 0.882565 4.308381 -1.116930 0.958451 -4.980770 -0.584483 0.795746 -32.280731 -9.915467 3.964178 -0.000001 -0.000000 -0.000000 -0.213136 -15.546214 -17.065154 -7.574541 -12.271463 -41.789553 177.926810 -115.365515 177.701018 17.559827 -15.640834 8.260587 -72.039214 54.133054 -27.712567 -179.282726 189.110644 208.819100 -17.396427 -3.750178 17.048535 0.000000 0.000001 -0.000001 5.514120 -5.285786 -8.060432 1.585550 2.939877 -14.409717 1.738203 3.059035 -15.607547 -0.000001 -0.000000 0.000003 0.143137 -0.950345 -15.640580 0.776031 4.819714 -21.591973 1.249857 5.508256 -30.305355 -0.000001 0.000000 -0.000002 -0.317117 -0.787907 -30.738508 -0.896439 5.389533 -24.114051 -0.806136 4.610859 -20.973318 -0.000000 0.000003 0.000000 0.545522 2.029147 -33.606532 -1.304088 4.000525 -17.796174 -1.160851 9.613969 -43.804247 0.000001 0.000003 0.000000 0.695158 16.362587 8.634250 -19.356140 11.310692 50.925050 -2.325225 67.046592 2.527345 -32.767498 -3.292458 20.852373 -73.060293 -29.227551 21.617112 7.818763 -27.174085 -13.621419 -5.047888 -22.705902 -31.708504 -0.000000 -0.000001 -0.000001 9.895833 -5.916148 50.703933 3.061505 -3.561454 23.191030 1.707110 -2.148046 14.508589 0.000000 0.000001 -0.000001 5.390239 -6.553013 52.612179 1.042667 -4.127315 24.391879 0.624375 -3.063894 17.525570 -0.000001 0.000000 -0.000001 4.796667 -6.291765 47.045042 -0.261562 -4.890328 28.073843 -0.329313 -4.448593 25.496113 -0.000000 -0.000000 -0.000001 -1.038639 -7.734849 34.424737 -1.397389 -2.815173 15.371254 -2.120569 -7.212033 38.915758 -0.000000 -0.000000 0.000002 -85.724557 5.926045 3.434491 114.912072 -3.239202 -6.219017 9.955929 -0.061408 -3.693001 6.300228 -0.000006 -0.000019 -0.000001 0.000001 -0.000003 -119.378388 -1.856317 -1.947841 122.893094 -6.056840 0.058605 -12.705722 0.397401 7.531490 24.495596 -0.000014 -0.000029 0.000000 0.000001 -0.000000 
57.696857 129.905380 -8.704203 389.693711 -13.751196 -177.902058 24.682193 -2.544535 0.580601 4.390577 -0.788986 1.004982 4.380913 -0.858330 1.072375 -4.409294 -0.730603 0.749416 -29.674088 -11.359222 4.011590 0.000002 0.000000 0.000001 -0.265041 -16.995246 -16.685256 -6.335417 -10.208096 -42.107112 177.602609 -112.307291 177.405325 18.972597 -21.266574 16.412468 -72.038961 54.133354 -27.713042 -178.800637 189.827295 209.074659 -17.449021 -3.353370 17.215753 0.000002 0.000003 0.000000 5.515793 -5.406910 -7.342291 1.585593 2.939908 -14.409879 1.738212 3.059044 -15.607698 0.000002 0.000001 0.000004 0.141466 -0.957511 -15.642328 0.776034 4.819753 -21.592159 1.202515 5.413433 -29.792459 0.000002 0.000000 0.000001 -0.281564 -0.711819 -30.720811 -0.896445 5.389579 -24.114258 -0.806143 4.610885 -20.973457 -0.000001 -0.000001 -0.000003 0.618663 2.086839 -32.845635 -1.304081 4.000563 -17.796276 -1.160826 9.614000 -43.804534 0.000001 -0.000002 -0.000001 0.828111 14.747300 7.164670 -20.141635 9.594812 53.119440 -2.022014 64.047695 2.252178 -33.694211 0.453245 20.527603 -73.060259 -29.227554 21.617166 7.853040 -26.014565 -13.956376 -4.786002 -22.305786 -31.353737 -0.000002 -0.000002 0.000002 9.602915 -5.677235 49.566177 3.061503 -3.561453 23.191040 1.707109 -2.148044 14.508589 -0.000000 0.000000 -0.000004 5.143997 -6.406052 51.425638 1.042671 -4.127312 24.391893 0.617626 -3.045876 17.413354 0.000001 0.000001 0.000000 4.588936 -6.131002 46.206943 -0.261557 -4.890315 28.073850 -0.339246 -4.380804 25.105276 0.000000 0.000001 -0.000001 -1.087011 -7.433922 33.815618 -1.397378 -2.815177 15.371243 -2.120570 -7.212039 38.915758 0.000000 0.000000 -0.000001 -87.103770 5.744979 4.574511 115.996133 -5.045926 -6.353267 8.416501 -0.139870 -5.611784 4.917536 -0.000017 -0.000002 -0.000000 -0.000000 -0.000001 -118.044930 -0.779865 -3.880655 120.775148 -6.921112 0.789064 -11.965943 3.448607 2.938332 30.353794 -0.000018 -0.000038 -0.000001 0.000001 -0.000000 
58.125744 127.818199 -7.346284 398.905970 -14.072966 -180.020277 24.733331 -3.089248 0.355717 4.387236 -0.924417 1.070987 4.375575 -1.001644 1.148045 -3.423799 -0.614907 0.894710 -26.145722 -10.627603 5.289333 -0.000003 0.000000 -0.000000 -0.275593 -15.548127 -17.646140 -6.000727 -7.581214 -41.102736 176.449809 -105.507428 176.314995 23.092137 -11.007145 10.897564 -72.038162 54.134075 -27.714343 -178.569012 190.182683 209.224062 -17.481152 -3.152673 17.304972 0.000000 0.000003 0.000001 5.520719 -5.471902 -6.999965 1.585637 2.939983 -14.410267 1.738296 3.059145 -15.608200 0.000001 -0.000002 -0.000002 0.140425 -0.961989 -15.643720 0.776080 4.819847 -21.592629 1.181030 5.369621 -29.556360 0.000001 0.000001 -0.000004 -0.264492 -0.675187 -30.712680 -0.896438 5.389730 -24.114777 -0.806135 4.610969 -20.973831 -0.000001 0.000000 -0.000000 0.655197 2.121556 -32.497634 -1.304101 4.000616 -17.796567 -1.160799 9.614161 -43.805247 0.000001 0.000002 -0.000001 0.907700 15.228269 6.498893 -21.522047 10.075470 54.083313 -1.625457 58.839867 1.905097 -35.043518 6.222135 20.339911 -73.060300 -29.227544 21.617091 8.018511 -23.955087 -14.417517 -4.202091 -21.498444 -30.509724 0.000003 -0.000001 -0.000002 9.058239 -5.262885 47.233494 3.061503 -3.561463 23.191025 1.707105 -2.148049 14.508579 0.000000 0.000001 0.000001 4.660358 -6.093832 48.954561 1.042677 -4.127319 24.391890 0.593604 -2.980904 17.009621 0.000001 -0.000001 -0.000000 4.167612 -5.789953 44.328932 -0.261566 -4.890326 28.073850 -0.362419 -4.208127 24.111574 -0.000000 0.000000 0.000002 -1.173144 -6.896197 32.561933 -1.397383 -2.815185 15.371245 -2.120581 -7.212029 38.915764 0.000001 -0.000000 0.000001 -87.707880 6.133085 6.096077 115.957310 -5.295944 -6.536506 3.482336 -0.015690 -6.360311 3.368145 -0.000006 0.000005 0.000000 -0.000001 0.000002 -115.322266 0.168676 -5.328368 116.771223 -8.018137 1.456735 -8.221186 6.344532 -2.095597 39.999951 -0.000036 -0.000045 0.000000 0.000000 -0.000000 
58.717869 125.432640 -6.516210 407.535859 -15.184441 -182.148086 25.572080 -2.748843 0.025542 4.630212 -0.798318 1.204526 4.618069 -0.893246 1.284770 -3.502360 -0.819509 1.265147 -24.372289 -12.016505 5.253847 -0.000001 0.000000 -0.000000 -0.232800 -15.372488 -17.361668 -8.473376 -7.460841 -41.725206 175.407714 -102.116922 175.303690 31.494777 -1.199093 2.366953 -72.037186 54.135051 -27.716035 -178.539506 190.244715 209.275302 -17.494802 -3.112722 17.329097 0.000003 -0.000000 -0.000000 5.526486 -5.489866 -6.962131 1.585701 2.940069 -14.410763 1.738396 3.059282 -15.608943 -0.000002 -0.000000 0.000004 0.140145 -0.963079 -15.644519 0.776139 4.819954 -21.593252 1.179817 5.367152 -29.542972 -0.000001 0.000001 0.000002 -0.262354 -0.670497 -30.712181 -0.896426 5.389859 -24.115456 -0.806144 4.611077 -20.974360 0.000001 0.000003 -0.000001 0.663606 2.135137 -32.481603 -1.304120 4.000709 -17.796954 -1.160733 9.614389 -43.806200 0.000000 -0.000001 0.000000 0.970433 13.826931 5.393738 -24.445641 9.751168 55.407642 -1.330150 53.582137 1.661023 -34.674593 12.582656 24.359197 -73.060307 -29.227554 21.617059 8.389717 -20.890861 -15.019309 -3.253621 -20.247100 -29.039154 -0.000001 -0.000003 0.000006 8.272628 -4.604755 43.521269 3.061492 -3.561470 23.191033 1.707124 -2.148038 14.508589 -0.000001 -0.000001 0.000001 3.933159 -5.550488 44.999233 1.042667 -4.127303 24.391888 0.550104 -2.859455 16.257737 0.000001 0.000001 0.000002 3.527847 -5.209400 41.242468 -0.261581 -4.890333 28.073828 -0.395131 -3.911149 22.408104 -0.000000 0.000001 -0.000000 -1.276038 -6.090779 30.561524 -1.397410 -2.815179 15.371245 -2.120559 -7.212051 38.915775 -0.000000 -0.000004 0.000001 -87.681399 6.180783 7.134675 113.188816 -6.479083 -6.883280 -0.719658 0.121226 -6.342674 5.183822 -0.000013 0.000011 -0.000000 0.000002 -0.000006 -112.565834 1.531173 -7.344741 111.863698 -4.951581 1.790741 -8.021723 2.738349 -3.304133 39.999978 -0.000032 -0.000049 -0.000001 0.000000 -0.000000 
59.373569 122.477921 -6.019959 415.316128 -16.283248 -184.039352 25.453292 -2.936582 -0.845149 4.781394 -0.696879 1.043062 4.772536 -0.789559 1.117657 -2.867446 -0.905034 1.790594 -23.432726 -12.311557 6.882611 -0.000000 0.000000 0.000000 -0.105290 -15.923153 -15.860572 -11.065278 -7.113020 -42.341777 175.445047 -102.212770 175.340108 41.347305 4.747375 -7.449547 -72.035949 54.136049 -27.717994 -178.664935 190.079424 209.245536 -17.492804 -3.198219 17.301229 0.000001 0.000001 -0.000000 5.531900 -5.470388 -7.157440 1.585775 2.940152 -14.411301 1.738502 3.059439 -15.609772 0.000000 -0.000003 -0.000000 0.140203 -0.962781 -15.645079 0.776166 4.820105 -21.593933 1.193934 5.395978 -29.698298 0.000001 -0.000000 0.000000 -0.271705 -0.690441 -30.717495 -0.896433 5.390002 -24.116204 -0.806139 4.611191 -20.974903 -0.000002 -0.000000 0.000000 0.650111 2.130977 -32.716572 -1.304126 4.000814 -17.797386 -1.160662 9.614611 -43.807235 -0.000000 0.000001 -0.000001 0.837923 14.457050 6.999457 -24.350620 8.348998 53.100377 -1.246320 51.801637 1.594877 -35.241293 19.118376 23.920420 -73.060334 -29.227571 21.617028 9.074360 -16.740263 -15.780180 -1.925705 -18.503114 -26.782630 0.000001 -0.000005 -0.000001 7.304412 -3.605487 38.249770 3.061498 -3.561452 23.191045 1.707101 -2.148054 14.508580 0.000003 0.000001 -0.000001 2.991394 -4.680941 39.366881 1.042675 -4.127316 24.391896 0.486306 -2.671487 15.101207 -0.000000 0.000002 -0.000004 2.696752 -4.306850 36.784790 -0.261577 -4.890322 28.073799 -0.427282 -3.470202 19.888444 -0.000003 0.000001 -0.000002 -1.353337 -4.991512 27.711380 -1.397381 -2.815176 15.371240 -2.120577 -7.212036 38.915764 0.000004 0.000002 0.000000 -88.027246 4.893100 7.744718 109.758551 -6.907984 -7.289722 -7.782791 -0.380128 -15.597314 10.514888 -0.000009 -0.000008 0.000001 -0.000001 0.000003 -110.374416 3.639503 -8.991738 105.925852 -2.086827 2.041522 -6.073800 -2.248554 -1.479300 30.455629 -0.000024 -0.000037 0.000002 0.000000 0.000000 
60.058620 119.382408 -5.791731 422.868104 -17.228956 -185.999848 25.847690 -2.770840 -1.528246 4.955429 -0.581828 1.111942 4.947459 -0.693960 1.188382 -2.393208 -0.843647 1.841091 -20.976675 -11.973772 8.087928 0.000003 -0.000000 0.000000 -0.135715 -16.684742 -15.753013 -13.594872 -8.260263 -41.811771 176.169990 -104.426940 176.044998 51.623949 9.233812 -16.688391 -72.034986 54.136957 -27.719587 -178.898828 189.751958 209.155583 -17.478273 -3.374069 17.234744 0.000002 0.000003 -0.000000 5.536376 -5.423100 -7.514438 1.585838 2.940265 -14.411788 1.738604 3.059580 -15.610548 -0.000001 -0.000000 -0.000000 0.140502 -0.961443 -15.645318 0.776217 4.820177 -21.594519 1.218652 5.446002 -29.968339 0.000000 0.000000 -0.000000 -0.289076 -0.727549 -30.726760 -0.896421 5.390147 -24.116831 -0.806134 4.611302 -20.975369 -0.000000 -0.000003 0.000001 0.620019 2.113224 -33.121520 -1.304160 4.000893 -17.797765 -1.160602 9.614825 -43.808140 0.000000 0.000000 0.000001 0.854984 14.032378 6.712278 -23.588714 7.318994 53.132567 -1.342462 53.831620 1.670865 -35.989049 26.545460 19.077343 -73.446650 -33.999657 23.440776 9.423524 -7.922356 -16.990830 -5.784334 -14.242994 -20.570641 -0.000001 -0.000003 -0.000001 5.869634 -1.256567 27.388608 2.573985 -3.170833 20.080481 1.555630 -1.984104 13.391510 0.000001 0.000001 -0.000001 1.413220 -2.543780 27.604273 0.779000 -3.559913 20.740411 0.355616 -2.239991 12.475530 0.000000 0.000001 0.000000 1.295280 -2.156104 27.212481 -0.405156 -3.880213 22.254329 -0.428647 -2.479237 14.243525 0.000000 0.000001 -0.000000 -1.295873 -2.732091 21.306288 -1.062768 -1.971213 10.839189 -2.139016 -6.339927 34.583249 -0.000001 0.000001 -0.000001 -88.453969 4.200697 8.506517 105.741881 -6.227956 -7.849724 -18.701152 2.078508 -20.077464 24.803542 -0.000020 -0.000017 0.000002 0.000001 -0.000001 -108.914907 5.544954 -9.818842 99.339016 0.459220 2.081334 -3.594201 -8.131774 1.724669 17.042941 -0.000010 -0.000024 0.000000 -0.000000 0.000000 
60.745552 116.204926 -5.375289 429.735613 -18.348965 -188.312851 25.614907 -2.477499 -2.161587 5.129726 -0.462432 1.217632 5.122901 -0.595884 1.295433 -1.937031 -0.819718 1.875174 -18.414043 -12.041470 8.998760 0.000003 0.000000 -0.000000 -0.228230 -18.561480 -15.665421 -15.070001 -7.890395 -41.022526 176.114051 -104.228735 175.990848 58.065064 6.942671 -18.287917 -72.034303 54.137544 -27.720715 -179.194931 189.327134 209.026793 -17.454359 -3.605114 17.143071 0.000001 0.000006 0.000002 5.539432 -5.357554 -7.961743 1.585888 2.940318 -14.412158 1.738684 3.059679 -15.611084 -0.000000 -0.000003 0.000000 0.140985 -0.959314 -15.645255 0.776237 4.820274 -21.594917 1.249272 5.507108 -30.299112 0.000001 -0.000000 -0.000002 -0.310997 -0.774379 -30.738119 -0.896416 5.390233 -24.117284 -0.806145 4.611369 -20.975677 -0.000001 -0.000000 -0.000001 0.578503 2.086052 -33.615387 -1.304155 4.000953 -17.798008 -1.160583 9.614934 -43.808738 -0.000000 0.000001 -0.000000 0.905092 12.893171 5.761700 -23.757799 7.175860 52.688096 -1.322849 53.432864 1.655190 -31.918837 24.774179 23.523663 -74.162993 -43.697498 26.890537 9.789968 4.147214 -18.862107 -10.996514 -10.038275 -11.403396 -0.000002 -0.000003 0.000001 5.221631 2.360885 12.502755 1.668254 -2.315131 13.885005 1.292149 -1.682852 11.389646 -0.000001 0.000001 -0.000001 0.228786 0.877573 11.617737 0.373179 -2.416179 13.665950 0.210889 -1.649053 8.934332 -0.000002 0.000000 0.000001 0.240819 1.175888 14.285380 -0.389887 -1.914762 11.050563 -0.275986 -1.150800 6.628826 -0.000002 -0.000001 0.000000 -0.636277 0.145993 12.635029 -0.228465 -0.420695 2.032603 -1.994032 -4.702769 26.433030 0.000001 -0.000001 0.000001 -88.640166 3.748365 9.217252 99.292290 -6.031280 -8.627934 -28.845514 4.644418 -20.741599 38.207638 -0.000051 0.000010 -0.000001 0.000005 -0.000004 -105.747311 6.875659 -10.543696 89.960852 1.372633 1.987722 -1.967417 -13.843474 2.758946 0.399454 0.000001 0.000000 -0.000000 -0.000000 -0.000000 
61.475071 112.947891 -4.640872 436.119927 -19.510343 -190.642205 24.990228 -2.102067 -2.792683 5.305441 -0.332470 1.317292 5.300292 -0.486303 1.394851 -1.508079 -0.839417 1.942528 -15.946251 -12.460592 9.791938 0.000000 0.000000 0.000000 -0.167763 -19.420489 -14.869158 -16.679826 -8.185902 -40.161072 176.240204 -104.684055 176.112876 60.091697 6.881356 -18.279625 -72.034208 54.137637 -27.720842 -179.506756 188.869948 208.878550 -17.424176 -3.856288 17.039539 0.000001 0.000001 -0.000001 5.540444 -5.283238 -8.427945 1.585902 2.940336 -14.412287 1.738705 3.059693 -15.611294 -0.000000 -0.000000 0.000000 0.141932 -0.955209 -15.644518 0.776236 4.820277 -21.594972 1.280870 5.569279 -30.636697 0.000001 0.000000 0.000001 -0.334003 -0.823567 -30.749768 -0.896414 5.390255 -24.117323 -0.806133 4.611383 -20.975731 -0.000001 -0.000000 -0.000002 0.531297 2.053248 -34.117208 -1.304158 4.000956 -17.798032 -1.160577 9.614969 -43.808837 0.000001 0.000000 -0.000003 1.093727 12.273967 3.067172 -23.758200 2.341603 54.069878 -1.491350 56.629310 1.792359 -21.368839 22.104306 17.067132 -74.680680 -51.087640 29.291645 9.681683 12.634785 -20.845517 -14.771309 -8.036077 -5.238980 0.000001 -0.000002 -0.000002 5.735162 4.990975 1.703573 1.057021 -1.617249 9.282978 1.181388 -1.549598 10.523489 -0.000001 0.000003 -0.000000 0.132507 3.426974 0.539689 0.182590 -1.630110 8.959378 0.142676 -1.296180 6.843853 -0.000002 0.000001 -0.000002 0.119500 3.589459 5.918428 -0.175350 -0.657018 3.789070 -0.103264 -0.378804 2.125498 -0.000001 -0.000001 0.000003 0.214390 1.875586 7.662312 0.455143 0.533386 -3.846918 -1.802793 -3.763948 21.691124 -0.000000 -0.000000 0.000002 -87.856771 3.543513 9.568800 87.195493 -6.848560 -9.948078 -32.274652 5.124075 -18.671082 39.999927 -0.000031 0.000010 -0.000001 0.000001 -0.000002 -100.956268 7.520865 -11.307826 78.297259 0.594950 2.051642 -1.318073 -16.463514 -0.836318 -19.867075 -0.000002 0.000029 -0.000003 -0.000000 0.000000 
62.089211 109.273079 -3.545667 441.745517 -20.348684 -192.783770 23.807574 -1.669431 -3.479830 5.485797 -0.175101 1.362000 5.483586 -0.344664 1.435037 -1.142361 -0.952529 2.126128 -13.875382 -13.529228 10.534028 0.000001 -0.000000 0.000000 -0.017069 -20.022112 -13.662402 -18.536918 -8.732670 -39.385818 176.413377 -105.357874 176.279915 60.845422 7.385577 -17.068691 -72.034925 54.137087 -27.719703 -179.787504 188.445957 208.726961 -17.390462 -4.092400 16.937518 0.000001 0.000003 0.000000 5.538391 -5.209426 -8.841609 1.585884 2.940322 -14.412109 1.738671 3.059655 -15.611005 -0.000000 -0.000002 -0.000000 0.143070 -0.950379 -15.643266 0.776209 4.820195 -21.594584 1.308325 5.622578 -30.926984 -0.000000 -0.000000 0.000001 -0.354584 -0.867630 -30.759757 -0.896416 5.390164 -24.116906 -0.806139 4.611316 -20.975410 0.000000 -0.000001 0.000003 0.484922 2.017976 -34.545984 -1.304150 4.000900 -17.797798 -1.160602 9.614842 -43.808246 -0.000000 -0.000000 -0.000001 1.059519 11.925153 3.155503 -22.346224 2.518007 51.225534 -1.797237 61.311138 2.053244 -12.666278 12.608681 13.332584 -74.872206 -53.458187 29.935425 8.811059 15.048227 -22.746289 -14.923716 -6.785928 -5.081067 -0.000000 -0.000003 0.000002 6.088495 5.916719 -1.964804 0.887466 -1.401988 7.925516 1.330953 -1.728563 11.689507 -0.000002 -0.000001 0.000003 0.210076 4.130925 -2.213734 0.178877 -1.611317 8.848092 0.154019 -1.359970 7.220577 -0.000001 0.000003 0.000003 0.119158 4.150472 5.240848 -0.187600 -0.709396 4.095102 -0.136415 -0.507099 2.879824 0.000002 -0.000003 -0.000000 0.181675 2.104579 9.081758 0.455138 0.533393 -3.846972 -1.876576 -4.081595 23.304467 -0.000001 -0.000002 -0.000001 -85.891985 5.009740 8.686769 71.941891 -7.542487 -11.056324 -26.374758 3.281223 -12.524732 13.442333 -0.000021 -0.000011 0.000004 -0.000003 0.000001 -98.283683 8.207493 -11.795432 67.900816 -1.022425 2.966776 0.473361 -8.848099 -7.410424 -47.772792 -0.000017 0.000071 -0.000002 0.000001 0.000001 
62.629646 105.845688 -2.624532 447.514486 -21.555182 -195.539587 24.268560 -1.224225 -2.983727 5.664527 -0.133082 1.509790 5.661641 -0.311761 1.586334 -1.128574 -1.010405 2.269432 -11.768389 -13.657651 11.126105 -0.000001 -0.000000 -0.000000 0.203809 -20.408740 -12.158644 -20.584787 -9.490410 -38.722395 176.610332 -106.201778 176.469207 60.460575 8.192086 -14.603643 -72.036537 54.135601 -27.717055 -179.989869 188.121223 208.585166 -17.355772 -4.278254 16.850234 0.000003 0.000007 -0.000001 5.531882 -5.145257 -9.131366 1.585807 2.940217 -14.411545 1.738542 3.059483 -15.610081 0.000000 -0.000000 0.000000 0.144287 -0.945183 -15.641511 0.776146 4.820031 -21.593633 1.326343 5.657172 -31.115907 -0.000000 -0.000000 -0.000002 -0.369303 -0.899204 -30.766290 -0.896424 5.389922 -24.115848 -0.806133 4.611158 -20.974657 -0.000001 -0.000001 -0.000000 0.446549 1.982752 -34.820823 -1.304126 4.000766 -17.797207 -1.160689 9.614518 -43.806805 0.000002 -0.000001 0.000001 1.023020 11.397729 3.354415 -21.316734 4.402950 48.488237 -2.120769 65.101791 2.341038 -8.605882 8.722399 10.142593 -74.935959 -53.733539 29.865364 7.482773 14.435180 -24.825523 -15.606241 -5.867483 -8.117384 -0.000002 -0.000004 -0.000003 6.088052 6.073876 -2.033882 0.889192 -1.404224 7.939560 1.636312 -2.072211 13.989357 0.000000 0.000002 0.000002 0.167976 3.896414 -0.665965 0.254653 -1.961724 10.933074 0.212758 -1.657812 8.986435 0.000002 -0.000001 -0.000002 0.013041 3.746846 8.700372 -0.321202 -1.395777 8.072880 -0.274251 -1.141306 6.573890 0.000001 -0.000000 0.000004 0.172000 1.626817 14.124178 0.157362 0.142943 -1.386645 -2.045012 -5.053635 28.188283 -0.000001 -0.000001 -0.000001 -82.885063 4.874917 7.488983 61.867314 -0.362372 -10.971177 -26.834227 1.540467 -6.494530 23.081993 -0.000014 0.000000 0.000000 0.000002 -0.000001 -93.778292 8.411059 -12.424223 53.181817 -3.272941 3.255725 1.290465 -3.906875 -12.981336 -57.521702 -0.000013 0.000076 -0.000000 0.000001 -0.000000 
63.332874 102.269798 -1.157054 453.989342 -22.954748 -197.706505 26.204094 -0.979280 -2.067044 5.907694 -0.166518 1.616201 5.902882 -0.346815 1.700811 -1.527863 -1.032128 2.410972 -10.364917 -12.969558 11.508396 0.000001 0.000000 -0.000000 0.467897 -20.621362 -10.470572 -22.762101 -10.412897 -38.185241 176.812465 -107.167123 176.662515 59.092433 9.002254 -10.803283 -72.039351 54.133077 -27.712401 -180.066053 187.962435 208.464709 -17.322517 -4.378592 16.790806 0.000004 0.000001 0.000000 5.519169 -5.099900 -9.225817 1.585673 2.940014 -14.410497 1.738302 3.059169 -15.608348 -0.000001 0.000000 -0.000003 0.145532 -0.939949 -15.639212 0.776021 4.819714 -21.591973 1.329557 5.663310 -31.149406 0.000001 0.000000 0.000001 -0.374618 -0.910856 -30.767455 -0.896436 5.389548 -24.114046 -0.806142 4.610851 -20.973308 0.000000 -0.000001 0.000002 0.423797 1.949840 -34.860869 -1.304083 4.000539 -17.796164 -1.160844 9.613959 -43.804302 0.000001 -0.000000 -0.000002 1.083513 10.089598 1.090764 -22.741601 6.209086 50.388075 -2.174495 65.642400 2.389705 -6.440865 25.809294 0.977661 -74.913283 -52.813212 29.415975 6.100091 12.278454 -27.024820 -16.571104 -5.146987 -12.708369 -0.000003 0.000002 0.000002 5.860748 5.796724 -0.127222 0.981869 -1.523129 8.686307 2.020032 -2.467371 16.747660 -0.000002 -0.000001 0.000003 0.091902 3.157222 3.130777 0.391189 -2.478225 14.042098 0.306210 -2.055329 11.362689 0.000002 -0.000004 0.000000 -0.076475 2.822981 14.176204 -0.428839 -2.388849 13.756444 -0.395636 -2.015636 11.598277 -0.000002 0.000002 0.000000 0.238354 0.780114 20.770846 -0.281098 -0.503523 2.523504 -2.138734 -6.323853 34.503589 -0.000000 0.000000 0.000000 -80.458795 4.290376 6.052941 51.582487 1.416410 -10.508981 -21.025822 1.490040 -6.520170 26.709559 -0.000025 -0.000002 -0.000003 0.000001 -0.000001 -89.562174 8.148231 -13.781850 42.340401 -1.979729 3.099766 -0.717030 0.639571 -9.536256 -40.513397 -0.000004 0.000059 -0.000001 0.000003 0.000001 
64.113213 98.338882 0.459800 460.802592 -24.596666 -199.401144 28.854534 -0.932260 -1.147516 6.194622 -0.231675 1.668930 6.187612 -0.409360 1.763132 -2.153890 -1.040023 2.558614 -9.499563 -11.896472 11.767634 0.000000 -0.000000 -0.000001 0.746866 -20.699358 -8.709726 -25.006053 -11.456134 -37.773972 177.011620 -108.233377 176.851903 56.983783 9.477752 -5.571346 -72.046119 54.126862 -27.701220 -180.062665 187.900348 208.341902 -17.285667 -4.431806 16.743082 0.000004 0.000000 -0.000003 5.500130 -5.061787 -9.194473 1.585310 2.939529 -14.407832 1.737942 3.058688 -15.605707 0.000001 -0.000002 0.000003 0.146923 -0.934253 -15.634969 0.775735 4.818924 -21.587894 1.322636 5.650075 -31.077176 0.000002 0.000001 0.000001 -0.374058 -0.910293 -30.763425 -0.896489 5.388569 -24.109617 -0.806145 4.610152 -20.970018 -0.000001 0.000000 -0.000000 0.409167 1.914092 -34.739804 -1.303996 3.999944 -17.793626 -1.161230 9.612565 -43.798089 -0.000001 0.000000 0.000003 0.925384 8.944035 -0.063241 -24.658962 7.413777 51.832547 -2.433923 67.968497 2.627507 -1.666400 23.053101 6.947027 -74.855486 -51.601898 28.905750 4.991523 9.992118 -29.118643 -17.560065 -4.554988 -17.174577 -0.000001 -0.000006 0.000001 5.605467 5.398023 2.120283 1.088088 -1.655555 9.527356 2.389346 -2.813963 19.286547 0.000000 0.000009 -0.000003 0.073567 2.351218 7.125138 0.546950 -2.961966 17.001543 0.407688 -2.420574 13.569726 -0.000002 -0.000000 -0.000000 -0.061052 1.841628 19.554044 -0.439283 -3.341960 19.182537 -0.439554 -2.848343 16.345672 -0.000001 0.000001 -0.000001 0.372868 -0.095864 27.000484 -0.655238 -1.142666 6.226444 -2.098835 -7.511585 40.409144 -0.000001 -0.000001 0.000002 -77.204367 2.849551 4.601373 44.520744 3.059531 -9.089284 -16.873108 3.663324 -9.078884 23.391836 0.000006 -0.000008 0.000001 0.000001 0.000001 -87.814772 7.729288 -13.745000 42.581834 -2.903253 3.184817 -7.490588 2.233109 -6.390148 -24.451340 0.000001 0.000038 -0.000001 -0.000000 0.000000 
64.935646 94.231934 2.144281 467.586882 -26.374463 -200.781662 32.178561 -0.998211 -0.425885 6.547610 -0.316548 1.601892 6.538963 -0.486410 1.705782 -3.046862 -1.042609 2.726318 -9.522394 -10.493325 11.872883 0.000000 0.000000 0.000000 1.014688 -20.680158 -6.986761 -27.247423 -12.575884 -37.469219 177.202674 -109.384236 177.032397 54.500398 9.453207 0.806826 -72.068741 54.106129 -27.663951 -180.058389 187.822443 208.187800 -17.239438 -4.498644 16.683301 0.000003 0.000003 -0.000001 5.476188 -5.013996 -9.155063 1.584464 2.938373 -14.401560 1.737096 3.057570 -15.599539 -0.000000 -0.000000 -0.000002 0.148612 -0.927732 -15.626561 0.774725 4.816289 -21.574339 1.313992 5.633492 -30.986564 -0.000000 0.000000 0.000003 -0.373509 -0.911204 -30.750649 -0.896614 5.385389 -24.094836 -0.806152 4.607811 -20.959069 -0.000003 -0.000000 -0.000000 0.390449 1.869460 -34.587835 -1.303651 3.998012 -17.785172 -1.162500 9.607932 -43.777442 0.000001 -0.000001 0.000001 -0.026322 5.692836 -0.059351 -27.101318 11.198607 52.393053 -2.643611 69.560163 2.822486 2.707386 21.046960 6.421111 -74.824722 -50.997549 28.651025 4.429649 8.922527 -30.703910 -18.114083 -4.148705 -19.982166 -0.000000 0.000000 0.000001 5.469954 5.220098 3.082946 1.125967 -1.701840 9.823851 2.635540 -3.028672 20.925157 0.000001 -0.000003 0.000002 0.089816 1.922407 9.273365 0.643502 -3.225061 18.634556 0.471720 -2.626642 14.826601 0.000001 0.000001 0.000001 -0.007864 1.267177 22.728254 -0.403083 -3.902842 22.383766 -0.432636 -3.350710 19.207040 -0.000003 -0.000001 0.000001 0.411391 -0.701548 30.786128 -0.840716 -1.499091 8.233983 -2.013030 -8.237040 44.046500 0.000001 0.000002 -0.000000 -75.316073 0.726398 3.527016 43.216653 4.910792 -6.989476 -16.080574 6.951216 -12.114855 16.025070 0.000006 -0.000003 -0.000001 -0.000002 -0.000000 -87.938494 7.417762 -13.076366 48.160924 -4.315816 3.415581 -15.155879 2.108822 -3.238932 -10.112405 -0.000007 0.000011 0.000000 0.000002 0.000000 
65.808464 90.073051 3.819424 473.978191 -28.210249 -201.884136 35.469982 -1.123394 0.174400 6.889710 -0.410263 1.496975 6.879851 -0.570742 1.610083 -3.959626 -1.044539 2.887392 -9.793165 -9.107211 11.932551 -0.000000 -0.000000 -0.000001 1.249900 -20.598980 -5.411657 -29.404487 -13.723589 -37.229968 177.379084 -110.577320 177.197811 51.998838 8.970384 7.828321 -72.110487 54.067941 -27.595131 -180.053117 187.730659 208.006294 -17.184971 -4.577480 16.613021 0.000003 -0.000001 -0.000000 5.447943 -4.957766 -9.108581 1.582923 2.936248 -14.390039 1.735534 3.055523 -15.588174 0.000000 -0.000001 0.000000 0.150491 -0.921027 -15.612228 0.772898 4.811472 -21.549361 1.303845 5.613929 -30.879838 0.000001 0.000000 -0.000000 -0.373068 -0.914161 -30.727430 -0.896838 5.379551 -24.067589 -0.806143 4.603498 -20.938876 -0.000000 0.000001 0.000001 0.368805 1.816664 -34.408871 -1.303061 3.994419 -17.769579 -1.164845 9.599413 -43.739391 -0.000000 -0.000003 -0.000000 -0.709152 2.290159 -0.154673 -33.851176 15.229423 53.477564 -2.567160 69.005948 2.751145 3.418739 23.666300 7.933909 -74.821041 -50.999909 28.667615 4.478909 9.100553 -31.671871 -18.341414 -4.081482 -21.095394 -0.000000 -0.000003 0.000000 5.434592 5.281002 2.657581 1.085331 -1.652171 9.505712 2.734208 -3.111290 21.571037 0.000002 0.000001 -0.000000 0.091128 1.895426 9.430813 0.651792 -3.246578 18.768854 0.481139 -2.655684 15.004385 0.000001 -0.000001 -0.000001 0.014578 1.115027 23.506378 -0.390361 -4.030916 23.117030 -0.426463 -3.486042 19.978851 0.000001 0.000002 -0.000001 0.487559 -0.939840 31.868239 -0.850303 -1.518373 8.341420 -1.977644 -8.456794 45.156133 -0.000001 -0.000002 -0.000000 -75.022989 -1.577675 2.885516 46.106570 6.592974 -4.925323 -17.169171 10.130466 -14.940144 8.075252 -0.000019 -0.000005 -0.000001 0.000005 -0.000002 -88.956117 6.818135 -11.892513 56.257174 -5.954571 3.749209 -22.790538 1.499423 -2.032429 -0.151513 -0.000000 -0.000001 -0.000000 0.000000 -0.000000 
66.731682 86.039368 5.256130 479.101925 -29.969163 -202.728948 37.356767 -1.678810 0.511904 6.980349 -0.573498 1.359007 6.969833 -0.720919 1.479652 -4.531018 -1.034001 2.932858 -10.157644 -8.371152 11.886974 -0.000000 -0.000000 0.000001 1.436238 -20.488568 -4.093532 -31.386690 -14.854584 -36.994617 177.536834 -111.770384 177.344564 49.755937 8.165067 14.980174 -72.174397 54.009260 -27.489570 -180.047092 187.626990 207.801238 -17.123470 -4.666707 16.533863 0.000003 0.000001 -0.000000 5.415893 -4.894300 -9.055988 1.580563 2.932983 -14.372291 1.733138 3.052352 -15.570745 -0.000002 -0.000000 0.000003 0.152489 -0.914479 -15.591024 0.770067 4.804059 -21.510994 1.292440 5.591816 -30.759296 0.000000 0.000001 -0.000001 -0.372778 -0.919468 -30.691913 -0.897205 5.370558 -24.025744 -0.806154 4.596849 -20.907855 -0.000001 -0.000000 -0.000000 0.344034 1.757256 -34.206684 -1.302126 3.988948 -17.745617 -1.168418 9.586276 -43.680914 -0.000000 -0.000001 -0.000002 -0.777257 2.040844 -0.167850 -39.456459 17.543655 52.011942 -2.500491 68.498772 2.689175 5.479446 19.562166 2.056716 -74.804088 -51.010639 28.744267 4.928316 9.588535 -32.281462 -18.478846 -4.350774 -21.583372 0.000000 0.000002 0.000001 5.405019 5.354873 1.910621 1.019620 -1.570692 8.987088 2.752426 -3.126305 21.689541 0.000001 0.000004 -0.000001 0.087260 1.977349 8.958007 0.616107 -3.152717 18.183705 0.460981 -2.593183 14.621856 0.000004 -0.000001 -0.000000 0.036084 1.078372 23.305826 -0.397786 -3.958373 22.701530 -0.428525 -3.444949 19.744509 0.000002 0.000001 -0.000002 0.561378 -1.081233 31.608681 -0.776507 -1.372234 7.523647 -1.983198 -8.424015 44.990278 -0.000002 -0.000001 0.000000 -77.873418 -3.861184 3.424602 55.475329 6.880169 -3.835352 -20.717419 12.040205 -16.897765 2.424601 0.000015 -0.000001 0.000000 -0.000001 0.000000 -92.004964 6.092587 -10.495073 68.385473 -6.589923 4.313096 -26.764499 0.410746 -1.483242 0.006856 0.000008 0.006867 -0.000000 -0.000002 -0.000000 
67.676254 82.234253 6.515670 483.211896 -31.660778 -203.537001 38.471915 -2.395605 0.731936 6.931388 -0.774945 1.204619 6.920668 -0.907277 1.331884 -4.911980 -1.016445 2.914332 -10.561678 -7.995078 11.782168 -0.000000 0.000000 -0.000002 1.561994 -20.379766 -3.141677 -33.094138 -15.928491 -36.683488 177.674203 -112.920997 177.471223 47.937751 7.225261 21.749028 -72.263381 53.927045 -27.342304 -180.040371 187.513445 207.576525 -17.056111 -4.764639 16.447304 0.000002 0.000003 -0.000000 5.380695 -4.824842 -8.998276 1.577215 2.928423 -14.347504 1.729789 3.047938 -15.546294 0.000002 0.000000 -0.000000 0.154560 -0.908551 -15.562053 0.766146 4.793681 -21.457263 1.279966 5.567531 -30.627258 -0.000002 0.000001 0.000001 -0.372643 -0.927540 -30.642377 -0.897677 5.357958 -23.967151 -0.806166 4.587574 -20.864438 -0.000001 0.000001 -0.000005 0.316952 1.692179 -33.985143 -1.300833 3.981268 -17.712091 -1.173419 9.567911 -43.598996 0.000002 -0.000003 -0.000001 -0.470882 2.719472 -0.122562 -47.726753 19.611066 50.913186 -2.055752 64.417358 2.282436 9.964910 22.672434 -7.282525 -74.778591 -51.026725 28.858963 5.632495 10.264809 -32.628685 -18.552983 -4.844307 -21.613299 -0.000000 -0.000003 0.000000 5.381643 5.434971 0.977041 0.940535 -1.470494 8.354813 2.713403 -3.094008 21.435181 -0.000001 0.000000 0.000002 0.081916 2.130951 8.070129 0.554129 -2.982359 17.127365 0.422512 -2.469695 13.868558 0.000001 0.000001 -0.000001 0.054066 1.123022 22.434286 -0.416108 -3.749598 21.507671 -0.435038 -3.283131 18.821848 0.000000 -0.000002 -0.000007 0.621833 -1.152203 30.428271 -0.643368 -1.120840 6.102438 -2.016035 -8.216965 43.945423 -0.000001 0.000001 -0.000001 -81.321544 -6.079828 4.826473 65.342712 5.884439 -3.629417 -23.830057 12.365519 -18.115388 -0.356249 0.000011 0.000009 0.000000 -0.000001 0.000000 -94.608256 5.152810 -9.320992 78.110993 -7.115140 4.782936 -29.684962 -0.040341 -1.330010 0.011998 -0.000006 0.012191 -0.000000 -0.000001 -0.000000 
68.610550 79.112656 7.264464 484.700440 -33.226456 -204.550232 37.249239 -3.762682 0.561292 6.483387 -1.075738 1.009015 6.473316 -1.187548 1.140210 -4.766847 -0.992692 2.738737 -10.866057 -8.713739 11.671800 0.000000 0.000000 -0.000000 1.618659 -20.302374 -2.665154 -34.417818 -16.908202 -36.203189 177.790302 -113.986903 177.577419 46.611492 6.340605 27.624514 -72.380396 53.818209 -27.148160 -180.032981 187.391936 207.336048 -16.984042 -4.869655 16.354982 0.000004 0.000004 0.000001 5.342860 -4.750634 -8.936386 1.572826 2.922406 -14.314684 1.725361 3.042090 -15.513970 0.000001 0.000000 -0.000000 0.156595 -0.903581 -15.524357 0.760946 4.779911 -21.386209 1.266720 5.541540 -30.485955 0.000001 0.000001 -0.000001 -0.372790 -0.938917 -30.577015 -0.898317 5.341286 -23.889659 -0.806157 4.575265 -20.807000 -0.000004 -0.000001 -0.000002 0.288131 1.622463 -33.748077 -1.299109 3.971073 -17.667768 -1.179978 9.543601 -43.490673 -0.000002 0.000000 -0.000002 -0.300513 4.997292 -0.078434 -49.039061 17.850983 48.777212 -1.981008 63.584990 2.215507 12.110151 22.750532 -13.749155 -74.749180 -51.045118 28.989761 6.451887 11.015393 -32.804620 -18.582706 -5.445375 -21.350297 -0.000000 -0.000001 0.000001 5.364311 5.514985 -0.008218 0.859258 -1.365126 7.695700 2.641243 -3.033490 20.962672 0.000001 -0.000000 -0.000001 0.078588 2.319143 6.982339 0.483276 -2.774437 15.847984 0.377016 -2.315804 12.934135 0.000001 -0.000004 -0.000002 0.068190 1.215117 21.199444 -0.433837 -3.468911 19.905958 -0.439728 -3.056139 17.528929 -0.000001 0.000000 0.000002 0.662904 -1.177475 28.747938 -0.475748 -0.824238 4.399528 -2.057162 -7.913298 42.419013 -0.000001 0.000001 -0.000007 -85.042146 -7.638877 5.667068 72.357918 4.803158 -3.683594 -25.564922 11.757942 -18.983177 -1.729117 0.000010 0.000009 -0.000000 0.000001 0.000000 -97.709380 4.985336 -8.739076 85.190614 -7.985754 5.133828 -31.554910 -0.523202 -1.158907 0.028216 -0.000029 0.038810 -0.000000 -0.000002 -0.000000 
69.490219 76.740891 7.686295 485.454548 -34.897953 -205.624143 35.679006 -5.274631 0.531498 5.934264 -1.419194 0.832206 5.924833 -1.510221 0.967239 -4.401529 -0.932907 2.460903 -11.416916 -9.546272 11.201007 -0.000001 -0.000000 -0.000001 1.598386 -20.287234 -2.773433 -35.240846 -17.755043 -35.453299 177.884764 -114.925610 177.663097 45.790428 5.666610 32.094728 -72.527900 53.679672 -26.902447 -180.025072 187.264471 207.083686 -16.908430 -4.980083 16.258403 0.000002 0.000001 0.000001 5.302969 -4.672820 -8.871306 1.567253 2.914726 -14.272975 1.719739 3.034633 -15.472889 0.000002 -0.000001 -0.000001 0.158545 -0.900052 -15.477024 0.754372 4.762431 -21.295903 1.252869 5.514247 -30.337733 0.000002 0.000000 -0.000001 -0.373265 -0.954044 -30.494066 -0.899072 5.320099 -23.791168 -0.806132 4.559652 -20.733977 -0.000001 -0.000001 0.000002 0.258118 1.549214 -33.499373 -1.296893 3.958154 -17.611405 -1.188253 9.512678 -43.352976 0.000002 -0.000001 -0.000000 -0.127026 7.886959 -0.053842 -48.050234 15.453778 46.099805 -1.996526 63.762049 2.229363 12.166458 21.982503 -18.244067 -74.720917 -51.062672 29.114422 7.245135 11.724762 -32.884366 -18.584584 -6.035879 -20.959347 -0.000001 -0.000007 -0.000000 5.352443 5.587743 -0.910068 0.786391 -1.268482 7.096423 2.560010 -2.964135 20.426733 0.000000 0.000000 0.000002 0.078873 2.504781 5.909931 0.418322 -2.569008 14.593515 0.334416 -2.162532 12.008034 -0.000001 0.000001 -0.000000 0.078918 1.321674 19.909107 -0.443864 -3.181141 18.266648 -0.439194 -2.819857 16.183599 -0.000001 0.000001 -0.000000 0.683246 -1.178569 26.988914 -0.303780 -0.539682 2.737029 -2.091694 -7.591408 40.807717 0.000001 -0.000005 -0.000003 -87.961478 -8.727843 6.711389 77.333376 3.378414 -3.888766 -26.436343 10.263596 -19.438811 -1.747281 0.000031 0.000006 0.000000 -0.000001 -0.000000 -99.988751 4.919201 -8.317560 90.341252 -9.263405 5.394738 -32.798070 -0.965771 -0.850995 0.044615 -0.000065 0.057495 0.000000 -0.000001 0.000000 
70.218529 75.972244 7.497013 485.437609 -36.769292 -206.688027 35.278958 -6.553061 0.975735 5.506542 -1.745862 0.727422 5.497107 -1.822470 0.867453 -4.033498 -0.797492 2.045070 -12.653462 -9.825551 9.911941 -0.000000 -0.000000 -0.000001 1.490135 -20.369028 -3.576383 -35.441175 -18.421686 -34.335416 177.957423 -115.694894 177.728544 45.486642 5.312732 34.645103 -72.708313 53.508272 -26.600633 -180.016657 187.132976 206.823333 -16.830455 -5.094231 16.159051 -0.000001 0.000004 -0.000000 5.261630 -4.592673 -8.804038 1.560380 2.905230 -14.221460 1.712788 3.025427 -15.422144 0.000002 -0.000001 0.000001 0.160327 -0.898321 -15.419149 0.746295 4.740824 -21.184313 1.238656 5.486028 -30.184846 0.000000 -0.000000 -0.000000 -0.374075 -0.973250 -30.391709 -0.899951 5.293925 -23.669503 -0.806086 4.540354 -20.643796 -0.000001 0.000001 0.000004 0.227510 1.473478 -33.242814 -1.294162 3.942198 -17.541767 -1.198357 9.474428 -43.182908 -0.000001 -0.000001 -0.000001 0.193514 11.012854 -0.067967 -46.991094 15.100245 43.331188 -1.992550 63.716868 2.225803 8.688334 21.460789 -20.501311 -74.699040 -51.076308 29.210790 7.865194 12.272591 -32.923807 -18.575958 -6.498181 -20.606438 0.000002 -0.000002 0.000002 5.344827 5.642396 -1.593797 0.731993 -1.194943 6.643615 2.493080 -2.905961 19.981886 -0.000001 -0.000000 -0.000000 0.081504 2.650637 5.068209 0.370606 -2.407182 13.611411 0.302660 -2.041475 11.279501 -0.000001 -0.000002 0.000000 0.086313 1.410422 18.871114 -0.445925 -2.951462 16.959334 -0.434727 -2.630140 15.103298 0.000000 -0.000000 0.000002 0.689515 -1.172417 25.572793 -0.163731 -0.320921 1.437608 -2.112897 -7.330670 39.506767 0.000002 -0.000002 -0.000001 -88.622579 -8.763065 7.399660 78.263948 2.294497 -3.915863 -26.186535 8.523967 -19.576495 -1.385808 -0.000012 0.000013 -0.000000 0.000004 -0.000000 -100.144124 4.798184 -8.185504 92.270303 -10.991331 5.503187 -33.429828 -1.300644 -0.509927 0.055169 -0.000069 0.061950 -0.000000 -0.000001 0.000000 
70.884567 75.889343 7.039830 485.081346 -38.635337 -207.716325 35.246921 -7.625038 1.456740 5.143465 -2.028755 0.657084 5.133695 -2.095453 0.801591 -3.709477 -0.638529 1.549854 -14.104303 -9.937649 8.347324 0.000002 -0.000000 -0.000001 0.991417 -20.506566 -6.959201 -33.125574 -18.438960 -31.721813 177.980796 -115.952010 177.749499 45.911975 5.603143 32.626762 -72.923505 53.300857 -26.238505 -180.007928 186.999446 206.558840 -16.751259 -5.210439 16.058507 0.000003 0.000001 0.000001 5.219430 -4.511348 -8.735563 1.552073 2.893763 -14.159219 1.704414 3.014302 -15.360826 -0.000000 -0.000000 -0.000000 0.161875 -0.898781 -15.349776 0.736601 4.714692 -21.049566 1.224300 5.457329 -30.029599 0.000003 0.000000 0.000001 -0.375234 -0.996944 -30.268188 -0.900939 5.262306 -23.522533 -0.805966 4.517024 -20.534865 -0.000003 0.000000 -0.000000 0.196780 1.396397 -32.982307 -1.290814 3.922903 -17.457678 -1.210426 9.428210 -42.977490 0.000001 0.000002 -0.000003 0.918605 13.454172 -0.156354 -46.316998 15.495314 40.589181 -2.021006 64.036104 2.251259 5.784261 21.153186 -20.622735 -74.688515 -51.082773 29.256746 8.159537 12.533960 -32.965730 -18.575975 -6.715416 -20.458727 0.000001 -0.000003 -0.000001 5.339940 5.667830 -1.924568 0.705792 -1.159087 6.423842 2.463244 -2.879726 19.782613 0.000001 0.000003 0.000000 0.083448 2.719607 4.672672 0.349119 -2.330695 13.149064 0.288274 -1.984540 10.937759 -0.000002 -0.000001 0.000000 0.090118 1.449634 18.393416 -0.445118 -2.844997 16.353479 -0.431467 -2.542766 14.605530 0.000001 -0.000003 0.000001 0.692400 -1.174208 24.921461 -0.095938 -0.218847 0.824368 -2.120635 -7.211004 38.910642 0.000003 -0.000001 -0.000000 -88.329086 -8.303528 7.960312 77.551115 1.273503 -3.870903 -25.516101 6.871028 -19.561366 -0.595828 -0.000011 0.000005 0.000000 0.000001 -0.000000 -99.433279 4.619820 -8.142802 92.841832 -12.930818 5.548546 -33.807756 -1.485518 -0.159621 0.036394 -0.000085 0.063513 -0.000000 0.000000 0.000000 
71.510094 76.249718 6.385783 484.552580 -40.308802 -208.571069 35.093550 -8.329715 1.565278 4.853766 -2.196996 0.618062 4.843681 -2.261119 0.764392 -3.522972 -0.484694 0.954441 -15.511243 -10.144487 6.758167 0.000001 -0.000000 -0.000001 0.513303 -19.848055 -10.006265 -30.300799 -18.820895 -30.099537 177.967040 -115.800680 177.737177 46.637023 4.570196 33.760635 -73.180990 53.041958 -25.786988 -179.998215 186.853485 206.269828 -16.664719 -5.337704 15.949142 0.000000 0.000000 -0.000002 5.173262 -4.423147 -8.660859 1.541977 2.879796 -14.083466 1.694197 3.000697 -15.285977 0.000002 -0.000000 -0.000001 0.163230 -0.901701 -15.264419 0.724658 4.682250 -20.882371 1.208779 5.426102 -29.860819 0.000000 -0.000000 0.000001 -0.376858 -1.026940 -30.114567 -0.902070 5.223020 -23.339907 -0.805752 4.488045 -20.399405 -0.000003 -0.000001 -0.000003 0.164138 1.312870 -32.699797 -1.286665 3.899249 -17.354338 -1.225239 9.370503 -42.721402 0.000001 0.000000 0.000001 1.137021 14.271186 -0.199236 -43.737355 15.619222 38.815665 -2.020667 64.032655 2.250970 6.380852 22.668466 -20.864061 -74.686090 -51.084078 29.264109 8.204811 12.577039 -32.998150 -18.579129 -6.747436 -20.464671 -0.000002 -0.000001 0.000000 5.336889 5.670906 -1.986373 0.700816 -1.152246 6.381926 2.461152 -2.877886 19.768673 0.000001 0.000003 0.000001 0.083748 2.730250 4.615813 0.346017 -2.319479 13.081271 0.286282 -1.976475 10.889396 0.000002 -0.000004 0.000001 0.091134 1.451794 18.339780 -0.444940 -2.831876 16.278887 -0.431067 -2.532787 14.548610 -0.000000 -0.000003 -0.000001 0.695430 -1.180385 24.848889 -0.085699 -0.203623 0.732559 -2.121392 -7.198259 38.847213 0.000001 -0.000001 0.000000 -87.332336 -7.649283 8.327883 75.773709 0.368233 -3.782371 -24.612160 5.623691 -19.556363 0.000003 0.000008 0.000015 0.000000 0.000004 0.000000 -98.240667 4.413395 -8.158312 92.442751 -13.050022 5.546772 -34.139102 -2.953792 -0.887949 0.248786 -0.000007 0.031098 -0.000000 -0.000003 -0.000000 
72.067581 77.360306 5.392682 483.891199 -41.461038 -208.934025 34.350299 -8.157366 0.659247 4.717365 -2.088799 0.639588 4.707380 -2.166773 0.780959 -3.676728 -0.360353 0.144660 -16.669674 -10.757551 5.266578 0.000001 -0.000001 0.000003 0.151898 -18.790277 -12.700515 -27.294182 -19.099719 -29.274437 177.922972 -115.324807 177.697562 47.266726 3.074014 35.909699 -73.479851 52.724686 -25.234023 -179.986946 186.686255 205.939096 -16.565698 -5.483750 15.824679 -0.000001 -0.000003 0.000000 5.120425 -4.323198 -8.575593 1.530020 2.863172 -13.993468 1.682053 2.984465 -15.196783 -0.000001 -0.000001 0.000002 0.164493 -0.906874 -15.161174 0.710244 4.642725 -20.678975 1.191249 5.390536 -29.668877 -0.000003 -0.000000 0.000000 -0.378776 -1.063646 -29.926901 -0.903252 5.175085 -23.117248 -0.805429 4.452676 -20.234162 -0.000003 -0.000002 -0.000000 0.128131 1.218430 -32.379772 -1.281628 3.870785 -17.230165 -1.243021 9.299772 -42.407907 0.000000 -0.000001 0.000001 1.125113 14.359494 -0.200556 -40.322182 15.552235 37.617140 -1.999292 63.792963 2.231831 8.637929 24.928727 -21.670836 -74.684908 -51.084214 29.259991 8.182970 12.556672 -32.983328 -18.579504 -6.731769 -20.461835 0.000002 -0.000001 -0.000001 5.335659 5.666394 -1.956808 0.703245 -1.155575 6.402385 2.462238 -2.878837 19.775945 -0.000001 -0.000002 0.000000 0.083544 2.726359 4.643079 0.347501 -2.324848 13.113797 0.287228 -1.980255 10.912018 0.000004 0.000000 -0.000000 0.090652 1.450764 18.365443 -0.445017 -2.838143 16.314564 -0.431258 -2.537549 14.575776 -0.000001 -0.000002 0.000000 0.694930 -1.177315 24.883518 -0.090581 -0.210878 0.776380 -2.121009 -7.204391 38.877659 0.000000 -0.000001 0.000000 -85.206501 -6.865273 8.344728 72.305790 -0.112619 -3.631247 -22.940560 5.019915 -19.701167 -0.620386 0.000006 0.000003 0.000000 0.000003 -0.000000 -96.273046 4.083891 -8.197783 90.432914 -12.971518 5.463070 -34.202036 -3.981901 -1.913552 0.412382 -0.000018 0.002084 0.000000 -0.000001 0.000000 
72.606789 78.720230 4.309457 483.221349 -42.541143 -209.191537 33.384848 -7.782937 -0.386642 4.604258 -1.921364 0.667423 4.594556 -2.014079 0.801406 -3.825283 -0.256916 -0.644423 -17.790167 -11.376399 3.753833 0.000001 -0.000001 0.000001 -0.037559 -17.301964 -14.674346 -24.304455 -18.833263 -29.890141 177.820929 -114.283784 177.605259 47.238562 1.399229 37.905907 -73.809825 52.358905 -24.601040 -179.974296 186.502222 205.575239 -16.456762 -5.644886 15.688492 0.000003 0.000000 -0.000003 5.062140 -4.214030 -8.481886 1.516471 2.844320 -13.891403 1.668303 2.966021 -15.095507 0.000001 -0.000001 0.000003 0.165685 -0.913951 -15.043068 0.693865 4.597291 -20.445545 1.172181 5.351474 -29.458654 -0.000002 0.000000 0.000000 -0.380889 -1.106031 -29.711087 -0.904403 5.120022 -22.861505 -0.804919 4.412028 -20.044215 -0.000002 0.000000 0.000002 0.089784 1.115113 -32.029954 -1.275805 3.838349 -17.088520 -1.263001 9.218200 -42.047048 -0.000002 -0.000001 -0.000002 1.055172 14.215271 -0.189216 -36.463450 15.420218 36.849851 -1.919867 62.866427 2.161137 11.576869 26.461833 -22.213531 -74.684963 -51.083248 29.245224 8.098167 12.476612 -32.924442 -18.568337 -6.672699 -20.450387 0.000003 -0.000001 0.000001 5.336183 5.655293 -1.841452 0.712641 -1.168482 6.481349 2.466309 -2.882429 19.803136 0.000000 0.000000 0.000002 0.082908 2.708847 4.749278 0.353331 -2.345835 13.240434 0.290937 -1.995125 11.001262 -0.000000 -0.000002 0.000001 0.088725 1.446703 18.465510 -0.445328 -2.862599 16.453685 -0.432025 -2.556178 14.681908 0.000001 -0.000002 0.000003 0.691023 -1.165598 25.018758 -0.109635 -0.239265 0.947452 -2.119601 -7.228192 38.996210 -0.000001 0.000002 0.000003 -82.780670 -6.149009 8.209735 68.294413 -0.647819 -3.470420 -20.523192 4.603057 -19.953231 -2.285869 0.000014 0.000010 0.000000 -0.000001 -0.000000 -93.957093 3.712085 -8.279672 87.825789 -12.893994 5.349178 -34.101789 -4.868231 -2.985964 0.457684 0.000020 0.000007 -0.000000 -0.000001 0.000000 
73.125809 80.324615 3.177841 482.702364 -43.673698 -209.349191 32.295313 -7.387089 -1.492070 4.519182 -1.729724 0.604530 4.511132 -1.827859 0.727190 -3.911180 -0.236772 -1.113794 -18.896171 -11.860172 2.361913 0.000000 0.000000 -0.000001 -0.263672 -16.478666 -16.931214 -21.381943 -16.345765 -30.546054 177.640216 -112.625667 177.439995 47.495582 1.307645 35.876207 -74.160821 51.954527 -23.909081 -179.960417 186.305786 205.186888 -16.340580 -5.817414 15.543924 0.000000 0.000004 0.000003 4.999623 -4.098000 -8.381717 1.501707 2.823591 -13.779588 1.653230 2.945761 -14.984390 0.000001 -0.000001 -0.000003 0.166772 -0.922545 -14.913107 0.676037 4.547125 -20.188217 1.152044 5.309827 -29.234777 0.000001 0.000001 0.000000 -0.383127 -1.152857 -29.472977 -0.905397 5.059302 -22.579431 -0.804180 4.367198 -19.834682 -0.000005 -0.000003 0.000001 0.050083 1.004980 -31.657940 -1.269321 3.802723 -16.932816 -1.284424 9.128005 -41.648769 0.000006 0.000001 -0.000001 0.927311 13.771350 -0.164925 -31.850422 15.355988 36.799171 -1.731955 60.415243 1.996495 15.420703 26.259125 -21.675221 -74.686268 -51.081216 29.220564 7.954326 12.340501 -32.825029 -18.549334 -6.572614 -20.431071 -0.000000 -0.000001 0.000001 5.338364 5.637348 -1.645918 0.728574 -1.190255 6.614951 2.473147 -2.888458 19.848846 0.000004 -0.000003 0.000003 0.081947 2.678557 4.929248 0.363264 -2.381317 13.455024 0.297283 -2.020366 11.152756 0.000000 -0.000003 0.000001 0.085447 1.439820 18.635106 -0.445694 -2.904035 16.689468 -0.433255 -2.587751 14.861780 -0.000002 -0.000006 0.000000 0.683617 -1.145912 25.247986 -0.141712 -0.287509 1.237411 -2.117069 -7.268520 39.197025 0.000003 -0.000004 -0.000000 -80.267208 -5.588420 7.982168 64.047203 -1.339024 -3.323853 -16.669777 4.092087 -20.106328 -5.870407 0.000016 0.000010 0.000000 0.000003 0.000000 -91.136006 3.266331 -8.412288 84.618899 -12.559791 5.203536 -33.838632 -5.909812 -4.212428 0.002484 0.000001 -0.000001 0.000000 -0.000000 0.000000 
73.641624 82.371521 1.994450 482.811429 -45.032182 -209.084836 31.233547 -7.136458 -2.663555 4.510327 -1.519676 0.307285 4.507819 -1.598862 0.410481 -3.847616 -0.425511 -0.769937 -20.047343 -12.126568 1.218163 0.000001 -0.000001 -0.000001 -0.344522 -15.706754 -18.140192 -18.930774 -12.977044 -31.978949 177.396651 -110.704362 177.214230 47.752267 1.616452 32.280403 -74.524296 51.521633 -23.178320 -179.945500 186.101386 204.782745 -16.219713 -5.997559 15.394300 0.000007 0.000002 -0.000004 4.934186 -3.977670 -8.277280 1.485947 2.801467 -13.660199 1.637187 2.924091 -14.865755 0.000004 -0.000002 -0.000001 0.167780 -0.932359 -14.774387 0.657254 4.493412 -19.913242 1.131255 5.266437 -29.002056 -0.000000 0.000000 0.000000 -0.385361 -1.203059 -29.218453 -0.906084 4.994377 -22.277951 -0.803250 4.319259 -19.610732 0.000003 0.000001 0.000002 0.009953 0.890130 -31.271447 -1.262275 3.764674 -16.766504 -1.306656 9.031404 -41.223091 0.000002 0.000002 -0.000005 1.041074 14.490161 -0.195365 -26.172380 16.213489 36.301912 -1.488345 56.576742 1.789854 15.315041 24.002417 -20.385577 -74.689000 -51.078122 29.186624 7.755452 12.151743 -32.689060 -18.523193 -6.434390 -20.404511 0.000003 -0.000003 -0.000002 5.342125 5.612456 -1.375931 0.750633 -1.220274 6.799320 2.482572 -2.896734 19.911777 0.000001 0.000001 0.000001 0.080757 2.636435 5.177751 0.377246 -2.430290 13.751358 0.306175 -2.055227 11.362147 0.000002 0.000001 -0.000001 0.080833 1.430308 18.869306 -0.445953 -2.961267 17.015089 -0.434764 -2.631371 15.110221 -0.000001 -0.000001 -0.000000 0.672545 -1.118946 25.564580 -0.185623 -0.354410 1.637826 -2.113371 -7.324189 39.474378 -0.000001 0.000002 0.000001 -77.007945 -4.959132 7.768521 59.092666 -2.050930 -3.187769 -11.070860 3.263735 -20.144142 -11.064889 -0.000008 0.000001 0.000000 0.000002 0.000000 -87.167093 2.671962 -8.581208 80.410151 -12.737516 5.005065 -33.178016 -6.474507 -5.180202 0.002501 -0.000001 -0.000003 -0.000000 -0.000003 0.000000 
74.100525 84.625687 0.732338 482.595321 -46.461795 -209.175281 29.757649 -6.969591 -3.806126 4.477561 -1.319594 -0.077782 4.481451 -1.370863 0.003233 -3.711722 -0.654626 -0.175712 -20.937993 -12.101579 0.323158 0.000000 0.000001 -0.000003 -0.334405 -14.932633 -18.660842 -16.571880 -9.227703 -34.019072 177.086383 -108.667763 176.922691 48.127992 2.264914 28.494053 -74.892061 51.070062 -22.428362 -179.929886 185.893461 204.371390 -16.096799 -6.181473 15.242776 0.000004 -0.000002 -0.000003 4.867115 -3.855453 -8.170640 1.469539 2.778310 -13.535468 1.620499 2.901421 -14.741877 0.000000 -0.000001 0.000002 0.168690 -0.943033 -14.629869 0.637911 4.437383 -19.626719 1.110316 5.222181 -28.765236 0.000001 0.000001 -0.000001 -0.387544 -1.255450 -28.953353 -0.906478 4.926742 -21.963885 -0.802038 4.269339 -19.377423 -0.000003 -0.000001 0.000003 -0.029738 0.772628 -30.878080 -1.254823 3.725010 -16.592971 -1.329003 8.930631 -40.779935 -0.000001 0.000004 -0.000001 1.504834 14.270231 -0.015187 -25.033050 16.117517 40.215816 -1.186305 50.434414 1.548567 14.049858 23.983111 -15.557494 -74.693159 -51.073979 29.144301 7.505455 11.913694 -32.520778 -18.490545 -6.260896 -20.371381 0.000001 0.000000 0.000001 5.347467 5.581609 -1.037037 0.778442 -1.257840 7.030636 2.494374 -2.907072 19.990557 0.000002 -0.000000 -0.000002 0.079562 2.583261 5.489627 0.395149 -2.491621 14.123289 0.317514 -2.098950 11.625070 0.000001 0.000001 -0.000000 0.074919 1.418273 19.163228 -0.445785 -3.033074 17.423797 -0.436435 -2.686114 15.422053 0.000002 0.000002 0.000002 0.657547 -1.085479 25.961882 -0.240088 -0.438843 2.140374 -2.108310 -7.394010 39.822492 -0.000001 -0.000000 -0.000001 -73.361136 -4.248684 7.460981 53.125942 -2.764731 -3.085906 -4.739618 2.359857 -20.005696 -15.860411 0.000013 0.000014 -0.000000 0.000001 0.000000 -83.366017 2.006481 -9.154275 75.968376 -12.707505 4.963897 -31.215740 -7.146080 -5.835981 -0.537379 0.000015 0.000001 -0.000000 -0.000001 -0.000000 
74.355194 86.969688 -0.632469 481.041207 -48.040597 -210.599143 27.331806 -6.740160 -4.732050 4.302632 -1.176045 -0.336464 4.309203 -1.211374 -0.271584 -3.416093 -0.756287 0.110154 -20.556747 -11.818636 -0.197053 -0.000005 0.000003 -0.000003 -0.216421 -14.104798 -18.167246 -13.881554 -5.183689 -36.865731 176.685533 -106.548369 176.541211 48.447041 3.648813 25.783766 -75.257879 50.609899 -21.677388 -179.913740 185.686438 203.961511 -15.974409 -6.365312 15.092616 -0.000000 0.000001 -0.000001 4.799743 -3.733737 -8.063936 1.452784 2.754518 -13.407668 1.603439 2.878176 -14.615022 0.000004 -0.000002 -0.000000 0.169550 -0.954257 -14.482644 0.618531 4.380162 -19.334862 1.089582 5.177973 -28.529031 0.000004 -0.000001 0.000000 -0.389574 -1.308915 -28.683519 -0.906481 4.857849 -21.644072 -0.800606 4.218510 -19.139904 -0.000002 -0.000002 0.000003 -0.068212 0.654659 -30.485474 -1.247072 3.684486 -16.415646 -1.350938 8.827952 -40.329323 -0.000001 -0.000000 0.000000 1.307745 14.315481 2.071260 -21.762123 16.699968 42.393242 -0.927830 43.518656 1.361400 11.575514 24.452542 -10.541868 -74.698692 -51.068867 29.094304 7.208247 11.629648 -32.324632 -18.452125 -6.054946 -20.332269 0.000006 -0.000001 0.000000 5.354364 5.545390 -0.634790 0.811638 -1.302199 7.304947 2.508379 -2.919318 20.083828 -0.000001 0.000001 -0.000001 0.078506 2.520012 5.859687 0.416881 -2.564258 14.564588 0.331268 -2.150780 11.937202 -0.000002 0.000002 0.000001 0.067731 1.403880 19.511993 -0.444961 -3.118286 17.908753 -0.437993 -2.751095 15.792058 0.000001 0.000001 0.000000 0.638249 -1.046337 26.433339 -0.303733 -0.539624 2.736570 -2.101757 -7.476820 40.235599 -0.000000 0.000001 0.000005 -70.615864 -3.183797 6.128307 47.693561 -2.157761 -2.805706 1.147193 1.504910 -17.715158 -14.309872 0.000001 -0.000003 0.000000 -0.000002 -0.000000 -80.538982 1.309414 -10.398945 71.879429 -12.737948 5.206462 -27.387064 -8.062053 -5.617688 -3.108177 0.003691 -0.185863 0.000000 0.000003 0.000000 
74.572487 89.352615 -2.029334 479.455183 -49.812344 -212.337836 25.036895 -6.521405 -5.465859 4.091920 -1.075974 -0.493022 4.099446 -1.103446 -0.439205 -3.031287 -0.755751 0.167011 -19.701267 -11.276250 -0.431974 0.000000 -0.000001 -0.000001 -0.130348 -13.228069 -17.903516 -10.934807 -1.655090 -39.487021 176.162477 -104.400090 176.037703 48.362227 4.821102 24.020696 -75.615863 50.150999 -20.943443 -179.897402 185.484715 203.561699 -15.855154 -6.545143 14.946877 0.000001 0.000003 -0.000001 4.733501 -3.614936 -7.959310 1.435961 2.730543 -13.278946 1.586346 2.854755 -14.487454 -0.000001 -0.000001 0.000000 0.170346 -0.965652 -14.335645 0.599481 4.322991 -19.043817 1.069517 5.134672 -28.298201 0.000002 0.000000 0.000001 -0.391432 -1.362278 -28.414900 -0.906097 4.789204 -21.325411 -0.798985 4.167875 -18.903276 -0.000001 -0.000001 0.000001 -0.104749 0.538372 -30.101275 -1.239174 3.643895 -16.237885 -1.371928 8.725621 -39.881136 0.000000 0.000001 0.000002 1.300524 14.349517 2.169689 -18.211873 16.975315 45.085379 -0.731912 36.952874 1.236666 8.449107 25.444873 -7.135549 -74.705809 -51.062750 29.037275 6.867752 11.302846 -32.105086 -18.408652 -5.819389 -20.287877 0.000003 -0.000003 -0.000002 5.362832 5.504041 -0.174879 0.849809 -1.352712 7.618488 2.524386 -2.933259 20.190277 0.000001 0.000003 0.000001 0.077815 2.447608 6.282723 0.442414 -2.647074 15.069153 0.347309 -2.209965 12.294156 0.000003 0.000002 0.000001 0.059278 1.387285 19.910681 -0.443085 -3.215682 18.463241 -0.439262 -2.825393 16.215112 -0.000002 -0.000001 -0.000004 0.615358 -1.001894 26.972393 -0.375226 -0.655609 3.418059 -2.093549 -7.571435 40.707910 0.000001 -0.000001 0.000003 -67.591197 -1.974698 4.548480 42.225971 -1.180336 -2.417203 7.036629 0.685831 -14.381742 -13.923231 0.211700 -3.336997 -0.000000 -0.000000 0.000000 -77.895193 0.402757 -11.905520 68.131233 -12.800704 5.614126 -22.247212 -8.971660 -4.732955 -7.638220 0.063838 -1.065466 -0.000000 0.000000 0.000000 
74.883286 91.765244 -3.429126 479.403656 -52.109371 -213.398250 24.073581 -6.391966 -5.833257 3.915663 -1.049834 -0.469453 3.922710 -1.081723 -0.417634 -2.535929 -0.575939 -0.154780 -18.706298 -10.231156 -0.202857 -0.000001 -0.000000 0.000001 -0.119224 -12.152413 -18.795607 -7.378746 0.450640 -40.237546 175.453886 -102.236041 175.348769 46.870237 4.568182 24.015485 -75.961737 49.703358 -20.243251 -179.881283 185.292732 203.180670 -15.741523 -6.717001 14.808620 0.000003 0.000004 -0.000005 4.669738 -3.501419 -7.858968 1.419366 2.706782 -13.151615 1.569518 2.831577 -14.361465 -0.000001 -0.000001 -0.000000 0.171051 -0.976893 -14.191987 0.581169 4.267112 -18.759712 1.050487 5.093184 -28.077497 0.000001 -0.000001 0.000001 -0.393099 -1.414418 -28.153254 -0.905364 4.722272 -21.014709 -0.797175 4.118536 -18.672626 -0.000001 -0.000001 0.000003 -0.138752 0.425978 -29.733091 -1.231290 3.604019 -16.063198 -1.391582 8.625936 -39.445306 -0.000001 0.000002 0.000001 1.290290 15.112212 2.757512 -13.895022 17.690144 46.516788 -0.620197 32.615127 1.174238 7.679657 23.069633 -2.674262 -74.714524 -51.055726 28.974106 6.487836 10.936651 -31.866784 -18.360778 -5.557152 -20.238841 -0.000001 -0.000003 0.000000 5.372834 5.458370 0.337125 0.892610 -1.408673 7.967331 2.542202 -2.948713 20.308546 0.000001 0.000002 -0.000001 0.077675 2.366959 6.753578 0.471706 -2.738977 15.630755 0.365619 -2.275732 12.691585 0.000001 -0.000000 0.000002 0.049594 1.368645 20.354411 -0.439932 -3.324062 19.080443 -0.440048 -2.908094 16.685990 -0.000002 -0.000002 -0.000004 0.588116 -0.953166 27.572401 -0.453151 -0.785745 4.176427 -2.083459 -7.676623 41.233722 -0.000000 0.000002 0.000003 -64.562199 -0.910714 3.506620 39.567443 0.455086 -2.210459 9.223512 0.317505 -10.651596 -7.065390 0.053622 -1.688415 -0.000001 -0.000000 -0.000000 -74.267297 -1.016639 -13.090144 64.589165 -12.713698 6.067835 -16.650890 -9.997677 -3.812757 -11.854505 0.162576 -1.877142 -0.000000 -0.000001 0.000000 
75.045403 94.284271 -4.965926 478.019477 -54.369091 -215.659507 22.326828 -6.115944 -6.400214 3.612380 -0.984787 -0.504174 3.619066 -1.017310 -0.458655 -1.864176 -0.541890 -0.081779 -17.434678 -9.723824 -0.020517 -0.000001 -0.000002 0.000001 -0.069972 -11.621588 -18.716329 -3.285475 2.265304 -41.450874 174.361137 -99.925203 174.276908 49.371899 3.360286 22.310936 -76.291929 49.276823 -19.593036 -179.865723 185.114901 202.827030 -15.636204 -6.876853 14.680786 0.000002 0.000001 -0.000001 4.609989 -3.395550 -7.765108 1.403277 2.683651 -13.027835 1.553275 2.809084 -14.239344 0.000003 -0.000001 0.000001 0.171731 -0.987669 -14.054658 0.563969 4.213717 -18.488764 1.032892 5.054410 -27.871620 0.000003 0.000000 0.000000 -0.394546 -1.464168 -27.904511 -0.904313 4.658519 -20.718779 -0.795293 4.071574 -18.453124 -0.000002 -0.000000 -0.000001 -0.169624 0.319708 -29.388552 -1.223581 3.565633 -15.894921 -1.409492 8.531170 -39.031741 0.000001 -0.000000 -0.000002 1.189843 15.310771 3.829512 -9.648467 17.905437 48.712974 -0.526584 28.628902 1.127746 9.811628 22.018979 -2.218736 -74.724954 -51.047748 28.905439 6.072385 10.534360 -31.614203 -18.309230 -5.270988 -20.185781 -0.000000 0.000001 -0.000002 5.384382 5.409038 0.895616 0.939657 -1.469371 8.347675 2.561602 -2.965479 20.437285 -0.000000 0.000002 -0.000000 0.078264 2.278940 7.267043 0.504672 -2.838841 16.243247 0.386104 -2.347326 13.125160 -0.000000 -0.000000 0.000003 0.038691 1.348069 20.838251 -0.435126 -3.442175 19.753551 -0.440125 -2.998298 17.199536 0.000001 -0.000004 -0.000003 0.556086 -0.901008 28.226704 -0.536180 -0.928804 5.003287 -2.071355 -7.791237 41.807219 -0.000001 0.000003 0.000001 -63.818658 0.243765 2.119579 40.562615 3.617973 -2.315734 8.939620 0.057048 -6.645450 0.785395 0.000022 0.000006 -0.000001 0.000002 0.000002 -70.814875 -2.322583 -14.128409 60.526992 -12.614440 6.426669 -10.414164 -11.552569 -1.910906 -16.045889 0.376150 -3.173512 -0.000000 0.000002 -0.000000 
75.136902 96.793983 -6.493005 476.215105 -56.581728 -218.387922 20.543604 -5.690295 -6.944366 3.299297 -0.894003 -0.505035 3.305256 -0.928988 -0.466088 -1.197309 -0.548906 0.019276 -16.089564 -9.630121 0.183849 0.000003 0.000000 -0.000002 -0.019657 -11.252164 -18.421807 0.834964 2.884358 -42.241278 171.543179 -96.670113 171.488305 49.161721 4.513940 20.519218 -76.603638 48.881150 -19.008644 -179.851134 184.955635 202.509453 -15.541663 -7.020619 14.566362 0.000001 -0.000000 -0.000002 4.555676 -3.299658 -7.679948 1.388011 2.661567 -12.909852 1.537845 2.787689 -14.123351 -0.000002 -0.000000 -0.000000 0.172360 -0.997624 -13.926720 0.548206 4.164038 -18.237083 1.017074 5.019274 -27.685347 0.000000 -0.000001 0.000001 -0.395805 -1.510396 -27.674489 -0.903052 4.599439 -20.444532 -0.793368 4.028084 -18.249835 -0.000001 -0.000002 -0.000000 -0.196861 0.221774 -29.075221 -1.216224 3.529518 -15.736505 -1.425449 8.443635 -38.650391 -0.000001 0.000000 -0.000000 1.098036 15.739022 4.876180 -5.995606 16.404909 50.553129 -0.510732 27.919670 1.120431 15.120333 22.484330 -1.745916 -74.737077 -51.038927 28.831960 5.625304 10.099458 -31.351798 -18.254691 -4.963820 -20.129363 0.000003 -0.000001 -0.000001 5.397455 5.356622 1.494979 0.990551 -1.534108 8.755629 2.582454 -2.983407 20.575158 0.000004 0.000004 0.000005 0.079772 2.184476 7.817923 0.541217 -2.945600 16.900473 0.408705 -2.423985 13.590491 0.000003 0.000001 0.000001 0.026608 1.325725 21.357368 -0.428450 -3.568847 20.475826 -0.439286 -3.095064 17.750584 0.000000 0.000001 0.000000 0.519104 -0.846271 28.928686 -0.622951 -1.083618 5.890257 -2.057075 -7.914022 42.422664 -0.000000 -0.000003 0.000001 -63.979734 1.411258 0.771147 43.594061 7.263783 -2.610164 7.441361 -0.044839 -3.177532 6.334420 -0.000015 -0.000003 -0.000003 0.000001 -0.000002 -67.003275 -3.524337 -14.704687 55.871972 -12.835583 6.577409 -4.054538 -13.036826 0.767726 -19.741304 0.709062 -4.745965 -0.000000 0.000002 -0.000000 
75.155876 99.143028 -7.851272 474.898900 -58.813536 -220.874302 19.425067 -5.001537 -7.249330 3.083115 -0.764931 -0.346034 3.087100 -0.811652 -0.310211 -0.720210 -0.533340 -0.190235 -14.794903 -10.254492 0.494932 0.000000 0.000001 0.000000 -0.021380 -10.889190 -18.881382 4.870137 2.080580 -41.946483 163.055754 -93.378036 163.030919 49.309902 6.704977 17.598715 -76.894673 48.526220 -18.505277 -179.837952 184.819332 202.236615 -15.460536 -7.144167 14.468212 0.000002 0.000005 -0.000000 4.508357 -3.216056 -7.605715 1.373799 2.640955 -12.799930 1.523592 2.767805 -14.015748 0.000001 -0.000001 -0.000000 0.172955 -1.006418 -13.811165 0.534229 4.119314 -18.010811 1.003401 4.988685 -27.523388 -0.000001 0.000001 0.000000 -0.397430 -1.553337 -27.469423 -0.901676 4.546495 -20.198737 -0.791536 3.989157 -18.067896 -0.000000 0.000001 -0.000002 -0.218739 0.133814 -28.800896 -1.209394 3.496429 -15.591321 -1.439103 8.365661 -38.311074 0.000001 0.000003 0.000002 1.106144 15.384566 4.658328 -2.108343 15.591368 52.405364 -0.558622 30.029535 1.142995 17.671745 21.832457 -2.888776 -74.750874 -51.029214 28.754670 5.150487 9.635487 -31.083894 -18.197808 -4.638503 -20.070164 0.000000 -0.000001 -0.000001 5.411987 5.301748 2.129654 1.044896 -1.602203 9.187292 2.604526 -3.002275 20.720823 0.000003 -0.000003 -0.000004 0.082404 2.084441 8.401046 0.581246 -3.058107 17.596196 0.433297 -2.504956 14.083264 0.000001 -0.000000 -0.000001 0.013370 1.301779 21.906792 -0.419609 -3.702833 21.240474 -0.437394 -3.197478 18.333920 -0.000001 0.000001 0.000002 0.477239 -0.789654 29.671773 -0.712185 -1.248931 6.828931 -2.040524 -8.043816 43.074294 0.000001 0.000003 -0.000001 -64.952401 2.550550 -0.263295 49.357703 11.010758 -3.216502 5.171249 0.246926 -1.209453 9.450398 -0.000003 -0.000001 0.000002 0.000001 0.000002 -62.801909 -4.296554 -14.647706 51.194815 -12.771546 6.384400 2.597243 -14.558652 4.411640 -23.102283 1.108234 -6.559863 -0.000000 -0.000003 0.000000 
75.312790 101.567268 -9.040109 474.881634 -61.717774 -222.360128 19.689246 -4.515595 -7.341042 3.062721 -0.666650 -0.322344 3.066039 -0.716272 -0.289433 -0.421559 -0.562383 -0.109150 -13.621304 -10.344882 0.607032 0.000000 0.000001 -0.000000 0.028534 -10.851224 -18.166326 8.351965 0.743624 -42.334079 115.158806 -91.088974 115.158055 50.822078 6.112712 13.686518 -77.162710 48.221819 -18.098348 -179.826668 184.710431 202.017161 -15.395327 -7.243486 14.389221 0.000001 0.000000 -0.000003 4.469497 -3.147063 -7.544656 1.360951 2.622243 -12.700236 1.510793 2.749865 -13.918843 0.000000 0.000000 0.000000 0.173529 -1.013732 -13.711048 0.522326 4.080787 -17.816142 0.992266 4.963539 -27.390413 0.000001 -0.000001 0.000000 -0.398794 -1.590136 -27.294735 -0.900318 4.501154 -19.988296 -0.789863 3.955905 -17.912381 0.000002 0.000001 -0.000001 -0.235039 0.058181 -28.573138 -1.203284 3.467169 -15.462780 -1.450322 8.299533 -38.023708 -0.000001 -0.000001 0.000003 1.097496 15.157255 4.645306 1.650143 14.435422 53.689006 -0.669861 34.600581 1.201110 17.958794 21.355374 -2.877157 -74.766502 -51.018696 28.674053 4.651821 9.146135 -30.814450 -18.139220 -4.297902 -20.008831 0.000000 0.000001 -0.000001 5.427906 5.244999 2.794018 1.102295 -1.673001 9.638864 2.627602 -3.021923 20.872928 0.000003 0.000001 0.000001 0.086192 1.979751 9.011261 0.624620 -3.175311 18.324322 0.459779 -2.589451 14.599068 0.000000 0.000001 0.000000 -0.000917 1.276338 22.481680 -0.408470 -3.842858 22.040701 -0.434305 -3.304627 18.944395 0.000002 0.000001 -0.000000 0.430368 -0.731972 30.449342 -0.802675 -1.423444 7.810960 -2.021573 -8.179435 43.756337 0.000000 0.000002 -0.000001 -65.078814 3.603820 -1.386963 55.776940 12.270125 -3.588915 3.672756 2.759437 -0.723492 8.919319 -0.000023 -0.000004 0.000001 -0.000000 0.000001 -58.395037 -4.442559 -14.310915 47.675263 -12.048291 5.659813 11.050443 -12.067485 6.471762 -24.228052 1.478201 -8.094306 0.000000 -0.000003 0.000001 
75.471741 103.832115 -10.185887 474.887863 -64.720919 -223.891019 20.153962 -4.140240 -7.231995 3.088821 -0.604490 -0.289649 3.091715 -0.656143 -0.257979 -0.167242 -0.568744 -0.028975 -12.598413 -10.144106 0.588940 0.000001 -0.000003 0.000002 0.105945 -10.781142 -17.052401 11.196815 -1.093341 -42.222532 23.524160 -92.468556 23.548493 50.774079 5.075351 11.190883 -77.405865 47.977913 -17.802789 -179.816929 184.633004 201.859916 -15.348606 -7.314386 14.332238 -0.000000 0.000001 0.000001 4.440646 -3.094989 -7.499021 1.349761 2.605841 -12.613023 1.499710 2.734322 -13.834885 -0.000001 0.000000 0.000000 0.174052 -1.019198 -13.629380 0.512852 4.049696 -17.659203 0.983990 4.944772 -27.291269 0.000002 -0.000000 -0.000001 -0.399903 -1.619541 -27.156306 -0.899117 4.464908 -19.819986 -0.788475 3.929389 -17.788403 -0.000001 -0.000001 0.000000 -0.245185 -0.002899 -28.399583 -1.198064 3.442477 -15.354356 -1.458878 8.247589 -37.798164 0.000001 -0.000001 -0.000002 1.101422 15.448597 4.729214 5.063579 13.937493 54.097714 -0.839987 40.731628 1.303328 17.408125 20.159071 -1.364998 -74.784185 -51.007340 28.590865 4.133277 8.635190 -30.547382 -18.079600 -3.944860 -19.945901 -0.000002 0.000000 0.000001 5.445124 5.186938 3.482480 1.162324 -1.745795 10.106464 2.651507 -3.042148 21.030149 0.000001 0.000003 0.000001 0.091323 1.871325 9.643336 0.671058 -3.296103 19.078607 0.488048 -2.676758 15.133609 0.000002 -0.000002 0.000001 -0.016254 1.249606 23.077114 -0.394836 -3.987739 22.869748 -0.429901 -3.415553 19.576784 0.000001 0.000005 -0.000001 0.378474 -0.673992 31.254744 -0.893223 -1.605849 8.827999 -2.000249 -8.319625 44.463029 -0.000002 -0.000001 0.000001 -64.465217 4.981964 -1.635937 61.413728 12.409708 -4.432414 3.202779 3.184646 0.655727 8.280594 -0.000030 0.000012 -0.000001 0.000000 0.000001 -54.293713 -4.269663 -13.803175 45.004533 -11.799375 4.738158 19.383983 -7.215999 7.727978 -23.381898 1.586699 -9.030938 -0.000001 -0.000001 -0.000000 
75.432625 105.544357 -11.367201 473.429207 -67.286434 -226.811294 19.838797 -3.889081 -6.747730 3.058318 -0.619970 -0.094519 3.060129 -0.679715 -0.059562 0.132662 -0.462572 -0.242135 -11.900922 -9.620263 0.372370 -0.000000 -0.000001 0.000000 0.107798 -10.872359 -16.932099 14.537685 -2.870927 -41.575990 10.533385 -95.377595 10.584742 50.118569 5.745978 10.696084 -77.621610 47.804614 -17.633744 -179.810672 184.592023 201.773227 -15.322956 -7.352795 14.300210 0.000003 0.000000 -0.000003 4.423317 -3.062143 -7.471062 1.340472 2.592193 -12.540505 1.490660 2.721583 -13.766142 -0.000002 -0.000002 0.000000 0.174573 -1.022522 -13.569200 0.506068 4.027287 -17.546140 0.978948 4.933287 -27.230639 -0.000001 0.000000 -0.000000 -0.400734 -1.640318 -27.059994 -0.898211 4.439209 -19.700678 -0.787442 3.910725 -17.701081 -0.000001 0.000001 -0.000002 -0.248542 -0.047320 -28.287869 -1.193937 3.423142 -15.269410 -1.464630 8.212139 -37.644349 0.000001 0.000001 0.000003 1.188316 15.615476 3.989295 8.364483 13.622712 55.244052 -1.054322 47.126266 1.450277 14.429637 17.574497 -0.847828 -74.803747 -50.995176 28.505964 3.598753 8.106674 -30.286186 -18.019444 -3.582283 -19.881946 -0.000001 -0.000001 -0.000001 5.463584 5.128163 4.189429 1.224483 -1.819961 10.586173 2.676061 -3.062822 21.191109 -0.000000 0.000001 -0.000001 0.097828 1.760077 10.292106 0.720405 -3.419436 19.852932 0.517911 -2.766120 15.682497 0.000001 0.000000 0.000002 -0.032498 1.221746 23.688189 -0.378681 -4.136216 23.720824 -0.424096 -3.529353 20.226012 -0.000000 -0.000003 0.000001 0.321838 -0.616391 32.081405 -0.982789 -1.794686 9.871666 -1.976554 -8.463211 45.188576 0.000000 0.000000 -0.000001 -64.780554 5.940352 -1.889018 67.591675 12.566061 -5.018848 2.478172 2.479936 1.190687 7.804111 0.000001 -0.000016 -0.000001 -0.000000 -0.000001 -51.679974 -3.582782 -13.177535 44.187257 -10.870955 3.750804 26.025522 -2.318539 9.056041 -21.601496 1.082256 -7.328650 -0.000004 0.000002 -0.000000 
75.408554 107.305008 -12.556266 471.586641 -69.491321 -230.813402 19.620084 -3.209201 -5.804162 3.077985 -0.545146 0.114727 3.078376 -0.610161 0.149615 0.182790 -0.313386 -0.425728 -11.142950 -8.597826 1.213001 -0.000000 -0.000001 0.000000 0.137920 -11.090482 -16.273711 17.205344 -5.335681 -41.181277 7.074861 -97.953635 7.149522 50.709309 6.666966 9.629631 -77.810198 47.706959 -17.598782 -179.808268 184.590493 201.762873 -15.320075 -7.355988 14.295031 0.000003 0.000005 -0.000000 4.418530 -3.050071 -7.462230 1.333155 2.581463 -12.483509 1.483739 2.711813 -13.713491 0.000002 -0.000001 0.000001 0.175099 -1.023560 -13.531909 0.502098 4.014132 -17.479788 0.977378 4.929674 -27.211609 0.000002 0.000000 0.000001 -0.401342 -1.651861 -27.008499 -0.897664 4.424753 -19.633585 -0.786880 3.900408 -17.652829 -0.000001 -0.000001 -0.000001 -0.244762 -0.073695 -28.242928 -1.191021 3.409481 -15.209346 -1.467459 8.194300 -37.566990 0.000001 0.000001 0.000001 1.190325 15.510246 3.921098 11.066624 13.911932 55.873440 -1.309056 53.147102 1.644228 12.011778 13.441541 -3.105648 -74.825528 -50.982243 28.419876 3.052287 7.564635 -30.033984 -17.959349 -3.213038 -19.817522 -0.000001 0.000001 -0.000003 5.483078 5.069107 4.909254 1.288374 -1.894862 11.074166 2.701006 -3.083704 21.354462 0.000002 0.000004 0.000004 0.105744 1.646877 10.952396 0.772349 -3.544231 20.641025 0.549169 -2.856776 16.241350 0.000001 0.000002 -0.000002 -0.049585 1.192918 24.310016 -0.359944 -4.287044 24.587102 -0.416856 -3.645120 20.886782 -0.000002 -0.000001 0.000001 0.260689 -0.559860 32.922649 -1.070434 -1.988507 10.933636 -1.950502 -8.608999 45.927172 0.000000 0.000002 -0.000001 -65.000008 6.678156 -1.262409 73.246225 12.707569 -5.546857 1.779431 0.155373 1.480884 7.573038 -0.000022 0.000002 -0.000001 0.000000 -0.000000 -48.743058 -3.041889 -11.559463 42.703132 -9.068137 2.556718 31.128007 1.595515 10.889247 -17.694652 0.202861 -3.056746 0.000000 0.000001 -0.000000 
75.438957 108.804382 -13.693962 468.312084 -71.410249 -236.167123 19.240563 -2.939911 -4.850075 3.004826 -0.558429 0.248442 3.004156 -0.621604 0.283406 0.358799 -0.317404 -0.226179 -10.699032 -7.984447 0.999679 -0.000003 0.000000 -0.000000 0.177747 -11.544880 -15.337120 19.495766 -7.205438 -41.151179 5.491744 -100.193548 5.586634 51.465376 7.025448 10.167358 -77.975065 47.679761 -17.687915 -179.807981 184.625833 201.825355 -15.338807 -7.325713 14.315358 0.000001 0.000003 -0.000001 4.425644 -3.057668 -7.471541 1.327660 2.573369 -12.440460 1.478737 2.704738 -13.675397 0.000004 -0.000000 -0.000000 0.175610 -1.022574 -13.515624 0.500729 4.009485 -17.456435 0.979058 4.933544 -27.232043 0.000001 -0.000000 -0.000000 -0.401773 -1.655002 -26.998425 -0.897508 4.420664 -19.614596 -0.786712 3.897793 -17.640608 -0.000002 -0.000001 -0.000000 -0.234259 -0.083073 -28.261248 -1.189191 3.400987 -15.172056 -1.467709 8.192750 -37.560269 0.000001 -0.000000 -0.000002 1.125975 15.662556 4.587976 13.617489 14.743076 55.271540 -1.594195 58.348189 1.878547 9.278680 6.188630 -5.507654 -74.849386 -50.968552 28.333616 2.497860 7.013278 -29.793623 -17.899872 -2.840004 -19.753126 -0.000003 -0.000001 -0.000002 5.503443 5.010334 5.636403 1.353440 -1.969858 11.566575 2.726210 -3.104639 21.518870 0.000000 -0.000000 -0.000003 0.115043 1.532670 11.619018 0.826496 -3.669450 21.436820 0.581675 -2.948054 16.805844 0.000003 -0.000001 -0.000005 -0.067399 1.163342 24.937722 -0.338722 -4.438996 25.461840 -0.408204 -3.761882 21.554009 -0.000001 -0.000002 0.000001 0.195367 -0.504949 33.771922 -1.155224 -2.185825 12.005660 -1.922301 -8.755806 46.673087 0.000001 -0.000000 -0.000002 -65.003600 7.026321 -0.464909 77.342754 10.793550 -5.916516 1.641858 0.002803 2.143111 6.090672 0.000020 -0.000031 0.000004 -0.000001 -0.000001 -46.264601 -1.663027 -9.579592 41.691581 -5.978408 0.970294 32.297540 2.544017 14.458950 -17.390594 0.000017 0.000020 0.000001 0.000000 -0.000001 
75.492546 110.206009 -14.934748 463.472048 -73.388095 -243.128616 19.111139 -2.899269 -3.822151 2.936805 -0.633479 0.435018 2.934122 -0.697726 0.473085 0.454333 -0.282059 -0.123998 -10.338826 -7.345873 0.747400 -0.000001 0.000001 -0.000001 0.207822 -11.821223 -14.737663 21.266118 -8.779079 -40.994010 4.492235 -102.390717 4.606972 51.573638 7.422768 10.275973 -78.117324 47.717874 -17.891081 -179.810276 184.695241 201.954501 -15.377404 -7.264764 14.359151 0.000000 0.000001 -0.000002 4.443689 -3.083302 -7.497483 1.323791 2.567653 -12.410257 1.475489 2.700130 -13.650643 0.000003 -0.000001 -0.000001 0.175904 -1.020679 -13.518844 0.501672 4.012681 -17.472478 0.983780 4.944282 -27.288706 0.000002 0.000000 -0.000001 -0.402099 -1.650485 -27.026336 -0.897718 4.426082 -19.639710 -0.786976 3.902231 -17.661416 -0.000001 -0.000001 0.000000 -0.217654 -0.076828 -28.337678 -1.188381 3.397239 -15.155539 -1.465570 8.206145 -37.618339 0.000002 -0.000000 0.000002 1.090138 15.844386 4.988725 13.912723 14.392225 55.480039 -1.834709 61.804032 2.086053 9.159038 0.490495 -6.804296 -74.875477 -50.954099 28.247702 1.939572 6.457038 -29.567541 -17.841467 -2.466094 -19.689325 -0.000002 0.000001 -0.000002 5.524536 4.952271 6.365233 1.419217 -2.044344 12.059478 2.751406 -3.125496 21.683008 0.000002 0.000003 -0.000000 0.125688 1.418360 12.286832 0.882487 -3.794120 22.233984 0.615113 -3.039154 17.371589 -0.000003 -0.000001 -0.000002 -0.085771 1.133236 25.566365 -0.315143 -4.590860 26.338208 -0.398160 -3.878719 22.222400 -0.000001 0.000002 -0.000001 0.126465 -0.452203 34.622601 -1.236470 -2.385006 13.079295 -1.892112 -8.902445 47.420439 0.000001 0.000000 -0.000001 -64.514702 7.453154 0.318117 80.122395 10.948698 -6.035321 0.743650 -0.058368 2.634894 5.675800 -0.000031 -0.000025 0.000002 0.000000 0.000000 -44.241287 -0.817055 -7.854015 41.876918 -4.394930 -0.127070 28.755069 2.050056 13.934277 -18.481797 0.000023 0.000026 0.000001 -0.000002 -0.000000 
75.551315 111.474014 -16.164066 456.841711 -75.080923 -251.860712 18.977790 -2.954495 -2.757453 2.861047 -0.735258 0.633097 2.855912 -0.801042 0.675109 0.497437 -0.221939 -0.087151 -10.058799 -6.643151 0.455889 -0.000001 0.000001 0.000000 0.196767 -11.946657 -14.808468 22.396113 -10.331389 -40.560573 3.766476 -104.677738 3.901965 51.524632 7.199708 8.132507 -78.237522 47.816361 -18.198318 -179.814880 184.795781 202.144489 -15.434115 -7.175951 14.424494 -0.000000 0.000005 -0.000000 4.471628 -3.125431 -7.538592 1.321418 2.564147 -12.391610 1.473830 2.697786 -13.637977 0.000005 -0.000002 0.000001 0.176308 -1.016470 -13.539436 0.504754 4.022967 -17.524343 0.991270 4.961265 -27.378417 0.000001 -0.000001 -0.000001 -0.403044 -1.640820 -27.089193 -0.898242 4.440121 -19.704875 -0.787582 3.913092 -17.712173 0.000002 0.000000 0.000001 -0.195450 -0.056447 -28.467076 -1.188514 3.397790 -15.157959 -1.461232 8.233086 -37.735241 -0.000001 -0.000001 -0.000003 1.095598 15.463285 4.790048 12.784860 14.225169 56.004242 -1.947987 63.201352 2.186100 14.146266 -1.498803 -5.304685 -74.904069 -50.938929 28.162818 1.381551 5.900316 -29.357686 -17.784588 -2.094153 -19.626472 -0.000001 -0.000001 -0.000001 5.546131 4.895343 7.090161 1.485161 -2.117788 12.549072 2.776417 -3.146046 21.845493 0.000000 0.000003 0.000001 0.137609 1.304826 12.950633 0.939847 -3.917199 23.026381 0.649290 -3.129423 17.934238 0.000004 -0.000001 0.000003 -0.104579 1.102784 26.191098 -0.289365 -4.741398 27.209437 -0.386843 -3.994723 22.886835 -0.000003 0.000001 0.000001 0.054597 -0.402077 35.468073 -1.313497 -2.584470 14.146278 -1.860177 -9.047786 48.163434 0.000001 0.000001 0.000000 -63.914984 7.611503 0.887253 82.463811 11.002455 -5.985323 0.139325 -0.093381 2.645983 4.691488 -0.000018 -0.000004 0.000006 0.000001 -0.000000 -42.147612 -0.057822 -6.373582 41.557873 -2.829544 -1.198177 25.279532 1.506556 12.895814 -16.303363 0.000036 0.000013 -0.000000 0.000002 0.000001 
75.577698 112.412285 -17.299549 448.564559 -76.082720 -262.101843 18.572382 -3.092468 -1.699597 2.755898 -0.855529 0.812810 2.747722 -0.921318 0.858210 0.463933 -0.126934 -0.148992 -9.938872 -5.774269 0.085660 -0.000000 0.000000 0.000000 0.188961 -12.202188 -14.755531 23.116422 -11.753281 -40.377988 3.292171 -106.677665 3.445873 51.868542 6.675489 5.596984 -78.335986 47.970252 -18.599901 -179.821491 184.924394 202.389338 -15.507176 -7.062049 14.509405 0.000002 0.000007 -0.000003 4.508465 -3.182511 -7.593290 1.320364 2.562603 -12.383368 1.473596 2.697442 -13.636132 0.000001 -0.000003 0.000001 0.176825 -1.010128 -13.575621 0.509799 4.039615 -17.608347 1.001275 4.983881 -27.497974 0.000000 0.000001 0.000000 -0.403991 -1.625232 -27.183142 -0.899003 4.461897 -19.806078 -0.788488 3.929726 -17.789960 -0.000000 0.000000 0.000000 -0.177494 -0.018593 -28.643616 -1.189445 3.402101 -15.176913 -1.454837 8.272224 -37.905098 0.000000 -0.000001 -0.000003 1.101810 15.710453 4.830380 12.014763 13.840960 55.938932 -2.066117 64.528294 2.291766 18.977409 -3.950721 -1.839864 -74.935112 -50.923049 28.079828 0.827983 5.347721 -29.165666 -17.729682 -1.727130 -19.565120 -0.000000 0.000000 0.000001 5.567977 4.839964 7.805574 1.550738 -2.189542 13.031376 2.801026 -3.166157 22.004998 -0.000000 -0.000000 0.000001 0.150653 1.192959 13.605247 0.998098 -4.037762 23.807792 0.683852 -3.218130 18.489375 -0.000002 -0.000001 -0.000001 -0.123606 1.072268 26.806978 -0.261730 -4.889431 28.068650 -0.374333 -4.108983 23.542134 -0.000002 0.000001 -0.000002 -0.019515 -0.354896 36.301708 -1.385842 -2.782508 15.198303 -1.826808 -9.190615 48.896266 -0.000000 0.000000 0.000001 -63.527835 7.684698 1.432664 84.262650 12.353188 -5.887114 -0.179758 -0.135514 3.272179 3.787314 0.000012 -0.000009 0.000003 0.000001 0.000000 -40.345907 0.721628 -4.942002 40.983147 -1.396717 -2.255029 22.982236 1.081497 11.554533 -13.441062 0.000016 0.000005 -0.000001 0.000001 0.000001 
75.620407 113.132065 -18.419771 439.339952 -76.570539 -273.105551 18.110366 -3.241449 -0.932597 2.618959 -0.958242 0.958825 2.607829 -1.024743 1.006227 0.414684 -0.065144 -0.181449 -9.951411 -5.204491 -0.371270 0.000001 0.000000 -0.000000 0.178672 -12.469089 -14.730374 23.385794 -13.301226 -40.529639 2.975251 -108.336643 3.144140 52.929137 6.690750 4.034121 -78.412450 48.174506 -19.086567 -179.829742 185.078046 202.683118 -15.594852 -6.925944 14.612053 0.000003 -0.000002 -0.000002 4.553163 -3.252967 -7.660055 1.320476 2.562774 -12.384331 1.474600 2.698890 -13.643894 0.000001 -0.000002 -0.000000 0.177445 -1.001856 -13.625637 0.516577 4.061947 -17.720955 1.013593 5.011496 -27.644180 0.000001 0.000001 -0.000000 -0.404935 -1.604380 -27.304731 -0.899984 4.490606 -19.939274 -0.789628 3.951471 -17.891658 -0.000001 0.000000 -0.000000 -0.165136 0.035873 -28.862071 -1.191070 3.409746 -15.210514 -1.446533 8.322165 -38.122004 0.000003 -0.000001 -0.000004 1.104676 15.788329 4.834510 11.332636 14.580507 55.670488 -2.109962 64.990425 2.331261 23.478321 -5.510183 0.364602 -74.968778 -50.906441 27.999295 0.283138 4.803819 -28.992657 -17.677137 -1.367874 -19.505695 0.000000 0.000000 0.000001 5.589794 4.786514 8.505863 1.615396 -2.259088 13.502575 2.825000 -3.185656 22.160190 0.000001 0.000002 -0.000000 0.164638 1.083696 14.245518 1.056601 -4.154837 24.571961 0.718519 -3.304619 19.032699 -0.000002 -0.000002 -0.000002 -0.142743 1.041961 27.409167 -0.232534 -5.033766 28.909063 -0.360851 -4.220550 24.183045 -0.000001 -0.000002 0.000002 -0.095072 -0.310915 37.116952 -1.453052 -2.977413 16.227034 -1.792409 -9.329839 49.613039 -0.000000 -0.000001 -0.000001 -63.059175 7.718938 1.937996 85.610978 12.721289 -5.873030 -0.833090 -0.123906 3.601348 4.380729 -0.000043 0.000027 0.000002 0.000001 0.000000 -38.537502 1.587336 -3.714441 40.312589 1.424918 -3.291256 21.139114 0.918636 11.428074 -11.540189 0.000017 -0.000002 0.000000 0.000001 0.000002 
75.632652 113.634750 -19.649881 428.177784 -76.661654 -286.124411 17.825979 -3.558039 -0.128503 2.470940 -1.108061 1.116423 2.455765 -1.176521 1.166863 0.333146 0.016618 -0.217662 -10.045332 -4.683007 -0.416748 0.000001 0.000001 -0.000000 0.169880 -12.686379 -14.716052 23.105666 -15.081022 -41.079353 2.721535 -109.913720 2.904913 54.137541 6.693745 1.430667 -78.466572 48.424037 -19.649080 -179.839318 185.253759 203.019983 -15.695414 -6.770454 14.730478 0.000002 0.000003 -0.000001 4.604638 -3.335250 -7.737342 1.321622 2.564469 -12.393291 1.476728 2.701880 -13.660020 -0.000000 -0.000002 -0.000000 0.177861 -0.993427 -13.688082 0.524923 4.089186 -17.858540 1.027953 5.043509 -27.813816 0.000001 0.000001 0.000000 -0.405845 -1.578898 -27.450469 -0.901065 4.525305 -20.100401 -0.790971 3.977706 -18.014303 -0.000006 0.000001 0.000001 -0.149695 0.100861 -29.117984 -1.193349 3.420347 -15.257150 -1.436355 8.381527 -38.380103 -0.000001 0.000000 0.000000 1.100553 15.797036 4.875567 10.738167 15.960597 55.350603 -2.147273 65.371030 2.365002 26.535784 -4.751401 0.760405 -74.983101 -50.914303 27.957878 -0.297860 4.235129 -28.846720 -17.629922 -0.996306 -19.451216 -0.000001 -0.000003 0.000001 5.616701 4.737372 9.253090 1.685433 -2.333180 14.008674 2.851519 -3.207084 22.331331 -0.000001 0.000001 0.000000 0.181001 0.966701 14.931796 1.121603 -4.280470 25.397961 0.756938 -3.397785 19.620405 0.000001 -0.000002 -0.000003 -0.163258 1.006881 28.062076 -0.198590 -5.189239 29.817570 -0.344880 -4.340894 24.875414 -0.000004 0.000000 0.000003 -0.176142 -0.272276 38.000625 -1.521020 -3.187063 17.326639 -1.752704 -9.481726 50.397961 -0.000002 0.000000 0.000000 -62.161033 7.525690 2.293684 86.555169 12.697506 -5.748401 -0.926254 -0.021780 3.721278 4.144989 0.000014 -0.000004 0.000003 -0.000001 0.000000 -36.313401 2.303261 -2.526503 39.490808 5.013230 -4.256560 19.828394 0.702002 10.488980 -9.640578 0.000033 0.000013 0.000002 -0.000000 0.000001 
75.614143 113.882492 -20.771816 418.109456 -76.441367 -297.444657 17.617334 -3.730175 0.252583 2.396592 -1.183119 1.204938 2.379004 -1.253130 1.256855 0.164454 0.092000 -0.251955 -10.506405 -4.004771 -0.714660 -0.000001 0.000000 -0.000000 0.168130 -12.805501 -14.670833 22.398796 -17.230172 -41.094847 2.639217 -110.482545 2.827856 54.799059 6.782025 0.696587 -78.498463 48.713623 -20.278178 -179.849891 185.448488 203.393936 -15.807093 -6.598464 14.862819 0.000002 -0.000006 -0.000003 4.661876 -3.427802 -7.823633 1.323639 2.567444 -12.409055 1.479773 2.706189 -13.683241 -0.000000 -0.000001 -0.000002 0.178257 -0.984088 -13.760967 0.534642 4.120630 -18.017487 1.044152 5.079290 -28.003666 0.000002 0.000000 0.000001 -0.406702 -1.549459 -27.616854 -0.902181 4.565177 -20.285467 -0.792445 4.007772 -18.154882 0.000000 0.000002 0.000001 -0.131392 0.174881 -29.406188 -1.196158 3.433504 -15.314910 -1.424478 8.448931 -38.673453 -0.000002 -0.000000 -0.000000 1.106189 15.727817 4.796798 10.885336 18.308148 54.586889 -2.234947 66.224879 2.444721 28.080427 -3.603805 0.034011 -74.960684 -50.966544 27.983490 -0.956094 3.610069 -28.736399 -17.589933 -0.592937 -19.403447 -0.000000 -0.000001 0.000001 5.652712 4.694459 10.103241 1.766805 -2.417630 14.590934 2.883344 -3.232616 22.536172 0.000001 0.000001 -0.000000 0.201472 0.832803 15.718236 1.199247 -4.424940 26.356040 0.802723 -3.505393 20.302556 -0.000001 0.000000 -0.000004 -0.186520 0.962573 28.822722 -0.156152 -5.368804 30.871383 -0.324536 -4.480061 25.677780 0.000001 -0.000000 -0.000001 -0.267742 -0.241262 39.029426 -1.593668 -3.427916 18.581746 -1.703117 -9.660261 51.324968 -0.000001 -0.000001 0.000000 -60.668950 7.657690 2.460211 86.928869 12.661615 -5.741270 -0.365017 0.108674 3.866305 4.177772 -0.000025 0.000003 0.000000 -0.000002 0.000001 -34.309782 2.714686 -2.134263 39.158007 7.881115 -4.873557 18.361502 1.676773 9.612193 -9.391432 0.000028 0.000020 -0.000000 -0.000001 -0.000001 
75.625862 113.957443 -21.866861 407.442695 -75.915770 -309.314570 17.694471 -3.906329 0.633752 2.354194 -1.256936 1.255090 2.334794 -1.327527 1.308482 0.038858 0.080350 -0.158829 -10.619944 -3.985812 -0.823071 0.000000 -0.000000 -0.000000 0.166685 -12.875620 -14.650211 21.277001 -19.453219 -41.053518 2.610513 -110.688044 2.801045 55.572536 6.714733 0.177042 -78.507922 49.037852 -20.964601 -179.861120 185.659227 203.799075 -15.928141 -6.412780 15.007148 0.000001 0.000008 -0.000000 4.723836 -3.529081 -7.917385 1.326382 2.571473 -12.430414 1.483587 2.711590 -13.712330 0.000000 -0.000001 0.000001 0.178647 -0.973997 -13.842529 0.545540 4.155540 -18.194159 1.061935 5.118204 -28.210558 0.000001 0.000001 -0.000001 -0.407457 -1.516751 -27.800449 -0.903278 4.609317 -20.490434 -0.793974 4.041030 -18.310337 -0.000002 0.000001 0.000003 -0.110527 0.256386 -29.721514 -1.199390 3.448745 -15.381909 -1.411023 8.523018 -38.996180 0.000000 0.000001 0.000001 1.107628 15.908238 4.853830 11.219088 20.418347 53.793836 -2.378587 67.508319 2.576418 28.245213 -1.838928 -0.707267 -74.908262 -51.055172 28.064006 -1.681469 2.936742 -28.663002 -17.556079 -0.161597 -19.360914 -0.000002 -0.000001 0.000001 5.696125 4.657349 11.041581 1.858254 -2.510524 15.238225 2.919672 -3.261576 22.769450 0.000002 -0.000003 -0.000000 0.226346 0.684639 16.590263 1.288872 -4.584785 27.426826 0.855382 -3.624991 21.065154 0.000002 0.000002 0.000000 -0.212391 0.910071 29.674976 -0.104795 -5.568469 32.049143 -0.299517 -4.635114 26.573947 -0.000004 -0.000000 0.000003 -0.370144 -0.218304 40.181521 -1.667891 -3.696069 19.969972 -1.643557 -9.860954 52.372805 -0.000000 -0.000000 0.000001 -58.364622 7.589583 2.322990 86.624858 12.654602 -5.539775 0.821608 0.297198 4.006686 3.606045 0.000004 0.000013 -0.000001 0.000000 -0.000001 -31.983409 2.805586 -1.860810 38.345922 7.849694 -5.377627 17.643915 4.341705 9.628044 -9.803640 -0.000015 0.000017 0.000001 0.000000 0.000000 
75.598984 113.670967 -23.100847 398.096592 -74.931997 -320.106760 17.631409 -3.874092 1.103450 2.325553 -1.278612 1.349392 2.304025 -1.351037 1.403534 -0.065591 0.077928 -0.136322 -10.781862 -4.012976 -0.829441 0.000003 -0.000000 -0.000000 0.158725 -12.897013 -14.734222 19.279884 -21.513744 -41.338962 2.592730 -110.817675 2.784422 57.253163 6.007288 -1.533819 -78.459087 49.444088 -21.713550 -179.876351 185.940972 204.216372 -16.056873 -6.216220 15.161446 -0.000001 0.000002 -0.000002 4.789527 -3.637507 -8.017091 1.329660 2.576325 -12.456173 1.488026 2.717848 -13.746037 0.000002 -0.000001 -0.000004 0.179023 -0.963397 -13.931030 0.557431 4.193251 -18.384957 1.081059 5.159650 -28.431263 0.000001 -0.000000 0.000000 -0.408123 -1.481410 -27.997733 -0.904286 4.656907 -20.711251 -0.795516 4.076820 -18.477690 0.000000 -0.000001 0.000001 -0.087348 0.343877 -30.058915 -1.202949 3.465650 -15.456173 -1.396111 8.602366 -39.342416 0.000001 -0.000001 -0.000002 1.095565 16.138043 5.047837 11.235074 22.223803 53.137502 -2.622339 69.409024 2.802598 28.325746 -0.137801 -0.644262 -74.832399 -51.172122 28.187670 -2.463926 2.223239 -28.627187 -17.527205 0.293792 -19.322072 -0.000001 0.000000 0.000001 5.745185 4.625463 12.053395 1.958481 -2.609929 15.939423 2.959789 -3.293214 23.025964 0.000002 0.000001 -0.000001 0.255791 0.524783 17.533338 1.389617 -4.756552 28.590842 0.914488 -3.754199 21.894296 -0.000000 0.000002 -0.000001 -0.240634 0.850411 30.602608 -0.044297 -5.784144 33.329523 -0.269575 -4.803066 27.547702 -0.000002 0.000000 0.000000 -0.483479 -0.203806 41.435073 -1.740685 -3.987508 21.468898 -1.574102 -10.079240 53.520177 -0.000001 -0.000001 -0.000000 -55.741993 7.295482 2.564408 85.941026 12.650911 -5.248505 2.581504 0.868942 4.068511 1.298022 -0.000038 0.000005 0.000000 0.000002 -0.000004 -29.814237 2.715410 -1.347961 37.746323 7.796480 -5.659220 16.679230 5.727708 10.414820 -10.688578 0.000032 -0.000002 0.000001 -0.000002 0.000001 
75.507790 113.103828 -24.172791 391.922320 -73.145978 -327.526641 17.027863 -3.732062 1.444741 2.166695 -1.249459 1.422117 2.144008 -1.321414 1.472497 -0.096900 0.076999 -0.137467 -10.922767 -4.099364 -0.460035 0.000000 0.000000 -0.000000 0.112157 -13.314619 -15.048479 17.411737 -23.401148 -41.782374 2.575317 -110.946383 2.768214 58.852707 6.521500 -2.724813 -77.940723 50.488898 -22.691714 -179.935951 186.911255 204.498883 -16.191452 -6.011522 15.323797 0.000003 0.000001 0.000002 4.857892 -3.751483 -8.121187 1.333376 2.581777 -12.485147 1.492890 2.724724 -13.783122 0.000001 -0.000004 -0.000002 0.179347 -0.952363 -14.024637 0.570135 4.232943 -18.586321 1.101285 5.202995 -28.662636 0.000005 0.000000 -0.000001 -0.408680 -1.444071 -28.205232 -0.905137 4.707002 -20.943891 -0.797039 4.114527 -18.653875 -0.000002 0.000001 -0.000000 -0.062211 0.435887 -30.413193 -1.206755 3.483782 -15.535807 -1.379905 8.685643 -39.706236 0.000002 -0.000001 -0.000001 1.105416 16.086706 4.941171 11.268529 23.734661 53.071939 -2.956664 71.564113 3.117097 27.779288 1.096188 -1.672693 -74.739707 -51.309460 28.342645 -3.293629 1.477776 -28.628717 -17.502131 0.769420 -19.285568 -0.000002 -0.000001 0.000000 5.798177 4.598175 13.123992 2.066098 -2.714043 16.683400 3.002834 -3.326887 23.300407 -0.000001 0.000002 -0.000000 0.289872 0.355876 18.532900 1.500566 -4.936816 29.828659 0.979334 -3.890596 22.776085 0.000005 0.000001 0.000000 -0.271038 0.784722 31.589577 0.025310 -6.011844 34.691166 -0.234619 -4.980963 28.582827 -0.000001 -0.000000 -0.000000 -0.607526 -0.197926 42.768315 -1.809458 -4.298046 23.056144 -1.495027 -10.310644 54.745831 0.000002 -0.000001 -0.000001 -53.589353 6.979415 2.403169 84.947602 12.657744 -4.959788 4.060259 1.117064 4.211328 0.384559 0.000008 0.000013 -0.000002 0.000001 -0.000002 -28.811008 2.235124 -1.419861 37.742826 7.756985 -5.332579 14.896723 5.946905 11.469170 -11.881637 -0.000026 0.000012 -0.000000 0.000000 -0.000001 
75.430763 112.323303 -25.269554 387.145176 -71.578996 -333.737140 16.673805 -3.405041 1.716824 2.077847 -1.167899 1.463471 2.055450 -1.239327 1.510165 -0.235760 0.031808 0.028503 -10.958273 -4.081757 -0.227845 0.000001 0.000001 -0.000000 0.091649 -13.490459 -15.182986 15.174180 -25.291460 -42.226910 2.602790 -110.744366 2.793843 60.257404 6.646972 -3.024927 -77.385640 51.499152 -23.729774 -179.995825 187.842155 204.804042 -16.330154 -5.801434 15.492092 0.000002 0.000000 -0.000003 4.928005 -3.869459 -8.228259 1.337334 2.587605 -12.516106 1.498069 2.731992 -13.822343 0.000001 -0.000004 -0.000002 0.179659 -0.941199 -14.121658 0.583389 4.273979 -18.794604 1.122353 5.247636 -28.901399 -0.000001 0.000001 -0.000001 -0.409099 -1.405433 -28.419487 -0.905802 4.758805 -21.184312 -0.798477 4.153473 -18.835917 0.000002 -0.000002 -0.000000 -0.035403 0.530870 -30.779196 -1.210699 3.502710 -15.618879 -1.362627 8.771437 -40.081712 -0.000001 -0.000002 -0.000001 1.046101 15.817912 5.381356 11.181224 25.788740 52.206438 -3.412622 73.883830 3.551862 28.075858 0.930355 -3.804404 -74.636783 -51.459123 28.516839 -4.160716 0.708393 -28.666376 -17.479668 1.261423 -19.249864 -0.000001 0.000002 0.000002 5.853515 4.574567 14.238634 2.179697 -2.821051 17.458956 3.048062 -3.361874 23.587594 0.000000 0.000003 0.000003 0.328493 0.180489 19.574392 1.620496 -5.122298 31.120743 1.049283 -4.031865 23.696534 -0.000000 -0.000000 -0.000001 -0.303326 0.714148 32.619686 0.103729 -6.247599 36.112689 -0.194698 -5.165856 29.663088 -0.000001 0.000000 0.000001 -0.741811 -0.200707 44.159362 -1.871865 -4.623317 24.709352 -1.406959 -10.550701 56.028380 -0.000003 -0.000001 -0.000000 -50.901517 6.529784 2.609278 83.323165 12.657432 -4.588245 5.482576 1.336264 4.412418 -0.961435 0.000011 -0.000006 -0.000002 0.000002 -0.000005 -27.797927 1.731019 -1.100043 37.887367 7.697754 -4.840907 12.645312 6.079457 13.216350 -12.363196 0.000028 0.000018 -0.000001 0.000001 0.000001 
75.366501 111.250610 -26.434534 382.850326 -69.677458 -339.558456 16.357248 -3.239530 2.143050 1.960075 -1.140874 1.542992 1.936485 -1.213018 1.587210 -0.368421 -0.008831 0.096167 -11.126910 -4.405509 0.076198 0.000001 -0.000000 -0.000000 0.044909 -13.701575 -15.582559 12.429173 -26.970470 -42.995259 2.697415 -110.077330 2.882293 61.831906 6.353067 -2.330654 -76.799234 52.465828 -24.816032 -180.055084 188.727675 205.126741 -16.471187 -5.588715 15.664296 0.000001 0.000000 -0.000003 4.998878 -3.989792 -8.336739 1.341402 2.593606 -12.547892 1.503347 2.739430 -13.862427 0.000004 -0.000000 -0.000002 0.179932 -0.930019 -14.220265 0.597035 4.315606 -19.006190 1.143956 5.292980 -29.144359 0.000001 0.000001 -0.000001 -0.409400 -1.366145 -28.636948 -0.906275 4.811413 -21.428499 -0.799808 4.193025 -19.020779 -0.000002 -0.000001 0.000000 -0.007378 0.627364 -31.151796 -1.214679 3.521992 -15.703484 -1.344516 8.858433 -40.462956 -0.000001 -0.000001 -0.000000 1.043349 15.784180 5.394993 10.478439 27.559287 51.713165 -4.173724 76.699623 4.287415 27.472728 0.665704 -5.282891 -74.530532 -51.613168 28.698122 -5.055421 -0.077053 -28.737758 -17.453799 1.765376 -19.214521 -0.000001 -0.000001 0.000001 5.909705 4.553632 15.382593 2.297781 -2.929200 18.254982 3.094610 -3.397541 23.882255 -0.000002 -0.000001 0.000001 0.371585 0.000948 20.643227 1.747934 -5.309801 32.447609 1.123437 -4.175673 24.641728 0.000000 -0.000001 -0.000001 -0.337174 0.639915 33.676780 0.190389 -6.487448 37.572597 -0.150104 -5.354773 30.772263 -0.000002 0.000000 -0.000000 -0.885458 -0.211832 45.586455 -1.926149 -4.958803 26.406177 -1.310814 -10.795057 57.346419 -0.000002 -0.000003 0.000001 -47.558720 5.874175 2.671615 80.926014 12.630639 -4.106294 6.549147 0.505216 4.537888 -0.262235 0.000013 -0.000012 0.000005 -0.000001 0.000000 -26.631249 0.883934 -0.922524 37.662459 7.680777 -4.000707 11.034228 6.383835 14.700164 -12.475259 -0.000027 0.000025 0.000001 -0.000002 -0.000000 
75.270676 109.972717 -27.535507 380.551011 -67.764629 -343.199466 15.716533 -3.168519 2.416970 1.792043 -1.120382 1.565810 1.768263 -1.189855 1.605947 -0.441145 0.002389 0.165087 -11.322048 -4.214774 0.747406 -0.000000 -0.000001 0.000000 0.013071 -13.855644 -15.839007 9.533568 -28.257606 -44.175355 2.832610 -109.192103 3.009337 63.454623 5.884896 -1.144394 -76.188267 53.382003 -25.936696 -180.112949 189.563841 205.461448 -16.612810 -5.375962 15.838210 0.000004 -0.000002 -0.000002 5.069600 -4.110868 -8.445226 1.345424 2.599498 -12.579290 1.508588 2.746801 -13.902180 0.000001 0.000002 -0.000001 0.180185 -0.919067 -14.318752 0.610799 4.357136 -19.217466 1.165849 5.338405 -29.388340 0.000002 0.000004 0.000001 -0.409570 -1.326907 -28.854254 -0.906495 4.863951 -21.672390 -0.801016 4.232529 -19.205433 -0.000002 -0.000003 0.000000 0.021484 0.723911 -31.525869 -1.218609 3.541181 -15.787714 -1.325828 8.945232 -40.844070 -0.000002 0.000000 -0.000000 1.014513 15.868145 5.686170 9.375382 28.793195 50.945254 -5.254595 79.357366 5.344234 27.118474 1.349613 -4.730564 -74.428011 -51.763658 28.874201 -5.968104 -0.870973 -28.839224 -17.392885 2.274125 -19.183794 0.000001 -0.000002 0.000002 5.965412 4.534060 16.541135 2.418707 -3.036881 19.060311 3.141720 -3.433244 24.179097 0.000003 0.000004 0.000001 0.418811 -0.180476 21.724820 1.881168 -5.496286 33.789707 1.200850 -4.319839 25.597630 0.000003 -0.000001 0.000002 -0.372235 0.563341 34.744756 0.284214 -6.727600 39.049482 -0.101283 -5.544856 31.894091 -0.000001 -0.000002 -0.000002 -1.037422 -0.230676 47.027826 -1.970926 -5.299864 28.124286 -1.207876 -11.039428 58.678408 0.000001 0.000000 0.000000 -44.431914 5.290960 2.659438 77.932868 12.593875 -3.553912 7.376263 0.306669 4.607162 -1.022203 -0.000011 0.000005 -0.000001 0.000001 -0.000000 -26.009357 -0.178048 -1.003971 37.245261 7.717151 -2.868132 10.865451 6.100689 14.593162 -13.463587 -0.000008 0.000016 0.000000 -0.000002 0.000001 
75.182343 108.290237 -28.635420 379.918126 -65.823954 -345.021788 14.664099 -3.187899 2.395666 1.576784 -1.100168 1.573092 1.553126 -1.165819 1.608249 -0.541540 0.036850 0.222791 -11.670951 -3.828172 1.321064 0.000001 0.000000 0.000000 -0.019023 -13.946766 -16.134647 6.491166 -28.667766 -45.199672 2.984578 -108.283702 3.152968 63.404291 5.374600 0.509894 -75.560170 54.242487 -27.077395 -180.168738 190.348589 205.802247 -16.753257 -5.165838 16.011690 0.000001 0.000001 -0.000001 5.139252 -4.231033 -8.552245 1.349250 2.605106 -12.609062 1.513620 2.753850 -13.940338 0.000002 -0.000002 0.000002 0.180377 -0.908473 -14.415295 0.624470 4.397799 -19.424814 1.187731 5.383326 -29.630109 0.000001 0.000000 0.000002 -0.409656 -1.288337 -29.067830 -0.906509 4.915551 -21.911976 -0.802091 4.271369 -19.386874 -0.000001 -0.000000 0.000002 0.050673 0.819049 -31.896232 -1.222410 3.559857 -15.869615 -1.306867 9.030500 -41.219075 0.000001 0.000000 0.000000 0.987826 15.958028 5.957026 7.286973 30.101207 50.248028 -7.988783 82.939144 8.046110 28.479162 -7.558936 2.617513 -74.336487 -51.902608 29.032487 -6.888952 -1.666346 -28.965842 -17.330374 2.787511 -19.150003 -0.000002 -0.000003 -0.000001 6.019488 4.514461 17.699510 2.540770 -3.142605 19.863681 3.188529 -3.468316 24.472950 0.000000 0.000003 0.000000 0.469383 -0.360645 22.804712 2.018277 -5.678911 35.127356 1.280343 -4.462116 26.550311 0.000001 -0.000001 -0.000001 -0.408196 0.485813 35.807513 0.383900 -6.964339 40.521713 -0.048872 -5.733270 33.012247 0.000002 0.000002 0.000000 -1.196311 -0.256165 48.461712 -2.005410 -5.641728 29.841281 -1.099881 -11.279728 60.002700 -0.000001 -0.000002 -0.000001 -41.714325 4.822450 2.590485 74.655136 12.548260 -2.985962 7.426606 0.816849 3.564535 -0.874608 -0.000011 0.000004 -0.000002 0.000001 -0.000001 -25.853009 -0.830518 -0.768625 36.886655 7.636626 -1.860488 11.036537 5.641756 12.801649 -16.049003 -0.000019 0.000020 0.000001 -0.000000 0.000000 
75.054588 106.166389 -29.801771 379.074843 -64.023823 -347.110541 13.831711 -3.206696 2.365057 1.391371 -1.079999 1.517728 1.369001 -1.139914 1.547998 -0.735775 -0.011625 0.329869 -11.864530 -4.061934 1.739741 -0.000000 -0.000001 0.000000 -0.051427 -14.013357 -16.444208 3.358918 -28.752822 -46.252938 3.155408 -107.356230 3.315330 62.765265 4.810854 2.337929 -74.923494 55.043627 -28.222267 -180.222013 191.081181 206.142923 -16.890689 -4.960873 16.182456 0.000002 -0.000001 -0.000001 5.206979 -4.348654 -8.656356 1.352712 2.610181 -12.636042 1.518286 2.760379 -13.975632 0.000002 0.000000 0.000001 0.180552 -0.898434 -14.508148 0.637781 4.436962 -19.624651 1.209300 5.427145 -29.866450 0.000001 0.000003 0.000002 -0.409629 -1.251104 -29.274232 -0.906316 4.965355 -22.143173 -0.803006 4.308846 -19.562060 -0.000001 0.000001 0.000004 0.079699 0.911346 -32.257716 -1.225994 3.577575 -15.947298 -1.287952 9.112873 -41.582079 -0.000001 -0.000002 -0.000001 0.955371 16.008056 6.262733 4.822322 31.434020 49.623244 -15.588776 86.334090 15.615248 31.882999 -15.966836 10.446407 -74.263575 -52.022119 29.160133 -7.808308 -2.456521 -29.111339 -17.266544 3.301900 -19.111583 -0.000001 -0.000006 -0.000002 6.070936 4.493168 18.842957 2.662286 -3.244872 20.653893 3.234157 -3.502162 24.758491 -0.000001 -0.000000 -0.000001 0.522547 -0.537246 23.868292 2.157033 -5.854987 36.440924 1.360674 -4.600452 27.485699 0.000006 0.000001 -0.000001 -0.444626 0.408863 36.848884 0.487730 -7.194143 41.967711 0.006125 -5.917176 34.110443 -0.000000 -0.000001 0.000002 -1.360560 -0.286783 49.866470 -2.029327 -5.979637 31.534758 -0.988888 -11.511974 61.297615 0.000001 0.000002 -0.000001 -38.179019 4.358575 2.512534 70.260954 12.468830 -2.073831 7.541328 2.797696 3.413142 -1.143299 -0.000002 0.000001 -0.000002 -0.000002 0.000000 -25.536426 -1.026750 0.296459 37.238290 7.357599 -1.108196 9.683188 4.806560 9.628620 -20.396014 0.000029 0.000037 0.000000 -0.000001 0.000001 
74.885834 103.981445 -30.914242 378.539657 -62.204377 -348.745498 12.979250 -3.350965 2.224941 1.245668 -1.089026 1.468667 1.224030 -1.143477 1.495437 -0.952125 0.004911 0.417439 -12.190295 -3.834426 2.563982 -0.000000 0.000001 -0.000000 -0.083849 -14.068994 -16.756073 0.189280 -28.715618 -47.416188 3.351411 -106.398952 3.502598 61.976494 4.195723 4.209152 -74.287856 55.782804 -29.354538 -180.272393 191.762001 206.476946 -17.023365 -4.763633 16.348229 0.000003 -0.000002 -0.000000 5.271917 -4.462042 -8.756130 1.355669 2.614494 -12.659038 1.522410 2.766160 -14.006847 -0.000001 -0.000001 0.000001 0.180678 -0.889149 -14.595558 0.650471 4.473895 -19.813332 1.230258 5.469266 -30.094155 0.000001 -0.000004 0.000001 -0.409566 -1.215881 -29.469968 -0.905941 5.012477 -22.361998 -0.803751 4.344356 -19.727972 0.000000 0.000001 0.000000 0.107989 0.999420 -32.605189 -1.229269 3.593891 -16.018849 -1.269527 9.191059 -41.927096 0.000001 -0.000001 0.000002 0.905594 15.932477 6.693541 2.645178 32.677356 48.659333 -35.313430 88.293732 35.321285 33.002190 -15.072935 9.825876 -74.216747 -52.114268 29.244507 -8.716342 -3.235450 -29.268235 -17.201712 3.813670 -19.067040 -0.000001 -0.000001 0.000001 6.118965 4.468341 19.956769 2.781341 -3.342308 21.419755 3.277792 -3.534206 25.030504 0.000002 0.000001 0.000002 0.577441 -0.708013 24.900998 2.294913 -6.022036 37.710704 1.440459 -4.732866 28.389803 -0.000001 0.000000 0.000001 -0.481169 0.334091 37.852847 0.593582 -7.413615 43.365834 0.062685 -6.093898 35.172312 -0.000002 0.000000 0.000002 -1.530752 -0.323073 51.220050 -2.042949 -6.308720 33.182340 -0.877284 -11.732435 62.541372 0.000001 -0.000000 -0.000001 -34.138310 4.090412 2.314480 64.540971 12.352781 -0.932195 8.646353 4.564464 2.544388 -4.352050 0.000014 0.000012 0.000003 -0.000000 -0.000002 -25.158437 -0.980051 1.532431 37.612670 6.991820 -0.520056 7.623585 3.866545 5.973295 -25.261654 0.000003 0.000045 -0.000000 -0.000003 -0.000000 
74.878235 101.707581 -32.054668 378.243882 -60.448287 -350.199918 12.492907 -3.261855 2.178346 1.074000 -1.051873 1.436598 1.053411 -1.103806 1.459405 -1.167666 -0.006999 0.502160 -13.040961 -3.702635 2.855293 -0.000000 0.000002 -0.000000 -0.115576 -14.111358 -17.064891 -2.949543 -28.575481 -48.682508 3.586400 -105.378843 3.728298 61.126997 3.529095 6.079685 -73.663337 56.458269 -30.456807 -180.319672 192.392277 206.797624 -17.149458 -4.576590 16.506662 0.000003 0.000001 -0.000001 5.333228 -4.569562 -8.850169 1.357967 2.617854 -12.676856 1.525828 2.770952 -14.032722 -0.000000 -0.000001 -0.000001 0.180749 -0.880832 -14.675739 0.662268 4.507880 -19.987242 1.250284 5.509111 -30.310016 0.000000 -0.000000 0.000002 -0.409495 -1.183354 -29.651569 -0.905429 5.056049 -22.564344 -0.804369 4.377224 -19.881602 -0.000001 -0.000004 0.000001 0.134938 1.081815 -32.933448 -1.232160 3.608385 -16.082348 -1.251920 9.263695 -42.248220 0.000001 -0.000001 -0.000000 0.861237 16.047982 7.118616 -0.751979 32.801109 48.487844 -98.114848 89.003471 98.109787 34.771735 -13.780985 12.288074 -74.203749 -52.171136 29.272442 -9.603067 -3.997835 -29.427675 -17.136381 4.319254 -19.014840 0.000002 -0.000001 0.000000 6.162942 4.438020 21.026152 2.896037 -3.433721 22.149957 3.318544 -3.563836 25.283668 -0.000002 0.000001 -0.000000 0.633009 -0.870716 25.888220 2.429256 -6.177770 38.916915 1.518150 -4.857409 29.248496 -0.000000 0.000002 0.000003 -0.517437 0.263211 38.803264 0.699133 -7.619571 44.694275 0.119450 -6.260758 36.181421 -0.000002 0.000001 0.000002 -1.707645 -0.365782 52.500024 -2.047071 -6.624281 34.761865 -0.767847 -11.937487 63.711977 0.000000 0.000000 -0.000001 -30.117446 3.978611 2.362546 58.872829 12.094771 0.286779 7.594516 6.431230 0.479848 -11.352971 0.000004 0.000000 0.000002 0.000000 0.000003 -25.348702 -0.868368 3.121749 38.815787 6.503046 -0.117239 4.462738 2.937341 2.118412 -29.921607 0.000008 0.000036 -0.000000 -0.000005 -0.000001 
74.820824 99.041458 -33.192448 377.930158 -58.659837 -351.861730 11.998065 -3.339210 2.342980 0.883798 -1.073536 1.455208 0.862468 -1.124334 1.474769 -1.316046 0.038802 0.511197 -14.092226 -3.246134 3.100243 0.000001 -0.000000 -0.000000 -0.144640 -14.128119 -17.362990 -5.920969 -28.299651 -49.986323 3.893683 -104.218681 4.025001 60.216191 2.809487 7.906952 -73.089670 56.901596 -31.484170 -180.438216 192.822893 207.096458 -17.267149 -4.402182 16.655384 0.000002 0.000001 -0.000002 5.390119 -4.669466 -8.937084 1.359428 2.619982 -12.688273 1.528393 2.774512 -14.052014 -0.000000 -0.000002 0.000000 0.180773 -0.873623 -14.746949 0.672919 4.538250 -20.142762 1.269038 5.546111 -30.510800 0.000001 -0.000000 0.000000 -0.409426 -1.154181 -29.815572 -0.904849 5.095220 -22.746217 -0.804827 4.406823 -20.019909 -0.000001 -0.000001 0.000002 0.159934 1.157180 -33.237333 -1.234592 3.620599 -16.135857 -1.235598 9.329473 -42.539490 0.000000 -0.000001 -0.000003 0.871942 16.284739 7.070209 -5.399833 32.504098 49.273978 -85.609564 89.010574 85.606231 35.341919 -13.525399 14.248810 -74.232067 -52.184763 29.231314 -10.458338 -4.738848 -29.579767 -17.070977 4.815102 -18.953568 0.000003 -0.000002 0.000001 6.202412 4.400123 22.036323 3.004408 -3.517907 22.833292 3.355533 -3.590476 25.512790 -0.000002 0.000001 0.000000 0.688050 -1.023191 26.815290 2.557192 -6.320111 40.039689 1.592138 -4.972227 30.047754 -0.000002 -0.000002 -0.000002 -0.553009 0.198069 39.684096 0.801658 -7.808953 45.931246 0.174980 -6.415215 37.121399 0.000000 -0.000002 0.000002 -1.883576 -0.406111 53.686134 -2.042926 -6.921460 36.250396 -0.663582 -12.123706 64.787438 0.000001 -0.000002 0.000001 -26.740206 3.714097 2.819044 54.879733 11.693768 1.498238 3.377650 8.457069 -2.322171 -29.783747 1.422187 -6.988577 0.000001 0.000001 0.000000 -27.265722 -0.945946 4.868535 43.563124 5.459453 0.360430 -2.602676 2.197084 -1.368074 -33.226493 0.000006 0.000057 -0.000001 -0.000002 -0.000000 
74.673660 96.808350 -34.049461 377.615478 -57.201957 -353.253641 11.677249 -3.485850 2.455137 0.754843 -1.116235 1.514521 0.731688 -1.167991 1.532403 -1.566117 0.146711 0.391606 -15.169958 -2.323418 2.715795 0.000000 -0.000000 0.000000 -0.166603 -14.088752 -17.634621 -8.433503 -27.807910 -51.156307 4.363349 -102.744022 4.481308 59.168146 2.029878 9.615107 -72.631337 56.868319 -32.365869 -180.742966 192.838712 207.362617 -17.374685 -4.242898 16.791942 0.000002 0.000000 -0.000002 5.441783 -4.760081 -9.015489 1.359915 2.620698 -12.692103 1.529909 2.776632 -14.063490 -0.000000 -0.000000 0.000001 0.180745 -0.867744 -14.807404 0.682107 4.564299 -20.276265 1.286198 5.579665 -30.693268 0.000000 0.000000 0.000002 -0.409444 -1.128999 -29.958477 -0.904233 5.129088 -22.903549 -0.805182 4.432500 -20.139870 0.000000 0.000002 -0.000000 0.182311 1.224120 -33.511650 -1.236462 3.630104 -16.177499 -1.221014 9.387079 -42.794929 0.000000 -0.000000 0.000000 0.899353 16.487501 6.871885 -9.439055 32.282879 49.936531 -26.363309 87.779440 26.376244 35.903917 -13.748997 13.808687 -74.308872 -52.147180 29.108641 -11.271736 -5.454305 -29.713444 -17.006078 5.297697 -18.881701 0.000003 0.000000 0.000001 6.236998 4.352439 22.972544 3.104394 -3.593769 23.458445 3.387858 -3.613610 25.712577 -0.000002 0.000003 0.000001 0.741222 -1.163353 27.667609 2.675768 -6.447103 41.059245 1.660675 -5.075541 30.773428 -0.000002 -0.000000 0.000002 -0.587532 0.140556 40.479273 0.898357 -7.978932 47.054809 0.227641 -6.554711 37.975753 0.000000 0.000001 0.000000 -2.056473 -0.440452 54.757084 -2.032212 -7.195568 37.625159 -0.567720 -12.287838 65.745666 0.000001 -0.000001 -0.000000 -23.577002 3.732085 2.989893 53.315565 12.650295 2.803950 -10.248024 11.191310 -6.064501 -26.151804 0.309288 -3.965851 0.000000 -0.000005 0.000000 -28.975722 -1.141917 6.218180 48.421113 4.293157 0.739043 -11.514093 1.900805 -3.084520 -33.305823 0.000031 0.000052 0.000000 -0.000001 -0.000000 
74.523842 94.953720 -34.906796 378.038212 -55.811542 -353.382103 11.158550 -3.496835 2.045301 0.671052 -1.088968 1.439800 0.649438 -1.136871 1.455454 -1.915778 0.248013 0.408896 -16.716330 -1.052089 2.686562 0.000000 -0.000000 -0.000000 -0.182089 -14.001544 -17.887311 -10.569082 -27.113310 -52.142337 5.069975 -101.018744 5.172332 57.937817 1.153232 11.243194 -72.221136 56.835155 -33.156347 -181.023017 192.872767 207.593614 -17.470190 -4.101034 16.913941 0.000003 0.000003 0.000001 5.487471 -4.839699 -9.083977 1.359275 2.619764 -12.687147 1.530229 2.777075 -14.065898 0.000001 -0.000001 0.000000 0.180669 -0.863377 -14.855325 0.689590 4.585322 -20.384151 1.301424 5.609230 -30.854249 0.000000 0.000002 -0.000002 -0.409561 -1.108507 -30.076803 -0.903674 5.156809 -23.032311 -0.805434 4.453604 -20.238474 -0.000000 0.000002 -0.000001 0.201421 1.281275 -33.751212 -1.237711 3.636459 -16.205355 -1.208618 9.435214 -43.008591 0.000001 -0.000001 -0.000001 0.930928 16.655736 6.632883 -13.094740 32.318778 51.227269 -11.184997 84.928088 11.224321 36.921527 -14.612942 14.120382 -74.440804 -52.050293 28.892325 -12.032581 -6.140580 -29.816740 -16.942272 5.763560 -18.797821 0.000000 -0.000001 0.000000 6.266415 4.292787 23.819986 3.193930 -3.660290 24.014177 3.414655 -3.632639 25.877751 -0.000002 0.000000 0.000000 0.791787 -1.290366 28.430263 2.781867 -6.556947 41.955670 1.721989 -5.165612 31.411408 -0.000001 0.000003 -0.000004 -0.620541 0.092710 41.172718 0.986121 -8.126760 48.043045 0.275738 -6.676846 38.728026 -0.000002 0.000001 0.000002 -2.224151 -0.464745 55.691597 -2.016902 -7.442032 38.863329 -0.483611 -12.426717 66.564510 0.000000 -0.000001 -0.000002 -21.255984 3.308199 1.820826 51.330422 12.543005 4.848135 -24.301531 14.101959 -3.859045 -15.278858 0.004971 -0.509336 -0.000000 -0.000000 0.000000 -30.662113 -1.401262 7.147212 51.903704 3.141619 0.903634 -18.519804 1.997530 -4.194755 -28.746425 0.000011 0.000037 0.000000 -0.000003 -0.000001 
74.394043 93.279907 -35.764141 378.595255 -54.447304 -353.209682 10.617766 -3.431979 1.500220 0.613545 -1.032247 1.310901 0.594791 -1.074564 1.324234 -2.301370 0.345919 0.470541 -18.452345 0.328404 2.791425 -0.000000 -0.000001 -0.000000 -0.193140 -13.886957 -18.127635 -12.462124 -26.310633 -53.008856 6.137628 -99.143338 6.223028 56.657488 0.189929 12.803020 -71.865229 56.803780 -33.843078 -181.274505 192.928214 207.783070 -17.538377 -3.977885 17.021373 -0.000000 0.000009 -0.000001 5.526347 -4.906641 -9.141231 1.357357 2.616965 -12.672179 1.529176 2.775620 -14.057981 0.000000 -0.000001 0.000001 0.180518 -0.860722 -14.888983 0.695078 4.600646 -20.462758 1.314370 5.634204 -30.990508 0.000003 0.000001 -0.000001 -0.409864 -1.093372 -30.167067 -0.903212 5.177487 -23.128469 -0.805591 4.469489 -20.312699 0.000001 -0.000001 0.000001 0.216560 1.327261 -33.950890 -1.238255 3.639220 -16.217495 -1.198868 9.472547 -43.174483 0.000000 -0.000000 -0.000002 0.970164 16.767285 6.329647 -16.335652 32.301341 53.041149 -6.488303 81.339207 6.560081 37.798567 -15.444359 13.083614 -74.633716 -51.886007 28.571127 -12.729738 -6.794393 -29.876832 -16.880249 6.209246 -18.700534 0.000007 -0.000001 -0.000001 6.290308 4.218857 24.563870 3.270965 -3.716405 24.489134 3.435019 -3.647016 26.003063 -0.000001 0.000001 -0.000001 0.838170 -1.401995 29.088652 2.872349 -6.647959 42.709047 1.774290 -5.240752 31.947568 0.000001 -0.000000 0.000000 -0.651710 0.056567 41.748432 1.061904 -8.249835 48.873992 0.317488 -6.779179 39.361690 0.000001 -0.000002 0.000001 -2.384510 -0.474676 56.468432 -1.999159 -7.656312 39.942028 -0.414647 -12.537266 67.221800 0.000001 -0.000000 0.000000 -20.790201 2.342998 0.844215 51.024597 11.459530 6.634851 -33.497112 16.699358 -0.351361 -6.201443 0.018196 -0.992751 -0.000000 -0.000002 0.000000 -32.304735 -1.698900 7.932848 54.758163 1.890688 1.010364 -24.338392 2.194852 -4.763015 -22.208645 0.000034 0.000043 -0.000000 0.000001 0.000000 
74.313721 91.756317 -36.630356 378.922885 -53.095865 -353.198344 10.201924 -3.296345 0.977927 0.589557 -0.957242 1.153523 0.574225 -0.993554 1.164729 -2.694536 0.440315 0.528341 -20.276429 1.695961 2.938693 0.000000 -0.000000 0.000000 -0.201138 -13.757250 -18.360628 -14.205988 -25.446990 -53.800242 7.845928 -97.184774 7.913644 55.388138 -0.853807 14.310080 -71.569734 56.775879 -34.414048 -181.493713 193.008292 207.924646 -17.558835 -3.874019 17.115220 0.000002 0.000003 -0.000000 5.557668 -4.959147 -9.185799 1.354009 2.612054 -12.646030 1.526602 2.772025 -14.038526 -0.000001 -0.000001 0.000000 0.180437 -0.859331 -14.906447 0.698264 4.609558 -20.508522 1.324710 5.654045 -31.098814 0.000000 -0.000000 0.000001 -0.410362 -1.084237 -30.225824 -0.902907 5.190296 -23.187937 -0.805689 4.479500 -20.359500 -0.000000 -0.000001 -0.000002 0.225608 1.358512 -34.105938 -1.238012 3.637988 -16.212009 -1.192213 9.497767 -43.286696 0.000001 -0.000000 -0.000000 1.027169 16.838810 5.873460 -19.247741 31.942391 55.404603 -4.430875 77.443936 4.537812 38.157945 -16.228077 8.236069 -74.892355 -51.646004 28.134797 -13.351648 -7.412734 -29.880134 -16.820610 6.631329 -18.588438 0.000001 -0.000001 -0.000001 6.308217 4.128366 25.189365 3.333394 -3.761192 24.872108 3.448057 -3.656199 26.083227 -0.000001 -0.000000 -0.000001 0.878933 -1.496382 29.628080 2.944062 -6.718425 43.299503 1.815788 -5.299308 32.367805 0.000003 0.000001 0.000001 -0.680584 0.034179 42.190335 1.122574 -8.345525 49.525678 0.351153 -6.859380 39.860291 -0.000001 -0.000005 0.000002 -2.535345 -0.465646 57.066251 -1.981354 -7.834014 40.838528 -0.364157 -12.616388 67.695405 -0.000000 -0.000002 -0.000000 -23.694833 0.978526 0.567172 55.442114 11.886017 7.189519 -36.457432 18.095469 1.324964 -8.471064 0.000024 0.000015 -0.000000 -0.000000 0.000000 -33.715152 -2.042291 8.689340 57.137763 0.523996 1.090702 -29.316961 2.384081 -4.950609 -14.875092 0.000006 0.000023 -0.000001 0.000002 0.000000 
74.227386 90.530609 -37.414448 378.612631 -51.771632 -353.621378 10.125387 -3.039110 0.477968 0.637234 -0.853087 0.956332 0.625882 -0.883407 0.965991 -3.083511 0.527573 0.546337 -22.199100 2.963810 3.105234 -0.000000 0.000001 -0.000000 -0.200791 -13.578884 -18.564620 -15.459300 -24.487196 -54.357955 11.480802 -94.941200 11.528146 54.120578 -1.943529 15.648660 -71.340725 56.753097 -34.857075 -181.676980 193.116045 208.011977 -17.574335 -3.795899 17.184886 -0.000001 0.000002 -0.000003 5.580683 -4.995538 -9.216358 1.349052 2.604811 -12.607496 1.522328 2.766046 -14.006252 -0.000001 -0.000001 0.000001 0.180046 -0.861236 -14.906355 0.698911 4.611352 -20.517784 1.332102 5.668160 -31.175955 0.000002 -0.000001 0.000002 -0.411109 -1.081781 -30.249562 -0.902804 5.194328 -23.206693 -0.805721 4.483003 -20.375861 -0.000000 -0.000001 -0.000001 0.232349 1.380334 -34.209651 -1.236890 3.632266 -16.187004 -1.189073 9.509585 -43.339231 -0.000000 0.000002 0.000001 1.095198 16.892692 5.324695 -21.848535 31.272113 57.971319 -3.334898 73.529015 3.477388 38.437487 -17.274407 1.307589 -75.220259 -51.321895 27.573926 -13.886242 -7.992555 -29.812635 -16.764033 7.026387 -18.460092 0.000001 -0.000001 -0.000001 6.319547 4.019098 25.681667 3.379175 -3.793614 25.151734 3.452907 -3.659607 26.113015 0.000000 0.000000 -0.000000 0.912684 -1.571618 30.033861 2.994003 -6.766626 43.707149 1.844678 -5.339555 32.657935 -0.000001 0.000000 -0.000002 -0.706719 0.027673 42.482435 1.165174 -8.411259 49.976159 0.374982 -6.914994 40.207305 0.000001 0.000001 -0.000001 -2.674388 -0.432945 57.463905 -1.965682 -7.970811 41.529879 -0.335319 -12.660920 67.963155 -0.000000 0.000000 -0.000001 -28.722042 -0.569463 0.795863 63.045788 12.261211 6.626892 -33.467551 18.337110 0.643795 -12.961244 0.000002 0.000018 -0.000001 0.000000 -0.000000 -34.380246 -2.291641 9.375432 58.786543 -0.972266 1.144459 -33.437809 2.494759 -4.903201 -7.908055 0.000001 0.000017 0.000000 -0.000003 -0.000000 
74.044617 90.041550 -37.989456 376.834842 -50.501428 -354.860894 10.849990 -2.533685 -0.139692 0.848687 -0.687011 0.678080 0.842235 -0.711914 0.687660 -3.453104 0.598757 0.458692 -24.296414 3.978735 3.279463 -0.000000 -0.000002 -0.000000 -0.179464 -13.269205 -18.688905 -15.425911 -23.326295 -54.307855 29.336124 -92.011418 29.355784 52.766418 -3.008526 16.556932 -71.285366 56.747466 -34.964234 -181.703960 193.131795 208.108364 -17.584112 -3.746055 17.227636 0.000001 0.000001 0.000001 5.594377 -5.024847 -9.229686 1.348655 2.604226 -12.604368 1.522689 2.766540 -14.008987 0.000000 -0.000000 0.000001 0.179424 -0.864073 -14.906545 0.699565 4.613154 -20.527005 1.336416 5.676364 -31.220843 0.000001 0.000000 0.000004 -0.411099 -1.079623 -30.261737 -0.902741 5.196719 -23.217772 -0.805731 4.484771 -20.384087 0.000000 0.000002 -0.000005 0.243273 1.405401 -34.284862 -1.236567 3.630618 -16.179697 -1.187497 9.515467 -43.365465 -0.000000 0.000001 -0.000002 1.156310 16.861341 4.823333 -23.693942 30.452190 60.335746 -2.634941 69.498705 2.814391 38.631236 -17.977924 -5.605355 -75.449377 -50.963747 26.839799 -14.317776 -8.529232 -29.659051 -16.711224 7.390978 -18.314147 0.000000 0.000002 0.000001 6.323314 3.899539 26.023576 3.414392 -3.818357 25.366286 3.456763 -3.662308 26.136636 -0.000000 0.000001 -0.000001 0.937907 -1.626205 30.311266 3.024264 -6.795508 43.952827 1.859517 -5.360031 32.806041 -0.000005 -0.000004 -0.000002 -0.727796 0.033181 42.635803 1.190451 -8.449785 50.241352 0.389209 -6.947740 40.412003 0.000002 -0.000000 -0.000001 -2.788145 -0.385361 57.667636 -1.953280 -8.069974 42.031888 -0.326650 -12.674219 68.043253 -0.000000 0.000003 0.000000 -34.391088 -2.594241 0.756725 71.189600 12.307326 5.604095 -22.814275 17.771000 -1.765429 -19.724198 0.214813 -3.223412 0.000000 -0.000002 0.000001 -33.088650 -2.149550 9.812495 58.738835 -2.630055 1.130350 -36.267874 2.499840 -4.638154 -2.060801 0.000024 0.000001 -0.000000 0.000001 0.000000 
73.744583 89.958076 -38.305679 374.945338 -49.179261 -355.944708 11.329735 -2.057167 -0.885068 0.992679 -0.523708 0.407753 0.990171 -0.543093 0.416460 -3.642957 0.645045 0.376641 -25.362026 4.773869 3.219394 -0.000000 -0.000000 0.000000 -0.110927 -12.641196 -18.619089 -12.414602 -21.651732 -53.072626 -16.604946 -86.555149 -16.630420 51.087797 -3.880243 16.455268 -71.502894 56.769346 -34.543340 -181.455013 192.947571 208.273341 -17.587889 -3.724383 17.242200 0.000002 0.000002 0.000002 5.598105 -5.056103 -9.216729 1.358532 2.618681 -12.681351 1.533599 2.781787 -14.091317 0.000000 0.000000 0.000000 0.176779 -0.874523 -14.925517 0.702572 4.621545 -20.570088 1.337916 5.679258 -31.236624 -0.000003 -0.000001 0.000002 -0.408348 -1.069570 -30.283505 -0.902559 5.204059 -23.251858 -0.805773 4.489216 -20.404833 -0.000002 -0.000000 0.000003 0.268733 1.451800 -34.351084 -1.238592 3.640972 -16.225114 -1.185661 9.522368 -43.396208 0.000002 -0.000001 0.000000 1.190719 16.676201 4.509234 -24.448952 29.724765 62.162050 -2.128601 65.182394 2.348104 38.533267 -17.466612 -10.643911 -75.417904 -50.616309 25.890213 -14.624154 -9.014752 -29.402561 -16.663189 7.718982 -18.150360 -0.000001 -0.000005 -0.000001 6.318247 3.777937 26.192075 3.444776 -3.839525 25.550913 3.466295 -3.668984 26.195220 -0.000001 0.000001 -0.000001 0.950333 -1.653296 30.465185 3.036871 -6.807490 44.054932 1.859342 -5.359804 32.804388 0.000001 -0.000002 -0.000004 -0.740292 0.045487 42.659483 1.199421 -8.463325 50.334782 0.394091 -6.958925 40.482016 -0.000001 -0.000000 0.000001 -2.867178 -0.328985 57.682730 -1.944760 -8.134177 42.357333 -0.336604 -12.658951 67.951305 -0.000000 0.000000 -0.000001 -39.369426 -4.444499 0.120760 76.901114 12.375677 4.598584 -7.721522 16.097183 -2.635867 -31.129567 1.371602 -7.789288 -0.000000 -0.000002 -0.000000 -31.907963 -1.759880 9.741522 58.722148 -3.788101 1.128652 -36.576339 1.885180 -2.932740 -0.004768 0.000011 0.000006 -0.000000 0.000004 -0.000000 
73.124954 90.737473 -38.040405 372.957015 -47.761717 -356.694116 11.107643 -1.666009 -1.840087 0.955056 -0.369357 0.162327 0.954275 -0.382805 0.168092 -3.438732 0.632888 0.325650 -23.992412 5.062380 2.621674 0.000000 0.000001 0.000001 -0.037437 -11.966771 -18.525927 -9.257724 -19.820275 -52.009025 -6.701336 -81.617414 -6.771656 49.572055 -4.584845 16.190296 -71.982708 56.814398 -33.616309 -180.933391 192.583331 208.498928 -17.585172 -3.732880 17.226333 0.000002 0.000001 0.000000 5.591031 -5.086602 -9.176575 1.378011 2.647065 -12.832551 1.554332 2.810582 -14.247438 -0.000001 -0.000000 0.000003 0.172172 -0.892525 -14.959569 0.707474 4.635061 -20.639582 1.336286 5.676150 -31.219695 0.000002 -0.000002 0.000005 -0.403039 -1.053098 -30.308910 -0.902276 5.214699 -23.301341 -0.805809 4.495165 -20.432707 -0.000002 -0.000005 0.000001 0.307312 1.516292 -34.400589 -1.242731 3.662102 -16.317675 -1.184134 9.528145 -43.421794 0.000000 0.000001 -0.000001 1.166664 16.127571 4.615647 -22.969786 29.590207 63.157065 -1.667332 59.476816 1.940855 37.283779 -13.639836 -11.355370 -75.129800 -50.266067 24.738240 -14.715690 -9.504692 -29.066225 -16.615677 7.986297 -17.946711 0.000003 -0.000004 -0.000001 6.303465 3.651851 26.193483 3.470027 -3.856997 25.704012 3.480820 -3.679128 26.284240 0.000001 -0.000000 -0.000001 0.950268 -1.654102 30.498335 3.031854 -6.802724 44.014279 1.844470 -5.339272 32.655804 0.000000 -0.000000 0.000006 -0.744643 0.065267 42.554141 1.192058 -8.452204 50.257929 0.389679 -6.948806 40.418850 -0.000002 0.000001 -0.000000 -2.967402 -0.334262 57.496826 -1.940504 -8.165261 42.514946 -0.365128 -12.614882 67.686430 -0.000000 -0.000004 0.000001 -42.926605 -5.077747 -0.407156 79.570959 12.280952 3.496944 6.109514 13.103779 -3.011900 -33.669745 2.906563 -11.228499 0.000000 0.000001 0.000000 -29.190972 -1.261914 9.541847 56.859877 -5.952436 1.052833 -36.440996 2.119678 -3.572872 -1.040570 0.000008 -0.000001 -0.000000 -0.000001 0.000000 
72.390419 91.892456 -37.575718 371.241354 -46.465500 -357.068547 10.476557 -1.184718 -2.987811 0.825507 -0.178873 -0.079240 0.825962 -0.185950 -0.077358 -3.051933 0.596511 0.287341 -22.045682 5.005786 2.325586 -0.000000 0.000003 0.000001 0.037936 -11.262561 -18.416386 -6.097081 -17.875541 -51.245881 -4.158681 -76.667186 -4.273745 48.168939 -5.179192 15.830929 -72.706776 56.874049 -32.220680 -180.139600 192.063663 208.783010 -17.575409 -3.774342 17.177468 0.000001 0.000004 0.000001 5.574536 -5.113700 -9.108196 1.406428 2.688191 -13.052143 1.584206 2.851801 -14.471400 -0.000002 -0.000000 -0.000001 0.165661 -0.917996 -15.004920 0.713690 4.652271 -20.728082 1.331183 5.666397 -31.166344 -0.000003 -0.000000 0.000002 -0.395349 -1.031613 -30.331904 -0.901959 5.227034 -23.358687 -0.805857 4.501494 -20.462231 -0.000004 0.000001 -0.000003 0.357590 1.595952 -34.425393 -1.248668 3.692755 -16.451914 -1.183490 9.530549 -43.432510 0.000001 0.000002 0.000001 1.077402 15.546409 5.395649 -19.393586 29.511226 63.064769 -1.267971 52.275594 1.611811 30.424029 6.264954 -26.789518 -74.575243 -49.908995 23.418875 -14.728883 -9.946695 -28.620011 -16.516499 8.231891 -17.740001 -0.000001 -0.000002 0.000001 6.281125 3.521478 26.050260 3.491949 -3.872100 25.836719 3.500626 -3.692900 26.405428 -0.000002 -0.000000 0.000001 0.939226 -1.631964 30.429896 3.012088 -6.783926 43.854056 1.816930 -5.300896 32.379195 -0.000001 0.000002 0.000002 -0.741678 0.090970 42.338891 1.170945 -8.420133 50.037150 0.377407 -6.920638 40.242641 -0.000001 -0.000002 0.000002 -3.058918 -0.358781 57.144487 -1.940048 -8.168572 42.531742 -0.409209 -12.545843 67.273081 0.000000 -0.000002 -0.000001 -45.823691 -4.942383 -0.774316 80.905578 12.553214 2.436658 17.283012 9.728033 -1.552236 -28.683721 3.416888 -12.217129 -0.000002 0.000001 0.000001 -26.705060 -0.690313 8.950419 54.818326 -7.472334 0.973591 -34.182522 1.983576 -3.376630 -3.871778 -0.000006 0.000011 -0.000000 0.000000 0.000000 
71.564896 93.190689 -37.009663 369.343791 -45.534501 -357.688401 9.959645 -0.525663 -4.142144 0.695076 0.063232 -0.273159 0.696288 0.061260 -0.274682 -2.655457 0.555962 0.277141 -20.130606 4.971567 2.028986 0.000000 -0.000001 0.000000 0.112746 -10.542562 -18.296509 -3.036002 -15.873817 -50.853497 -2.988302 -71.766136 -3.148011 46.835300 -5.716790 15.428781 -73.833887 54.208701 -30.467404 -179.872321 189.446580 209.155187 -17.558249 -3.852115 17.093272 -0.000000 0.000002 -0.000002 5.575657 -5.504021 -8.444293 1.443193 2.740863 -13.334279 1.622579 2.904241 -14.757329 -0.000001 -0.000001 0.000002 0.084670 -1.360445 -14.531159 0.720905 4.671996 -20.829623 1.322235 5.649334 -31.072986 -0.000001 -0.000000 -0.000001 -0.511034 -1.390158 -29.818711 -0.901616 5.239757 -23.417730 -0.805883 4.507009 -20.487981 -0.000004 -0.000001 -0.000001 0.242049 1.357879 -33.875180 -1.255840 3.730377 -16.616546 -1.184307 9.527491 -43.418925 0.000003 0.000002 0.000000 1.022520 15.197232 6.052407 -16.404146 29.313205 62.909901 -1.013264 46.004524 1.420813 26.823975 8.735619 -24.589016 -73.739965 -49.541712 21.973799 -14.667205 -10.342792 -28.066958 -16.365118 8.458139 -17.532816 -0.000002 0.000001 0.000000 6.249121 3.387855 25.772520 3.511032 -3.885190 25.952135 3.525583 -3.710176 26.558082 0.000002 0.000001 -0.000001 0.917973 -1.588203 30.267857 2.978904 -6.752160 43.584366 1.777895 -5.245871 31.984096 -0.000001 0.000000 0.000000 -0.731775 0.121687 42.022589 1.137519 -8.368704 49.684227 0.358141 -6.875773 39.962535 -0.000002 -0.000001 0.000003 -3.140625 -0.401736 56.638592 -1.943105 -8.146338 42.418962 -0.467004 -12.453582 66.723831 -0.000000 -0.000000 0.000000 -47.259349 -4.023186 -0.303748 81.345545 12.096215 1.497840 20.367851 4.328321 1.292457 -16.589911 1.386288 -8.032441 0.000004 0.000000 0.000001 -24.328936 -0.217701 8.392754 53.080470 -8.488374 0.910955 -30.448994 1.744022 -3.058153 -8.196351 -0.000011 0.000013 0.000000 0.000001 0.000000 
70.613075 94.697571 -36.275402 366.863011 -45.402477 -359.141428 9.837103 0.533571 -5.203448 0.591006 0.413716 -0.357195 0.591720 0.413704 -0.360670 -2.297158 0.513805 0.328301 -18.477422 5.110736 1.629820 0.000000 0.000005 0.000001 0.186173 -9.811669 -18.167847 -0.110125 -13.848852 -50.826019 -2.311535 -66.953011 -2.515667 45.569458 -6.217021 15.006598 -73.590774 54.180540 -28.759727 -179.748873 188.533411 209.021438 -17.483469 -3.964399 16.980499 0.000005 0.000005 0.000003 5.505769 -5.147156 -8.883113 1.487639 2.803874 -13.673135 1.668821 2.966719 -15.099327 -0.000001 -0.000000 -0.000000 0.147266 -0.991156 -15.114582 0.728223 4.691956 -20.932452 1.309185 5.624226 -30.935962 -0.000001 0.000001 -0.000001 -0.373393 -0.979398 -30.346592 -0.901303 5.250276 -23.466643 -0.805908 4.510546 -20.504535 -0.000001 0.000003 0.000001 0.487947 1.789885 -34.368948 -1.264718 3.777778 -16.823675 -1.187167 9.516684 -43.370912 0.000001 -0.000001 0.000000 1.038740 15.074227 6.141143 -14.016277 29.362700 63.225299 -0.779141 38.652450 1.265089 25.391447 10.390406 -18.712201 -72.608784 -49.160246 20.447088 -14.535519 -10.692644 -27.414049 -16.163921 8.666981 -17.326762 -0.000000 -0.000004 -0.000001 6.206311 3.252211 25.370371 3.527807 -3.896619 26.053253 3.555631 -3.730843 26.741557 0.000001 0.000001 0.000000 0.887361 -1.524038 30.020338 2.933765 -6.708423 43.215228 1.728653 -5.175273 31.480086 0.000004 0.000000 0.000001 -0.715314 0.156368 41.614195 1.093133 -8.299410 49.210987 0.332659 -6.815556 39.587626 0.000002 0.000002 0.000002 -3.211600 -0.462929 55.991954 -1.949245 -8.100785 42.188060 -0.536577 -12.339810 66.051160 0.000001 0.000002 0.000000 -47.052494 -2.879630 0.686955 80.658039 7.887429 0.525550 20.186216 1.214423 4.144317 -7.193373 0.113752 -2.393620 -0.000001 -0.000000 0.000001 -21.147451 0.159385 8.149870 50.807069 -8.662670 0.843699 -25.582252 1.501378 -2.981875 -13.263212 0.000007 0.000017 -0.000000 -0.000000 0.000000 
69.672768 96.258392 -35.281544 364.272102 -45.165070 -360.675762 9.659008 1.494708 -5.903239 0.600883 0.708891 -0.481083 0.600506 0.710762 -0.486344 -2.140004 0.464693 0.290623 -17.651813 4.886147 1.849033 0.000000 0.000001 0.000000 0.258329 -9.068596 -18.028453 2.683005 -11.801875 -51.108998 -1.871220 -62.302855 -2.118962 44.408722 -6.677065 14.575140 -72.021135 54.141072 -27.778113 -179.673768 188.367055 208.607351 -17.355202 -4.114864 16.835919 -0.000000 -0.000000 -0.000001 5.451154 -5.148354 -8.724478 1.539232 2.876005 -14.062835 1.722283 3.038002 -15.491509 0.000003 -0.000001 -0.000000 0.135498 -1.038707 -15.171431 0.735436 4.711560 -21.033438 1.291716 5.590397 -30.751677 0.000004 0.000001 0.000000 -0.359522 -0.951414 -30.326217 -0.901070 5.257899 -23.502136 -0.805926 4.510963 -20.506456 -0.000005 -0.000002 -0.000000 0.468377 1.962294 -34.262411 -1.273997 3.828289 -17.044558 -1.192635 9.496104 -43.279261 0.000001 -0.000003 -0.000001 1.039008 14.591791 6.352451 -11.824981 29.346768 63.657466 -0.579180 30.908850 1.153173 22.489936 13.285736 -17.441877 -71.167655 -48.759716 18.883330 -14.339219 -10.996058 -26.667862 -15.913496 8.860348 -17.123508 -0.000000 -0.000001 0.000001 6.151486 3.115925 24.853972 3.542699 -3.906762 26.143099 3.590724 -3.754808 26.955159 0.000000 0.000001 -0.000000 0.848373 -1.440599 29.695395 2.878098 -6.653689 42.756790 1.670521 -5.090163 30.876744 -0.000000 0.000000 0.000003 -0.692745 0.193952 41.122595 1.039404 -8.213707 48.629291 0.301903 -6.741345 39.127056 -0.000001 0.000004 0.000000 -3.270883 -0.542383 55.217336 -1.957863 -8.034141 41.850430 -0.615890 -12.206176 65.267635 -0.000002 -0.000002 -0.000000 -46.083139 -1.575286 1.383526 78.842752 3.519684 -0.193083 19.414640 -0.873112 4.968754 -3.666650 0.000019 -0.000003 -0.000002 0.000002 0.000002 -17.878908 0.637341 7.760096 48.500289 -8.830927 0.798816 -19.731696 1.086656 -2.583747 -18.951458 0.000027 0.000035 -0.000000 0.000004 0.000000 
68.897903 97.560196 -34.200504 362.292932 -44.193339 -361.919894 9.420372 1.890911 -6.017020 0.600298 0.815384 -0.533356 0.599748 0.817979 -0.539708 -2.100763 0.458620 0.117755 -16.918334 4.648506 1.852024 -0.000000 -0.000005 0.000000 0.330714 -8.303215 -17.869913 5.390816 -9.659311 -51.575001 -1.570943 -58.013899 -1.859713 43.475810 -7.063467 14.141285 -70.183718 54.017166 -26.688182 -179.587721 188.151849 208.087532 -17.194550 -4.308595 16.653628 0.000005 0.000005 -0.000000 5.381354 -5.135990 -8.533822 1.597291 2.955936 -14.497145 1.782298 3.116803 -15.927566 0.000002 -0.000002 0.000002 0.122136 -1.093601 -15.224220 0.741883 4.728929 -21.122939 1.269579 5.547186 -30.516602 0.000002 -0.000000 0.000000 -0.344010 -0.924208 -30.278673 -0.900995 5.260550 -23.514373 -0.805913 4.506945 -20.487701 -0.000004 0.000003 0.000002 0.399645 2.175508 -34.093876 -1.283695 3.882351 -17.280601 -1.201312 9.463198 -43.132966 0.000001 0.000001 0.000002 1.040739 14.081641 6.626288 -9.691384 28.510844 63.566685 -0.456567 25.434670 1.096881 22.983160 13.467342 -15.449925 -69.404960 -48.334032 17.326387 -14.084479 -11.252579 -25.835600 -15.614074 9.039994 -16.924649 0.000001 0.000001 0.000000 6.083494 2.980448 24.233412 3.556239 -3.915941 26.224776 3.630755 -3.781914 27.198228 -0.000001 0.000002 0.000003 0.801983 -1.339061 29.301156 2.813365 -6.588918 42.219100 1.604864 -4.991631 30.183613 -0.000002 -0.000003 0.000001 -0.664527 0.233330 40.556707 0.977835 -8.113048 47.950913 0.266794 -6.654481 38.589958 0.000001 0.000000 -0.000001 -3.317603 -0.640295 54.327509 -1.968368 -7.948573 41.417427 -0.702938 -12.054405 64.385762 -0.000000 0.000005 -0.000002 -45.436034 -0.778647 1.323338 75.892643 3.122298 -0.266225 19.286038 -2.130995 0.129561 -3.939502 -0.000016 0.000011 -0.000002 0.000002 -0.000002 -15.636239 0.981632 7.487898 46.998200 -9.572339 0.788285 -13.281708 0.605682 -1.666730 -24.864313 -0.000016 0.000039 -0.000001 0.000002 0.000000 
68.200890 98.751625 -33.075962 360.641665 -42.892642 -362.982781 9.140216 2.038336 -5.864885 0.594693 0.838747 -0.554821 0.594446 0.841581 -0.561962 -2.115498 0.472246 -0.114638 -16.232423 4.410915 1.760508 -0.000000 -0.000003 -0.000001 0.410328 -7.467597 -17.654311 8.243231 -6.999318 -51.779268 -1.396038 -54.928876 -1.714836 43.310520 -7.217539 13.714892 -68.063600 53.794631 -25.531602 -179.490883 187.888969 207.464824 -17.002433 -4.545213 16.435269 0.000003 -0.000005 -0.000003 5.296240 -5.110024 -8.312248 1.661383 3.042706 -14.971479 1.848393 3.202179 -16.402969 0.000004 -0.000001 0.000000 0.107279 -1.155613 -15.271398 0.747282 4.743473 -21.197941 1.243018 5.494699 -30.231824 0.000001 0.000002 0.000001 -0.327030 -0.898338 -30.202243 -0.901080 5.257624 -23.500794 -0.805853 4.498128 -20.446576 -0.000001 0.000002 0.000003 0.322411 2.402016 -33.866622 -1.293707 3.939638 -17.530633 -1.213206 9.417492 -42.929843 0.000002 -0.000000 -0.000000 1.058152 13.481496 6.777299 -6.730380 27.117533 62.837003 -0.398157 22.636707 1.073944 24.029521 11.666536 -14.263999 -67.313229 -47.875518 15.817198 -13.778115 -11.461758 -24.925298 -15.265760 9.207521 -16.731556 -0.000001 0.000002 0.000003 6.001274 2.847330 23.518884 3.568956 -3.924534 26.301283 3.675651 -3.812010 27.470130 0.000001 -0.000000 -0.000002 0.749305 -1.220545 28.845644 2.741016 -6.515068 41.612248 1.533009 -4.880746 29.410320 0.000003 -0.000000 0.000001 -0.631179 0.273366 39.925444 0.910030 -7.998925 47.187810 0.228258 -6.556288 37.985493 -0.000000 -0.000001 0.000001 -3.350921 -0.756907 53.335363 -1.980012 -7.846293 40.900529 -0.795711 -11.886232 63.418088 0.000001 -0.000002 -0.000003 -45.107109 0.036957 0.502809 72.847376 6.048657 -0.001981 17.042927 -2.765810 0.247080 -3.409693 -0.000007 -0.000002 0.000000 -0.000000 -0.000001 -13.555188 1.306053 7.310198 45.353983 -10.436038 0.766244 -6.513073 0.176614 -0.634956 -30.457620 -0.000016 0.000044 -0.000001 0.000002 0.000000 
67.560921 99.841003 -31.943310 359.127085 -41.445670 -363.938406 8.895491 2.102502 -5.632159 0.588208 0.836164 -0.561605 0.588481 0.838976 -0.569417 -2.133561 0.486705 -0.365684 -15.522271 4.100645 1.622657 -0.000000 -0.000002 0.000000 0.511066 -6.443482 -17.288133 11.967864 -2.673247 -50.907306 -1.404799 -55.095748 -1.721947 45.234243 -6.772498 13.279982 -65.644771 53.463664 -24.355182 -179.383430 187.581392 206.745865 -16.780771 -4.822371 16.183097 0.000004 0.000001 -0.000001 5.196189 -5.071579 -8.061648 1.731239 3.135605 -15.482630 1.920290 3.293416 -16.914572 0.000007 -0.000000 -0.000001 0.090991 -1.224261 -15.312990 0.751693 4.755246 -21.258829 1.212428 5.433432 -29.900424 0.000004 0.000002 -0.000000 -0.308754 -0.873774 -30.098369 -0.901315 5.249395 -23.462504 -0.805730 4.484779 -20.384162 0.000002 0.000001 0.000000 0.238862 2.640448 -33.583589 -1.303970 3.999848 -17.793230 -1.228021 9.359586 -42.672973 -0.000001 0.000002 -0.000001 1.118952 13.102822 6.448910 -3.184184 24.406581 61.891677 -0.374364 21.462288 1.065378 26.668986 9.439808 -12.466267 -64.890574 -47.374561 14.392687 -13.398006 -11.635170 -23.952551 -14.901758 9.359757 -16.531995 -0.000002 -0.000005 -0.000000 5.903910 2.718202 22.720590 3.581314 -3.932881 26.375660 3.725360 -3.844992 27.770147 -0.000001 0.000001 0.000001 0.691391 -1.086185 28.337003 2.662537 -6.433128 40.946301 1.456292 -4.758582 28.566378 -0.000002 -0.000001 -0.000000 -0.593248 0.313050 39.237681 0.837458 -7.872799 46.351740 0.187202 -6.448150 37.322766 0.000000 -0.000001 0.000001 -3.370167 -0.892535 52.253812 -1.992179 -7.729512 40.311083 -0.892294 -11.703475 62.377099 0.000001 0.000004 -0.000002 -44.561759 0.804661 -0.529129 69.001255 8.692558 0.336130 15.824788 -2.809977 0.712884 -5.021169 -0.000004 0.000008 0.000003 -0.000002 -0.000001 -11.170436 1.646114 7.187281 43.189055 -11.243666 0.727054 0.011404 -0.155310 0.279764 -35.844372 -0.003347 0.365085 -0.000000 0.000004 0.000001 
66.969933 100.823296 -30.837976 357.548983 -40.028078 -364.839254 8.765286 2.245364 -5.533903 0.585123 0.864759 -0.569832 0.585826 0.867576 -0.578399 -2.104450 0.483015 -0.594487 -14.716063 3.646302 1.487970 0.000000 0.000000 0.000000 0.613882 -5.265704 -16.644623 15.479268 0.693083 -49.889232 -1.413243 -55.255476 -1.728830 41.663321 -6.436900 10.793870 -62.918692 53.013299 -23.199760 -179.265514 187.232219 205.937348 -16.531848 -5.138434 15.901024 -0.000001 0.000001 0.000000 5.081549 -5.021722 -7.784009 1.806582 3.233860 -16.027372 1.997711 3.389795 -17.459176 0.000001 -0.000002 -0.000000 0.073457 -1.299113 -15.349117 0.755112 4.764372 -21.305918 1.178243 5.363925 -29.525600 -0.000000 0.000000 0.000001 -0.289320 -0.850415 -29.968520 -0.901701 5.236082 -23.400658 -0.805570 4.467098 -20.301520 -0.000002 -0.000000 -0.000001 0.151239 2.889376 -33.247899 -1.314363 4.062684 -18.066936 -1.245388 9.290177 -42.365447 -0.000001 -0.000001 0.000003 1.156511 12.516575 6.411627 0.656215 21.746656 60.362446 -0.369879 21.238670 1.063833 27.031872 7.197056 -10.433292 -62.142031 -46.819014 13.083774 -12.866011 -11.804279 -22.944706 -14.617978 9.487220 -16.292817 -0.000001 0.000002 0.000001 5.790782 2.594651 21.848682 3.593859 -3.941287 26.450959 3.779808 -3.880671 28.097643 -0.000001 0.000002 -0.000002 0.629374 -0.937248 27.783318 2.579332 -6.344143 40.231375 1.376022 -4.626298 27.661402 0.000000 0.000002 0.000001 -0.551349 0.351287 38.502371 0.761664 -7.736250 45.454537 0.144499 -6.331444 36.610914 0.000000 -0.000003 -0.000001 -3.374763 -1.047438 51.095730 -2.004186 -7.600424 39.660535 -0.990843 -11.507996 61.275253 0.000002 -0.000001 0.000002 -43.434064 1.605595 -1.574864 64.415063 10.472543 0.597455 14.828703 -2.288692 1.089850 -6.819043 -0.000001 0.000014 -0.000001 0.000001 -0.000000 -8.962226 0.758850 6.337730 41.087607 -11.083536 0.708739 7.160395 -0.058386 1.184203 -42.104930 -0.043691 1.130879 -0.000000 0.000005 0.000000 
66.449425 101.599701 -29.733818 355.741141 -38.835257 -365.715103 8.845282 2.718017 -5.770636 0.574198 1.006894 -0.575801 0.574897 1.009854 -0.585096 -1.930089 0.427077 -0.783435 -13.717624 2.799701 1.329353 -0.000001 0.000001 0.000000 0.700917 -4.062797 -15.926077 18.418703 4.110287 -48.981967 -1.425020 -55.475824 -1.738474 37.256428 -5.366196 8.426377 -59.886327 52.430619 -22.096454 -179.137270 186.844456 205.045762 -16.257735 -5.491546 15.592292 0.000002 -0.000001 -0.000000 4.952680 -4.961674 -7.481229 1.887113 3.336811 -16.602515 2.080349 3.490610 -18.033651 -0.000001 -0.000001 -0.000001 0.054741 -1.379731 -15.379824 0.757565 4.770875 -21.339563 1.140926 5.286665 -29.110447 0.000000 -0.000001 0.000000 -0.268864 -0.828234 -29.814117 -0.902198 5.217943 -23.316352 -0.805341 4.445307 -20.199712 -0.000000 0.000001 0.000001 0.061717 3.147321 -32.862564 -1.324823 4.127747 -18.350326 -1.264984 9.209909 -42.010414 -0.000000 -0.000000 -0.000000 1.202450 12.111746 6.338859 4.621349 18.496007 58.563961 -0.392483 22.358505 1.071878 25.191148 4.568124 -7.238819 -59.080399 -46.194379 11.913809 -12.268673 -11.934402 -21.890206 -14.325101 9.603463 -16.049760 -0.000001 0.000001 -0.000000 5.661529 2.478357 20.913442 3.607052 -3.950145 26.530251 3.838965 -3.918933 28.451961 -0.000002 0.000002 0.000000 0.564329 -0.775007 27.192605 2.492788 -6.249161 39.477448 1.293462 -4.485060 26.704887 -0.000000 0.000001 -0.000001 -0.506097 0.387142 37.728449 0.684032 -7.590831 44.507961 0.100994 -6.207565 35.859084 0.000000 -0.000006 -0.000001 -3.364382 -1.221818 49.874130 -2.015464 -7.461305 38.960253 -1.089632 -11.301760 60.124933 -0.000000 0.000003 -0.000000 -41.509867 2.522554 -2.374478 59.215534 10.160848 0.508736 13.475108 -0.670191 0.650832 -7.034824 -0.000004 0.000004 0.000001 -0.000000 -0.000000 -7.366611 -1.964592 4.374771 39.564933 -9.294845 0.694743 15.587485 0.606649 1.988504 -51.076896 -0.040603 0.326982 -0.000000 0.000000 0.000000 
66.005646 101.904434 -28.660913 354.116048 -37.859971 -366.548222 8.842628 3.312464 -5.948311 0.565824 1.175536 -0.572987 0.566517 1.178031 -0.582892 -1.738520 0.342139 -0.895066 -12.753810 1.846929 1.270257 0.000000 -0.000000 -0.000001 0.760305 -2.930334 -15.061110 20.988271 7.838831 -47.759415 -1.427327 -55.518035 -1.740372 33.426949 -5.398375 4.510606 -56.559697 51.701530 -21.066148 -178.998891 186.421230 204.077829 -15.960559 -5.879747 15.260210 0.000002 -0.000000 -0.000000 4.809917 -4.892515 -7.155293 1.972543 3.443705 -17.204837 2.167861 3.595172 -18.634768 -0.000002 -0.000001 -0.000000 0.034979 -1.465618 -15.405212 0.759057 4.774882 -21.360167 1.100903 5.202145 -28.658128 0.000000 0.000000 0.000001 -0.247581 -0.807180 -29.636652 -0.902791 5.195210 -23.210755 -0.805008 4.419643 -20.079802 -0.000001 -0.000000 -0.000001 -0.027591 3.412767 -32.430852 -1.335249 4.194764 -18.641922 -1.286416 9.119442 -41.610964 0.000001 0.000000 -0.000002 1.256416 11.471160 6.070306 8.546490 14.963319 56.295666 -0.435542 24.440976 1.088327 23.120657 3.589165 -4.874869 -55.727541 -45.484033 10.897725 -11.613167 -12.025068 -20.797996 -14.024683 9.710175 -15.804072 0.000001 -0.000005 0.000001 5.516159 2.370912 19.925176 3.621435 -3.959770 26.616523 3.902729 -3.959581 28.832418 -0.000001 0.000000 0.000002 0.497320 -0.600886 26.573000 2.404247 -6.149296 38.694681 1.209792 -4.336137 25.706414 0.000001 0.000001 -0.000001 -0.458151 0.419744 36.924833 0.605906 -7.438259 43.523892 0.057405 -6.077946 35.076314 0.000001 0.000005 0.000001 -3.338867 -1.415719 48.602103 -2.025517 -7.314362 38.221612 -1.187101 -11.086857 58.938590 -0.000002 0.000000 0.000001 -40.016565 3.478902 -2.843034 54.425348 9.464091 0.022569 11.820219 -0.092755 1.384206 -5.822190 0.000006 0.000003 -0.000002 0.000001 -0.000000 -8.189671 -5.551687 1.692567 41.882266 -7.411724 0.882226 20.793775 1.677221 3.652138 -51.015192 0.042864 -0.777416 0.000000 0.000002 0.000000 
65.603111 101.860275 -27.607077 352.539449 -36.897891 -367.502153 8.867660 3.904766 -5.937991 0.567747 1.333547 -0.542211 0.568840 1.334906 -0.552709 -1.528743 0.248790 -0.981173 -11.832954 0.863282 1.224353 -0.000000 0.000002 -0.000000 0.793325 -1.593733 -13.929831 23.019672 11.460356 -46.630781 -1.475863 -56.398819 -1.780303 27.503661 -4.755448 -2.618914 -52.963158 50.810604 -20.117060 -178.850511 185.965561 203.039968 -15.642405 -6.301101 14.907877 0.000002 0.000001 -0.000001 4.653696 -4.815418 -6.808080 2.062534 3.553862 -17.831141 2.259936 3.702835 -19.259414 -0.000000 -0.000001 0.000000 0.014290 -1.556362 -15.425330 0.759651 4.776403 -21.368001 1.058590 5.110886 -28.171783 0.000000 -0.000000 0.000002 -0.225597 -0.787230 -29.437545 -0.903426 5.168104 -23.084960 -0.804576 4.390350 -19.942867 -0.000001 -0.000001 0.000002 -0.114645 3.684190 -31.955897 -1.345547 4.263410 -18.940330 -1.309374 9.019380 -41.170181 0.000000 0.000000 -0.000001 1.307399 10.737266 5.701039 12.679661 11.147177 54.255635 -0.488609 26.918723 1.110550 20.885142 3.268872 -2.802288 -52.113831 -44.669598 10.040557 -10.907133 -12.076364 -19.677037 -13.718294 9.809018 -15.557036 -0.000003 -0.000001 0.000000 5.354966 2.273821 18.894093 3.637542 -3.970473 26.712887 3.971038 -4.002496 29.238353 -0.000001 -0.000001 0.000003 0.429335 -0.416375 25.932393 2.314996 -6.045754 37.892961 1.126136 -4.180788 24.675452 0.000001 -0.000002 -0.000002 -0.408163 0.448287 36.100432 0.528436 -7.280224 42.513983 0.014516 -5.944086 34.271721 0.000001 -0.000004 -0.000001 -3.298268 -1.629119 47.292605 -2.033892 -7.161870 37.455989 -1.281885 -10.865395 57.728390 0.000002 -0.000000 0.000002 -38.385212 4.018054 -3.308717 49.713146 8.812381 -0.364569 11.601705 -0.066941 0.056379 -6.085771 0.000002 0.000006 -0.000000 0.000004 -0.000001 -9.942439 -8.847047 -1.184279 45.551201 -5.877785 1.130712 24.544013 2.854470 5.551264 -50.070816 0.000005 0.000076 -0.000000 0.000002 -0.000000 
65.196541 101.604797 -26.536745 350.892363 -35.849932 -368.630938 8.953246 4.418733 -5.759736 0.591495 1.461486 -0.489356 0.593453 1.460916 -0.500658 -1.286907 0.154494 -1.038630 -10.898532 -0.101952 1.201801 0.000000 -0.000001 -0.000001 0.788179 -0.354507 -12.787149 24.698399 14.687627 -45.362367 -1.515024 -57.081742 -1.812815 27.190966 -4.154931 -4.044440 -49.132689 49.742502 -19.245537 -178.692338 185.480603 201.938805 -15.305342 -6.753507 14.538495 0.000001 0.000000 -0.000003 4.484395 -4.731464 -6.441594 2.156728 3.666571 -18.478165 2.356242 3.812865 -19.904380 -0.000001 -0.000000 0.000001 -0.007204 -1.651408 -15.440288 0.759305 4.775521 -21.363454 1.014467 5.013455 -27.654514 -0.000000 -0.000000 0.000002 -0.203097 -0.768344 -29.218286 -0.904074 5.136943 -22.940088 -0.804014 4.357622 -19.790015 -0.000001 0.000001 -0.000001 -0.197529 3.960096 -31.441048 -1.355684 4.333309 -19.244084 -1.333384 8.910441 -40.691231 0.000000 -0.000001 -0.000000 1.355414 10.057573 5.222241 16.715860 7.205456 52.568131 -0.541259 29.275308 1.134627 18.492461 2.996226 -0.432585 -48.278550 -43.732287 9.337949 -10.158828 -12.089099 -18.536546 -13.407579 9.901487 -15.309787 -0.000001 -0.000000 -0.000003 5.178792 2.188525 17.830603 3.655814 -3.982603 26.822317 4.043857 -4.047501 29.669095 0.000002 -0.000002 -0.000002 0.361409 -0.223008 25.278902 2.226212 -5.939789 37.082446 1.043497 -4.020397 23.621554 0.000001 -0.000002 -0.000000 -0.356747 0.472134 35.264284 0.452765 -7.118532 41.489953 -0.027161 -5.807438 33.454366 0.000002 -0.000004 -0.000000 -3.242831 -1.861687 45.958868 -2.040330 -7.006119 36.674731 -1.372717 -10.639661 56.506749 -0.000000 0.000001 -0.000002 -36.506483 4.383764 -3.811957 44.769107 8.333492 -0.593634 13.396239 -0.712213 -1.623852 -7.193171 0.000001 0.000005 -0.000001 -0.000000 0.000000 -11.009047 -10.930763 -3.347884 48.496669 -5.010322 1.291065 27.742444 3.874926 7.394480 -49.531323 -0.000009 0.000081 -0.000001 0.000001 -0.000000 
64.747154 101.020966 -25.388098 348.962315 -34.548514 -370.201307 9.194448 4.707042 -5.251466 0.670857 1.509757 -0.398240 0.674747 1.505724 -0.410960 -0.966716 0.065868 -1.035664 -9.877574 -0.978522 1.233636 -0.000000 -0.000001 0.000001 0.727628 0.749256 -11.409353 26.152267 18.282060 -43.990875 -1.528733 -57.314528 -1.824283 25.786380 -3.961531 -7.598372 -45.114291 48.482674 -18.436692 -178.524670 184.969459 200.780774 -14.951426 -7.234937 14.155142 0.000003 0.000003 -0.000002 4.302528 -4.641827 -6.057794 2.254779 3.781176 -19.142746 2.456315 3.924657 -20.566483 -0.000000 0.000002 -0.000001 -0.029350 -1.750339 -15.450113 0.758080 4.772313 -21.346873 0.968910 4.910309 -27.109501 -0.000001 0.000001 0.000004 -0.180196 -0.750553 -28.980318 -0.904732 5.101883 -22.777294 -0.803280 4.321734 -19.622246 0.000002 -0.000001 0.000004 -0.274441 4.238874 -30.889643 -1.365574 4.404176 -19.551732 -1.358144 8.793237 -40.177177 -0.000002 0.000000 0.000001 1.406666 9.536016 4.524238 20.052047 3.225022 50.365528 -0.586488 31.217735 1.156838 15.786642 2.674994 2.746256 -44.268396 -42.654029 8.775844 -9.376934 -12.064832 -17.385702 -13.094151 9.989108 -15.063641 -0.000003 -0.000000 0.000003 4.988705 2.116228 16.745022 3.676824 -3.996490 26.947929 4.121115 -4.094411 30.124013 0.000001 -0.000001 -0.000001 0.294326 -0.022553 24.620388 2.139082 -5.832675 36.273123 0.962811 -3.856368 22.554144 -0.000001 0.000001 0.000002 -0.304566 0.490670 34.425297 0.379852 -6.955051 40.463516 -0.067054 -5.669530 32.633329 -0.000001 0.000002 0.000001 -3.173064 -2.113029 44.614044 -2.044650 -6.849361 35.889099 -1.458612 -10.411969 55.285778 0.000002 -0.000001 0.000001 -34.572929 4.661218 -4.109933 40.249748 7.625836 -0.878526 15.018321 -1.069087 -2.074353 -7.208771 -0.000001 0.000003 0.000000 0.000003 0.000001 -11.042515 -11.693362 -4.277087 50.996296 -5.133195 1.330260 30.018989 4.915869 9.697855 -46.111673 0.044451 -1.306801 0.000003 0.000002 -0.000000 
64.351875 100.105743 -24.309446 347.303617 -33.168819 -371.560078 9.338118 4.828067 -4.716630 0.682786 1.515295 -0.300234 0.688805 1.509254 -0.313657 -0.535464 -0.028224 -0.999651 -8.661996 -1.914626 1.255986 -0.000000 0.000000 -0.000000 0.628131 1.639219 -10.046248 27.592509 21.439959 -42.691302 -1.526214 -57.271963 -1.822171 25.388481 -3.887362 -9.102557 -40.961905 47.019036 -17.666359 -178.347782 184.435270 199.572445 -14.582727 -7.743170 13.760957 0.000004 0.000003 0.000000 4.108618 -4.547532 -5.658613 2.356283 3.897020 -19.821593 2.559820 4.037566 -21.242549 -0.000001 -0.000000 -0.000001 -0.052061 -1.852599 -15.454930 0.756034 4.766822 -21.318590 0.922349 4.802018 -26.539851 0.000002 0.000002 -0.000002 -0.157119 -0.733799 -28.725122 -0.905348 5.063221 -22.597643 -0.802365 4.282876 -19.440699 -0.000002 -0.000001 -0.000001 -0.343813 4.519047 -30.305095 -1.375129 4.475657 -19.861830 -1.383288 8.668459 -39.631128 0.000002 -0.000002 0.000002 1.447860 8.970484 3.535176 23.054860 -0.288727 48.240984 -0.636532 33.277225 1.182896 13.220973 1.560328 5.571676 -40.135643 -41.419063 8.332606 -8.570550 -12.005984 -16.233666 -12.779668 10.073341 -14.819936 0.000002 -0.000001 -0.000001 4.786270 2.057955 15.647735 3.701103 -4.012430 27.092744 4.202734 -4.143073 30.602406 -0.000002 0.000005 -0.000000 0.228859 0.183240 23.964885 2.054613 -5.725822 35.474937 0.884916 -3.690180 21.482746 -0.000000 -0.000002 -0.000000 -0.252195 0.503468 33.592472 0.310475 -6.791700 39.446337 -0.104712 -5.531945 31.817651 -0.000001 -0.000001 -0.000000 -3.089624 -2.382446 43.271328 -2.046781 -6.693902 35.110458 -1.538764 -10.184725 54.077654 -0.000000 -0.000002 -0.000001 -32.994011 5.057638 -4.224900 36.553284 6.909270 -1.421105 16.902736 -1.725073 -2.178782 -7.294007 0.000002 0.000003 -0.000000 -0.000001 0.000001 -11.297719 -11.652128 -4.767966 53.742148 -5.841661 1.310250 31.572064 6.125193 12.497413 -42.748822 0.658779 -5.304860 -0.000002 0.000002 -0.000001 
63.982937 98.956970 -23.302402 345.698851 -32.071389 -373.018897 9.438791 5.033290 -4.160619 0.720051 1.534001 -0.276520 0.727019 1.526678 -0.291199 -0.110808 -0.150615 -0.868728 -7.251044 -2.918154 1.776911 -0.000000 -0.000000 -0.000000 0.461920 2.404404 -8.361329 28.721393 24.542903 -41.391185 -1.506735 -56.938776 -1.805906 24.466106 -4.195988 -8.560237 -36.733177 45.343317 -16.904650 -178.162110 183.881164 198.320157 -14.201270 -8.275989 13.358847 0.000003 -0.000000 -0.000002 3.903283 -4.449662 -5.246093 2.460800 4.013469 -20.511490 2.666287 4.150946 -21.929384 -0.000001 0.000001 -0.000001 -0.075131 -1.957782 -15.454806 0.753152 4.759158 -21.278947 0.875181 4.689135 -25.948672 0.000003 -0.000001 0.000003 -0.134000 -0.718177 -28.454163 -0.905850 5.021166 -22.402327 -0.801263 4.241305 -19.246402 0.000001 -0.000001 -0.000000 -0.404152 4.799028 -29.690938 -1.384332 4.547406 -20.172957 -1.408472 8.536770 -39.056237 0.000001 0.000002 -0.000001 1.479465 8.545140 3.015444 25.396252 -3.761497 45.651246 -0.667525 34.508482 1.199796 10.826987 0.486187 7.842239 -35.935872 -40.015531 7.980484 -7.749092 -11.915904 -15.089367 -12.465812 10.155568 -14.579973 0.000000 -0.000002 0.000002 4.573405 2.014481 14.549092 3.729145 -4.030726 27.259811 4.288665 -4.193317 31.103623 0.000000 -0.000002 0.000000 0.165646 0.392464 23.320260 1.973834 -5.620648 34.697928 0.810501 -3.523353 20.416750 -0.000002 -0.000000 -0.000001 -0.200229 0.510114 32.774758 0.245392 -6.630447 38.450041 -0.139794 -5.396224 31.016347 0.000001 0.000001 0.000003 -2.993439 -2.669071 41.943942 -2.046841 -6.542021 34.350070 -1.612524 -9.960394 52.894450 -0.000001 -0.000001 -0.000001 -31.027005 5.273417 -4.440356 32.709247 6.006566 -1.741001 19.022179 -1.304146 -1.272576 -7.813975 0.000013 0.000011 0.000001 -0.000000 0.000001 -11.533541 -11.387312 -4.975611 56.557706 -6.314867 1.295479 32.477802 7.206849 15.139094 -43.125254 1.966126 -6.835120 0.000001 -0.000000 -0.000001 
63.573391 97.552185 -22.253527 343.655723 -31.039221 -374.542357 9.866258 5.278430 -3.938925 0.787485 1.591496 -0.195069 0.796270 1.581703 -0.211062 0.324802 -0.230322 -0.846005 -5.601106 -3.859776 2.318919 -0.000000 0.000002 -0.000002 0.293297 3.174534 -6.977603 29.378932 27.625972 -39.595355 -1.466366 -56.229874 -1.772425 22.787579 -4.351755 -7.483105 -32.486343 43.452287 -16.118734 -177.968051 183.310311 197.030453 -13.809080 -8.830976 12.951678 -0.000001 -0.000001 -0.000000 3.687198 -4.349201 -4.822230 2.567878 4.129890 -21.209243 2.775283 4.264235 -22.623789 -0.000000 -0.000001 0.000002 -0.098496 -2.065293 -15.449775 0.749469 4.749353 -21.228279 0.827734 4.572168 -25.339102 0.000004 0.000001 -0.000001 -0.110958 -0.703706 -28.168926 -0.906250 4.975963 -22.192410 -0.799949 4.197217 -19.040436 0.000000 -0.000001 -0.000000 -0.454236 5.077362 -29.050656 -1.393145 4.619108 -20.483666 -1.433339 8.398871 -38.455515 0.000001 -0.000004 0.000000 1.491203 7.997825 1.829456 26.998401 -6.759055 43.221348 -0.654959 34.013830 1.192879 9.197656 -0.572300 9.476619 -31.724497 -38.436698 7.688908 -6.922280 -11.798885 -13.961439 -12.154250 10.237119 -14.345037 0.000005 0.000002 0.000003 4.352380 1.986319 13.459532 3.761500 -4.051716 27.452176 4.378868 -4.244969 31.626993 -0.000001 0.000004 0.000000 0.105201 0.603181 22.694400 1.897625 -5.518634 33.952099 0.740155 -3.357452 19.365613 -0.000001 0.000000 -0.000001 -0.149095 0.510366 31.981189 0.185064 -6.473335 37.486237 -0.172027 -5.263967 30.238463 0.000004 0.000002 -0.000000 -2.885592 -2.971867 40.645073 -2.044966 -6.396011 33.619233 -1.679501 -9.741493 51.748293 0.000001 0.000001 -0.000001 -28.652767 5.348897 -5.022780 29.758772 5.081791 -1.915089 20.366311 -0.581657 0.395599 -7.980053 0.000008 0.000001 0.000001 -0.000002 0.000001 -11.247082 -11.210987 -5.469724 59.631424 -6.171929 1.363801 32.466396 7.915588 17.317712 -43.988279 3.183106 -7.902633 0.000001 -0.000001 -0.000000 
63.193043 95.902397 -21.223658 341.722041 -30.049646 -375.979565 10.191264 5.274303 -3.685100 0.812514 1.575649 -0.178967 0.822378 1.565513 -0.196112 0.758869 -0.318875 -0.724773 -3.799964 -4.716024 2.964978 -0.000001 -0.000000 -0.000000 0.058763 4.203140 -5.366303 29.867406 30.047331 -37.799571 -1.398572 -54.977576 -1.716907 21.179899 -4.719789 -6.811677 -28.275773 41.348657 -15.277004 -177.766205 182.725879 195.709686 -13.408138 -9.405643 12.542164 0.000002 0.000001 -0.000005 3.461159 -4.247070 -4.389009 2.677079 4.245690 -21.911537 2.886318 4.376836 -23.322545 -0.000001 -0.000002 0.000002 -0.121939 -2.174656 -15.439940 0.745035 4.737453 -21.166942 0.780392 4.451726 -24.714259 0.000004 -0.000000 0.000001 -0.088163 -0.690357 -27.870841 -0.906482 4.927842 -21.969070 -0.798366 4.150887 -18.823868 -0.000001 -0.000001 0.000002 -0.492995 5.352593 -28.387876 -1.401510 4.690428 -20.792494 -1.457607 8.255413 -37.832114 0.000000 -0.000003 0.000001 1.496269 7.582705 0.984478 27.879084 -9.269057 40.156093 -0.618230 32.535046 1.173191 8.262931 -1.118649 11.776973 -27.554322 -36.682026 7.427092 -6.099910 -11.660086 -12.858258 -11.846719 10.319227 -14.116439 -0.000003 -0.000000 0.000004 4.125824 1.973639 12.389388 3.798704 -4.075643 27.672856 4.473262 -4.297870 32.171888 0.000001 0.000001 0.000004 0.047868 0.813365 22.095194 1.826830 -5.421338 33.247472 0.674395 -3.194107 18.338781 -0.000000 0.000002 -0.000002 -0.099278 0.503997 31.220692 0.130018 -6.322422 36.566575 -0.201224 -5.136783 29.492992 0.000001 -0.000000 0.000002 -2.767379 -3.289581 39.387990 -2.041465 -6.258148 32.929199 -1.739451 -9.530575 50.651143 -0.000001 -0.000001 0.000002 -25.846515 5.139710 -6.063148 26.705625 3.836808 -1.896203 21.107250 0.148446 3.261786 -7.028711 0.000004 0.000004 -0.000000 0.000000 -0.000002 -11.010758 -11.275368 -6.190340 63.025372 -5.457748 1.527992 31.656810 8.190591 18.917288 -45.370300 3.736749 -8.307067 0.000001 0.000003 -0.000002 
62.824444 94.027283 -20.216869 339.822047 -29.108863 -377.427238 10.375763 5.697458 -3.559761 0.854796 1.682543 -0.088506 0.866482 1.669606 -0.106588 1.282116 -0.444703 -0.817285 -2.235133 -6.433449 4.070172 0.000000 0.000001 0.000001 -0.177827 4.869108 -3.960211 29.430653 32.310251 -35.352800 -1.320819 -53.438584 -1.654310 20.139416 -5.576052 -5.836930 -24.149730 39.041460 -14.351208 -177.557161 182.131010 194.364289 -13.000427 -9.997394 12.132918 -0.000001 0.000000 0.000004 3.226032 -4.144209 -3.948515 2.787853 4.360321 -22.615147 2.998863 4.488223 -24.022474 -0.000002 0.000000 -0.000000 -0.145378 -2.285345 -15.425344 0.739888 4.723562 -21.095290 0.733494 4.328383 -24.077272 0.000002 -0.000000 0.000002 -0.065779 -0.678279 -27.561413 -0.906527 4.877082 -21.733319 -0.796555 4.102506 -18.597775 0.000002 -0.000000 0.000001 -0.519621 5.623249 -27.706218 -1.409427 4.761017 -21.098005 -1.480994 8.107110 -37.189072 -0.000000 -0.000002 -0.000000 1.467272 7.019132 -0.282975 28.126912 -11.868605 37.215286 -0.559889 30.084371 1.143622 8.028994 -1.535931 14.139513 -23.472367 -34.757460 7.166661 -5.291956 -11.505723 -11.787668 -11.544896 10.403183 -13.895569 0.000000 -0.000006 0.000006 3.896696 1.976345 11.348985 3.841295 -4.102828 27.924967 4.571786 -4.351817 32.737623 0.000002 0.000002 -0.000002 -0.006107 1.020954 21.530529 1.762247 -5.330295 32.593939 0.613570 -3.034989 17.345644 -0.000001 0.000000 0.000002 -0.051080 0.490881 30.502266 0.080521 -6.179807 35.702577 -0.227278 -5.016304 28.788923 0.000002 0.000003 -0.000007 -2.640208 -3.620770 38.185890 -2.036741 -6.130723 32.291246 -1.792317 -9.330222 49.615003 -0.000003 -0.000001 0.000001 -23.402267 4.827114 -7.125600 24.597880 2.479120 -1.794348 21.300199 0.816721 6.513208 -5.648112 0.000007 0.000009 -0.000001 0.000001 0.000001 -10.732205 -11.362282 -6.935498 66.616181 -4.480061 1.740716 30.216750 8.195906 20.167681 -47.412072 3.849740 -8.299052 0.000003 0.000002 -0.000001 
62.438557 91.828415 -19.228313 337.861154 -28.272327 -379.031021 10.804875 6.163403 -3.288183 0.923109 1.790800 -0.044441 0.935873 1.776026 -0.063950 1.765662 -0.595687 -0.724674 -0.581825 -7.911949 5.200665 0.000000 -0.000000 0.000001 -0.432513 5.456757 -2.584213 28.409170 34.405094 -32.516171 -1.245415 -51.830908 -1.594907 19.198557 -6.307326 -5.441486 -20.148146 36.546109 -13.318968 -177.341654 181.528861 193.000669 -12.587903 -10.603484 11.726418 0.000004 0.000002 -0.000003 2.982774 -4.041410 -3.502776 2.899679 4.473229 -23.316838 3.112390 4.597830 -24.720304 0.000002 0.000001 0.000000 -0.168648 -2.396861 -15.406094 0.734002 4.707723 -21.013625 0.687322 4.202727 -23.431215 0.000000 -0.000000 0.000000 -0.043938 -0.667528 -27.242131 -0.906345 4.823885 -21.486395 -0.794467 4.052342 -18.363221 -0.000001 0.000001 0.000001 -0.533585 5.888026 -27.009360 -1.416812 4.830526 -21.398742 -1.503235 7.954657 -36.529539 -0.000000 -0.000000 -0.000001 1.437217 6.547136 -1.131269 28.192786 -14.455001 33.384209 -0.514251 28.078474 1.122055 7.533185 -0.839049 15.371822 -19.532563 -32.643202 6.843667 -4.458741 -11.307801 -10.721506 -11.242783 10.478453 -13.677498 -0.000002 -0.000002 0.000002 3.656045 1.990575 10.291282 3.882290 -4.128722 28.166906 4.670513 -4.404627 33.301711 -0.000000 0.000003 0.000001 -0.057605 1.233175 20.950775 1.697055 -5.236053 31.923211 0.554772 -2.872744 16.339930 -0.000000 0.000004 -0.000001 -0.003988 0.476254 29.770353 0.032148 -6.033275 34.819826 -0.252314 -4.892993 28.070387 -0.000004 0.000000 -0.000004 -2.497687 -3.956154 36.966206 -2.030347 -5.998335 31.628386 -1.842146 -9.126080 48.564810 -0.000003 -0.000001 0.000001 -21.921772 4.465327 -7.999789 24.329267 1.123588 -1.668849 20.749637 1.507902 9.958509 -4.066103 -0.000011 0.000001 -0.000000 0.000004 0.000001 -10.463507 -11.479741 -7.715549 70.578906 -3.170776 2.001204 28.188071 7.949161 21.027036 -50.009272 3.773918 -8.026215 0.000001 -0.000000 0.000000 
62.057037 89.444290 -18.257738 335.905316 -27.459840 -380.677561 11.330115 6.655864 -3.166594 1.020935 1.917048 0.015096 1.035100 1.899587 -0.006136 2.260180 -0.764711 -0.557620 1.015765 -9.452594 6.053414 -0.000000 0.000000 -0.000000 -0.741395 6.178964 -1.091401 26.791514 36.261963 -29.383317 -1.178523 -50.302591 -1.543344 17.885892 -6.092387 -7.041709 -16.301321 33.883380 -12.164591 -177.120493 180.922545 191.625192 -12.172505 -11.221089 11.324907 0.000005 0.000001 0.000001 2.732418 -3.939424 -3.053877 3.012016 4.583855 -24.013350 3.226340 4.705227 -25.412882 0.000003 -0.000002 -0.000001 -0.191632 -2.508658 -15.382240 0.727488 4.689996 -20.922305 0.642167 4.075350 -22.779205 0.000003 0.000001 -0.000001 -0.022755 -0.658189 -26.914482 -0.905917 4.768505 -21.229319 -0.792100 4.000584 -18.121265 0.000001 -0.000001 0.000003 -0.534483 6.145524 -26.300991 -1.423733 4.898653 -21.693311 -1.524096 7.798773 -35.856485 -0.000002 0.000001 -0.000003 1.407386 6.221356 -1.903411 28.542027 -16.745561 29.639172 -0.523794 28.504142 1.126453 7.868026 0.244705 16.626735 -15.779456 -30.324848 6.399082 -3.560975 -11.036489 -9.632085 -10.933818 10.536137 -13.456551 -0.000000 -0.000004 0.000004 3.393421 2.013308 9.169467 3.914575 -4.148936 28.356953 4.765446 -4.454237 33.841330 0.000000 0.000004 -0.000000 -0.106751 1.457367 20.306562 1.624792 -5.128780 31.166300 0.495660 -2.699823 15.275050 0.000002 -0.000001 -0.000001 0.042129 0.465235 28.968642 -0.018655 -5.870308 33.843563 -0.278060 -4.757141 27.281037 0.000001 0.000001 -0.000002 -2.333698 -4.286832 35.655736 -2.021048 -5.845752 30.864057 -1.891946 -8.903228 47.424397 -0.000002 0.000001 -0.000001 -21.168126 4.109877 -8.780132 25.461881 -0.164020 -1.535863 19.682648 2.153383 13.544698 -2.355775 0.000001 -0.000001 0.000000 -0.000005 0.000001 -10.092744 -11.605344 -8.554664 74.551808 -1.662799 2.285426 25.869297 7.537361 21.568125 -53.116448 3.480859 -7.551460 0.000001 0.000003 0.000000 
61.736103 87.084564 -17.338566 334.080125 -26.550906 -382.154849 11.716711 7.039996 -3.091419 1.088868 2.017735 0.066917 1.104431 1.998115 0.044267 2.709381 -0.921447 -0.324609 2.609509 -10.768739 6.718633 -0.000000 -0.000000 0.000000 -1.042858 6.823148 0.206515 24.742266 37.419410 -26.026352 -1.077912 -47.805515 -1.468135 16.960126 -6.218293 -8.133961 -12.631143 31.079386 -10.879480 -176.894632 180.315205 190.244374 -11.756146 -11.847228 10.930668 0.000002 0.000006 -0.000004 2.476151 -3.838938 -2.603917 3.124257 4.691775 -24.701342 3.340131 4.809871 -26.096934 0.000001 -0.000001 0.000000 -0.214161 -2.620197 -15.353832 0.720330 4.670456 -20.821666 0.598274 3.946859 -22.124379 -0.000001 0.000002 -0.000003 -0.002349 -0.650320 -26.579907 -0.905200 4.711184 -20.963258 -0.789427 3.947487 -17.873007 -0.000002 0.000001 0.000000 -0.522224 6.394551 -25.584794 -1.430127 4.965043 -21.980203 -1.543385 7.640157 -35.173046 0.000000 0.000002 -0.000001 1.367029 5.899777 -2.661598 28.554009 -18.687505 25.698090 -0.538881 29.170625 1.133511 10.188305 -1.781026 18.310837 -12.235108 -27.825808 5.820459 -2.609525 -10.696256 -8.527977 -10.619103 10.579727 -13.233043 0.000001 0.000001 -0.000000 3.109954 2.045135 7.994662 3.938585 -4.163873 28.498073 4.856244 -4.500613 34.355073 -0.000000 -0.000000 -0.000000 -0.152446 1.691353 19.605889 1.546863 -5.009499 30.332689 0.437198 -2.517537 14.160044 0.000001 -0.000001 0.000000 0.086547 0.457633 28.105393 -0.070634 -5.692562 32.784761 -0.303708 -4.610158 26.429511 0.000001 0.000001 0.000000 -2.150495 -4.611681 34.266718 -2.008244 -5.675433 30.010267 -1.940242 -8.663588 46.204259 0.000000 0.000003 0.000000 -21.704345 4.017449 -9.376848 28.932750 -0.957982 -1.482073 17.855501 2.468775 16.658895 -0.996368 -0.000004 0.000000 0.000000 -0.000001 -0.000000 -9.552815 -11.716098 -9.460185 78.120473 -0.171968 2.565909 23.610647 7.073644 21.950334 -56.678692 3.168810 -7.016433 -0.000002 0.000001 0.000001 
61.505951 84.753174 -16.473196 332.340968 -25.450306 -383.429908 12.299855 7.184545 -2.759062 1.203458 2.040312 0.153464 1.221173 2.017512 0.128911 2.991929 -1.065397 -0.175737 3.638411 -12.201835 7.212962 -0.000001 0.000004 0.000001 -1.300408 7.700646 1.036314 22.385334 37.271885 -22.376092 -0.953074 -44.335560 -1.379300 14.964475 -6.365119 -7.548535 -9.150952 28.163617 -9.461389 -176.665083 179.709900 188.864580 -11.340727 -12.478798 10.545581 0.000001 -0.000001 -0.000000 2.215179 -3.740510 -2.154942 3.235810 4.796490 -25.377621 3.453143 4.911353 -26.769262 -0.000000 -0.000001 -0.000001 -0.236117 -2.730969 -15.320956 0.712561 4.649180 -20.712093 0.555861 3.817901 -21.469769 0.000002 0.000001 -0.000000 0.017165 -0.644042 -26.239924 -0.904205 4.652180 -20.689292 -0.786464 3.893269 -17.619494 -0.000000 -0.000002 0.000001 -0.497020 6.633969 -24.864460 -1.435972 5.029322 -22.258012 -1.560949 7.479558 -34.482234 0.000002 0.000003 0.000001 1.242179 5.415085 -3.509207 28.159611 -20.605484 21.320277 -0.563589 30.243152 1.145423 14.447039 -3.344307 19.377496 -8.912342 -25.173063 5.102188 -1.615216 -10.292361 -7.417285 -10.299681 10.612759 -13.007273 -0.000001 0.000003 -0.000004 2.807056 2.086500 6.777824 3.954801 -4.173919 28.593282 4.942571 -4.543772 34.841611 0.000000 -0.000002 -0.000001 -0.193645 1.932965 18.856648 1.464575 -4.879285 29.431784 0.380321 -2.327296 13.003750 -0.000002 0.000001 0.000001 0.128582 0.453332 27.188666 -0.122449 -5.501659 31.654406 -0.328583 -4.453472 25.524303 -0.000000 -0.000002 0.000002 -1.950462 -4.929456 32.811180 -1.991362 -5.489863 29.078967 -1.985707 -8.409037 44.914610 -0.000001 0.000001 0.000001 -24.009737 4.335884 -9.708095 35.820695 -0.843555 -1.540753 14.804788 2.243314 18.892440 -0.304331 0.000015 0.000013 -0.000000 0.000000 -0.000000 -8.823780 -11.776312 -10.435600 81.315137 1.238832 2.834995 21.514275 6.622592 22.348857 -60.708982 2.951020 -6.508574 -0.000000 0.000000 0.000000 
61.381138 82.611862 -15.741154 330.980421 -24.370031 -384.310648 12.823314 7.295398 -2.623199 1.282592 2.067441 0.186415 1.301541 2.043079 0.160289 3.269666 -1.166937 -0.130966 4.365760 -13.385490 7.944768 -0.000001 0.000003 -0.000000 -1.479399 8.165635 1.535716 21.254205 36.377769 -19.330967 -0.850433 -41.140606 -1.310620 13.335284 -6.635191 -6.339476 -5.867632 25.168487 -7.914119 -176.432925 179.109731 187.492354 -10.928180 -13.112582 10.171475 0.000001 -0.000000 -0.000001 1.950872 -3.644699 -1.709148 3.346032 4.897535 -26.038868 3.564747 5.009246 -27.426570 0.000003 -0.000002 -0.000001 -0.257395 -2.840428 -15.283636 0.704242 4.626172 -20.593930 0.515124 3.689089 -20.818517 0.000002 -0.000000 0.000000 0.035657 -0.639468 -25.895981 -0.902855 4.591680 -20.408581 -0.783225 3.838185 -17.361791 -0.000004 -0.000001 0.000001 -0.459233 6.862541 -24.143694 -1.441326 5.091219 -22.525274 -1.576648 7.317685 -33.787146 0.000000 -0.000004 0.000002 1.113096 5.164476 -3.685752 28.102320 -22.445757 17.254916 -0.595602 31.599672 1.161467 18.186567 -4.000087 19.509488 -5.816847 -22.396906 4.244827 -0.589035 -9.830964 -6.307793 -9.976617 10.638647 -12.779638 0.000003 -0.000002 0.000002 2.486394 2.137469 5.529968 3.963692 -4.179424 28.645460 5.024182 -4.583740 35.299558 -0.000000 -0.000000 -0.000001 -0.229569 2.179841 18.066912 1.379258 -4.739248 28.472912 0.325873 -2.130537 11.815176 -0.000002 0.000000 0.000001 0.167602 0.452322 26.226661 -0.172967 -5.299385 30.463395 -0.352016 -4.288544 24.574001 -0.000000 0.000002 0.000003 -1.736197 -5.238784 31.301254 -1.969949 -5.291494 28.082145 -2.027031 -8.141576 43.565877 0.000001 0.000001 0.000002 -26.588712 4.849857 -10.082021 42.752821 -0.443125 -1.688777 11.917637 1.957443 21.132571 -0.000015 -0.000002 0.000004 0.000000 -0.000001 0.000000 -8.332686 -11.744379 -11.468945 83.998104 2.448333 3.077973 19.891370 6.254721 22.800766 -65.288119 2.895494 -6.032521 -0.000000 -0.000001 0.000000 
61.425644 81.067307 -15.321561 330.556513 -23.596150 -384.361929 12.653562 7.556801 -2.877540 1.198919 2.161570 0.204108 1.218733 2.137731 0.178449 3.540193 -1.382089 0.037741 4.782137 -15.552467 8.519519 0.000000 0.000001 -0.000000 -1.560144 8.228895 1.665439 20.247105 34.815520 -16.469492 -0.735205 -37.144686 -1.239109 13.735890 -9.347304 -7.745949 -2.782601 22.127702 -6.246468 -176.199415 178.517663 186.134157 -10.520365 -13.745320 9.810077 0.000003 0.000003 0.000000 1.684618 -3.551895 -1.268635 3.454311 4.994536 -26.681789 3.674304 5.103153 -28.065669 0.000003 -0.000003 0.000000 -0.277828 -2.948054 -15.241956 0.695392 4.601576 -20.467516 0.476261 3.561053 -20.173679 -0.000002 0.000001 0.000001 0.053115 -0.636690 -25.549583 -0.901211 4.529995 -20.122198 -0.779685 3.782445 -17.100989 -0.000001 -0.000001 0.000001 -0.409513 7.079355 -23.426132 -1.446148 5.150320 -22.780528 -1.590378 7.155272 -33.090767 -0.000000 0.000001 -0.000002 0.929680 4.840136 -3.850147 28.031820 -24.009343 14.049832 -0.625817 32.844563 1.177188 21.152857 -4.046731 20.359600 -2.948165 -19.529060 3.253739 0.458186 -9.319257 -5.206434 -9.651024 10.660839 -12.550611 0.000001 -0.000002 0.000003 2.149960 2.197853 4.262002 3.965783 -4.180693 28.657664 5.100720 -4.620485 35.727569 -0.000001 0.000005 0.000000 -0.259527 2.429646 17.244585 1.292144 -4.590526 27.465398 0.274548 -1.928713 10.603204 0.000000 0.000002 -0.000001 0.203123 0.454647 25.227483 -0.221106 -5.087499 29.222671 -0.373418 -4.116798 23.587119 0.000000 -0.000002 -0.000001 -1.510403 -5.538043 29.748831 -1.943631 -5.082812 27.031693 -2.063146 -7.863296 42.168256 0.000003 0.000002 -0.000002 -28.897004 5.504961 -10.469946 47.634275 -0.090687 -1.840140 10.143654 1.619569 21.955245 0.005867 0.000002 0.005866 0.000000 0.000001 -0.000000 -8.652192 -11.668652 -12.522030 85.648653 3.124355 3.276490 19.131609 5.996683 23.231639 -70.792629 2.942354 -5.464037 -0.000000 -0.000001 0.000000 
61.557381 79.962662 -15.306517 330.651753 -22.803879 -383.925507 12.427765 7.535549 -3.442383 1.080408 2.202095 0.126436 1.099554 2.181696 0.101410 3.521949 -1.303093 -0.248755 8.002480 -15.518741 11.970525 -0.000000 -0.000001 -0.000000 -1.690707 7.891896 2.190569 20.354377 33.692753 -15.423638 -0.675033 -34.874635 -1.204456 14.326192 -9.978143 -10.708553 0.106042 19.075726 -4.471409 -175.965877 177.936714 184.796574 -10.119216 -14.373532 9.462851 0.000002 0.000001 0.000003 1.417947 -3.462393 -0.835504 3.559922 5.087069 -27.303101 3.781156 5.192709 -28.683294 -0.000000 -0.000001 -0.000001 -0.297325 -3.053327 -15.195957 0.686067 4.575396 -20.333243 0.439327 3.434472 -19.538361 0.000002 0.000000 -0.000000 0.069370 -0.635803 -25.202211 -0.899216 4.467347 -19.831301 -0.775837 3.726265 -16.838120 0.000001 0.000001 0.000001 -0.348743 7.283355 -22.715377 -1.450500 5.206357 -23.022377 -1.602111 6.993039 -32.396219 0.000001 -0.000004 -0.000001 0.818981 4.602196 -4.019365 27.762001 -24.425195 11.888994 -0.651978 33.895268 1.191258 23.412724 -3.550588 21.653298 -0.301574 -16.602252 2.138274 1.515745 -8.765399 -4.119400 -9.323932 10.682773 -12.320740 0.000004 0.000003 -0.000001 1.799928 2.267141 2.984805 3.961562 -4.178085 28.632845 5.171907 -4.654027 36.124297 -0.000000 0.000001 0.000000 -0.283083 2.679956 16.397638 1.204400 -4.434318 26.418600 0.226954 -1.723373 9.376730 0.000001 -0.000003 -0.000001 0.234710 0.460460 24.199353 -0.265907 -4.867827 27.943079 -0.392377 -3.939780 22.572121 -0.000001 0.000000 0.000002 -1.275904 -5.825439 28.165917 -1.912234 -4.866376 25.939537 -2.093082 -7.576240 40.732000 0.000001 0.000000 -0.000001 -30.452911 6.083727 -11.019915 50.232869 -0.301952 -1.926706 9.530404 1.560687 22.593576 0.000016 0.000000 0.000006 0.000000 0.000003 -0.000000 -9.809104 -11.873362 -13.364446 87.680340 3.866817 3.476966 16.806944 5.025341 21.777093 -71.975441 2.370108 -4.759145 0.000001 -0.000004 -0.000001 
61.957428 79.427689 -15.612699 330.485014 -22.063162 -384.342312 12.751061 7.932024 -3.406027 1.064728 2.319443 0.118553 1.083852 2.300031 0.093303 3.609241 -1.538196 0.020287 8.952816 -17.371113 12.244539 0.000000 -0.000001 0.000000 -1.813607 7.797527 2.576912 20.848196 32.320493 -15.692863 -0.659573 -34.270556 -1.195872 15.869746 -11.493284 -12.698514 2.802610 16.046452 -2.605593 -175.733691 177.369781 183.486175 -9.726615 -14.993737 9.131083 0.000006 -0.000000 0.000006 1.152457 -3.376517 -0.411953 3.662233 5.174778 -27.899496 3.884566 5.277565 -29.276165 0.000003 0.000002 -0.000001 -0.315732 -3.155744 -15.145705 0.676264 4.547759 -20.191458 0.404517 3.309973 -18.915627 0.000002 -0.000000 0.000001 0.084441 -0.636931 -24.855315 -0.896836 4.403952 -19.536977 -0.771749 3.669906 -16.574272 0.000003 0.000001 0.000001 -0.278027 7.473689 -22.015037 -1.454352 5.258944 -23.249305 -1.611790 6.831775 -31.706472 0.000000 0.000000 -0.000001 0.796068 4.472302 -4.195077 28.023684 -23.463761 10.960334 -0.686777 35.254827 1.210589 24.852065 -3.503071 24.134625 2.130650 -13.649215 0.910629 2.573129 -8.178469 -3.051855 -8.996460 10.707787 -12.090574 -0.000003 -0.000002 0.000004 1.438829 2.344341 1.709253 3.951513 -4.171880 28.573955 5.237448 -4.684392 36.488394 0.000000 -0.000003 -0.000001 -0.299956 2.928337 15.534085 1.117137 -4.271964 25.341901 0.183610 -1.516074 8.144672 -0.000001 0.000001 0.000002 0.262067 0.469954 23.150455 -0.306612 -4.642272 26.635448 -0.408441 -3.758994 21.537540 0.000001 -0.000002 -0.000001 -1.035493 -6.098999 26.564325 -1.875647 -4.644687 24.817631 -2.116158 -7.282605 39.267260 0.000001 0.000006 0.000002 -30.788570 6.046752 -10.841101 50.824298 -0.682569 -1.947195 9.789916 1.677229 22.941084 -0.000059 0.000010 0.000050 0.000000 0.000003 -0.000000 -10.705166 -12.888926 -13.632930 89.104626 4.777933 3.640467 14.134522 3.735183 18.289925 -70.445041 1.512226 -3.808935 -0.000000 0.000000 0.000000 
62.592884 79.389862 -16.136007 330.022802 -22.125131 -385.020796 13.263950 8.917923 -3.513603 1.202868 2.588425 0.093387 1.221182 2.566404 0.066125 3.606648 -1.698854 0.104148 9.468329 -18.538689 12.911206 -0.000000 0.000001 0.000000 -1.853364 8.172788 2.384781 22.418844 30.398689 -16.523249 -0.716875 -36.467090 -1.228361 14.792228 -9.778380 -12.157211 5.312224 13.072592 -0.668737 -175.504374 176.819691 182.209599 -9.344492 -15.602288 8.815857 0.000005 0.000008 0.000002 0.889807 -3.294374 -0.000091 3.760534 5.257319 -28.467692 3.983920 5.357369 -29.841066 -0.000001 0.000002 -0.000001 -0.332958 -3.254778 -15.091259 0.666045 4.518685 -20.042548 0.371886 3.188216 -18.308556 -0.000000 0.000002 -0.000001 0.098252 -0.640177 -24.510376 -0.894149 4.340075 -19.240414 -0.767377 3.613580 -16.310528 0.000000 0.000001 0.000002 -0.198678 7.649516 -21.328649 -1.457741 5.307763 -23.459944 -1.619444 6.672158 -31.024574 -0.000000 -0.000001 -0.000003 0.790688 4.294425 -4.365261 28.873692 -20.920555 11.035278 -0.743549 37.378658 1.243565 25.747580 -3.552890 27.721322 4.357786 -10.702170 -0.414853 3.620074 -7.568363 -2.007925 -8.669624 10.739135 -11.860702 0.000003 -0.000001 -0.000000 1.069265 2.428069 0.446041 3.936197 -4.162392 28.484020 5.297005 -4.711535 36.818452 0.000000 0.000004 0.000000 -0.310117 3.172434 14.661918 1.031344 -4.104780 24.244574 0.144809 -1.308374 6.915870 -0.000000 -0.000002 0.000001 0.285014 0.483356 22.088989 -0.342551 -4.412753 25.310606 -0.421361 -3.575951 20.491864 -0.000001 -0.000002 -0.000000 -0.792094 -6.356624 24.955913 -1.834024 -4.420156 23.677759 -2.131795 -6.984599 37.784221 0.000000 0.000003 0.000001 -30.442402 5.792426 -10.799879 49.095533 -0.221262 -1.895337 13.128844 2.506307 23.477322 -4.925790 0.000020 0.000003 -0.000000 -0.000000 -0.000000 -11.601858 -13.274790 -14.412654 89.550733 4.475397 3.772549 13.341371 3.166531 17.231391 -68.801158 0.895360 -3.000846 0.000000 -0.000001 -0.000000 
63.621933 80.130356 -17.015455 329.909858 -22.315130 -385.530164 13.817124 9.660339 -3.451241 1.294757 2.784642 0.075097 1.312323 2.761356 0.046029 3.570130 -1.829501 0.184973 9.185143 -19.433953 12.484551 0.000000 -0.000001 -0.000000 -1.837834 9.107394 1.786215 24.143699 27.614453 -17.556996 -0.768376 -38.341325 -1.259044 12.374560 -10.659707 -13.847556 7.639732 10.185147 1.316676 -175.279552 176.289354 180.973567 -8.974745 -16.196272 8.520553 0.000004 0.000002 -0.000004 0.631714 -3.216046 0.397906 3.854099 5.334367 -29.004354 4.078462 5.431859 -30.374691 -0.000003 0.000002 -0.000001 -0.348914 -3.349915 -15.032603 0.655450 4.488271 -19.886881 0.341514 3.069877 -17.720285 -0.000000 -0.000001 -0.000001 0.110725 -0.645589 -24.168891 -0.891088 4.275961 -18.942643 -0.762791 3.557516 -16.047961 0.000001 -0.000002 -0.000000 -0.112245 7.810093 -20.659656 -1.460672 5.352437 -23.652773 -1.625104 6.514992 -30.353545 -0.000001 -0.000002 0.000001 0.814283 4.112106 -4.531763 29.635030 -16.786735 11.605010 -0.816220 39.933688 1.288179 25.806039 -1.900645 31.024352 6.389715 -7.792215 -1.822377 4.646512 -6.945995 -0.990622 -8.344716 10.780900 -11.634169 0.000003 0.000000 0.000001 0.694075 2.516481 -0.794136 3.916109 -4.149882 28.365963 5.350322 -4.735470 37.113202 0.000001 0.000001 -0.000000 -0.313719 3.409840 13.789148 0.947914 -3.934146 23.135924 0.110784 -1.101933 5.699214 0.000001 0.000002 0.000001 0.303489 0.500904 21.023189 -0.373328 -4.181270 23.979322 -0.430931 -3.392184 19.443580 -0.000000 0.000001 0.000000 -0.548547 -6.595944 23.352410 -1.787692 -4.195273 22.531874 -2.139676 -6.684417 36.292972 -0.000002 -0.000002 -0.000001 -29.066444 5.227352 -10.950709 43.797622 0.295630 -1.814222 20.811810 4.363727 23.301143 -14.073661 0.000021 0.000012 -0.000001 -0.000002 -0.000000 -12.713868 -13.936518 -15.019055 88.674352 3.571960 3.849564 13.601627 2.752516 16.126466 -66.967307 0.440144 -2.184359 -0.000001 -0.000000 0.000000 
64.788277 81.324890 -18.055485 330.424389 -22.066456 -385.896208 14.044508 10.054492 -2.842890 1.361569 2.848201 0.144736 1.380795 2.822172 0.114122 3.479109 -1.932760 0.218955 8.764235 -20.296747 11.241923 0.000000 0.000002 0.000000 -1.714888 9.899163 0.845863 26.083943 24.871915 -18.933885 -0.830722 -40.488064 -1.297942 8.419054 -11.143752 -15.026677 9.789236 7.412623 3.325700 -175.060822 175.781407 179.784840 -8.619315 -16.771169 8.243628 0.000001 0.000006 0.000002 0.379986 -3.141527 0.779914 3.942215 5.405581 -29.506199 4.167493 5.500698 -30.873835 0.000002 -0.000001 0.000000 -0.363453 -3.440659 -14.969859 0.644497 4.456581 -19.724840 0.313395 2.955609 -17.153815 -0.000000 0.000001 -0.000001 0.121895 -0.653306 -23.832290 -0.887736 4.211856 -18.644845 -0.757958 3.501946 -15.787576 0.000003 0.000001 0.000001 -0.020412 7.954721 -20.011496 -1.463205 5.392696 -23.826370 -1.628850 6.360935 -29.696426 -0.000001 -0.000002 -0.000000 0.821065 3.691084 -4.682280 29.891387 -12.328918 11.933928 -0.917632 43.207254 1.354501 24.957993 -0.413747 34.687491 8.235820 -4.949050 -3.294914 5.642746 -6.322888 -0.001883 -8.022592 10.835601 -11.409449 -0.000003 -0.000001 -0.000001 0.316187 2.607298 -2.000716 3.891781 -4.134658 28.222801 5.397085 -4.756247 37.371254 -0.000001 0.000002 -0.000000 -0.311111 3.638268 12.923800 0.867656 -3.761556 22.025260 0.081639 -0.898358 4.503563 0.000001 -0.000002 0.000001 0.317557 0.522856 19.961231 -0.398605 -3.949773 22.652358 -0.437130 -3.209278 18.401146 -0.000001 0.000003 0.000000 -0.307658 -6.814577 21.765545 -1.737144 -3.972474 21.391772 -2.139675 -6.384328 34.803574 -0.000000 -0.000000 -0.000001 -25.847381 4.337327 -10.736709 35.675898 -0.625960 -1.816899 27.559579 5.984526 22.934903 -18.993002 0.000004 0.000012 -0.000000 -0.000002 -0.000000 -13.717461 -15.229744 -15.143790 86.798686 1.931926 3.892276 14.497802 2.492797 15.507530 -64.985370 0.158548 -1.481968 -0.000000 0.000002 0.000001 
