HIERARCHY
ROOT mixamorig:Hips
{
	OFFSET 0.000000 102.625267 -0.521241
	CHANNELS 6 Xposition Yposition Zposition Xrotation Yrotation Zrotation
	JOINT mixamorig:Spine
	{
		OFFSET 0.000000 5.645721 -0.031929
		CHANNELS 3 Xrotation Yrotation Zrotation
		JOINT mixamorig:Spine1
		{
			OFFSET 0.000000 6.586685 -0.037251
			CHANNELS 3 Xrotation Yrotation Zrotation
			JOINT mixamorig:Spine2
			{
				OFFSET 0.000000 7.527618 -0.042572
				CHANNELS 3 Xrotation Yrotation Zrotation
				JOINT mixamorig:Neck
				{
					OFFSET 0.000000 8.468590 -0.047894
					CHANNELS 3 Xrotation Yrotation Zrotation
					JOINT mixamorig:Head
					{
						OFFSET 0.000000 5.998901 -1.158958
						CHANNELS 3 Xrotation Yrotation Zrotation
						JOINT mixamorig:HeadTop_End
						{
							OFFSET 0.000000 21.748810 -4.201760
							CHANNELS 3 Xrotation Yrotation Zrotation
							End Site
							{
								OFFSET 0.000000 22.150970 0.000000
							}
						}
					}
				}
				JOINT mixamorig:LeftShoulder
				{
					OFFSET 3.414614 7.343132 -0.058928
					CHANNELS 3 Xrotation Yrotation Zrotation
					JOINT mixamorig:LeftArm
					{
						OFFSET 6.829548 -2.246910 -0.022071
						CHANNELS 3 Xrotation Yrotation Zrotation
						JOINT mixamorig:LeftForeArm
						{
							OFFSET 24.198503 -0.424179 0.257802
							CHANNELS 3 Xrotation Yrotation Zrotation
							JOINT mixamorig:LeftHand
							{
								OFFSET 21.584717 -0.002335 0.669575
								CHANNELS 3 Xrotation Yrotation Zrotation
								JOINT mixamorig:LeftHandThumb1
								{
									OFFSET 2.193897 -1.259628 1.956942
									CHANNELS 3 Xrotation Yrotation Zrotation
									JOINT mixamorig:LeftHandThumb2
									{
										OFFSET 1.755203 -1.007660 1.565605
										CHANNELS 3 Xrotation Yrotation Zrotation
										JOINT mixamorig:LeftHandThumb3
										{
											OFFSET 2.535126 -0.998764 1.490660
											CHANNELS 3 Xrotation Yrotation Zrotation
											JOINT mixamorig:LeftHandThumb4
											{
												OFFSET 2.398251 -0.721657 1.023775
												CHANNELS 3 Xrotation Yrotation Zrotation
												End Site
												{
													OFFSET 2.205696 -0.773872 1.362551
												}
											}
										}
									}
								}
								JOINT mixamorig:LeftHandIndex1
								{
									OFFSET 7.166248 -0.069405 2.369028
									CHANNELS 3 Xrotation Yrotation Zrotation
									JOINT mixamorig:LeftHandIndex2
									{
										OFFSET 2.989986 -0.015724 0.245918
										CHANNELS 3 Xrotation Yrotation Zrotation
										JOINT mixamorig:LeftHandIndex3
										{
											OFFSET 2.739197 -0.058952 0.219132
											CHANNELS 3 Xrotation Yrotation Zrotation
											JOINT mixamorig:LeftHandIndex4
											{
												OFFSET 2.326500 -0.032570 0.188458
												CHANNELS 3 Xrotation Yrotation Zrotation
												End Site
												{
													OFFSET 2.326485 -0.032578 0.188548
												}
											}
										}
									}
								}
								JOINT mixamorig:LeftHandMiddle1
								{
									OFFSET 7.394897 0.286369 0.654762
									CHANNELS 3 Xrotation Yrotation Zrotation
									JOINT mixamorig:LeftHandMiddle2
									{
										OFFSET 3.376106 0.152466 -0.003692
										CHANNELS 3 Xrotation Yrotation Zrotation
										JOINT mixamorig:LeftHandMiddle3
										{
											OFFSET 3.185104 -0.185410 -0.047914
											CHANNELS 3 Xrotation Yrotation Zrotation
											JOINT mixamorig:LeftHandMiddle4
											{
												OFFSET 2.742905 0.223846 0.010354
												CHANNELS 3 Xrotation Yrotation Zrotation
												End Site
												{
													OFFSET 2.742889 0.224251 0.006757
												}
											}
										}
									}
								}
								JOINT mixamorig:LeftHandRing1
								{
									OFFSET 7.508747 0.282753 -1.072900
									CHANNELS 3 Xrotation Yrotation Zrotation
									JOINT mixamorig:LeftHandRing2
									{
										OFFSET 2.821857 0.317802 -0.177266
										CHANNELS 3 Xrotation Yrotation Zrotation
										JOINT mixamorig:LeftHandRing3
										{
											OFFSET 2.672325 0.088310 -0.196165
											CHANNELS 3 Xrotation Yrotation Zrotation
											JOINT mixamorig:LeftHandRing4
											{
												OFFSET 2.272652 -0.053627 -0.183955
												CHANNELS 3 Xrotation Yrotation Zrotation
												End Site
												{
													OFFSET 2.272919 -0.054016 -0.180438
												}
											}
										}
									}
								}
								JOINT mixamorig:LeftHandPinky1
								{
									OFFSET 7.285820 0.522377 -2.660948
									CHANNELS 3 Xrotation Yrotation Zrotation
									JOINT mixamorig:LeftHandPinky2
									{
										OFFSET 2.466278 0.082008 -0.249570
										CHANNELS 3 Xrotation Yrotation Zrotation
										JOINT mixamorig:LeftHandPinky3
										{
											OFFSET 1.940475 0.021858 -0.202004
											CHANNELS 3 Xrotation Yrotation Zrotation
											JOINT mixamorig:LeftHandPinky4
											{
												OFFSET 1.645287 0.153595 -0.153405
												CHANNELS 3 Xrotation Yrotation Zrotation
												End Site
												{
													OFFSET 1.645088 0.153801 -0.155289
												}
											}
										}
									}
								}
							}
						}
					}
				}
				JOINT mixamorig:RightShoulder
				{
					OFFSET -3.414604 7.343132 -0.036860
					CHANNELS 3 Xrotation Yrotation Zrotation
					JOINT mixamorig:RightArm
					{
						OFFSET -6.829551 -2.246986 0.022068
						CHANNELS 3 Xrotation Yrotation Zrotation
						JOINT mixamorig:RightForeArm
						{
							OFFSET -24.198494 -0.424141 0.158696
							CHANNELS 3 Xrotation Yrotation Zrotation
							JOINT mixamorig:RightHand
							{
								OFFSET -21.584698 -0.002243 0.686977
								CHANNELS 3 Xrotation Yrotation Zrotation
								JOINT mixamorig:RightHandThumb1
								{
									OFFSET -2.242882 -1.296806 1.978855
									CHANNELS 3 Xrotation Yrotation Zrotation
									JOINT mixamorig:RightHandThumb2
									{
										OFFSET -1.794239 -1.037361 1.583064
										CHANNELS 3 Xrotation Yrotation Zrotation
										JOINT mixamorig:RightHandThumb3
										{
											OFFSET -2.504150 -0.962166 1.471556
											CHANNELS 3 Xrotation Yrotation Zrotation
											JOINT mixamorig:RightHandThumb4
											{
												OFFSET -2.346046 -0.743172 0.992235
												CHANNELS 3 Xrotation Yrotation Zrotation
												End Site
												{
													OFFSET -2.157112 -0.792709 1.326359
												}
											}
										}
									}
								}
								JOINT mixamorig:RightHandIndex1
								{
									OFFSET -7.174488 -0.001839 2.366265
									CHANNELS 3 Xrotation Yrotation Zrotation
									JOINT mixamorig:RightHandIndex2
									{
										OFFSET -2.935219 -0.016853 0.287245
										CHANNELS 3 Xrotation Yrotation Zrotation
										JOINT mixamorig:RightHandIndex3
										{
											OFFSET -2.786827 -0.129890 0.255971
											CHANNELS 3 Xrotation Yrotation Zrotation
											JOINT mixamorig:RightHandIndex4
											{
												OFFSET -2.343559 0.168816 0.256164
												CHANNELS 3 Xrotation Yrotation Zrotation
												End Site
												{
													OFFSET -2.344208 0.169510 0.249690
												}
											}
										}
									}
								}
								JOINT mixamorig:RightHandMiddle1
								{
									OFFSET -7.274693 0.327965 0.656181
									CHANNELS 3 Xrotation Yrotation Zrotation
									JOINT mixamorig:RightHandMiddle2
									{
										OFFSET -3.309677 0.091591 0.032863
										CHANNELS 3 Xrotation Yrotation Zrotation
										JOINT mixamorig:RightHandMiddle3
										{
											OFFSET -3.186844 -0.122513 0.000971
											CHANNELS 3 Xrotation Yrotation Zrotation
											JOINT mixamorig:RightHandMiddle4
											{
												OFFSET -2.671951 -0.322540 -0.031001
												CHANNELS 3 Xrotation Yrotation Zrotation
												End Site
												{
													OFFSET -2.671928 -0.323486 -0.021820
												}
											}
										}
									}
								}
								JOINT mixamorig:RightHandRing1
								{
									OFFSET -7.453640 0.430428 -1.170334
									CHANNELS 3 Xrotation Yrotation Zrotation
									JOINT mixamorig:RightHandRing2
									{
										OFFSET -2.808174 0.165817 -0.117934
										CHANNELS 3 Xrotation Yrotation Zrotation
										JOINT mixamorig:RightHandRing3
										{
											OFFSET -2.730080 0.127754 -0.119542
											CHANNELS 3 Xrotation Yrotation Zrotation
											JOINT mixamorig:RightHandRing4
											{
												OFFSET -2.349426 0.078133 -0.107466
												CHANNELS 3 Xrotation Yrotation Zrotation
												End Site
												{
													OFFSET -2.349503 0.077988 -0.106043
												}
											}
										}
									}
								}
								JOINT mixamorig:RightHandPinky1
								{
									OFFSET -7.364456 0.463486 -2.604800
									CHANNELS 3 Xrotation Yrotation Zrotation
									JOINT mixamorig:RightHandPinky2
									{
										OFFSET -2.430134 0.174614 -0.251330
										CHANNELS 3 Xrotation Yrotation Zrotation
										JOINT mixamorig:RightHandPinky3
										{
											OFFSET -1.953583 0.007492 -0.220999
											CHANNELS 3 Xrotation Yrotation Zrotation
											JOINT mixamorig:RightHandPinky4
											{
												OFFSET -1.582039 0.276558 -0.139972
												CHANNELS 3 Xrotation Yrotation Zrotation
												End Site
												{
													OFFSET -1.581284 0.277252 -0.147002
												}
											}
										}
									}
								}
							}
						}
					}
				}
			}
		}
	}
	JOINT mixamorig:LeftUpLeg
	{
		OFFSET 6.620181 -8.816864 -0.447179
		CHANNELS 3 Xrotation Yrotation Zrotation
		JOINT mixamorig:LeftLeg
		{
			OFFSET 2.748989 -36.076775 0.650871
			CHANNELS 3 Xrotation Yrotation Zrotation
			JOINT mixamorig:LeftFoot
			{
				OFFSET 1.089303 -46.239017 1.019056
				CHANNELS 3 Xrotation Yrotation Zrotation
				JOINT mixamorig:LeftToeBase
				{
					OFFSET -0.371088 -10.380511 12.650617
					CHANNELS 3 Xrotation Yrotation Zrotation
					JOINT mixamorig:LeftToe_End
					{
						OFFSET -0.094684 -0.116785 6.663326
						CHANNELS 3 Xrotation Yrotation Zrotation
						End Site
						{
							OFFSET -0.094684 -0.116785 6.663326
						}
					}
				}
			}
		}
	}
	JOINT mixamorig:RightUpLeg
	{
		OFFSET -6.620174 -8.816818 -0.447182
		CHANNELS 3 Xrotation Yrotation Zrotation
		JOINT mixamorig:RightLeg
		{
			OFFSET -2.748991 -36.076790 0.753614
			CHANNELS 3 Xrotation Yrotation Zrotation
			JOINT mixamorig:RightFoot
			{
				OFFSET -1.089311 -46.239029 0.372114
				CHANNELS 3 Xrotation Yrotation Zrotation
				JOINT mixamorig:RightToeBase
				{
					OFFSET 0.371103 -10.380659 13.284531
					CHANNELS 3 Xrotation Yrotation Zrotation
					JOINT mixamorig:RightToe_End
					{
						OFFSET 0.094689 -0.116865 6.675873
						CHANNELS 3 Xrotation Yrotation Zrotation
						End Site
						{
							OFFSET 0.094687 -0.116865 6.675871
						}
					}
				}
			}
		}
	}
}
MOTION
Frames: 206
Frame Time: 0.016667
-64.824501 92.861450 -3.951366 20.856654 19.810962 -3.639840 21.190611 -11.734528 8.429961 -1.054462 -1.755678 1.914139 -1.004038 -1.661491 2.049357 -9.379733 1.093794 -1.085312 -25.374520 5.784386 -5.773564 0.000000 0.000000 -0.000000 0.539743 -2.974853 10.468558 -37.481083 -15.554731 -17.219361 -4.435256 -77.468934 -4.543046 16.573082 -20.172800 22.762642 1.858936 13.213996 8.761307 1.586192 -5.109678 -5.303446 -1.304660 -5.399567 -1.268833 0.000003 0.000004 0.000001 3.328271 -13.773935 28.389966 9.177713 8.666217 -53.568081 4.535317 6.204668 -31.987938 0.000003 -0.000004 0.000000 2.760690 -15.007981 13.134928 1.612402 6.892494 -29.329587 1.392852 5.985818 -30.692121 -0.000002 -0.000002 -0.000002 0.493356 -14.694957 -5.419878 -0.694581 2.956928 -11.385176 -0.358061 1.491354 -5.464781 -0.000001 0.000002 -0.000001 -0.346459 -6.736370 -11.284671 0.139768 -4.151496 0.350075 -0.228605 0.089692 -2.289155 -0.000000 -0.000000 -0.000000 0.256800 -0.281159 -0.776766 -7.192606 -38.760992 31.051245 -1.409045 55.131470 1.724679 -11.378754 0.132088 -9.179073 -3.032795 0.282049 0.029914 7.513716 -18.888941 0.745687 -1.591160 4.596636 0.224638 -0.000002 -0.000002 0.000004 0.101851 6.393914 -11.860460 8.976239 -7.581581 50.667993 5.229933 -5.614535 34.670689 0.000000 0.000000 -0.000000 0.269058 8.926828 0.794470 2.050356 -6.544244 31.490826 -0.035286 -3.755188 15.088561 -0.000000 0.000000 -0.000001 -0.988719 9.045800 15.813244 -0.386100 -3.399659 15.670331 -1.194944 -1.468098 6.275841 -0.000001 -0.000000 0.000002 -2.166574 7.623572 27.517024 0.454964 0.533108 -3.845536 -0.706738 -0.847820 6.781229 0.000001 0.000000 0.000003 -16.791938 9.641195 -4.125026 54.119629 -1.141322 6.808172 5.869043 -5.321953 -9.099239 -16.531083 0.000023 0.000003 0.000003 0.000000 0.000000 -62.964037 -1.722864 -16.275473 47.794399 1.068511 7.237864 3.328395 -6.612129 0.801940 -11.462807 0.000005 0.000017 0.000000 0.000000 0.000000 
-64.923294 93.202087 -4.679691 20.692944 21.039230 -4.759964 20.481152 -12.227791 9.072010 -1.413960 -2.008253 2.373819 -1.354471 -1.905927 2.519653 -9.055642 1.136567 -0.945603 -22.737073 5.937790 -5.511576 0.000000 -0.000001 0.000000 0.613509 -3.403831 9.672280 -36.552994 -16.593904 -18.206190 -6.302674 -81.098080 -6.377669 17.204459 -20.286476 21.819545 1.922138 12.971376 8.406399 1.684103 -4.705074 -5.173969 -1.266743 -5.304319 -1.280997 0.000002 0.000003 -0.000001 3.314479 -13.836009 27.648174 9.222344 8.679045 -53.760938 4.631870 6.279073 -32.491043 0.000002 -0.000003 0.000003 2.629555 -14.974474 12.198474 1.632533 6.928610 -29.514094 1.424948 6.048116 -31.003724 -0.000001 -0.000000 0.000002 0.286668 -14.487192 -6.609714 -0.699243 2.987120 -11.515955 -0.363200 1.512603 -5.558998 0.000001 0.000001 -0.000000 -0.392785 -6.388513 -12.686697 0.139506 -4.150968 0.347592 -0.221893 0.075087 -2.225307 -0.000000 -0.000001 0.000001 0.266783 -0.254805 -0.560393 -5.743839 -39.595310 32.596566 -1.468937 56.232927 1.773776 -10.271232 1.358830 -9.120065 -2.857353 -0.385395 -0.500167 7.127036 -16.686430 1.172675 -1.788022 5.337056 0.348791 0.000000 -0.000002 0.000003 0.128853 6.392759 -9.637580 9.441493 -7.689871 52.699448 5.919077 -6.015650 38.095424 0.000000 -0.000000 0.000000 0.084585 8.840395 3.309301 2.229000 -6.802220 32.977250 0.050641 -4.295024 17.420259 -0.000000 0.000000 0.000000 -1.302734 8.760670 18.763380 -0.381304 -3.562084 16.422449 -1.355001 -1.728939 7.338523 -0.000001 -0.000000 0.000000 -2.430600 6.997986 30.871871 0.455041 0.533223 -3.846121 -0.718089 -0.872845 6.895597 0.000000 -0.000000 -0.000003 -14.625983 10.132524 -3.916994 52.284251 -2.579673 6.378539 5.921964 -4.677524 -8.141148 -14.718030 0.000010 -0.000002 -0.000003 -0.000000 -0.000001 -60.971548 -1.466530 -14.749715 45.985055 -1.467132 6.043334 2.601425 -4.873255 1.888276 -10.613684 0.000008 0.000018 -0.000000 -0.000000 -0.000000 
-65.010086 93.462555 -5.425187 20.515655 22.234841 -5.868586 19.760144 -12.756908 9.706612 -1.632279 -2.229610 2.792808 -1.563654 -2.120660 2.944128 -8.746575 1.186317 -0.821215 -20.338125 6.140100 -5.279343 0.000000 0.000000 -0.000000 0.661208 -3.747603 8.996248 -35.638643 -17.747149 -19.159039 -10.642977 -84.679394 -10.685603 17.854623 -20.346582 20.950982 2.019583 12.867474 8.114545 1.726945 -4.510974 -5.104555 -1.247385 -5.261751 -1.291058 0.000000 -0.000000 -0.000000 3.310598 -13.912434 26.986130 9.253587 8.687909 -53.895858 4.703267 6.333196 -32.860867 -0.000001 -0.000002 0.000001 2.521614 -14.969017 11.386812 1.647721 6.955651 -29.652556 1.448152 6.092649 -31.227007 -0.000002 0.000001 0.000001 0.114357 -14.332501 -7.617308 -0.702846 3.010708 -11.618098 -0.366382 1.525812 -5.617607 -0.000002 -0.000001 0.000001 -0.428218 -6.113415 -13.858352 0.139316 -4.150573 0.345788 -0.215490 0.061162 -2.164587 0.000000 0.000001 0.000000 0.276531 -0.227650 -0.343948 -4.314849 -40.337581 34.143248 -1.528090 57.261772 1.822944 -9.221339 2.522676 -9.106805 -2.746805 -0.957069 -1.004934 6.849751 -15.321629 1.389251 -1.912351 5.836400 0.452661 -0.000000 0.000000 0.000002 0.142037 6.424163 -7.960372 9.882562 -7.776798 54.611734 6.613720 -6.366647 41.442217 -0.000001 0.000001 0.000001 -0.070843 8.776102 5.281804 2.400421 -7.036803 34.354598 0.165410 -4.819287 19.703482 0.000001 0.000000 -0.000000 -1.558691 8.506184 21.155498 -0.375059 -3.710382 17.109516 -1.493828 -1.990110 8.387585 -0.000001 0.000001 0.000002 -2.625019 6.452604 33.646786 0.455051 0.533280 -3.846414 -0.730349 -0.900073 7.019947 -0.000002 -0.000001 0.000000 -12.543577 10.542690 -3.582864 50.468872 -3.893310 6.038252 5.676367 -4.026610 -7.317716 -12.936031 0.000007 0.000006 0.000001 -0.000001 -0.000001 -59.183050 -1.241499 -13.375168 44.269062 -3.876468 4.982788 2.147315 -3.392877 2.921370 -9.711932 0.000004 0.000016 0.000000 -0.000000 -0.000000 
-65.087097 93.655762 -6.197832 20.318797 23.412691 -6.924902 19.006663 -13.390579 10.295509 -1.625253 -2.399527 3.155129 -1.547025 -2.286935 3.304141 -8.480817 1.249042 -0.721230 -18.366640 6.422236 -5.095038 0.000000 0.000001 -0.000000 0.675662 -3.912562 8.518562 -34.800166 -19.129541 -20.017937 -29.897343 -88.023236 -29.908910 18.614846 -20.328781 20.231744 2.154990 12.915622 7.898304 1.705246 -4.573023 -5.109690 -1.258563 -5.302819 -1.295967 0.000002 0.000005 0.000000 3.319289 -14.001904 26.443766 9.267057 8.691711 -53.954024 4.740001 6.360802 -33.050626 0.000004 -0.000006 -0.000003 2.446082 -14.998873 10.758327 1.656049 6.970429 -29.728183 1.459421 6.114112 -31.334842 -0.000000 -0.000002 0.000002 -0.012230 -14.252434 -8.361613 -0.704973 3.024841 -11.679304 -0.367401 1.530056 -5.636392 -0.000001 0.000000 0.000000 -0.455923 -5.940448 -14.698068 0.139252 -4.150429 0.345229 -0.210779 0.050982 -2.120143 0.000001 -0.000004 0.000000 0.286024 -0.199830 -0.134039 -2.926332 -40.981265 35.685840 -1.582644 58.163227 1.868789 -8.240365 3.567071 -9.127030 -2.732764 -1.352991 -1.451267 6.747578 -15.051430 1.355214 -1.940026 6.009467 0.523018 0.000002 -0.000001 0.000000 0.154241 6.514204 -7.014997 10.271141 -7.840884 56.287374 7.277959 -6.656503 44.561848 -0.000002 -0.000000 -0.000001 -0.175250 8.767305 6.516984 2.551562 -7.234158 35.533711 0.301697 -5.302324 21.836994 -0.000002 -0.000000 -0.000001 -1.734466 8.328471 22.778172 -0.368442 -3.834633 17.685610 -1.602992 -2.238036 9.375908 0.000001 0.000000 -0.000003 -2.746410 6.048252 35.612955 0.455098 0.533319 -3.846592 -0.742728 -0.927654 7.145764 -0.000002 0.000000 -0.000003 -10.520248 10.913567 -3.259699 48.646171 -4.953257 5.848927 5.239176 -3.508581 -6.616938 -11.287377 0.000010 0.000006 0.000000 0.000001 -0.000001 -57.586254 -1.131487 -12.225996 42.678837 -5.751922 4.156448 1.577816 -2.428170 3.306564 -8.853554 0.000004 0.000016 0.000000 -0.000001 -0.000000 
-65.167702 93.777023 -6.994717 20.097126 24.575574 -7.895013 18.224850 -14.154891 10.802658 -1.356995 -2.510028 3.452586 -1.268688 -2.397433 3.590044 -8.273310 1.325374 -0.650918 -16.913512 6.783423 -4.965411 -0.000000 0.000001 -0.000000 0.655823 -3.845765 8.259959 -34.066214 -20.819166 -20.741920 30.928343 -91.917442 30.947024 19.551533 -20.190089 19.723293 2.323068 13.086014 7.745607 1.620270 -4.889039 -5.189974 -1.312240 -5.458442 -1.292919 -0.000000 0.000003 0.000001 3.335985 -14.098177 25.994759 9.258943 8.689432 -53.919043 4.734784 6.356889 -33.023650 0.000003 -0.000003 0.000002 2.401028 -15.061762 10.303153 1.656283 6.970850 -29.730314 1.456251 6.108086 -31.304594 0.000000 -0.000002 -0.000002 -0.093336 -14.250292 -8.833708 -0.705466 3.028115 -11.693369 -0.365963 1.524056 -5.609923 -0.000001 -0.000002 0.000001 -0.479371 -5.875954 -15.180901 0.139342 -4.150624 0.346128 -0.208668 0.046421 -2.100168 -0.000000 -0.000001 0.000000 0.295209 -0.171478 0.068275 -1.594307 -41.520932 37.217393 -1.628919 58.893566 1.908029 -7.359122 4.442382 -9.170343 -2.838509 -1.497826 -1.802257 6.834536 -15.920213 1.072971 -1.866411 5.834304 0.551053 -0.000000 -0.000001 -0.000001 0.177869 6.690057 -6.856476 10.591577 -7.885083 57.663804 7.886218 -6.885359 47.361594 -0.000000 -0.000000 0.000000 -0.219131 8.844865 6.952102 2.674314 -7.388405 36.469163 0.449552 -5.728663 23.756385 0.000000 -0.000000 0.000000 -1.826780 8.262955 23.557708 -0.362504 -3.930032 18.128275 -1.679554 -2.462578 10.270841 -0.000001 0.000001 0.000001 -2.804997 5.819553 36.684745 0.455107 0.533335 -3.846705 -0.754146 -0.953277 7.262560 0.000001 0.000001 0.000001 -8.640416 11.241218 -2.958724 46.885837 -5.669941 5.829823 4.577836 -3.184396 -6.027501 -9.925982 -0.000008 -0.000002 -0.000001 0.000001 0.000000 -56.239340 -1.146978 -11.359576 41.320305 -6.998606 3.609098 0.967019 -2.092453 3.079267 -8.123551 0.000009 0.000009 -0.000000 -0.000001 -0.000000 
-65.264915 93.818405 -7.809039 19.848479 25.723353 -8.760955 17.438112 -15.037655 11.206854 -0.847384 -2.566649 3.687845 -0.748675 -2.457449 3.804764 -8.124586 1.411306 -0.610311 -15.957098 7.197112 -4.884012 0.000000 0.000000 -0.000000 0.603480 -3.544590 8.185267 -33.436071 -22.843510 -21.318373 11.524371 -94.922902 11.571551 20.697749 -19.902319 19.467462 2.507617 13.307041 7.623377 1.484866 -5.406269 -5.331423 -1.418319 -5.754508 -1.279551 0.000001 0.000003 0.000001 3.346545 -14.185865 25.554731 9.227069 8.680385 -53.781429 4.684071 6.318741 -32.761685 -0.000000 -0.000001 0.000002 2.372437 -15.141080 9.947628 1.648224 6.956568 -29.657163 1.437427 6.072105 -31.124038 0.000001 -0.000001 -0.000003 -0.140012 -14.306291 -9.096568 -0.704369 3.020817 -11.661833 -0.361873 1.507086 -5.534615 -0.000003 -0.000002 0.000001 -0.499958 -5.899937 -15.362583 0.139589 -4.151132 0.348374 -0.209557 0.048341 -2.108594 0.000001 0.000001 0.000000 0.303985 -0.143053 0.267610 -0.324701 -41.957664 38.732497 -1.664412 59.433390 1.938342 -6.615654 5.106809 -9.225344 -3.071577 -1.337013 -2.018990 7.070780 -17.750789 0.588229 -1.707332 5.353713 0.532931 0.000000 -0.000002 -0.000002 0.222522 6.968863 -7.389808 10.839783 -7.913979 58.727210 8.421785 -7.059499 49.789115 0.000001 0.000001 0.000003 -0.206248 9.026963 6.671337 2.766056 -7.500340 37.156294 0.597706 -6.090655 25.422473 -0.000000 -0.000000 -0.000000 -1.849557 8.325297 23.568387 -0.357929 -3.996602 18.437319 -1.725946 -2.656410 11.048527 -0.000001 0.000001 -0.000001 -2.818746 5.769124 36.927124 0.455118 0.533347 -3.846762 -0.763385 -0.974116 7.357436 0.000000 -0.000001 0.000001 -6.974561 11.531256 -2.663621 45.249371 -6.036185 5.958255 3.688310 -3.047725 -5.511721 -9.051237 0.000002 0.000004 0.000001 0.000003 -0.000003 -55.193232 -1.232557 -10.844414 40.249267 -7.669019 3.321832 0.775226 -2.348135 2.930418 -7.574968 0.000003 0.000012 -0.000000 -0.000001 0.000000 
-65.388283 93.792694 -8.644645 19.572180 26.841650 -9.549579 16.681689 -15.978372 11.529451 -0.160461 -2.585054 3.873784 -0.051215 -2.481694 3.963011 -8.023595 1.500545 -0.594376 -15.383999 7.625683 -4.834945 0.000001 0.000001 -0.000000 0.522996 -3.050918 8.223202 -32.889724 -25.174761 -21.765668 7.130503 -97.892764 7.204642 22.033391 -19.483272 19.476423 2.684039 13.482419 7.488730 1.321006 -6.035413 -5.509455 -1.582368 -6.205924 -1.254298 0.000002 0.000003 -0.000001 3.328093 -14.238950 25.008022 9.171644 8.664454 -53.541798 4.589399 6.246506 -32.270161 0.000001 0.000002 0.000001 2.336835 -15.205787 9.577559 1.632816 6.929100 -29.516659 1.403463 6.006526 -30.795615 0.000001 0.000001 0.000000 -0.171224 -14.379568 -9.265354 -0.701990 3.005071 -11.593703 -0.355122 1.479281 -5.411141 -0.000001 0.000001 -0.000000 -0.516980 -5.969692 -15.362593 0.139790 -4.151573 0.350221 -0.213545 0.056972 -2.146241 0.000002 -0.000001 0.000001 0.312314 -0.115480 0.466063 0.888004 -42.300912 40.229637 -1.688824 59.794611 1.959293 -6.040379 5.529704 -9.278354 -3.419007 -0.854785 -2.067123 7.387731 -20.205820 -0.021036 -1.493325 4.656753 0.469676 0.000002 -0.000003 0.000001 0.293727 7.346108 -8.392563 11.019989 -7.932085 59.497976 8.873008 -7.187143 51.811339 -0.000000 0.000001 -0.000001 -0.149840 9.311029 5.881239 2.828719 -7.575242 37.620016 0.734361 -6.385330 26.807799 0.000001 0.000000 0.000001 -1.826650 8.508423 23.004472 -0.354903 -4.037883 18.629034 -1.748707 -2.814268 11.688864 -0.000001 0.000001 -0.000001 -2.807518 5.871619 36.525806 0.455111 0.533344 -3.846739 -0.769157 -0.987164 7.416802 0.000002 -0.000000 0.000004 -5.560010 11.784001 -2.329306 43.729169 -6.072192 6.179836 2.623610 -3.047874 -5.017492 -9.097906 -0.001051 0.234325 0.000004 0.000002 -0.000000 -54.420318 -1.373771 -10.571599 39.456948 -7.978491 3.223273 0.972638 -3.077924 2.868456 -7.182960 0.000003 0.000010 0.000001 0.000001 -0.000000 
-65.544701 93.697433 -9.502271 19.246790 27.897037 -10.205909 16.056931 -16.926565 11.700106 0.683420 -2.568933 3.998029 0.802808 -2.473645 4.052162 -7.985394 1.581495 -0.611652 -15.262541 7.999777 -4.808298 0.000001 0.000000 -0.000000 0.403814 -2.314812 8.320415 -32.434482 -28.014369 -21.997147 5.283151 -100.585689 5.381584 23.467575 -19.012608 19.726155 2.825190 13.519331 7.304035 1.154191 -6.677602 -5.696208 -1.803705 -6.812037 -1.216835 0.000004 -0.000001 -0.000000 3.254387 -14.222994 24.244699 9.095339 8.642164 -53.211518 4.457066 6.143364 -31.577751 -0.000003 0.000000 -0.000004 2.267581 -15.214837 9.073625 1.611848 6.891473 -29.324557 1.356654 5.914550 -30.336804 0.000001 0.000001 0.000001 -0.209011 -14.416841 -9.473487 -0.698790 2.984135 -11.503049 -0.345967 1.441947 -5.245356 -0.000002 -0.000002 0.000004 -0.528884 -6.029797 -15.330220 0.139780 -4.151548 0.350233 -0.220432 0.071895 -2.211492 -0.000000 -0.000002 0.000001 0.320068 -0.089940 0.655823 2.058732 -42.568116 41.712320 -1.693838 59.868104 1.963609 -5.645316 5.695322 -9.314077 -3.847655 -0.086529 -1.926136 7.722938 -22.900899 -0.665237 -1.258952 3.846600 0.366406 0.000000 -0.000004 -0.000002 0.390212 7.788929 -9.574598 11.140693 -7.942835 60.013737 9.230416 -7.276244 53.400253 -0.000002 0.000002 0.000000 -0.067751 9.670516 4.851792 2.866950 -7.620329 37.900744 0.848167 -6.611630 27.888484 0.000001 -0.000000 -0.000001 -1.783197 8.785274 22.120876 -0.353301 -4.059257 18.728246 -1.756368 -2.932501 12.174177 0.000000 0.000001 -0.000001 -2.788707 6.084712 35.727050 0.455098 0.533317 -3.846614 -0.770425 -0.990035 7.429900 0.000000 -0.000001 0.000003 -4.351709 12.049428 -2.019304 42.291380 -5.814662 6.459467 1.440525 -3.115225 -4.481677 -11.362699 -0.061694 1.909114 -0.000004 -0.000000 0.000001 -53.917667 -1.588665 -10.572316 38.955922 -7.708075 3.325132 1.448624 -4.408082 2.820643 -6.852785 0.000003 0.000010 0.000000 0.000000 0.000000 
-65.731766 93.528625 -10.396388 18.886313 28.882527 -10.680443 15.786396 -17.621029 11.672202 1.193721 -2.611519 4.129860 1.321105 -2.520293 4.160029 -7.953469 1.614888 -0.630625 -14.972721 8.103262 -4.714575 0.000001 -0.000000 -0.000000 0.300431 -1.649233 8.122147 -32.066314 -31.253501 -22.134294 4.283962 -102.971973 4.404002 24.842848 -18.621828 20.160463 2.907738 13.356151 7.049949 1.006081 -7.253388 -5.868735 -2.075094 -7.555623 -1.168096 -0.000000 0.000001 -0.000002 3.104051 -14.101056 23.194394 9.002813 8.614439 -52.810282 4.296631 6.014808 -30.729660 0.000000 -0.000003 0.000006 2.143183 -15.126007 8.346370 1.587560 6.847523 -29.100516 1.300448 5.801610 -29.776090 -0.000001 0.000002 0.000001 -0.271933 -14.365372 -9.835235 -0.695311 2.961631 -11.405548 -0.334875 1.397302 -5.046930 -0.000000 0.000000 -0.000001 -0.534250 -6.026225 -15.404143 0.139788 -4.151543 0.350235 -0.229840 0.092383 -2.300866 0.000000 -0.000002 0.000000 0.327219 -0.067186 0.842559 3.208173 -42.782283 43.189243 -1.687170 59.770630 1.957871 -5.421204 5.603939 -9.317797 -4.310583 0.883808 -1.597067 8.041568 -25.522615 -1.267771 -1.031696 3.008548 0.230911 0.000000 -0.000004 -0.000002 0.500543 8.240525 -10.655317 11.211528 -7.948663 60.316246 9.486329 -7.333665 54.531824 -0.000001 0.000001 -0.000002 0.020786 10.059364 3.843219 2.886141 -7.642767 38.041046 0.929887 -6.769369 28.645235 0.000001 -0.000000 -0.000000 -1.739254 9.115714 21.162375 -0.352777 -4.066181 18.760423 -1.757233 -3.009250 12.492041 0.000001 0.000001 -0.000002 -2.774728 6.361997 34.768371 0.455070 0.533282 -3.846458 -0.766770 -0.981749 7.392169 0.000000 -0.000001 0.000001 -3.347584 12.303924 -1.646139 40.985609 -5.837586 6.473526 0.189966 -2.731267 -3.696940 -14.616974 -0.232322 3.739265 0.000002 0.000002 -0.000005 -53.681984 -1.643085 -10.555088 38.769769 -7.864461 3.228540 2.132913 -5.625019 2.995931 -6.486808 0.000007 0.000007 -0.000000 -0.000001 0.000000 
-65.942284 93.279892 -11.345312 18.480159 29.805323 -10.983497 15.777855 -18.134960 11.509137 1.487099 -2.669568 4.219694 1.620157 -2.580436 4.236119 -7.938213 1.618751 -0.655737 -14.762581 8.048991 -4.597161 0.000000 0.000000 -0.000000 0.215842 -1.067588 7.884291 -31.785368 -34.933709 -22.205580 3.705105 -104.909520 3.842724 25.971577 -18.458960 20.704315 2.917519 12.977039 6.729653 0.888829 -7.720925 -6.014306 -2.384354 -8.406867 -1.110302 0.000000 0.000001 -0.000000 2.869218 -13.842656 21.843669 8.899501 8.582691 -52.361391 4.118701 5.867552 -29.777320 -0.000000 -0.000001 0.000001 1.955097 -14.906290 7.358152 1.562036 6.800882 -28.863410 1.238657 5.674100 -29.146514 -0.000000 0.000000 0.000001 -0.369007 -14.186281 -10.418310 -0.692021 2.940617 -11.314548 -0.322401 1.347893 -4.827111 -0.000001 -0.000000 0.000001 -0.531105 -5.919808 -15.679492 0.139788 -4.151537 0.350247 -0.241251 0.117315 -2.409601 0.000002 -0.000000 -0.000000 0.333839 -0.047237 1.022094 4.357777 -42.966681 44.673590 -1.669558 59.510421 1.942757 -5.342337 5.269687 -9.277666 -4.758576 1.945201 -1.104006 8.335684 -27.900162 -1.784972 -0.825570 2.191232 0.072006 0.000001 -0.000001 0.000001 0.604294 8.635882 -11.430034 11.241429 -7.951021 60.443950 9.637344 -7.365078 55.197276 0.000001 0.000002 -0.000004 0.097800 10.424080 3.045267 2.891126 -7.648594 38.077424 0.974327 -6.859849 29.071935 0.000002 -0.000000 -0.000000 -1.706967 9.456461 20.307783 -0.352987 -4.063210 18.746658 -1.757532 -3.045013 12.640128 -0.000001 0.000001 -0.000001 -2.772017 6.663645 33.825262 0.455063 0.533271 -3.846313 -0.758458 -0.962981 7.306732 -0.000001 0.000000 -0.000001 -2.522455 12.499782 -1.372877 39.873172 -5.936406 6.386834 -1.146064 -1.976391 -2.682173 -18.773344 -0.464731 4.927692 -0.000001 0.000000 -0.000000 -53.672019 -1.631917 -10.648567 38.841319 -8.081494 3.077629 2.937833 -6.864440 3.274944 -6.060956 0.000004 0.000008 0.000000 -0.000000 -0.000000 
-66.157784 92.947235 -12.377418 18.003007 30.669011 -11.105415 16.049088 -18.459860 11.268590 1.569688 -2.733814 4.243284 1.705072 -2.644607 4.257012 -7.931748 1.594109 -0.682229 -14.641291 7.852210 -4.463901 0.000001 -0.000000 0.000000 0.159506 -0.650606 7.672535 -31.600929 -38.412253 -22.568263 3.330438 -106.496706 3.482505 26.695132 -18.639260 21.279147 2.852483 12.409037 6.363171 0.803508 -8.078095 -6.131187 -2.717407 -9.330537 -1.046140 0.000003 0.000003 -0.000000 2.559823 -13.432892 20.233006 8.790563 8.548234 -51.886850 3.932742 5.708153 -28.768009 -0.000000 -0.000005 -0.000000 1.710821 -14.541251 6.125570 1.536854 6.754394 -28.627561 1.174640 5.538058 -28.478786 0.000002 -0.000003 0.000002 -0.497022 -13.863986 -11.234278 -0.689258 2.923039 -11.238421 -0.309095 1.296060 -4.596199 -0.000000 -0.000000 0.000001 -0.516380 -5.694966 -16.192008 0.138656 -4.149209 0.339726 -0.254063 0.145491 -2.532264 0.000001 -0.000000 0.000000 0.340017 -0.029054 1.196959 5.522422 -43.136473 46.180186 -1.663304 59.416499 1.937398 -5.374957 4.718144 -9.187266 -5.153136 2.992479 -0.488408 8.610311 -30.008412 -2.213045 -0.641482 1.406699 -0.102169 -0.000000 0.000000 0.000002 0.680097 8.922522 -11.805775 11.238597 -7.950791 60.431799 9.687812 -7.375173 55.419421 -0.000002 0.000001 -0.000003 0.150446 10.719709 2.547118 2.885768 -7.642329 38.038300 0.981473 -6.887815 29.186447 0.000001 -0.000000 -0.000000 -1.690485 9.771511 19.645236 -0.353713 -4.053611 18.702125 -1.760625 -3.043369 12.630571 0.000001 -0.000001 -0.000001 -2.781204 6.962317 32.989718 0.455036 0.533235 -3.846240 -0.746368 -0.935807 7.182941 0.000002 -0.000001 0.000001 -1.873033 12.607764 -1.286248 39.000640 -5.448641 6.239146 -2.594124 -1.506573 -1.425570 -25.619744 -0.481269 2.928825 -0.000000 0.000001 -0.000001 -53.821850 -1.541672 -10.849347 39.098489 -8.369823 2.849540 3.823661 -7.988570 3.674429 -5.644952 -0.000003 0.000011 -0.000000 0.000000 -0.000000 
-66.360229 92.529770 -13.523123 17.409263 31.477565 -11.039369 16.627752 -18.606825 11.010670 1.493475 -2.791387 4.186735 1.627482 -2.700078 4.206817 -7.927323 1.543451 -0.705801 -14.616449 7.534748 -4.323682 0.000000 -0.000000 0.000000 0.134231 -0.446717 7.532629 -31.466282 -41.645046 -23.066867 3.063757 -107.842232 3.228137 26.939444 -19.205220 21.815865 2.722304 11.705933 5.976316 0.742833 -8.350830 -6.225641 -3.061366 -10.294015 -0.978260 -0.000001 -0.000002 -0.000000 2.201372 -12.878434 18.437404 8.679875 8.512225 -51.403509 3.745721 5.541943 -27.737467 -0.000000 -0.000001 0.000003 1.431079 -14.039444 4.705515 1.512799 6.709582 -28.400866 1.110858 5.398218 -27.796339 -0.000001 -0.000001 -0.000001 -0.642863 -13.408958 -12.246753 -0.687104 2.909480 -11.179606 -0.295384 1.243480 -4.361809 -0.000001 0.000000 0.000001 -0.486296 -5.360916 -16.921309 0.136641 -4.145027 0.320953 -0.267722 0.175683 -2.663618 0.000002 -0.000000 0.000000 0.345854 -0.011108 1.363812 6.701927 -43.288571 47.719670 -1.656726 59.317495 1.931761 -5.484416 3.985200 -9.047540 -5.476630 3.955766 0.202113 8.870701 -31.919212 -2.579618 -0.472394 0.643468 -0.284966 0.000001 -0.000001 -0.000002 0.715870 9.076507 -11.799745 11.210826 -7.948604 60.313227 9.652050 -7.368043 55.262084 -0.000001 0.000000 -0.000002 0.174412 10.923025 2.341508 2.873061 -7.627481 37.945457 0.956878 -6.862584 29.035913 0.000001 -0.000000 -0.000000 -1.687626 10.040181 19.179569 -0.354795 -4.039624 18.637073 -1.767172 -3.010945 12.490375 0.000000 0.000002 -0.000001 -2.798823 7.244426 32.278911 0.455053 0.533256 -3.846237 -0.731687 -0.903026 7.033401 -0.000002 -0.000001 -0.000001 -1.424230 12.561835 -1.414716 38.603471 -4.672918 6.055249 -4.218091 -1.049302 0.045127 -31.389777 -0.192652 0.912853 0.000001 -0.000002 -0.000000 -54.040426 -1.361652 -11.130519 39.448755 -8.723079 2.514551 4.768880 -8.835349 4.216961 -5.353413 0.000010 0.000004 -0.000000 0.000000 -0.000000 
-66.542618 92.029922 -14.798350 16.637501 32.229177 -10.769958 17.539065 -18.605259 10.757083 1.340275 -2.829016 4.056771 1.469844 -2.733832 4.088445 -7.920541 1.470758 -0.723363 -14.691955 7.123195 -4.184289 0.000001 -0.000001 0.000000 0.137771 -0.458277 7.479752 -31.369959 -44.498662 -23.646315 2.859216 -109.026983 3.034460 25.596462 -20.470466 21.904596 2.507253 10.848665 5.581473 0.717142 -8.508273 -6.284954 -3.413576 -11.289875 -0.907864 0.000001 0.000003 -0.000000 1.793099 -12.124741 16.448337 8.571165 8.475835 -50.927506 3.563359 5.373890 -26.716647 -0.000001 -0.000002 -0.000000 1.118634 -13.349758 3.070829 1.491291 6.669113 -28.196556 1.049269 5.258779 -27.119833 0.000000 0.000001 -0.000001 -0.800872 -12.771843 -13.506212 -0.685901 2.901984 -11.147177 -0.281746 1.192084 -4.132361 0.000000 -0.000000 0.000001 -0.428359 -4.877374 -17.942485 0.131575 -4.134493 0.273659 -0.282185 0.207880 -2.803561 0.000000 -0.000000 0.000000 0.351369 0.007473 1.514283 7.872831 -43.393995 49.290146 -1.647327 59.175420 1.923725 -5.914144 3.008905 -8.726978 -5.676930 4.746077 0.947703 9.122676 -33.582961 -2.864862 -0.319261 -0.091175 -0.472995 -0.000000 -0.000004 0.000004 0.685714 9.021481 -11.249284 11.151875 -7.943798 60.061508 9.500857 -7.336769 54.595905 -0.000001 0.000002 -0.000003 0.151230 10.975277 2.559381 2.851681 -7.602356 37.788810 0.892310 -6.764690 28.532292 0.000001 -0.000000 -0.000001 -1.707140 10.224511 19.008468 -0.356192 -4.020679 18.549083 -1.777117 -2.938054 12.179604 0.000001 -0.000000 0.000001 -2.829591 7.489753 31.767944 0.455069 0.533277 -3.846417 -0.714203 -0.864271 6.856392 0.000001 -0.000003 -0.000000 -1.193997 12.335539 -1.813795 38.864019 -3.576976 5.950119 -6.051108 -0.693669 1.611953 -35.995500 0.215207 -0.893648 0.000000 -0.000002 0.000001 -54.227505 -1.061792 -11.434170 39.815102 -9.123966 2.045658 5.740149 -9.245284 4.905242 -5.268067 0.000006 0.000009 0.000000 -0.000001 -0.000000 
-66.709694 91.460503 -16.197412 15.624141 32.902076 -10.294603 18.792104 -18.476881 10.491050 1.195953 -2.838135 3.882874 1.319621 -2.737134 3.927311 -7.909846 1.381410 -0.733481 -14.866252 6.647106 -4.050267 -0.000000 -0.000001 0.000000 0.164322 -0.642665 7.493529 -31.316093 -46.901536 -24.227251 2.691871 -110.114937 2.877117 24.371303 -21.946960 21.838237 2.260854 10.018944 5.255510 0.661430 -8.748904 -6.375200 -3.734007 -12.203686 -0.845022 0.000001 -0.000001 0.000001 1.413581 -11.297640 14.526433 8.459684 8.437481 -50.438041 3.383352 5.201937 -25.692503 0.000000 0.000001 -0.000002 0.829086 -12.588600 1.421585 1.469414 6.627580 -27.987200 0.987880 5.115142 -26.426907 0.000002 0.000000 0.000004 -0.946614 -12.059157 -14.879605 -0.684980 2.896202 -11.122096 -0.265950 1.133567 -3.870883 -0.000001 -0.000001 0.000000 -0.348568 -4.322468 -19.167090 0.127725 -4.126495 0.237809 -0.292128 0.230103 -2.900084 0.000000 -0.000000 0.000001 0.356258 0.025269 1.650423 8.985840 -43.398052 50.869142 -1.632808 58.953248 1.911349 -6.293599 2.389571 -8.377384 -5.782774 5.285130 1.543853 9.326511 -35.145589 -3.167526 -0.168641 -0.789547 -0.638032 0.000002 -0.000004 0.000002 0.604113 8.745621 -10.551180 11.074399 -7.937076 59.730537 9.281596 -7.288142 53.626848 -0.000003 0.000001 -0.000002 0.111874 10.852579 2.913523 2.824443 -7.570151 37.588457 0.796374 -6.631020 27.825053 0.000000 -0.000000 -0.000001 -1.717240 10.290945 18.967601 -0.357804 -3.998429 18.445778 -1.799936 -2.846359 11.780429 0.000001 0.000001 -0.000001 -2.852474 7.674128 31.395289 0.455092 0.533310 -3.846623 -0.697081 -0.826620 6.684239 0.000000 -0.000001 -0.000005 -1.172635 11.934058 -2.475317 39.862995 -2.168657 5.987372 -8.055257 -0.512448 3.126854 -39.497034 0.611500 -2.386986 -0.000000 -0.000000 -0.000000 -54.288854 -0.647702 -11.670257 40.130568 -9.508068 1.426477 6.686038 -9.098714 5.685536 -5.389429 0.000004 0.000011 0.000000 0.000001 0.000000 
-66.874481 90.834755 -17.683865 14.328099 33.466062 -9.620057 20.361298 -18.236407 10.158663 1.125020 -2.819486 3.708832 1.243146 -2.710039 3.764193 -7.896763 1.281914 -0.736425 -15.131079 6.137275 -3.921189 -0.000000 -0.000000 -0.000000 0.205629 -0.927674 7.528554 -31.315946 -48.844247 -24.723634 2.548751 -111.144779 2.743498 23.477826 -23.452978 21.734167 1.986496 9.194315 4.971784 0.601589 -8.988829 -6.464380 -4.023999 -13.037499 -0.790150 0.000001 -0.000002 -0.000001 1.080679 -10.445456 12.688701 8.348194 8.398047 -49.947077 3.209886 5.030228 -24.688945 -0.000000 -0.000001 -0.000000 0.573857 -11.797619 -0.219884 1.447512 6.585650 -27.776392 0.928233 4.970727 -25.734010 0.000001 -0.000000 0.000002 -1.073076 -11.305702 -16.337355 -0.684149 2.891052 -11.099706 -0.248333 1.069515 -3.584270 -0.000000 -0.000000 0.000000 -0.245233 -3.722074 -20.557411 0.124815 -4.120451 0.210613 -0.297498 0.242160 -2.952400 0.000000 0.000000 -0.000000 0.360068 0.036865 1.762687 9.973035 -43.232912 52.411634 -1.611671 58.624572 1.893372 -6.544972 1.991700 -8.018856 -5.808983 5.607153 1.983549 9.481795 -36.393215 -3.414892 -0.041218 -1.377687 -0.772895 -0.000000 -0.000002 0.000003 0.498656 8.338695 -9.717006 10.990009 -7.929225 59.369821 9.026962 -7.226811 52.497073 -0.000001 0.000002 0.000001 0.057577 10.621010 3.422171 2.795949 -7.536198 37.377975 0.682940 -6.478521 27.009283 0.000001 -0.000000 -0.000000 -1.734884 10.270833 19.109186 -0.359348 -3.976587 18.344351 -1.832582 -2.744680 11.333216 0.000000 -0.000001 0.000001 -2.880757 7.791660 31.237232 0.455117 0.533359 -3.846786 -0.680167 -0.789723 6.515223 -0.000000 -0.000000 -0.000002 -1.368132 11.402282 -3.298894 41.711371 -0.454513 6.138717 -10.416167 -0.532519 4.352978 -41.213355 0.882953 -3.523530 -0.000000 -0.000001 0.000000 -54.314463 -0.089881 -11.739075 40.723049 -9.743404 0.688905 6.940308 -8.481556 6.416765 -5.653502 0.000007 0.000006 0.000000 0.000000 -0.000000 
-67.048210 90.164108 -19.195398 12.749616 33.895118 -8.765797 22.184924 -17.888561 9.699408 1.155182 -2.784495 3.576978 1.269396 -2.663309 3.640072 -7.885448 1.179486 -0.733767 -15.471383 5.624106 -3.790726 -0.000001 -0.000001 0.000000 0.251905 -1.235397 7.533501 -31.372654 -50.363527 -25.062028 2.423462 -112.132274 2.627352 23.555038 -24.717182 21.872509 1.697915 8.400205 4.730977 0.541282 -9.217927 -6.543726 -4.278455 -13.774625 -0.745484 0.000002 -0.000001 0.000000 0.814082 -9.645874 11.025752 8.239569 8.358640 -49.467386 3.047949 4.864255 -23.736103 -0.000001 -0.000000 0.000001 0.365850 -11.044908 -1.772144 1.425606 6.543320 -27.564004 0.871895 4.829526 -25.059979 0.000001 -0.000000 -0.000003 -1.175211 -10.570856 -17.806428 -0.683108 2.884547 -11.071547 -0.229043 1.000780 -3.276232 -0.000000 -0.000001 -0.000001 -0.124121 -3.120532 -22.042021 0.123557 -4.117830 0.198802 -0.297388 0.241927 -2.951326 0.000001 0.000000 -0.000000 0.362099 0.032701 1.853838 10.766986 -42.839151 53.859037 -1.583979 58.184367 1.869907 -6.489031 1.821708 -7.702508 -5.771722 5.721318 2.225402 9.585271 -37.206127 -3.571164 0.051842 -1.801965 -0.866356 0.000002 -0.000001 -0.000001 0.392460 7.872781 -8.866738 10.907048 -7.921016 59.014979 8.767723 -7.158885 51.341217 0.000000 -0.000002 -0.000003 -0.000962 10.329405 4.012192 2.768792 -7.503650 37.176696 0.562519 -6.325720 26.177393 0.000001 0.000000 -0.000000 -1.761343 10.183518 19.412924 -0.360685 -3.957168 18.254249 -1.874027 -2.643009 10.881249 -0.000001 0.000001 0.000000 -2.916892 7.836356 31.314293 0.455140 0.533390 -3.846924 -0.664010 -0.754744 6.354799 0.000000 -0.000000 -0.000003 -1.843438 10.803841 -4.173455 44.772587 1.795741 6.405517 -14.203211 -0.728293 4.688459 -38.030589 0.699413 -4.170818 0.000000 0.000002 -0.000000 -54.283861 0.569274 -11.566990 41.556339 -10.004425 -0.146767 6.668434 -7.188504 6.994277 -5.986175 0.000005 0.000009 -0.000000 -0.000000 -0.000000 
-67.232628 89.458199 -20.659138 10.933821 34.181924 -7.764548 24.180714 -17.432813 9.084823 1.277771 -2.752287 3.511972 1.389654 -2.616142 3.579839 -7.882065 1.081489 -0.727617 -15.865932 5.136416 -3.646915 0.000000 0.000000 -0.000000 0.294173 -1.504336 7.469039 -31.467460 -51.520800 -25.195540 2.312992 -113.078365 2.525669 25.033106 -25.519699 22.526963 1.405683 7.652068 4.529558 0.488962 -9.414762 -6.598986 -4.496585 -14.411962 -0.712281 0.000000 0.000003 -0.000002 0.620340 -8.973199 9.621825 8.138708 8.321096 -49.020688 2.904143 4.712135 -22.876347 0.000002 -0.000000 -0.000002 0.208407 -10.395988 -3.152000 1.404224 6.501607 -27.355119 0.821115 4.697881 -24.434715 0.000000 -0.000001 -0.000001 -1.254092 -9.912981 -19.202016 -0.681550 2.875005 -11.030145 -0.208843 0.930253 -2.959739 0.000000 -0.000000 -0.000001 0.003774 -2.562655 -23.528753 0.124104 -4.118972 0.203922 -0.291694 0.229117 -2.895794 -0.000000 -0.000001 -0.000000 0.361678 0.000623 1.928111 11.324526 -42.188327 55.158436 -1.551577 57.655696 1.842629 -5.965744 1.813903 -7.467584 -5.683634 5.640807 2.254281 9.638396 -37.480427 -3.600630 0.100541 -2.017202 -0.910493 0.000001 0.000000 0.000001 0.303658 7.431201 -8.105124 10.832157 -7.913169 58.694554 8.531037 -7.091978 50.280533 -0.000001 0.000001 -0.000001 -0.055910 10.035367 4.614907 2.744987 -7.474898 36.999456 0.446008 -6.188321 25.412470 -0.000001 -0.000000 -0.000001 -1.798076 10.055768 19.850698 -0.361737 -3.941701 18.182449 -1.920624 -2.549846 10.463083 -0.000001 -0.000000 0.000000 -2.962195 7.808510 31.628844 0.455154 0.533399 -3.846973 -0.649039 -0.722562 6.207014 -0.000002 -0.000000 0.000002 -2.177345 10.291328 -5.092815 47.799959 3.789366 6.677667 -17.155610 -1.010141 4.968114 -35.908114 0.528339 -4.573811 0.000000 -0.000003 -0.000000 -54.211324 1.297522 -11.130899 42.620288 -10.030911 -1.016088 6.118857 -5.579034 7.407134 -6.336703 -0.000002 0.000009 0.000000 -0.000002 -0.000000 
-67.426956 88.733116 -22.021681 8.815992 34.192644 -6.578358 26.330523 -16.842861 8.302531 1.542241 -2.715188 3.446521 1.649798 -2.568319 3.512887 -7.893849 0.994786 -0.719627 -16.288915 4.700216 -3.473689 -0.000000 0.000000 -0.000000 0.326626 -1.700993 7.325673 -31.556867 -52.385171 -25.109959 2.215766 -113.976733 2.436795 27.913624 -25.726630 23.800245 1.116722 6.956396 4.361247 0.453778 -9.558065 -6.615939 -4.680450 -14.955392 -0.690758 0.000000 0.000004 0.000003 0.495612 -8.486739 8.547963 8.051786 8.288032 -48.634734 2.785887 4.583473 -22.158969 0.000001 -0.000000 0.000002 0.097365 -9.904397 -4.280967 1.384332 6.462463 -27.159481 0.778455 4.583852 -23.895357 0.000003 0.000001 0.000002 -1.315394 -9.382014 -20.433776 -0.679308 2.861189 -10.970215 -0.189068 0.862596 -2.655620 -0.000000 -0.000000 -0.000001 0.123470 -2.088536 -24.911402 0.126023 -4.122933 0.221834 -0.281124 0.205497 -2.793209 0.000001 -0.000000 -0.000000 0.358414 -0.070358 2.004640 11.642710 -41.294350 56.282681 -1.517826 57.087770 1.814396 -4.884930 1.870478 -7.323867 -5.553262 5.380771 2.081212 9.642381 -37.152261 -3.480761 0.097582 -1.995086 -0.901752 0.000000 0.000002 0.000001 0.242766 7.095286 -7.508517 10.769937 -7.906320 58.428191 8.337816 -7.033836 49.410586 -0.000000 0.000002 -0.000003 -0.103882 9.796108 5.174428 2.725770 -7.451514 36.855755 0.343999 -6.077661 24.780042 0.000000 -0.000000 -0.000001 -1.846856 9.916960 20.388844 -0.362446 -3.931043 18.132947 -1.966451 -2.471660 10.109634 0.000000 0.000000 0.000001 -3.016241 7.714424 32.162794 0.455152 0.533399 -3.846986 -0.635593 -0.693833 6.074867 0.000001 -0.000001 0.000003 -2.276599 9.955790 -5.931660 50.757967 5.531199 6.800689 -19.329289 -1.308161 5.146729 -35.032952 0.409168 -4.452012 0.000000 -0.000000 0.000000 -54.110360 1.970437 -10.412573 43.952687 -9.700382 -1.812349 5.426059 -3.831533 7.575061 -6.669133 0.000005 0.000008 -0.000000 0.000000 -0.000000 
-67.589165 88.000549 -23.217358 6.728003 33.834537 -5.444455 28.444085 -16.127403 7.450366 1.753053 -2.641912 3.407813 1.857713 -2.482400 3.473725 -7.928210 0.925106 -0.709982 -16.712085 4.337887 -3.253590 0.000000 0.000001 -0.000000 0.347217 -1.817622 7.123372 -31.583864 -53.023851 -24.821430 2.130654 -114.818226 2.359563 31.695066 -25.323463 25.515391 0.834464 6.312308 4.218526 0.439040 -9.643483 -6.588918 -4.832390 -15.412303 -0.680392 0.000002 0.000003 -0.000002 0.430627 -8.221078 7.853930 7.985201 8.262234 -48.338406 2.699728 4.487695 -21.630337 -0.000002 -0.000001 -0.000001 0.025209 -9.603812 -5.093714 1.367158 6.428392 -26.989506 0.746290 4.495581 -23.479265 0.000002 -0.000001 -0.000003 -1.366042 -9.013242 -21.415023 -0.676273 2.842629 -10.889754 -0.171435 0.803396 -2.388969 -0.000001 -0.000001 -0.000001 0.219090 -1.729167 -26.080229 0.128540 -4.128189 0.245362 -0.267201 0.174522 -2.658626 0.000000 -0.000000 -0.000000 0.352497 -0.185971 2.101768 11.757655 -40.208740 57.239485 -1.486613 56.546371 1.788421 -3.259457 1.916096 -7.241378 -5.386586 4.960664 1.739983 9.593992 -36.218000 -3.212803 0.040163 -1.730323 -0.841719 0.000001 -0.000001 -0.000001 0.213891 6.929159 -7.115954 10.722712 -7.900942 58.225915 8.200650 -6.990617 48.790606 -0.000001 0.000000 -0.000007 -0.145343 9.657880 5.653671 2.711635 -7.434282 36.749922 0.265567 -5.999679 24.321364 0.000000 -0.000000 -0.000001 -1.909122 9.793583 20.990932 -0.362821 -3.925402 18.106760 -2.004347 -2.412366 9.841000 0.000001 0.000000 -0.000001 -3.076559 7.565419 32.877867 0.455149 0.533396 -3.846987 -0.623961 -0.669124 5.961164 -0.000000 0.000001 -0.000001 -2.358844 9.864741 -6.531715 53.609427 6.989615 6.646027 -20.834999 -1.564659 5.235156 -35.005566 0.351536 -4.117965 -0.000000 -0.000004 -0.000000 -54.229506 2.526096 -9.391195 45.506613 -9.092129 -2.408794 4.780814 -2.161569 7.545933 -6.936008 0.000018 0.000018 -0.000001 -0.000001 0.000000 
-67.691414 87.286766 -24.232506 4.775799 33.222351 -4.477445 30.484032 -15.319604 6.680486 1.888998 -2.555642 3.387371 1.991135 -2.383528 3.454594 -7.991824 0.876469 -0.696598 -17.107156 4.067341 -2.971318 0.000000 0.000001 -0.000001 0.356228 -1.859385 6.903955 -31.499388 -53.499048 -24.367919 2.057002 -115.592154 2.293163 35.521461 -24.460974 27.258400 0.559448 5.713474 4.094011 0.437012 -9.696771 -6.528229 -4.952645 -15.783150 -0.680200 -0.000000 0.000004 0.000003 0.415597 -8.179865 7.561071 7.944138 8.246136 -48.155415 2.650174 4.431772 -21.323779 -0.000000 0.000000 0.000000 -0.014443 -9.503004 -5.546125 1.353936 6.402009 -26.857953 0.726293 4.439689 -23.216446 -0.000000 -0.000000 0.000000 -1.410137 -8.823183 -22.072400 -0.672506 2.819852 -10.790948 -0.157761 0.758143 -2.184980 0.000003 0.000001 0.000000 0.277818 -1.503734 -26.933960 0.131112 -4.133559 0.269449 -0.252041 0.141034 -2.512878 -0.000000 -0.000001 0.000000 0.344852 -0.344067 2.229728 11.620646 -38.901431 57.910660 -1.461449 56.098649 1.767610 -1.206607 1.934960 -7.160489 -5.189292 4.408019 1.282202 9.486804 -34.747556 -2.825141 -0.068815 -1.244641 -0.737303 -0.000000 0.000001 -0.000002 0.217063 6.966489 -6.924944 10.690568 -7.897149 58.088170 8.122726 -6.965347 48.437564 -0.000002 0.000002 -0.000004 -0.182996 9.646850 6.038151 2.702488 -7.423071 36.681251 0.216823 -5.954517 24.049144 0.000000 0.000000 0.000002 -1.985271 9.704182 21.620902 -0.362883 -3.924420 18.102195 -2.027342 -2.373070 9.665136 -0.000001 0.000001 -0.000001 -3.139005 7.376251 33.718650 0.455107 0.533385 -3.846847 -0.614450 -0.649045 5.868677 -0.000001 0.000001 0.000001 -2.441630 10.025108 -6.812982 56.300341 8.117844 6.259621 -21.793786 -1.741006 5.248375 -35.279375 0.335513 -4.021433 -0.000000 -0.000002 -0.000000 -54.561095 2.834286 -8.185156 47.154489 -8.357483 -2.678695 4.351494 -0.776225 7.439139 -7.070622 0.000005 0.000007 0.000000 -0.000002 -0.000000 
-67.711609 86.614746 -25.066542 3.080416 32.447644 -3.769255 32.384683 -14.484270 6.103400 1.921268 -2.466344 3.372254 2.020962 -2.281986 3.443602 -8.089960 0.850765 -0.674731 -17.448150 3.901539 -2.617443 0.000000 -0.000000 -0.000001 0.353899 -1.828945 6.717455 -31.283629 -53.866239 -23.797147 1.994474 -116.286061 2.237161 38.495954 -23.451089 28.563308 0.290123 5.149973 3.981279 0.429634 -9.770873 -6.460666 -5.037711 -16.055632 -0.688873 0.000004 0.000003 -0.000001 0.442911 -8.336123 7.659220 7.931685 8.241220 -48.099869 2.638689 4.418718 -21.252463 -0.000001 0.000000 0.000002 -0.024013 -9.585535 -5.620170 1.345711 6.385499 -26.775936 0.719298 4.419986 -23.123785 0.000003 -0.000000 0.000002 -1.445979 -8.808991 -22.353201 -0.668279 2.794560 -10.681188 -0.149636 0.731549 -2.064909 0.000001 0.000001 0.000000 0.293348 -1.419268 -27.389824 0.133851 -4.139247 0.294925 -0.238182 0.110591 -2.380208 0.000001 0.000001 -0.000000 0.336591 -0.562195 2.448715 11.421121 -37.781881 58.267661 -1.444941 55.798568 1.754047 1.078986 1.966516 -7.022860 -4.967695 3.761185 0.771484 9.318298 -32.884902 -2.366762 -0.220085 -0.586768 -0.600298 -0.000000 -0.000000 -0.000003 0.250089 7.204291 -6.894511 10.671734 -7.894912 58.007396 8.098286 -6.957291 48.326672 -0.000001 0.000000 0.000002 -0.219840 9.764465 6.335552 2.697690 -7.417188 36.645205 0.200124 -5.936839 23.948185 -0.000000 -0.000000 -0.000002 -2.073552 9.656564 22.245713 -0.362705 -3.927211 18.115151 -2.029955 -2.352141 9.577847 -0.000001 -0.000000 -0.000001 -3.198400 7.163579 34.617902 0.455130 0.533393 -3.846985 -0.607439 -0.634251 5.800470 0.000001 0.000001 0.000001 -2.566539 10.410532 -6.752147 58.763328 8.919001 5.679755 -22.333247 -1.829301 5.222074 -35.791264 0.342235 -4.063014 -0.000000 -0.000000 -0.000000 -55.108155 2.792956 -6.917288 48.701325 -7.656624 -2.522804 4.240159 0.179470 7.379752 -7.017253 0.000018 0.000016 0.000001 0.000002 -0.000000 
-67.642021 86.001038 -25.735636 1.717955 31.614500 -3.355557 34.076439 -13.709113 5.771645 1.858702 -2.385927 3.351154 1.955662 -2.190365 3.429225 -8.225822 0.847641 -0.637214 -17.713435 3.848165 -2.191640 0.000000 0.000000 -0.000000 0.338813 -1.716103 6.607195 -30.959800 -54.172870 -23.157008 1.942765 -116.886052 2.191113 39.987114 -22.651817 29.109412 0.023811 4.610531 3.875435 0.397250 -9.919070 -6.420057 -5.079735 -16.202493 -0.704912 0.000004 0.000007 0.000000 0.506850 -8.639201 8.109186 7.948231 8.247745 -48.173696 2.663593 4.446977 -21.406930 -0.000001 0.000001 0.000003 -0.002049 -9.815021 -5.324407 1.343272 6.380615 -26.751561 0.725250 4.436752 -23.202578 0.000002 -0.000001 0.000001 -1.465902 -8.951625 -22.229718 -0.664065 2.769745 -10.573423 -0.148184 0.726789 -2.043479 -0.000002 -0.000002 0.000000 0.267175 -1.472451 -27.391272 0.137409 -4.146619 0.328093 -0.228194 0.088801 -2.285224 0.000001 -0.000000 -0.000000 0.336435 -0.764907 2.831209 11.132742 -36.858105 58.417221 -1.438281 55.676328 1.748552 3.366371 2.063674 -6.804155 -4.728234 3.068676 0.276638 9.098002 -30.833461 -1.895176 -0.398482 0.172471 -0.445954 -0.000000 -0.000005 0.000001 0.308223 7.604833 -6.955982 10.663223 -7.893892 57.970998 8.114600 -6.962671 48.400657 0.000001 0.000001 -0.000003 -0.258079 9.988377 6.570575 2.696316 -7.415488 36.634847 0.213808 -5.937492 23.981301 0.000000 0.000001 0.000000 -2.169629 9.647551 22.837272 -0.362334 -3.932633 18.140366 -2.009315 -2.345848 9.565198 -0.000002 0.000000 0.000000 -3.249252 6.944113 35.504560 0.455132 0.533395 -3.846906 -0.603204 -0.625364 5.759520 -0.000003 0.000000 0.000000 -2.766300 10.968783 -6.389439 60.947526 9.421781 4.980170 -22.583035 -1.849736 5.198004 -36.434480 0.363937 -4.193443 0.000000 -0.000000 -0.000000 -55.825954 2.348417 -5.713722 49.927252 -7.153724 -1.892411 4.440453 0.641817 7.472547 -6.772002 0.000005 0.000008 -0.000001 0.000002 0.000000 
-67.488861 85.450851 -26.268948 0.721690 30.809887 -3.224932 35.484236 -13.086275 5.674750 1.743674 -2.325477 3.318090 1.837735 -2.120796 3.404140 -8.400135 0.864622 -0.575256 -17.887135 3.909704 -1.704739 0.000000 -0.000001 -0.000000 0.307756 -1.497751 6.601661 -30.593671 -54.456255 -22.490681 1.902021 -117.377320 2.155016 39.793611 -22.296278 28.810998 -0.242055 4.084906 3.773545 0.390755 -9.978411 -6.364275 -5.067049 -16.183218 -0.726489 0.000000 -0.000004 -0.000003 0.601477 -9.026954 8.849865 7.991431 8.264665 -48.366130 2.720215 4.510634 -21.756541 0.000001 0.000000 0.000001 0.054377 -10.143971 -4.690775 1.347096 6.388281 -26.789716 0.743150 4.486873 -23.438303 0.000004 -0.000000 0.000002 -1.458718 -9.221475 -21.700643 -0.660637 2.749661 -10.486253 -0.153841 0.745271 -2.126873 -0.000001 -0.000000 -0.000000 0.207570 -1.652445 -26.913000 0.139773 -4.151547 0.350228 -0.224435 0.080585 -2.249393 0.000002 -0.000001 -0.000000 0.344835 -0.916531 3.294884 10.769605 -36.155726 58.455409 -1.441424 55.734658 1.751134 5.429497 2.243560 -6.526253 -4.476846 2.385499 -0.135813 8.850937 -28.828436 -1.464635 -0.584469 0.948910 -0.291254 0.000003 -0.000003 -0.000001 0.382646 8.104532 -7.029814 10.661771 -7.893720 57.964783 8.155276 -6.975971 48.585130 -0.000002 0.000001 0.000003 -0.299035 10.277993 6.776482 2.697385 -7.416817 36.642886 0.252821 -5.945891 24.099522 0.000001 0.000000 0.000000 -2.266741 9.665012 23.374145 -0.361876 -3.939523 18.172294 -1.965772 -2.349380 9.607628 -0.000001 0.000001 0.000000 -3.286899 6.732673 36.313664 0.455136 0.533395 -3.846967 -0.602035 -0.622907 5.748165 -0.000002 0.000001 0.000001 -3.067451 11.605525 -5.837612 62.828602 9.715851 4.251658 -22.671408 -1.838331 5.200445 -37.412706 0.386769 -4.022674 -0.000000 -0.000003 -0.000000 -56.635744 1.487002 -4.684393 50.637206 -6.938425 -0.801297 4.833014 0.624726 7.765395 -6.393512 0.000015 0.000008 -0.000000 -0.000001 -0.000000 
-67.173515 85.020767 -26.605944 0.095274 30.084917 -3.344898 36.566842 -12.684112 5.794763 1.656516 -2.291846 3.290414 1.748466 -2.081700 3.382899 -8.610814 0.897536 -0.479864 -17.959986 4.083782 -1.179074 -0.000000 0.000000 -0.000000 0.256582 -1.147312 6.709171 -30.278782 -54.742692 -21.837957 1.872342 -117.745891 2.128805 38.156350 -22.395364 27.798397 -0.508775 3.566429 3.674829 0.390980 -9.988076 -6.333010 -4.985427 -15.948680 -0.751342 -0.000000 0.000001 -0.000002 0.718673 -9.438362 9.807001 8.056252 8.289750 -48.654569 2.801349 4.600477 -22.253311 0.000003 -0.000000 0.000003 0.146488 -10.523556 -3.769956 1.357297 6.408733 -26.891505 0.771232 4.564172 -23.802581 -0.000001 0.000000 0.000001 -1.413778 -9.584398 -20.790864 -0.658916 2.739766 -10.443259 -0.166296 0.786283 -2.311904 -0.000004 -0.000002 0.000000 0.127057 -1.943451 -25.963774 0.139780 -4.151552 0.350229 -0.228479 0.089421 -2.287935 0.000002 -0.000002 0.000002 0.361157 -0.984228 3.785810 10.345764 -35.637144 58.484854 -1.453296 55.951479 1.760908 7.080808 2.468361 -6.246007 -4.218913 1.767459 -0.408731 8.613980 -27.104757 -1.119173 -0.756535 1.655360 -0.152862 0.000002 -0.000004 0.000004 0.460056 8.625872 -7.042423 10.664535 -7.894058 57.976633 8.203802 -6.991641 48.804990 -0.000003 0.000004 -0.000002 -0.343251 10.582068 6.986269 2.700091 -7.420132 36.663250 0.309755 -5.952536 24.252695 0.000002 0.000002 0.000001 -2.356614 9.690857 23.842539 -0.361374 -3.946861 18.206402 -1.902938 -2.358031 9.683906 0.000002 -0.000000 -0.000000 -3.308047 6.540408 36.995190 0.455140 0.533385 -3.846960 -0.604040 -0.627109 5.767555 0.000000 0.000000 -0.000002 -3.232369 12.260293 -5.254641 64.088246 9.835134 3.595560 -22.647014 -1.837430 5.283395 -38.342059 0.408523 -3.839789 -0.000000 0.000003 -0.000000 -57.332601 0.284321 -3.892990 50.709151 -7.002712 0.673572 5.115670 0.196124 8.302258 -5.977541 0.000003 0.000007 0.000000 -0.000002 -0.000001 
-66.820816 84.723030 -26.592691 -0.171668 29.453972 -3.680187 37.260113 -12.540033 6.002795 1.644786 -2.288992 3.229860 1.734248 -2.078458 3.325620 -8.852700 0.941197 -0.343616 -17.929547 4.363743 -0.647023 0.000000 0.000001 -0.000000 0.181869 -0.649499 6.925004 -30.112750 -55.049088 -21.240766 1.853835 -117.979456 2.112537 35.655903 -22.777612 26.351309 -0.775378 3.054253 3.580716 0.381768 -9.976176 -6.364276 -4.820204 -15.449227 -0.776617 0.000000 0.000001 -0.000000 0.847615 -9.823313 10.901397 8.135674 8.319951 -49.007290 2.897748 4.705270 -22.837762 0.000001 -0.000001 -0.000001 0.271542 -10.911103 -2.625946 1.373727 6.441472 -27.054682 0.806905 4.660268 -24.256590 0.000002 0.000001 0.000001 -1.324402 -10.006483 -19.549110 -0.660021 2.746122 -10.470864 -0.184513 0.847209 -2.586298 -0.000001 -0.000002 0.000000 0.039407 -2.326516 -24.585517 0.139788 -4.151538 0.350247 -0.241069 0.116933 -2.407862 0.000001 0.000001 0.000001 0.383114 -0.947446 4.258000 9.891724 -35.223829 58.582451 -1.471954 56.286899 1.776272 8.191646 2.671230 -6.034435 -3.960483 1.265255 -0.499777 8.427212 -25.866736 -0.890497 -0.893831 2.211657 -0.045466 -0.000001 -0.000001 -0.000001 0.524381 9.089384 -6.939009 10.669563 -7.894645 57.998142 8.246303 -7.005183 48.997247 -0.000000 0.000002 -0.000002 -0.390421 10.847173 7.225813 2.703906 -7.424812 36.691906 0.375969 -5.950814 24.398117 0.000002 -0.000001 0.000003 -2.430766 9.704664 24.236581 -0.360918 -3.954002 18.239518 -1.827381 -2.368003 9.774775 -0.000002 -0.000000 -0.000000 -3.311249 6.373959 37.519783 0.455140 0.533386 -3.846954 -0.609149 -0.637842 5.817032 -0.000000 0.000000 -0.000001 -3.168962 12.753954 -4.663638 64.645131 9.830729 3.082113 -22.594792 -1.850308 5.311591 -39.099582 0.424307 -3.673919 -0.000000 0.000000 -0.000000 -57.886714 -1.190714 -3.193509 50.314691 -7.255042 2.410773 4.922367 -0.557445 8.924116 -5.618507 -0.000001 0.000006 -0.000001 0.000001 0.000001 
-66.605072 84.555489 -26.478540 -0.091705 28.914831 -4.199282 37.529977 -12.660422 6.298594 1.731609 -2.315847 3.168047 1.819311 -2.109044 3.263065 -9.117414 0.990229 -0.162555 -17.799869 4.739356 -0.147814 0.000001 0.000000 0.000000 0.082786 -0.013792 7.236871 -30.173641 -55.386885 -20.749538 1.846941 -118.067989 2.106468 33.022858 -23.215866 24.815274 -1.037623 2.555055 3.495040 0.381962 -9.865366 -6.453454 -4.559450 -14.646058 -0.798999 0.000000 0.000004 -0.000003 0.976076 -10.147629 12.056460 8.221541 8.351988 -49.387605 2.999324 4.813326 -23.446861 0.000001 0.000001 -0.000002 0.422454 -11.274453 -1.330095 1.395959 6.485374 -27.273903 0.847051 4.765657 -24.756246 -0.000001 -0.000000 0.000001 -1.189864 -10.457242 -18.043046 -0.664899 2.774618 -10.594610 -0.206962 0.923795 -2.930635 -0.000002 0.000000 0.000000 -0.042790 -2.780530 -22.848731 0.139783 -4.151558 0.350227 -0.261887 0.162753 -2.607388 0.000001 0.000001 0.000001 0.408211 -0.804982 4.691514 9.461497 -34.828931 58.773655 -1.494961 56.692554 1.795360 8.695606 2.808122 -5.958869 -3.709510 0.919167 -0.384849 8.323478 -25.262220 -0.797862 -0.979152 2.554379 0.019780 0.000002 0.000001 -0.000001 0.560952 9.425303 -6.690340 10.675763 -7.895408 58.024766 8.273155 -7.013668 49.118517 -0.000001 0.000000 -0.000003 -0.439132 11.026005 7.510149 2.708533 -7.430473 36.726641 0.442822 -5.937793 24.505354 -0.000002 0.000001 0.000002 -2.482050 9.687560 24.557643 -0.360452 -3.960555 18.269952 -1.747770 -2.376910 9.864901 -0.000001 0.000000 0.000001 -3.296999 6.235496 37.879584 0.455144 0.533387 -3.846927 -0.617042 -0.654495 5.893791 0.000002 -0.000001 -0.000001 -3.326199 13.044086 -4.098914 64.926740 9.807528 2.729563 -22.534097 -1.896176 5.317652 -39.634454 0.431152 -3.527684 -0.000000 0.000001 -0.000000 -58.742605 -2.853284 -2.317470 49.733035 -7.293069 4.303181 4.342847 -1.618086 7.448521 -5.381448 0.000007 0.000007 0.000000 -0.000001 0.000001 
-66.091522 84.468430 -26.339508 0.324638 28.453957 -4.885199 37.388613 -13.002152 6.681914 1.906240 -2.366851 3.107253 1.992676 -2.167644 3.197658 -9.393525 1.039906 0.062234 -17.580833 5.197446 0.276898 0.000001 0.000001 -0.000000 -0.037638 0.718985 7.631168 -30.505097 -55.765650 -20.427615 1.851971 -118.003648 2.110885 30.905298 -23.541937 23.505413 -1.287273 2.084438 3.423726 0.756610 -8.537981 -6.193158 -4.197821 -13.524553 -0.814916 0.000005 0.000003 -0.000000 1.092922 -10.394456 13.204594 8.305716 8.382783 -49.759646 3.096374 4.914470 -24.022668 -0.000001 -0.000000 -0.000003 0.589167 -11.593723 0.044988 1.423253 6.538725 -27.541011 0.888304 4.871153 -25.258373 0.000001 0.000001 0.000002 -1.015401 -10.911465 -16.353443 -0.674129 2.829689 -10.833613 -0.231883 1.010760 -3.321028 -0.000001 -0.000002 -0.000000 -0.109776 -3.283113 -20.845650 0.123178 -4.116996 0.195169 -0.289704 0.224666 -2.876469 0.000001 -0.000002 -0.000001 0.434496 -0.579872 5.098945 9.125488 -34.389026 59.023455 -1.519811 57.121115 1.816024 8.578272 2.896975 -6.067068 -3.476882 0.754613 -0.059688 8.319759 -25.361578 -0.848317 -1.001883 2.645610 0.036513 -0.000000 0.000000 0.000001 0.561047 9.584318 -6.294215 10.682520 -7.896232 58.053719 8.279814 -7.015754 49.148638 0.000001 -0.000000 0.000001 -0.486718 11.085445 7.842472 2.713758 -7.436859 36.765792 0.502804 -5.914065 24.558514 -0.000000 0.000002 0.000000 -2.506172 9.626314 24.812979 -0.360066 -3.966398 18.297068 -1.673001 -2.383697 9.943928 -0.000002 -0.000000 0.000000 -3.267705 6.124005 38.086361 0.455138 0.533389 -3.846938 -0.627200 -0.676001 5.992835 0.000002 0.000001 -0.000002 -3.371867 13.317244 -3.893253 64.667029 9.847564 2.556619 -22.520865 -2.025632 5.601177 -39.954544 0.429786 -3.411195 0.000000 -0.000002 -0.000000 -59.296014 -4.285618 -1.717100 48.377557 -6.943804 6.145244 3.597031 -2.704567 6.543667 -5.291797 -0.000006 0.000005 -0.000000 0.000001 0.000004 
-65.489380 84.500443 -25.509462 1.066184 28.046975 -5.738320 36.886252 -13.468790 7.184163 2.124496 -2.433172 3.042869 2.209442 -2.244972 3.126124 -9.666807 1.086881 0.323568 -17.287120 5.722353 0.587981 0.000000 0.000000 -0.000000 -0.172390 1.480233 8.112964 -31.114360 -56.192950 -20.349671 1.869372 -117.782856 2.126193 29.678586 -23.689989 22.620243 -1.511803 1.667609 3.374592 1.416072 -6.179099 -5.664550 -3.740280 -12.105676 -0.821261 0.000003 0.000002 -0.000003 1.190470 -10.562757 14.292103 8.381400 8.409927 -50.093437 3.181109 5.001103 -24.520697 -0.000001 0.000000 0.000001 0.760684 -11.860891 1.430787 1.454629 6.599330 -27.845117 0.927605 4.969152 -25.726497 0.000002 0.000000 -0.000000 -0.811081 -11.350001 -14.567895 -0.687679 2.913067 -11.195116 -0.257450 1.102488 -3.731962 0.000000 0.000001 0.000001 -0.155448 -3.811111 -18.682857 0.080663 -4.027518 -0.205484 -0.322552 0.298791 -3.197872 0.000000 0.000001 0.000000 0.460538 -0.318264 5.529081 8.952186 -33.886344 59.246618 -1.544305 57.534358 1.836509 7.866099 3.014073 -6.369517 -3.275868 0.779053 0.459522 8.412478 -26.145334 -1.036374 -0.959991 2.478999 0.004150 -0.000000 -0.000002 -0.000003 0.524892 9.545778 -5.773832 10.689242 -7.897008 58.082508 8.266882 -7.011695 49.090318 -0.000002 0.000001 0.000001 -0.529432 11.012830 8.214646 2.719268 -7.443607 36.807183 0.550188 -5.883205 24.556524 0.000001 -0.000001 0.000000 -2.502871 9.516449 25.013961 -0.359710 -3.971420 18.320365 -1.611261 -2.388555 10.006739 -0.000001 -0.000000 0.000000 -3.227664 6.036427 38.167073 0.455118 0.533382 -3.846948 -0.638857 -0.700813 6.107001 -0.000001 0.000000 -0.000003 -2.754408 13.294938 -3.742305 63.361179 9.765718 2.559272 -22.456332 -2.118955 5.741323 -40.152128 0.424695 -3.333731 -0.000000 0.000002 -0.000000 -59.786408 -5.484888 -0.984698 47.258939 -6.219276 7.783819 2.104443 -3.747700 5.898130 -5.338156 0.000007 0.000011 0.000000 -0.000001 -0.000000 
-64.344856 84.585617 -24.559349 2.119711 27.695029 -6.738733 36.097007 -13.972941 7.847486 2.324329 -2.504204 2.967297 2.406571 -2.329768 3.042816 -9.921100 1.129607 0.608083 -16.937003 6.296275 0.753624 -0.000000 0.000001 -0.000000 -0.311656 2.186239 8.690207 -31.981183 -56.668696 -20.593352 1.899364 -117.409613 2.152663 29.378023 -23.678840 22.205078 -1.694827 1.338572 3.356882 2.320367 -2.762306 -4.854008 -3.204245 -10.450635 -0.816049 0.000001 0.000005 -0.000000 1.265842 -10.663956 15.281385 8.443878 8.431974 -50.368523 3.248663 5.069109 -24.914642 0.000001 0.000001 0.000004 0.927110 -12.077439 2.766617 1.488814 6.664413 -28.172802 0.962518 5.054329 -26.134629 0.000002 -0.000002 -0.000000 -0.590120 -11.759188 -12.775970 -0.704660 3.022818 -11.670520 -0.282123 1.193480 -4.138654 -0.000002 -0.000001 0.000001 -0.177708 -4.340913 -16.475275 0.015381 -3.886819 -0.832601 -0.357933 0.379954 -3.548725 0.000001 -0.000001 0.000000 0.484855 -0.080714 6.038429 8.987645 -33.359112 59.333560 -1.567003 57.909008 1.855601 6.624958 3.245126 -6.825851 -3.120465 0.981345 1.137933 8.579185 -27.506688 -1.344086 -0.860303 2.080687 -0.072131 -0.000000 -0.000003 0.000000 0.461311 9.320998 -5.172567 10.695013 -7.897675 58.107199 8.239525 -7.003052 48.966664 0.000000 -0.000000 -0.000003 -0.563466 10.818040 8.609417 2.724618 -7.450142 36.847218 0.581563 -5.850819 24.511327 0.000001 0.000000 0.000002 -2.476137 9.363736 25.174226 -0.359430 -3.975515 18.339376 -1.568679 -2.392584 10.053194 -0.000001 0.000001 0.000000 -3.182636 5.969118 38.158990 0.455151 0.533389 -3.846954 -0.651107 -0.727007 6.227411 0.000001 -0.000000 -0.000001 -1.744756 13.357587 -4.017689 61.253854 9.671966 2.683419 -22.175847 -2.230301 6.266511 -40.421019 0.423379 -3.286693 0.000000 0.000003 -0.000000 -60.349892 -6.138479 -0.468193 46.177236 -5.118867 9.030214 0.562333 -4.656472 5.666530 -5.482124 -0.000005 0.000020 -0.000001 0.000001 -0.000001 
-63.640228 84.822693 -23.330942 3.459349 27.381723 -7.862518 35.100615 -14.410244 8.698034 2.446286 -2.569596 2.876103 2.524012 -2.410652 2.945254 -10.139433 1.168428 0.897167 -16.550962 6.899458 0.753166 -0.000000 -0.000000 -0.000000 -0.444321 2.756301 9.372045 -33.070085 -57.175363 -21.223081 1.941539 -116.900750 2.190025 29.768495 -23.572320 22.178408 -1.817563 1.137216 3.380145 3.350121 1.517057 -3.807636 -2.619187 -8.656632 -0.799248 0.000004 0.000007 0.000000 1.320773 -10.716662 16.150443 8.490912 8.448334 -50.575263 3.297441 5.117630 -25.197580 -0.000002 0.000000 -0.000002 1.080787 -12.250784 4.000988 1.524146 6.730773 -28.507987 0.991536 5.123823 -26.468631 0.000002 -0.000001 0.000000 -0.367085 -12.129436 -11.065320 -0.723629 3.153060 -12.233870 -0.304591 1.278669 -4.518757 -0.000001 0.000002 -0.000000 -0.178198 -4.848756 -14.340605 -0.068803 -3.699111 -1.663974 -0.393164 0.462085 -3.902869 -0.000001 0.000002 -0.000000 0.506423 0.073627 6.678292 9.239445 -32.898371 59.184825 -1.587273 58.238202 1.872697 4.967626 3.622122 -7.348523 -3.022634 1.333719 1.925736 8.786109 -29.272787 -1.742611 -0.716847 1.503265 -0.182390 0.000000 -0.000001 0.000000 0.384170 8.949711 -4.546517 10.698587 -7.898103 58.122512 8.206057 -6.992359 48.815181 -0.000001 0.000001 0.000004 -0.586015 10.530658 9.003171 2.729147 -7.455640 36.881044 0.595896 -5.823472 24.444407 0.000002 0.000001 0.000000 -2.433409 9.182797 25.307062 -0.359212 -3.978472 18.353116 -1.548708 -2.397333 10.087211 -0.000001 0.000001 -0.000000 -3.139041 5.918826 38.102979 0.455128 0.533379 -3.846908 -0.662953 -0.752485 6.344451 0.000001 0.000000 0.000000 -1.206461 13.095721 -3.937386 59.156159 9.371364 2.833769 -21.336461 -2.174751 6.507102 -41.057893 0.435249 -3.222285 0.000000 -0.000003 -0.000000 -60.687897 -6.511455 0.636571 44.443228 -4.211576 9.774065 -0.463752 -5.392407 4.784048 -5.671794 -0.000002 -0.000002 0.000002 0.000000 -0.000001 
-62.474255 85.116180 -21.922873 5.044469 27.097391 -9.067457 33.968648 -14.711415 9.734074 2.451603 -2.621563 2.774403 2.522867 -2.478476 2.839905 -10.305685 1.205265 1.168897 -16.150244 7.510525 0.579513 -0.000001 -0.000000 -0.000000 -0.558575 3.130637 10.151662 -34.338315 -57.670265 -22.268382 1.994173 -116.289162 2.236891 30.492775 -23.442061 22.393810 -1.861246 1.104698 3.453192 4.349672 6.266142 -2.615766 -2.023620 -6.845388 -0.773401 0.000003 0.000001 0.000001 1.360001 -10.741017 16.890404 8.522618 8.459259 -50.714540 3.328989 5.148755 -25.379752 0.000000 -0.000001 0.000002 1.216473 -12.389817 5.092242 1.558720 6.794793 -28.832404 1.014121 5.177171 -26.725589 -0.000000 0.000001 -0.000002 -0.156487 -12.453059 -9.518029 -0.742705 3.294075 -12.843027 -0.323916 1.353839 -4.853568 -0.000001 -0.000000 -0.000000 -0.161748 -5.311045 -12.393529 -0.163141 -3.479518 -2.629269 -0.425559 0.538916 -4.233259 0.000000 -0.000000 -0.000000 0.526113 0.105187 7.455280 9.669197 -32.627817 58.745931 -1.605501 58.527645 1.888127 3.059202 4.089529 -7.831914 -2.989197 1.796328 2.764236 8.998498 -31.238946 -2.195151 -0.547526 0.815189 -0.313840 0.000002 -0.000004 0.000003 0.307511 8.491364 -3.955059 10.698635 -7.898117 58.122758 8.176275 -6.982770 48.680220 -0.000000 -0.000002 0.000000 -0.596395 10.193486 9.369616 2.732138 -7.459265 36.903352 0.594507 -5.807507 24.382302 0.000001 -0.000001 0.000003 -2.384053 8.994264 25.423173 -0.359096 -3.980080 18.360611 -1.552004 -2.404502 10.115366 -0.000001 0.000000 -0.000000 -3.103092 5.883175 38.037293 0.455140 0.533388 -3.846850 -0.673514 -0.775268 6.448926 -0.000001 0.000000 0.000000 -0.395718 12.944256 -4.073247 56.398463 8.820894 2.984463 -19.730525 -2.016099 6.974560 -42.430399 0.464995 -3.045566 0.000000 0.000002 -0.000000 -61.266571 -6.384768 1.718999 43.153818 -3.380274 9.937005 -1.228056 -5.929148 3.700564 -5.852147 -0.000002 0.000004 -0.000002 0.000001 -0.000000 
-60.922256 85.450287 -20.025404 6.815150 26.821924 -10.292630 32.756006 -14.845799 10.907859 2.331337 -2.657017 2.680495 2.395040 -2.528439 2.745550 -10.406455 1.242924 1.400837 -15.755501 8.107024 0.239759 -0.000000 0.000000 -0.000000 -0.642311 3.282601 10.990530 -35.733484 -58.084885 -23.701412 2.054197 -115.622658 2.290641 31.216352 -23.337331 22.695588 -1.810124 1.277754 3.582415 5.183028 10.964821 -1.396745 -1.460396 -5.148135 -0.743686 0.000003 -0.000001 0.000002 1.388843 -10.753549 17.502206 8.541227 8.465647 -50.796144 3.347241 5.166668 -25.484947 -0.000001 0.000001 0.000000 1.330614 -12.501161 6.008505 1.590366 6.852631 -29.126437 1.030693 5.215833 -26.912214 -0.000000 0.000001 0.000000 0.028118 -12.722464 -8.206623 -0.760004 3.433154 -13.442990 -0.339491 1.415777 -5.129078 -0.000002 -0.000000 -0.000000 -0.135516 -5.704994 -10.738913 -0.256260 -3.252060 -3.621479 -0.452849 0.604577 -4.515047 0.000000 -0.000001 0.000001 0.546684 0.008571 8.321889 10.196156 -32.666438 58.033590 -1.622040 58.786543 1.902186 1.109656 4.527750 -8.193758 -3.019667 2.322372 3.591782 9.189624 -33.204674 -2.660897 -0.370667 0.088777 -0.452951 -0.000000 -0.000001 0.000001 0.241814 8.014372 -3.453266 10.694305 -7.897614 58.104235 8.159889 -6.977462 48.606000 0.000001 -0.000000 0.000004 -0.596240 9.854578 9.682506 2.733028 -7.460356 36.910059 0.580713 -5.808093 24.352211 0.000001 0.000000 0.000001 -2.337533 8.820772 25.528366 -0.359096 -3.980177 18.361043 -1.576509 -2.415711 10.145683 0.000000 0.000000 0.000000 -3.079743 5.860909 37.991377 0.455137 0.533388 -3.846970 -0.681986 -0.793685 6.533403 0.000000 -0.000000 -0.000003 1.004531 12.828492 -4.297166 52.677298 7.817808 3.098233 -17.038686 -1.694185 7.412484 -44.920590 0.493922 -2.624858 -0.000000 -0.000002 -0.000000 -62.247530 -5.913071 2.904977 42.999002 -2.825554 9.493640 -2.049287 -6.246172 2.333520 -5.973244 0.000002 0.000010 -0.000003 -0.000002 0.000000 
-59.468994 85.860725 -18.079138 8.697688 26.547277 -11.444670 31.500539 -14.854196 12.123097 2.105826 -2.678574 2.624291 2.162455 -2.561350 2.691730 -10.433177 1.284155 1.573235 -15.385460 8.666294 -0.245983 0.000000 0.000000 0.000000 -0.684913 3.221877 11.811380 -37.184680 -58.335471 -25.422958 2.117125 -114.957179 2.347336 31.714914 -23.265501 22.947412 -1.654250 1.683055 3.770813 5.775279 15.058219 -0.289241 -0.971274 -3.690183 -0.717423 0.000005 0.000001 -0.000002 1.411461 -10.764144 17.994017 8.550427 8.468788 -50.836535 3.357794 5.176995 -25.545613 0.000004 0.000001 0.000002 1.420656 -12.587170 6.728373 1.616883 6.900543 -29.370725 1.042334 5.242791 -27.042541 0.000001 0.000001 0.000002 0.175136 -12.929348 -7.189220 -0.774080 3.555947 -13.972160 -0.351026 1.462529 -5.336689 -0.000002 0.000002 0.000000 -0.107700 -6.010050 -9.464083 -0.336934 -3.045354 -4.516746 -0.473259 0.654317 -4.727969 0.000001 0.000001 -0.000002 0.570027 -0.182378 9.172184 10.713236 -33.082312 57.141356 -1.636921 59.016509 1.914855 -0.651468 4.823502 -8.403035 -3.105661 2.863218 4.349333 9.344908 -35.000761 -3.099540 -0.202530 -0.609551 -0.587139 0.000000 -0.000003 0.000001 0.192655 7.585481 -3.087152 10.685729 -7.896586 58.067427 8.165428 -6.979270 48.631193 0.000000 0.000002 -0.000001 -0.588999 9.559761 9.917610 2.731685 -7.458712 36.899971 0.559451 -5.828844 24.378902 0.000000 0.000001 -0.000002 -2.301911 8.683259 25.622340 -0.359193 -3.978806 18.354692 -1.617955 -2.432284 10.186673 0.000000 0.000001 0.000000 -3.071996 5.851420 37.982812 0.455137 0.533392 -3.846935 -0.687962 -0.806696 6.593021 -0.000001 -0.000000 0.000000 1.995362 12.703996 -4.400119 49.009807 6.352566 3.100323 -13.027048 -1.221268 7.649420 -48.883145 0.443311 -1.791394 -0.000000 0.000001 -0.000000 -63.068737 -5.215977 4.286900 42.560162 -2.883222 8.572807 -1.912506 -6.329021 0.692773 -6.008942 -0.000002 0.000016 0.000002 -0.000002 -0.000000 
-57.815243 86.281998 -16.008163 10.608307 26.267613 -12.438432 30.233945 -14.808909 13.269902 1.816146 -2.693670 2.639412 1.868178 -2.583103 2.711077 -10.383832 1.330647 1.672167 -15.055849 9.166597 -0.847381 0.000002 0.000000 0.000000 -0.680668 2.988328 12.510124 -38.598215 -58.341598 -27.269916 2.177659 -114.346512 2.402151 31.896290 -23.189404 23.040438 -1.391780 2.331563 4.016651 6.122682 18.053969 0.558594 -0.591127 -2.575056 -0.702672 0.000003 0.000003 -0.000000 1.429860 -10.775724 18.378543 8.554856 8.470305 -50.855936 3.366745 5.185766 -25.597141 -0.000003 -0.000001 -0.000000 1.484726 -12.646035 7.241837 1.636356 6.935410 -29.548850 1.050613 5.261886 -27.134863 -0.000002 0.000001 0.000001 0.275978 -13.065632 -6.504039 -0.783916 3.648671 -14.371324 -0.358554 1.493358 -5.473623 0.000000 0.000001 -0.000000 -0.085807 -6.210115 -8.629582 -0.396094 -2.887323 -5.197409 -0.485695 0.684862 -4.858565 0.000001 0.000000 0.000001 0.593318 -0.402303 9.852422 11.115410 -33.857944 56.217938 -1.649291 59.205664 1.925395 -2.021277 4.939334 -8.478186 -3.231859 3.373071 4.985066 9.461182 -36.503714 -3.475566 -0.055792 -1.225505 -0.705924 -0.000003 -0.000003 0.000007 0.161706 7.260714 -2.892681 10.674785 -7.895285 58.020531 8.199494 -6.990252 48.785507 0.000001 -0.000000 0.000001 -0.578415 9.346358 10.053345 2.728618 -7.454990 36.877110 0.536408 -5.871747 24.482420 0.000001 0.000000 -0.000000 -2.282481 8.597657 25.699063 -0.359360 -3.976447 18.343701 -1.670823 -2.455328 10.246529 0.000001 -0.000000 0.000000 -3.080405 5.854043 38.017198 0.455146 0.533397 -3.846991 -0.691261 -0.813917 6.626063 -0.000000 0.000000 0.000001 3.167051 12.653579 -4.684557 44.800485 4.359485 3.005089 -7.526270 -0.668734 7.758027 -54.576736 0.120391 -0.344588 -0.000000 -0.000003 -0.000000 -63.915455 -4.325369 5.529260 42.493254 -3.432006 7.302084 -1.185649 -6.179007 -0.624673 -5.985488 0.000004 0.000008 0.000000 -0.000004 -0.000002 
-55.950562 86.676544 -13.778074 12.461951 25.984418 -13.196670 28.984980 -14.798368 14.239086 1.511561 -2.711540 2.750469 1.563255 -2.602151 2.826976 -10.264318 1.382135 1.692094 -14.778491 9.588237 -1.527847 0.000001 -0.000001 -0.000000 -0.632519 2.638524 12.985405 -39.874112 -58.047695 -29.055007 2.231079 -113.830423 2.450747 31.778831 -23.044532 22.899060 -1.030726 3.213438 4.312896 6.267448 19.606413 1.017718 -0.342614 -1.869595 -0.706581 0.000001 0.000001 -0.000000 1.443954 -10.785464 18.670966 8.559144 8.471755 -50.874753 3.379733 5.198420 -25.671763 -0.000001 -0.000001 0.000001 1.521886 -12.673445 7.551650 1.647484 6.955260 -29.650459 1.057251 5.277100 -27.208508 -0.000002 -0.000001 -0.000000 0.326429 -13.125266 -6.163691 -0.789151 3.700577 -14.594750 -0.362329 1.508981 -5.542930 -0.000001 0.000001 0.000000 -0.074891 -6.296301 -8.260138 -0.427978 -2.799669 -5.573400 -0.489794 0.694977 -4.901824 0.000002 -0.000002 -0.000000 0.608417 -0.572934 10.234373 11.330801 -34.887312 55.421299 -1.657724 59.332590 1.932619 -2.882306 4.934494 -8.467206 -3.379025 3.812633 5.458735 9.542822 -37.639643 -3.762766 0.060999 -1.720422 -0.801663 -0.000002 -0.000007 0.000001 0.148478 7.077358 -2.896113 10.665779 -7.894211 57.981933 8.266301 -7.011504 49.087658 0.000001 0.000001 -0.000005 -0.567035 9.237726 10.071051 2.725328 -7.450989 36.852484 0.517181 -5.937385 24.676949 0.000000 -0.000000 -0.000000 -2.280845 8.571841 25.748094 -0.359506 -3.974147 18.333049 -1.729463 -2.485739 10.332609 0.000000 0.000000 0.000000 -3.103048 5.866763 38.090654 0.455148 0.533400 -3.846993 -0.692061 -0.815659 6.634024 -0.000001 -0.000000 0.000000 4.612752 12.601230 -5.252316 40.497380 2.188037 2.841432 -1.999951 -0.204797 7.300239 -57.794014 -0.572332 1.589492 0.000000 -0.000000 -0.000000 -64.795484 -3.325609 6.470714 42.999203 -4.357671 5.872643 -0.085054 -5.784837 -1.254682 -5.991103 0.000007 0.000017 -0.000001 0.000001 -0.000000 
-54.106602 87.072662 -11.649760 14.181285 25.708557 -13.662420 27.783729 -14.896590 14.948024 1.237174 -2.738810 2.959912 1.293440 -2.625487 3.040689 -10.088761 1.435819 1.637376 -14.560643 9.914470 -2.249092 0.000000 0.000001 0.000000 -0.552462 2.230264 13.179716 -40.943132 -57.439111 -30.630567 2.274524 -113.425967 2.490429 31.454196 -22.770869 22.493582 -0.589303 4.294377 4.646541 6.250715 19.572768 1.021778 -0.232266 -1.592508 -0.733385 -0.000000 0.000003 0.000001 1.452326 -10.787487 18.887123 8.567298 8.474526 -50.910468 3.400902 5.218952 -25.793074 -0.000001 0.000001 0.000003 1.532678 -12.665367 7.673799 1.650085 6.959856 -29.673962 1.063744 5.291965 -27.280523 -0.000000 -0.000000 0.000001 0.327761 -13.106897 -6.151566 -0.789708 3.706344 -14.619545 -0.362888 1.511272 -5.553178 -0.000000 0.000002 0.000001 -0.076158 -6.269340 -8.338338 -0.430044 -2.793959 -5.597918 -0.486003 0.685648 -4.861927 0.000001 -0.000000 0.000000 0.607627 -0.627947 10.240387 11.338200 -36.009519 54.862887 -1.661004 59.382088 1.935427 -3.251050 4.920671 -8.430506 -3.527129 4.152087 5.745176 9.596641 -38.381767 -3.947357 0.143420 -2.072325 -0.869960 0.000002 0.000001 0.000000 0.152354 7.048700 -3.115228 10.665735 -7.894204 57.981756 8.367294 -7.042918 49.543556 -0.000001 0.000000 -0.000003 -0.554769 9.239617 9.955662 2.724371 -7.449785 36.845186 0.506174 -6.025168 24.969345 0.000000 0.000000 0.000001 -2.294306 8.603577 25.756835 -0.359545 -3.973720 18.331065 -1.788973 -2.524144 10.450463 -0.000000 0.000000 0.000000 -3.135415 5.885438 38.193311 0.455131 0.533394 -3.846985 -0.690791 -0.812909 6.621452 0.000000 -0.000001 -0.000001 5.500700 12.441874 -5.863154 37.142579 0.255719 2.623563 3.512297 0.001315 5.149315 -58.738452 -1.546162 4.414105 -0.000000 -0.000005 -0.000000 -65.426348 -2.272968 7.032129 43.370646 -5.517858 4.473154 1.670670 -5.161011 -1.079117 -6.130497 -0.000011 0.000008 -0.000001 -0.000001 -0.000000 
-52.301460 87.451736 -9.534588 15.698985 25.446370 -13.818258 26.666769 -15.117143 15.365467 1.023743 -2.775495 3.240186 1.088706 -2.654703 3.323814 -9.878950 1.486223 1.522409 -14.404604 10.132007 -2.975587 0.000001 0.000001 -0.000000 -0.457701 1.809311 13.111223 -41.800652 -56.547679 -31.944084 2.307811 -113.124229 2.520915 31.048476 -22.347756 21.852272 -0.094440 5.515930 4.998849 6.078957 18.028074 0.595280 -0.249588 -1.711538 -0.783803 0.000001 0.000002 -0.000002 1.453420 -10.776094 19.041782 8.582105 8.479540 -50.975447 3.432373 5.249379 -25.973116 -0.000000 -0.000003 -0.000002 1.519675 -12.620451 7.635917 1.644956 6.950740 -29.627318 1.071268 5.309074 -27.363580 0.000002 0.000001 -0.000002 0.286673 -13.015642 -6.423639 -0.785781 3.666939 -14.449952 -0.360934 1.503187 -5.517245 -0.000002 0.000002 0.000001 -0.087131 -6.140492 -8.806457 -0.402596 -2.869591 -5.273516 -0.475522 0.659856 -4.751641 0.000000 -0.000000 -0.000000 0.591365 -0.534974 9.904790 11.159311 -37.061324 54.562468 -1.659867 59.364719 1.934471 -3.284395 4.982913 -8.431311 -3.658613 4.372225 5.836285 9.628339 -38.741974 -4.029011 0.190502 -2.274629 -0.909270 -0.000002 -0.000002 0.000004 0.173397 7.162406 -3.558370 10.683957 -7.896376 58.059825 8.500660 -7.083048 50.144028 -0.000000 0.000000 -0.000007 -0.538560 9.339200 9.697305 2.729178 -7.455654 36.881215 0.506274 -6.133046 25.357504 0.000000 -0.000000 -0.000001 -2.315923 8.680106 25.713354 -0.359293 -3.977586 18.348979 -1.845722 -2.570717 10.602993 -0.000000 0.000001 0.000001 -3.170760 5.903140 38.313239 0.455117 0.533374 -3.846810 -0.688175 -0.807178 6.595220 0.000000 -0.000000 0.000001 6.281447 12.180532 -6.686049 34.287925 -1.717501 2.411780 8.791290 -0.150632 2.592531 -57.246787 -2.370429 7.761351 0.000000 0.000000 0.000000 -66.147493 -1.335491 7.313732 44.280431 -6.680329 3.264245 3.495470 -4.367351 -1.330105 -6.441283 0.000007 0.000011 -0.000000 -0.000001 -0.000000 
-50.428379 87.775620 -7.387666 16.960120 25.197558 -13.681524 25.680137 -15.403169 15.513825 0.882104 -2.813124 3.536199 0.957497 -2.683758 3.620902 -9.662580 1.525565 1.370338 -14.307659 10.231189 -3.678231 -0.000001 -0.000000 -0.000000 -0.364439 1.402319 12.880255 -42.511524 -55.447257 -33.052293 2.333702 -112.895111 2.544684 30.680943 -21.816406 21.057477 0.422063 6.800743 5.346512 5.730387 15.239059 -0.159620 -0.369655 -2.150626 -0.854737 0.000003 0.000001 -0.000002 1.447033 -10.749520 19.146929 8.605047 8.487280 -51.076004 3.474237 5.289538 -26.211756 0.000002 -0.000002 -0.000003 1.487587 -12.542760 7.472407 1.633878 6.931009 -29.526409 1.080459 5.329939 -27.464600 0.000001 -0.000000 0.000001 0.213820 -12.863965 -6.917041 -0.777656 3.589030 -14.114635 -0.357270 1.488073 -5.450162 -0.000002 0.000000 0.000001 -0.102854 -5.930240 -9.578154 -0.348569 -3.014716 -4.648933 -0.460002 0.621968 -4.589456 0.000001 0.000000 -0.000001 0.569685 -0.308423 9.371931 10.832196 -37.920592 54.434183 -1.657556 59.330042 1.932477 -3.229521 5.119266 -8.521945 -3.760399 4.464457 5.741066 9.640727 -38.759114 -4.018543 0.203820 -2.332436 -0.920512 -0.000000 -0.000005 -0.000001 0.211756 7.383737 -4.221514 10.730454 -7.901814 58.259021 8.660615 -7.129197 50.861915 -0.000000 0.000000 -0.000000 -0.513433 9.507511 9.294483 2.743622 -7.473219 36.989135 0.518339 -6.256914 25.827737 0.000001 -0.000000 0.000000 -2.335905 8.779633 25.609682 -0.358517 -3.988392 18.399169 -1.897161 -2.624711 10.788605 -0.000001 -0.000000 0.000000 -3.200949 5.910578 38.439652 0.455128 0.533395 -3.846996 -0.684990 -0.800263 6.563538 -0.000001 -0.000001 0.000000 7.129385 11.791225 -7.723149 31.816455 -3.569392 2.263531 13.672898 -0.672832 -0.504305 -53.726227 -2.848414 11.130369 -0.000001 -0.000001 0.000000 -66.962013 -0.528380 7.300528 45.943206 -7.740328 2.283057 4.903811 -3.489112 -1.779000 -6.864389 0.000003 0.000012 -0.000001 -0.000000 -0.000000 
-48.559219 88.064827 -5.350799 17.923385 24.956593 -13.298382 24.882290 -15.638627 15.461188 0.802935 -2.836190 3.779028 0.887391 -2.699704 3.863199 -9.470441 1.544600 1.210425 -14.262547 10.206043 -4.336697 0.000001 -0.000001 0.000000 -0.282956 1.016847 12.641160 -43.179592 -54.240247 -34.085198 2.356207 -112.699037 2.565381 30.424279 -21.274429 20.219711 0.928151 8.062189 5.663817 5.191090 11.608951 -1.105714 -0.558504 -2.805259 -0.940468 0.000001 0.000004 0.000003 1.435651 -10.713767 19.209839 8.636149 8.497710 -51.212174 3.524712 5.337494 -26.498194 -0.000000 -0.000002 -0.000004 1.442604 -12.443775 7.217315 1.619121 6.904555 -29.391281 1.091367 5.354574 -27.584235 -0.000002 -0.000000 0.000002 0.120787 -12.671661 -7.564133 -0.765874 3.483214 -13.658744 -0.352660 1.469136 -5.366131 -0.000000 0.000001 0.000000 -0.118472 -5.665283 -10.557476 -0.273410 -3.208930 -3.808823 -0.441322 0.576729 -4.395605 0.000000 0.000000 -0.000000 0.554892 -0.007681 8.855416 10.384523 -38.523090 54.312592 -1.659732 59.363237 1.934334 -3.333092 5.242226 -8.726456 -3.824646 4.430043 5.484087 9.634230 -38.485189 -3.933109 0.186357 -2.258031 -0.905988 0.000002 -0.000002 0.000003 0.265959 7.662226 -5.082386 10.813437 -7.911138 58.614382 8.836497 -7.177449 51.648436 -0.000000 -0.000000 -0.000002 -0.474675 9.704417 8.758923 2.771025 -7.506313 37.193187 0.541453 -6.389601 26.351746 0.000000 -0.000000 0.000001 -2.343624 8.874721 25.445728 -0.357081 -4.008422 18.492203 -1.941082 -2.683813 10.999217 -0.000000 0.000000 0.000000 -3.217646 5.897179 38.565946 0.455152 0.533395 -3.846992 -0.682110 -0.793931 6.534502 0.000000 0.000000 0.000000 7.634731 11.325286 -8.827390 30.361024 -5.127687 2.193769 17.657533 -1.494388 -3.906497 -50.312820 -2.911165 11.403540 0.000000 -0.000002 0.000000 -67.549833 0.210645 6.974834 47.769441 -8.615311 1.502796 5.839092 -2.585375 -1.613835 -7.322464 -0.000009 0.000009 -0.000000 -0.000001 0.000000 
-46.665554 88.357941 -3.729014 18.562540 24.711350 -12.735347 24.341840 -15.676324 15.301555 0.762761 -2.826550 3.906755 0.851807 -2.686316 3.989367 -9.333039 1.533785 1.074497 -14.258490 10.054484 -4.940056 0.000004 -0.000000 0.000000 -0.215844 0.647262 12.546686 -43.902885 -53.038068 -35.183093 2.379158 -112.502477 2.586479 30.281828 -20.839081 19.439769 1.396210 9.215785 5.925174 4.487405 7.610038 -2.109679 -0.779245 -3.560499 -1.033779 0.000002 -0.000001 0.000000 1.425414 -10.684733 19.230954 8.674002 8.510266 -51.377793 3.580435 5.389876 -26.812958 0.000002 -0.000001 -0.000001 1.391646 -12.343158 6.897038 1.602905 6.875335 -29.242208 1.103507 5.381814 -27.716575 0.000001 0.000001 0.000000 0.017265 -12.464267 -8.306261 -0.751295 3.361576 -13.134387 -0.347658 1.448759 -5.275541 -0.000002 0.000005 -0.000001 -0.131167 -5.374692 -11.658046 -0.185118 -3.426854 -2.859733 -0.421150 0.528370 -4.187974 -0.000001 -0.000000 -0.000000 0.552475 0.279963 8.573771 9.822113 -38.853924 54.012101 -1.673178 59.564038 1.945879 -3.748453 5.241512 -9.035492 -3.848415 4.279328 5.102724 9.608040 -37.974592 -3.791561 0.141649 -2.066882 -0.868797 -0.000000 -0.000002 -0.000002 0.330619 7.939636 -6.093136 10.936307 -7.923975 59.140163 9.011890 -7.223008 52.430007 -0.000000 -0.000001 0.000001 -0.420415 9.884841 8.120920 2.813105 -7.556680 37.504818 0.572869 -6.519831 26.883519 0.000001 0.000000 -0.000000 -2.330205 8.936358 25.232356 -0.354842 -4.038755 18.633072 -1.975118 -2.743499 11.218208 -0.000000 0.000001 0.000000 -3.213735 5.852921 38.690518 0.455131 0.533388 -3.846958 -0.680090 -0.789585 6.514588 0.000001 -0.000001 -0.000000 7.211532 10.972682 -9.903631 30.740096 -6.179996 2.170056 20.314758 -2.415044 -7.185010 -44.078564 -2.420995 9.806448 0.000004 0.000000 -0.000000 -68.217880 0.906576 6.331459 50.317816 -9.235401 0.933157 4.255286 -1.725268 -0.853835 -7.809396 0.000004 0.000012 -0.000000 0.000001 0.000000 
-44.848602 88.608406 -1.979379 18.868160 24.434143 -12.069985 24.123376 -15.368868 15.126352 0.734472 -2.769082 3.883989 0.821669 -2.629265 3.964712 -9.276891 1.484610 0.992927 -14.282757 9.778795 -5.485780 0.000001 0.000000 -0.000000 -0.159377 0.284219 12.693468 -44.739167 -51.939832 -36.440220 2.404307 -112.290769 2.609665 30.199159 -20.593661 18.779426 1.806136 10.189935 6.107580 3.694136 3.715842 -3.059778 -0.997282 -4.307409 -1.127086 0.000003 0.000001 0.000003 1.425585 -10.687596 19.202133 8.715848 8.524045 -51.560736 3.636775 5.442266 -27.129556 -0.000000 -0.000000 -0.000001 1.341042 -12.267496 6.525266 1.587066 6.846623 -29.095875 1.115757 5.409100 -27.849372 0.000002 0.000001 0.000001 -0.091145 -12.270741 -9.102840 -0.735052 3.236045 -12.592434 -0.342526 1.428027 -5.183469 -0.000001 -0.000001 0.000000 -0.141326 -5.086436 -12.815246 -0.093555 -3.642480 -1.913615 -0.400730 0.479924 -3.979659 0.000001 -0.000000 0.000000 0.559639 0.465714 8.674437 9.133498 -38.927533 53.393088 -1.704086 60.016770 1.972413 -4.480882 5.065533 -9.416810 -3.832647 4.030755 4.643806 9.561490 -37.278780 -3.611578 0.073528 -1.775960 -0.812246 0.000001 0.000001 -0.000000 0.395012 8.157889 -7.173129 11.094789 -7.938908 59.817677 9.164239 -7.260522 53.106708 -0.000000 0.000001 -0.000004 -0.353682 10.004864 7.434008 2.868883 -7.622593 37.914920 0.607795 -6.631821 27.357583 0.000001 0.000000 0.000001 -2.290625 8.938490 24.993013 -0.351797 -4.078518 18.817789 -1.996303 -2.796614 11.419073 -0.000001 0.000001 0.000000 -3.184615 5.770658 38.815419 0.455136 0.533399 -3.846998 -0.679408 -0.788080 6.507671 -0.000000 -0.000001 0.000000 6.554622 10.654418 -10.666194 32.134694 -6.711188 2.182928 21.566858 -3.310231 -10.378815 -33.017821 -0.947058 5.443287 0.000003 0.000000 0.000001 -68.445715 1.489906 5.727695 52.711893 -9.646934 0.453757 2.787535 -1.024324 0.229579 -8.367905 -0.000002 0.000012 0.000000 -0.000001 0.000000 
-43.536270 88.832222 0.230281 18.859571 24.104899 -11.377488 24.265651 -14.629307 15.003409 0.698648 -2.656435 3.711553 0.777337 -2.520844 3.790548 -9.321194 1.390843 0.990773 -14.322714 9.386171 -5.977362 0.000001 0.000000 0.000000 -0.106936 -0.076078 13.087962 -45.692487 -51.016421 -37.875704 2.430816 -112.071868 2.634141 30.108488 -20.544538 18.256829 2.147476 10.935420 6.193251 2.918677 0.336808 -3.869141 -1.184749 -4.956594 -1.213291 -0.000002 -0.000001 -0.000000 1.446486 -10.751786 19.105176 8.757530 8.537602 -51.742744 3.687954 5.489369 -27.415876 -0.000001 -0.000000 0.000004 1.295376 -12.245837 6.101471 1.572761 6.820528 -28.963178 1.126414 5.432732 -27.964511 -0.000001 0.000001 0.000002 -0.203270 -12.119415 -9.932914 -0.718484 3.116806 -12.077078 -0.337247 1.406783 -5.089065 0.000000 0.000000 0.000001 -0.152169 -4.824636 -13.988257 -0.008803 -3.833637 -1.068760 -0.380850 0.433218 -3.778560 0.000000 -0.000001 0.000001 0.572085 0.485271 9.183988 8.300043 -38.767515 52.404456 -1.756934 60.764020 2.018144 -5.393973 4.768228 -9.826018 -3.781028 3.709916 4.158839 9.495227 -36.447850 -3.408853 -0.013735 -1.404675 -0.740148 0.000002 -0.000002 0.000003 0.443580 8.265867 -8.202907 11.274251 -7.953499 60.583990 9.265235 -7.284371 53.554519 -0.000001 -0.000003 0.000000 -0.283021 10.027848 6.777714 2.933623 -7.697862 38.386517 0.639342 -6.705521 27.689630 0.000001 0.000001 -0.000000 -2.224989 8.862941 24.762620 -0.348152 -4.124216 19.030104 -2.001128 -2.833384 11.565471 -0.000000 0.000000 0.000000 -3.129369 5.649325 38.941606 0.455156 0.533393 -3.846984 -0.680069 -0.789468 6.514076 -0.000000 0.000000 -0.000001 5.581783 10.276504 -10.606427 34.612035 -6.861851 2.173108 21.214501 -3.971102 -13.659430 -20.727773 -0.046807 0.778833 0.000001 0.000005 -0.000002 -68.269291 1.759535 5.631761 55.103654 -10.022910 0.045428 1.129277 -0.527065 1.057536 -8.993665 0.000006 0.000010 0.000000 -0.000003 -0.000000 
-41.980469 89.139725 1.489125 18.590474 23.724013 -10.692062 24.751984 -13.475403 14.936205 0.650975 -2.491179 3.422236 0.715951 -2.362589 3.499712 -9.475284 1.249494 1.084609 -14.367781 8.888964 -6.421404 0.000001 -0.000001 -0.000000 -0.053328 -0.426243 13.657432 -46.717012 -50.304931 -39.434777 2.455708 -111.869524 2.657168 29.982246 -20.611776 17.870369 2.420632 11.433002 6.171282 2.269963 -2.236742 -4.477610 -1.323636 -5.448649 -1.286343 0.000002 0.000001 -0.000001 1.496054 -10.903202 18.910909 8.793436 8.549155 -51.899421 3.727247 5.525194 -27.634778 -0.000002 0.000000 -0.000004 1.256068 -12.303190 5.612285 1.560343 6.797778 -28.847628 1.133332 5.448000 -28.038797 -0.000000 -0.000001 -0.000001 -0.321547 -12.033281 -10.790884 -0.703009 3.011756 -11.622693 -0.331479 1.383804 -4.986766 -0.000001 -0.000000 0.000001 -0.168563 -4.607656 -15.153743 0.061174 -3.985918 -0.391205 -0.361947 0.389227 -3.588783 0.000001 0.000000 -0.000001 0.590346 0.316142 10.023073 7.303534 -38.392777 51.084672 -1.834035 61.795016 2.085433 -6.276689 4.493009 -10.209155 -3.699362 3.347970 3.698206 9.412174 -35.535958 -3.197923 -0.114679 -0.977344 -0.657317 0.000003 0.000002 0.000001 0.459368 8.225440 -9.021234 11.447623 -7.965353 61.323610 9.282417 -7.288334 53.630560 0.000001 -0.000001 -0.000001 -0.221293 9.930059 6.257925 2.997699 -7.771147 38.849064 0.658624 -6.717718 27.779484 0.000000 -0.000000 0.000002 -2.139163 8.704166 24.584648 -0.344382 -4.169085 19.238688 -1.985943 -2.841871 11.612190 -0.000000 0.000001 0.000000 -3.051732 5.497144 39.062501 0.455152 0.533397 -3.846984 -0.681690 -0.793032 6.530389 -0.000000 -0.000000 0.000000 3.369415 10.468044 -10.439502 38.888307 -6.166367 2.051934 19.688008 -4.114862 -15.779176 -15.200378 0.000012 -0.000010 -0.000003 -0.000002 -0.000001 -67.554403 2.193603 5.119163 56.160629 -9.847067 -0.360723 0.458434 -0.238380 2.186456 -9.618324 0.000010 0.000016 0.000000 -0.000002 0.000000 
-40.422195 89.469955 2.470641 18.140390 23.294843 -10.046696 25.510794 -11.989531 14.899603 0.602485 -2.284936 3.065337 0.651024 -2.165035 3.141124 -9.737289 1.061319 1.280440 -14.411021 8.304139 -6.824900 0.000002 0.000000 0.000000 0.001790 -0.747884 14.292302 -47.733347 -49.813820 -41.012554 2.475852 -111.708557 2.675812 29.866566 -20.659980 17.636037 2.637682 11.698023 6.038876 1.824821 -3.874394 -4.857795 -1.407772 -5.761023 -1.341832 0.000000 -0.000003 -0.000000 1.575719 -11.155538 18.578972 8.816545 8.556548 -52.000180 3.747016 5.543137 -27.744710 -0.000001 -0.000002 -0.000003 1.220468 -12.453279 5.034932 1.549371 6.777566 -28.745029 1.133903 5.449288 -28.045083 -0.000001 -0.000001 0.000001 -0.450199 -12.025538 -11.678528 -0.689795 2.926439 -11.253078 -0.324736 1.357066 -4.867856 -0.000001 -0.000000 -0.000000 -0.195367 -4.447056 -16.294762 0.112565 -4.094843 0.095767 -0.344310 0.348516 -3.412985 -0.000000 0.000001 0.000000 0.619051 -0.017982 11.041258 6.129079 -37.812002 49.525179 -1.935464 63.053192 2.174968 -6.944897 4.404575 -10.510405 -3.595620 2.979866 3.305706 9.318249 -34.606847 -2.993330 -0.221989 -0.525553 -0.569826 -0.000002 -0.000002 0.000004 0.430077 8.014921 -9.427219 11.574616 -7.972607 61.865033 9.181215 -7.264601 53.182138 -0.000001 0.000003 -0.000002 -0.182662 9.704763 6.003893 3.046156 -7.825802 39.196168 0.655589 -6.643748 27.516979 0.000000 -0.000000 0.000000 -2.044371 8.472763 24.506770 -0.341437 -4.202942 19.396178 -1.947186 -2.808853 11.507663 0.000000 -0.000000 0.000000 -2.960750 5.333862 39.158093 0.455146 0.533397 -3.846979 -0.683612 -0.797204 6.549491 0.000000 0.000001 -0.000001 0.693135 10.957591 -9.850072 43.794596 -4.866567 1.814498 17.289278 -3.723401 -17.084369 -12.509433 0.000003 0.000012 0.000000 0.000002 0.000001 -66.556355 2.601288 4.592477 56.763271 -9.401203 -0.752529 -0.002183 -0.120913 3.203856 -10.190921 0.000005 0.000012 0.000000 -0.000002 -0.000000 
-39.067692 89.802597 3.563617 17.607186 22.855502 -9.459214 26.429844 -10.326706 14.854456 0.572228 -2.055282 2.687926 0.604348 -1.945117 2.761280 -10.094070 0.830827 1.573038 -14.450027 7.651616 -7.193524 0.000000 0.000000 -0.000000 0.053360 -1.016951 14.893636 -48.651393 -49.531760 -42.486997 2.489638 -111.599642 2.688590 29.872761 -20.556436 17.608158 2.821878 11.779308 5.800802 1.606078 -4.614637 -5.020648 -1.442910 -5.907991 -1.376956 -0.000000 0.000005 -0.000000 1.676688 -11.502995 18.058996 8.818507 8.557179 -52.008670 3.739061 5.535905 -27.700471 0.000002 -0.000000 0.000002 1.181171 -12.692717 4.341911 1.538604 6.757650 -28.644058 1.125390 5.430467 -27.953389 0.000000 -0.000000 0.000000 -0.593136 -12.096268 -12.596243 -0.679784 2.864062 -10.982726 -0.316396 1.324386 -4.722394 0.000000 0.000001 0.000000 -0.235981 -4.347647 -17.389296 0.139790 -4.151550 0.350228 -0.328333 0.311961 -3.254856 0.000001 0.000000 -0.000001 0.661061 -0.454805 12.096876 4.766129 -37.024574 47.818462 -2.059477 64.457308 2.285804 -7.330477 4.606178 -10.691856 -3.480440 2.642160 3.013959 9.222565 -33.735080 -2.809682 -0.326434 -0.088295 -0.485268 0.000002 -0.000003 0.000000 0.354616 7.629923 -9.193215 11.603606 -7.974101 61.988557 8.928846 -7.201756 52.060313 -0.000000 -0.000001 -0.000001 -0.179052 9.363194 6.159238 3.059334 -7.840527 39.290066 0.620757 -6.459899 26.791173 0.000002 -0.000000 -0.000001 -1.956135 8.195913 24.576066 -0.340579 -4.212567 19.440935 -1.881894 -2.721287 11.198369 -0.000000 0.000000 0.000000 -2.870674 5.190293 39.193183 0.455143 0.533393 -3.846894 -0.684783 -0.799756 6.561216 -0.000000 0.000001 -0.000002 -2.159715 11.519477 -8.641000 48.742576 -2.950473 1.480684 14.340395 -3.058205 -17.729197 -10.619961 -0.000008 -0.000018 -0.000001 -0.000003 -0.000000 -65.409703 2.861274 4.268720 57.316892 -8.919814 -1.119871 -0.641323 -0.135485 3.864390 -10.728585 0.000001 0.000017 -0.000000 -0.000000 0.000000 
-37.912724 90.134476 4.680948 17.081473 22.456047 -8.917363 27.386192 -8.663812 14.748634 0.576046 -1.821658 2.321144 0.593812 -1.722232 2.390957 -10.522801 0.565752 1.946621 -14.486792 6.951698 -7.531200 -0.000001 0.000001 0.000000 0.093392 -1.212091 15.409662 -49.393158 -49.435704 -43.747293 2.498507 -111.530193 2.696818 30.123955 -20.229938 17.859866 3.005421 11.751125 5.467507 1.582345 -4.638402 -5.012978 -1.444593 -5.933927 -1.390557 0.000003 0.000001 0.000001 1.777729 -11.914888 17.293983 8.789899 8.548020 -51.884009 3.694903 5.495750 -27.454695 -0.000002 0.000001 -0.000001 1.126620 -12.996788 3.506760 1.526303 6.734799 -28.528320 1.104998 5.385112 -27.732684 0.000001 -0.000000 -0.000002 -0.751384 -12.231140 -13.534727 -0.673605 2.826469 -10.819642 -0.305903 1.283737 -4.541324 0.000000 0.000000 0.000000 -0.290777 -4.308250 -18.400140 0.139785 -4.151559 0.350237 -0.314749 0.281097 -3.121212 -0.000000 -0.000001 -0.000000 0.713759 -0.910240 13.094472 3.210881 -36.024641 46.017351 -2.203591 65.925819 2.416151 -7.511886 5.081889 -10.750162 -3.367572 2.370072 2.841332 9.136541 -33.000448 -2.661017 -0.417540 0.291127 -0.411929 0.000000 0.000000 0.000001 0.246931 7.081819 -8.091342 11.477418 -7.967152 61.450659 8.499804 -7.082791 50.140186 0.000000 0.000001 -0.000003 -0.217488 8.931935 6.865281 3.015558 -7.791330 38.977151 0.548096 -6.146573 25.505251 0.000002 0.000000 -0.000001 -1.892638 7.913406 24.833610 -0.343181 -4.183132 19.303986 -1.787921 -2.568469 10.635684 -0.000000 0.000000 -0.000000 -2.799202 5.104517 39.121681 0.455146 0.533392 -3.846988 -0.684014 -0.798099 6.553607 -0.000000 -0.000001 -0.000001 -5.357034 12.076504 -6.893820 53.684993 -0.529062 1.064610 11.248510 -2.169058 -17.662166 -9.193007 0.000024 -0.000011 0.000001 -0.000001 0.000001 -64.214993 3.009107 4.032222 57.777287 -8.456040 -1.460737 -1.377243 -0.233802 4.215546 -11.272631 0.000017 0.000015 0.000000 0.000000 0.000000 
-36.780468 90.432617 5.680881 16.625770 22.146943 -8.396484 28.290480 -7.152835 14.546971 0.616096 -1.601501 1.976179 0.622591 -1.514124 2.041435 -10.993518 0.276140 2.376843 -14.526561 6.222066 -7.840830 0.000001 -0.000001 -0.000000 0.115549 -1.323637 15.842964 -49.908496 -49.496168 -44.710534 2.506805 -111.465778 2.704540 30.680291 -19.702919 18.431134 3.225471 11.699709 5.051879 1.686408 -4.216582 -4.905284 -1.434264 -5.901445 -1.382902 0.000002 0.000001 -0.000001 1.845068 -12.331620 16.225953 8.720999 8.525716 -51.583228 3.606708 5.414396 -26.960807 0.000001 0.000000 0.000000 1.042702 -13.317119 2.510069 1.510506 6.705265 -28.378934 1.070359 5.307022 -27.353552 -0.000001 -0.000000 0.000001 -0.920766 -12.401447 -14.468627 -0.671664 2.814801 -10.768977 -0.292814 1.233761 -4.318525 -0.000001 -0.000001 0.000000 -0.356094 -4.323184 -19.268722 0.139794 -4.151545 0.350236 -0.304769 0.258512 -3.023360 0.000000 -0.000000 -0.000000 0.770278 -1.298674 13.997261 1.472131 -34.804762 44.124514 -2.365004 67.392616 2.563919 -7.667713 5.688589 -10.713066 -3.273802 2.193889 2.789582 9.071955 -32.477399 -2.559163 -0.484950 0.570953 -0.357780 -0.000001 -0.000003 -0.000000 0.133766 6.396429 -5.932460 11.142726 -7.943018 60.022446 7.883063 -6.884260 47.347220 0.000002 0.000000 -0.000002 -0.300371 8.447521 8.237134 2.895908 -7.654154 38.112254 0.438012 -5.692345 23.596115 0.000001 0.000000 0.000001 -1.872772 7.670289 25.308513 -0.350064 -4.100513 18.919959 -1.664368 -2.344574 9.785254 0.000001 0.000001 0.000001 -2.764061 5.115262 38.896110 0.455136 0.533393 -3.846969 -0.680130 -0.789694 6.515131 0.000001 -0.000001 0.000001 -8.960261 12.611369 -4.850541 58.533731 2.332598 0.619754 8.390984 -1.186028 -16.742708 -8.272414 0.000013 0.000008 -0.000000 -0.000001 -0.000002 -63.069892 3.145968 3.645132 58.155489 -7.980985 -1.769648 -2.141999 -0.368175 4.472281 -11.817530 0.000007 0.000017 0.000000 0.000000 -0.000000 
-35.672791 90.676239 6.658547 16.264188 21.979930 -7.887689 29.116202 -5.894904 14.262579 0.676136 -1.407108 1.649193 0.674670 -1.333312 1.709498 -11.472570 -0.026876 2.833697 -14.576066 5.475179 -8.125841 -0.000000 0.000000 -0.000000 0.118724 -1.361490 16.231185 -50.178005 -49.680849 -45.324999 2.520297 -111.361358 2.717041 31.485000 -19.087136 19.280821 3.519390 11.708614 4.566447 1.839701 -3.650640 -4.775771 -1.435029 -5.878689 -1.355439 0.000000 -0.000003 -0.000000 1.836599 -12.661848 14.803551 8.602464 8.486416 -51.064659 3.468110 5.283668 -26.176801 -0.000001 -0.000000 0.000001 0.916401 -13.581218 1.344820 1.489283 6.665301 -28.177262 1.019900 5.190689 -26.790848 0.000000 0.000000 -0.000001 -1.089945 -12.565439 -15.354636 -0.674197 2.830055 -10.835168 -0.276920 1.174113 -4.052163 -0.000000 0.000000 0.000000 -0.423541 -4.383123 -19.915670 0.139787 -4.151558 0.350224 -0.300037 0.247862 -2.977150 0.000000 0.000000 0.000001 0.823139 -1.552369 14.822596 -0.421910 -33.358736 42.112552 -2.541206 68.811335 2.726983 -7.979577 6.201387 -10.624301 -3.218159 2.135531 2.843126 9.038394 -32.222357 -2.512342 -0.520336 0.717755 -0.329247 0.000001 -0.000003 -0.000001 0.045297 5.613896 -2.609084 10.561665 -7.881290 57.535478 7.089837 -6.578761 43.685477 0.000000 -0.000000 0.000003 -0.428877 7.950162 10.337899 2.690072 -7.407819 36.587889 0.298996 -5.098124 21.054876 0.000001 0.000000 -0.000001 -1.914397 7.508195 26.012200 -0.360895 -3.954082 18.239896 -1.512132 -2.051087 8.637305 -0.000000 0.000002 0.000001 -2.778806 5.254478 38.480101 0.455132 0.533388 -3.846982 -0.672279 -0.772626 6.436829 -0.000001 -0.000003 -0.000001 -12.865033 12.952018 -2.586129 63.113031 5.374418 0.221438 5.959928 -0.224748 -15.136264 -8.000168 0.000011 0.000010 0.000001 -0.000002 0.000003 -62.009088 3.266209 3.096491 58.579855 -7.577555 -2.041256 -3.029476 -0.503221 4.697883 -12.304812 -0.000008 0.000014 0.000000 0.000001 -0.000000 
-34.787197 90.888687 7.480999 15.981114 21.989599 -7.365737 29.895239 -4.939509 13.913114 0.724461 -1.243589 1.331026 0.717800 -1.184686 1.386817 -11.926245 -0.332303 3.285012 -14.641494 4.716810 -8.391716 0.000001 -0.000001 0.000000 0.108982 -1.360060 16.609956 -50.205135 -49.957260 -45.565435 2.544342 -111.177960 2.739413 32.365623 -18.549894 20.277426 3.919995 11.846293 4.021739 1.971179 -3.219862 -4.695540 -1.467944 -5.929019 -1.310674 -0.000001 0.000004 -0.000003 1.712216 -12.784489 12.991692 8.426614 8.425907 -50.292558 3.275555 5.095929 -25.070793 -0.000000 -0.000001 -0.000001 0.740687 -13.696575 0.018730 1.461047 6.611629 -27.906961 0.953269 5.031936 -26.027206 0.000001 -0.000000 0.000002 -1.240530 -12.671394 -16.136988 -0.681224 2.872986 -11.021391 -0.258264 1.105462 -3.745206 -0.000000 -0.000001 -0.000000 -0.480584 -4.475397 -20.252132 0.109329 -4.088035 0.065335 -0.302480 0.253367 -3.001018 -0.000000 0.000000 0.000000 0.866547 -1.636140 15.600924 -2.420949 -31.686863 39.958567 -2.729541 70.150769 2.902977 -8.538485 6.393341 -10.536510 -3.219993 2.205547 2.970239 9.040947 -32.263560 -2.524316 -0.518859 0.712162 -0.330132 -0.000004 -0.000000 -0.000003 0.001217 4.787581 1.866286 9.724003 -7.747304 53.925706 6.158325 -6.142330 39.258992 -0.000001 -0.000003 -0.000000 -0.607337 7.477809 13.155777 2.401283 -7.037991 34.361531 0.147034 -4.380456 17.943646 -0.000001 0.000000 0.000001 -2.032312 7.457461 26.934433 -0.373624 -3.739356 17.243760 -1.334608 -1.698138 7.215139 0.000002 0.000001 -0.000000 -2.848762 5.540597 37.860087 0.455122 0.533385 -3.846854 -0.659913 -0.745924 6.314314 0.000002 -0.000001 0.000001 -17.329428 12.904269 -0.077687 67.627124 8.249445 -0.069361 4.011023 0.666799 -13.140634 -8.289568 -0.000008 0.000025 0.000002 0.000001 -0.000000 -61.082320 3.343374 2.463728 58.885561 -7.334887 -2.292462 -3.794151 -0.611260 4.857896 -12.682587 0.000013 0.000022 0.000000 0.000001 0.000000 
-33.877853 91.069153 7.930564 15.723078 22.117805 -6.869604 30.701140 -4.187258 13.540630 0.722957 -1.108040 1.016527 0.713217 -1.064525 1.068899 -12.324206 -0.630458 3.700012 -14.726617 3.946250 -8.647133 0.000004 0.000001 -0.000000 0.100157 -1.378247 16.994499 -50.004016 -50.293733 -45.426984 2.581722 -110.898701 2.774210 33.089852 -18.264534 21.231899 4.451332 12.157167 3.425746 2.027452 -3.139142 -4.716465 -1.549415 -6.104095 -1.251977 -0.000002 0.000003 -0.000000 1.450583 -12.559605 10.782994 8.188932 8.339897 -49.243267 3.029760 4.845278 -23.628126 -0.000000 -0.000000 0.000001 0.519940 -13.561335 -1.446773 1.424742 6.541641 -27.555532 0.871620 4.828788 -25.056537 0.000000 -0.000000 0.000002 -1.350502 -12.662844 -16.761918 -0.692426 2.943196 -11.325716 -0.237114 1.029350 -3.404364 -0.000000 -0.000000 0.000002 -0.512875 -4.582960 -20.203110 0.038127 -3.936308 -0.612409 -0.313768 0.278878 -3.111575 0.000000 -0.000001 -0.000000 0.896714 -1.554506 16.351215 -4.459104 -29.804627 37.673189 -2.926733 71.389035 3.088781 -9.301542 6.113873 -10.510106 -3.295910 2.402052 3.127128 9.078970 -32.595640 -2.593677 -0.480168 0.552420 -0.360955 0.000002 -0.000003 -0.000001 -0.001856 3.978555 7.332520 8.658525 -7.497558 49.270912 5.153383 -5.566506 34.282953 -0.000001 0.000000 0.000003 -0.845066 7.060786 16.587746 2.048948 -6.542153 31.478901 0.002043 -3.573358 14.404831 -0.000002 -0.000000 0.000001 -2.235520 7.531300 28.041039 -0.384562 -3.460274 15.950964 -1.138446 -1.304625 5.580625 -0.000003 0.000000 0.000000 -2.969168 5.972632 37.055733 0.455125 0.533379 -3.846967 -0.643169 -0.710005 6.149337 0.000002 -0.000001 -0.000000 -22.258489 12.481857 2.430587 71.984798 10.781826 -0.194992 2.359701 1.526250 -10.891654 -8.800895 0.000011 -0.000012 0.000000 -0.000002 -0.000001 -60.255567 3.466166 1.635954 58.945024 -7.136640 -2.545906 -4.253987 -0.688287 5.182958 -12.956071 0.000000 0.000019 -0.000000 0.000001 -0.000000 
-32.922581 91.153679 8.654930 15.431192 22.305651 -6.374782 31.610464 -3.551995 13.125634 0.638518 -0.990290 0.710098 0.627259 -0.961356 0.760126 -12.642339 -0.913881 4.052602 -14.831775 3.158007 -8.904129 0.000000 0.000001 -0.000000 0.113107 -1.492777 17.364501 -49.589987 -50.657925 -44.921761 2.631450 -110.537890 2.820594 33.445473 -18.356352 21.953044 5.124837 12.656208 2.784799 1.977259 -3.525598 -4.861422 -1.689523 -6.439831 -1.183611 0.000001 0.000004 -0.000002 1.068200 -11.851178 8.209812 7.889747 8.224580 -47.912643 2.737048 4.529417 -21.859991 0.000000 -0.000000 -0.000002 0.273740 -13.081945 -3.020527 1.379840 6.453577 -27.115103 0.777906 4.582348 -23.888278 0.000001 0.000000 -0.000001 -1.400715 -12.485624 -17.197795 -0.706911 3.037748 -11.735092 -0.213886 0.947738 -3.038159 0.000000 0.000001 0.000001 -0.508427 -4.682889 -19.738641 -0.064688 -3.708457 -1.622657 -0.334694 0.326496 -3.317809 0.000000 -0.000000 -0.000001 0.912193 -1.349623 17.060411 -6.470035 -27.750982 35.311788 -3.128613 72.510948 3.280387 -10.112387 5.332818 -10.600869 -3.456019 2.710695 3.264060 9.146169 -33.178228 -2.713697 -0.408805 0.255837 -0.418588 0.000003 0.000002 0.000002 0.006537 3.245046 13.462182 7.439655 -7.096350 43.817385 4.158649 -4.872083 29.081819 0.000002 0.000001 -0.000001 -1.152152 6.718503 20.430631 1.667024 -5.936275 28.089882 -0.117059 -2.728036 10.663004 0.000003 0.000001 0.000000 -2.523172 7.722434 29.273825 -0.389359 -3.131176 14.427931 -0.933604 -0.897109 3.836037 0.000001 0.000001 -0.000000 -3.125867 6.525284 36.126745 0.455129 0.533392 -3.846996 -0.622884 -0.666854 5.950734 0.000001 -0.000001 -0.000000 -26.646747 11.493748 4.919492 75.480584 12.518981 -0.096159 0.577335 2.412187 -9.080654 -9.159444 0.000023 -0.000000 0.000000 -0.000002 -0.000000 -59.417694 3.562260 0.854133 59.399109 -7.083993 -2.799561 -5.098048 -0.751674 5.568095 -13.171670 0.000003 0.000024 -0.000001 0.000001 -0.000000 
-32.076538 91.225410 9.214920 15.055311 22.463746 -5.863105 32.676916 -2.915861 12.625004 0.452170 -0.875343 0.426086 0.440536 -0.858702 0.474013 -12.864372 -1.177849 4.323990 -14.953611 2.344492 -9.177322 0.000002 -0.000000 0.000000 0.172485 -1.784923 17.673176 -48.977699 -51.014396 -44.080726 2.688317 -110.139389 2.873792 33.306929 -18.858854 22.303100 5.936144 13.327488 2.104992 1.814666 -4.377460 -5.118109 -1.891154 -6.954070 -1.110739 0.000001 0.000003 0.000002 0.630340 -10.560811 5.350173 7.535805 8.077722 -46.322995 2.409976 4.151818 -19.811242 0.000000 0.000001 0.000004 0.036389 -12.194619 -4.667335 1.326534 6.346795 -26.583479 0.676830 4.297799 -22.551109 0.000000 0.000000 0.000002 -1.381909 -12.096083 -17.453404 -0.723195 3.149889 -12.220170 -0.189050 0.862548 -2.655315 -0.000001 -0.000001 -0.000000 -0.462098 -4.745696 -18.901259 -0.192126 -3.409950 -2.933614 -0.364621 0.395416 -3.615550 0.000000 -0.000000 -0.000000 0.914703 -1.090208 17.688093 -8.404370 -25.590163 32.967732 -3.330328 73.507896 3.473004 -10.763469 4.138800 -10.833928 -3.700670 3.105822 3.332371 9.231714 -33.939248 -2.872076 -0.313815 -0.141869 -0.496413 -0.000000 -0.000001 -0.000001 -0.018138 2.633290 19.764276 6.182582 -6.540590 37.984444 3.262181 -4.118548 24.073190 0.000002 -0.000001 -0.000003 -1.529367 6.460701 24.384354 1.297455 -5.260502 24.451688 -0.197595 -1.910761 7.016459 0.000000 -0.000001 0.000001 -2.880038 8.003206 30.552389 -0.384729 -2.777230 12.790397 -0.733412 -0.507748 2.120811 -0.000001 -0.000002 0.000000 -3.299446 7.146270 35.174354 0.455123 0.533385 -3.846840 -0.600663 -0.620015 5.734803 0.000001 -0.000001 -0.000000 -30.914024 9.994978 7.393470 78.467542 13.410761 0.211296 -1.477257 3.368841 -7.890457 -9.114432 -0.000000 0.000004 -0.000003 -0.000001 -0.000000 -58.593037 3.666383 0.180722 59.729547 -7.119552 -3.103413 -5.730378 -0.800732 5.977412 -13.363681 0.000016 0.000020 -0.000000 0.000002 0.000000 
-31.295370 91.258347 9.797379 14.571515 22.488972 -5.317014 33.909628 -2.162167 11.970921 0.163208 -0.747316 0.184849 0.152239 -0.739323 0.229451 -12.982721 -1.420484 4.504394 -15.085866 1.499050 -9.482076 -0.000001 0.000000 0.000000 0.300230 -2.323533 17.867619 -48.187538 -51.323390 -42.960234 2.743874 -109.764418 2.925889 32.666063 -19.699615 22.237810 6.863526 14.127490 1.393890 1.561062 -5.575930 -5.440791 -2.150225 -7.646183 -1.039180 0.000003 0.000001 -0.000001 0.243208 -8.666596 2.322392 7.140766 7.899982 -44.526782 2.066686 3.723858 -17.564132 -0.000000 -0.000000 0.000004 -0.148690 -10.886714 -6.352851 1.265790 6.221934 -25.965138 0.574313 3.985063 -21.094758 0.000001 -0.000000 0.000000 -1.298400 -11.470552 -17.585514 -0.739393 3.268771 -12.733815 -0.163063 0.775604 -2.263685 -0.000001 0.000000 -0.000001 -0.378170 -4.738022 -17.816799 -0.330474 -3.062266 -4.443777 -0.401281 0.481244 -3.985297 -0.000000 -0.000000 -0.000000 0.909584 -0.854834 18.172610 -10.240480 -23.403385 30.755242 -3.526707 74.377693 3.661469 -11.062965 2.704824 -11.183398 -4.019056 3.553041 3.290331 9.322568 -34.782878 -3.051299 -0.207607 -0.590366 -0.584851 -0.000001 -0.000007 -0.000000 -0.113612 2.178647 25.623164 5.021849 -5.881192 32.330407 2.539236 -3.401928 19.730661 0.000001 0.000002 0.000002 -1.957063 6.294568 28.076008 0.979446 -4.580028 20.910105 -0.236646 -1.197237 3.812766 0.000003 0.000001 -0.000001 -3.273985 8.330078 31.780211 -0.370478 -2.432639 11.195349 -0.553314 -0.171293 0.600405 0.000002 -0.000000 0.000001 -3.470996 7.759236 34.333134 0.455124 0.533389 -3.846990 -0.578794 -0.574367 5.524045 -0.000001 0.000001 -0.000002 -34.616440 8.086786 9.838185 80.663824 13.483854 0.716367 -4.030272 4.426259 -7.498478 -8.509181 0.000006 0.000009 -0.000002 0.000001 -0.000001 -57.759672 3.786298 -0.290005 60.139044 -7.217851 -3.472475 -6.365058 -0.851436 6.378112 -13.534215 -0.000001 0.000020 0.000000 0.000000 -0.000000 
-30.526114 91.286987 10.052599 13.994160 22.311156 -4.735852 35.267163 -1.217070 11.111552 -0.212065 -0.593988 0.006512 -0.221460 -0.590051 0.044891 -12.997855 -1.642532 4.593682 -15.220754 0.618567 -9.831952 -0.000000 0.000000 -0.000000 0.507820 -3.148723 17.909168 -47.256744 -51.542349 -41.649302 2.788467 -109.472851 2.967797 31.624527 -20.726267 21.820305 7.869466 14.994021 0.662089 1.261546 -6.919475 -5.763571 -2.456649 -8.498154 -0.975001 0.000002 0.000003 -0.000000 0.023094 -6.257119 -0.732072 6.724334 7.696144 -42.605381 1.728716 3.265994 -15.236463 -0.000000 -0.000000 0.000002 -0.239572 -9.213766 -8.045880 1.199302 6.081184 -25.272241 0.476725 3.658885 -19.589254 0.000001 0.000000 -0.000002 -1.165830 -10.615483 -17.690514 -0.753623 3.380421 -13.215638 -0.136404 0.688620 -1.871028 -0.000001 -0.000001 0.000000 -0.268919 -4.629179 -16.681299 -0.463532 -2.699785 -6.000807 -0.441130 0.576263 -4.393624 0.000001 -0.000000 -0.000000 0.904283 -0.713887 18.447982 -11.983473 -21.274441 28.789063 -3.712357 75.121323 3.840375 -10.880165 1.247224 -11.576572 -4.390606 4.012675 3.108279 9.406162 -35.603007 -3.230275 -0.104025 -1.031709 -0.672610 0.000004 -0.000001 -0.000003 -0.291397 1.916124 30.383301 4.078955 -5.224063 27.474079 2.040275 -2.837045 16.522245 -0.000002 0.000004 0.000003 -2.391002 6.233122 31.110405 0.739052 -3.976669 17.852576 -0.241285 -0.662832 1.403249 -0.000001 -0.000002 -0.000001 -3.658490 8.652091 32.855836 -0.350490 -2.135891 9.820089 -0.409232 0.079092 -0.555729 -0.000002 0.000006 -0.000002 -3.627308 8.274089 33.751055 0.455128 0.533384 -3.846857 -0.560022 -0.535540 5.344354 0.000005 -0.000000 0.000001 -38.050168 6.006153 12.173474 82.208423 13.123977 1.375183 -6.945536 5.547538 -7.552797 -7.212212 0.000024 0.000003 0.000001 0.000000 -0.000000 -56.990361 4.015493 -0.646727 60.319313 -7.261533 -3.933585 -6.627277 -0.907202 6.847668 -13.677783 0.000010 0.000019 0.000000 -0.000001 -0.000000 
-29.764912 91.245453 10.383418 13.372164 21.899584 -4.148717 36.663933 -0.047938 10.034794 -0.645264 -0.410639 -0.095257 -0.652267 -0.405805 -0.067226 -12.917249 -1.846725 4.600903 -15.350461 -0.294744 -10.235906 0.000000 -0.000000 0.000000 0.790639 -4.260826 17.791704 -46.249222 -51.629830 -40.272090 2.814686 -109.305416 2.992495 30.358097 -21.761107 21.202777 8.904913 15.858456 -0.075479 0.970193 -8.186538 -6.023822 -2.795632 -9.476344 -0.923921 -0.000000 -0.000000 -0.000001 0.050003 -3.547970 -3.667325 6.310289 7.475846 -40.663101 1.417963 2.807436 -12.973873 -0.000001 -0.000001 0.000001 -0.210110 -7.308913 -9.716424 1.129572 5.928529 -24.525579 0.389802 3.338264 -18.121175 0.000001 0.000000 -0.000000 -1.005322 -9.577384 -17.883653 -0.764329 3.469781 -13.600947 -0.109728 0.603610 -1.486514 -0.000001 -0.000000 -0.000001 -0.149605 -4.400133 -15.727871 -0.577159 -2.363277 -7.431978 -0.479910 0.670637 -4.797762 0.000000 -0.000000 0.000000 0.904789 -0.715139 18.464334 -13.652638 -19.274218 27.164571 -3.880901 75.738479 4.003299 -10.166565 -0.005221 -11.922721 -4.788382 4.444082 2.771911 9.472826 -36.300020 -3.387162 -0.016072 -1.409817 -0.748547 0.000000 0.000001 -0.000000 -0.530003 1.887064 33.467770 3.436714 -4.702731 23.986262 1.789736 -2.527627 14.829930 -0.000002 0.000002 0.000001 -2.769567 6.296191 33.139890 0.585363 -3.532248 15.641671 -0.224178 -0.369458 0.081279 -0.000004 0.000000 0.000000 -3.981179 8.920544 33.688873 -0.331730 -1.922821 8.831111 -0.315163 0.216897 -1.204128 0.000001 -0.000001 0.000001 -3.761495 8.604601 33.560469 0.455156 0.533404 -3.846959 -0.547018 -0.508798 5.220574 0.000002 -0.000001 0.000001 -40.760981 3.843122 14.516635 82.738098 12.604028 2.164984 -9.979196 6.640525 -7.913526 -5.217536 0.000006 0.000004 -0.000001 0.000000 -0.000000 -56.296905 4.285805 -0.777863 60.680603 -7.295247 -4.465110 -6.992879 -0.981890 7.300812 -13.804399 -0.000001 0.000022 -0.000000 -0.000000 0.000000 
-29.041586 91.138916 10.653834 12.776943 21.294552 -3.604818 37.987125 1.313942 8.790005 -1.102057 -0.202017 -0.117285 -1.106076 -0.191595 -0.104055 -12.753483 -2.036993 4.542836 -15.468917 -1.232579 -10.695527 0.000001 0.000000 0.000000 1.128752 -5.617771 17.546244 -45.255607 -51.550159 -38.979186 2.819562 -109.274195 2.997079 29.067345 -22.655345 20.581324 9.915191 16.657307 -0.799080 0.726884 -9.204162 -6.187727 -3.148997 -10.532687 -0.890600 0.000002 0.000003 0.000001 0.323481 -0.867153 -6.341179 5.923685 7.253419 -38.817283 1.153757 2.384038 -10.937984 -0.000001 0.000000 -0.000000 -0.064834 -5.378476 -11.329920 1.059616 5.769807 -23.754092 0.318003 3.044959 -16.787551 0.000000 -0.000000 0.000001 -0.838769 -8.448642 -18.273287 -0.770443 3.523260 -13.831327 -0.083924 0.523245 -1.122178 -0.000001 -0.000001 -0.000000 -0.032493 -4.051468 -15.184306 -0.661690 -2.092941 -8.572586 -0.513364 0.753562 -5.151991 0.000001 -0.000000 -0.000000 0.912154 -0.876078 18.199626 -15.263842 -17.450532 25.939540 -4.024137 76.225246 4.142137 -8.961533 -0.833905 -12.152881 -5.183217 4.809679 2.284549 9.516771 -36.796244 -3.503179 0.046093 -1.679299 -0.803500 0.000004 -0.000003 -0.000006 -0.780499 2.127785 34.493965 3.134839 -4.434003 22.284522 1.795816 -2.535337 14.871639 0.000003 0.000003 0.000002 -3.029131 6.498896 33.932134 0.515666 -3.309881 14.546848 -0.196578 -0.352736 0.020747 0.000003 -0.000001 -0.000001 -4.195893 9.096662 34.216249 -0.321326 -1.819782 8.352357 -0.281144 0.226886 -1.257252 -0.000003 -0.000001 0.000000 -3.868816 8.687380 33.848512 0.455147 0.533397 -3.846983 -0.541909 -0.498330 5.171926 -0.000000 -0.000000 0.000001 -43.033105 1.681455 16.863399 82.247355 12.290906 3.051475 -12.453768 7.511998 -8.080521 -2.903992 0.000008 -0.000008 -0.000002 0.000002 -0.000001 -55.776407 4.585929 -0.733128 61.111738 -7.306213 -5.048367 -7.333011 -1.068826 7.741283 -13.931402 0.000008 0.000018 0.000000 0.000000 0.000000 
-28.331882 90.936531 11.043191 12.280620 20.591441 -3.152385 39.119202 2.786145 7.473638 -1.547558 0.018530 -0.067620 -1.548529 0.038306 -0.072798 -12.522126 -2.217435 4.441620 -15.573099 -2.180576 -11.203148 -0.000000 0.000000 -0.000000 1.494077 -7.141919 17.234348 -44.376839 -51.275719 -37.922607 2.804968 -109.366847 2.983328 27.931241 -23.317045 20.141963 10.846395 17.340857 -1.484990 0.539413 -9.892725 -6.265632 -3.495690 -11.604896 -0.877868 0.000001 0.000003 -0.000001 0.743687 1.399051 -8.611996 5.587680 7.046218 -37.184837 0.950814 2.034156 -9.289689 -0.000001 -0.000001 0.000001 0.151840 -3.676557 -12.840205 0.992630 5.612073 -22.992215 0.263861 2.801422 -15.686238 -0.000000 0.000000 0.000001 -0.688784 -7.362889 -18.937342 -0.771264 3.530606 -13.863021 -0.060184 0.450808 -0.793104 -0.000001 -0.000000 -0.000001 0.076617 -3.607306 -15.231330 -0.711817 -1.923051 -9.285624 -0.537684 0.814830 -5.413056 0.000000 0.000000 -0.000000 0.921720 -1.183331 17.679521 -16.813187 -15.824187 25.121576 -4.133464 76.575109 4.248249 -7.387679 -1.057788 -12.251286 -5.547893 5.077851 1.666472 9.535771 -37.044535 -3.565675 0.076214 -1.811275 -0.831402 -0.000000 0.000000 0.000001 -0.979453 2.643303 33.348078 3.183363 -4.478311 22.561117 2.059529 -2.860092 16.650060 -0.000000 -0.000000 -0.000000 -3.121172 6.834426 33.414026 0.524901 -3.340183 14.695550 -0.162472 -0.614117 1.235315 0.000003 -0.000003 -0.000001 -4.274145 9.156069 34.413444 -0.323344 -1.839114 8.442162 -0.311671 0.107965 -0.703780 0.000004 0.000000 -0.000001 -3.941219 8.495934 34.636203 0.455150 0.533395 -3.846990 -0.545759 -0.506221 5.208597 -0.000002 -0.000001 0.000003 -44.787354 -0.409735 19.241644 80.531250 12.235618 4.013727 -13.833315 7.956882 -7.745497 -1.146896 -0.000004 -0.000013 -0.000001 0.000001 -0.000001 -55.440420 4.851860 -0.560143 61.781534 -7.332483 -5.636328 -7.881605 -1.170729 8.153853 -14.065580 0.000003 0.000015 0.000000 -0.000000 -0.000000 
-27.474604 90.669220 11.216021 11.937096 19.928829 -2.822479 39.961050 4.243711 6.212917 -1.950761 0.232187 0.037063 -1.948942 0.263829 0.011694 -12.240006 -2.391456 4.321806 -15.663963 -3.119072 -11.740941 0.000001 -0.000002 0.000001 1.860069 -8.735148 16.931301 -43.692549 -50.786961 -37.218148 2.774491 -109.563249 2.954645 27.078763 -23.705744 20.020321 11.651167 17.877146 -2.107519 0.461181 -10.040213 -6.220086 -3.812156 -12.615901 -0.885944 -0.000000 -0.000002 -0.000000 1.137522 2.892346 -10.339691 5.320282 6.871659 -35.864995 0.818349 1.792420 -8.167273 -0.000000 -0.000001 0.000003 0.360167 -2.457373 -14.185641 0.931385 5.462481 -22.273973 0.228181 2.627470 -14.902503 -0.000000 -0.000000 0.000001 -0.583430 -6.476571 -19.904435 -0.766229 3.486183 -13.671531 -0.039810 0.389728 -0.515110 0.000001 0.000000 0.000001 0.176144 -3.114350 -15.965130 -0.724775 -1.877842 -9.474926 -0.549890 0.845900 -5.545192 0.000000 -0.000000 -0.000000 0.925884 -1.598680 16.969506 -18.267759 -14.390235 24.666357 -4.201639 76.784720 4.314558 -5.631994 -0.572867 -12.260818 -5.860265 5.225181 0.951587 9.529910 -37.029164 -3.569592 0.072048 -1.794766 -0.829794 0.000001 -0.000001 0.000000 -1.068540 3.385749 30.203336 3.575339 -4.820871 24.753577 2.573001 -3.437872 19.940734 -0.000002 0.000001 -0.000001 -3.026592 7.264219 31.683021 0.612636 -3.615299 16.052522 -0.117902 -1.119815 3.567991 -0.000002 0.000003 -0.000001 -4.211475 9.090606 34.296897 -0.336878 -1.977114 9.083327 -0.404801 -0.126405 0.385798 -0.000001 -0.000002 0.000001 -3.965846 8.046832 35.871180 0.455141 0.533390 -3.846985 -0.558473 -0.532294 5.329383 0.000002 0.000003 -0.000003 -46.493716 -2.334449 21.409923 77.787829 12.350229 5.011134 -13.817724 7.816690 -6.533919 -0.949680 -0.000002 0.000004 0.000000 -0.000002 0.000002 -55.317856 5.156890 -0.550463 62.386634 -7.289464 -6.193527 -8.321236 -1.277944 8.705072 -14.202886 0.000001 0.000022 -0.000001 0.000000 -0.000000 
-26.534910 90.345764 11.167949 11.769325 19.440843 -2.633459 40.449183 5.561373 5.134969 -2.287033 0.419416 0.175968 -2.283106 0.463998 0.131026 -11.923434 -2.560825 4.207094 -15.747087 -4.024372 -12.281569 0.000002 0.000000 0.000000 2.208756 -10.298161 16.705314 -43.224050 -50.072964 -36.905568 2.729826 -109.857637 2.912699 26.582181 -23.805316 20.286179 12.294097 18.253049 -2.642195 0.365114 -10.014822 -6.225096 -4.072134 -13.473633 -0.911804 -0.000000 0.000001 -0.000001 1.332215 3.375358 -11.408580 5.131348 6.742869 -34.920527 0.760084 1.682451 -7.660715 0.000000 -0.000000 0.000001 0.468763 -1.916069 -15.294078 0.877672 5.326593 -21.624848 0.210475 2.536269 -14.492734 0.000002 -0.000000 0.000000 -0.560029 -5.938019 -21.139827 -0.754671 3.389040 -13.252723 -0.023868 0.342595 -0.300300 0.000001 0.000000 0.000002 0.261789 -2.636684 -17.365705 -0.698839 -1.967840 -9.097981 -0.547920 0.840853 -5.523737 0.000000 -0.000001 0.000000 0.918997 -2.068365 16.172083 -19.565738 -13.124821 24.489710 -4.227352 76.862018 4.339556 -3.907747 0.607231 -12.256878 -6.105279 5.238373 0.181453 9.500413 -36.759914 -3.516644 0.034796 -1.634750 -0.799594 -0.000004 0.000000 0.000002 -1.018485 4.256964 25.491839 4.283737 -5.377080 28.553001 3.304077 -4.156881 24.315713 0.000002 -0.000000 -0.000001 -2.764025 7.725448 28.991759 0.781537 -4.090482 18.424136 -0.055692 -1.805210 6.709353 0.000001 0.000001 -0.000002 -4.027988 8.910413 33.919092 -0.356500 -2.214652 10.185350 -0.551395 -0.449336 1.867066 -0.000002 0.000001 -0.000002 -3.929693 7.397716 37.432596 0.455146 0.533402 -3.846988 -0.578524 -0.573801 5.521318 0.000002 -0.000000 -0.000001 -48.108055 -4.072629 23.382290 73.906185 12.216776 6.002913 -12.517023 7.137325 -4.757310 -2.722303 0.000020 0.000008 0.000000 -0.000005 -0.000001 -55.431339 5.442176 -0.746040 62.923295 -7.241153 -6.674930 -8.634698 -1.380103 9.344517 -14.335461 0.000007 0.000024 -0.000001 -0.000002 0.000000 
-25.508688 89.934578 11.286558 11.766927 19.222420 -2.586856 40.566013 6.635571 4.330873 -2.540010 0.564435 0.328811 -2.534804 0.621775 0.267287 -11.587259 -2.725051 4.117081 -15.832643 -4.870275 -12.790242 -0.000000 -0.000001 0.000001 2.531509 -11.747904 16.598840 -42.909810 -49.137433 -36.924979 2.668719 -110.275228 2.855431 26.461389 -23.591572 20.946411 12.755515 18.472875 -3.068804 0.229812 -9.945164 -6.341362 -4.246942 -14.072562 -0.948365 0.000003 0.000001 -0.000000 1.242263 2.797603 -11.767800 5.020635 6.665269 -34.362231 0.774710 1.710270 -7.788670 -0.000000 0.000000 0.000001 0.410778 -2.139471 -16.096804 0.831736 5.206669 -21.054553 0.209499 2.531076 -14.469465 -0.000001 -0.000001 0.000003 -0.660998 -5.853970 -22.538685 -0.735915 3.242587 -12.620678 -0.012731 0.310031 -0.151765 0.000001 -0.000001 0.000000 0.318613 -2.247970 -19.276947 -0.633217 -2.186112 -8.180343 -0.530650 0.797041 -5.337270 0.000000 0.000000 0.000000 0.901338 -2.533197 15.411793 -20.625773 -11.998227 24.491189 -4.217396 76.832094 4.329918 -2.403198 2.333958 -12.302717 -6.276004 5.115788 -0.600835 9.449218 -36.263978 -3.413211 -0.031808 -1.348793 -0.744267 0.000002 -0.000001 0.000001 -0.845278 5.138316 19.846139 5.244664 -6.019757 33.440323 4.179305 -4.887911 29.193188 -0.000002 0.000002 -0.000000 -2.388195 8.153175 25.713355 1.028035 -4.691543 21.483160 0.026959 -2.582310 10.236521 -0.000000 0.000000 0.000000 -3.763348 8.645430 33.357565 -0.374963 -2.519199 11.596143 -0.734386 -0.822210 3.539939 0.000003 0.000004 0.000002 -3.828961 6.638829 39.144740 0.455147 0.533390 -3.846947 -0.603319 -0.625575 5.760486 0.000001 0.000001 -0.000001 -49.083744 -5.448422 25.306046 68.709094 11.626747 6.946188 -10.714728 6.126226 -3.345371 -5.889023 0.000016 -0.000001 -0.000000 -0.000000 0.000001 -55.649502 5.611662 -1.134910 63.699861 -7.283833 -7.033923 -9.235759 -1.494917 9.986607 -14.441233 -0.000001 0.000022 0.000000 0.000002 -0.000000 
-24.370453 89.437683 11.517178 11.891199 19.313673 -2.690594 40.339531 7.409065 3.855577 -2.702557 0.658280 0.478690 -2.696871 0.727217 0.405402 -11.244316 -2.881052 4.064457 -15.934874 -5.629929 -13.228145 0.000001 -0.000001 0.000000 2.824874 -13.026879 16.619117 -42.609947 -48.012733 -37.124646 2.621147 -110.611355 2.810971 26.684004 -23.009943 21.951209 13.032949 18.555141 -3.373727 0.103096 -9.847640 -6.554026 -4.306437 -14.299481 -0.984559 0.000001 0.000003 -0.000000 0.912169 1.312364 -11.462339 4.977714 6.634739 -34.144778 0.855633 1.861625 -8.487272 0.000000 -0.000000 0.000000 0.174190 -3.086090 -16.545831 0.792398 5.100971 -20.553873 0.223417 2.603236 -14.793643 0.000001 -0.000000 0.000003 -0.917741 -6.265358 -23.931484 -0.709240 3.053428 -11.802974 -0.005754 0.289752 -0.059053 0.000001 -0.000001 0.000001 0.319157 -2.022165 -21.408823 -0.530015 -2.506309 -6.825355 -0.497878 0.714994 -4.987329 0.000000 -0.000000 -0.000000 0.879803 -2.936770 14.811474 -21.363443 -10.993455 24.580944 -4.186401 76.738425 4.299728 -1.238422 4.344890 -12.414320 -6.372928 4.867939 -1.355738 9.378542 -35.577748 -3.268026 -0.122198 -0.962611 -0.669114 -0.000002 0.000002 0.000001 -0.603759 5.931316 14.011247 6.345121 -6.621217 38.753503 5.080802 -5.520282 33.913737 0.000002 0.000001 -0.000001 -1.975276 8.505303 22.287631 1.332266 -5.328758 24.813184 0.122320 -3.349790 13.671488 0.000002 0.000000 0.000001 -3.468133 8.344279 32.700268 -0.386498 -2.849179 13.123229 -0.929939 -1.197602 5.176799 0.000002 -0.000002 -0.000000 -3.677055 5.878092 40.798492 0.455137 0.533383 -3.846986 -0.629423 -0.680708 6.014529 0.000005 0.000000 -0.000001 -49.438941 -6.325597 27.171003 62.418257 10.802272 7.791336 -9.282207 4.965152 -3.084723 -9.297059 0.000008 0.000028 -0.000000 0.000005 0.000001 -55.924322 5.670682 -1.755143 64.677370 -7.427082 -7.262585 -10.064777 -1.629407 10.642739 -14.479156 0.000009 0.000020 -0.000000 0.000001 -0.000000 
-23.046453 88.905624 11.703490 12.084433 19.713034 -2.923946 39.842030 7.838160 3.708770 -2.777039 0.699549 0.612584 -2.771518 0.778251 0.533315 -10.905257 -3.023018 4.052888 -16.071049 -6.277690 -13.556804 0.000001 0.000001 -0.000001 3.085195 -14.100965 16.740686 -42.145727 -46.775150 -37.302692 2.555919 -111.090677 2.750148 27.158724 -21.974245 23.197805 13.139383 18.527879 -3.550929 0.190452 -9.355851 -6.668982 -4.221626 -14.044999 -1.005807 0.000003 0.000001 0.000001 0.480869 -0.763092 -10.638360 4.983914 6.639164 -34.176218 0.990099 2.103708 -9.615096 -0.000001 -0.000001 0.000003 -0.192629 -4.601770 -16.628610 0.757301 5.004190 -20.096976 0.249485 2.732775 -15.376682 0.000000 -0.000000 -0.000001 -1.327443 -7.142478 -25.104622 -0.674159 2.829811 -10.834132 -0.000952 0.275897 0.004227 -0.000001 0.000001 -0.000000 0.231568 -2.025692 -23.368794 -0.397048 -2.884737 -5.208402 -0.450008 0.597707 -4.485571 -0.000000 -0.000000 0.000000 0.865025 -3.230552 14.470217 -21.711520 -10.123775 24.702093 -4.152923 76.635399 4.267213 -0.448303 6.320100 -12.554747 -6.402430 4.515868 -2.051060 9.290913 -34.739688 -3.090057 -0.230006 -0.505642 -0.580163 0.000001 -0.000003 -0.000000 -0.359738 6.585011 8.722254 7.434274 -7.094310 43.792957 5.868452 -5.988024 37.847513 0.000002 -0.000001 -0.000001 -1.599421 8.776720 19.146765 1.654747 -5.915389 27.975319 0.211213 -4.007227 16.558979 0.000000 -0.000001 0.000001 -3.193220 8.068838 32.027802 -0.389283 -3.160812 14.565011 -1.110561 -1.524796 6.560029 -0.000000 -0.000000 -0.000001 -3.505518 5.222177 42.180926 0.455131 0.533397 -3.846932 -0.653178 -0.731440 6.247799 0.000002 -0.000001 -0.000001 -49.324115 -6.627843 28.797324 55.346426 10.250862 8.498072 -8.975892 3.814544 -4.291453 -12.017534 0.000004 0.000013 0.000001 -0.000001 0.000002 -56.125427 5.694443 -2.680350 65.619130 -7.626915 -7.379038 -10.920351 -1.787933 11.381557 -14.423056 0.000009 0.000022 -0.000000 0.000000 0.000000 
-21.537987 88.453247 10.788133 12.279150 20.361327 -3.276141 39.182097 7.932135 3.859216 -2.774482 0.693135 0.720020 -2.769459 0.779295 0.640600 -10.578817 -3.142828 4.075986 -16.259480 -6.791092 -13.742568 0.000001 -0.000000 0.000000 3.304881 -14.947516 16.918705 -41.359480 -45.548086 -37.266243 2.471224 -111.745488 2.671522 27.734907 -20.387290 24.539739 13.098997 18.423095 -3.602042 0.604653 -8.404088 -6.584564 -3.969044 -13.219752 -0.995425 0.000000 0.000001 -0.000000 0.093997 -3.035820 -9.534804 5.015963 6.661946 -34.338592 1.158042 2.391183 -10.971971 -0.000000 -0.000000 0.000001 -0.604301 -6.462251 -16.378565 0.723592 4.908845 -19.648258 0.283189 2.890939 -16.090476 0.000001 -0.000000 0.000000 -1.836588 -8.400419 -25.832735 -0.630369 2.580086 -9.748984 0.004875 0.259111 0.080949 -0.000001 -0.000000 -0.000000 0.037059 -2.313483 -24.717034 -0.249540 -3.268884 -3.548377 -0.387861 0.449619 -3.849253 0.000000 -0.000001 -0.000000 0.866096 -3.375993 14.445555 -21.638972 -9.438136 24.844536 -4.132690 76.572575 4.247517 0.006213 7.951960 -12.657784 -6.374790 4.087817 -2.664274 9.188741 -33.784701 -2.887062 -0.348890 -0.006710 -0.483299 -0.000001 -0.000001 -0.000001 -0.161040 7.098669 4.562079 8.360883 -7.411326 47.953816 6.420546 -6.274136 40.520958 0.000001 0.000001 -0.000001 -1.312348 8.996633 16.630088 1.945293 -6.385481 30.589521 0.270613 -4.473473 18.555498 -0.000001 0.000000 -0.000000 -2.979913 7.883468 31.395740 -0.385702 -3.416490 15.748236 -1.250462 -1.759803 7.524346 0.000001 -0.000005 0.000001 -3.355394 4.757466 43.111713 0.455147 0.533392 -3.846990 -0.671353 -0.770606 6.427559 0.000001 -0.000001 -0.000000 -49.689896 -6.373882 29.727326 47.917790 10.163839 9.029268 -9.636782 2.803091 -6.115092 -13.794489 0.000008 -0.000003 0.000002 -0.000003 0.000004 -56.433523 5.943965 -4.011747 65.653500 -7.738130 -7.458757 -10.632767 -1.903810 12.405544 -14.289321 0.000010 0.000022 0.000000 0.000002 -0.000000 
-19.986948 87.834885 11.320107 12.408838 21.138264 -3.761247 38.492685 7.767977 4.261104 -2.711755 0.647565 0.791603 -2.707353 0.738425 0.717151 -10.272110 -3.230600 4.117459 -16.517112 -7.152357 -13.760706 -0.000000 -0.000001 0.000000 3.471740 -15.540304 17.106735 -40.168773 -44.485743 -36.883165 2.370148 -112.579378 2.578173 28.224186 -18.172944 25.814645 12.942180 18.272245 -3.535561 1.384343 -7.065879 -6.249370 -3.536021 -11.771336 -0.936664 0.000002 0.000001 -0.000000 -0.173327 -5.143418 -8.476027 5.050180 6.686142 -34.511593 1.332284 2.673776 -12.326002 -0.000000 0.000000 0.000002 -0.977478 -8.425363 -15.882724 0.688512 4.807031 -19.170560 0.317736 3.043819 -16.782408 0.000001 0.000000 0.000001 -2.344039 -9.925519 -25.914562 -0.577875 2.311784 -8.578870 0.016062 0.227084 0.227447 0.000000 0.000000 0.000000 -0.251186 -2.928930 -25.031291 -0.107722 -3.609758 -2.057656 -0.312302 0.275555 -3.097182 0.000001 0.000000 -0.000000 0.885629 -3.345898 14.739265 -21.163237 -9.007982 25.051047 -4.132730 76.572875 4.247555 0.212146 9.006716 -12.661649 -6.302550 3.615010 -3.183988 9.074143 -32.740980 -2.664987 -0.473261 0.509667 -0.383441 -0.000003 -0.000001 0.000000 -0.027044 7.508662 1.842435 9.016875 -7.591720 50.846104 6.673162 -6.394373 41.724410 -0.000000 0.000001 -0.000001 -1.136314 9.214050 14.914396 2.159815 -6.703999 32.408069 0.287169 -4.704773 19.504326 0.000000 0.000001 0.000000 -2.853506 7.842566 30.822461 -0.380198 -3.591988 16.561047 -1.330501 -1.877012 7.991513 0.000001 -0.000001 -0.000000 -3.262172 4.536954 43.476077 0.455148 0.533394 -3.846988 -0.681696 -0.793047 6.530404 -0.000001 -0.000004 -0.000000 -48.688693 -5.047847 31.149378 39.773332 10.646564 9.424739 -12.095571 1.960477 -9.226486 -14.888288 -0.000011 0.000004 0.000001 -0.000002 -0.000003 -56.139032 5.800786 -5.081329 66.755216 -8.104167 -7.468276 -11.972147 -2.166466 13.213890 -14.081215 0.000011 0.000022 -0.000000 0.000000 -0.000000 
-18.201378 87.258293 11.518226 12.424800 21.925665 -4.385069 37.908766 7.418468 4.870607 -2.607619 0.572176 0.818931 -2.603940 0.664549 0.753457 -9.990985 -3.275670 4.152562 -16.856763 -7.349569 -13.598387 0.000000 0.000001 -0.000000 3.569991 -15.839012 17.270087 -38.590962 -43.740508 -36.110083 2.260709 -113.553398 2.477793 28.441794 -15.304772 26.888303 12.700801 18.102901 -3.365696 2.530254 -5.368542 -5.610829 -2.925176 -9.696995 -0.814885 0.000002 0.000003 0.000001 -0.338667 -6.832593 -7.853585 5.066254 6.697450 -34.592695 1.481123 2.903872 -13.444445 -0.000001 -0.000001 0.000002 -1.265155 -10.276814 -15.283412 0.650074 4.692123 -18.633149 0.344481 3.156586 -17.294162 -0.000000 -0.000000 0.000003 -2.726249 -11.599481 -25.206089 -0.517055 2.032111 -7.353866 0.037564 0.166265 0.506032 -0.000000 -0.000001 -0.000000 -0.576317 -3.901994 -23.968812 0.009899 -3.874790 -0.886004 -0.224277 0.080256 -2.247952 -0.000000 -0.000001 -0.000000 0.917110 -3.126344 15.294513 -20.348675 -8.899046 25.415996 -4.145275 76.611992 4.259784 0.278041 9.365061 -12.532904 -6.199259 3.128099 -3.609140 8.948600 -31.629984 -2.428332 -0.598687 1.024491 -0.284366 -0.000000 -0.000004 0.000002 0.043142 7.872766 0.555710 9.362840 -7.672786 52.357174 6.637649 -6.377863 41.555974 -0.000001 0.000002 -0.000003 -1.069416 9.481171 13.987230 2.275454 -6.867003 33.355133 0.266980 -4.705466 19.465913 0.000000 0.000000 -0.000000 -2.820672 7.980468 30.287497 -0.376462 -3.680287 16.970116 -1.342008 -1.876860 7.984622 -0.000000 0.000001 0.000000 -3.242864 4.575751 43.244540 0.455148 0.533394 -3.846996 -0.683285 -0.796495 6.546265 -0.000001 -0.000001 0.000004 -47.628675 -3.515266 31.920233 31.928901 11.366967 9.659189 -14.908667 1.854674 -11.873960 -15.655082 0.000002 0.000017 0.000004 -0.000001 -0.000000 -55.477791 5.691011 -6.228019 67.295122 -8.338750 -7.527687 -12.996342 -2.462404 14.281796 -13.720224 0.000009 0.000012 0.000000 -0.000001 -0.000000 
-16.177250 86.776527 11.273138 12.312528 22.621834 -5.104566 37.540789 6.912094 5.614945 -2.478791 0.474769 0.797095 -2.475938 0.565211 0.743472 -9.740334 -3.267724 4.150804 -17.284383 -7.377234 -13.256146 0.000001 -0.000001 0.000001 3.582285 -15.790264 17.389090 -36.734052 -43.427391 -34.997596 2.153770 -114.583725 2.380494 28.249840 -11.821785 27.696106 12.404747 17.937096 -3.110187 3.961969 -3.407677 -4.668140 -2.157262 -7.049357 -0.619763 0.000002 0.000000 -0.000003 -0.479576 -7.980333 -8.074656 5.050034 6.686044 -34.510893 1.574258 3.042987 -14.128056 0.000000 -0.000001 0.000002 -1.469962 -11.858602 -14.767115 0.607472 4.560354 -18.019243 0.354716 3.198586 -17.485088 -0.000000 -0.000000 0.000002 -2.873279 -13.311549 -23.648996 -0.449265 1.749747 -6.110884 0.074139 0.064898 0.971486 -0.000001 -0.000002 -0.000000 -0.839401 -5.238746 -21.321487 0.093671 -4.055070 -0.082287 -0.124971 -0.131248 -1.321304 -0.000000 -0.000001 0.000000 0.946359 -2.719464 16.000724 -19.289530 -9.141997 26.073238 -4.144270 76.608652 4.258769 0.313322 9.039006 -12.272223 -6.078273 2.653893 -3.946656 8.813312 -30.470246 -2.181153 -0.721766 1.524046 -0.188642 -0.000002 -0.000004 0.000002 0.058393 8.254829 0.415539 9.427264 -7.686820 52.637543 6.391423 -6.259843 40.381485 0.000000 0.000002 -0.000000 -1.094400 9.839658 13.673697 2.295850 -6.895123 33.519758 0.232765 -4.526424 18.690966 -0.000000 -0.000000 -0.000000 -2.870243 8.305601 29.743029 -0.375999 -3.690422 17.017053 -1.288892 -1.785381 7.615976 0.000001 -0.000000 0.000000 -3.291418 4.853427 42.472558 0.455130 0.533386 -3.846903 -0.676579 -0.781948 6.479586 -0.000003 -0.000002 -0.000001 -46.733814 -1.992886 32.204837 24.982380 11.432787 9.431273 -17.273514 2.279400 -13.152959 -16.273759 0.000012 0.000014 0.000001 0.000002 0.000001 -54.397300 5.632025 -7.428212 67.023560 -8.366059 -7.690837 -13.553740 -2.763758 15.663876 -13.112485 0.000002 0.000017 0.000000 -0.000001 0.000000 
-13.936077 86.369514 11.158144 12.104225 23.142172 -5.872732 37.437718 6.257226 6.415902 -2.336732 0.360557 0.729500 -2.334942 0.445866 0.689559 -9.524154 -3.198050 4.079582 -17.797062 -7.236267 -12.747600 0.000001 0.000000 -0.000001 3.492006 -15.341126 17.451550 -34.765120 -43.595547 -33.678317 2.060598 -115.553373 2.296399 27.582872 -7.830226 28.259580 12.079144 17.790566 -2.788262 5.543012 -1.333923 -3.465489 -1.271294 -3.936673 -0.347412 0.000004 0.000005 -0.000001 -0.679459 -8.562802 -9.479033 4.995371 6.647323 -34.234319 1.590390 3.066716 -14.245284 -0.000000 -0.000002 0.000001 -1.634136 -13.075215 -14.537737 0.561603 4.412715 -17.333927 0.342627 3.148894 -17.259239 0.000000 -0.000001 0.000002 -2.722451 -14.959743 -21.295370 -0.377746 1.477598 -4.906207 0.129208 -0.083058 1.653465 0.000000 0.000001 -0.000000 -0.917615 -6.900499 -17.064715 0.139787 -4.151551 0.350228 -0.016365 -0.352870 -0.342107 0.000000 -0.000000 -0.000000 0.956808 -2.145290 16.709768 -18.083211 -9.716558 27.168268 -4.088245 76.432542 4.204346 0.411900 8.167299 -11.906312 -5.951102 2.213249 -4.207308 8.669988 -29.283739 -1.928533 -0.839646 1.997647 -0.098164 -0.000001 -0.000003 -0.000002 0.031051 8.707757 0.962685 9.287298 -7.655913 52.027948 6.049342 -6.085381 38.730434 -0.000001 -0.000001 -0.000001 -1.183269 10.310591 13.702318 2.245569 -6.825403 33.112296 0.210319 -4.251372 17.548143 0.000002 -0.000001 -0.000000 -2.976090 8.798703 29.133742 -0.378097 -3.643290 16.798598 -1.187671 -1.645489 7.055514 0.000000 0.000000 0.000004 -3.383569 5.320016 41.283951 0.455134 0.533380 -3.846959 -0.663327 -0.753270 6.348055 0.000001 -0.000002 0.000003 -45.970069 -0.669622 32.308373 19.660141 10.825041 8.807095 -19.040771 2.510248 -13.429194 -16.735886 0.000016 0.000014 -0.000001 -0.000002 -0.000003 -52.752406 5.450287 -8.578289 66.231859 -8.202442 -7.963038 -14.185890 -3.093459 17.244850 -12.301473 0.000005 0.000020 -0.000001 -0.000001 -0.000000 
-11.580744 86.114632 10.778192 11.881459 23.423036 -6.630503 37.567157 5.433653 7.176338 -2.186327 0.232398 0.633461 -2.185871 0.310460 0.608199 -9.345477 -3.060753 3.908437 -18.382399 -6.933828 -12.097873 0.000001 -0.000000 -0.000000 3.286832 -14.461078 17.439575 -32.873222 -44.209899 -32.340410 1.990109 -116.335306 2.233265 26.450082 -3.496204 28.670511 11.742801 17.672430 -2.418430 7.121096 0.671460 -2.076820 -0.321659 -0.516931 -0.002204 -0.000000 -0.000001 -0.000000 -0.983924 -8.604112 -12.256194 4.904337 6.581977 -33.771700 1.523655 2.967823 -13.758080 0.000003 -0.000003 0.000002 -1.815094 -13.882120 -14.781940 0.515135 4.256394 -16.611382 0.307912 3.001198 -16.589297 0.000001 -0.000002 0.000002 -2.279923 -16.450938 -18.326294 -0.308740 1.234748 -3.825239 0.203428 -0.274425 2.540311 0.000001 -0.000001 -0.000000 -0.699584 -8.782892 -11.395087 0.139781 -4.151557 0.350227 0.097995 -0.576449 0.654691 0.000000 -0.000001 -0.000002 0.936837 -1.440714 17.259647 -16.807496 -10.556327 28.817835 -3.936437 75.931227 4.057094 0.637363 6.992372 -11.478572 -5.825912 1.819597 -4.401735 8.521778 -28.101651 -1.677656 -0.949547 2.435334 -0.014555 -0.000000 -0.000001 0.000000 -0.018775 9.257986 1.689965 9.043905 -7.598409 50.964423 5.730852 -5.911536 37.171218 0.000001 0.000003 -0.000000 -1.298252 10.888288 13.781157 2.159520 -6.703590 32.405720 0.214671 -3.976124 16.438069 0.000003 0.000003 -0.000000 -3.102281 9.414142 28.417396 -0.381150 -3.565931 16.440320 -1.065106 -1.505016 6.492258 -0.000000 0.000001 0.000002 -3.487348 5.903280 39.845681 0.455129 0.533386 -3.846924 -0.646258 -0.716598 6.179635 0.000003 0.000000 -0.000001 -45.402894 0.412222 31.823385 15.499335 9.683660 8.456132 -19.354897 2.036489 -13.148191 -16.973449 0.000033 0.000021 0.000000 -0.000003 -0.000000 -50.843652 5.206837 -9.728773 64.587382 -7.825584 -8.343805 -14.314369 -3.348993 18.964865 -11.531027 0.000014 0.000012 0.000000 0.000000 0.000000 
-8.936610 85.994339 10.297017 11.759715 23.403293 -7.341458 37.815032 4.436905 7.794491 -2.026000 0.092156 0.543904 -2.027024 0.162847 0.533634 -9.206272 -2.853756 3.613348 -19.019319 -6.483014 -11.340825 0.000000 -0.000000 -0.000000 2.963959 -13.163859 17.317799 -31.238082 -45.144412 -31.186657 1.948344 -116.819977 2.196066 24.923015 0.966930 29.050277 11.407793 17.585654 -2.016803 8.564607 2.425510 -0.590177 0.627833 3.014872 0.402535 0.000001 0.000003 -0.000000 -1.380720 -8.139847 -16.399383 4.785928 6.495267 -33.166029 1.385208 2.756745 -12.727581 0.000003 -0.000002 0.000004 -2.061316 -14.268412 -15.641359 0.472294 4.105394 -15.916279 0.256436 2.766181 -15.527281 -0.000001 0.000000 0.000001 -1.625339 -17.706367 -15.055950 -0.251786 1.046430 -2.982674 0.293479 -0.495573 3.572314 -0.000000 -0.000002 0.000000 -0.133217 -10.714534 -4.745702 0.139789 -4.151539 0.350249 0.212482 -0.791080 1.620722 -0.000000 -0.000000 0.000004 0.884990 -0.655042 17.503260 -15.511623 -11.571243 31.067969 -3.673169 74.970117 3.802543 1.006655 5.819466 -11.045810 -5.706520 1.478930 -4.537339 8.374250 -26.968001 -1.438088 -1.048326 2.826105 0.060383 -0.000001 0.000001 -0.000003 -0.058106 9.896939 2.147771 8.798838 -7.535667 49.888880 5.535372 -5.799153 36.202875 0.000001 0.000001 -0.000000 -1.393927 11.538893 13.660643 2.072672 -6.577270 31.679613 0.245492 -3.787789 15.717490 0.000002 0.000000 -0.000000 -3.210232 10.084678 27.578147 -0.383807 -3.486280 16.071399 -0.953037 -1.406124 6.099308 0.000001 0.000002 -0.000001 -3.574228 6.518136 38.340539 0.455143 0.533393 -3.846977 -0.628810 -0.679368 6.008374 -0.000002 -0.000001 0.000001 -45.865120 0.501537 30.923941 14.667543 7.268675 8.259773 -18.981635 2.008574 -12.456800 -16.966320 0.000021 -0.000001 0.000001 -0.000001 0.000000 -48.725163 4.891608 -11.063747 62.116124 -7.170738 -8.777575 -13.926328 -3.496179 20.765537 -11.133947 0.000001 0.000024 0.000000 0.000001 0.000000 
-6.176955 85.984467 9.983573 11.858364 23.020613 -7.989890 38.013773 3.297412 8.164964 -1.849689 -0.057797 0.512195 -1.851908 0.008290 0.516483 -9.107254 -2.579547 3.180581 -19.680488 -5.902623 -10.515729 0.000001 0.000001 -0.000000 2.537414 -11.519956 17.030976 -30.003269 -46.191466 -30.382946 1.938376 -116.938221 2.187189 23.120846 5.316977 29.503992 11.080233 17.528098 -1.596478 9.784870 3.773601 0.904307 1.513277 6.447360 0.844807 0.000003 0.000003 -0.000000 -1.801175 -7.212633 -21.712207 4.652897 6.395535 -32.480056 1.198917 2.458831 -11.294218 0.000001 0.000001 -0.000003 -2.397320 -14.243934 -17.199690 0.437935 3.978875 -15.335697 0.198001 2.469876 -14.194734 -0.000001 -0.000002 0.000003 -0.897822 -18.668994 -11.911204 -0.218531 0.940832 -2.508509 0.391621 -0.724396 4.648888 -0.000000 0.000000 0.000003 0.731118 -12.488757 2.230055 0.139785 -4.151543 0.350243 0.318977 -0.983250 2.493605 0.000001 0.000001 -0.000003 0.811034 0.156328 17.333519 -14.220653 -12.677039 33.867763 -3.322600 73.472229 3.465634 1.473468 4.959291 -10.679340 -5.592359 1.190939 -4.616770 8.235669 -25.938707 -1.221265 -1.132393 3.157328 0.124535 0.000000 -0.000002 0.000003 -0.044862 10.581873 2.016152 8.637033 -7.491593 49.176109 5.530212 -5.796133 36.177200 0.000000 -0.000002 -0.000002 -1.424868 12.204792 13.173747 2.013140 -6.488633 31.174011 0.292614 -3.749592 15.643508 0.000000 -0.000002 -0.000002 -3.267188 10.730960 26.630026 -0.385425 -3.428382 15.803338 -0.881256 -1.379072 6.006403 0.000001 -0.000001 0.000002 -3.626148 7.079325 36.939060 0.455140 0.533394 -3.846944 -0.614481 -0.649078 5.868855 0.000001 -0.000001 -0.000001 -47.095759 -0.121400 29.942344 16.389918 4.513977 8.166067 -17.772526 2.003998 -11.972622 -16.755403 -0.000001 0.000013 0.000000 -0.000001 -0.000003 -46.748680 4.446774 -12.563831 59.250224 -6.252347 -9.026603 -13.152214 -3.497952 22.216572 -11.322354 0.000016 0.000013 0.000000 -0.000001 0.000000 
-3.342734 86.097366 9.446592 12.265323 22.230888 -8.552121 37.989748 2.067087 8.179336 -1.650231 -0.213534 0.597970 -1.652753 -0.146066 0.615618 -9.047719 -2.245457 2.609364 -20.336113 -5.216968 -9.663780 0.000004 0.000001 -0.000001 2.043450 -9.653648 16.513396 -29.246313 -47.091706 -30.005871 1.960974 -116.671953 2.207283 21.197277 9.311077 30.087062 10.761608 17.494254 -1.166904 10.742446 4.616897 2.323782 2.280638 9.579045 1.295604 0.000003 -0.000000 -0.000001 -2.141558 -5.892784 -27.856797 4.517544 6.291425 -31.775836 0.993033 2.108884 -9.639321 0.000001 -0.000001 0.000003 -2.819704 -13.834236 -19.482551 0.416398 3.896864 -14.960320 0.142639 2.148115 -12.754746 0.000000 0.000001 -0.000000 -0.267702 -19.305084 -9.384171 -0.219465 0.943773 -2.521715 0.486485 -0.934965 5.647858 -0.000001 0.000001 -0.000000 1.727853 -13.919429 8.712982 0.139794 -4.151544 0.350254 0.407262 -1.137450 3.199891 -0.000000 0.000001 -0.000000 0.731988 0.938029 16.697367 -12.943043 -13.819716 37.070066 -2.936438 71.446470 3.097958 1.920869 4.659023 -10.458066 -5.479234 0.951271 -4.637336 8.116470 -25.076669 -1.039442 -1.197858 3.415313 0.175559 -0.000001 0.000001 -0.000002 0.056539 11.243489 1.145657 8.614924 -7.485402 49.078464 5.746919 -5.920597 37.250503 0.000000 0.000002 0.000000 -1.358820 12.813784 12.256092 1.999080 -6.467427 31.053496 0.346390 -3.892472 16.336728 0.000001 -0.000002 -0.000001 -3.253423 11.275249 25.611862 -0.385892 -3.408917 15.713209 -0.870104 -1.439081 6.280399 0.000002 -0.000001 0.000001 -3.636827 7.516650 35.772522 0.455149 0.533396 -3.846986 -0.606354 -0.631972 5.789954 0.000006 -0.000001 -0.000002 -48.615511 -0.896792 28.785716 18.825489 1.710585 8.139196 -15.009187 2.127244 -11.659700 -16.378787 0.000023 0.000017 0.000000 0.000001 0.000000 -45.320761 3.921052 -14.224198 55.823112 -5.139764 -9.184650 -11.438670 -3.263041 23.200986 -12.081039 0.000000 0.000026 0.000000 -0.000000 -0.000001 
0.113567 86.234207 8.722040 13.005344 21.028412 -8.995691 37.616686 0.816314 7.755003 -1.424470 -0.369849 0.854495 -1.425509 -0.291984 0.883525 -9.025485 -1.863488 1.913178 -20.957973 -4.455367 -8.824730 0.000001 0.000000 0.000001 1.538441 -7.724997 15.709621 -28.950109 -47.582851 -30.009645 2.015318 -116.050556 2.255807 19.323853 12.742545 30.796940 10.450347 17.476948 -0.734148 11.440223 4.931536 3.599405 2.893907 12.242746 1.722008 0.000003 0.000004 -0.000000 -2.302163 -4.299347 -34.417204 4.387930 6.189250 -31.095345 0.792418 1.743759 -7.942853 -0.000005 -0.000000 0.000001 -3.301436 -13.080003 -22.461808 0.410693 3.874761 -14.859299 0.097178 1.838555 -11.375304 0.000000 0.000000 0.000001 0.098123 -19.595002 -7.965352 -0.259913 1.072707 -3.100380 0.565318 -1.102834 6.450354 -0.000001 0.000000 -0.000002 2.611716 -14.887161 13.813836 0.052521 -3.967376 -0.473999 0.466027 -1.237723 3.661965 0.000001 -0.000002 -0.000002 0.665129 1.639623 15.612955 -11.673819 -14.985293 40.459346 -2.565744 68.995525 2.749791 2.173969 5.037411 -10.443015 -5.360626 0.753779 -4.591790 8.027966 -24.444446 -0.904106 -1.241043 3.586812 0.210834 0.000001 -0.000002 0.000004 0.254827 11.798327 -0.430809 8.754457 -7.523808 49.693690 6.180309 -6.153655 39.365290 0.000000 -0.000000 -0.000001 -1.189323 13.291855 10.948441 2.037964 -6.525823 31.385703 0.404991 -4.212276 17.765940 0.000000 -0.000002 -0.000002 -3.165635 11.655895 24.577643 -0.385253 -3.434856 15.833217 -0.925341 -1.586124 6.915438 0.000002 -0.000003 0.000000 -3.608480 7.788057 34.912119 0.455147 0.533390 -3.846994 -0.606292 -0.631844 5.789370 -0.000001 0.000002 0.000003 -51.675220 -2.367925 27.129172 24.396268 0.057305 8.211792 -12.347453 2.076978 -11.532498 -15.798391 0.000031 0.000033 0.000000 0.000003 0.000003 -44.093854 3.281010 -16.344364 51.346634 -3.777603 -9.398315 -8.622521 -2.803404 23.941543 -13.260110 0.000000 0.000013 0.000000 -0.000001 -0.000001 
3.488396 86.382660 7.808580 14.021560 19.454735 -9.297760 36.865618 -0.362561 6.872562 -1.178894 -0.521490 1.310916 -1.175960 -0.422395 1.348954 -9.037066 -1.449563 1.119153 -21.523552 -3.651044 -8.033768 0.000001 -0.000000 -0.000001 1.085771 -5.902025 14.601606 -29.000102 -47.453163 -30.236725 2.099911 -115.136075 2.331800 17.661472 15.478202 31.589864 10.143178 17.468690 -0.301054 11.908549 4.773154 4.680332 3.338040 14.321579 2.091204 0.000001 0.000001 -0.000001 -2.230323 -2.597484 -40.954586 4.265720 6.090540 -30.447890 0.613857 1.395375 -6.350048 0.000000 -0.000000 -0.000005 -3.800384 -12.037185 -26.056857 0.421898 3.918003 -15.057048 0.064236 1.572815 -10.195155 0.000000 -0.000001 0.000001 0.071148 -19.517827 -8.065518 -0.336866 1.331698 -4.257433 0.616952 -1.209591 6.963626 -0.000000 -0.000001 0.000001 3.132644 -15.344334 16.707619 -0.100906 -3.625537 -1.988227 0.484898 -1.269562 3.809129 0.000002 -0.000001 0.000000 0.621402 2.219403 14.151092 -10.395767 -16.192024 43.794073 -2.243220 66.302354 2.452279 2.032752 6.045055 -10.640748 -5.229028 0.592507 -4.469688 7.980387 -24.095198 -0.824851 -1.259121 3.661072 0.228175 -0.000000 -0.000003 0.000001 0.520525 12.166153 -2.520893 9.043933 -7.598391 50.964549 6.788531 -6.447153 42.270357 0.000004 0.000000 -0.000005 -0.939797 13.577414 9.379168 2.127540 -6.657488 32.139862 0.474509 -4.672214 19.761723 0.000003 -0.000001 -0.000001 -3.014794 11.838274 23.584542 -0.383291 -3.503155 16.149557 -1.037158 -1.805828 7.837773 0.000003 0.000001 -0.000002 -3.546463 7.886203 34.360786 0.455141 0.533390 -3.846976 -0.614673 -0.649482 5.870710 0.000002 0.000001 -0.000001 -54.240168 -3.224530 25.828304 28.024635 -0.865746 8.177662 -6.554604 1.771428 -13.670686 -14.893832 0.000018 0.000010 -0.000002 -0.000001 -0.000002 -43.649594 2.568823 -18.555877 46.529045 -2.229832 -9.267745 -4.836372 -2.289851 23.702684 -14.719206 -0.000002 0.000026 -0.000001 0.000000 -0.000000 
6.898754 86.446327 7.016121 15.183382 17.624924 -9.435473 35.836114 -1.404169 5.593640 -0.934149 -0.664970 1.957616 -0.924307 -0.533698 2.002440 -9.077685 -1.022336 0.265715 -22.019188 -2.839306 -7.318939 -0.000001 0.000000 0.000000 0.735381 -4.331040 13.234018 -29.228924 -46.580227 -30.482649 2.212719 -114.005221 2.434035 16.323233 17.481815 32.409818 9.836149 17.462774 0.131969 12.188963 4.264289 5.534250 3.616685 15.753959 2.374929 0.000000 0.000005 0.000000 -1.945267 -0.967381 -47.044854 4.145726 5.991350 -29.806502 0.465144 1.085515 -4.952725 0.000001 -0.000003 -0.000001 -4.268627 -10.776745 -30.129566 0.448597 4.018675 -15.518159 0.042862 1.370582 -9.299084 0.000003 -0.000003 -0.000000 -0.404524 -19.041347 -9.930511 -0.438726 1.708163 -5.927174 0.634718 -1.245719 7.137956 -0.000001 -0.000003 0.000000 3.120893 -15.277771 16.792782 -0.310310 -3.114647 -4.217372 0.457178 -1.222764 3.592872 0.000003 0.000003 -0.000003 0.601962 2.648721 12.434117 -9.087361 -17.471655 46.846662 -1.982328 63.600263 2.216676 1.310772 7.467578 -10.981502 -5.077441 0.462919 -4.259771 7.980487 -24.063002 -0.807812 -1.250758 3.632716 0.226019 -0.000000 -0.000002 0.000002 0.793774 12.289868 -4.834102 9.444618 -7.690526 52.713023 7.498795 -6.743514 45.584119 0.000001 0.000001 -0.000003 -0.654943 13.634561 7.725510 2.257238 -6.841711 33.207324 0.562156 -5.211240 22.061323 0.000001 0.000001 0.000000 -2.820164 11.819368 22.679899 -0.379766 -3.603027 16.612034 -1.184505 -2.072255 8.926313 0.000005 0.000001 -0.000001 -3.456437 7.835659 34.061218 0.455139 0.533394 -3.846988 -0.630403 -0.682763 6.023979 0.000005 0.000001 -0.000001 -56.749849 -3.850377 24.772633 31.576286 -0.559914 7.669994 -1.153406 1.189072 -15.001532 -13.557196 0.000021 0.000019 -0.000003 0.000003 0.000003 -43.619456 1.731089 -20.784218 41.307553 -1.334501 -8.895622 -0.378521 -1.239885 22.617591 -16.368600 0.000003 0.000029 -0.000002 0.000000 -0.000000 
10.322268 86.383499 6.400017 16.311764 15.713482 -9.405393 34.752064 -2.283078 4.065145 -0.725680 -0.799436 2.740462 -0.706148 -0.627126 2.790803 -9.141733 -0.601694 -0.601337 -22.441452 -2.054992 -6.699239 0.000001 0.000000 -0.000001 0.506596 -3.111118 11.723957 -29.489017 -44.941743 -30.583692 2.352137 -112.734485 2.561618 15.345656 18.814429 33.210460 9.525777 17.453881 0.565877 12.322028 3.568627 6.145028 3.746264 16.530571 2.553637 0.000001 0.000006 0.000001 -1.530809 0.436417 -52.304325 4.017227 5.882592 -29.113179 0.346451 0.823254 -3.783065 0.000003 -0.000002 -0.000000 -4.661735 -9.385934 -34.475612 0.486132 4.154908 -16.143833 0.030449 1.236455 -8.705660 0.000001 -0.000000 0.000001 -1.284467 -18.130751 -13.561365 -0.548024 2.170948 -7.962731 0.618244 -1.212217 6.976325 0.000000 -0.000001 0.000002 2.552690 -14.667802 13.844192 -0.546756 -2.456058 -7.038653 0.382644 -1.094884 3.004409 -0.000001 -0.000004 0.000000 0.599103 2.915475 10.614716 -7.740546 -18.849589 49.428897 -1.783845 61.131948 2.041547 -0.134890 8.974537 -11.340902 -4.900904 0.363019 -3.953010 8.029544 -24.353441 -0.854229 -1.216968 3.504402 0.204174 -0.000000 -0.000003 -0.000001 1.009265 12.150853 -7.068278 9.902430 -7.780343 54.697613 8.221886 -6.997426 48.886809 -0.000001 -0.000000 -0.000002 -0.382845 13.461819 6.161649 2.410839 -7.050707 34.437018 0.668554 -5.758186 24.373726 -0.000001 -0.000001 0.000000 -2.602456 11.625809 21.889132 -0.374622 -3.719186 17.150359 -1.342028 -2.353125 10.042894 0.000000 -0.000000 -0.000000 -3.344229 7.683380 33.916223 0.455140 0.533398 -3.846983 -0.651212 -0.727219 6.228465 0.000000 0.000000 0.000001 -59.419210 -4.356602 23.962624 35.729611 0.729863 6.645205 2.777832 0.633885 -14.944490 -11.826792 0.000017 0.000005 -0.000002 0.000005 0.000001 -43.630193 0.679042 -22.918775 35.641139 -0.793988 -8.412360 4.702016 -0.311310 20.763813 -18.093962 0.000010 0.000016 0.000000 0.000000 -0.000001 
13.597582 86.218704 5.866745 17.218559 13.917686 -9.235918 33.912077 -3.014096 2.493473 -0.598079 -0.926137 3.567928 -0.566718 -0.707973 3.624025 -9.223157 -0.207020 -1.433811 -22.797143 -1.329730 -6.183653 -0.000000 -0.000000 -0.000000 0.385004 -2.278524 10.248923 -29.701525 -42.599289 -30.472203 2.516298 -111.392210 2.713349 14.687543 19.610834 33.957030 9.209665 17.438416 1.002026 12.341937 2.861071 6.509490 3.749605 16.686939 2.619148 0.000001 -0.000000 -0.000000 -1.102805 1.510802 -56.411362 3.866281 5.751310 -28.289597 0.252568 0.605123 -2.818546 0.000004 -0.000002 0.000001 -4.948299 -7.969951 -38.820217 0.525869 4.293117 -16.780892 0.024019 1.160279 -8.368803 0.000006 0.000001 0.000002 -2.420554 -16.782840 -18.669675 -0.646858 2.670945 -10.144229 0.573859 -1.120671 6.535963 -0.000004 -0.000001 -0.000001 1.573710 -13.491902 8.110417 -0.770525 -1.713380 -10.161821 0.269096 -0.894096 2.087698 0.000003 0.000000 0.000002 0.601023 3.025854 8.854134 -6.381803 -20.333208 51.402136 -1.642641 59.104134 1.919713 -2.378979 10.205483 -11.602066 -4.697787 0.293480 -3.545500 8.122218 -24.937724 -0.959507 -1.161419 3.288577 0.164240 -0.000001 0.000002 0.000001 1.123986 11.773533 -8.991855 10.360845 -7.854032 56.673126 8.873254 -7.187213 51.812497 -0.000001 -0.000001 -0.000000 -0.157574 13.093383 4.810953 2.569630 -7.257207 35.672633 0.784618 -6.248176 26.442937 0.000001 -0.000002 -0.000002 -2.379012 11.308001 21.208108 -0.368359 -3.835929 17.691705 -1.487556 -2.616192 11.062731 -0.000001 -0.000003 0.000001 -3.217137 7.486633 33.812995 0.455133 0.533389 -3.846983 -0.674335 -0.777056 6.457131 0.000003 0.000001 0.000001 -62.002565 -4.638954 23.276095 40.048261 2.508649 5.484154 5.267788 0.269487 -13.990431 -9.914359 0.000014 0.000007 0.000001 -0.000001 0.000000 -43.282533 -0.582569 -24.898533 29.359148 -1.057505 -7.706311 10.488865 0.559454 18.137291 -19.689045 0.000009 0.000018 0.000000 -0.000000 0.000001 
16.727121 85.991135 5.358302 17.751141 12.404717 -8.984488 33.602260 -3.634520 1.094027 -0.592873 -1.046462 4.330089 -0.548804 -0.782960 4.393725 -9.315805 0.144514 -2.186458 -23.101383 -0.689507 -5.771386 0.000002 -0.000000 -0.000000 0.335538 -1.804678 9.005714 -29.851072 -39.669373 -30.170394 2.730800 -109.851346 2.913627 14.258308 20.039452 34.611639 8.887077 17.414783 1.441302 12.276451 2.300069 6.634600 3.650849 16.292872 2.574750 0.000001 0.000003 -0.000001 -0.770885 2.204469 -59.124132 3.678949 5.582942 -27.253228 0.175537 0.418184 -1.997717 0.000001 -0.000004 0.000001 -5.119042 -6.650456 -42.828025 0.555759 4.393430 -17.244638 0.020865 1.120860 -8.194625 -0.000001 0.000001 0.000002 -3.600585 -15.072257 -24.702909 -0.722559 3.145416 -12.200832 0.512885 -0.991867 5.919233 -0.000004 0.000003 0.000002 0.457843 -11.784999 0.297633 -0.948582 -0.982149 -13.188503 0.131591 -0.640321 0.941290 -0.000000 0.000001 -0.000000 0.597700 3.001631 7.296870 -5.084911 -21.907480 52.677632 -1.550992 57.645970 1.842102 -5.398590 10.872120 -11.722497 -4.470765 0.257899 -3.040514 8.247339 -25.754584 -1.113121 -1.090163 3.006846 0.109581 0.000003 0.000001 -0.000002 1.131115 11.218521 -10.490408 10.771442 -7.906486 58.434645 9.390767 -7.312840 54.109773 0.000001 -0.000002 -0.000003 0.008708 12.592238 3.721485 2.715726 -7.439259 36.780535 0.894614 -6.635380 28.089561 0.000003 -0.000000 0.000001 -2.162465 10.930522 20.604024 -0.361867 -3.939812 18.173656 -1.606491 -2.835399 11.894498 -0.000001 -0.000001 0.000001 -3.084623 7.301745 33.645228 0.455141 0.533395 -3.846953 -0.696788 -0.825957 6.681176 0.000002 0.000001 -0.000001 -64.475148 -4.789019 22.650675 44.745860 4.316606 4.264830 5.645564 0.220896 -12.585281 -8.072207 0.000002 0.000012 0.000000 -0.000002 -0.000000 -41.908750 -2.243658 -26.812280 21.971489 -2.208045 -6.633882 17.067830 1.171266 14.757623 -20.923190 -0.000001 0.000046 0.000001 0.000000 0.000001 
19.784424 85.751755 4.834409 17.832261 11.259672 -8.722212 33.998544 -4.173942 0.034586 -0.733268 -1.159582 4.924098 -0.677193 -0.856812 4.998017 -9.414087 0.439400 -2.821923 -23.374289 -0.153094 -5.453357 -0.000000 0.000000 0.000001 0.321670 -1.608746 8.156404 -29.946090 -36.294392 -29.743322 3.126764 -107.505607 3.288041 13.960791 20.260937 35.115389 8.559028 17.383236 1.883608 12.148552 2.003752 6.535264 3.472333 15.439675 2.432708 0.000003 0.000003 0.000001 -0.611936 2.500753 -60.290606 3.445776 5.364512 -25.939339 0.107463 0.246301 -1.247434 -0.000001 -0.000000 0.000001 -5.191712 -5.556527 -46.133710 0.562969 4.417170 -17.354623 0.018725 1.093046 -8.071729 -0.000000 0.000001 0.000000 -4.624941 -13.175315 -30.945367 -0.770894 3.527344 -13.848935 0.448583 -0.852011 5.253417 -0.000002 -0.000001 0.000003 -0.502897 -9.704726 -8.576607 -1.066894 -0.368403 -15.700057 -0.011122 -0.363364 -0.295581 -0.000001 -0.000000 -0.000001 0.584848 2.873885 6.045260 -3.968439 -23.534137 53.213205 -1.500027 56.781121 1.799548 -9.045769 10.845398 -11.756429 -4.227147 0.262154 -2.449201 8.390644 -26.722174 -1.300472 -1.010565 2.686046 0.044821 -0.000000 0.000000 0.000002 1.055137 10.568361 -11.566600 11.099955 -7.939334 59.839724 9.742551 -7.385903 55.660212 -0.000001 -0.000001 0.000003 0.122513 12.036949 2.870688 2.834793 -7.582429 37.664699 0.982365 -6.898091 29.223968 0.000000 0.000001 0.000003 -1.961419 10.560371 20.026258 -0.356151 -4.021217 18.551619 -1.692834 -2.994632 12.487538 -0.000001 0.000002 0.000000 -2.956871 7.174999 33.330575 0.455132 0.533390 -3.846955 -0.715983 -0.868221 6.874516 -0.000000 -0.000001 0.000000 -66.912146 -4.936685 21.966643 50.291485 5.946116 3.054022 2.578107 0.554573 -11.131090 -6.446254 0.000014 0.000013 0.000000 -0.000005 -0.000001 -38.391626 -4.979248 -27.945048 11.904458 -4.026557 -6.380005 24.830289 1.329724 11.237796 -21.684797 0.000004 0.000034 0.000000 -0.000002 0.000000 
22.766611 85.558365 4.092085 17.489669 10.501062 -8.444469 35.095083 -4.705578 -0.642605 -1.011456 -1.261058 5.278266 -0.945484 -0.929743 5.365069 -9.513352 0.668871 -3.314536 -23.636840 0.268394 -5.214634 0.000003 -0.000000 0.000000 0.318400 -1.580547 7.776228 -29.984216 -32.618077 -29.250367 3.603696 -105.308806 3.744926 13.726595 20.399367 35.382391 8.228185 17.345609 2.327541 11.976507 2.030554 6.232098 3.232754 14.225229 2.210370 0.000003 0.000003 0.000002 -0.659200 2.397942 -59.850345 3.166326 5.088867 -24.326588 0.043319 0.077983 -0.516619 0.000002 0.000003 -0.000002 -5.205589 -4.808928 -48.389104 0.538400 4.335581 -16.977137 0.015966 1.055921 -7.907791 -0.000001 0.000000 0.000001 -5.377386 -11.344251 -36.654398 -0.794726 3.758237 -14.842759 0.392979 -0.727489 4.663564 -0.000002 -0.000001 -0.000004 -1.125605 -7.528439 -17.400185 -1.129804 0.036366 -17.345190 -0.140951 -0.097810 -1.468297 0.000002 -0.000000 0.000001 0.564117 2.674743 5.140201 -3.177478 -25.149236 53.008579 -1.479766 56.425508 1.782741 -13.045760 10.188780 -11.809762 -3.978731 0.313622 -1.790902 8.538199 -27.756779 -1.506146 -0.929444 2.352282 -0.025115 -0.000001 -0.000001 -0.000001 0.935307 9.911092 -12.305681 11.327899 -7.957376 60.812883 9.925394 -7.420011 56.462910 -0.000001 0.000000 0.000001 0.199654 11.505433 2.191223 2.917739 -7.679518 38.271254 1.036558 -7.036521 29.837453 0.000001 0.000001 -0.000001 -1.781368 10.254462 19.423765 -0.352083 -4.074844 18.800729 -1.747466 -3.088539 12.829657 0.000000 0.000002 0.000000 -2.842120 7.135929 32.823468 0.455124 0.533385 -3.846935 -0.730170 -0.899666 7.018100 -0.000000 -0.000001 0.000000 -68.533251 -4.704100 21.138667 54.476284 6.864704 1.944676 0.157070 0.770418 -9.801828 -5.050041 -0.000000 0.000002 0.000000 0.000001 0.000000 -33.203926 -8.557798 -28.360375 -0.163678 -5.362168 -6.471560 35.046831 1.164493 7.557003 -22.035980 0.000004 0.000028 -0.000001 0.000000 -0.000000 
25.544195 85.353127 3.306837 16.848994 10.081587 -8.071721 36.695591 -5.329880 -1.021557 -1.384910 -1.343368 5.367398 -1.312419 -0.997122 5.468360 -9.610119 0.829379 -3.652544 -23.906668 0.570885 -5.037352 -0.000000 0.000000 -0.000000 0.312833 -1.606188 7.827397 -29.944581 -28.765994 -28.719016 4.165568 -103.326480 4.288840 13.532592 20.532433 35.309995 7.898719 17.304908 2.770108 11.771320 2.366940 5.748748 2.946146 12.741777 1.926601 0.000003 0.000003 0.000002 -0.901849 1.897594 -57.830105 2.852443 4.759723 -22.459803 -0.016972 -0.086399 0.193628 -0.000000 0.000001 0.000001 -5.204636 -4.504009 -49.314721 0.481128 4.137106 -16.061987 0.011983 1.000061 -7.661064 0.000004 0.000001 0.000000 -5.846023 -9.842599 -41.180437 -0.798622 3.800164 -15.023138 0.354401 -0.639015 4.246076 -0.000002 -0.000001 -0.000003 -1.398096 -5.570930 -25.160721 -1.148512 0.174139 -17.903447 -0.243914 0.123169 -2.435048 -0.000000 -0.000001 -0.000001 0.540393 2.430496 4.553845 -2.855660 -26.661512 52.098234 -1.479184 56.414880 1.782266 -17.034464 9.116791 -11.960065 -3.741543 0.420269 -1.092555 8.679300 -28.792475 -1.717955 -0.851396 2.024440 -0.095966 0.000001 -0.000003 0.000001 0.809272 9.325157 -12.829694 11.451476 -7.965588 61.340037 9.957232 -7.425670 56.602529 -0.000002 0.000002 -0.000001 0.256641 11.060656 1.603165 2.961226 -7.729594 38.586355 1.053186 -7.066337 29.982324 -0.000000 -0.000001 -0.000001 -1.624948 10.049491 18.762386 -0.350145 -4.099529 18.915442 -1.775039 -3.121069 12.939486 -0.000000 -0.000000 0.000001 -2.744407 7.193242 32.122229 0.455143 0.533387 -3.846987 -0.738534 -0.918277 7.103012 -0.000000 -0.000000 -0.000001 -69.525875 -4.235936 20.108809 57.707619 7.285495 1.046439 -1.815270 0.897742 -8.779582 -3.836512 0.000009 0.000009 0.000000 -0.000002 -0.000000 -32.083550 -8.526646 -29.304814 -0.500567 -8.923545 -6.919105 37.010384 0.230755 4.601122 -22.124581 0.000012 0.000024 0.000001 0.000001 -0.000003 
28.043926 85.183411 2.815238 16.072521 9.737238 -7.812009 38.487850 -5.812977 -1.113601 -1.784808 -1.398278 5.215427 -1.709676 -1.051328 5.329645 -9.702512 0.922503 -3.838348 -24.194475 0.756077 -4.903383 0.000002 -0.000000 -0.000001 0.297795 -1.590271 8.168130 -29.802981 -24.830654 -28.144075 4.808580 -101.600519 4.916176 13.397193 20.694167 34.801842 7.575978 17.265115 3.206898 11.532855 2.927883 5.109266 2.621806 11.067538 1.599418 0.000002 0.000005 0.000000 -1.288598 1.003755 -54.334957 2.528262 4.395775 -20.461596 -0.068099 -0.230942 0.815415 0.000001 -0.000002 -0.000001 -5.214439 -4.702668 -48.740189 0.399651 3.831535 -14.661812 0.007404 0.930913 -7.355868 0.000001 0.000000 0.000004 -6.088312 -8.880874 -44.046244 -0.783401 3.643596 -14.349529 0.336539 -0.597460 4.050527 0.000001 0.000002 -0.000000 -1.441133 -4.085894 -31.072829 -1.128697 0.028512 -17.313379 -0.311529 0.273793 -3.089482 -0.000001 -0.000001 -0.000002 0.518193 2.157885 4.198853 -3.113421 -27.955633 50.543728 -1.487171 56.556326 1.788874 -20.627103 7.898210 -12.202935 -3.535196 0.589612 -0.388255 8.807575 -29.793777 -1.930029 -0.777710 1.710066 -0.164985 -0.000000 -0.000001 -0.000001 0.704103 8.868512 -13.258762 11.478721 -7.967227 61.456218 9.868595 -7.409687 56.213761 0.000000 -0.000000 0.000000 0.306201 10.741741 1.038997 2.967236 -7.736472 38.629781 1.035500 -7.011155 29.748698 0.000001 -0.000001 0.000001 -1.491884 9.957416 18.034834 -0.350294 -4.097522 18.906124 -1.781084 -3.102480 12.857138 -0.000001 -0.000002 -0.000000 -2.663049 7.335058 31.267493 0.455155 0.533396 -3.846938 -0.741316 -0.924505 7.131376 -0.000001 -0.000001 0.000006 -69.933515 -3.800107 19.224863 60.304669 7.448959 0.367373 -3.627874 0.950889 -8.181557 -2.789177 0.000005 0.000001 -0.000000 -0.000001 -0.000000 -29.657815 -8.847549 -29.728839 -0.805417 -11.222595 -7.650779 38.065628 -1.332685 2.951949 -22.048312 0.000014 0.000020 -0.000001 -0.000001 0.000004 
30.344311 85.121399 2.249937 15.351537 9.334712 -7.665018 40.122693 -6.140506 -1.062021 -2.134130 -1.419821 4.885522 -2.060104 -1.084753 5.009770 -9.789991 0.954240 -3.886898 -24.501480 0.829913 -4.796455 0.000000 0.000001 -0.000000 0.267599 -1.471664 8.592246 -29.552343 -20.863752 -27.503908 5.523288 -100.136420 5.617639 13.361721 20.877387 33.797231 7.266007 17.230708 3.632437 11.247418 3.573438 4.335910 2.264891 9.264730 1.245157 0.000001 0.000005 -0.000000 -1.733262 -0.267558 -49.535045 2.226577 4.032555 -18.528104 -0.100493 -0.325244 1.219682 -0.000001 -0.000001 -0.000002 -5.222833 -5.423398 -46.626081 0.309183 3.450528 -12.929207 0.003578 0.868256 -7.079388 0.000002 0.000001 -0.000001 -6.171071 -8.579676 -44.990661 -0.744621 3.308953 -12.907234 0.338481 -0.601954 4.071738 -0.000002 -0.000001 -0.000000 -1.412844 -3.214709 -34.651981 -1.065574 -0.376165 -15.668394 -0.340405 0.339572 -3.374323 0.000000 0.000001 -0.000001 0.499257 1.864140 3.950885 -4.001029 -28.905012 48.427346 -1.494468 56.683511 1.794938 -23.499633 6.758663 -12.463342 -3.382081 0.827806 0.281622 8.920629 -30.758510 -2.143929 -0.706131 1.404254 -0.231146 -0.000001 -0.000002 0.000003 0.634909 8.573579 -13.686047 11.425632 -7.963972 61.229866 9.694276 -7.376453 55.447885 -0.000002 0.000001 -0.000004 0.356511 10.562362 0.457477 2.941677 -7.707148 38.444953 0.991827 -6.896019 29.241563 0.000001 -0.000000 -0.000000 -1.379628 9.967823 17.261058 -0.352185 -4.073536 18.794621 -1.769962 -3.046042 12.633430 -0.000001 0.000003 -0.000002 -2.594337 7.533794 30.331105 0.455141 0.533385 -3.846955 -0.739660 -0.920813 7.114589 -0.000001 -0.000001 -0.000003 -70.030380 -3.387297 18.322817 62.089500 7.761673 -0.123118 -4.994865 0.900693 -7.720140 -1.975074 -0.000002 0.000003 0.000000 -0.000000 0.000000 -26.396794 -9.333419 -29.614669 -0.862851 -11.336074 -8.492247 38.512923 -3.854375 3.164902 -21.776118 -0.000003 0.000032 0.000002 -0.000002 0.000002 
32.572670 85.080750 2.084736 14.835195 8.774091 -7.654535 41.319875 -6.283725 -0.978681 -2.369375 -1.406469 4.461422 -2.299529 -1.092444 4.590737 -9.873285 0.933852 -3.822565 -24.818870 0.801192 -4.703183 0.000001 -0.000000 -0.000001 0.220137 -1.231272 8.893069 -29.212651 -16.878372 -26.783064 6.313502 -98.893646 6.396682 13.463456 21.026550 32.298814 6.974949 17.206333 4.040746 10.888638 4.137135 3.448510 1.877753 7.381356 0.878829 0.000002 0.000001 0.000000 -2.124986 -1.872315 -43.648935 1.983488 3.720538 -16.910228 -0.102026 -0.329728 1.238981 -0.000002 0.000001 -0.000002 -5.173095 -6.633917 -43.066761 0.226069 3.044368 -11.096229 0.002067 0.842163 -6.964260 0.000000 -0.000000 0.000001 -6.123624 -8.959667 -43.987508 -0.676410 2.843469 -10.893390 0.354873 -0.640095 4.251178 -0.000001 0.000002 -0.000000 -1.421027 -2.987459 -35.754985 -0.948835 -0.980884 -13.193641 -0.331607 0.319447 -3.287236 -0.000000 -0.000001 0.000000 0.482038 1.550331 3.678570 -5.492595 -29.392397 45.849660 -1.495126 56.695146 1.795474 -25.462421 5.830561 -12.653926 -3.306028 1.138591 0.871445 9.018775 -31.711721 -2.367679 -0.631584 1.091447 -0.295076 -0.000000 -0.000003 0.000000 0.607270 8.446780 -14.165672 11.312139 -7.956291 60.745708 9.466422 -7.329386 54.443919 -0.000000 0.000001 -0.000002 0.411767 10.514269 -0.153342 2.892533 -7.650235 38.087737 0.932827 -6.742602 28.560264 0.000000 0.000002 -0.000001 -1.284857 10.054982 16.480195 -0.355242 -4.033442 18.608352 -1.743988 -2.964923 12.319457 -0.000001 0.000000 -0.000002 -2.534207 7.754245 29.397554 0.455138 0.533389 -3.846982 -0.735206 -0.910885 7.069314 -0.000002 0.000000 0.000004 -70.061540 -3.086251 17.566316 63.886810 8.253356 -0.531533 -6.579321 0.793811 -7.339974 -1.519236 0.000000 0.000007 -0.000000 -0.000003 -0.000000 -22.431038 -10.079594 -28.999860 -0.907479 -11.322408 -9.334645 38.219929 -5.468736 3.923135 -21.168681 0.000006 0.000027 -0.000001 -0.000003 -0.000004 
34.847961 85.140884 1.750319 14.600347 8.007084 -7.838752 41.930272 -6.195572 -0.905108 -2.458189 -1.361338 4.025731 -2.394458 -1.073240 4.154389 -9.953670 0.872429 -3.675093 -25.128896 0.680400 -4.613296 -0.000000 0.000000 -0.000000 0.161249 -0.890841 8.917691 -28.823067 -12.861794 -25.991996 7.230254 -97.785790 7.303416 13.704795 21.023826 30.393894 6.708444 17.196202 4.425991 10.421956 4.456590 2.465727 1.461495 5.455026 0.514382 0.000001 0.000003 -0.000001 -2.347790 -3.722208 -36.927069 1.834011 3.519227 -15.885458 -0.058614 -0.203738 0.698593 0.000001 0.000000 -0.000001 -4.976001 -8.240162 -38.277275 0.162293 2.675868 -9.443706 0.004710 0.887349 -7.163540 0.000001 0.000001 -0.000001 -5.925116 -9.944024 -41.239531 -0.578343 2.314077 -8.588904 0.376434 -0.689733 4.485279 -0.000000 0.000001 -0.000001 -1.484672 -3.343518 -34.582873 -0.773900 -1.700921 -10.213707 -0.290043 0.225426 -2.879715 0.000000 0.000000 -0.000001 0.462625 1.216472 3.273700 -7.488105 -29.331694 42.926684 -1.487540 56.562736 1.789187 -26.502268 5.156623 -12.730397 -3.330643 1.522651 1.331637 9.103530 -32.693162 -2.612815 -0.547331 0.749858 -0.358617 -0.000000 -0.000001 0.000001 0.620273 8.471982 -14.711801 11.158682 -7.944361 60.090563 9.209923 -7.271408 53.309357 -0.000000 0.000001 0.000001 0.473041 10.573724 -0.780736 2.828278 -7.574693 37.616690 0.868801 -6.566762 27.783859 -0.000001 -0.000000 0.000000 -1.204758 10.186641 15.738547 -0.358883 -3.983308 18.375611 -1.703957 -2.870054 11.958252 -0.000001 0.000001 0.000001 -2.479976 7.962595 28.544621 0.455132 0.533390 -3.846974 -0.729701 -0.898629 7.013394 -0.000002 -0.000000 0.000001 -70.265844 -2.795837 16.816431 65.285844 9.029297 -0.924603 -7.903965 0.626702 -6.520924 -1.496671 -0.000002 0.000001 0.000000 -0.000002 -0.000000 -23.553279 -7.130407 -28.598417 9.836045 -11.930938 -10.003948 33.439882 -6.548319 6.108745 -20.084952 0.000004 0.000019 -0.000003 0.000001 0.000002 
36.754349 85.188553 1.566348 14.656763 7.096393 -7.916283 41.918244 -6.121132 -1.055294 -2.406251 -1.290576 3.640850 -2.349560 -1.029192 3.763479 -10.032534 0.781405 -3.475250 -25.407737 0.478732 -4.519245 0.000000 -0.000000 -0.000001 0.104512 -0.502519 8.605605 -28.420339 -8.796683 -25.176699 8.430734 -96.694291 8.494041 14.025036 20.682409 28.262092 6.471008 17.203693 4.783220 9.811259 4.399333 1.407074 1.017700 3.516741 0.164956 0.000002 0.000001 0.000001 -2.310269 -5.679699 -29.639302 1.810479 3.486829 -15.721823 0.046264 0.085841 -0.550613 -0.000000 -0.000000 -0.000005 -4.542059 -10.080657 -32.567472 0.123267 2.411453 -8.263169 0.014566 1.036737 -7.823195 0.000002 -0.000000 0.000004 -5.527907 -11.368561 -37.140858 -0.461066 1.797048 -6.319557 0.390964 -0.722890 4.641839 0.000001 0.000001 -0.000002 -1.551736 -4.149104 -31.629510 -0.552386 -2.439041 -7.110871 -0.224298 0.080293 -2.248164 -0.000000 -0.000001 0.000001 0.436025 0.866930 2.673977 -9.836266 -28.682806 39.780914 -1.473273 56.310217 1.777387 -26.773592 4.720945 -12.708226 -3.477195 1.977095 1.610628 9.176073 -33.739765 -2.889986 -0.446808 0.357553 -0.424068 0.000001 -0.000001 -0.000001 0.668327 8.616378 -15.308208 10.984272 -7.928685 59.345301 8.940978 -7.204887 52.114292 0.000001 0.000001 -0.000002 0.538924 10.708516 -1.397868 2.756757 -7.489133 37.087108 0.807671 -6.378577 26.965795 0.000001 0.000000 -0.000001 -1.137636 10.331778 15.077197 -0.362594 -3.928752 18.122382 -1.650247 -2.769285 11.580663 -0.000001 -0.000001 0.000001 -2.430779 8.133237 27.828711 0.455131 0.533381 -3.846975 -0.724656 -0.887400 6.962129 -0.000001 -0.000003 -0.000001 -70.589807 -2.515982 16.273216 66.491407 9.868676 -1.381153 -9.100022 0.470841 -5.571869 -1.832147 0.000006 0.000001 0.000000 0.000001 -0.000000 -23.556639 -5.110336 -27.789878 18.259961 -12.444480 -9.827468 29.140551 -7.420526 7.696703 -18.510948 -0.000005 0.000021 0.000000 -0.000004 -0.000005 
38.621365 85.290131 1.238877 14.941305 6.016636 -8.023670 41.382115 -5.920804 -1.353179 -2.252813 -1.200687 3.337458 -2.203220 -0.963978 3.449819 -10.110351 0.671226 -3.250998 -25.629725 0.207245 -4.415640 0.000001 -0.000000 0.000002 0.064608 -0.130567 7.993799 -28.015218 -4.684220 -24.414901 10.306026 -95.494084 10.358445 14.287664 19.764033 26.158018 6.265531 17.230754 5.108693 9.027009 3.881521 0.295077 0.549845 1.594919 -0.157235 0.000001 0.000007 0.000000 -1.977200 -7.574778 -22.068729 1.942974 3.666724 -16.634840 0.231862 0.555636 -2.600746 -0.000001 -0.000000 -0.000002 -3.824992 -11.941385 -26.308774 0.109773 2.309989 -7.811218 0.037543 1.314889 -9.052619 -0.000000 -0.000001 -0.000002 -4.900852 -13.005397 -32.207935 -0.346378 1.365069 -4.405968 0.385713 -0.710937 4.585309 0.000000 -0.000000 -0.000000 -1.552080 -5.216326 -27.574064 -0.314676 -3.103347 -4.266147 -0.146143 -0.086890 -1.516233 0.000001 0.000001 0.000001 0.398368 0.513246 1.872212 -12.372064 -27.453995 36.526308 -1.454879 55.979609 1.762192 -26.540623 4.482953 -12.639385 -3.761867 2.495273 1.657582 9.236289 -34.864656 -3.202969 -0.326003 -0.099126 -0.493151 0.000001 -0.000001 -0.000001 0.742454 8.838329 -15.927217 10.806029 -7.910333 58.582696 8.668980 -7.131531 50.899324 -0.000002 0.000001 0.000000 0.606596 10.884779 -1.978982 2.684860 -7.401409 36.548691 0.754018 -6.184419 26.138478 0.000001 0.000001 -0.000000 -1.082216 10.466172 14.520892 -0.366037 -3.874626 17.871180 -1.584452 -2.667826 11.205980 0.000000 0.000000 -0.000003 -2.386698 8.252604 27.276345 0.455142 0.533399 -3.846995 -0.721072 -0.879477 6.925843 -0.000001 0.000001 -0.000001 -71.107795 -2.163942 15.848648 67.401741 10.734339 -1.938706 -10.060315 0.361621 -4.194431 -2.326018 -0.000000 0.000002 -0.000000 -0.000002 -0.000000 -23.073938 -3.809497 -26.403899 24.403125 -12.777171 -9.723398 25.844329 -8.103932 8.981731 -17.408716 -0.008945 0.376038 -0.000003 0.000000 0.000000 
40.077141 85.448364 0.985659 15.368028 4.800746 -8.131387 40.470189 -5.598064 -1.791437 -2.056203 -1.096272 3.112584 -2.013454 -0.881234 3.211901 -10.186027 0.550385 -3.024601 -25.771581 -0.123900 -4.298747 0.000000 -0.000000 -0.000002 0.048721 0.170882 7.199354 -27.579720 -0.562587 -23.800899 13.934955 -94.087160 13.974482 14.302559 18.028395 24.352508 6.092824 17.277394 5.400446 8.055934 2.880685 -0.843190 0.064599 -0.281673 -0.441552 0.000001 -0.000000 -0.000001 -1.386875 -9.242513 -14.509192 2.259114 4.072948 -18.740378 0.518154 1.198220 -5.458963 -0.000001 0.000000 -0.000001 -2.855876 -13.597769 -19.898826 0.123195 2.410900 -8.260713 0.083153 1.730762 -10.896264 0.000001 -0.000000 -0.000000 -4.067186 -14.603395 -26.993999 -0.260408 1.074305 -3.107606 0.350971 -0.631047 4.208588 0.000000 0.000001 0.000000 -1.449276 -6.337047 -23.142721 -0.100586 -3.626244 -1.985107 -0.068951 -0.246774 -0.811926 0.000000 0.000001 -0.000002 0.348796 0.173109 0.912499 -14.955094 -25.690978 33.253678 -1.434058 55.598850 1.745101 -26.092031 4.407175 -12.573189 -4.192718 3.066339 1.426369 9.282829 -36.034914 -3.541498 -0.186067 -0.616244 -0.565906 -0.000001 -0.000003 0.000001 0.832059 9.096074 -16.553095 10.639397 -7.890993 57.868853 8.400087 -7.052934 49.691426 0.000000 -0.000000 0.000001 0.673717 11.073156 -2.516026 2.618429 -7.318837 36.045651 0.708835 -5.989910 25.323140 0.000001 0.000001 -0.000000 -1.036429 10.575965 14.069365 -0.368993 -3.824977 17.640881 -1.510572 -2.569320 10.845628 -0.000001 0.000003 -0.000000 -2.347718 8.320348 26.881488 0.455152 0.533396 -3.846970 -0.719395 -0.875738 6.908761 -0.000001 -0.000003 -0.000000 -71.574160 -1.897248 15.861219 67.937569 11.337456 -2.600910 -10.764607 0.393720 -2.799904 -2.788587 0.000005 0.000003 0.000000 0.000000 0.000000 -23.029410 -2.764992 -24.383456 30.364238 -12.205470 -9.628968 22.624141 -9.898652 10.275168 -17.517880 -0.087671 1.451122 -0.000000 -0.000002 -0.000000 
41.333790 85.659073 0.706560 15.847936 3.485964 -8.206588 39.346736 -5.161958 -2.349033 -1.875862 -0.978960 2.936819 -1.839729 -0.783462 3.021655 -10.256565 0.424907 -2.811184 -25.816478 -0.505891 -4.166266 0.000000 -0.000000 -0.000001 0.053050 0.376872 6.358876 -27.053471 3.485201 -23.425336 23.691488 -92.452088 23.715624 13.888709 15.307463 23.036498 5.951180 17.341172 5.658659 6.911055 1.441866 -1.974816 -0.427472 -2.081403 -0.679863 0.000002 -0.000002 -0.000001 -0.641244 -10.565135 -7.258815 2.779528 4.680058 -22.016886 0.919734 1.978432 -9.029815 -0.000001 0.000000 -0.000004 -1.745724 -14.870340 -13.727611 0.170106 2.724564 -9.661620 0.163166 2.273189 -13.313645 0.000000 -0.000000 0.000002 -3.115131 -15.937150 -22.009079 -0.223211 0.955501 -2.574446 0.283566 -0.471781 3.460874 0.000001 0.000000 0.000001 -1.260666 -7.326635 -18.981205 0.057170 -3.977336 -0.429504 -0.005429 -0.374692 -0.245277 0.000001 -0.000001 0.000001 0.290395 -0.135036 -0.122334 -17.493236 -23.458141 30.026591 -1.410829 55.165017 1.726099 -25.659197 4.486826 -12.525513 -4.767163 3.674708 0.880367 9.315425 -37.155782 -3.874319 -0.035489 -1.164510 -0.639623 -0.000001 0.000001 -0.000001 0.927190 9.354608 -17.200021 10.498510 -7.873044 57.264477 8.140772 -6.971238 48.519376 0.000001 0.000000 -0.000001 0.740363 11.252877 -3.030060 2.562340 -7.247929 35.616691 0.669950 -5.802184 24.540164 0.000001 -0.000001 -0.000001 -0.996281 10.658882 13.693179 -0.371327 -3.783191 17.447039 -1.435517 -2.476855 10.507359 0.000001 0.000001 -0.000001 -2.313033 8.348075 26.607765 0.455147 0.533396 -3.846951 -0.719392 -0.875745 6.908808 0.000002 0.000002 0.000002 -71.977360 -1.625706 16.129357 68.146799 11.675641 -3.344893 -11.246260 0.622209 -1.373430 -3.144942 -0.000012 0.000003 0.000000 -0.000001 -0.000000 -23.061307 -2.185683 -21.973166 35.406458 -11.638565 -9.518899 19.524731 -12.057371 11.095957 -17.186791 -0.217512 2.425610 -0.000001 -0.000004 -0.000001 
42.536137 85.858665 0.550282 16.305726 2.105379 -8.181518 38.158539 -4.646618 -3.029457 -1.756242 -0.847763 2.767345 -1.726797 -0.671714 2.837201 -10.316800 0.298336 -2.618572 -25.756637 -0.931366 -4.017265 -0.000001 -0.000000 0.000001 0.066370 0.499873 5.604714 -26.365241 7.339054 -23.356189 76.220219 -91.014921 76.225458 12.945670 11.587598 22.233799 5.836505 17.417064 5.885416 5.639466 -0.326602 -3.060304 -0.912130 -3.769187 -0.867261 0.000003 -0.000000 -0.000003 0.129375 -11.494409 -0.602536 3.508119 5.423898 -26.293324 1.437134 2.836903 -13.117377 -0.000000 0.000000 -0.000000 -0.650168 -15.666892 -8.142687 0.262172 3.229032 -11.927919 0.287435 2.910169 -16.177390 0.000001 -0.000001 0.000004 -2.175064 -16.846510 -17.661884 -0.240774 1.011123 -2.824213 0.188178 -0.235826 2.360950 -0.000000 -0.000000 0.000002 -1.040907 -8.056920 -15.570598 0.139788 -4.151547 0.350226 0.034685 -0.453866 0.107022 0.000001 -0.000000 0.000000 0.229355 -0.398996 -1.135562 -19.945906 -20.820442 26.889278 -1.383650 54.645253 1.704057 -25.363149 4.753079 -12.467018 -5.470742 4.299021 -0.002605 9.338611 -38.068736 -4.145317 0.109047 -1.686697 -0.708621 0.000001 0.000001 0.000000 1.020333 9.588923 -17.915689 10.395638 -7.858968 56.822669 7.899080 -6.889847 47.420330 -0.000002 0.000001 -0.000001 0.809876 11.412736 -3.571856 2.520473 -7.194287 35.293848 0.632925 -5.630349 23.813711 0.000001 0.000000 -0.000003 -0.955619 10.722536 13.337341 -0.372990 -3.751802 17.301486 -1.368386 -2.393423 10.197875 -0.000003 -0.000000 0.000004 -2.280938 8.356135 26.395218 0.455145 0.533393 -3.846930 -0.720362 -0.877882 6.918586 -0.000000 0.000001 0.000002 -72.288830 -1.305023 16.513649 68.339219 11.753314 -4.140848 -11.782394 1.093821 -0.006462 -3.431587 -0.000005 0.000004 0.000000 -0.000001 0.000000 -22.744774 -2.027373 -19.723150 39.410584 -11.439320 -8.855300 16.154417 -14.093304 11.230001 -16.493686 -0.378942 3.340999 0.000002 -0.000001 0.000003 
43.689301 86.144119 0.188017 16.687486 0.681041 -8.050171 37.021633 -4.046168 -3.798354 -1.717487 -0.700270 2.562018 -1.694870 -0.545835 2.616783 -10.359995 0.172118 -2.448436 -25.594040 -1.394129 -3.852211 0.000000 0.000001 -0.000001 0.076750 0.581552 5.024538 -25.459581 10.867821 -23.626937 153.560725 -92.212724 153.546846 11.479971 7.072361 21.789794 5.742619 17.497819 6.084448 4.322700 -2.270678 -4.054322 -1.372538 -5.307676 -1.002499 0.000003 0.000003 -0.000000 0.807348 -12.044164 5.216186 4.421207 6.215733 -31.270662 2.050010 3.702161 -17.452153 0.000001 -0.000001 0.000001 0.285437 -15.989405 -3.413925 0.410565 3.874281 -14.857082 0.458584 3.594643 -19.294166 0.000000 0.000000 0.000003 -1.376009 -17.256688 -14.227375 -0.303998 1.218699 -3.753567 0.075596 0.060911 0.989844 0.000000 -0.000001 0.000002 -0.849060 -8.465681 -13.194968 0.139788 -4.151559 0.350228 0.046202 -0.476399 0.207482 -0.000000 -0.000001 0.000001 0.172388 -0.617679 -2.050073 -22.310123 -17.832753 23.879378 -1.350546 53.993458 1.677345 -25.201641 5.259512 -12.330947 -6.277545 4.910975 -1.225112 9.362901 -38.567565 -4.277498 0.224028 -2.102183 -0.764676 -0.000003 -0.000001 0.000001 1.106578 9.783552 -18.766015 10.339573 -7.850972 56.581666 7.683695 -6.812912 46.434884 0.000000 0.000001 -0.000001 0.887709 11.548634 -4.207851 2.495275 -7.161661 35.098344 0.592684 -5.483582 23.168966 0.000001 -0.000002 0.000003 -0.907045 10.779774 12.933865 -0.373979 -3.732279 17.211008 -1.318257 -2.321505 9.922845 -0.000001 0.000004 0.000002 -2.248966 8.368262 26.172643 0.455146 0.533400 -3.846973 -0.721266 -0.879891 6.927755 -0.000003 0.000001 -0.000002 -72.417429 -0.911960 16.884463 68.045992 11.625508 -4.920452 -11.888409 1.838296 1.220093 -3.723590 -0.000001 0.000006 -0.000000 0.000002 0.000000 -22.124508 -2.247184 -17.456780 42.257185 -11.614890 -8.084612 12.672806 -15.725949 10.955253 -15.701925 -0.595725 4.357037 -0.000000 -0.000001 -0.000000 
44.734818 86.453018 -0.096491 16.964815 -0.773087 -7.800522 36.005632 -3.360631 -4.637950 -1.754353 -0.534064 2.290046 -1.738751 -0.405009 2.329601 -10.378635 0.046270 -2.298262 -25.339505 -1.888545 -3.672973 0.000000 0.000000 0.000000 0.076402 0.671270 4.652250 -24.313271 13.967659 -24.234466 167.150315 -94.422816 167.115891 9.569427 2.187057 21.461042 5.662199 17.574632 6.260203 3.066481 -4.218960 -4.909120 -1.791186 -6.659545 -1.088159 0.000002 0.000003 -0.000000 1.314024 -12.261058 10.023932 5.462623 6.965688 -36.569943 2.716947 4.507008 -21.736466 -0.000002 -0.000000 -0.000002 0.969821 -15.906857 0.293140 0.618026 4.593471 -18.173209 0.668814 4.274280 -22.441196 0.000000 -0.000001 0.000005 -0.803615 -17.176823 -11.837910 -0.394217 1.538228 -5.175214 -0.041104 0.393596 -0.532731 -0.000001 -0.000000 0.000002 -0.722293 -8.547282 -11.950325 0.139777 -4.151529 0.350229 0.028937 -0.442594 0.056818 0.000001 -0.000001 0.000002 0.124016 -0.799724 -2.806132 -24.597892 -14.540921 21.036452 -1.310396 53.175055 1.645291 -25.072748 6.044313 -12.037247 -7.151707 5.473039 -2.765284 9.399057 -38.426965 -4.186911 0.281721 -2.317152 -0.798548 0.000001 -0.000005 0.000001 1.181709 9.929262 -19.805361 10.333027 -7.850021 56.553522 7.500656 -6.744243 45.592746 0.000004 -0.000000 -0.000001 0.978460 11.658663 -4.995408 2.487094 -7.151022 35.034639 0.545437 -5.367892 22.623292 0.000001 -0.000003 -0.000001 -0.843698 10.841784 12.421176 -0.374368 -3.724564 17.175248 -1.291214 -2.262252 9.684784 -0.000000 -0.000001 -0.000000 -2.214003 8.404812 25.873376 0.455146 0.533399 -3.846997 -0.721126 -0.879589 6.926381 0.000002 0.000001 -0.000002 -72.320447 -0.547395 17.298931 67.616858 11.255068 -5.656451 -11.791657 2.873067 1.991108 -4.067977 -0.000014 0.000006 -0.000000 -0.000001 -0.000000 -20.881519 -2.878810 -15.227856 44.000762 -11.979055 -7.276679 8.950159 -16.771523 10.590931 -15.136230 -0.897548 5.536136 0.000002 -0.000001 0.000002 
45.549751 86.824020 -0.399094 17.138430 -2.235123 -7.403316 35.129060 -2.613459 -5.546937 -1.843108 -0.347871 1.937060 -1.834372 -0.248456 1.961019 -10.365909 -0.079846 -2.163625 -25.009846 -2.408944 -3.482655 0.000000 -0.000001 -0.000001 0.063063 0.800761 4.480686 -22.932765 16.599670 -25.146021 171.564161 -96.686491 171.509137 7.315097 -2.504836 21.048053 5.587771 17.637927 6.417013 1.979481 -6.012776 -5.582695 -2.151767 -7.791167 -1.130548 0.000003 0.000005 -0.000002 1.614796 -12.196343 13.736959 6.549928 7.605544 -41.791390 3.383642 5.202202 -25.694181 -0.000001 -0.000001 0.000003 1.379506 -15.515325 2.927702 0.873754 5.316501 -21.576771 0.900652 4.902213 -25.406483 0.000002 -0.000002 0.000003 -0.479337 -16.684875 -10.492956 -0.491104 1.920812 -6.864748 -0.150460 0.734251 -2.077052 0.000000 0.000000 -0.000000 -0.666902 -8.337413 -11.777103 0.139789 -4.151566 0.350240 -0.012918 -0.359759 -0.311490 0.000001 -0.000001 0.000002 0.085550 -0.956644 -3.385474 -26.813863 -10.991066 18.400904 -1.264086 52.190753 1.608775 -24.821707 7.088493 -11.526787 -8.049892 5.935759 -4.573947 9.443595 -37.434057 -3.804944 0.253862 -2.238079 -0.801732 -0.000001 -0.000001 -0.000001 1.239500 10.019094 -21.044052 10.369821 -7.855323 56.711710 7.349903 -6.685351 44.895680 0.000005 0.000002 -0.000001 1.082170 11.737898 -5.956447 2.493407 -7.159257 35.083796 0.490392 -5.282537 22.175194 -0.000000 -0.000000 -0.000001 -0.761235 10.911462 11.763660 -0.374271 -3.726532 17.184368 -1.287737 -2.214499 9.480011 -0.000004 0.000002 -0.000002 -2.172308 8.476727 25.450241 0.455143 0.533394 -3.846985 -0.719302 -0.875547 6.907865 -0.000000 -0.000004 -0.000001 -71.938728 -0.197694 17.690800 66.873283 10.743937 -6.315866 -11.538370 4.146003 2.590089 -4.462555 -0.000001 0.000004 0.000000 -0.000002 0.000000 -19.126814 -3.760011 -13.031186 44.892258 -12.364969 -6.471139 5.264492 -17.130645 10.362457 -15.134598 -1.259217 6.723186 0.000002 0.000003 0.000001 
46.269806 87.238403 -0.767042 17.235149 -3.692325 -6.851378 34.363399 -1.814054 -6.515037 -1.952881 -0.142330 1.504881 -1.950378 -0.076229 1.512545 -10.316977 -0.206792 -2.040239 -24.624401 -2.949237 -3.285311 0.000001 0.000000 -0.000000 0.039408 0.967469 4.472838 -21.335038 18.807293 -26.312076 173.630225 -98.810100 173.556063 4.836840 -6.449487 20.491841 5.512749 17.678671 6.558203 1.146513 -7.529867 -6.050290 -2.441026 -8.676357 -1.138997 0.000003 0.000001 -0.000000 1.711384 -11.892530 16.365138 7.590219 8.101071 -46.568500 3.995468 5.762557 -29.110106 0.000001 -0.000002 0.000000 1.545238 -14.907417 4.543720 1.153818 5.982212 -24.787593 1.131510 5.443982 -28.019268 0.000001 0.000002 0.000000 -0.368035 -15.903622 -10.085340 -0.578954 2.317060 -8.601969 -0.244813 1.056860 -3.527578 0.000000 0.000001 -0.000001 -0.665039 -7.899347 -12.504143 0.136596 -4.144943 0.320531 -0.071976 -0.240589 -0.839277 -0.000000 -0.000002 0.000000 0.055904 -1.093332 -3.807178 -28.939474 -7.241989 16.006980 -1.214661 51.089835 1.570342 -24.293504 8.297979 -10.792466 -8.924703 6.235494 -6.575547 9.462400 -35.417294 -3.100792 0.115555 -1.785163 -0.768314 0.000000 0.000000 0.000001 1.269718 10.044622 -22.425237 10.432964 -7.864177 56.982998 7.222620 -6.633993 44.304661 0.000003 0.000000 -0.000001 1.191496 11.774843 -7.058802 2.508280 -7.178528 35.199291 0.430386 -5.217881 21.796232 0.000002 -0.000002 -0.000002 -0.659486 10.979297 10.965170 -0.373914 -3.733679 17.217512 -1.301368 -2.174048 9.295757 0.000001 0.000001 0.000000 -2.119791 8.581793 24.885536 0.455138 0.533392 -3.846979 -0.715637 -0.867449 6.870952 -0.000002 -0.000001 -0.000002 -71.356912 0.184612 17.927717 65.889189 10.204873 -6.891450 -11.159561 5.595539 3.096731 -4.872117 0.000009 0.000003 0.000000 0.000001 0.000000 -16.936403 -4.678407 -10.992484 45.012535 -12.568316 -5.699329 2.195594 -16.788047 10.592029 -15.954810 -1.581120 7.637535 0.000001 0.000002 0.000000 
46.962799 87.686646 -1.261228 17.303654 -5.141261 -6.170793 33.643709 -0.952693 -7.508651 -2.057605 0.079650 1.008274 -2.059976 0.110152 0.998770 -10.230575 -0.334579 -1.925491 -24.201199 -3.502876 -3.085521 0.000000 -0.000000 -0.000001 0.011853 1.135168 4.582119 -19.524731 20.701648 -27.679000 174.770034 -100.680581 174.678960 2.304100 -9.249937 19.890283 5.432531 17.689369 6.685384 0.605095 -8.697169 -6.315391 -2.650263 -9.300074 -1.124734 0.000002 0.000004 0.000002 1.633544 -11.390209 18.000624 8.499198 8.451195 -50.611657 4.509435 6.184510 -31.852580 0.000002 -0.000002 0.000000 1.527652 -14.161842 5.275001 1.426974 6.545982 -27.577194 1.339561 5.880515 -30.167467 0.000002 0.000000 0.000000 -0.405231 -14.974775 -10.438746 -0.649188 2.684018 -10.201034 -0.320701 1.341207 -4.797309 -0.000002 -0.000001 0.000004 -0.689316 -7.311925 -13.897645 0.125257 -4.121340 0.214619 -0.139428 -0.100983 -1.454337 0.000002 0.000001 0.000001 0.033284 -1.201958 -4.117704 -30.927520 -3.371944 13.876526 -1.166581 49.966532 1.533582 -23.377514 9.526188 -9.889418 -9.728669 6.295223 -8.674123 9.384187 -32.273901 -2.093108 -0.150537 -0.905907 -0.696368 -0.000001 -0.000001 0.000001 1.258135 9.993113 -23.817756 10.494353 -7.872481 57.246588 7.100468 -6.583256 43.735211 -0.000001 0.000001 -0.000000 1.291004 11.750194 -8.210345 2.522153 -7.196439 35.306761 0.371000 -5.155239 21.427599 -0.000000 -0.000004 0.000003 -0.543570 11.022912 10.073356 -0.373638 -3.739158 17.242860 -1.319562 -2.133648 9.109095 0.000001 -0.000002 0.000002 -2.052811 8.704570 24.193819 0.455142 0.533394 -3.846973 -0.710592 -0.856297 6.819990 -0.000000 -0.000000 -0.000001 -70.668081 0.598948 17.968927 64.667650 9.707598 -7.389332 -10.620037 7.162737 3.567956 -5.255714 -0.000004 0.000003 -0.000000 -0.000002 -0.000000 -14.615563 -5.441514 -9.147515 44.685696 -12.541444 -4.974043 0.195327 -15.823366 11.425990 -17.605870 -1.762377 8.106114 0.000002 0.000001 -0.000002 
47.600399 88.122086 -1.774549 17.406399 -6.573821 -5.404368 32.886982 -0.021650 -8.476206 -2.144040 0.312977 0.471063 -2.149416 0.307411 0.443546 -10.109720 -0.462438 -1.819100 -23.753996 -4.063128 -2.887978 0.000000 -0.000000 -0.000001 -0.011053 1.251279 4.758781 -17.484314 22.418933 -29.196549 175.456263 -102.242003 175.351105 -0.057703 -10.750517 19.433700 5.345444 17.665540 6.797930 0.335618 -9.494946 -6.413876 -2.776569 -9.662520 -1.099078 0.000000 0.000003 0.000002 1.434086 -10.746587 18.796249 9.217374 8.677620 -53.739478 4.901853 6.480021 -33.880819 0.000001 0.000001 0.000000 1.396003 -13.351292 5.302935 1.663088 6.982872 -29.792049 1.508882 6.207184 -31.803782 0.000003 0.000001 0.000001 -0.526817 -14.033816 -11.347041 -0.699728 2.990287 -11.529720 -0.377977 1.574561 -5.833696 0.000000 0.000001 -0.000001 -0.716856 -6.657924 -15.708691 0.118160 -4.106515 0.148155 -0.206780 0.042355 -2.082415 0.000001 -0.000003 0.000002 0.016153 -1.263675 -4.384014 -32.709062 0.525800 12.018248 -1.124531 48.939910 1.501928 -22.040240 10.631913 -8.915649 -10.417334 6.030415 -10.762397 9.113631 -28.002643 -0.844835 -0.549881 0.412549 -0.588852 0.000002 -0.000003 0.000001 1.188583 9.845093 -25.024165 10.516327 -7.875390 57.340934 6.956578 -6.521635 43.061413 0.000001 0.000000 -0.000001 1.358599 11.637538 -9.265034 2.522319 -7.196659 35.308035 0.318460 -5.068482 20.982613 0.000001 -0.000000 -0.000000 -0.424019 11.009472 9.175733 -0.373892 -3.734038 17.219206 -1.326388 -2.083359 8.887136 -0.000001 -0.000001 0.000001 -1.969415 8.818780 23.419271 0.455140 0.533392 -3.846976 -0.705025 -0.844045 6.764000 -0.000001 0.000000 -0.000002 -69.973014 0.977276 17.895622 63.392741 9.239869 -7.832428 -10.040578 8.793209 3.952059 -5.585070 0.000002 0.000009 -0.000000 0.000000 -0.000000 -12.313067 -6.000704 -7.447332 44.131649 -12.376136 -4.302430 -0.585246 -14.358251 12.837152 -19.730140 -1.786813 8.181820 0.000000 -0.000002 0.000001 
48.217709 88.560631 -2.431216 17.603843 -7.985173 -4.601109 32.015996 0.987639 -9.365719 -2.213287 0.551061 -0.077588 -2.219473 0.510899 -0.123662 -9.961987 -0.588896 -1.722846 -23.290441 -4.623552 -2.696908 0.000001 0.000000 -0.000000 -0.021260 1.272354 4.948454 -15.185201 24.069822 -30.820085 175.892917 -103.493540 175.776394 -2.021945 -11.035158 19.292544 5.253458 17.606705 6.892708 0.276297 -9.938633 -6.400487 -2.823603 -9.781756 -1.071768 0.000000 0.000001 -0.000001 1.183107 -10.053896 18.940036 9.718655 8.810780 -55.894730 5.170438 6.670055 -35.240371 0.000002 -0.000001 -0.000001 1.214385 -12.558496 4.825343 1.841061 7.287361 -31.366496 1.632264 6.431559 -32.943321 -0.000001 0.000001 0.000000 -0.687238 -13.192093 -12.605996 -0.732719 3.218867 -12.518283 -0.418519 1.751896 -6.618349 -0.000003 0.000003 -0.000003 -0.737177 -6.013080 -17.710730 0.111600 -4.092809 0.086696 -0.267123 0.174359 -2.657878 0.000003 -0.000003 0.000002 0.003503 -1.258507 -4.674500 -34.211417 4.359228 10.431539 -1.092343 48.124041 1.478058 -20.346703 11.546984 -7.974429 -10.949673 5.359288 -12.732072 8.562648 -22.737222 0.555058 -1.072836 2.134584 -0.453474 -0.000001 -0.000001 0.000000 1.047013 9.573384 -25.802134 10.455036 -7.867195 57.077808 6.758475 -6.433526 42.128306 -0.000004 0.000003 -0.000001 1.369734 11.405561 -10.039296 2.494170 -7.160227 35.089725 0.277383 -4.927987 20.354623 0.000001 0.000000 0.000001 -0.315388 10.900617 8.389100 -0.375163 -3.708198 17.099454 -1.306030 -2.011840 8.589502 0.000001 0.000001 0.000000 -1.870315 8.891653 22.628857 0.455147 0.533401 -3.846977 -0.700143 -0.833333 6.714942 -0.000002 -0.000000 0.000000 -69.351863 1.315127 17.724361 61.916730 8.838454 -8.236374 -9.295231 10.449590 4.325712 -5.849445 0.000007 0.000002 -0.000000 -0.000001 -0.000000 -10.356308 -6.310571 -5.838021 43.613784 -12.253805 -3.676254 -0.131850 -12.505843 14.665989 -21.698883 -1.715934 8.056907 0.000002 0.000000 -0.000001 
48.684502 88.969048 -3.136382 17.939529 -9.361705 -3.802134 30.980915 2.071483 -10.135856 -2.275243 0.786988 -0.607048 -2.279979 0.715545 -0.671678 -9.798761 -0.712077 -1.639769 -22.812048 -5.178407 -2.515727 -0.000000 -0.000000 0.000000 -0.014376 1.185334 5.098040 -12.615032 25.703387 -32.510065 176.184156 -104.478166 176.058713 -3.444822 -10.358895 19.525170 5.162181 17.517043 6.964378 0.373643 -9.993041 -6.302785 -2.801535 -9.694446 -1.049867 0.000004 -0.000002 -0.000001 0.955963 -9.442025 18.631223 10.010291 8.879101 -57.139686 5.331685 6.779594 -36.046282 -0.000002 -0.000001 0.000000 1.033173 -11.884208 4.032653 1.953040 7.469449 -32.321459 1.711366 6.570029 -33.653431 0.000000 -0.000000 0.000003 -0.863202 -12.528633 -14.033311 -0.751941 3.366808 -13.156819 -0.445201 1.875093 -7.162049 0.000002 0.000000 -0.000000 -0.752452 -5.438145 -19.720856 0.103644 -4.076084 0.011784 -0.315764 0.283363 -3.131065 -0.000001 0.000000 0.000000 -0.005485 -1.179462 -5.047979 -35.381889 8.058240 9.112933 -1.072189 47.599742 1.463272 -18.465673 12.318780 -7.143635 -11.285662 4.215950 -14.482697 7.688262 -16.767592 2.011136 -1.693726 4.175189 -0.301464 -0.000001 -0.000001 0.000001 0.827396 9.144054 -25.898344 10.265990 -7.840095 56.265213 6.473308 -6.299795 40.773279 -0.000000 0.000001 -0.000004 1.304065 11.021291 -10.338089 2.423496 -7.067505 34.536746 0.249684 -4.705540 19.431139 0.000001 0.000001 0.000001 -0.232807 10.658128 7.842904 -0.377753 -3.651370 16.836047 -1.246235 -1.908200 8.173331 -0.000001 -0.000000 -0.000001 -1.759012 8.889314 21.902521 0.455144 0.533397 -3.846980 -0.697223 -0.826929 6.685641 -0.000000 -0.000001 0.000001 -68.857254 1.525085 17.616479 60.351941 8.434978 -8.625332 -8.446771 12.117545 4.584438 -6.051817 0.000007 0.000008 -0.000000 0.000001 -0.000000 -8.651488 -6.494045 -4.167498 43.072027 -12.300766 -3.087878 1.214348 -10.396057 16.631009 -22.866727 -1.618411 7.904706 0.000000 0.000002 -0.000002 
49.208508 89.318855 -3.864902 18.427758 -10.690271 -3.023875 29.771333 3.217716 -10.778223 -2.338197 1.014876 -1.090015 -2.339471 0.916990 -1.172441 -9.633637 -0.830138 -1.572795 -22.315683 -5.723020 -2.346823 0.000000 0.000000 -0.000001 0.008037 1.014856 5.162010 -9.804535 27.300664 -34.234028 176.390359 -105.264765 176.257731 -4.318296 -9.058213 20.060313 5.080143 17.405202 7.006144 0.455233 -10.020587 -6.279168 -2.726167 -9.452907 -1.037290 0.000001 0.000003 -0.000002 0.815603 -9.056340 18.060687 10.125341 8.904267 -57.629229 5.414130 6.834330 -36.455459 0.000002 -0.000001 -0.000001 0.883655 -11.435821 3.093118 2.003934 7.549961 -32.747151 1.754610 6.644081 -34.035434 -0.000002 0.000001 0.000001 -1.047902 -12.089859 -15.478117 -0.761108 3.442395 -13.482848 -0.461037 1.951005 -7.496465 -0.000005 -0.000002 0.000001 -0.772959 -4.975124 -21.605348 0.095327 -4.058591 -0.066601 -0.350193 0.362060 -3.471468 0.000000 0.000000 0.000004 -0.012071 -1.043692 -5.537344 -36.209876 11.589751 8.062189 -1.064626 47.399785 1.457767 -16.645209 13.104269 -6.465996 -11.383342 2.564961 -15.929063 6.521738 -10.527059 3.431568 -2.373962 6.409612 -0.145565 -0.000002 -0.000003 -0.000001 0.539058 8.522156 -25.096096 9.912376 -7.782118 54.740606 6.075588 -6.099226 38.857967 -0.000001 0.000001 -0.000001 1.154126 10.455454 -9.991414 2.299885 -6.900701 33.552314 0.234905 -4.380843 18.115356 0.000001 0.000001 0.000000 -0.186635 10.251345 7.655892 -0.381562 -3.554920 16.389232 -1.141006 -1.764658 7.601309 0.000001 0.000001 -0.000001 -1.640652 8.782986 21.319882 0.455140 0.533384 -3.846929 -0.697409 -0.827342 6.687524 0.000000 -0.000000 -0.000001 -68.574587 1.673301 17.474337 58.823973 8.077263 -9.019697 -7.636413 13.780771 4.873587 -6.202374 -0.000006 0.000007 0.000000 -0.000001 0.000000 -7.055736 -6.550924 -2.522497 42.272246 -12.478556 -2.522601 3.241980 -8.141277 18.660017 -22.758341 -1.512901 7.761747 0.000001 -0.000001 -0.000000 
49.643139 89.586464 -4.537971 19.051513 -11.956828 -2.269602 28.414251 4.413693 -11.305129 -2.399123 1.230720 -1.507712 -2.395371 1.112307 -1.606249 -9.480285 -0.941672 -1.523493 -21.796052 -6.253821 -2.191499 0.000001 0.000000 -0.000000 0.038525 0.814647 5.116000 -6.837211 28.794069 -35.972192 176.548697 -105.928010 176.410030 -4.761130 -7.475982 20.748400 5.017466 17.283174 7.011219 0.496832 -10.016980 -6.324473 -2.617135 -9.119460 -1.035029 0.000002 -0.000001 -0.000000 0.797203 -9.013678 17.397740 10.111266 8.901237 -57.569383 5.449812 6.857745 -36.631951 0.000002 -0.000000 0.000000 0.777530 -11.296042 2.146078 2.007228 7.555138 -32.774612 1.773583 6.676200 -34.201602 0.000003 -0.000002 0.000002 -1.241905 -11.891909 -16.824241 -0.763294 3.460890 -13.562527 -0.468835 1.989265 -7.664797 -0.000006 -0.000001 0.000002 -0.810741 -4.646807 -23.275439 0.089747 -4.046787 -0.119329 -0.369852 0.407577 -3.667984 -0.000000 0.000000 -0.000002 -0.018952 -0.894305 -6.145426 -36.739806 14.957710 7.287542 -1.068901 47.512855 1.460889 -15.150157 14.115051 -5.950308 -11.198560 0.415409 -17.006389 5.176910 -4.533181 4.726795 -3.067516 8.691117 0.002627 0.000000 -0.000001 0.000000 0.212391 7.682190 -23.270448 9.375337 -7.675515 52.411580 5.556079 -5.811282 36.305802 -0.000000 0.000001 0.000004 0.932974 9.690140 -8.896301 2.120616 -6.647435 32.082068 0.231545 -3.947604 16.352110 0.000000 -0.000000 0.000001 -0.176958 9.664757 7.909118 -0.385770 -3.414050 15.736956 -0.992168 -1.578872 6.852136 0.000001 0.000000 0.000001 -1.519996 8.555270 20.944831 0.455142 0.533394 -3.846991 -0.701465 -0.836244 6.728228 -0.000001 -0.000000 -0.000001 -68.494783 1.699095 17.422242 57.438414 7.685402 -9.427539 -6.907114 15.461499 5.085942 -6.312704 -0.000004 0.000000 -0.000000 -0.000002 -0.000000 -5.293934 -6.593214 -0.807065 40.978444 -12.654979 -1.960063 5.558450 -5.883418 20.539542 -21.093993 -1.340800 7.442859 0.000002 -0.000003 -0.000000 
50.043236 89.835793 -5.369142 19.769419 -13.157906 -1.524739 26.960119 5.652923 -11.752909 -2.439918 1.432570 -1.853782 -2.430057 1.300022 -1.965695 -9.349905 -1.046014 -1.491162 -21.248797 -6.768235 -2.050156 0.000001 -0.000000 -0.000001 0.066895 0.648234 4.969909 -3.833708 30.099418 -37.724805 176.682336 -106.533343 176.538165 -4.960156 -5.909230 21.431083 4.984284 17.165170 6.974115 0.511776 -9.938481 -6.399449 -2.496199 -8.759744 -1.041503 0.000002 0.000004 0.000001 0.902980 -9.356416 16.781819 10.018515 8.880939 -57.174680 5.466731 6.868799 -36.715552 -0.000000 -0.000000 -0.000000 0.712612 -11.489333 1.299918 1.979838 7.512026 -32.546234 1.779548 6.686228 -34.253576 -0.000001 -0.000001 -0.000000 -1.444815 -11.921857 -17.989767 -0.760842 3.440077 -13.472897 -0.471063 2.000267 -7.713233 -0.000001 0.000003 0.000001 -0.874273 -4.458093 -24.679801 0.089790 -4.046869 -0.118922 -0.375781 0.421370 -3.727460 0.000001 -0.000004 0.000001 -0.031313 -0.790430 -6.845458 -37.069933 18.186523 6.809682 -1.083819 47.903218 1.471788 -14.174860 15.535332 -5.566363 -10.689293 -2.167700 -17.672390 3.830397 0.711156 5.807619 -3.727960 10.871151 0.134510 0.000001 -0.000005 0.000001 -0.101446 6.622878 -20.434186 8.663230 -7.498873 49.291607 4.928656 -5.421209 33.134935 -0.000000 0.000000 0.000002 0.676299 8.728685 -7.052201 1.893314 -6.304853 30.135607 0.238026 -3.417343 14.150814 0.000001 0.000000 -0.000005 -0.191096 8.905091 8.622808 -0.388842 -3.229702 14.883843 -0.809415 -1.355827 5.929790 0.000000 0.000000 -0.000001 -1.399710 8.205311 20.811913 0.455130 0.533397 -3.846882 -0.709582 -0.854102 6.809828 -0.000000 -0.000001 0.000001 -68.514085 1.672049 17.396080 55.828235 7.300573 -9.831338 -5.999419 17.197301 5.316283 -6.392099 0.000009 0.000004 0.000000 -0.000002 -0.000000 -3.535114 -6.632570 0.920547 39.317178 -12.640173 -1.369923 8.007043 -3.731169 22.192816 -17.709273 -0.975271 6.464800 0.000001 0.000001 0.000001 
50.483868 90.056885 -6.305225 20.530428 -14.285989 -0.756734 25.466546 6.917812 -12.167805 -2.432350 1.619946 -2.135108 -2.415818 1.479481 -2.256676 -9.248887 -1.143356 -1.472533 -20.673415 -7.264316 -1.922603 0.000000 0.000000 0.000001 0.084501 0.568441 4.763331 -0.917179 31.145775 -39.514519 176.804706 -107.127726 176.655111 -5.094442 -4.573596 21.984627 4.989411 17.065989 6.891815 0.519429 -9.772749 -6.467784 -2.384803 -8.436054 -1.053440 0.000002 -0.000003 -0.000000 1.108385 -10.029428 16.317163 9.892184 8.852223 -56.636280 5.484254 6.880222 -36.802094 -0.000000 -0.000000 0.000000 0.682011 -11.966941 0.631719 1.937820 7.445074 -32.193024 1.781215 6.689044 -34.268189 0.000002 -0.000000 0.000000 -1.650032 -12.139638 -18.924569 -0.755683 3.397230 -13.288141 -0.469758 1.993803 -7.684823 -0.000002 0.000001 -0.000000 -0.965200 -4.398579 -25.796861 0.096339 -4.060714 -0.057018 -0.370203 0.408391 -3.671499 0.000002 -0.000003 0.000002 -0.056742 -0.789231 -7.593575 -37.335228 21.296475 6.662109 -1.108505 48.536588 1.490020 -13.769786 17.446876 -5.240023 -9.824542 -5.060300 -17.906091 2.671271 4.831835 6.596831 -4.314012 12.816545 0.245453 -0.000000 0.000001 -0.000001 -0.341631 5.380131 -16.757167 7.815932 -7.233968 45.518863 4.231140 -4.927363 29.472037 0.000000 0.000001 -0.000002 0.434781 7.604272 -4.575394 1.635713 -5.882801 27.797004 0.252601 -2.818672 11.596442 -0.000000 0.000000 -0.000002 -0.206751 8.005174 9.745821 -0.388902 -3.009672 13.865780 -0.608447 -1.107263 4.868554 -0.000000 -0.000001 0.000002 -1.280081 7.750795 20.919177 0.455143 0.533398 -3.846975 -0.721307 -0.879986 6.928193 -0.000000 0.000000 -0.000001 -68.582940 1.634120 17.318167 54.068252 6.929314 -10.218807 -5.002147 18.999462 5.600947 -6.446353 0.000010 0.000003 0.000000 -0.000002 -0.000000 -1.626944 -6.669789 2.545819 37.134215 -12.215455 -0.744074 10.531778 -1.757522 23.674851 -12.727749 -0.417481 4.299304 0.000001 0.000000 -0.000003 
50.906433 90.230591 -7.269420 21.286771 -15.337374 0.064300 23.985949 8.188044 -12.586855 -2.350321 1.793002 -2.368924 -2.326833 1.650030 -2.495792 -9.177358 -1.234599 -1.462269 -20.075029 -7.740281 -1.808302 0.000000 -0.000000 -0.000001 0.086729 0.604324 4.558653 1.823290 31.895037 -41.376972 176.921598 -107.735763 176.766443 -5.272737 -3.582979 22.331514 5.039148 16.999106 6.764551 0.515533 -9.595502 -6.527737 -2.301987 -8.200908 -1.066568 0.000001 0.000005 -0.000002 1.373672 -10.894984 16.068240 9.767371 8.822635 -56.103088 5.511967 6.898206 -36.938780 -0.000002 -0.000001 0.000001 0.680606 -12.619542 0.186963 1.893955 7.374234 -31.820752 1.783953 6.693661 -34.292061 0.000002 -0.000000 0.000000 -1.843852 -12.484303 -19.606553 -0.749468 3.347021 -13.071492 -0.466572 1.978130 -7.615805 0.000000 -0.000003 0.000001 -1.077816 -4.446146 -26.628112 0.107779 -4.084798 0.050847 -0.356265 0.376084 -3.532104 0.000003 0.000002 0.000001 -0.102807 -0.927173 -8.348192 -37.678957 24.284251 6.885448 -1.143125 49.399316 1.515858 -13.822266 19.786435 -4.873559 -8.596289 -8.087424 -17.706301 1.833276 7.674901 7.058985 -4.793521 14.421179 0.334637 -0.000000 -0.000001 0.000000 -0.457904 4.031980 -12.551001 6.900899 -6.876844 41.348179 3.518216 -4.347690 25.540994 -0.000000 0.000001 0.000001 0.257840 6.383534 -1.687799 1.371970 -5.405310 25.220262 0.272699 -2.192203 8.843418 0.000000 -0.000000 -0.000001 -0.200496 7.022897 11.160894 -0.384471 -2.768131 12.748214 -0.407663 -0.849701 3.730961 -0.000000 -0.000002 0.000001 -1.160462 7.226137 21.228911 0.455142 0.533392 -3.846980 -0.735640 -0.911837 7.073713 -0.000001 -0.000001 -0.000000 -68.658837 1.568868 17.192715 52.286901 6.537148 -10.570162 -3.992663 20.859910 5.875778 -6.478805 -0.000006 0.000007 -0.000000 0.000001 0.000000 0.614371 -6.717549 4.044727 34.243748 -11.246626 -0.084947 13.130759 -0.015411 24.958633 -7.282758 -0.033990 1.242244 0.000002 0.000001 -0.000001 
51.358727 90.358887 -8.259254 22.001892 -16.315719 0.960099 22.563185 9.438348 -13.033127 -2.182931 1.951771 -2.577266 -2.152445 1.810406 -2.704979 -9.128480 -1.321058 -1.454137 -19.465132 -8.194099 -1.706677 0.000000 -0.000000 -0.000001 0.072602 0.760050 4.413597 4.354044 32.348541 -43.340808 177.033722 -108.359838 176.872844 -5.506007 -2.948366 22.436989 5.136137 16.974897 6.596172 0.511826 -9.427531 -6.564804 -2.261833 -8.091143 -1.076803 0.000000 0.000001 0.000001 1.654304 -11.777460 16.055743 9.667114 8.797986 -55.674057 5.550958 6.923301 -37.130544 -0.000001 -0.000001 -0.000001 0.705636 -13.310405 -0.021140 1.856919 7.313553 -31.503267 1.789897 6.703630 -34.343813 -0.000001 0.000000 -0.000000 -2.009010 -12.884888 -20.037873 -0.743527 3.300438 -12.870452 -0.462767 1.959453 -7.533649 -0.000001 0.000001 0.000001 -1.200759 -4.570898 -27.192482 0.120886 -4.112233 0.173770 -0.337522 0.332968 -3.345720 -0.000001 0.000001 0.000006 -0.173598 -1.208068 -9.076013 -38.220496 27.118795 7.515313 -1.189246 50.503064 1.550834 -14.098532 22.354938 -4.397783 -7.032782 -11.041832 -17.092738 1.344005 9.338115 7.229606 -5.145467 15.613474 0.403938 -0.000000 -0.000001 -0.000001 -0.432446 2.690602 -8.228016 6.001297 -6.447432 37.120746 2.849146 -3.722535 21.631305 0.000001 -0.000000 -0.000002 0.174823 5.161729 1.314363 1.126965 -4.909495 22.611222 0.294814 -1.583876 6.095249 0.000002 -0.000001 -0.000000 -0.158124 6.035346 12.702468 -0.375203 -2.524136 11.618959 -0.224262 -0.601664 2.600113 0.000001 0.000000 -0.000001 -1.041926 6.678197 21.675175 0.455144 0.533392 -3.846979 -0.751279 -0.946842 7.233193 -0.000000 -0.000002 -0.000001 -68.708124 1.499002 16.945283 50.507118 6.148928 -10.855968 -2.995736 22.736002 6.163050 -6.493751 0.000017 0.000006 0.000000 0.000001 -0.000000 3.157807 -6.745727 5.350524 30.644306 -9.708380 0.593853 15.876455 1.473457 26.024561 -5.023645 0.000007 0.000011 -0.000001 0.000000 -0.000002 
51.944771 90.464294 -9.320887 22.650874 -17.224868 1.939628 21.239909 10.629947 -13.510906 -1.941879 2.095761 -2.780759 -1.904376 1.958509 -2.905487 -9.089218 -1.403986 -1.442584 -18.860790 -8.623294 -1.617393 0.000000 -0.000000 -0.000000 0.042854 1.023885 4.360546 6.695795 32.540657 -45.407033 177.138607 -108.983154 176.972032 -5.721014 -2.599193 22.306629 5.278562 16.998990 6.394317 0.510132 -9.298251 -6.579037 -2.271397 -8.123796 -1.080929 0.000001 -0.000002 -0.000002 1.907995 -12.517399 16.256064 9.602618 8.781707 -55.397629 5.595948 6.952069 -37.351518 0.000000 0.000000 -0.000000 0.753056 -13.913920 -0.011849 1.831165 7.270922 -31.280757 1.798554 6.718156 -34.419154 0.000000 -0.000000 0.000001 -2.130392 -13.272964 -20.241679 -0.738824 3.264355 -12.714683 -0.459139 1.941827 -7.455992 0.000001 -0.000001 0.000003 -1.319853 -4.739251 -27.521499 0.132270 -4.135944 0.280160 -0.317479 0.287263 -3.147944 -0.000001 0.000001 -0.000002 -0.267383 -1.602384 -9.762598 -39.030146 29.754278 8.566788 -1.249643 51.874675 1.597466 -14.316570 24.876679 -3.821922 -5.210406 -13.709271 -16.111363 1.240664 9.795447 7.094017 -5.360228 16.358576 0.456749 0.000001 -0.000008 -0.000000 -0.292112 1.483324 -4.249264 5.200423 -5.992734 33.220968 2.275157 -3.110941 18.057427 -0.000000 -0.000001 0.000004 0.182935 4.049735 4.099383 0.920982 -4.441693 20.202760 0.315303 -1.038976 3.576934 0.000003 -0.000001 0.000001 -0.081682 5.129437 14.179746 -0.362383 -2.299310 10.577754 -0.071199 -0.381315 1.568405 0.000000 -0.000000 0.000000 -0.929234 6.159955 22.174402 0.455142 0.533400 -3.846971 -0.766744 -0.981707 7.391953 0.000000 0.000001 0.000002 -68.686049 1.465733 16.474771 48.640666 5.817718 -11.053330 -1.964410 24.560927 6.526206 -6.500230 0.000008 0.000002 -0.000000 0.000004 0.000001 5.753438 -6.745622 6.451161 26.589978 -7.712186 1.156873 18.797017 2.706173 26.884176 -4.994787 0.000002 0.000014 0.000002 -0.000000 0.000000 
52.629074 90.512512 -10.369607 23.214882 -18.068758 2.983013 20.056562 11.718880 -13.994627 -1.658851 2.223850 -2.994124 -1.614124 2.091557 -3.113227 -9.042443 -1.484112 -1.424387 -18.282728 -9.024996 -1.540624 -0.000000 0.000000 0.000000 -0.001413 1.380081 4.395977 8.903701 32.522998 -47.539589 177.232276 -109.574853 177.060237 -5.805873 -2.422751 21.986625 5.459813 17.071298 6.170124 0.504831 -9.236561 -6.581029 -2.329883 -8.294733 -1.077251 0.000003 -0.000001 -0.000000 2.100018 -13.010885 16.607185 9.574651 8.774559 -55.277667 5.638094 6.978782 -37.557933 0.000003 0.000000 -0.000000 0.814102 -14.343310 0.166051 1.817568 7.248274 -31.162776 1.807717 6.733425 -34.498452 0.000000 -0.000000 0.000001 -2.200040 -13.592641 -20.258882 -0.735789 3.241590 -12.616417 -0.456090 1.927091 -7.391143 -0.000002 -0.000001 0.000001 -1.421099 -4.917042 -27.655892 0.139778 -4.151540 0.350233 -0.299195 0.245999 -2.969126 0.000001 0.000001 0.000001 -0.376615 -2.056584 -10.404674 -40.120251 32.151726 10.021147 -1.328026 53.538680 1.659320 -14.213928 27.080546 -3.240148 -3.258949 -15.895225 -14.839933 1.251906 9.842382 6.941699 -5.438190 16.655584 0.496377 -0.000002 -0.000005 0.000001 -0.103593 0.530015 -1.068336 4.568051 -5.579804 30.027660 1.831769 -2.580851 15.118134 0.000000 -0.000001 0.000001 0.247749 3.157100 6.341096 0.766678 -4.051067 18.225923 0.331290 -0.598114 1.505238 0.000000 -0.000000 0.000004 0.009980 4.390945 15.401344 -0.348827 -2.115115 9.723732 0.043976 -0.204771 0.725312 -0.000001 -0.000001 -0.000003 -0.831491 5.724607 22.637156 0.455138 0.533380 -3.846996 -0.780641 -1.013273 7.535553 -0.000001 -0.000003 0.000003 -68.655818 1.432119 15.795659 46.929834 5.534922 -11.124570 -1.014048 26.228881 6.883538 -6.514353 -0.000000 0.000003 0.000000 0.000001 0.000000 8.435065 -6.692852 7.401715 22.093266 -5.482361 1.555098 21.878788 3.676257 27.426404 -5.458787 -0.000008 0.000011 0.000003 -0.000000 -0.000003 
53.118782 90.552849 -11.626933 23.675813 -18.856170 4.036101 19.051045 12.671431 -14.428559 -1.374495 2.334601 -3.224556 -1.322191 2.206613 -3.336890 -8.969788 -1.561223 -1.400051 -17.752852 -9.396264 -1.477402 -0.000000 0.000000 0.000001 -0.058644 1.814986 4.482519 11.038667 32.347848 -49.672561 177.310550 -110.097581 177.133716 -5.667913 -2.309741 21.558483 5.668788 17.186095 5.937365 0.489247 -9.257555 -6.583587 -2.429438 -8.581076 -1.065510 0.000001 0.000001 0.000001 2.208036 -13.222932 17.022689 9.576468 8.775033 -55.285426 5.667415 6.997240 -37.701299 -0.000000 -0.000000 0.000000 0.875488 -14.560987 0.442861 1.814452 7.243050 -31.135646 1.814195 6.744228 -34.554603 0.000002 0.000000 0.000001 -2.219136 -13.806170 -20.143411 -0.734453 3.231688 -12.573666 -0.453669 1.915407 -7.339649 -0.000001 -0.000001 0.000002 -1.493122 -5.072506 -27.642426 0.139779 -4.151545 0.350220 -0.285074 0.214342 -2.831681 0.000002 0.000002 -0.000002 -0.489806 -2.508102 -10.999921 -41.453511 34.296111 11.818972 -1.428838 55.502213 1.740836 -13.598493 28.760824 -2.785839 -1.352867 -17.448997 -13.386673 1.250879 9.852344 6.906382 -5.386970 16.529237 0.525058 -0.000002 -0.000001 0.000001 0.049201 -0.074742 0.930200 4.152233 -5.279507 27.861855 1.536993 -2.195299 13.056812 0.000003 -0.000000 -0.000000 0.317606 2.575730 7.762639 0.669187 -3.781519 16.877823 0.340962 -0.293628 0.058824 0.000001 0.000000 0.000004 0.088063 3.893833 16.201378 -0.338017 -1.989701 9.141744 0.118387 -0.084647 0.144259 -0.000001 0.000006 -0.000000 -0.760374 5.419186 22.980655 0.455144 0.533390 -3.846950 -0.791780 -1.038722 7.651084 0.000001 -0.000001 -0.000001 -68.445141 1.333472 15.177705 44.932621 5.239005 -11.094148 0.294480 27.672301 6.999562 -6.557892 0.000023 0.000004 -0.000000 -0.000002 -0.000000 11.060751 -6.622724 8.430941 17.345441 -3.417399 1.890135 25.117512 4.326840 27.203841 -6.432058 -0.000004 0.000001 0.000002 -0.000002 0.000000 
53.886234 90.502769 -12.836102 24.013586 -19.585953 5.058994 18.261930 13.448952 -14.771384 -1.124848 2.426886 -3.472883 -1.064413 2.301405 -3.578661 -8.855226 -1.633924 -1.374466 -17.291413 -9.734387 -1.430035 0.000002 0.000000 0.000001 -0.125646 2.313329 4.569606 13.142621 32.059026 -51.730500 177.370437 -110.515760 177.189751 -5.280281 -2.190973 21.121774 5.890909 17.332792 5.710947 0.461094 -9.354102 -6.594515 -2.557072 -8.946463 -1.046988 0.000002 0.000001 -0.000001 2.225868 -13.177495 17.410726 9.597223 8.780344 -55.374492 5.675455 7.002283 -37.740565 -0.000000 0.000000 -0.000001 0.923057 -14.572921 0.740950 1.818664 7.250074 -31.172256 1.815023 6.745594 -34.561737 -0.000001 -0.000000 0.000001 -2.196680 -13.895029 -19.955422 -0.734510 3.232075 -12.575303 -0.451666 1.905761 -7.297155 -0.000001 0.000000 -0.000000 -1.528778 -5.178974 -27.531053 0.139797 -4.151559 0.350228 -0.276515 0.195220 -2.748514 0.000002 -0.000000 0.000005 -0.594279 -2.900488 -11.537412 -42.960862 36.200204 13.860597 -1.557200 57.748478 1.847347 -12.386279 29.794194 -2.563409 0.314796 -18.278944 -11.876626 1.238213 9.826690 6.983737 -5.218037 16.018108 0.542976 -0.000000 -0.000003 -0.000001 0.098054 -0.270658 1.495799 3.977581 -5.146060 26.934364 1.394673 -1.998289 12.025483 -0.000000 0.000003 -0.000005 0.346633 2.367966 8.181639 0.628591 -3.663001 16.288866 0.343436 -0.145410 -0.650002 0.000002 0.000005 -0.000002 0.125636 3.690819 16.466162 -0.332896 -1.935000 8.887732 0.152306 -0.028453 -0.129512 -0.000001 0.000001 -0.000002 -0.726712 5.278858 23.141420 0.455141 0.533396 -3.846976 -0.799178 -1.055701 7.728310 -0.000000 -0.000003 -0.000002 -68.336951 1.256342 14.312693 43.312033 5.041665 -10.945709 1.413716 28.777769 7.147784 -6.653176 0.000004 0.000002 -0.000000 -0.000001 -0.000000 13.408119 -6.404564 9.126721 12.838771 -1.762495 2.244699 28.193108 4.701678 26.471184 -8.232030 0.000005 0.000024 0.000001 0.000002 -0.000002 
54.642597 90.361862 -14.092583 24.208929 -20.249875 5.983279 17.711145 14.040054 -14.958208 -0.931951 2.500820 -3.736094 -0.862635 2.375295 -3.836584 -8.688464 -1.699640 -1.356718 -16.914812 -10.037026 -1.402474 0.000000 -0.000000 -0.000001 -0.196309 2.847521 4.612407 15.227210 31.691893 -53.652116 177.410380 -110.804028 177.227030 -4.697982 -2.052424 20.766985 6.109403 17.496935 5.505628 0.424186 -9.498842 -6.614017 -2.697170 -9.347220 -1.023932 0.000001 0.000006 0.000002 2.163750 -12.935945 17.692502 9.625452 8.787513 -55.495540 5.657382 6.990937 -37.652299 -0.000001 -0.000000 -0.000000 0.946386 -14.415336 0.989102 1.826667 7.263441 -31.241763 1.808154 6.734183 -34.502352 0.000000 0.000000 -0.000000 -2.146258 -13.858202 -19.753998 -0.735475 3.239198 -12.606044 -0.449746 1.896698 -7.257248 -0.000003 0.000001 0.000001 -1.525740 -5.217355 -27.372043 0.139788 -4.151555 0.350240 -0.273801 0.189197 -2.722372 0.000001 -0.000001 -0.000001 -0.678307 -3.194630 -11.989333 -44.556678 37.894388 16.012468 -1.719619 60.240028 1.985838 -10.627107 30.125939 -2.594345 1.570007 -18.355326 -10.429089 1.211973 9.765823 7.171171 -4.943918 15.164577 0.547997 -0.000002 -0.000003 0.000001 0.019988 -0.033976 0.564184 4.047211 -5.199803 27.305450 1.399082 -2.004499 12.057822 0.000001 0.000001 0.000001 0.316529 2.559934 7.546743 0.642781 -3.704870 16.496688 0.338404 -0.157211 -0.596118 0.000003 0.000003 0.000004 0.109596 3.806851 16.155744 -0.334734 -1.954334 8.977490 0.147647 -0.036920 -0.088228 -0.000003 -0.000002 0.000002 -0.736619 5.322064 23.086108 0.455140 0.533392 -3.846992 -0.802214 -1.062706 7.759992 -0.000002 0.000001 -0.000001 -68.292971 1.131148 13.475550 41.955540 4.840572 -10.707032 2.581793 29.533475 7.070302 -6.815440 -0.000004 0.000005 0.000001 -0.000002 -0.000000 16.100668 -5.993143 9.867006 7.638061 -0.972595 2.496972 31.286187 4.831964 24.923169 -12.218644 0.016388 -0.619058 0.000002 -0.000001 -0.000000 
55.707832 90.141342 -15.381430 24.249140 -20.836525 6.781098 17.412910 14.450561 -14.969615 -0.802357 2.558483 -4.009524 -0.723253 2.429984 -4.106604 -8.467672 -1.754847 -1.358869 -16.633879 -10.301915 -1.400607 -0.000000 -0.000000 -0.000000 -0.261679 3.369530 4.589390 17.277174 31.275754 -55.407116 177.430652 -110.953548 177.245922 -4.034033 -1.926046 20.548445 6.306812 17.661630 5.334401 0.386347 -9.654723 -6.636717 -2.833714 -9.738138 -0.999240 0.000004 -0.000002 0.000005 2.044314 -12.574923 17.814163 9.651415 8.794048 -55.606793 5.613138 6.962983 -37.435765 -0.000002 -0.000000 0.000000 0.941188 -14.139740 1.132755 1.835338 7.277852 -31.316906 1.793098 6.708993 -34.371626 0.000001 -0.000000 0.000000 -2.082586 -13.708961 -19.591015 -0.736850 3.249554 -12.650758 -0.447687 1.886842 -7.213814 -0.000001 0.000001 0.000005 -1.486345 -5.177572 -27.213280 0.139776 -4.151548 0.350233 -0.276304 0.194753 -2.746560 0.000000 -0.000000 -0.000000 -0.733515 -3.373761 -12.315299 -46.145909 39.411421 18.121139 -1.924830 62.926103 2.165542 -8.508327 29.754763 -2.800782 2.292472 -17.701041 -9.135348 1.497037 8.725410 7.120204 -4.577106 14.009297 0.535807 -0.000001 -0.000001 0.000000 -0.151130 0.621206 -1.725901 4.344749 -5.421540 28.871718 1.537823 -2.196398 13.062674 0.000002 0.000002 -0.000001 0.245926 3.138725 5.949887 0.708918 -3.893787 17.437782 0.325743 -0.315240 0.153017 0.000001 0.000000 -0.000000 0.046584 4.235932 15.311990 -0.342651 -2.041653 9.382875 0.107131 -0.103586 0.236264 0.000001 0.000001 0.000002 -0.789040 5.548183 22.816351 0.455135 0.533383 -3.846996 -0.800535 -1.058850 7.742560 0.000002 -0.000001 0.000001 -68.322328 1.065752 12.491986 40.779443 4.726937 -10.426412 3.734493 29.975552 7.008293 -7.045058 0.000001 0.000005 0.000000 0.000002 0.000000 17.286094 -5.612376 10.252706 5.031480 -0.866072 2.662350 32.668395 4.533476 22.883792 -19.200596 0.195346 -2.504282 0.000001 0.000000 0.000001 
56.220150 89.844803 -17.011616 24.130753 -21.327771 7.413635 17.361253 14.712473 -14.780383 -0.732795 2.603930 -4.286994 -0.642976 2.469433 -4.382955 -8.200988 -1.795538 -1.394023 -16.453220 -10.526354 -1.432372 -0.000001 0.000000 0.000000 -0.312135 3.814597 4.505466 19.262102 30.832922 -56.998472 177.433712 -110.975971 177.248764 -3.405336 -1.861504 20.467031 6.466850 17.809262 5.207324 0.355615 -9.788004 -6.655797 -2.952210 -10.077735 -0.976053 0.000004 0.000002 -0.000004 1.895991 -12.170017 17.751605 9.668390 8.798317 -55.679528 5.547428 6.921038 -37.113189 -0.000002 -0.000001 0.000002 0.909291 -13.801242 1.139256 1.842355 7.289494 -31.377599 1.770940 6.671728 -34.178458 -0.000000 -0.000000 0.000000 -2.018837 -13.470706 -19.507046 -0.738254 3.260238 -12.696974 -0.445252 1.875271 -7.162743 -0.000002 0.000001 0.000001 -1.416481 -5.058922 -27.098303 0.138899 -4.149709 0.341980 -0.282537 0.208667 -2.807044 -0.000000 -0.000000 0.000001 -0.756512 -3.442677 -12.476434 -47.630474 40.774443 20.038073 -2.185451 65.749935 2.399651 -6.323182 28.735210 -3.033855 2.435052 -16.377754 -8.046607 2.122463 6.578192 6.789891 -4.130614 12.592702 0.501140 -0.000000 -0.000001 -0.000001 -0.337335 1.640316 -5.061962 4.834665 -5.760059 31.387755 1.791561 -2.529907 14.842377 -0.000001 0.000002 0.000005 0.182112 4.052694 3.606774 0.822496 -4.197006 18.961124 0.305088 -0.590768 1.451404 0.000001 0.000000 -0.000000 -0.040015 4.941811 14.048933 -0.354134 -2.182919 10.038154 0.034382 -0.215841 0.778750 -0.000002 0.000001 -0.000001 -0.875932 5.937886 22.366972 0.455136 0.533394 -3.846949 -0.794163 -1.044194 7.675960 0.000000 -0.000001 -0.000001 -68.204159 0.890811 12.032530 39.326932 4.591183 -10.131526 5.559752 30.043530 6.259552 -7.322442 -0.000000 0.000008 0.000000 -0.000002 -0.000000 16.595560 -5.473641 10.921408 6.021318 -1.470499 2.732424 31.466658 3.622699 19.828056 -28.681692 0.929085 -5.995179 0.000000 0.000001 -0.000002 
57.395573 89.440331 -18.464674 23.856293 -21.700932 7.907763 17.557322 14.845898 -14.435164 -0.718492 2.642157 -4.559319 -0.617323 2.498726 -4.656778 -7.906483 -1.817848 -1.473780 -16.371257 -10.706637 -1.507667 -0.000001 0.000000 0.000000 -0.340625 4.119353 4.381923 21.146775 30.372612 -58.450327 177.423958 -110.903878 177.239693 -2.874102 -1.889672 20.470555 6.576481 17.923680 5.130416 0.338552 -9.873311 -6.665051 -3.041269 -10.332650 -0.957200 0.000005 -0.000001 -0.000000 1.746178 -11.786088 17.509755 9.673179 8.799509 -55.700025 5.468782 6.870137 -36.725698 -0.000003 0.000001 -0.000001 0.856622 -13.450687 0.998702 1.846445 7.296249 -31.412887 1.744210 6.626393 -33.944008 0.000001 -0.000000 0.000001 -1.965220 -13.172906 -19.529095 -0.739476 3.269365 -12.736310 -0.442358 1.861732 -7.103154 0.000000 -0.000001 0.000003 -1.324261 -4.869397 -27.063561 0.138164 -4.148188 0.335153 -0.290664 0.226806 -2.885803 0.000001 0.000000 0.000000 -0.750289 -3.422781 -12.457120 -48.925010 41.991761 21.655268 -2.520327 68.652178 2.707578 -4.399903 27.193304 -3.139653 2.025004 -14.475032 -7.173283 3.083812 3.208567 6.145594 -3.619832 10.960270 0.439276 -0.000002 0.000001 0.000000 -0.448288 2.928074 -9.021042 5.462758 -6.149677 34.514571 2.132467 -2.946347 17.130478 0.000005 0.000006 -0.000003 0.179356 5.215718 0.814196 0.975155 -4.570058 20.858955 0.275851 -0.945436 3.102915 0.000001 0.000001 -0.000003 -0.120400 5.861454 12.530160 -0.366180 -2.358804 10.853295 -0.065264 -0.357123 1.453519 -0.000000 -0.000001 -0.000001 -0.984853 6.455228 21.798626 0.455144 0.533394 -3.846990 -0.783372 -1.019473 7.563772 -0.000000 0.000001 0.000000 -68.602126 0.832123 11.257575 38.969299 4.370124 -10.081433 5.464796 30.040203 6.535403 -7.608498 0.000003 0.000006 -0.000000 0.000001 -0.000000 15.839084 -5.196819 11.134697 7.325148 -2.710502 2.707674 28.840481 2.710492 16.685112 -38.463360 2.454796 -10.473100 0.000001 0.000002 -0.000001 
58.416191 88.917824 -20.000080 23.429526 -21.953613 8.270260 18.002775 14.886607 -13.969142 -0.758882 2.677275 -4.812097 -0.646184 2.522243 -4.914093 -7.610444 -1.818759 -1.605684 -16.380964 -10.837827 -1.637929 -0.000000 0.000000 0.000001 -0.345061 4.247035 4.240549 22.894871 29.884752 -59.789065 177.408126 -110.787724 177.224940 -2.415020 -1.993387 20.474740 6.627821 17.992204 5.104739 0.345037 -9.878431 -6.653572 -3.093644 -10.481534 -0.944777 0.000003 0.000002 0.000002 1.616495 -11.473013 17.118699 9.665977 8.797706 -55.669190 5.388237 6.817223 -36.327119 -0.000002 -0.000002 0.000000 0.790824 -13.130506 0.721885 1.847335 7.297798 -31.420766 1.716460 6.578783 -33.698541 0.000001 -0.000000 0.000001 -1.928731 -12.847328 -19.669842 -0.740350 3.276016 -12.765065 -0.439223 1.846954 -7.037905 -0.000002 0.000000 0.000000 -1.218958 -4.624074 -27.136499 0.137715 -4.147267 0.331016 -0.298697 0.244872 -2.964178 -0.000000 -0.000001 0.000001 -0.723744 -3.345087 -12.283704 -49.984004 43.057140 22.941127 -2.957930 71.571353 3.118326 -3.009669 25.333882 -3.031483 1.151253 -12.105762 -6.492803 4.298185 -1.350177 5.196701 -3.064218 9.169141 0.347683 -0.000001 0.000000 0.000001 -0.417011 4.358215 -13.140831 6.160011 -6.529191 37.877251 2.523940 -3.385493 19.635044 -0.000002 0.000004 -0.000005 0.274405 6.517683 -2.099049 1.153235 -4.965517 22.902849 0.238218 -1.336976 4.894168 -0.000000 -0.000002 0.000003 -0.170936 6.911893 10.941464 -0.376323 -2.548104 11.729976 -0.183590 -0.509373 2.169032 -0.000000 0.000002 0.000000 -1.102701 7.051665 21.187648 0.455127 0.533382 -3.846848 -0.768762 -0.986273 7.412721 0.000001 0.000000 -0.000002 -69.090020 0.780345 10.703517 38.797872 4.013204 -10.123236 5.368027 30.036027 6.583313 -7.851568 0.000018 0.000006 0.000000 -0.000001 -0.000000 15.149185 -4.886990 11.481420 8.954571 -4.390605 2.600208 24.652992 1.744828 13.167363 -45.286709 3.532106 -12.382888 -0.000002 0.000001 0.000001 
59.339516 88.303741 -21.676960 22.846088 -22.099470 8.533968 18.720343 14.849243 -13.448753 -0.856909 2.710710 -5.025117 -0.733451 2.541901 -5.135011 -7.344064 -1.796742 -1.791082 -16.470771 -10.914150 -1.835388 0.000001 -0.000000 -0.000000 -0.328535 4.206296 4.088109 24.466757 29.338613 -61.027884 177.394807 -110.690742 177.212496 -1.923250 -2.102857 20.399485 6.619295 18.007186 5.126445 0.348564 -9.880311 -6.650341 -3.106748 -10.516709 -0.939865 0.000004 0.000000 0.000003 1.520870 -11.264976 16.627100 9.649742 8.793652 -55.599659 5.317730 6.770226 -35.976710 0.000002 0.000001 -0.000000 0.719278 -12.873365 0.336299 1.845728 7.295118 -31.406890 1.691589 6.535791 -33.477325 -0.000001 0.000000 -0.000000 -1.913548 -12.525181 -19.928028 -0.740920 3.280369 -12.783824 -0.436098 1.832388 -6.973682 -0.000000 0.000000 0.000001 -1.110064 -4.343134 -27.333348 0.137308 -4.146417 0.327225 -0.305047 0.259158 -3.026128 -0.000001 -0.000001 -0.000002 -0.689349 -3.244299 -12.031651 -50.826422 43.955706 23.957585 -3.542562 74.444049 3.676719 -2.286591 23.423447 -2.724568 -0.056568 -9.405605 -5.961352 5.603768 -6.827218 4.009597 -2.487941 7.291096 0.227213 -0.000000 -0.000003 0.000000 -0.224196 5.793982 -16.979847 6.851035 -6.855140 41.117414 2.923350 -3.796218 22.077313 0.000001 0.000003 0.000000 0.470159 7.840309 -4.814983 1.338355 -5.340570 24.875959 0.194341 -1.723611 6.623719 0.000001 0.000002 0.000001 -0.183388 7.999697 9.465913 -0.383367 -2.730795 12.575556 -0.308775 -0.655188 2.840741 -0.000000 0.000003 0.000001 -1.219055 7.670954 20.615323 0.455124 0.533386 -3.846846 -0.751200 -0.946655 7.232383 -0.000001 0.000001 -0.000001 -69.528081 0.779048 10.284689 38.510710 3.657567 -10.235102 5.462286 30.043796 6.443335 -7.999949 0.000002 0.000007 0.000001 -0.000002 -0.000000 13.392587 -4.792516 11.824242 12.864878 -6.149323 2.436601 18.305250 0.837694 9.701704 -51.091120 3.399082 -9.585011 -0.000001 -0.000001 -0.000001 
60.305435 87.552414 -23.232491 22.088277 -22.151905 8.704233 19.736250 14.724409 -12.909359 -1.012036 2.740367 -5.174810 -0.879614 2.556397 -5.295950 -7.139352 -1.752255 -2.023759 -16.625522 -10.929975 -2.111923 -0.000000 -0.000001 -0.000001 -0.298270 4.052249 3.911931 25.816652 28.688946 -62.163444 177.393564 -110.681631 177.211348 -1.256390 -2.124560 20.206754 6.555866 17.967088 5.187257 0.349265 -9.879398 -6.653923 -3.082518 -10.443997 -0.942517 0.000001 0.000001 -0.000001 1.466023 -11.181592 16.093155 9.629187 8.788469 -55.511526 5.268278 6.736898 -35.730174 -0.000002 -0.000000 0.000000 0.648008 -12.701966 -0.120094 1.842837 7.290313 -31.381816 1.673463 6.504228 -33.315279 0.000000 0.000000 0.000001 -1.921743 -12.234366 -20.290332 -0.741294 3.283248 -12.796323 -0.433468 1.820139 -6.919667 -0.000001 0.000001 0.000002 -1.006589 -4.049206 -27.657625 0.136867 -4.145487 0.322995 -0.308566 0.267084 -3.060470 -0.000000 -0.000001 0.000002 -0.660152 -3.154687 -11.809758 -51.540047 44.674194 24.843608 -4.346034 77.207536 4.455107 -2.189574 21.746084 -2.310720 -1.452397 -6.530140 -5.526747 6.824854 -12.790478 2.672720 -1.918781 5.410574 0.082655 -0.000001 0.000001 -0.000001 0.097725 7.113557 -20.163960 7.465720 -7.106318 43.935830 3.288059 -4.142233 24.223037 0.000001 0.000005 -0.000001 0.733620 9.075596 -7.060955 1.510349 -5.662226 26.598143 0.148996 -2.067622 8.124856 0.000001 0.000001 0.000001 -0.167374 9.032991 8.262178 -0.387297 -2.890340 13.313741 -0.426229 -0.779393 3.400757 -0.000000 -0.000003 0.000002 -1.328030 8.256321 20.156529 0.455139 0.533383 -3.846910 -0.731755 -0.903162 7.034002 -0.000001 -0.000003 0.000001 -70.143563 0.825872 9.815346 38.747209 3.344318 -10.389814 5.274556 30.034773 6.276762 -8.016112 0.000010 0.000006 0.000001 0.000001 -0.000000 12.792834 -4.518014 12.164050 15.217993 -7.870995 2.215875 11.831869 0.152961 6.592280 -54.605074 2.871799 -6.933288 -0.000000 0.000001 -0.000001 
61.319122 86.698318 -24.709988 21.135231 -22.139520 8.766660 21.064233 14.505293 -12.360689 -1.210157 2.761200 -5.239797 -1.071656 2.561796 -5.374804 -7.024261 -1.687963 -2.289819 -16.827262 -10.881126 -2.477485 -0.000000 0.000000 -0.000000 -0.263171 3.867152 3.688091 26.894054 27.889034 -63.184297 177.413221 -110.824894 177.229667 -0.290859 -1.990724 19.920957 6.448108 17.877025 5.276277 0.360382 -9.838951 -6.647991 -3.026765 -10.281100 -0.951751 0.000000 0.000001 -0.000001 1.453141 -11.229155 15.574160 9.609339 8.783430 -55.426459 5.248271 6.723333 -35.630238 -0.000001 0.000000 0.000001 0.581281 -12.629079 -0.605527 1.840024 7.285658 -31.357549 1.665172 6.489681 -33.240724 0.000002 -0.000001 0.000001 -1.953650 -11.997176 -20.733592 -0.741620 3.285813 -12.807386 -0.431801 1.812489 -6.885902 -0.000000 -0.000000 -0.000000 -0.916348 -3.764318 -28.098604 0.136467 -4.144686 0.319373 -0.308762 0.267554 -3.062523 0.000001 -0.000001 0.000001 -0.647148 -3.108174 -11.728911 -52.256678 45.212458 25.763846 -5.492182 79.806136 5.577787 -2.519191 20.542627 -1.898484 -2.896165 -3.646380 -5.140126 7.828789 -18.757188 1.273297 -1.385428 3.618019 -0.077589 -0.000000 0.000001 0.000000 0.479972 8.229976 -22.424083 7.950845 -7.280272 46.124722 3.582835 -4.403687 25.906347 0.000001 0.000002 -0.000001 1.008052 10.140685 -8.639070 1.651498 -5.909830 27.944903 0.108912 -2.339207 9.282349 0.000001 0.000001 -0.000002 -0.145252 9.933959 7.445806 -0.388954 -3.015411 13.892344 -0.521002 -0.870785 3.804517 0.000001 -0.000003 0.000002 -1.428021 8.758306 19.868404 0.455136 0.533390 -3.846947 -0.711508 -0.858321 6.829252 -0.000001 0.000000 -0.000001 -70.820988 0.916403 9.240745 39.315648 3.052828 -10.516585 4.897478 30.015154 6.098401 -7.887631 0.000021 0.000011 -0.000001 0.000000 0.000000 12.262761 -4.276632 12.411784 17.877750 -9.324034 1.974151 4.994344 -0.385938 4.132032 -55.822146 2.165202 -4.822008 0.000000 -0.000001 -0.000000 
62.279114 85.838837 -26.429745 19.977291 -22.093389 8.677669 22.675719 14.204252 -11.771332 -1.416491 2.766976 -5.207810 -1.275354 2.553233 -5.357621 -7.018347 -1.608672 -2.568807 -17.055826 -10.766145 -2.938200 0.000000 0.000000 0.000000 -0.231116 3.729753 3.396955 27.651768 26.905742 -64.085008 177.459448 -111.168938 177.272738 1.026875 -1.699042 19.624243 6.310805 17.748743 5.381484 0.372268 -9.790689 -6.641852 -2.948427 -10.054767 -0.965836 0.000004 0.000003 0.000000 1.479607 -11.401644 15.116942 9.594374 8.779633 -55.362283 5.261938 6.732597 -35.698475 -0.000000 -0.000002 -0.000001 0.521821 -12.657479 -1.080745 1.838473 7.283066 -31.344107 1.668427 6.495395 -33.269978 0.000002 0.000001 -0.000001 -2.007864 -11.828395 -21.226963 -0.742057 3.289096 -12.821518 -0.431560 1.811403 -6.881137 -0.000002 -0.000000 0.000001 -0.845364 -3.507424 -28.630570 0.136339 -4.144365 0.317932 -0.305950 0.261175 -3.034860 -0.000000 -0.000001 -0.000002 -0.658217 -3.133403 -11.862604 -53.107258 45.589832 26.841701 -7.216841 82.197720 7.280866 -2.986590 19.950322 -1.568669 -4.269133 -0.918950 -4.764625 8.552020 -24.290953 -0.107386 -0.914065 2.001223 -0.242062 -0.000000 -0.000001 -0.000001 0.843810 9.098138 -23.624673 8.278354 -7.386103 47.587052 3.786452 -4.575443 27.045254 0.000001 0.000002 0.000001 1.233672 10.984942 -9.448739 1.750515 -6.075743 28.858403 0.081309 -2.520446 10.042296 -0.000000 0.000001 -0.000004 -0.141889 10.648501 7.074695 -0.389350 -3.100845 14.287515 -0.581183 -0.923661 4.034146 -0.000000 0.000001 -0.000002 -1.519710 9.142178 19.781196 0.455134 0.533393 -3.846983 -0.691561 -0.814557 6.628971 -0.000001 0.000001 -0.000001 -71.156501 1.032437 8.631563 39.270955 2.692925 -10.528188 4.940861 30.027735 5.905017 -7.630697 0.000012 0.000002 -0.000003 0.000000 -0.000000 11.210194 -4.239210 12.723853 21.594835 -10.455532 1.756387 -1.962398 -0.835739 2.221504 -55.220047 1.476918 -3.254633 0.000000 0.000001 -0.000000 
63.334652 84.944305 -28.085947 18.628014 -22.014745 8.401700 24.486728 13.832129 -11.095344 -1.576669 2.752514 -5.081316 -1.436545 2.526980 -5.244345 -7.129306 -1.520909 -2.836005 -17.289482 -10.587190 -3.494239 -0.000000 0.000000 0.000000 -0.206434 3.687976 3.038764 28.058805 25.733079 -64.875753 177.532135 -111.732811 177.340206 2.650220 -1.316507 19.429875 6.160931 17.599538 5.491721 0.380392 -9.752212 -6.639348 -2.858588 -9.797512 -0.982534 0.000002 -0.000001 0.000002 1.540463 -11.682041 14.752712 9.586778 8.777665 -55.329669 5.308622 6.764124 -35.931436 -0.000000 -0.000003 -0.000003 0.471401 -12.780306 -1.512530 1.838866 7.283699 -31.347365 1.683397 6.521557 -33.404246 -0.000000 0.000002 -0.000001 -2.080982 -11.734597 -21.734227 -0.742655 3.293680 -12.841331 -0.433020 1.818179 -6.911031 0.000000 0.000000 -0.000000 -0.797331 -3.293026 -29.213518 0.136490 -4.144727 0.319624 -0.300973 0.249992 -2.986418 -0.000001 -0.000001 0.000001 -0.698361 -3.254137 -12.216920 -54.174591 45.844175 28.105243 -10.035020 84.357481 10.079521 -3.312935 19.969289 -1.370735 -5.480392 1.505190 -4.379223 8.998524 -29.057575 -1.388960 -0.525482 0.636627 -0.397496 -0.000001 -0.000005 -0.000000 1.125415 9.708964 -23.772683 8.447287 -7.437128 48.336999 3.894596 -4.663888 27.642798 -0.000001 -0.000001 0.000002 1.367076 11.588819 -9.494469 1.804585 -6.163865 29.347404 0.072105 -2.607989 10.411780 0.000000 0.000000 0.000001 -0.174434 11.150822 7.144105 -0.389312 -3.147524 14.503511 -0.600795 -0.938548 4.097770 -0.000000 0.000000 -0.000001 -1.603702 9.392211 19.894260 0.455135 0.533388 -3.846943 -0.672800 -0.773747 6.441991 -0.000000 0.000001 -0.000001 -71.522927 1.156629 7.783171 39.458655 2.498930 -10.405377 4.845499 29.652915 6.408684 -7.285250 0.000015 0.000007 -0.000001 -0.000001 -0.000000 10.605452 -4.231179 13.284004 25.133699 -11.152555 1.587333 -9.672486 -1.154069 -0.974936 -50.520338 0.471289 -1.266064 0.000000 -0.000003 0.000000 
64.327278 84.018364 -29.621868 17.138323 -21.899390 7.925294 26.364955 13.426490 -10.297308 -1.629993 2.715752 -4.879730 -1.493882 2.482117 -5.051613 -7.351199 -1.432231 -3.065588 -17.505785 -10.350242 -4.137914 0.000000 -0.000000 -0.000000 -0.189375 3.747205 2.641270 28.114539 24.398392 -65.581175 177.624943 -112.495490 177.425939 4.437229 -0.945600 19.442022 6.015213 17.449832 5.598044 0.383681 -9.731064 -6.640787 -2.768999 -9.543476 -0.999405 0.000003 -0.000000 -0.000001 1.629287 -12.044736 14.496195 9.587081 8.777744 -55.330997 5.383117 6.813840 -36.301813 -0.000003 0.000001 0.000001 0.431512 -12.982725 -1.875157 1.841272 7.287700 -31.368245 1.708697 6.565420 -33.629690 0.000004 -0.000000 -0.000001 -2.167410 -11.715298 -22.215820 -0.743407 3.299627 -12.867037 -0.436267 1.833104 -6.976841 -0.000003 -0.000000 -0.000000 -0.773665 -3.131032 -29.796256 0.136995 -4.145766 0.324234 -0.295220 0.237022 -2.930090 0.000000 -0.000000 -0.000003 -0.769718 -3.486560 -12.723980 -55.463506 46.027682 29.471512 -15.320236 86.271518 15.347343 -3.321747 20.474969 -1.337925 -6.467070 3.510397 -3.978739 9.222226 -32.843552 -2.490062 -0.232834 -0.418892 -0.530752 -0.000002 0.000001 -0.000001 1.290574 10.077374 -23.000607 8.479501 -7.446580 48.479689 3.918348 -4.683062 27.773393 -0.000000 0.000001 0.000001 1.391881 11.957669 -8.874084 1.818834 -6.186798 29.475149 0.084208 -2.612365 10.447970 0.000001 -0.000001 0.000002 -0.246831 11.442142 7.593560 -0.389278 -3.161269 14.567197 -0.581014 -0.921461 4.024135 0.000001 0.000001 0.000002 -1.679109 9.511762 20.178517 0.455138 0.533389 -3.846974 -0.655898 -0.737268 6.274604 -0.000000 -0.000000 0.000000 -71.883124 1.223496 6.814262 39.995990 2.605455 -10.081370 4.585969 28.573873 6.950307 -6.905736 0.000003 0.000005 -0.000001 -0.000001 -0.000000 9.970247 -4.190192 13.455817 28.974902 -11.791275 1.883926 -16.512110 -1.526730 -1.837181 -45.557078 0.134719 -0.469402 0.000000 0.000002 0.000000 
65.413773 83.150436 -31.200949 15.594985 -21.747660 7.264056 28.159864 13.048768 -9.370081 -1.531776 2.659167 -4.637703 -1.401560 2.421514 -4.811975 -7.664469 -1.350336 -3.234149 -17.682684 -10.064916 -4.852234 0.000000 -0.000000 0.000001 -0.178234 3.877503 2.256730 27.859262 22.960309 -66.228069 177.726836 -113.392622 177.519499 6.193682 -0.676261 19.711615 5.887424 17.319669 5.694892 0.382837 -9.729322 -6.644747 -2.690591 -9.323482 -1.014273 0.000001 0.000006 0.000001 1.738892 -12.459131 14.348720 9.594140 8.779557 -55.361238 5.476679 6.875291 -36.764747 -0.000001 -0.000001 -0.000002 0.403762 -13.244702 -2.149763 1.845294 7.294393 -31.403086 1.741554 6.621815 -33.920441 0.000001 -0.000000 -0.000000 -2.259611 -11.764829 -22.631714 -0.744316 3.306460 -12.896485 -0.440996 1.855270 -7.074597 -0.000000 -0.000000 0.000001 -0.773675 -3.027586 -30.321672 0.137667 -4.147159 0.330566 -0.289944 0.225205 -2.878860 0.000000 0.000000 -0.000000 -0.870400 -3.835306 -13.256297 -56.896517 46.204153 30.775231 -28.050576 87.902943 28.062375 -2.988263 21.271171 -1.486653 -7.191954 5.022136 -3.571203 9.301536 -35.551684 -3.336814 -0.040572 -1.134425 -0.630804 -0.000002 0.000002 0.000001 1.336832 10.232239 -21.527942 8.411054 -7.426392 48.176350 3.879060 -4.651293 27.557243 0.000001 -0.000000 0.000002 1.318410 12.115613 -7.750524 1.803557 -6.162210 29.338207 0.116401 -2.554304 10.239587 0.000000 -0.000001 0.000002 -0.350541 11.546380 8.323720 -0.389307 -3.150921 14.519191 -0.529712 -0.882001 3.854351 0.000001 -0.000000 0.000002 -1.743728 9.520138 20.584138 0.455136 0.533392 -3.846980 -0.641231 -0.705878 6.130263 -0.000001 -0.000000 -0.000001 -71.920697 1.279735 5.656420 40.012983 2.897583 -9.548497 4.611319 26.970925 7.634966 -6.548681 0.000006 0.000002 0.000001 0.000002 0.000000 8.870531 -4.202488 13.501885 33.415724 -12.214198 2.436248 -22.543960 -1.947646 -1.845847 -40.827111 0.071212 -0.340723 -0.000000 0.000000 -0.000000 
66.271507 82.265549 -32.437286 14.101158 -21.542948 6.486546 29.749347 12.729486 -8.352084 -1.277421 2.590303 -4.399867 -1.153386 2.351968 -4.569697 -8.038030 -1.282138 -3.324034 -17.800060 -9.743852 -5.610569 0.000000 -0.000001 -0.000001 -0.172122 4.033208 1.950799 27.378067 21.496805 -66.829665 177.825136 -114.324888 177.609084 7.739213 -0.550461 20.202906 5.786265 17.224755 5.780619 0.379979 -9.743495 -6.648625 -2.631641 -9.160352 -1.025489 -0.000001 -0.000002 -0.000003 1.861794 -12.893696 14.302008 9.605516 8.782464 -55.410097 5.578452 6.940908 -37.265673 -0.000003 0.000002 0.000000 0.389966 -13.544208 -2.323681 1.850130 7.302361 -31.444767 1.778308 6.684151 -34.242812 0.000000 -0.000000 0.000000 -2.348916 -11.874685 -22.944670 -0.745171 3.313231 -12.925704 -0.446774 1.882547 -7.194890 -0.000002 -0.000001 -0.000001 -0.794949 -2.986016 -30.733150 0.138364 -4.148592 0.336946 -0.286168 0.216742 -2.842073 -0.000001 -0.000000 0.000002 -0.992055 -4.289741 -13.661837 -58.334843 46.446669 31.828982 -72.464755 88.965406 72.463594 -2.432479 22.154960 -1.795561 -7.641802 6.012258 -3.173910 9.311545 -37.189605 -3.881288 0.055511 -1.509400 -0.690779 -0.000003 -0.000001 0.000001 1.286228 10.211463 -19.615788 8.282938 -7.387523 47.607450 3.802283 -4.588487 27.133007 -0.000001 0.000002 -0.000004 1.175176 12.101114 -6.317822 1.770968 -6.109287 29.044188 0.163243 -2.459372 9.887197 -0.000001 0.000000 -0.000002 -0.469771 11.503907 9.216533 -0.389355 -3.126145 14.404630 -0.459186 -0.830929 3.633285 -0.000001 0.000001 -0.000001 -1.795403 9.447623 21.050382 0.455138 0.533391 -3.846880 -0.628920 -0.679662 6.009676 -0.000000 -0.000001 0.000001 -72.220460 1.233595 4.476454 40.819468 3.219714 -8.844281 4.257947 24.823209 8.274710 -6.260021 0.000001 0.000003 0.000000 0.000000 -0.000000 8.340160 -4.165149 13.955915 36.837058 -12.631238 2.645221 -27.443009 -2.353010 -1.802567 -36.915260 0.046163 -0.313239 -0.000000 -0.000003 -0.000000 
66.979004 81.454697 -33.576565 12.761811 -21.302469 5.665657 31.073228 12.510607 -7.306858 -0.916995 2.521212 -4.213102 -0.797598 2.283495 -4.373622 -8.433182 -1.232908 -3.325921 -17.841446 -9.402073 -6.377603 0.000000 0.000000 0.000000 -0.172313 4.173445 1.786365 26.795228 20.089410 -67.375595 177.909025 -115.177494 177.685008 8.965564 -0.551757 20.790169 5.714311 17.173445 5.856667 0.377378 -9.767768 -6.649870 -2.596447 -9.065498 -1.032251 0.000001 -0.000003 -0.000000 1.990511 -13.319458 14.341589 9.618208 8.785682 -55.464483 5.677179 7.003366 -37.749025 -0.000000 -0.000000 -0.000001 0.391786 -13.859966 -2.390542 1.854730 7.309956 -31.484443 1.814868 6.745356 -34.560426 0.000000 0.000001 0.000001 -2.426428 -12.035256 -23.124259 -0.745891 3.318777 -12.949675 -0.452926 1.911839 -7.323893 -0.000005 0.000000 -0.000000 -0.833854 -3.007435 -30.981960 0.138943 -4.149779 0.342301 -0.284234 0.212414 -2.823307 0.000002 -0.000001 -0.000001 -1.118345 -4.821763 -13.803642 -59.615353 46.829450 32.488341 -135.974354 88.580594 135.960707 -1.865460 22.965049 -2.190391 -7.825422 6.497553 -2.809616 9.301749 -37.852123 -4.118368 0.067112 -1.572942 -0.708881 -0.000000 0.000001 0.000000 1.173802 10.060367 -17.526878 8.133754 -7.340504 46.942859 3.712636 -4.513979 26.634510 0.000001 0.000002 -0.000000 0.997838 11.963011 -4.771126 1.732475 -6.045984 28.693854 0.216341 -2.352705 9.486957 0.000001 -0.000000 -0.000001 -0.587707 11.365128 10.153577 -0.389346 -3.096069 14.265422 -0.383474 -0.778120 3.402678 -0.000001 0.000001 -0.000003 -1.833272 9.330212 21.514884 0.455140 0.533398 -3.846967 -0.618823 -0.658257 5.911116 -0.000001 -0.000001 0.000000 -72.428029 1.135205 3.312586 41.425739 3.601872 -8.030689 4.089207 22.312667 8.897295 -6.064604 0.000002 0.000001 -0.000003 0.000000 0.000000 7.646206 -4.198577 14.644860 40.087671 -13.072074 2.697621 -31.355018 -2.819634 -1.735270 -33.938015 0.032683 -0.313410 0.000000 -0.000001 0.000000 
67.551079 80.732033 -34.513554 11.659423 -21.048493 4.890150 32.150209 12.394467 -6.322490 -0.551214 2.466395 -4.116894 -0.433293 2.227710 -4.267388 -8.808430 -1.205670 -3.240275 -17.795826 -9.056390 -7.111641 -0.000001 -0.000001 -0.000000 -0.181049 4.274418 1.806004 26.256538 18.809834 -67.832316 177.971138 -115.845472 177.740865 9.860411 -0.616774 21.296059 5.668609 17.164624 5.925600 0.375709 -9.798904 -6.648103 -2.584640 -9.037087 -1.034693 0.000003 0.000001 -0.000000 2.117920 -13.712580 14.448534 9.629171 8.788471 -55.511498 5.762954 7.056678 -38.166940 -0.000002 -0.000000 0.000002 0.410041 -14.173451 -2.351614 1.858100 7.315491 -31.513369 1.847330 6.799061 -34.840122 -0.000000 -0.000000 0.000002 -2.484606 -12.236636 -23.151881 -0.746306 3.321954 -12.963302 -0.458636 1.939460 -7.445627 -0.000002 -0.000001 0.000000 -0.885960 -3.090625 -31.034846 0.139350 -4.150604 0.345979 -0.283843 0.211564 -2.819601 0.000001 -0.000000 -0.000001 -1.226821 -5.385601 -13.599932 -60.588019 47.409880 32.695709 -155.203481 87.648696 155.179453 -1.511124 23.597853 -2.557861 -7.770900 6.531677 -2.501958 9.289227 -37.695773 -4.087412 0.010987 -1.377022 -0.687989 -0.000000 0.000002 0.000001 1.035981 9.829409 -15.495300 7.994870 -7.295043 46.321926 3.630395 -4.444406 26.174028 -0.000000 0.000001 0.000001 0.819132 11.755375 -3.283518 1.697150 -5.987095 28.369160 0.266490 -2.255332 9.119146 0.000001 0.000000 0.000002 -0.691302 11.182883 11.030308 -0.389269 -3.068025 14.135653 -0.315514 -0.731396 3.196246 -0.000001 0.000000 -0.000000 -1.858528 9.203689 21.922066 0.455131 0.533400 -3.846825 -0.610615 -0.640938 5.831255 -0.000000 -0.000000 0.000000 -72.649164 1.011412 2.191395 41.994660 4.011169 -7.187864 3.989117 19.626928 9.498417 -5.959859 0.000001 0.000008 0.000001 0.000000 0.000000 6.873971 -4.188371 15.289228 43.027105 -13.291050 2.878176 -34.371875 -3.504054 -1.777623 -31.829634 0.024226 -0.309088 -0.000000 -0.000003 -0.000000 
67.898689 80.116013 -35.240807 10.845691 -20.819745 4.241422 33.059004 12.359927 -5.496120 -0.307071 2.439362 -4.133125 -0.186491 2.195254 -4.278179 -9.125033 -1.200891 -3.077367 -17.658913 -8.724778 -7.768082 0.000001 0.000000 0.000001 -0.199271 4.330956 2.017644 25.902381 17.715552 -68.152891 178.007830 -116.255803 177.773678 10.489700 -0.661727 21.558239 5.642252 17.187073 5.987880 0.373033 -9.838856 -6.646098 -2.591023 -9.059763 -1.033874 0.000001 0.000005 0.000000 2.237317 -14.056072 14.599652 9.636148 8.790218 -55.541326 5.828910 7.097085 -38.487078 -0.000002 -0.000000 0.000001 0.443835 -14.470080 -2.218184 1.859480 7.317808 -31.525339 1.872749 6.840653 -35.057363 -0.000000 0.000001 -0.000001 -2.518902 -12.468748 -23.026045 -0.746288 3.321891 -12.963027 -0.463300 1.962009 -7.544901 -0.000001 -0.000000 -0.000001 -0.946724 -3.231473 -30.881833 0.139523 -4.151023 0.347820 -0.284170 0.212303 -2.822817 0.000001 -0.000001 -0.000001 -1.295651 -5.920948 -13.052478 -61.144789 48.204712 32.490558 -161.886698 86.829517 161.854747 -1.528661 23.995597 -2.785628 -7.520805 6.192554 -2.271368 9.267782 -36.907016 -3.856068 -0.094180 -0.985858 -0.634167 -0.000001 0.000000 0.000001 0.902128 9.569349 -13.705505 7.887788 -7.258840 45.841843 3.569460 -4.392154 25.830894 -0.000000 0.000000 0.000000 0.662914 11.530342 -1.990132 1.670950 -5.942913 28.126343 0.305984 -2.181774 8.840262 0.000000 0.000000 -0.000001 -0.773307 11.004689 11.766439 -0.389164 -3.047021 14.038572 -0.264776 -0.695775 3.037170 -0.000000 0.000001 -0.000002 -1.873954 9.098364 22.230186 0.455133 0.533384 -3.846829 -0.603912 -0.626839 5.766269 0.000000 -0.000000 0.000001 -72.928307 0.862489 1.233234 42.565862 4.382463 -6.393018 3.958288 16.983025 9.960873 -5.917322 0.000007 0.000007 -0.000004 0.000000 -0.000000 6.166953 -4.130834 15.901683 45.397207 -13.341383 3.099101 -36.596335 -4.315938 -1.936536 -30.416666 0.019118 -0.288577 0.000000 0.000002 0.000000 
68.006516 79.621964 -35.658680 10.341781 -20.657301 3.790734 33.896726 12.360172 -4.925820 -0.300113 2.448556 -4.258153 -0.172688 2.192812 -4.407107 -9.351948 -1.216563 -2.855954 -17.434049 -8.425668 -8.303530 0.000002 -0.000001 -0.000000 -0.225354 4.350879 2.386039 25.836881 16.853420 -68.290963 178.018717 -116.379539 177.783390 10.952270 -0.617144 21.492876 5.626954 17.219723 6.038843 0.367632 -9.886255 -6.646593 -2.606048 -9.105868 -1.031713 0.000001 0.000005 -0.000003 2.342783 -14.340546 14.766785 9.638059 8.790706 -55.549549 5.872490 7.123531 -38.698114 0.000001 0.000005 -0.000000 0.489801 -14.739753 -2.014195 1.858650 7.316411 -31.518174 1.889610 6.868051 -35.200732 0.000003 0.000000 -0.000000 -2.529104 -12.721139 -22.766805 -0.745814 3.318311 -12.947687 -0.466329 1.976900 -7.610436 -0.000002 -0.000001 -0.000001 -1.012080 -3.421989 -30.542048 0.139578 -4.151093 0.348136 -0.284078 0.212063 -2.821723 -0.000000 0.000000 0.000001 -1.313169 -6.360097 -12.257443 -61.238028 49.172444 31.993036 -164.879482 86.222840 164.841848 -1.959939 24.127491 -2.806857 -7.126429 5.569589 -2.131310 9.223172 -35.671708 -3.497970 -0.230535 -0.464406 -0.555053 -0.000000 -0.000005 0.000001 0.790880 9.324826 -12.280011 7.823373 -7.236572 45.552331 3.536682 -4.363760 25.645566 -0.000000 0.000000 -0.000000 0.542390 11.330825 -0.978783 1.656657 -5.918634 27.993168 0.330403 -2.139051 8.679087 0.000001 -0.000000 0.000000 -0.831757 10.866174 12.312225 -0.389092 -3.035564 13.985560 -0.235997 -0.673443 2.936469 0.000000 0.000000 -0.000001 -1.882844 9.034535 22.416131 0.455125 0.533402 -3.846803 -0.598369 -0.615223 5.712651 -0.000001 0.000000 -0.000002 -73.364025 0.712115 0.472560 43.376517 4.694688 -5.707336 3.838269 14.565320 10.223429 -5.892417 0.000001 0.000005 -0.000000 0.000000 -0.000000 5.761472 -3.981856 16.428878 46.886237 -13.311379 3.272204 -38.138571 -5.123147 -2.128009 -29.499894 0.016147 -0.254148 -0.000000 -0.000007 -0.000000 
67.915726 79.284378 -35.795036 10.148544 -20.598718 3.590142 34.728305 12.340466 -4.699185 -0.596739 2.494208 -4.461012 -0.459564 2.220812 -4.625796 -9.469728 -1.248583 -2.600848 -17.132056 -8.176936 -8.679982 -0.000001 -0.000000 -0.000000 -0.255137 4.348438 2.837202 26.101559 16.263153 -68.214670 178.005740 -116.231829 177.771806 11.328049 -0.456497 21.126897 5.615323 17.234164 6.066788 0.373631 -9.891359 -6.634805 -2.616958 -9.138678 -1.030723 -0.000002 0.000005 0.000000 2.429060 -14.563778 14.915712 9.635242 8.790006 -55.537556 5.895649 7.137471 -38.809961 0.000001 -0.000003 0.000002 0.541631 -14.976641 -1.777218 1.855891 7.311885 -31.494480 1.898084 6.881782 -35.272692 -0.000001 0.000001 0.000000 -2.520083 -12.982612 -22.416877 -0.744979 3.311706 -12.919091 -0.467533 1.982823 -7.636481 -0.000000 -0.000000 -0.000000 -1.078984 -3.649898 -30.064334 0.139466 -4.150881 0.347205 -0.282270 0.208035 -2.804243 0.000004 0.000000 0.000000 -1.284462 -6.640654 -11.389574 -60.892783 50.214349 31.375502 -166.290053 85.844160 166.248881 -2.718243 23.986953 -2.626061 -6.641805 4.753380 -2.086277 9.144483 -34.153142 -3.075818 -0.383102 0.130072 -0.458380 -0.000002 -0.000005 -0.000000 0.710680 9.128678 -11.277353 7.802442 -7.229265 45.458146 3.532185 -4.359839 25.620099 0.000000 -0.000001 0.000008 0.461687 11.185348 -0.288680 1.654227 -5.914505 27.970439 0.339045 -2.127291 8.637102 -0.000000 -0.000000 0.000003 -0.868150 10.787363 12.649578 -0.389092 -3.033712 13.976941 -0.229070 -0.664129 2.893547 -0.000001 0.000000 0.000001 -1.887928 9.020778 22.476822 0.455132 0.533393 -3.846906 -0.593738 -0.605530 5.667967 -0.000001 0.000000 0.000001 -73.872929 0.583486 -0.082038 44.254923 4.943871 -5.167699 3.701013 12.532203 10.258384 -5.841165 0.000002 0.000006 -0.000001 -0.000000 -0.000000 5.668022 -3.771281 16.807887 47.467783 -13.271092 3.331853 -39.086232 -5.792626 -2.283307 -28.929495 0.013979 -0.212286 0.000000 0.000003 0.000000 
67.718170 79.144676 -35.730049 10.257954 -20.663510 3.672498 35.549625 12.248602 -4.882621 -1.190534 2.567813 -4.690795 -1.042943 2.272931 -4.882769 -9.472654 -1.291383 -2.339786 -16.770527 -7.994507 -8.868576 0.000001 -0.000000 -0.000001 -0.283662 4.340254 3.278344 26.662615 15.972493 -67.917762 177.972682 -115.862002 177.742245 11.640803 -0.202367 20.587956 5.603360 17.199052 6.053053 0.374563 -9.893053 -6.630039 -2.609958 -9.118355 -1.033646 0.000000 -0.000001 0.000002 2.491348 -14.729170 15.005401 9.629039 8.788452 -55.510928 5.903503 7.142164 -38.847828 -0.000003 -0.000000 0.000001 0.590381 -15.178029 -1.557325 1.851944 7.305390 -31.460531 1.899723 6.884434 -35.286577 0.000002 -0.000000 0.000002 -2.501314 -13.240890 -22.037964 -0.743864 3.303045 -12.881733 -0.466899 1.979760 -7.623046 -0.000001 -0.000000 -0.000001 -1.145616 -3.898758 -29.521877 0.139303 -4.150574 0.345834 -0.277732 0.197939 -2.760378 0.000000 -0.000001 0.000000 -1.229386 -6.721884 -10.657929 -60.213165 51.199682 30.833796 -166.822412 85.680010 166.779764 -3.622382 23.608142 -2.312014 -6.118124 3.828286 -2.131469 9.028082 -32.481593 -2.634862 -0.540543 0.752185 -0.351126 0.000001 -0.000005 0.000001 0.662506 8.998658 -10.699607 7.818083 -7.234742 45.528535 3.550863 -4.376052 25.725766 0.000000 0.000000 -0.000001 0.418899 11.106155 0.083546 1.661464 -5.926814 28.038026 0.334178 -2.141216 8.693874 0.000001 0.000000 -0.000001 -0.885441 10.772475 12.787830 -0.389122 -3.039613 14.004362 -0.240235 -0.665593 2.898807 -0.000001 0.000000 -0.000000 -1.890761 9.054548 22.426387 0.455131 0.533373 -3.846960 -0.589906 -0.597505 5.630978 -0.000000 -0.000001 0.000000 -74.300710 0.487782 -0.442966 44.847613 5.171648 -4.782870 3.834579 10.982439 9.903373 -5.738653 0.000008 0.000003 -0.000000 0.000000 -0.000000 5.747544 -3.573013 16.952244 47.309544 -13.291895 3.248928 -39.455383 -6.202768 -2.304067 -28.655516 0.012081 -0.173281 0.000000 0.000001 0.000000 
67.305405 79.199402 -35.362560 10.660867 -20.840502 4.060035 36.279929 12.039398 -5.513412 -2.000434 2.654789 -4.892319 -1.844331 2.338042 -5.119118 -9.368930 -1.338681 -2.100166 -16.372199 -7.890756 -8.852332 0.000002 -0.000000 -0.000000 -0.307430 4.342818 3.628376 27.415870 15.981992 -67.424793 177.924270 -115.338631 177.698737 11.852209 0.092980 20.061131 5.592174 17.086528 5.973928 0.368028 -9.889588 -6.635998 -2.572853 -9.009899 -1.042808 0.000004 0.000001 0.000001 2.524842 -14.842988 14.988425 9.621041 8.786399 -55.476620 5.902222 7.141429 -38.841773 -0.000004 -0.000005 0.000001 0.625022 -15.342454 -1.413363 1.847744 7.298452 -31.424252 1.896614 6.879416 -35.260285 0.000003 0.000000 0.000000 -2.485410 -13.482250 -21.703100 -0.742660 3.293739 -12.841600 -0.464662 1.968740 -7.574499 -0.000002 -0.000001 -0.000000 -1.211297 -4.148656 -29.000918 0.139246 -4.150439 0.345213 -0.269889 0.180520 -2.684677 0.000002 0.000001 0.000001 -1.171560 -6.599516 -10.242123 -59.374438 52.007045 30.556671 -166.747116 85.703998 166.704673 -4.462007 23.081470 -1.960808 -5.598721 2.867132 -2.253855 8.876860 -30.753548 -2.203629 -0.695135 1.369368 -0.239105 -0.000000 -0.000001 -0.000001 0.642805 8.936497 -10.505764 7.858846 -7.248875 45.711809 3.584446 -4.405046 25.915411 0.000000 0.000000 -0.000002 0.408820 11.089937 0.173164 1.674980 -5.949739 28.163790 0.319604 -2.172389 8.815875 0.000000 0.000000 -0.000000 -0.886662 10.812291 12.756188 -0.389185 -3.050475 14.054572 -0.263806 -0.674480 2.937324 -0.000001 0.000000 -0.000001 -1.891614 9.124707 22.290495 0.455124 0.533379 -3.846842 -0.586853 -0.591137 5.601534 -0.000000 -0.000001 -0.000001 -74.762329 0.404204 -0.592621 45.493137 5.382754 -4.537350 4.057338 9.886705 9.061484 -5.590999 0.000006 0.000003 -0.000002 0.000000 0.000000 6.266141 -3.383137 16.859012 46.104757 -13.394453 3.032417 -39.131636 -6.253586 -2.190768 -28.743625 0.010645 -0.146100 0.000000 0.000004 -0.000000 
66.664711 79.457047 -34.766338 11.348629 -21.100374 4.737786 36.780961 11.712318 -6.574685 -2.890366 2.739396 -5.024612 -2.729864 2.403959 -5.287997 -9.178805 -1.384202 -1.906117 -15.962832 -7.872930 -8.627664 0.000000 0.000000 -0.000001 -0.325620 4.368601 3.846255 28.210500 16.249544 -66.786116 177.865899 -114.732370 177.646062 11.889318 0.376797 19.731117 5.588751 16.878540 5.804174 0.367331 -9.834994 -6.638345 -2.497647 -8.790984 -1.059504 0.000003 0.000004 -0.000002 2.524451 -14.911975 14.813225 9.612386 8.784202 -55.439501 5.896822 7.138179 -38.815726 -0.000001 0.000001 0.000000 0.633647 -15.468205 -1.407146 1.844097 7.292409 -31.392762 1.890626 6.869717 -35.209506 0.000004 -0.000000 0.000000 -2.486013 -13.691701 -21.486944 -0.741558 3.285289 -12.805137 -0.461109 1.951330 -7.497832 0.000001 -0.000002 -0.000001 -1.275980 -4.377788 -28.588074 0.139408 -4.150761 0.346707 -0.258828 0.156011 -2.578043 0.000001 0.000001 -0.000001 -1.126238 -6.311704 -10.232736 -58.590298 52.562038 30.687804 -166.138532 85.888550 166.097797 -5.064910 22.542300 -1.651454 -5.115492 1.927904 -2.433921 8.697733 -29.037118 -1.797999 -0.842145 1.960301 -0.126938 -0.000000 -0.000005 -0.000000 0.645185 8.928865 -10.625968 7.911795 -7.267025 45.949579 3.623641 -4.438660 26.136101 0.000000 -0.000000 0.000005 0.424525 11.120198 0.036081 1.691024 -5.976804 28.312510 0.299167 -2.211511 8.965526 0.000001 -0.000000 0.000003 -0.874577 10.887507 12.595604 -0.389251 -3.063156 14.113198 -0.293969 -0.687191 2.992703 0.000001 0.000000 0.000001 -1.889912 9.214868 22.100604 0.455125 0.533379 -3.846934 -0.584640 -0.586542 5.580331 -0.000000 -0.000001 -0.000001 -75.128051 0.338196 -0.595157 45.971794 5.513475 -4.395672 4.236825 9.188483 8.166251 -5.434708 0.000006 0.000008 0.000000 -0.000001 0.000000 7.092599 -3.293192 16.522311 44.019172 -13.465422 2.736391 -37.987634 -5.970204 -2.016159 -29.367949 0.010413 -0.137669 0.000000 -0.000000 0.000000 
65.945381 79.890488 -33.783333 12.305696 -21.394203 5.659387 36.902983 11.306047 -7.992907 -3.703253 2.809810 -5.074327 -3.543347 2.461411 -5.369591 -8.931408 -1.422269 -1.776311 -15.568689 -7.942047 -8.204568 0.000001 -0.000000 -0.000001 -0.339436 4.419299 3.942252 28.885642 16.689069 -66.062047 177.801914 -114.098863 177.587992 11.689462 0.615025 19.732446 5.604920 16.571613 5.521627 0.448766 -9.500371 -6.551400 -2.382488 -8.457615 -1.083824 0.000002 0.000007 -0.000000 2.484956 -14.941344 14.429611 9.603261 8.781888 -55.400388 5.889386 7.133699 -38.779710 -0.000000 -0.000002 0.000002 0.604871 -15.552197 -1.596022 1.841549 7.288182 -31.370700 1.882755 6.856959 -35.142638 0.000000 -0.000000 0.000001 -2.515496 -13.853406 -21.455571 -0.740733 3.278993 -12.777938 -0.456539 1.929236 -7.400503 0.000000 0.000001 -0.000001 -1.339503 -4.564168 -28.358006 0.139783 -4.151545 0.350223 -0.245275 0.126171 -2.448130 -0.000001 -0.000000 0.000001 -1.096638 -5.931954 -10.603880 -58.058466 52.850426 31.285340 -164.933072 86.209801 164.895329 -5.336507 22.126509 -1.420102 -4.687473 1.052538 -2.648074 8.499810 -27.380845 -1.425884 -0.978963 2.512051 -0.018253 0.000000 -0.000001 -0.000000 0.661105 8.950341 -10.973693 7.964938 -7.285005 46.187898 3.659805 -4.469432 26.339086 -0.000000 0.000001 0.000000 0.457944 11.170775 -0.260474 1.706195 -6.002241 28.452562 0.275893 -2.250040 9.107949 0.000001 -0.000000 -0.000001 -0.851786 10.972631 12.352424 -0.389296 -3.074892 14.167510 -0.325921 -0.700455 3.049917 -0.000000 0.000000 0.000002 -1.884721 9.306222 21.889095 0.455141 0.533392 -3.846904 -0.583422 -0.583990 5.568439 -0.000000 0.000001 0.000001 -75.489580 0.329497 -0.621580 46.544765 5.677254 -4.320842 4.235041 8.757634 7.315210 -5.321254 0.000002 0.000004 -0.000000 0.000000 -0.000000 8.187995 -3.268916 15.812363 41.199237 -13.386855 2.444362 -35.885619 -5.464527 -1.692224 -30.754269 0.012502 -0.156549 0.000000 -0.000001 0.000000 
64.621559 80.481262 -32.936275 13.502245 -21.684959 6.732139 36.534945 10.918575 -9.644769 -4.298267 2.861104 -5.057795 -4.143399 2.506586 -5.374743 -8.660418 -1.448219 -1.722728 -15.213982 -8.092376 -7.605483 0.000001 0.000000 0.000000 -0.349968 4.478499 3.963973 29.309339 17.192467 -65.301233 177.734582 -113.463540 177.526561 11.235240 0.793909 20.122828 5.654420 16.178937 5.113271 0.591074 -8.945054 -6.397198 -2.232460 -8.026361 -1.114330 0.000002 -0.000000 -0.000002 2.401951 -14.933906 13.798165 9.592751 8.779205 -55.355340 5.878471 7.127145 -38.727046 0.000000 -0.000002 0.000002 0.529829 -15.589881 -2.022974 1.840200 7.285937 -31.359045 1.872881 6.840884 -35.058565 -0.000002 -0.000001 0.000003 -2.582650 -13.952173 -21.656341 -0.740322 3.275795 -12.764082 -0.451242 1.903824 -7.288634 -0.000001 -0.000001 0.000000 -1.401010 -4.688115 -28.362962 0.139797 -4.151556 0.350222 -0.230547 0.093902 -2.307466 -0.000001 -0.000001 0.000000 -1.079734 -5.549439 -11.231463 -57.905285 52.900382 32.300200 -162.926923 86.643060 162.893222 -5.261997 21.915046 -1.262424 -4.321996 0.268097 -2.871495 8.293538 -25.825335 -1.091660 -1.103995 3.016023 0.083842 -0.000001 0.000001 0.000000 0.680203 8.968160 -11.455662 8.008613 -7.299611 46.383497 3.685968 -4.491541 26.485508 -0.000000 0.000001 -0.000002 0.500011 11.210565 -0.645374 1.717818 -6.021648 28.559574 0.251692 -2.281215 9.215377 0.000001 -0.000001 0.000003 -0.821110 11.039805 12.073592 -0.389324 -3.083603 14.207777 -0.356261 -0.711582 3.097208 0.000001 0.000001 -0.000000 -1.875200 9.380119 21.686546 0.455135 0.533378 -3.846938 -0.583288 -0.583713 5.567251 0.000001 -0.000000 0.000001 -75.608288 0.159888 -0.190501 46.530394 5.665306 -4.265661 4.676902 8.481830 6.052165 -5.295041 0.000001 0.000002 -0.000001 0.000000 -0.000000 9.359207 -3.583182 15.237379 37.775994 -13.228253 2.257590 -32.625065 -4.436130 -1.735589 -33.123556 0.019757 -0.219750 0.000000 -0.000002 0.000000 
63.535957 81.155861 -31.407902 14.881661 -21.917944 7.857624 35.644797 10.632812 -11.381771 -4.582276 2.895181 -5.011154 -4.435124 2.541213 -5.336301 -8.399752 -1.458619 -1.750387 -14.918516 -8.311861 -6.863061 -0.000000 0.000000 -0.000000 -0.355695 4.509611 3.962782 29.407205 17.666921 -64.522577 177.661908 -112.813217 177.459953 10.561705 0.909128 20.884483 5.749383 15.730122 4.581443 0.785966 -8.193191 -6.181780 -2.059658 -7.533523 -1.148362 0.000000 0.000004 -0.000003 2.273622 -14.890183 12.902606 9.579072 8.775700 -55.296634 5.859732 7.115807 -38.636362 -0.000003 -0.000001 -0.000001 0.404637 -15.576318 -2.705550 1.839738 7.285172 -31.355049 1.859832 6.819540 -34.947080 0.000002 -0.000000 0.000003 -2.690247 -13.975838 -22.108031 -0.740352 3.276075 -12.765345 -0.445378 1.875897 -7.165554 -0.000001 -0.000002 -0.000000 -1.458071 -4.735486 -28.624044 0.139791 -4.151556 0.350253 -0.216114 0.062528 -2.170517 0.000001 0.000000 -0.000001 -1.074242 -5.243508 -11.948710 -58.154819 52.749715 33.592725 -159.744601 87.152326 159.715682 -4.885293 21.900406 -1.154296 -4.017839 -0.410695 -3.081714 8.090795 -24.413934 -0.799704 -1.215538 3.464003 0.176317 -0.000001 0.000000 0.000001 0.691222 8.948548 -11.980691 8.036136 -7.308711 46.506676 3.697354 -4.501133 26.549172 -0.000001 0.000000 -0.000001 0.541203 11.208927 -1.049724 1.724196 -6.032258 28.618062 0.227545 -2.300422 9.268825 0.000001 -0.000001 0.000001 -0.785812 11.063085 11.803360 -0.389332 -3.088012 14.228213 -0.382974 -0.718785 3.126608 -0.000001 0.000000 0.000000 -1.860947 9.420180 21.520092 0.455128 0.533367 -3.846860 -0.584395 -0.586021 5.577885 0.000001 0.000000 0.000001 -75.919690 0.110691 -0.096355 47.172421 5.897518 -4.202612 4.651476 8.178605 5.064635 -5.379050 -0.000001 0.000003 0.000002 0.000001 0.000000 10.709258 -3.861372 14.262161 33.943090 -13.047627 2.047816 -28.113265 -3.165773 -1.354936 -36.663482 0.040446 -0.368848 0.000000 -0.000005 -0.000001 
62.198315 81.891472 -29.797150 16.367539 -22.085010 8.910869 34.294803 10.555776 -13.062319 -4.528062 2.918177 -4.973684 -4.389092 2.570475 -5.292989 -8.179469 -1.451324 -1.857869 -14.696252 -8.583366 -6.017185 0.000001 0.000000 0.000001 -0.351273 4.464297 3.960628 29.172472 18.067642 -63.707080 177.577583 -112.099605 177.382267 9.739877 0.949378 21.943777 5.897142 15.268995 3.948587 1.006407 -7.333151 -5.932042 -1.882346 -7.031945 -1.182404 0.000002 0.000001 0.000000 2.102717 -14.809462 11.761464 9.559947 8.770785 -55.214590 5.826779 7.095783 -38.476686 0.000001 -0.000001 0.000003 0.232582 -15.507904 -3.626201 1.839466 7.284735 -31.352703 1.841693 6.789737 -34.791536 0.000004 0.000000 0.000002 -2.833219 -13.918110 -22.793388 -0.740828 3.279694 -12.780983 -0.438906 1.845428 -7.031153 -0.000002 -0.000002 0.000000 -1.506488 -4.700363 -29.125296 0.139786 -4.151537 0.350204 -0.203374 0.034973 -2.050179 0.000000 -0.000000 -0.000001 -1.082370 -5.061446 -12.612420 -58.733794 52.419656 34.984342 -154.813464 87.682752 154.789749 -4.286491 21.996518 -1.073846 -3.769057 -0.978724 -3.261883 7.905271 -23.199047 -0.556265 -1.311064 3.845504 0.255984 -0.000002 0.000000 0.000001 0.683686 8.862722 -12.467504 8.043985 -7.311298 46.541811 3.691593 -4.496293 26.516987 -0.000000 0.000000 -0.000001 0.572627 11.140626 -1.412399 1.724568 -6.032854 28.621360 0.203875 -2.305242 9.258565 0.000000 0.000000 -0.000001 -0.749442 11.022015 11.580581 -0.389333 -3.087671 14.226634 -0.405160 -0.721159 3.134109 -0.000001 -0.000000 0.000001 -1.842189 9.413940 21.412662 0.455154 0.533406 -3.846932 -0.586841 -0.591106 5.601304 -0.000000 0.000000 -0.000002 -76.114037 -0.034057 0.160478 47.654554 6.147340 -4.090731 4.818616 7.772365 3.937418 -5.572850 0.000006 0.000008 -0.000002 0.000000 -0.000000 11.991342 -4.350591 13.627175 29.859770 -12.253853 1.554211 -22.215861 -2.013256 -1.351512 -41.462585 0.100060 -0.697264 0.000000 0.000000 -0.000000 
60.540112 82.696976 -28.429554 17.866411 -22.190407 9.785597 32.631208 10.743742 -14.577417 -4.176363 2.936839 -4.972063 -4.044240 2.599842 -5.273578 -8.022855 -1.425480 -2.038358 -14.554646 -8.886566 -5.111582 0.000003 0.000000 -0.000000 -0.328788 4.301141 3.932864 28.655751 18.406351 -62.801800 177.470964 -111.256378 177.283434 8.853262 0.881286 23.194487 6.098918 14.848724 3.258596 1.213224 -6.504783 -5.691098 -1.723180 -6.585284 -1.212468 -0.000005 0.000001 -0.000002 1.898307 -14.691996 10.434691 9.533258 8.763856 -55.100014 5.773009 7.062875 -38.215841 -0.000001 0.000001 -0.000001 0.025371 -15.384948 -4.727832 1.838453 7.283021 -31.343847 1.816404 6.747870 -34.573608 -0.000001 -0.000000 0.000000 -2.998491 -13.781339 -23.657164 -0.741639 3.285889 -12.807688 -0.431639 1.811754 -6.882636 -0.000003 -0.000001 -0.000000 -1.540661 -4.587293 -29.813516 0.139708 -4.151389 0.349539 -0.193288 0.013301 -1.955411 0.000001 -0.000000 -0.000000 -1.105910 -5.008017 -13.147687 -59.506193 51.910066 36.320426 -147.499438 88.164314 147.480832 -3.567339 22.086137 -1.015580 -3.568394 -1.437855 -3.402920 7.751623 -22.240003 -0.369385 -1.387147 4.147616 0.319595 -0.000001 0.000001 0.000000 0.650057 8.691417 -12.851280 8.031516 -7.307191 46.485981 3.668500 -4.476798 26.387794 -0.000000 0.000001 0.000002 0.587402 10.989644 -1.684490 1.719014 -6.023619 28.570393 0.180848 -2.295262 9.183257 0.000001 -0.000000 -0.000001 -0.715228 10.904140 11.436369 -0.389310 -3.082788 14.204015 -0.422659 -0.718565 3.119347 0.000000 -0.000000 0.000004 -1.819675 9.354014 21.382363 0.455136 0.533393 -3.846959 -0.590651 -0.599045 5.638074 -0.000001 0.000000 0.000001 -75.931473 -0.339238 0.722561 47.397531 6.366989 -3.891583 5.543609 7.207988 2.599767 -5.853971 0.000004 0.000006 -0.000000 -0.000001 -0.000000 12.926882 -4.976556 13.333746 25.950127 -10.591225 1.209730 -14.900092 -1.077548 -1.999724 -47.402821 0.271666 -1.405910 0.000000 -0.000001 0.000000 
59.033955 83.458183 -26.587391 19.274196 -22.225074 10.430908 30.854212 11.153629 -15.873472 -3.621659 2.955472 -5.011980 -3.494120 2.632205 -5.287824 -7.944586 -1.381480 -2.280932 -14.495331 -9.200301 -4.190334 0.000001 -0.000000 -0.000000 -0.282224 4.007777 3.816618 27.938470 18.732508 -61.734692 177.328841 -110.223783 177.150833 7.982464 0.645142 24.515391 6.349177 14.524546 2.572863 1.366607 -5.865960 -5.506243 -1.606179 -6.259199 -1.234765 -0.000002 -0.000003 0.000002 1.676270 -14.542026 9.022063 9.497702 8.754552 -54.947250 5.693978 7.013867 -37.830970 -0.000001 -0.000000 0.000000 -0.197559 -15.214615 -5.916879 1.835696 7.278460 -31.320031 1.782587 6.691349 -34.280098 -0.000000 -0.000000 0.000003 -3.166886 -13.578499 -24.611210 -0.742613 3.293409 -12.840120 -0.423446 1.774147 -6.716647 -0.000002 -0.000000 -0.000000 -1.555111 -4.411629 -30.604104 0.136617 -4.144964 0.320695 -0.186304 -0.001672 -1.889898 0.000003 -0.000001 -0.000001 -1.142169 -5.049007 -13.555442 -60.323438 51.213400 37.516996 -137.804626 88.531334 137.790269 -2.838724 22.078909 -0.994678 -3.409636 -1.794767 -3.504359 7.643142 -21.590759 -0.246746 -1.440363 4.358120 0.364448 -0.000001 0.000001 0.000000 0.587615 8.427326 -13.088949 8.000207 -7.296809 46.345897 3.629560 -4.443712 26.169361 -0.000000 0.000001 -0.000001 0.582088 10.750963 -1.833242 1.708249 -6.005685 28.471555 0.158629 -2.271494 9.047984 0.000000 -0.000000 0.000003 -0.685428 10.706127 11.391882 -0.389287 -3.074043 14.163566 -0.435673 -0.711497 3.084567 0.000001 -0.000001 0.000000 -1.794427 9.238257 21.441299 0.455134 0.533385 -3.846958 -0.595848 -0.609934 5.688320 -0.000001 0.000000 0.000001 -75.883395 -0.610229 1.057317 47.871003 6.808869 -3.611129 5.758853 6.438143 1.486326 -6.180448 0.000007 0.000005 0.000001 0.000001 0.000000 14.084191 -5.317196 12.628900 21.829986 -8.189650 1.312016 -6.161730 -0.638040 -1.273064 -53.808876 0.804707 -3.153382 0.000000 -0.000001 0.000000 
57.472782 84.248352 -24.962334 20.500369 -22.216172 10.806276 29.173077 11.722981 -16.936222 -2.985172 2.974329 -5.078951 -2.860048 2.666301 -5.326194 -7.950428 -1.320999 -2.571723 -14.515544 -9.505056 -3.294685 -0.000000 0.000000 -0.000000 -0.213197 3.615424 3.539912 27.099339 19.100199 -60.438227 177.136680 -108.970935 176.970201 7.201832 0.171542 25.779355 6.634632 14.343927 1.962918 1.436723 -5.548491 -5.415091 -1.552436 -6.110672 -1.246288 -0.000000 0.000003 -0.000001 1.458421 -14.371182 7.654773 9.453476 8.742850 -54.757203 5.589644 6.948041 -37.320526 0.000001 0.000002 -0.000001 -0.411660 -15.013314 -7.073052 1.830460 7.269766 -31.274722 1.740452 6.619973 -33.910841 0.000003 0.000002 -0.000001 -3.316875 -13.333976 -25.545408 -0.743557 3.300686 -12.871562 -0.414223 1.732502 -6.532658 -0.000001 -0.000001 -0.000002 -1.546610 -4.198337 -31.392721 0.132000 -4.135411 0.277718 -0.182239 -0.010338 -1.851962 0.000001 -0.000001 -0.000002 -1.183961 -5.126004 -13.886236 -61.070702 50.336715 38.573681 -127.662000 88.753828 127.650539 -2.198146 21.947727 -1.044642 -3.289116 -2.059001 -3.573883 7.588083 -21.281191 -0.192134 -1.468681 4.470369 0.389133 -0.000001 -0.000001 0.000000 0.499191 8.076151 -13.163183 7.952909 -7.280967 46.133994 3.577239 -4.398862 25.874797 -0.000000 -0.000000 0.000001 0.557247 10.431064 -1.845160 1.693318 -5.980667 28.333764 0.137466 -2.235879 8.861713 0.000000 -0.000000 0.000003 -0.660901 10.433840 11.456145 -0.389250 -3.062324 14.109301 -0.444434 -0.700777 3.033688 0.000002 0.000000 0.000001 -1.767366 9.069782 21.594254 0.455138 0.533389 -3.846990 -0.602429 -0.623718 5.751892 0.000000 0.000001 0.000000 -75.435328 -0.956784 1.488315 47.751034 7.324061 -3.216277 6.288353 5.522953 0.380710 -6.497019 0.000003 0.000006 0.000001 0.000000 -0.000000 14.089926 -5.689417 11.624274 19.300525 -6.247349 1.517602 3.832718 -0.286658 3.735462 -60.775235 2.153847 -6.194882 0.000000 0.000001 -0.000000 
55.611069 84.887589 -23.080870 21.465094 -22.151864 10.915915 27.764444 12.308186 -17.777958 -2.381967 2.989550 -5.145813 -2.258188 2.696786 -5.366079 -8.037620 -1.247012 -2.895000 -14.610297 -9.785199 -2.460327 0.000001 -0.000000 -0.000000 -0.132792 3.197166 3.053575 26.184435 19.538374 -58.874339 176.878185 -107.505449 176.725148 6.582501 -0.579614 26.860182 6.932375 14.337221 1.500889 1.410319 -5.620139 -5.433723 -1.575863 -6.177466 -1.245320 0.000002 0.000002 0.000002 1.269810 -14.200943 6.481344 9.402891 8.729235 -54.539498 5.466299 6.868524 -36.713489 -0.000001 -0.000000 -0.000002 -0.591169 -14.807901 -8.062904 1.822471 7.256411 -31.205307 1.692419 6.537279 -33.484938 -0.000001 0.000001 0.000000 -3.429063 -13.082575 -26.341220 -0.744238 3.306045 -12.894743 -0.404217 1.688017 -6.336004 -0.000000 0.000000 0.000001 -1.516262 -3.979676 -32.068356 0.126793 -4.124550 0.229003 -0.180467 -0.014155 -1.835211 0.000002 0.000000 0.000000 -1.221791 -5.176431 -14.199821 -61.692195 49.316787 39.550173 -120.597290 88.853904 120.587987 -1.694273 21.726857 -1.209230 -3.206143 -2.241340 -3.625952 7.586302 -21.300029 -0.202350 -1.472823 4.488177 0.394498 -0.000002 -0.000001 -0.000000 0.392654 7.656193 -13.084175 7.892904 -7.260578 45.864772 3.514349 -4.344318 25.519040 -0.000000 0.000000 -0.000001 0.517294 10.047165 -1.727754 1.675231 -5.950165 28.166143 0.117879 -2.190613 8.634887 -0.000001 -0.000001 0.000002 -0.640971 10.101507 11.624493 -0.389170 -3.048422 14.045034 -0.449045 -0.687412 2.971214 0.000002 -0.000000 0.000002 -1.739161 8.856511 21.837356 0.455140 0.533392 -3.846987 -0.610304 -0.640298 5.828349 0.000000 0.000000 -0.000001 -75.217178 -1.391924 1.965213 48.703084 7.834111 -2.752132 6.067888 4.524377 -0.405516 -6.745077 0.000004 0.000006 -0.000001 -0.000000 -0.000000 17.358350 -5.416753 11.184062 11.313183 -5.257232 1.596846 16.434887 0.833052 9.420436 -68.040166 4.191861 -8.541199 0.000000 0.000002 0.000000 
53.983658 85.556450 -21.398735 22.121144 -22.044656 10.786499 26.745412 12.787346 -18.441195 -1.891807 2.994410 -5.182426 -1.769612 2.715775 -5.380448 -8.196325 -1.163836 -3.233933 -14.774563 -10.030668 -1.715257 0.000001 0.000001 0.000001 -0.056922 2.848189 2.352443 25.191409 20.036333 -57.051832 176.534627 -105.866996 176.396534 6.193543 -1.572850 27.642814 7.208737 14.510812 1.249845 1.292375 -6.067575 -5.552770 -1.680201 -6.471014 -1.231751 -0.000000 0.000005 -0.000000 1.135276 -14.062084 5.650149 9.350240 8.714876 -54.312756 5.336798 6.783005 -36.071646 0.000001 -0.000001 0.000001 -0.713164 -14.633899 -8.755903 1.811939 7.238846 -31.113759 1.643189 6.450962 -33.042481 0.000004 -0.000001 0.000001 -3.489679 -12.866089 -26.885798 -0.744499 3.307816 -12.902344 -0.394058 1.643571 -6.139354 -0.000003 0.000000 -0.000000 -1.470353 -3.791468 -32.526109 0.122304 -4.115233 0.187195 -0.179903 -0.015326 -1.830064 0.000001 0.000001 -0.000004 -1.246381 -5.152449 -14.532827 -62.191147 48.220114 40.521999 -118.674018 88.875583 118.665098 -1.292772 21.478869 -1.527283 -3.162601 -2.352741 -3.679316 7.628252 -21.588215 -0.265678 -1.456843 4.427640 0.383844 0.000000 0.000000 0.000001 0.278814 7.196280 -12.887249 7.823378 -7.236560 45.552362 3.443610 -4.282144 25.116658 -0.000001 -0.000000 0.000001 0.469053 9.625188 -1.508169 1.654842 -5.915544 27.976258 0.100574 -2.137855 8.377872 0.000002 0.000000 -0.000001 -0.623964 9.730077 11.878599 -0.389096 -3.032992 13.973618 -0.449290 -0.672341 2.901422 -0.000001 -0.000001 0.000002 -1.710239 8.610457 22.157275 0.455133 0.533382 -3.846877 -0.619408 -0.659487 5.916831 -0.000001 -0.000000 -0.000001 -74.689929 -1.799122 2.308111 49.233469 8.465561 -2.195498 6.089635 3.529357 -1.042998 -6.876320 0.000008 0.000006 0.000000 -0.000001 0.000000 17.851490 -5.506011 11.047789 9.549579 -3.517848 1.672517 22.790658 1.623897 12.476489 -61.438822 4.402351 -11.431802 0.000001 0.000004 -0.000000 
52.446400 86.189903 -19.767803 22.446259 -21.871632 10.440072 26.150877 13.048665 -18.942643 -1.542101 2.981370 -5.163694 -1.423164 2.715296 -5.345211 -8.411338 -1.077042 -3.571235 -15.004836 -10.237888 -1.078449 0.000001 -0.000000 -0.000001 0.002606 2.654045 1.477774 24.073587 20.545189 -55.030336 176.079695 -104.109124 175.957585 6.100168 -2.669464 28.038900 7.421055 14.843374 1.252913 1.103542 -6.806985 -5.742540 -1.857857 -6.973202 -1.206949 0.000001 -0.000003 0.000002 1.075606 -13.990561 5.287103 9.301367 8.701325 -54.102096 5.218686 6.703173 -35.482259 0.000001 -0.000001 -0.000001 -0.760883 -14.530462 -9.042679 1.799653 7.218208 -31.006586 1.598984 6.372122 -32.640128 -0.000003 -0.000000 0.000000 -3.492274 -12.727483 -27.086312 -0.744037 3.304405 -12.887628 -0.384777 1.603510 -5.962003 0.000000 -0.000001 0.000000 -1.419327 -3.668584 -32.679641 0.119876 -4.110147 0.164399 -0.179456 -0.016277 -1.825923 0.000000 -0.000000 0.000000 -1.251126 -5.033916 -14.885677 -62.610104 47.126301 41.537580 -121.197827 88.846691 121.188265 -0.870652 21.252291 -2.012984 -3.161614 -2.403518 -3.753826 7.697306 -22.046891 -0.362801 -1.427647 4.315390 0.362457 0.000001 -0.000001 0.000001 0.168646 6.731591 -12.625401 7.747191 -7.209782 45.209323 3.367498 -4.214240 24.680933 -0.000000 -0.000000 0.000001 0.419890 9.196127 -1.228198 1.632801 -5.877836 27.769736 0.086312 -2.079551 8.100174 -0.000000 0.000000 0.000001 -0.607986 9.344563 12.188727 -0.388958 -3.016379 13.896767 -0.444886 -0.656339 2.828044 0.000001 -0.000000 0.000000 -1.680883 8.346621 22.531566 0.455137 0.533389 -3.846941 -0.629555 -0.681001 6.015939 -0.000001 -0.000000 -0.000001 -74.218297 -2.207253 2.543529 50.422413 9.135030 -1.604766 4.499206 2.616511 -1.663879 -6.866187 0.000010 0.000006 0.000001 -0.000001 0.000000 18.700469 -5.411646 11.024507 7.789939 -2.233587 1.656118 27.748866 2.541075 15.880164 -52.826582 4.009357 -13.069505 0.000003 0.000002 0.000001 
50.858105 86.680588 -17.939903 22.453306 -21.615662 9.924116 25.950421 13.036785 -19.314665 -1.308452 2.944492 -5.074313 -1.195409 2.689933 -5.244108 -8.663740 -0.993242 -3.889817 -15.299854 -10.409762 -0.559117 0.000003 0.000000 -0.000000 0.044122 2.658347 0.505265 22.761865 20.991150 -52.910573 175.470251 -102.278319 175.364765 6.363247 -3.641557 28.002225 7.524247 15.284469 1.522551 0.873818 -7.714857 -5.965518 -2.090625 -7.636730 -1.173491 0.000004 0.000004 -0.000003 1.104977 -14.020492 5.471703 9.262519 8.690434 -53.934452 5.131247 6.642922 -35.043313 0.000001 0.000001 0.000000 -0.725371 -14.533078 -8.854459 1.786645 7.196354 -30.892939 1.566591 6.313476 -32.341895 -0.000005 0.000000 -0.000000 -3.437164 -12.703703 -26.884333 -0.742763 3.294508 -12.844901 -0.377616 1.573056 -5.827077 -0.000003 0.000001 0.000000 -1.374858 -3.639986 -32.472854 0.120053 -4.110475 0.165885 -0.178205 -0.019020 -1.813876 0.000000 -0.000000 0.000001 -1.234393 -4.832973 -15.230627 -63.001125 46.104501 42.593224 -126.205271 88.777419 126.194384 -0.258626 21.056860 -2.639993 -3.205777 -2.402836 -3.866153 7.774112 -22.557548 -0.470151 -1.393581 4.183560 0.336682 -0.000000 0.000000 0.000002 0.070786 6.297887 -12.357909 7.666795 -7.180951 44.846605 3.288208 -4.142372 24.223896 -0.000000 0.000000 -0.000005 0.375896 8.791404 -0.936217 1.609596 -5.837745 27.550847 0.075643 -2.017525 7.810150 0.000001 0.000001 -0.000000 -0.591599 8.970966 12.518022 -0.388810 -2.998761 13.815291 -0.435683 -0.640037 2.753823 -0.000000 0.000000 0.000001 -1.651431 8.081741 22.930135 0.455139 0.533384 -3.846988 -0.640533 -0.704363 6.123374 -0.000001 0.000001 -0.000001 -73.670851 -2.602340 2.695115 52.091735 9.759197 -0.962388 2.610692 1.829668 -2.404995 -6.719457 0.000002 0.000005 -0.000000 -0.000001 -0.000000 17.954969 -5.493525 10.847098 9.848986 -1.493778 1.586496 29.262036 3.318952 19.388841 -41.552607 1.993105 -8.679223 0.000001 -0.000001 -0.000001 
49.285213 87.134300 -16.267750 22.190132 -21.273705 9.275066 26.061712 12.779970 -19.572003 -1.131504 2.881616 -4.910686 -1.027276 2.638817 -5.071249 -8.932411 -0.919579 -4.173448 -15.660080 -10.554632 -0.156798 0.000001 0.000000 0.000001 0.074777 2.842237 -0.474310 21.196177 21.296098 -50.816662 174.624851 -100.399655 174.536345 7.042420 -4.231381 27.535622 7.480786 15.755909 2.031434 0.634996 -8.661812 -6.188965 -2.351570 -8.388047 -1.134725 0.000006 0.000004 0.000004 1.229761 -14.176768 6.215963 9.239110 8.683827 -53.833403 5.091992 6.615526 -34.845515 -0.000000 -0.000000 -0.000002 -0.605826 -14.666395 -8.179574 1.774132 7.175184 -30.783143 1.552075 6.286947 -32.207313 0.000000 0.000001 -0.000002 -3.330001 -12.818900 -26.267868 -0.740490 3.277168 -12.770028 -0.373924 1.557434 -5.757851 -0.000004 0.000001 -0.000000 -1.346544 -3.724413 -31.889754 0.122334 -4.115250 0.187349 -0.175510 -0.024699 -1.789023 -0.000002 -0.000001 -0.000001 -1.201128 -4.589199 -15.527706 -63.396682 45.195621 43.632242 -132.046763 88.671579 132.034291 0.678306 20.871571 -3.337780 -3.295406 -2.358442 -4.025962 7.841133 -23.006031 -0.564249 -1.362756 4.063630 0.312728 -0.000000 -0.000003 0.000000 -0.009689 5.926125 -12.138158 7.584356 -7.150778 44.473834 3.207755 -4.068289 23.756909 0.000001 0.000001 -0.000000 0.340822 8.438575 -0.678356 1.585588 -5.795933 27.323000 0.068892 -1.953389 7.515294 0.000000 -0.000001 0.000005 -0.574411 8.633292 12.827748 -0.388615 -2.980216 13.729473 -0.421882 -0.623822 2.680491 -0.000000 0.000000 0.000003 -1.622554 7.832822 23.317615 0.455131 0.533364 -3.846884 -0.651956 -0.728815 6.235737 -0.000002 0.000000 -0.000002 -72.796573 -2.970133 2.849268 53.385148 10.232137 -0.285737 0.958270 1.217431 -3.182143 -6.464850 0.000002 0.000007 -0.000000 -0.000002 -0.000000 15.509813 -5.851499 10.524610 15.374541 -1.472688 1.529050 27.866427 3.727538 22.503474 -25.905038 0.168770 -2.107797 0.000002 -0.000001 0.000002 
47.802670 87.566513 -14.757583 21.730332 -20.838262 8.529417 26.377176 12.350771 -19.714433 -0.943302 2.795607 -4.681115 -0.850491 2.566276 -4.832393 -9.195175 -0.863030 -4.407720 -16.086200 -10.684491 0.137992 -0.000000 0.000001 0.000001 0.103863 3.124445 -1.369768 19.353916 21.399157 -48.875495 173.371757 -98.473248 173.300682 8.194192 -4.235738 26.685460 7.271753 16.157562 2.709718 0.416197 -9.529342 -6.390552 -2.608160 -9.133645 -1.094415 0.000004 0.000001 -0.000001 1.448564 -14.469785 7.454667 9.234692 8.682549 -53.814258 5.113860 6.630809 -34.955754 0.000003 -0.000002 -0.000000 -0.408727 -14.939536 -7.070980 1.763194 7.156524 -30.686568 1.559989 6.301436 -32.280837 0.000005 0.000001 -0.000000 -3.179641 -13.080487 -25.276655 -0.737177 3.252008 -12.661364 -0.374774 1.561038 -5.773828 0.000001 0.000002 -0.000001 -1.339233 -3.927637 -30.958792 0.125546 -4.121959 0.217405 -0.171552 -0.033144 -1.752098 0.000002 -0.000000 0.000000 -1.161983 -4.357190 -15.740296 -63.789104 44.408698 44.562582 -137.918513 88.528104 137.904156 1.964019 20.678635 -4.005077 -3.427393 -2.276637 -4.233697 7.885616 -23.303470 -0.626369 -1.341697 3.980803 0.295546 0.000001 -0.000001 0.000001 -0.070643 5.639218 -12.004157 7.501755 -7.119948 44.099437 3.128074 -3.993669 23.290916 -0.000001 0.000001 -0.000000 0.316254 8.158819 -0.491164 1.561159 -5.752953 27.089432 0.065975 -1.888759 7.222221 0.000000 -0.000000 -0.000000 -0.556938 8.351802 13.082006 -0.388383 -2.960751 13.639465 -0.404092 -0.607869 2.608631 -0.000000 0.000001 -0.000001 -1.595174 7.616152 23.656478 0.455097 0.533345 -3.846710 -0.663339 -0.753300 6.348188 -0.000000 0.000001 0.000000 -71.678184 -3.287262 2.995749 54.296281 10.498758 0.386780 -0.463095 0.789617 -3.895668 -6.144907 0.000005 0.000008 -0.000000 -0.000001 0.000000 12.922789 -6.274080 10.063401 21.301217 -2.369079 1.610316 25.282731 3.813096 24.866506 -16.861393 0.000012 0.000020 -0.000003 0.000004 -0.000000 
46.382587 87.949112 -13.346173 21.166970 -20.318226 7.726071 26.791762 11.853008 -19.740401 -0.693711 2.694149 -4.404832 -0.613795 2.480884 -4.544981 -9.429880 -0.829534 -4.581103 -16.577062 -10.812546 0.342471 -0.000000 0.000000 0.000001 0.135865 3.382400 -2.101389 17.265298 21.272786 -47.196522 171.291842 -96.480766 171.238757 9.850412 -3.578890 25.532116 6.904616 16.380289 3.451459 0.335606 -9.937537 -6.452558 -2.826273 -9.770710 -1.056296 0.000002 0.000002 0.000002 1.752128 -14.893262 9.050098 9.250096 8.686932 -53.880866 5.202909 6.692368 -35.403213 -0.000001 -0.000001 0.000001 -0.147153 -15.344515 -5.642314 1.754557 7.141780 -30.610333 1.592709 6.360804 -32.582543 0.000004 0.000001 0.000000 -2.997113 -13.477957 -23.998817 -0.732809 3.219467 -12.520829 -0.380784 1.586528 -5.886787 -0.000002 0.000000 -0.000001 -1.352191 -4.241633 -29.749954 0.128533 -4.128171 0.245257 -0.166973 -0.042860 -1.709436 0.000001 0.000002 0.000000 -1.129355 -4.189738 -15.841627 -64.125689 43.730102 45.284492 -143.595616 88.337978 143.578855 3.485773 20.494505 -4.540644 -3.594935 -2.162652 -4.480361 7.900846 -23.400353 -0.645889 -1.334282 3.950120 0.288093 -0.000000 -0.000001 0.000001 -0.111417 5.451944 -11.972090 7.420545 -7.089031 43.730539 3.050919 -3.920251 22.836410 0.000001 0.000001 -0.000003 0.302133 7.966909 -0.396042 1.536653 -5.709417 26.853428 0.066729 -1.824953 6.936591 -0.000000 0.000000 -0.000003 -0.540578 8.142704 13.252678 -0.388120 -2.940430 13.545490 -0.383055 -0.592060 2.537607 0.000001 0.000001 0.000001 -1.570736 7.446497 23.911311 0.455085 0.533298 -3.846517 -0.674052 -0.776459 6.454451 0.000001 0.000000 0.000002 -70.470279 -3.572597 3.179687 55.037876 10.511589 1.016251 -1.787057 0.534062 -4.544226 -5.805778 0.000005 0.000007 0.000000 -0.000001 -0.000000 10.050988 -6.816682 9.412769 27.685890 -4.015423 1.834229 21.849980 3.525548 26.382220 -12.717160 0.000015 0.000021 -0.000001 0.000001 0.000001 
45.075302 88.233429 -11.860279 20.597383 -19.739310 6.897807 27.221364 11.389601 -19.645371 -0.367471 2.588067 -4.109544 -0.300571 2.393173 -4.236252 -9.615399 -0.823055 -4.686032 -17.127355 -10.950564 0.479678 -0.000000 0.000000 0.000001 0.168607 3.487524 -2.604948 15.010406 20.925548 -45.855305 167.091863 -94.403091 167.057630 11.972931 -2.338248 24.188422 6.413882 16.324897 4.130030 0.363106 -9.952255 -6.427011 -2.974891 -10.201132 -1.023335 0.000001 0.000001 0.000001 2.122073 -15.424833 10.808750 9.283105 8.696219 -54.023241 5.356359 6.796038 -36.168854 -0.000001 0.000001 -0.000000 0.158973 -15.857126 -4.053865 1.748663 7.131727 -30.558277 1.649681 6.462406 -33.101084 -0.000001 0.000001 0.000001 -2.795527 -13.984076 -22.559686 -0.727576 3.181195 -12.355495 -0.391879 1.634129 -6.097563 0.000002 -0.000001 0.000000 -1.380163 -4.645011 -28.365354 0.131067 -4.133403 0.268792 -0.163011 -0.051286 -1.672482 0.000004 0.000002 0.000001 -1.112074 -4.121210 -15.814810 -64.322057 43.137883 45.718523 -148.979116 88.086149 148.959623 5.035395 20.368915 -4.879482 -3.787798 -2.021379 -4.748899 7.886358 -23.293708 -0.622453 -1.341099 3.974280 0.291040 -0.000001 -0.000001 0.000001 -0.131075 5.373157 -12.033108 7.341874 -7.058517 43.372336 2.977878 -3.849658 22.402956 -0.000001 0.000001 -0.000001 0.297673 7.872858 -0.395435 1.512398 -5.665917 26.618099 0.071194 -1.762978 6.662751 0.000002 0.000001 -0.000003 -0.527358 8.018616 13.323811 -0.387798 -2.919343 13.447877 -0.359295 -0.576004 2.465498 -0.000000 0.000001 -0.000002 -1.551002 7.336273 24.053681 0.455061 0.533268 -3.846314 -0.683354 -0.796665 6.547016 -0.000001 0.000000 0.000001 -69.371622 -3.821833 3.368891 55.981316 10.299982 1.569575 -3.261011 0.430130 -5.092614 -5.489641 0.000001 0.000008 -0.000000 -0.000001 0.000000 7.034612 -7.466021 8.603619 34.110183 -6.072026 1.960957 18.079690 2.825771 27.211856 -9.956292 0.000005 0.000020 0.000001 0.000001 -0.000002 
43.976528 88.551880 -10.720306 20.105536 -19.147776 6.066994 27.616821 11.039776 -19.429426 0.011549 2.488672 -3.826683 0.066865 2.312840 -3.938645 -9.732467 -0.844800 -4.719919 -17.726224 -11.106333 0.576296 0.000001 -0.000000 -0.000001 0.197033 3.341991 -2.835260 12.699893 20.391263 -44.882529 154.309655 -92.272550 154.295408 14.402888 -0.705501 22.809598 5.853044 15.921622 4.619179 0.368262 -9.937641 -6.478908 -3.029984 -10.346392 -0.997289 0.000002 0.000002 0.000003 2.528416 -16.028956 12.505371 9.328134 8.708743 -54.217447 5.561089 6.929798 -37.180312 0.000002 0.000001 -0.000001 0.481859 -16.439864 -2.492577 1.745550 7.126382 -30.530666 1.726780 6.596593 -33.790250 0.000002 -0.000000 -0.000000 -2.591051 -14.557869 -21.105734 -0.721844 3.140374 -12.179061 -0.407173 1.701104 -6.393858 -0.000001 -0.000002 0.000002 -1.415682 -5.104910 -26.925400 0.134143 -4.139828 0.297556 -0.161247 -0.055014 -1.656093 -0.000000 -0.000002 -0.000000 -1.111106 -4.156072 -15.650755 -64.287407 42.612765 45.825949 -153.911442 87.757467 153.888410 6.392048 20.349534 -5.014288 -3.993164 -1.858252 -5.016900 7.847778 -23.026174 -0.565745 -1.359599 4.043284 0.302480 -0.000003 -0.000001 0.000001 -0.127400 5.408359 -12.153181 7.266254 -7.028648 43.027149 2.910127 -3.783184 21.998098 0.000000 -0.000001 0.000003 0.301795 7.883620 -0.471459 1.488647 -5.622896 26.385924 0.079953 -1.703281 6.403153 0.000001 0.000001 -0.000002 -0.519761 7.989143 13.294781 -0.387439 -2.897567 13.347094 -0.332661 -0.559011 2.389009 0.000000 0.000001 -0.000002 -1.538091 7.294848 24.066858 0.455044 0.533236 -3.846176 -0.690416 -0.812054 6.617538 -0.000000 0.000000 -0.000001 -68.266969 -4.040489 3.641293 56.333303 9.868601 2.069695 -4.282344 0.423799 -5.480183 -5.229429 0.000004 0.000006 -0.000001 -0.000000 0.000000 3.112824 -8.287086 7.477373 41.106910 -8.204053 2.179712 14.436655 1.632366 27.166714 -8.238042 -0.000012 0.000005 -0.000002 0.000001 -0.000001 
42.863544 88.791199 -9.614334 19.742693 -18.583478 5.247985 27.969406 10.821510 -19.096312 0.388854 2.405107 -3.584763 0.435247 2.246447 -3.682762 -9.765113 -0.892703 -4.685707 -18.356641 -11.281584 0.660109 0.000000 0.000000 0.000001 0.219002 2.903936 -2.772921 10.446227 19.709863 -44.261685 71.265231 -91.040869 71.271781 16.842181 1.096587 21.597094 5.279946 15.144526 4.814753 0.522990 -9.361411 -6.422458 -2.977354 -10.158989 -0.978291 0.000002 0.000005 0.000000 2.928190 -16.661425 13.911008 9.376943 8.722175 -54.427742 5.793726 7.075609 -38.316490 -0.000002 0.000001 -0.000000 0.785702 -17.045927 -1.148155 1.744893 7.125257 -30.524856 1.816171 6.747534 -34.571774 0.000002 0.000001 0.000001 -2.403167 -15.149032 -19.785007 -0.716350 3.101902 -12.012648 -0.425128 1.781857 -6.750655 -0.000003 -0.000000 0.000001 -1.451813 -5.580471 -25.551698 0.139322 -4.150603 0.345950 -0.163482 -0.050281 -1.676939 0.000002 -0.000001 -0.000001 -1.118484 -4.265711 -15.347111 -63.950515 42.143415 45.614957 -158.210991 87.343762 158.183821 7.399193 20.438667 -4.989244 -4.196743 -1.680062 -5.259831 7.795776 -22.675318 -0.492780 -1.384541 4.137073 0.318662 0.000002 0.000000 0.000001 -0.096954 5.561112 -12.277407 7.193327 -6.999353 42.693573 2.848281 -3.721683 21.626136 0.000000 0.000001 -0.000002 0.313366 8.003920 -0.587762 1.465473 -5.580552 26.157963 0.094325 -1.645570 6.157714 0.000001 0.000000 -0.000003 -0.520412 8.060743 13.180994 -0.387019 -2.875168 13.243447 -0.302143 -0.540132 2.303650 0.000001 0.000001 -0.000004 -1.533991 7.327725 23.948615 0.455042 0.533242 -3.846103 -0.694424 -0.820801 6.657609 -0.000000 -0.000000 -0.000001 -67.334313 -4.299166 4.092103 56.770931 9.238634 2.492938 -5.363144 0.487330 -5.872868 -5.045611 0.000008 0.000004 -0.000000 0.000001 -0.000000 -0.951432 -9.125835 6.122932 47.521649 -10.253576 2.460515 11.460964 0.131505 26.191791 -7.384857 0.000011 0.000027 0.000001 0.000001 -0.000000 
41.875790 88.987076 -8.611700 19.520435 -18.094865 4.449870 28.312755 10.711977 -18.668500 0.695261 2.342580 -3.402365 0.736069 2.196398 -3.489748 -9.701824 -0.961353 -4.591972 -18.996315 -11.470796 0.757446 0.000000 0.000000 0.000001 0.238640 2.193186 -2.426173 8.334578 18.911209 -43.934567 19.150208 -93.002588 19.179670 18.900117 2.887897 20.772243 4.741370 14.017523 4.653498 1.067307 -7.458872 -5.977259 -2.814078 -9.629850 -0.965039 0.000001 0.000002 -0.000004 3.268399 -17.274660 14.825957 9.419810 8.733818 -54.612369 6.023205 7.213204 -39.424156 0.000000 0.000001 -0.000002 1.030118 -17.625056 -0.184615 1.746276 7.127648 -30.537178 1.906775 6.895821 -35.346277 -0.000001 0.000000 0.000000 -2.252721 -15.704804 -18.723531 -0.712033 3.072255 -11.884425 -0.443854 1.868707 -7.133873 0.000002 0.000001 0.000000 -1.483756 -6.029174 -24.346406 0.139794 -4.151567 0.350232 -0.171388 -0.033461 -1.750668 0.000002 -0.000001 -0.000000 -1.119540 -4.394670 -14.909453 -63.275767 41.726271 45.131616 -161.780311 86.847372 161.748565 8.000602 20.572084 -4.874258 -4.384213 -1.495501 -5.455104 7.743741 -22.332246 -0.422805 -1.409469 4.230885 0.334972 -0.000002 -0.000001 0.000000 -0.036620 5.832340 -12.339311 7.121869 -6.970154 42.365970 2.792213 -3.665232 21.286838 0.000000 0.000001 -0.000004 0.330880 8.235231 -0.695661 1.442797 -5.538696 25.933207 0.116050 -1.588818 5.923473 0.000001 0.000001 -0.000002 -0.531590 8.235481 13.011443 -0.386548 -2.852097 13.136796 -0.266067 -0.518235 2.204196 0.000001 -0.000000 0.000000 -1.540165 7.435612 23.712033 0.455039 0.533239 -3.846152 -0.694663 -0.821336 6.659952 -0.000001 0.000001 -0.000001 -66.580827 -4.553729 4.648188 57.159220 8.521828 2.855142 -6.381905 0.578844 -6.176343 -4.944737 -0.000000 0.000004 -0.000000 0.000000 0.000000 -5.388671 -9.868987 4.450515 53.441924 -11.967712 2.740465 9.320749 -1.561036 24.526535 -7.262216 0.000014 0.000025 0.000000 -0.000001 -0.000000 
40.922447 89.144562 -7.750900 19.409557 -17.716151 3.666895 28.710895 10.654077 -18.169869 0.864447 2.301869 -3.283275 0.902903 2.161281 -3.365757 -9.537207 -1.042411 -4.452209 -19.619922 -11.661016 0.890702 0.000001 -0.000000 -0.000000 0.264681 1.276697 -1.833552 6.402854 18.009979 -43.813099 10.302499 -95.495860 10.354922 20.206932 4.542176 20.519623 4.263555 12.613318 4.126168 1.855065 -4.553251 -5.266749 -2.549320 -8.791079 -0.955485 0.000003 -0.000000 -0.000002 3.495203 -17.821756 15.116247 9.447554 8.741258 -54.731703 6.215669 7.324044 -40.344042 0.000001 -0.000001 0.000003 1.178304 -18.128915 0.291171 1.749463 7.133092 -30.565319 1.985995 7.021871 -36.010144 -0.000000 0.000000 0.000001 -2.156253 -16.177889 -17.999369 -0.710104 3.059174 -11.827839 -0.461468 1.953145 -7.505835 -0.000000 0.000000 0.000001 -1.508580 -6.414900 -23.369887 0.139784 -4.151545 0.350239 -0.186189 -0.001873 -1.888996 0.000004 -0.000002 0.000002 -1.098077 -4.473853 -14.352999 -62.264824 41.362290 44.439683 -164.641969 86.279762 164.604827 8.228465 20.629816 -4.738464 -4.542849 -1.315710 -5.586291 7.703723 -22.073611 -0.371129 -1.428579 4.302649 0.347215 -0.000002 -0.000003 0.000000 0.053902 6.217613 -12.273906 7.049721 -6.940183 42.034429 2.740888 -3.612969 20.974577 0.000000 -0.000001 0.000003 0.351857 8.573116 -0.743191 1.420260 -5.496689 25.708118 0.146808 -1.531377 5.694368 0.000001 0.000000 -0.000003 -0.555030 8.508731 12.824034 -0.386022 -2.828231 13.026352 -0.222551 -0.492244 2.085467 0.000001 0.000001 -0.000001 -1.557108 7.613015 23.384259 0.455053 0.533255 -3.846269 -0.690672 -0.812625 6.620106 -0.000000 0.000000 0.000001 -65.961418 -4.825564 5.375457 57.467682 7.748231 3.170568 -7.307251 0.671791 -6.441661 -4.919282 0.000001 0.000005 -0.000000 -0.000000 -0.000000 -10.086104 -10.431103 2.565360 58.669768 -13.254824 2.959947 7.985144 -3.301143 22.384827 -7.615290 0.000006 -0.000021 -0.000002 0.000000 -0.000000 
40.098175 89.275253 -7.031936 19.352124 -17.462487 2.890534 29.244182 10.576066 -17.630885 0.846614 2.279950 -3.215645 0.885405 2.137148 -3.300652 -9.273129 -1.125519 -4.283579 -20.202291 -11.833014 1.076242 0.000000 -0.000000 -0.000000 0.305548 0.241670 -1.057087 4.637662 17.012297 -43.794452 7.013017 -98.022551 7.088314 20.553853 5.938620 20.924293 3.853533 11.047053 3.281924 2.795935 -0.776343 -4.321282 -2.204456 -7.714873 -0.947701 0.000002 0.000004 0.000004 3.568242 -18.258426 14.745455 9.453317 8.742785 -54.756472 6.341063 7.394039 -40.938955 -0.000000 -0.000001 0.000002 1.208819 -18.516001 0.256673 1.754589 7.141847 -30.610695 2.042155 7.109259 -36.473429 0.000000 -0.000001 -0.000000 -2.118172 -16.533824 -17.620455 -0.711847 3.070951 -11.878899 -0.476452 2.027182 -7.831541 -0.000002 -0.000002 0.000001 -1.523244 -6.715421 -22.622707 0.139781 -4.151548 0.350241 -0.208281 0.045581 -2.096545 -0.000000 -0.000003 0.000003 -1.041706 -4.437069 -13.702935 -60.948408 41.052821 43.600181 -166.892011 85.657532 166.849200 8.164820 20.472334 -4.634971 -4.662860 -1.154003 -5.646752 7.682473 -21.937051 -0.344367 -1.438519 4.339480 0.353049 -0.000000 -0.000003 -0.000001 0.169671 6.703994 -12.030954 6.974095 -6.908257 41.686127 2.692433 -3.563098 20.678193 0.000000 0.000001 -0.000002 0.372217 9.004188 -0.684896 1.397279 -5.453440 25.476899 0.187567 -1.471295 5.461885 -0.000000 0.000000 -0.000002 -0.591650 8.866732 12.659773 -0.385404 -2.803263 12.910788 -0.170272 -0.461340 1.943286 0.000000 -0.000000 0.000001 -1.584183 7.847419 23.004405 0.455068 0.533285 -3.846395 -0.682430 -0.794646 6.537793 -0.000001 0.000001 0.000000 -65.465437 -5.062885 6.186779 57.719661 7.005447 3.451155 -8.133052 0.741797 -6.576381 -4.950001 0.000006 0.000006 -0.000000 0.000000 -0.000000 -14.979768 -10.655955 0.473499 63.161867 -14.071989 3.074312 7.247319 -4.933528 20.159599 -8.115890 0.000008 0.000021 0.000000 -0.000001 0.000003 
39.271084 89.342606 -6.327937 19.281052 -17.323767 2.099414 29.986200 10.416339 -17.068303 0.616464 2.271044 -3.175762 0.657136 2.118856 -3.271302 -8.919681 -1.199557 -4.105005 -20.722000 -11.963561 1.322679 0.000001 0.000000 0.000001 0.365052 -0.831124 -0.170944 2.987709 15.928075 -43.776561 5.360049 -100.437454 5.457129 20.000522 6.915546 21.925915 3.510400 9.464420 2.222176 3.750373 3.534931 -3.221001 -1.811753 -6.506695 -0.940708 0.000002 0.000001 -0.000000 3.474205 -18.543725 13.789417 9.434062 8.737640 -54.673591 6.378472 7.414590 -41.115731 -0.000000 -0.000001 0.000002 1.125263 -18.754781 -0.214776 1.762369 7.155141 -30.679355 2.066691 7.146939 -36.674045 -0.000002 0.000000 0.000001 -2.125301 -16.755566 -17.516790 -0.718313 3.115597 -12.071891 -0.487740 2.084432 -8.083303 -0.000000 -0.000000 -0.000001 -1.522561 -6.926725 -22.039996 0.137726 -4.147285 0.331024 -0.236955 0.107913 -2.368518 0.000000 0.000000 -0.000001 -0.945768 -4.236566 -12.991791 -59.376426 40.795880 42.660562 -168.650881 84.998726 168.601990 7.906936 19.989580 -4.598968 -4.738196 -1.025308 -5.641255 7.679095 -21.909913 -0.338369 -1.439226 4.341265 0.352486 -0.000001 -0.000003 0.000000 0.299381 7.267187 -11.584704 6.892180 -6.873072 41.307847 2.644419 -3.513157 20.382922 -0.000000 -0.000001 0.000004 0.386029 9.503836 -0.489316 1.373197 -5.407655 25.232761 0.237900 -1.406777 5.216726 0.000002 0.000000 -0.000001 -0.641700 9.285074 12.557571 -0.384716 -2.776863 12.788737 -0.109056 -0.425298 1.775863 -0.000001 0.000001 -0.000002 -1.619916 8.118779 22.620202 0.455091 0.533316 -3.846555 -0.670381 -0.768526 6.418019 0.000000 -0.000001 0.000000 -65.045319 -5.285156 7.132968 58.131139 6.290968 3.697461 -9.051296 0.789183 -6.624323 -5.012071 0.000006 0.000003 -0.000001 -0.000000 -0.000000 -19.656989 -10.506252 -1.636114 66.683656 -14.453386 3.045980 6.677105 -6.360110 18.093559 -8.517537 0.000022 0.000012 -0.000001 0.000001 -0.000002 
38.570663 89.414703 -5.795468 19.141424 -17.276009 1.277628 30.986062 10.139594 -16.495103 0.174752 2.267543 -3.134666 0.217665 2.100854 -3.248129 -8.495287 -1.254082 -3.934931 -21.164687 -12.028697 1.629877 -0.000000 -0.000000 -0.000000 0.441793 -1.882211 0.742784 1.388660 14.778917 -43.671611 4.411780 -102.609222 4.528518 18.899997 7.287955 23.305227 3.239375 8.023782 1.084777 4.581328 7.893730 -2.080569 -1.411269 -5.292044 -0.934772 0.000003 0.000003 0.000001 3.234393 -18.643080 12.426525 9.391047 8.726042 -54.488527 6.319757 7.382255 -40.838080 -0.000001 -0.000002 -0.000001 0.959125 -18.826848 -0.964613 1.773932 7.174800 -30.781282 2.055891 7.130387 -36.585901 0.000001 0.000001 0.000001 -2.147072 -16.844585 -17.551660 -0.730076 3.199438 -12.434261 -0.494814 2.120941 -8.243629 -0.000001 0.000000 -0.000002 -1.498893 -7.062326 -21.502969 0.092207 -4.051976 -0.096168 -0.270496 0.181816 -2.690317 -0.000000 -0.000003 -0.000001 -0.814564 -3.854137 -12.257285 -57.613465 40.584837 41.659192 -170.025320 84.322223 169.970337 7.555406 19.149870 -4.653374 -4.766477 -0.944891 -5.584983 7.685754 -21.935585 -0.339999 -1.433729 4.319566 0.347706 -0.000002 0.000000 0.000001 0.426744 7.869873 -10.938948 6.802048 -6.833585 40.890416 2.594501 -3.460675 20.074281 -0.000001 -0.000001 0.000003 0.386353 10.035578 -0.143977 1.347567 -5.358412 24.970716 0.295629 -1.336921 4.951605 0.000002 -0.000000 0.000001 -0.704743 9.728857 12.549482 -0.383915 -2.748997 12.659765 -0.040506 -0.384650 1.585081 -0.000001 -0.000000 0.000003 -1.662321 8.400379 22.283234 0.455111 0.533350 -3.846747 -0.655553 -0.736552 6.271307 0.000001 0.000001 0.000000 -64.645555 -5.437505 8.122310 58.435492 5.640819 3.928152 -9.822428 0.795880 -6.466429 -5.083664 0.000005 0.000006 0.000000 0.000000 0.000000 -24.223589 -9.938826 -3.732362 69.395200 -14.456036 2.869800 5.960425 -7.510863 16.309848 -8.705763 0.000020 0.000015 -0.000000 0.000002 -0.000003 
37.757370 89.450478 -5.287590 18.905538 -17.273683 0.402299 32.249288 9.739325 -15.895006 -0.453407 2.260515 -3.065138 -0.409006 2.077254 -3.202045 -8.026137 -1.280746 -3.789091 -21.525450 -12.007357 1.988667 0.000001 -0.000000 -0.000000 0.530361 -2.872218 1.608703 -0.211981 13.596768 -43.416333 3.837386 -104.418211 3.970545 17.809337 6.926139 24.727744 3.058871 6.874610 0.022794 5.201060 11.762702 -1.034540 -1.045333 -4.198697 -0.931355 -0.000000 0.000003 0.000000 2.901554 -18.534529 10.906160 9.329714 8.709221 -54.224288 6.170958 7.298645 -40.131016 0.000000 -0.000001 -0.000001 0.763136 -18.729702 -1.779059 1.790679 7.203112 -30.928142 2.011563 7.061829 -36.221637 -0.000001 0.000001 0.000000 -2.142702 -16.818670 -17.549372 -0.746802 3.325959 -12.980591 -0.497557 2.135296 -8.306703 -0.000001 0.000000 0.000002 -1.444012 -7.148241 -20.864295 0.011516 -3.878325 -0.870182 -0.306328 0.262059 -3.038717 -0.000000 0.000000 -0.000003 -0.660158 -3.306128 -11.542111 -55.740856 40.410452 40.641005 -171.098561 83.649463 171.037403 7.220183 18.031872 -4.813896 -4.748720 -0.926615 -5.500758 7.690706 -21.933600 -0.331559 -1.427011 4.293429 0.342441 -0.000004 0.000001 -0.000000 0.533828 8.462350 -10.127740 6.703860 -6.789688 40.434167 2.541260 -3.404076 19.743213 -0.000001 0.000002 -0.000003 0.367069 10.552432 0.342143 1.320450 -5.305678 24.690847 0.356713 -1.262411 4.664872 0.000000 -0.000001 0.000002 -0.779217 10.154788 12.656373 -0.383021 -2.720043 12.525775 0.031720 -0.341030 1.377884 -0.000002 0.000001 -0.000001 -1.709271 8.661036 22.043071 0.455145 0.533405 -3.846960 -0.639463 -0.702126 6.112947 -0.000001 0.000000 0.000000 -64.202050 -5.589189 9.279329 58.813618 4.977447 4.142059 -10.644403 0.783510 -6.234077 -5.152152 0.000009 0.000001 0.000000 -0.000000 -0.000000 -28.219505 -9.116549 -5.586892 71.072626 -14.160615 2.538903 4.602567 -8.422407 14.719010 -8.598872 0.000012 0.000016 0.000002 -0.000001 0.000005 
36.988819 89.517975 -4.927751 18.579076 -17.279013 -0.500710 33.741677 9.225105 -15.277945 -1.222186 2.240090 -2.946766 -1.177807 2.041708 -3.109723 -7.544330 -1.274395 -3.678597 -21.809822 -11.884749 2.381485 0.000001 -0.000000 -0.000000 0.623074 -3.769993 2.361852 -1.840028 12.414362 -42.979683 3.492234 -105.772678 3.637714 17.299732 5.825752 25.858147 2.995969 6.137702 -0.816797 5.587748 14.656468 -0.223319 -0.752656 -3.339070 -0.932437 0.000002 -0.000000 -0.000002 2.546377 -18.215459 9.505860 9.258736 8.689373 -53.918063 5.951061 7.170593 -39.077285 -0.000002 -0.000000 0.000000 0.597837 -18.477549 -2.428078 1.813911 7.242145 -31.130964 1.940568 6.949992 -35.630980 -0.000001 0.000002 -0.000001 -2.071741 -16.706885 -17.329831 -0.767208 3.494722 -13.708362 -0.496356 2.129065 -8.279258 -0.000001 0.000001 -0.000002 -1.351898 -7.215923 -19.979369 -0.103678 -3.619097 -2.016599 -0.341513 0.342103 -3.385224 0.000002 0.000002 -0.000003 -0.498980 -2.640968 -10.895305 -53.860450 40.264710 39.673591 -171.931120 83.005445 171.864116 7.025506 16.823504 -5.087179 -4.688962 -0.981156 -5.415188 7.681825 -21.824445 -0.296273 -1.424513 4.283612 0.340645 -0.000001 -0.000001 0.000000 0.605763 8.984798 -9.213111 6.600665 -6.742534 39.952990 2.484957 -3.343512 19.390989 -0.000001 0.000000 0.000001 0.325418 11.000195 0.938457 1.292640 -5.250969 24.401240 0.415493 -1.186073 4.363403 0.000001 -0.000000 -0.000000 -0.861610 10.514782 12.884635 -0.382066 -2.691139 12.392004 0.102017 -0.297132 1.166838 -0.000001 0.000001 0.000000 -1.758232 8.868102 21.940854 0.455148 0.533411 -3.846969 -0.624031 -0.669281 5.961880 0.000002 -0.000000 0.000001 -63.710481 -5.681154 10.455367 59.015655 4.348200 4.355092 -11.291485 0.744494 -5.838304 -5.214143 0.000002 0.000009 -0.000001 -0.000000 -0.000001 -31.731307 -8.042820 -7.268313 71.725142 -13.672303 2.068836 2.612702 -9.139700 13.262177 -8.042288 0.000013 0.000012 -0.000002 -0.000001 0.000002 
36.250458 89.554665 -4.482950 18.196353 -17.229499 -1.466681 35.374339 8.641226 -14.567636 -2.069018 2.196382 -2.768126 -2.026547 1.987712 -2.956147 -7.085585 -1.233750 -3.608551 -22.033420 -11.654830 2.783911 0.000000 -0.000000 -0.000001 0.710302 -4.542053 2.953076 -3.493136 11.255638 -42.368995 3.303355 -106.624048 3.456578 17.746580 4.110501 26.495958 3.072292 5.893062 -1.311024 5.765787 16.216392 0.228813 -0.563161 -2.796918 -0.939859 0.000000 0.000003 -0.000000 2.237801 -17.705196 8.486850 9.188750 8.669403 -53.615738 5.688584 7.010515 -37.804677 0.000000 -0.000002 -0.000000 0.515441 -18.098529 -2.704390 1.844716 7.293409 -31.398069 1.853594 6.809336 -34.893708 -0.000000 -0.000000 -0.000001 -1.904601 -16.542211 -16.741545 -0.789224 3.701339 -14.597994 -0.492055 2.106692 -8.181046 -0.000004 0.000000 -0.000000 -1.220839 -7.294634 -18.735752 -0.245098 -3.279977 -3.500205 -0.373323 0.415665 -3.702839 -0.000004 -0.000002 0.000001 -0.347867 -1.930721 -10.371479 -52.092121 40.143341 38.849645 -172.568964 82.415535 172.496632 7.096440 15.778719 -5.465209 -4.593821 -1.114476 -5.354875 7.649371 -21.550727 -0.223198 -1.430760 4.307706 0.345740 -0.000001 0.000000 0.000001 0.634883 9.373006 -8.278497 6.498568 -6.694849 39.475140 2.427803 -3.281212 19.030948 -0.000002 0.000001 -0.000001 0.264133 11.322825 1.595448 1.265773 -5.197375 24.118452 0.465332 -1.112622 4.063451 0.000001 0.000000 -0.000000 -0.945475 10.761150 13.224640 -0.381106 -2.664159 12.267084 0.163459 -0.256529 0.969673 -0.000002 0.000000 0.000001 -1.805820 8.991263 22.003967 0.455152 0.533400 -3.846980 -0.611374 -0.642508 5.838606 0.000003 0.000001 -0.000001 -63.261629 -5.760130 11.617184 59.387156 3.730218 4.561670 -12.043747 0.695138 -5.302979 -5.270428 0.000004 0.000002 -0.000000 -0.000000 0.000000 -34.357972 -6.862697 -8.779505 71.049137 -13.136437 1.467599 0.116176 -9.754354 11.958483 -6.875977 0.000002 0.000010 -0.000002 0.000001 0.000002 
35.507778 89.567291 -4.032996 17.808422 -17.091823 -2.439152 37.042623 8.014948 -13.767123 -2.920225 2.121244 -2.526621 -2.881581 1.909840 -2.735043 -6.685932 -1.161537 -3.577564 -22.219818 -11.321382 3.167279 -0.000000 -0.000001 -0.000000 0.781982 -5.152201 3.355251 -5.148926 10.132306 -41.633466 3.231367 -106.972831 3.387781 19.206967 1.983670 26.639225 3.288529 6.174998 -1.375373 5.764735 16.250528 0.244796 -0.494614 -2.619689 -0.954557 0.000003 0.000009 0.000000 2.023366 -17.041284 8.052622 9.130424 8.652484 -53.363445 5.415645 6.835326 -36.462968 -0.000000 -0.000000 -0.000000 0.546527 -17.627880 -2.457537 1.883871 7.357780 -31.734538 1.762793 6.657960 -34.107185 0.000000 -0.000002 -0.000001 -1.629783 -16.353544 -15.689634 -0.810527 3.938731 -15.618694 -0.486055 2.075756 -8.045099 0.000004 -0.000000 -0.000001 -1.054237 -7.404618 -17.078068 -0.399929 -2.876899 -5.242128 -0.400392 0.479135 -3.976269 0.000002 0.000002 -0.000000 -0.220233 -1.257598 -10.023534 -50.560851 40.043678 38.270639 -173.052541 81.897335 172.975579 7.524468 15.141920 -5.924039 -4.472007 -1.326701 -5.342489 7.588008 -21.090893 -0.110037 -1.448503 4.376252 0.359749 -0.000000 -0.000001 -0.000001 0.622531 9.567773 -7.417223 6.405791 -6.650613 39.039340 2.373501 -3.221308 18.686634 0.000001 0.000000 0.000004 0.192049 11.470803 2.251540 1.241940 -5.149316 23.865355 0.499735 -1.048050 3.788283 0.000001 0.000000 0.000001 -1.021091 10.853609 13.651850 -0.380262 -2.641406 12.161860 0.208866 -0.223234 0.806668 -0.000002 0.000000 0.000002 -1.847152 9.006995 22.241575 0.455142 0.533392 -3.846988 -0.603492 -0.625982 5.762306 -0.000001 0.000001 0.000000 -62.878735 -5.855763 12.729034 59.802309 3.119689 4.777535 -12.767916 0.646088 -4.728281 -5.319722 0.000006 -0.000001 -0.000000 -0.000001 0.000000 -36.155142 -5.717734 -10.197382 68.968682 -12.824653 0.754962 -2.293745 -10.337657 10.727501 -5.648270 -0.002725 0.330194 -0.000003 -0.000001 0.000000 
34.811165 89.570663 -3.681047 17.469865 -16.825126 -3.347112 38.628374 7.354243 -12.879838 -3.698853 2.010531 -2.227118 -3.665683 1.805567 -2.448275 -6.378287 -1.063993 -3.578062 -22.397432 -10.897445 3.501799 0.000003 0.000001 0.000000 0.830498 -5.572956 3.569823 -6.776594 9.048962 -40.860569 3.253695 -106.863337 3.409109 21.434255 -0.316750 26.429035 3.615142 6.971315 -0.974711 5.585812 14.752227 -0.178905 -0.550903 -2.815074 -0.975885 0.000004 -0.000002 -0.000003 1.917192 -16.271189 8.314889 9.092186 8.641211 -53.197854 5.161350 6.663755 -35.194670 -0.000000 -0.000001 0.000001 0.692742 -17.100051 -1.621706 1.931805 7.435438 -32.142232 1.679615 6.514940 -33.370276 0.000001 0.000002 0.000002 -1.257215 -16.159102 -14.157918 -0.829029 4.199456 -16.738345 -0.480365 2.046857 -7.918067 -0.000001 0.000001 -0.000003 -0.860244 -7.552056 -15.026467 -0.555570 -2.429450 -7.151667 -0.423766 0.534639 -4.214821 -0.000001 -0.000000 -0.000001 -0.124469 -0.698796 -9.891471 -49.373563 39.957225 38.015569 -173.422014 81.450948 173.341021 8.326824 15.067389 -6.429218 -4.333774 -1.611148 -5.393089 7.498104 -20.465922 0.035642 -1.478144 4.490533 0.382916 -0.000001 -0.000003 0.000001 0.577212 9.526469 -6.717062 6.331057 -6.614354 38.687148 2.326511 -3.168879 18.386950 0.000000 0.000000 -0.000001 0.122003 11.410403 2.842882 1.223352 -5.111459 23.666358 0.513605 -0.998366 3.563710 0.000001 -0.000001 0.000002 -1.076772 10.766989 14.129956 -0.379622 -2.625260 12.087087 0.232436 -0.200885 0.697012 -0.000001 0.000000 0.000000 -1.876019 8.903278 22.641759 0.455145 0.533388 -3.846994 -0.602001 -0.622816 5.747717 0.000000 -0.000001 0.000000 -62.623443 -5.964358 13.675111 60.136182 2.529387 5.016235 -13.304727 0.603199 -4.161987 -5.356352 0.000009 0.000007 0.000000 -0.000001 -0.000001 -37.269801 -4.684110 -11.655751 65.376385 -12.879786 -0.049397 -3.653875 -10.910929 9.566329 -5.138287 -0.031727 1.166401 -0.000002 -0.000001 -0.000002 
33.938351 89.508049 -3.251902 17.226328 -16.407031 -4.145941 40.016285 6.688528 -11.904222 -4.334822 1.865953 -1.880311 -4.308249 1.676857 -2.104782 -6.189107 -0.949987 -3.597581 -22.595637 -10.403494 3.760083 0.000001 0.000000 0.000001 0.854070 -5.799769 3.627656 -8.346527 8.010851 -40.160560 3.358353 -106.366877 3.509255 24.000723 -2.551097 26.021510 3.994340 8.223385 -0.129321 5.201320 11.906860 -0.969346 -0.721921 -3.351473 -1.001593 0.000002 0.000001 -0.000001 1.899729 -15.444863 9.272935 9.078327 8.637122 -53.137810 4.946376 6.512186 -34.107731 0.000000 0.000001 0.000001 0.927827 -16.543890 -0.231435 1.988768 7.526121 -32.620915 1.613025 6.397318 -32.768509 0.000001 0.000003 0.000002 -0.816987 -15.964268 -12.220288 -0.843152 4.478244 -17.934309 -0.477727 2.033672 -7.860066 -0.000002 0.000002 -0.000002 -0.651108 -7.727042 -12.684960 -0.702978 -1.953571 -9.157778 -0.447900 0.592583 -4.463550 0.000000 -0.000000 -0.000001 -0.064768 -0.313383 -9.986490 -48.593552 39.861452 38.109461 -173.720630 81.052660 173.635976 9.423241 15.567239 -6.939040 -4.190135 -1.953616 -5.511241 7.386965 -19.738523 0.197769 -1.517441 4.641788 0.413397 -0.000002 0.000000 0.000001 0.509789 9.233501 -6.244886 6.281820 -6.590121 38.454573 2.291098 -3.129040 18.160061 -0.000001 0.000001 -0.000002 0.066917 11.132005 3.313765 1.211847 -5.087837 23.542499 0.504501 -0.968500 3.412559 -0.000004 0.000000 -0.000001 -1.101220 10.497703 14.615334 -0.379316 -2.617494 12.051193 0.230987 -0.192176 0.654720 -0.000000 0.000001 -0.000001 -1.885725 8.683378 23.170587 0.455006 0.533176 -3.845861 -0.607573 -0.634534 5.801750 0.000002 -0.000001 -0.000003 -62.449799 -6.152485 14.555560 60.550009 1.896025 5.277483 -13.864016 0.594963 -3.808668 -5.374416 0.000002 0.000000 -0.000000 -0.000001 -0.000000 -37.654969 -3.970402 -13.184073 60.300947 -13.149040 -0.915526 -3.410822 -11.465196 8.418316 -5.090862 -0.059831 1.610116 -0.000003 0.000001 0.000001 
33.305828 89.394760 -2.985206 17.106026 -15.839893 -4.781511 41.115761 6.046201 -10.877602 -4.775468 1.695474 -1.500788 -4.756083 1.530571 -1.719031 -6.135360 -0.829724 -3.620559 -22.840737 -9.864418 3.920389 0.000001 -0.000000 -0.000000 0.857200 -5.858082 3.580183 -9.834898 7.027777 -39.639467 3.542643 -105.559412 3.686155 26.455947 -4.528467 25.489060 4.354184 9.828363 1.087194 4.588212 8.078826 -2.001283 -0.985340 -4.162577 -1.028020 0.000000 -0.000001 0.000001 1.929611 -14.610690 10.814523 9.088043 8.640007 -53.179918 4.780578 6.391027 -33.259493 0.000000 0.000000 0.000001 1.206851 -15.982499 1.581891 2.054956 7.629390 -33.169072 1.568992 6.317832 -32.364052 0.000002 0.000001 0.000001 -0.353461 -15.764833 -10.034205 -0.851711 4.773543 -19.200440 -0.481460 2.052429 -7.942640 -0.000002 -0.000000 -0.000002 -0.442259 -7.906291 -10.231692 -0.837658 -1.456816 -11.228559 -0.480776 0.672744 -4.806814 0.000002 0.000001 -0.000000 -0.043237 -0.134818 -10.310585 -48.220958 39.718035 38.507189 -173.991706 80.657656 173.903528 10.649844 16.510980 -7.400038 -4.051894 -2.332467 -5.689893 7.268604 -19.004112 0.354446 -1.561940 4.812573 0.447579 -0.000003 -0.000003 -0.000000 0.428550 8.705114 -6.036231 6.262904 -6.580755 38.365149 2.270612 -3.105809 18.028223 -0.000001 -0.000001 0.000002 0.035547 10.653511 3.624672 1.208546 -5.081066 23.506970 0.473111 -0.961398 3.350556 -0.000001 -0.000001 0.000002 -1.086741 10.066157 15.062280 -0.379382 -2.619026 12.058238 0.204573 -0.198292 0.685914 0.000002 0.000001 0.000000 -1.870797 8.366849 23.774712 0.454745 0.532778 -3.843779 -0.619954 -0.660619 5.922018 0.000002 -0.000001 0.000000 -62.604879 -6.339480 15.015201 60.991267 1.358233 5.567941 -14.206817 0.593856 -3.462931 -5.375071 0.000004 0.000002 -0.000000 0.000000 -0.000001 -37.666564 -3.453766 -15.039081 53.685171 -13.215396 -1.802823 -0.702305 -11.906824 7.353180 -6.367612 -0.072814 1.759258 0.000001 0.000005 -0.000001 
32.523163 89.175690 -2.707773 17.115855 -15.144309 -5.226457 41.869688 5.465476 -9.847180 -4.994370 1.511898 -1.104928 -4.982112 1.377358 -1.308871 -6.222570 -0.713445 -3.630657 -23.152332 -9.306278 3.969043 0.000002 -0.000000 -0.000001 0.847981 -5.796199 3.481412 -11.222027 6.109884 -39.367359 3.814690 -104.500248 3.948587 28.456827 -6.167102 24.823167 4.630229 11.648281 2.559117 3.769540 3.763867 -3.130828 -1.310319 -5.157271 -1.051019 0.000003 -0.000001 -0.000001 1.962608 -13.814594 12.740712 9.115818 8.648191 -53.300204 4.663499 6.303137 -32.655111 0.000001 -0.000002 -0.000001 1.480919 -15.436760 3.615988 2.130451 7.744513 -33.784786 1.550544 6.284135 -32.193099 0.000000 0.000001 0.000003 0.084776 -15.554041 -7.812583 -0.853645 5.087894 -20.548317 -0.494808 2.120924 -8.243604 -0.000001 0.000001 -0.000001 -0.250594 -8.059810 -7.888241 -0.958191 -0.937150 -13.373410 -0.532851 0.802581 -5.360885 -0.000001 -0.000000 -0.000002 -0.060632 -0.168903 -10.747020 -48.190089 39.482397 39.102529 -174.270719 80.212915 174.178512 11.809994 17.675370 -7.746034 -3.928912 -2.719403 -5.911594 7.161713 -18.373275 0.482385 -1.605751 4.980064 0.480759 -0.000001 -0.000005 -0.000000 0.336722 7.986791 -6.092446 6.275863 -6.587179 38.426405 2.266865 -3.101550 18.004044 0.000001 -0.000001 0.000003 0.029998 10.017511 3.756164 1.213752 -5.091775 23.563121 0.422880 -0.977694 3.383484 0.000000 0.000001 -0.000001 -1.031847 9.513693 15.428368 -0.379799 -2.629606 12.107261 0.156218 -0.218820 0.787625 0.000003 -0.000000 0.000002 -1.829183 7.986789 24.388336 0.454388 0.532235 -3.841138 -0.637838 -0.698616 6.096935 0.000001 -0.000000 0.000000 -62.908460 -6.607978 15.325797 61.529445 0.800067 5.884444 -14.580453 0.631329 -3.399482 -5.367479 0.000004 0.000005 -0.000000 -0.000001 -0.000000 -37.367975 -3.330022 -17.084893 45.969591 -12.813513 -2.639020 3.957808 -12.149776 6.267452 -8.619537 -0.049941 1.422847 -0.000001 -0.000000 0.000001 
31.652424 88.867432 -2.541480 17.241365 -14.351853 -5.444342 42.265904 4.957809 -8.887159 -4.995648 1.330130 -0.709111 -4.989977 1.229381 -0.893314 -6.443706 -0.610185 -3.613102 -23.540679 -8.753306 3.901620 -0.000001 0.000000 -0.000000 0.833694 -5.667383 3.366428 -12.484342 5.258677 -39.353921 4.200500 -103.220127 4.322772 29.832856 -7.516331 24.015558 4.785746 13.526953 4.145574 2.833221 -0.497410 -4.220616 -1.662557 -6.233905 -1.066980 0.000002 0.000003 0.000000 1.968794 -13.099051 14.807039 9.152790 8.659008 -53.460191 4.586998 6.244663 -32.257628 -0.000002 -0.000003 -0.000001 1.711237 -14.928258 5.639388 2.215333 7.870843 -34.465551 1.558533 6.298764 -32.267309 0.000001 -0.000000 0.000001 0.455908 -15.329233 -5.779777 -0.847417 5.426743 -22.002310 -0.520085 2.256504 -8.838264 0.000000 0.000001 -0.000003 -0.091520 -8.159601 -5.873414 -1.064032 -0.385134 -15.631844 -0.614319 1.013417 -6.255915 0.000001 -0.000001 0.000001 -0.116233 -0.398016 -11.282855 -48.387048 39.121541 39.759682 -174.575633 79.676240 174.478644 12.741110 18.819883 -7.916597 -3.829622 -3.081328 -6.151308 7.085619 -17.948755 0.561601 -1.642807 5.120718 0.507969 -0.000002 -0.000001 0.000000 0.233634 7.144930 -6.383966 6.318676 -6.608276 38.628712 2.279970 -3.116406 18.088383 0.000000 -0.000001 0.000002 0.045833 9.283966 3.709630 1.226827 -5.118564 23.703728 0.359039 -1.015654 3.506279 -0.000001 -0.000001 0.000002 -0.942324 8.895724 15.680048 -0.380509 -2.647978 12.192307 0.090939 -0.251658 0.948261 -0.000001 -0.000001 0.000001 -1.763721 7.584356 24.943361 0.454066 0.531715 -3.838451 -0.659256 -0.744504 6.307757 -0.000001 -0.000001 0.000000 -63.357449 -6.909577 15.435883 62.032857 0.243638 6.226999 -14.900339 0.695966 -3.579511 -5.354296 0.000010 -0.000000 -0.000000 -0.000000 -0.000001 -37.006136 -3.582223 -19.352815 37.375994 -11.844777 -3.350437 10.219770 -12.076226 5.240203 -10.213926 -0.000248 0.085297 0.000003 -0.000003 0.000003 
30.582077 88.435852 -2.356864 17.447865 -13.513248 -5.427609 42.338116 4.533047 -8.063779 -4.812916 1.164282 -0.329189 -4.812976 1.097911 -0.491363 -6.779485 -0.526856 -3.556685 -24.005169 -8.225685 3.722559 0.000001 -0.000000 -0.000001 0.817865 -5.510676 3.238080 -13.583685 4.460848 -39.542079 4.757148 -101.721796 4.865886 30.578648 -8.711598 23.132316 4.821822 15.311985 5.699044 1.914374 -4.225969 -5.154946 -2.009260 -7.293764 -1.073805 0.000002 -0.000000 -0.000001 1.941118 -12.500294 16.767884 9.188641 8.669385 -53.615305 4.538409 6.207077 -32.004105 0.000001 -0.000001 0.000001 1.877457 -14.479636 7.435206 2.309532 8.007208 -35.207282 1.592213 6.359907 -32.577940 0.000003 -0.000002 0.000000 0.733165 -15.095124 -4.126666 -0.830756 5.796153 -23.589718 -0.557562 2.473431 -9.787719 -0.000002 -0.000001 -0.000003 0.024445 -8.187055 -4.357167 -1.153319 0.211320 -18.053957 -0.731445 1.335106 -7.611098 0.000001 0.000002 0.000000 -0.205531 -0.784819 -11.828621 -48.683492 38.631260 40.353195 -174.900777 79.035561 174.797942 13.366315 19.755127 -7.891694 -3.760829 -3.382538 -6.380049 7.055500 -17.804964 0.579029 -1.667914 5.214504 0.524940 -0.000001 -0.000001 0.000000 0.118247 6.256417 -6.857422 6.386077 -6.641106 38.946551 2.308214 -3.148359 18.269875 -0.000001 0.000000 -0.000000 0.074428 8.521021 3.505068 1.246304 -5.158177 23.911968 0.287385 -1.071330 3.703612 0.000002 0.000000 0.000001 -0.830247 8.273172 15.796809 -0.381392 -2.671952 12.303252 0.014633 -0.293244 1.149246 0.000001 0.000001 -0.000001 -1.682270 7.202429 25.379847 0.453813 0.531321 -3.836436 -0.681778 -0.793227 6.531226 -0.000000 -0.000000 0.000003 -63.864502 -7.255840 15.494544 62.601703 -0.402447 6.584919 -15.210309 0.808596 -4.286742 -5.309125 0.000003 0.000005 -0.000000 -0.000000 0.000000 -36.691926 -4.177166 -21.782848 28.354984 -10.511411 -3.860793 17.219487 -11.590650 4.429621 -13.479920 0.000016 0.000016 0.000002 -0.000004 -0.000001 
29.276543 87.895203 -2.184242 17.685277 -12.687501 -5.183387 42.161166 4.183250 -7.425462 -4.502592 1.025639 0.018509 -4.507294 0.991573 -0.122421 -7.199780 -0.467732 -3.455274 -24.534499 -7.738390 3.443509 -0.000003 0.000001 -0.000000 0.799925 -5.340699 3.068814 -14.459603 3.692186 -39.824634 5.604248 -99.993396 5.697341 30.794468 -9.885579 22.320454 4.773710 16.874093 7.081792 1.149151 -7.097781 -5.853839 -2.322622 -8.252112 -1.071333 0.000004 0.000008 0.000003 1.892836 -12.045480 18.412226 9.213720 8.676589 -53.723652 4.503914 6.180167 -31.823562 -0.000001 0.000001 -0.000002 1.977604 -14.113042 8.833940 2.412301 8.151775 -36.001323 1.649515 6.462135 -33.099626 0.000001 0.000000 0.000000 0.907193 -14.863675 -2.979580 -0.800755 6.199429 -25.327047 -0.604222 2.779991 -11.124992 -0.000003 -0.000001 0.000001 0.093868 -8.137066 -3.431143 -1.221483 0.860631 -20.675357 -0.882548 1.789787 -9.507027 0.000003 -0.000001 0.000000 -0.319142 -1.277253 -12.316691 -48.972098 38.043672 40.797796 -175.222069 78.319880 175.112800 13.706178 20.381139 -7.715634 -3.727969 -3.586937 -6.568461 7.079247 -17.977459 0.529853 -1.677389 5.247221 0.528587 -0.000000 -0.000001 0.000000 -0.007069 5.398023 -7.445067 6.470294 -6.681457 39.342477 2.348397 -3.193380 18.526765 -0.000000 0.000000 -0.000001 0.106482 7.796101 3.176846 1.270071 -5.205997 24.163893 0.213338 -1.139086 3.952140 0.000003 0.000000 0.000000 -0.711127 7.704538 15.773116 -0.382322 -2.698767 12.427275 -0.066963 -0.339017 1.367566 -0.000000 0.000001 0.000001 -1.596149 6.879668 25.654015 0.453705 0.531157 -3.835586 -0.702919 -0.839430 6.742846 0.000001 0.000001 -0.000002 -64.332705 -7.608108 15.586172 63.142053 -1.127296 6.952790 -15.520539 0.959713 -5.461294 -5.172950 0.000005 0.000003 0.000000 0.000001 -0.000000 -36.604971 -4.991550 -24.264556 19.446696 -8.228002 -4.141580 24.184225 -11.524980 4.284681 -16.165832 0.000015 0.000033 0.000001 -0.000001 -0.000000 
27.821899 87.296143 -2.055977 17.891884 -11.971577 -4.818208 41.834608 3.970765 -6.951635 -4.132060 0.921794 0.315452 -4.140297 0.915662 0.192504 -7.666216 -0.434406 -3.308521 -25.108117 -7.301084 3.080474 0.000001 -0.000001 -0.000000 0.776929 -5.150051 2.817565 -15.030724 2.932391 -40.078420 7.008536 -98.027510 7.083907 30.612215 -11.081145 21.752018 4.695896 18.120567 8.181094 0.623886 -8.995321 -6.289007 -2.581832 -9.043979 -1.061346 0.000001 0.000005 -0.000000 1.847691 -11.750990 19.589158 9.220837 8.678624 -53.754466 4.471837 6.155035 -31.655406 -0.000003 -0.000000 0.000000 2.022263 -13.847327 9.732503 2.521710 8.301099 -36.830501 1.727212 6.597298 -33.793898 -0.000001 -0.000002 0.000001 0.983349 -14.651661 -2.388312 -0.754571 6.633147 -27.202615 -0.653559 3.174596 -12.840270 -0.000000 0.000001 -0.000005 0.120270 -8.018269 -3.102172 -1.261509 1.560292 -23.488995 -1.055451 2.384382 -11.956490 0.000000 -0.000003 0.000001 -0.442604 -1.813758 -12.689418 -49.189807 37.421859 41.057012 -175.508527 77.599521 175.392687 13.848363 20.690699 -7.486645 -3.735815 -3.660777 -6.690282 7.157036 -18.465314 0.416409 -1.668958 5.210157 0.517176 -0.000000 -0.000005 -0.000000 -0.134882 4.637336 -8.075696 6.562259 -6.724718 39.773418 2.396208 -3.246441 18.830895 0.000000 0.000001 -0.000002 0.134938 7.167913 2.767243 1.295626 -5.256867 24.432440 0.141352 -1.212396 4.224612 0.000001 0.000000 0.000000 -0.600318 7.238886 15.617779 -0.383196 -2.725473 12.550933 -0.148774 -0.384111 1.579630 0.000002 0.000002 0.000000 -1.517378 6.645955 25.743038 0.453757 0.531237 -3.836084 -0.720552 -0.878293 6.920468 -0.000003 -0.000001 0.000001 -64.688203 -7.948467 15.796237 63.580578 -1.864504 7.318764 -15.796320 1.128915 -6.919385 -4.899068 0.000004 0.000012 0.000000 0.000001 0.000000 -36.451852 -6.186766 -26.589913 10.268420 -5.034862 -4.209464 30.760980 -11.987419 5.088847 -17.950178 -0.000021 0.000035 0.000002 0.000001 -0.000002 
26.130802 86.591812 -1.883842 18.014344 -11.359219 -4.250629 41.471966 3.748768 -6.669950 -3.765602 0.856801 0.540664 -3.776203 0.872267 0.430799 -8.135535 -0.426143 -3.121777 -25.699070 -6.918927 2.650652 0.000003 0.000000 0.000000 0.746474 -4.921931 2.452507 -15.209387 2.186296 -40.203262 9.685788 -95.839896 9.741362 30.139402 -12.207256 21.548477 4.642144 19.001229 8.923372 0.368405 -9.941126 -6.467660 -2.773604 -9.627363 -1.046942 0.000003 -0.000002 -0.000002 1.827973 -11.622236 20.224366 9.207136 8.674697 -53.695245 4.435903 6.126645 -31.466425 0.000002 -0.000003 -0.000000 2.026823 -13.695739 10.101028 2.633900 8.449545 -37.664265 1.820830 6.755240 -34.611929 -0.000000 -0.000000 -0.000000 0.976420 -14.477634 -2.330305 -0.691241 7.083126 -29.158583 -0.696592 3.642197 -14.866236 -0.000003 0.000002 -0.000000 0.111994 -7.850863 -3.305151 -1.266643 2.289392 -26.417018 -1.228312 3.102516 -14.877607 0.000001 -0.000003 0.000001 -0.558369 -2.331056 -12.901283 -49.324300 36.843871 41.134367 -175.731178 76.975774 175.609696 13.896606 20.745865 -7.314410 -3.789010 -3.575401 -6.725531 7.283260 -19.243264 0.245223 -1.641136 5.097650 0.489892 -0.000002 -0.000003 0.000001 -0.253943 4.024662 -8.686682 6.653363 -6.766744 40.198959 2.447183 -3.302420 19.153280 -0.000003 0.000001 -0.000004 0.156531 6.679151 2.318863 1.320618 -5.306029 24.692585 0.074775 -1.285001 4.495153 0.000000 -0.000000 0.000000 -0.509494 6.909612 15.351209 -0.383942 -2.749587 12.662481 -0.226727 -0.424160 1.765567 -0.000001 0.000001 0.000001 -1.455533 6.518514 25.646790 0.453953 0.531530 -3.837573 -0.733151 -0.906265 7.048181 -0.000002 0.000000 0.000000 -64.902595 -8.207606 16.115579 64.074742 -2.529040 7.664746 -16.166306 1.315731 -8.497759 -4.540075 0.000007 0.000001 0.000000 0.000001 -0.000000 -35.773006 -7.825630 -28.727342 0.170978 -4.224405 -4.024546 36.325541 -10.594081 5.095466 -19.006403 0.000004 0.000034 -0.000000 0.000000 0.000002 
24.332663 85.948441 -1.639587 17.986606 -11.098969 -3.875695 41.163160 3.886936 -6.411568 -3.451701 0.831492 0.673351 -3.463425 0.860695 0.570958 -8.563686 -0.440499 -2.905165 -26.277669 -6.593901 2.169398 -0.000001 -0.000000 0.000000 0.708894 -4.645519 1.968437 -14.927411 1.500261 -40.152640 16.384179 -93.490858 16.418258 29.428478 -13.057538 21.726214 4.647966 19.508414 9.284572 0.390137 -9.969752 -6.391939 -2.892048 -9.983248 -1.031864 -0.000000 0.000000 -0.000003 1.845596 -11.654249 20.327070 9.175057 8.665462 -53.556616 4.397079 6.095771 -31.261796 -0.000001 -0.000001 -0.000000 2.005351 -13.664083 9.980482 2.742328 8.588829 -38.455553 1.924583 6.924436 -35.496527 0.000002 0.000001 0.000004 0.905290 -14.359365 -2.724630 -0.614066 7.522000 -31.079003 -0.724577 4.151856 -17.069329 -0.000001 0.000002 0.000002 0.078893 -7.662966 -3.926479 -1.235428 3.004206 -29.291980 -1.375460 3.898257 -18.078010 0.000002 0.000002 -0.000001 -0.649911 -2.775048 -12.922315 -49.406996 36.382106 41.059569 -175.867099 76.563866 175.741874 13.929647 20.641520 -7.270516 -3.892684 -3.310267 -6.663166 7.449444 -20.277204 0.023479 -1.592369 4.904414 0.446535 -0.000001 -0.000003 -0.000001 -0.352821 3.587848 -9.233720 6.736996 -6.804607 40.588334 2.497438 -3.356975 19.469198 -0.000001 -0.000002 0.000005 0.171528 6.351359 1.867918 1.343190 -5.349963 24.925734 0.016089 -1.351900 4.743773 0.000001 -0.000001 0.000001 -0.444532 6.729995 15.001976 -0.384510 -2.769393 12.754168 -0.297777 -0.456364 1.912836 0.000002 0.000000 0.000001 -1.415538 6.499621 25.387470 0.454190 0.531923 -3.839494 -0.740113 -0.921839 7.119236 -0.000000 -0.000000 -0.000002 -64.761190 -8.519065 16.869147 64.458346 -2.973100 7.967667 -16.568799 1.502829 -9.851877 -4.308039 0.000003 0.000009 -0.000000 -0.000001 0.000000 -39.301557 -6.634000 -30.808361 0.124908 -4.315120 -3.615267 36.134740 -9.438788 5.469780 -19.634043 -0.000002 0.000020 -0.000002 0.000000 -0.000003 
22.447357 85.346725 -1.364689 17.778315 -11.159324 -3.605545 40.985902 4.255283 -6.182125 -3.216852 0.843720 0.698355 -3.228253 0.877883 0.597911 -8.910149 -0.474113 -2.672052 -26.815659 -6.326250 1.648046 0.000001 0.000000 -0.000000 0.668273 -4.328476 1.390822 -14.165449 0.964002 -39.946515 50.774687 -91.272378 50.785441 28.466232 -13.386075 22.186235 4.721971 19.672434 9.292221 0.396777 -9.973529 -6.385140 -2.937849 -10.114544 -1.019886 0.000003 0.000007 0.000003 1.899432 -11.831253 19.984582 9.132310 8.653019 -53.371583 4.363764 6.069078 -31.085721 -0.000000 -0.000002 0.000001 1.968082 -13.748859 9.470979 2.837925 8.708346 -39.141949 2.031324 7.092521 -36.384571 -0.000001 -0.000001 -0.000001 0.789255 -14.311178 -3.452163 -0.532769 7.910755 -32.792367 -0.732882 4.657781 -19.254563 -0.000002 0.000002 0.000001 0.029474 -7.485910 -4.830984 -1.177244 3.640128 -31.859848 -1.477524 4.696536 -21.262061 0.000001 -0.000001 0.000001 -0.706664 -3.111980 -12.743351 -49.497391 36.084678 40.877367 -175.895184 76.475313 175.769181 13.985671 20.471265 -7.357391 -4.052088 -2.855666 -6.502551 7.646562 -21.536780 -0.243672 -1.520538 4.623409 0.387174 0.000001 -0.000006 -0.000001 -0.423643 3.330769 -9.695707 6.809409 -6.836836 40.924520 2.544147 -3.407160 19.761207 -0.000000 0.000001 -0.000001 0.182274 6.183068 1.440129 1.362353 -5.386882 25.122136 -0.032900 -1.409965 4.959125 -0.000000 -0.000000 0.000000 -0.405204 6.691689 14.603199 -0.384914 -2.784300 12.823077 -0.359710 -0.479766 2.018166 0.000002 0.000002 -0.000001 -1.396897 6.576211 25.005994 0.454442 0.532287 -3.841396 -0.741894 -0.925814 7.137394 0.000001 0.000000 0.000001 -64.343005 -8.832724 17.882214 64.855378 -3.002679 8.210450 -16.975651 1.682250 -10.703664 -4.513529 -0.000001 0.000005 -0.000000 0.000000 0.000000 -42.109079 -5.716920 -32.296652 0.036943 -4.751201 -3.103506 34.645738 -8.473364 5.720466 -20.046556 -0.000004 0.000028 0.000001 0.000006 0.000002 
20.500933 84.757538 -1.034773 17.376092 -11.461023 -3.383441 40.989355 4.747514 -5.955788 -3.068577 0.888450 0.612180 -3.078233 0.918777 0.508800 -9.142033 -0.523438 -2.437105 -27.290379 -6.115645 1.093027 0.000004 -0.000000 0.000000 0.631111 -4.002616 0.765277 -12.971412 0.693169 -39.666105 -28.634216 -87.943958 -28.646488 27.183521 -13.006923 22.753213 4.848464 19.552364 9.016356 0.392558 -9.959476 -6.427493 -2.917229 -10.042621 -1.014052 0.000004 0.000001 -0.000000 1.978917 -12.125947 19.342257 9.090143 8.640610 -53.189026 4.349182 6.057361 -31.008516 0.000000 -0.000000 0.000001 1.922036 -13.936325 8.709942 2.910003 8.796537 -39.652837 2.132886 7.247217 -37.210304 0.000001 0.000001 -0.000001 0.645619 -14.341080 -4.380447 -0.463209 8.203972 -34.093849 -0.724122 5.105196 -21.188393 -0.000000 -0.000003 0.000001 -0.030924 -7.348371 -5.889746 -1.113976 4.120922 -33.811533 -1.530517 5.403401 -24.068680 0.000000 -0.000001 -0.000000 -0.727597 -3.335441 -12.385055 -49.662046 35.965150 40.640151 -175.789467 76.802458 175.666414 14.068790 20.304578 -7.507990 -4.271361 -2.215043 -6.253357 7.866198 -23.002370 -0.554758 -1.422909 4.245322 0.311837 -0.000001 0.000000 0.000001 -0.464192 3.236193 -10.073227 6.869666 -6.863274 41.203635 2.585617 -3.451277 20.019179 0.000001 0.000002 -0.000001 0.191504 6.152375 1.049907 1.377905 -5.416651 25.280586 -0.070615 -1.457905 5.138091 -0.000001 -0.000001 0.000001 -0.386652 6.767296 14.188546 -0.385187 -2.794660 12.871003 -0.410803 -0.495338 2.086947 0.000000 0.000000 -0.000001 -1.394808 6.722369 24.555230 0.454682 0.532658 -3.843292 -0.739787 -0.921072 7.115814 -0.000000 0.000000 -0.000001 -63.728786 -9.135817 18.979426 65.423233 -2.482418 8.374736 -17.411426 1.845590 -10.854043 -5.377112 0.000004 0.000011 0.000000 -0.000001 0.000000 -47.743623 -2.471437 -33.541372 7.849397 -5.539005 -2.544360 28.759775 -7.754002 6.334415 -20.311488 0.000015 0.000015 0.000004 0.000003 0.000000 
18.253008 84.186203 -0.770495 16.788072 -11.849626 -3.112675 41.204387 5.213856 -5.716680 -3.007178 0.958137 0.426803 -3.013681 0.976812 0.316426 -9.237760 -0.585324 -2.214244 -27.688226 -5.961926 0.506369 -0.000000 -0.000000 -0.000000 0.604238 -3.722459 0.140565 -11.456608 0.801016 -39.431625 -12.576763 -85.483349 -12.611996 25.489943 -11.871437 23.249312 4.997661 19.224621 8.552237 0.399051 -9.883658 -6.477972 -2.840550 -9.802700 -1.016288 0.000002 0.000004 0.000002 2.070708 -12.499402 18.573038 9.060838 8.631908 -53.062029 4.367399 6.072002 -31.104944 -0.000001 -0.000000 0.000000 1.872845 -14.202259 7.844215 2.948168 8.842583 -39.921230 2.220698 7.377134 -37.910176 0.000002 -0.000001 0.000000 0.488176 -14.448218 -5.389865 -0.423656 8.358455 -34.782998 -0.707644 5.439609 -22.636217 0.000000 0.000002 -0.000001 -0.100413 -7.270293 -7.004764 -1.074164 4.372480 -34.837117 -1.547286 5.924125 -26.133214 0.000001 -0.000001 -0.000000 -0.720680 -3.464854 -11.897458 -49.948624 36.002938 40.396693 -175.505522 77.607376 175.389764 14.163808 20.178529 -7.614065 -4.551262 -1.407202 -5.934234 8.100356 -24.665802 -0.912514 -1.296508 3.760246 0.220550 -0.000001 -0.000006 -0.000001 -0.477840 3.271245 -10.382247 6.918942 -6.884629 41.431514 2.620987 -3.488587 20.238218 0.000001 0.000000 -0.000003 0.201131 6.222350 0.701991 1.390287 -5.440189 25.406133 -0.095499 -1.495790 5.283459 0.000001 0.000000 -0.000000 -0.381620 6.915855 13.788236 -0.385372 -2.801575 12.903052 -0.449581 -0.505416 2.130680 -0.000002 -0.000002 0.000000 -1.402086 6.903765 24.090644 0.454971 0.533113 -3.845594 -0.735700 -0.911962 7.074163 -0.000000 -0.000001 -0.000001 -62.796991 -9.438985 20.137329 65.803320 -1.464181 8.483481 -17.611853 1.988698 -10.467347 -6.869392 0.000009 0.000010 -0.000000 -0.000001 -0.000000 -51.894944 -0.001659 -34.127737 13.971209 -6.116941 -2.037739 23.030015 -7.407489 6.879882 -20.410513 -0.000006 0.000011 -0.000000 -0.000002 -0.000003 
15.912094 83.604538 -0.323988 16.036700 -12.292261 -2.829728 41.649739 5.715597 -5.457065 -3.039488 1.043624 0.169169 -3.041731 1.044783 0.048417 -9.189654 -0.657358 -2.014755 -28.007209 -5.865135 -0.112479 0.000001 0.000000 -0.000000 0.592900 -3.557333 -0.447069 -9.767870 1.372801 -39.368722 -8.028770 -82.980419 -8.086769 23.319386 -10.092048 23.568855 5.137673 18.771247 8.001596 0.431018 -9.720690 -6.505242 -2.721289 -9.439349 -1.027092 0.000003 0.000000 -0.000003 2.164379 -12.903499 17.846000 9.054843 8.630107 -53.036081 4.429161 6.121313 -31.431035 0.000000 -0.000000 -0.000000 1.826090 -14.513192 7.004022 2.944659 8.838368 -39.896593 2.286755 7.472605 -38.428553 0.000001 0.000001 0.000000 0.326266 -14.620507 -6.393989 -0.428236 8.341001 -34.704912 -0.695456 5.616616 -23.403764 -0.000001 -0.000003 -0.000001 -0.179859 -7.257772 -8.125081 -1.080320 4.335447 -34.686009 -1.548585 6.181864 -27.155191 0.000000 -0.000001 -0.000000 -0.698811 -3.534942 -11.351292 -50.359053 36.153059 40.173851 -174.958342 78.913759 174.854414 14.249611 20.100832 -7.570660 -4.886524 -0.467900 -5.571322 8.340470 -26.525070 -1.322801 -1.139164 3.160463 0.113535 -0.000000 0.000002 0.000001 -0.471885 3.393597 -10.646270 6.959427 -6.902001 41.618450 2.649803 -3.518769 20.416064 -0.000002 0.000004 -0.000003 0.211781 6.347769 0.394093 1.400229 -5.459031 25.506732 -0.106020 -1.524368 5.400938 0.000000 0.000002 0.000001 -0.382391 7.089648 13.425426 -0.385490 -2.806509 12.925856 -0.474640 -0.513018 2.163902 -0.000001 0.000000 -0.000001 -1.410929 7.083076 23.660831 0.455141 0.533390 -3.846904 -0.731875 -0.903438 7.035273 -0.000001 -0.000001 -0.000001 -61.590452 -9.789231 21.306575 66.256277 -0.137690 8.529590 -17.468410 2.118678 -10.108230 -8.745746 0.000012 0.000010 -0.000001 -0.000000 -0.000001 -54.653050 1.600519 -34.369146 18.450207 -6.140230 -1.685078 17.746933 -7.483545 7.578373 -20.318816 -0.000004 0.000027 -0.000001 -0.000001 -0.000002 
13.410925 83.077095 0.046134 15.178716 -12.670334 -2.460153 42.333290 6.197417 -5.212972 -3.186968 1.135514 -0.123887 -3.184098 1.115919 -0.258031 -9.005408 -0.737926 -1.845857 -28.258000 -5.825162 -0.764020 0.000000 0.000001 -0.000000 0.599615 -3.578313 -0.981374 -8.048367 2.453945 -39.573669 -5.928979 -80.549534 -6.008917 20.655831 -7.912207 23.717490 5.242814 18.270319 7.457966 0.451643 -9.593574 -6.539247 -2.574899 -9.002088 -1.045457 0.000001 -0.000002 -0.000003 2.254515 -13.285987 17.302114 9.078768 8.637251 -53.139743 4.539149 6.207658 -32.008012 -0.000000 -0.000002 -0.000000 1.787203 -14.829797 6.286432 2.896101 8.779657 -39.554800 2.324713 7.526650 -38.723512 0.000000 -0.000000 0.000000 0.164764 -14.834735 -7.346689 -0.480482 8.133884 -33.782088 -0.696042 5.608845 -23.370066 -0.000002 -0.000001 -0.000000 -0.271578 -7.301577 -9.246819 -1.135014 3.974507 -33.216036 -1.548697 6.130736 -26.952365 0.000000 0.000000 0.000000 -0.673930 -3.579644 -10.821199 -50.828950 36.360543 39.954551 -173.962377 80.702086 173.874596 14.309019 20.058659 -7.320742 -5.263532 0.550248 -5.195998 8.575654 -28.572121 -1.792079 -0.950753 2.445336 -0.008334 0.000001 -0.000001 0.000000 -0.455594 3.557236 -10.888794 6.993258 -6.916399 41.774472 2.671644 -3.541528 20.550470 0.000000 0.000001 -0.000002 0.222853 6.481390 0.119898 1.408515 -5.474645 25.590122 -0.100895 -1.544460 5.496135 0.000002 -0.000002 0.000002 -0.381994 7.240871 13.113981 -0.385598 -2.810861 12.946023 -0.484753 -0.521236 2.200880 -0.000001 0.000003 -0.000001 -1.414047 7.225271 23.300743 0.455133 0.533389 -3.846880 -0.730506 -0.900403 7.021449 0.000000 -0.000001 -0.000001 -60.047581 -10.285105 22.572153 66.228267 0.862963 8.574910 -15.932306 2.228157 -11.100996 -10.724039 0.000012 0.000007 -0.000001 -0.000000 -0.000000 -56.238593 2.491686 -34.321909 21.280786 -5.708554 -1.553987 13.293137 -7.911581 8.231780 -20.042488 0.000003 0.000015 0.000000 0.000001 -0.000001 
10.704906 82.618393 0.315972 14.304022 -12.877033 -1.921147 43.235193 6.611165 -5.034768 -3.480960 1.225710 -0.414176 -3.472515 1.184961 -0.564596 -8.707886 -0.826052 -1.709880 -28.463336 -5.841027 -1.445935 -0.000000 0.000000 0.000000 0.623811 -3.841656 -1.462837 -6.406538 4.050998 -40.090386 -4.723529 -78.209088 -4.824674 17.526494 -5.645976 23.800417 5.297139 17.788452 6.997386 0.472152 -9.477560 -6.559816 -2.417809 -8.541178 -1.069241 -0.000001 0.000004 0.000002 2.339406 -13.598704 17.039616 9.134294 8.653605 -53.380230 4.694614 6.326706 -32.816201 -0.000000 -0.000000 0.000001 1.760668 -15.112378 5.751110 2.804511 8.666901 -38.903183 2.330972 7.535493 -38.771897 0.000001 -0.000000 0.000000 0.005441 -15.060222 -8.234312 -0.570362 7.738208 -32.030295 -0.709443 5.409769 -22.506959 0.000001 -0.000002 -0.000000 -0.377631 -7.379938 -10.395013 -1.213284 3.285172 -30.424907 -1.544061 5.762155 -25.491077 0.000001 0.000001 0.000000 -0.652943 -3.617187 -10.367443 -51.223472 36.573573 39.664012 -172.044993 82.906906 171.977115 14.333799 20.026965 -6.883532 -5.659788 1.579934 -4.842881 8.791963 -30.774005 -2.321834 -0.735005 1.627298 -0.142912 -0.000000 0.000000 0.000001 -0.438527 3.717481 -11.127692 7.021588 -6.928377 41.904952 2.685830 -3.556263 20.637644 0.000001 0.000002 0.000001 0.232898 6.579729 -0.128112 1.415561 -5.487879 25.660981 -0.079487 -1.556555 5.572269 -0.000000 -0.000002 -0.000001 -0.374816 7.327888 12.858022 -0.385708 -2.815666 12.968275 -0.479173 -0.532454 2.252932 -0.000001 0.000002 -0.000001 -1.405241 7.302359 23.027715 0.455121 0.533377 -3.846855 -0.733424 -0.906908 7.051144 0.000000 -0.000001 0.000000 -58.096257 -10.657590 23.742137 65.419736 1.967776 8.656163 -13.923095 2.105444 -12.302914 -12.633355 0.000012 0.000009 0.000000 0.000000 0.000000 -56.983701 2.915864 -34.092906 22.928732 -4.962883 -1.679358 9.657905 -8.531491 8.858593 -19.613114 0.000002 0.000031 0.000003 0.000003 -0.000003 
7.845336 82.229530 0.554803 13.532083 -12.833007 -1.146781 44.286042 6.924665 -4.960454 -3.945792 1.308503 -0.672151 -3.931632 1.248675 -0.841487 -8.333294 -0.921083 -1.604207 -28.655768 -5.910102 -2.150793 -0.000001 -0.000000 -0.000000 0.661401 -4.371076 -1.896614 -4.907004 6.135482 -40.908790 -3.935495 -75.942770 -4.057111 13.984718 -3.616363 23.964156 5.294176 17.375760 6.673257 0.496504 -9.365520 -6.559418 -2.265983 -8.103438 -1.095535 0.000003 0.000002 -0.000004 2.418165 -13.806431 17.107677 9.218100 8.677820 -53.742565 4.885499 6.468145 -33.797299 -0.000001 -0.000001 0.000001 1.749226 -15.327754 5.424866 2.677054 8.505468 -37.980937 2.305393 7.499212 -38.573620 0.000003 0.000000 0.000001 -0.150354 -15.264342 -9.056945 -0.676344 7.175046 -29.559717 -0.726493 5.035052 -20.885013 0.000001 -0.000000 -0.000000 -0.497946 -7.464535 -11.593929 -1.266418 2.301458 -26.465573 -1.512542 5.107037 -22.892880 -0.000001 -0.000001 0.000000 -0.636527 -3.642556 -10.022892 -51.359590 36.749980 39.175349 -167.598663 85.415320 167.553584 14.324233 19.973575 -6.355742 -6.044559 2.543289 -4.547471 8.973384 -33.050462 -2.900310 -0.501275 0.738937 -0.285814 -0.000000 -0.000001 -0.000001 -0.429125 3.835764 -11.370634 7.043689 -6.937666 42.006719 2.691263 -3.561878 20.670912 0.000002 0.000002 0.000000 0.240092 6.608323 -0.356020 1.421275 -5.498559 25.718215 -0.042477 -1.560527 5.628307 -0.000001 -0.000002 0.000002 -0.356847 7.320935 12.652744 -0.385848 -2.821255 12.994097 -0.458019 -0.547888 2.325850 -0.000002 -0.000002 0.000001 -1.379775 7.297446 22.840404 0.455144 0.533395 -3.846994 -0.741748 -0.925499 7.135893 -0.000002 0.000000 0.000000 -55.841472 -10.748159 24.731849 63.725057 3.203700 8.807169 -11.686677 1.631349 -13.597097 -14.449970 0.000016 -0.000005 0.000000 -0.000000 0.000001 -57.028405 2.943008 -33.869508 23.482392 -4.010975 -2.040085 6.890094 -9.193480 9.632157 -19.068789 -0.000010 0.000015 -0.000000 0.000003 0.000002 
4.751999 81.953400 0.696312 12.994110 -12.496936 -0.121416 45.354252 7.133341 -4.985432 -4.576012 1.380818 -0.886138 -4.556070 1.305478 -1.076215 -7.927770 -1.022302 -1.521946 -28.873744 -6.027564 -2.864949 0.000000 0.000000 -0.000000 0.705373 -5.142288 -2.276579 -3.584328 8.642455 -41.981444 -3.371039 -73.713690 -3.513002 10.111830 -2.103086 24.313462 5.234769 17.063057 6.514281 0.519208 -9.275230 -6.544834 -2.133659 -7.728401 -1.121135 0.000000 0.000005 -0.000001 2.488420 -13.894012 17.506022 9.322191 8.707129 -54.191875 5.095370 6.617895 -34.862529 0.000000 -0.000001 0.000001 1.753570 -15.455412 5.310049 2.525103 8.305648 -36.855930 2.251577 7.421970 -38.153283 0.000004 0.000001 0.000001 -0.298727 -15.419200 -9.809061 -0.771904 6.485640 -26.563748 -0.732569 4.521718 -18.666830 0.000000 -0.000000 0.000001 -0.628161 -7.527818 -12.838100 -1.239191 1.102110 -21.647352 -1.423925 4.234252 -19.420675 0.000002 -0.000000 -0.000001 -0.620372 -3.631074 -9.790366 -51.055261 36.853686 38.338234 -150.252127 88.012247 150.231828 14.282450 19.863671 -5.883364 -6.381897 3.357426 -4.343894 9.107440 -35.255726 -3.491732 -0.265898 -0.162059 -0.429753 -0.000001 -0.000003 -0.000000 -0.433599 3.883634 -11.612445 7.056373 -6.942973 42.065045 2.686308 -3.556729 20.640541 0.000003 0.000000 -0.000001 0.242760 6.546218 -0.566098 1.424743 -5.505047 25.752909 0.007724 -1.555463 5.657660 0.000001 0.000001 0.000002 -0.325956 7.206808 12.486340 -0.385982 -2.826914 13.020278 -0.422764 -0.567124 2.417977 -0.000001 0.000001 -0.000002 -1.334970 7.207867 22.719916 0.453834 0.531358 -3.836685 -0.755631 -0.956632 7.277780 0.000000 -0.000003 0.000001 -53.351041 -10.427731 25.578370 60.764477 4.568188 9.069159 -9.163712 0.724683 -14.861020 -16.250711 0.000011 0.000022 0.000000 -0.000000 -0.000002 -56.681862 2.670903 -33.693098 23.258377 -2.984654 -2.537277 4.885030 -9.795146 10.631824 -18.443623 0.000007 0.000020 -0.000000 -0.000001 -0.000001 
1.566862 81.824844 0.667018 12.802080 -11.861137 1.108538 46.260021 7.250554 -5.045803 -5.319006 1.441441 -1.068298 -5.293140 1.354157 -1.279233 -7.542511 -1.128627 -1.453247 -29.156923 -6.186212 -3.568987 0.000001 -0.000000 -0.000000 0.748440 -6.074699 -2.570701 -2.466755 11.464711 -43.247962 -2.938500 -71.478927 -3.100870 6.035968 -1.295914 24.839030 5.124549 16.861700 6.525211 0.530081 -9.235731 -6.530430 -2.031847 -7.445170 -1.143219 -0.000002 0.000004 -0.000003 2.546255 -13.868655 18.190547 9.435152 8.737914 -54.678379 5.303262 6.760520 -35.904734 0.000000 -0.000000 -0.000001 1.772688 -15.490521 5.392816 2.362308 8.082016 -35.617032 2.176285 7.311834 -37.557636 0.000002 -0.000000 0.000001 -0.431561 -15.506456 -10.467480 -0.834628 5.727738 -23.295482 -0.714507 3.924246 -16.085864 0.000000 -0.000000 0.000001 -0.758333 -7.549102 -14.077282 -1.095626 -0.192986 -16.414015 -1.257533 3.242488 -15.442947 0.000001 -0.000001 0.000000 -0.597971 -3.551835 -9.647715 -50.195900 36.843973 37.024649 -41.545510 88.512701 41.550909 14.202741 19.671430 -5.613405 -6.635192 3.940923 -4.262853 9.194165 -37.175087 -4.026933 -0.051973 -0.992548 -0.564386 -0.000000 -0.000001 0.000001 -0.455104 3.845653 -11.834795 7.053643 -6.941829 42.052501 2.668833 -3.538620 20.533241 0.000001 0.000003 -0.000000 0.239800 6.388603 -0.755529 1.424181 -5.504031 25.747370 0.066644 -1.539653 5.647729 0.000000 -0.000004 0.000003 -0.282238 6.991016 12.342490 -0.386076 -2.830828 13.038381 -0.376317 -0.587982 2.519397 -0.000001 -0.000000 0.000000 -1.270882 7.045968 22.633130 0.450310 0.525885 -3.808955 -0.774151 -0.998509 7.468413 0.000001 -0.000000 0.000002 -50.959457 -9.659681 26.175163 56.575106 6.079401 9.418622 -6.252666 -0.607932 -15.732284 -18.129784 0.000015 0.000016 0.000001 -0.000000 -0.000000 -55.670932 1.794861 -33.697992 21.194750 -2.967928 -3.037319 4.145680 -9.222944 11.920761 -17.766434 0.000003 0.000036 0.000000 0.000001 0.000004 
-2.014819 81.836914 0.655721 13.013918 -10.948173 2.422255 46.817545 7.309997 -5.012895 -6.073198 1.489613 -1.254790 -6.041149 1.392143 -1.484074 -7.228058 -1.238385 -1.387068 -29.540739 -6.376664 -4.239703 0.000000 -0.000000 -0.000000 0.787908 -7.034418 -2.713802 -1.596199 14.449366 -44.650869 -2.590980 -69.205785 -2.774234 1.937048 -1.253656 25.400490 4.972007 16.766513 6.690517 0.521466 -9.266859 -6.529174 -1.967464 -7.270513 -1.159457 -0.000000 -0.000001 0.000001 2.588131 -13.756121 19.085048 9.543844 8.766605 -55.145465 5.486651 6.881771 -36.813897 0.000000 0.000000 0.000001 1.804433 -15.442766 5.649478 2.202332 7.851699 -34.362047 2.088046 7.179535 -36.847901 -0.000001 0.000000 -0.000000 -0.537062 -15.519307 -10.991117 -0.853790 4.967498 -20.032105 -0.667348 3.305974 -13.410119 0.000001 0.000001 -0.000000 -0.873568 -7.518390 -15.220487 -0.841247 -1.442577 -11.287647 -1.016838 2.243051 -11.377079 0.000004 -0.000000 -0.000001 -0.563956 -3.385796 -9.557604 -48.797494 36.669165 35.180529 -13.987305 85.925590 14.017461 14.064417 19.399868 -5.644599 -6.773259 4.221989 -4.329337 9.252627 -38.541446 -4.402317 0.112650 -1.651205 -0.677044 -0.000002 0.000000 0.000001 -0.492806 3.720867 -12.008351 7.026966 -6.930639 41.929681 2.636334 -3.504691 20.333041 0.000001 0.000001 0.000001 0.231123 6.147474 -0.916122 1.417020 -5.490614 25.675600 0.128171 -1.510740 5.580541 0.000001 0.000002 0.000001 -0.228210 6.697211 12.203926 -0.386060 -2.830072 13.034853 -0.322943 -0.606670 2.612314 0.000001 0.000001 0.000001 -1.190967 6.837305 22.538986 0.444769 0.517267 -3.765401 -0.795444 -1.047125 7.689329 -0.000001 0.000001 0.000000 -48.510469 -8.333245 26.798698 50.915601 7.435771 9.912590 -2.716885 -2.207557 -16.136081 -20.103093 0.000018 0.000001 0.000000 0.000000 -0.000002 -55.080298 0.960475 -33.774551 19.728699 -3.484678 -3.375686 3.453811 -8.094015 13.593149 -17.060472 0.000000 0.000010 -0.000003 -0.000001 -0.000003 
-5.600991 81.998169 0.627419 13.609443 -9.784047 3.671897 46.893347 7.322376 -4.721882 -6.705758 1.523569 -1.498336 -6.667058 1.414270 -1.740303 -7.028460 -1.349284 -1.313116 -30.051470 -6.587898 -4.853414 0.000001 0.000000 0.000000 0.828611 -7.852184 -2.615515 -1.032859 17.407176 -46.135162 -2.304370 -66.888971 -2.509090 -1.986867 -1.883792 25.786531 4.787588 16.760702 6.979981 0.492639 -9.366137 -6.546081 -1.942570 -7.207863 -1.168463 0.000002 0.000003 -0.000001 2.613154 -13.592184 20.096640 9.635703 8.790109 -55.539475 5.625187 6.970607 -37.494737 0.000003 -0.000000 0.000001 1.846191 -15.332100 6.050992 2.056594 7.631892 -33.182538 1.995402 7.036609 -36.088158 -0.000006 -0.000001 0.000001 -0.602603 -15.462174 -11.329981 -0.833028 4.267770 -17.031485 -0.596722 2.727398 -10.895960 -0.000001 0.000001 -0.000003 -0.957453 -7.437572 -16.155346 -0.526037 -2.518127 -6.775029 -0.732109 1.336995 -7.619050 -0.000002 -0.000000 -0.000000 -0.517515 -3.141221 -9.478009 -47.036566 36.277081 32.866177 -8.254799 83.162935 8.310075 13.832376 19.099697 -5.998506 -6.777335 4.148402 -4.560053 9.314302 -39.070099 -4.496262 0.199003 -2.031642 -0.754485 -0.000002 -0.000006 -0.000001 -0.541402 3.523521 -12.097364 6.965990 -6.904810 41.648735 2.586144 -3.451818 20.022416 -0.000001 0.000004 0.000000 0.217951 5.850820 -1.034873 1.400101 -5.458761 25.505374 0.185258 -1.465795 5.434252 0.000000 -0.000002 0.000002 -0.168938 6.364369 12.056108 -0.385845 -2.820834 12.992073 -0.267547 -0.618256 2.673026 -0.000001 0.000000 0.000001 -1.102259 6.616859 22.396144 0.437462 0.505912 -3.707874 -0.816930 -1.096725 7.914319 0.000003 0.000003 0.000000 -46.566369 -6.595270 27.115663 44.592242 8.482216 10.573856 1.607102 -3.816409 -15.658504 -22.040213 0.000018 0.000009 -0.000001 0.000001 0.000000 -54.103885 -0.422583 -34.073532 16.967503 -4.334333 -3.473653 3.748237 -6.526758 15.719561 -16.337823 0.000014 0.000022 0.000003 -0.000002 0.000003 
-9.679032 82.213638 0.996665 14.490584 -8.400919 4.719597 46.453995 7.272043 -4.022287 -7.085706 1.539799 -1.853307 -7.040164 1.412860 -2.099384 -6.975747 -1.458517 -1.223670 -30.702404 -6.807988 -5.389826 -0.000000 0.000000 -0.000000 0.878786 -8.355300 -2.186210 -0.845415 20.138575 -47.632496 -2.066495 -64.563640 -2.292936 -5.571922 -2.964677 25.823957 4.583324 16.821016 7.354277 0.450267 -9.509076 -6.577170 -1.954244 -7.247511 -1.169922 0.000001 0.000001 0.000001 2.624060 -13.413179 21.130418 9.700850 8.806379 -55.818505 5.704319 7.020304 -37.881366 0.000000 0.000000 0.000001 1.895461 -15.183215 6.565323 1.932715 7.436887 -32.149953 1.905302 6.893430 -35.333812 0.000004 0.000000 -0.000000 -0.618361 -15.348499 -11.438417 -0.786803 3.676973 -14.493161 -0.516234 2.235339 -8.745574 -0.000002 -0.000000 0.000003 -0.996659 -7.318876 -16.773532 -0.222517 -3.335819 -3.256984 -0.449393 0.596212 -4.479136 -0.000000 -0.000002 -0.000002 -0.464021 -2.859542 -9.371931 -45.220220 35.642748 30.262926 -5.819213 80.365693 5.899739 13.466068 18.869207 -6.622917 -6.646748 3.696650 -4.961193 9.396866 -38.501609 -4.206250 0.181221 -2.038766 -0.785275 -0.000003 0.000002 0.000001 -0.591154 3.282824 -12.065449 6.859944 -6.859025 41.158676 2.515850 -3.376816 19.584495 -0.000002 -0.000002 0.000001 0.202822 5.540572 -1.095769 1.370141 -5.401842 25.201690 0.231142 -1.401591 5.185908 0.000002 -0.000000 -0.000000 -0.111594 6.042600 11.890344 -0.385297 -2.798799 12.890189 -0.214892 -0.617246 2.674483 0.000002 -0.000001 0.000001 -1.014805 6.424513 22.170695 0.429135 0.492893 -3.642163 -0.835686 -1.140440 8.112283 0.000001 0.000000 -0.000001 -44.575522 -4.300496 27.535368 37.374109 8.665189 11.451652 6.914485 -5.147826 -14.609805 -23.697444 0.000016 0.000026 0.000001 -0.000000 0.000000 -55.659037 -0.156126 -34.476053 20.086348 -5.458198 -3.156780 1.636562 -4.959728 18.307800 -15.597195 0.000018 0.000014 -0.000003 -0.000002 -0.000002 
-13.403782 82.581085 1.154618 15.508102 -6.828508 5.484328 45.578914 7.106183 -2.830811 -7.121842 1.533476 -2.356590 -7.069674 1.379589 -2.596365 -7.085971 -1.562976 -1.114978 -31.491403 -7.024839 -5.835764 0.000001 -0.000000 0.000000 0.937879 -8.407675 -1.376215 -1.091488 22.471889 -49.043152 -1.871821 -62.309780 -2.119515 -8.718938 -4.208623 25.472670 4.372723 16.922210 7.770192 0.405049 -9.659937 -6.612914 -1.995229 -7.368416 -1.164683 0.000003 0.000004 0.000001 2.626230 -13.248508 22.100563 9.733354 8.814379 -55.957657 5.717363 7.028446 -37.944993 0.000002 -0.000001 0.000000 1.949950 -15.020278 7.158515 1.834239 7.276042 -31.307446 1.822212 6.757568 -34.623926 0.000002 0.000000 -0.000002 -0.580068 -15.197186 -11.286771 -0.733252 3.222720 -12.534931 -0.441304 1.856761 -7.081170 -0.000001 -0.000001 0.000003 -0.984878 -7.181044 -16.992737 0.008473 -3.871679 -0.899808 -0.213103 0.056009 -2.142114 0.000000 -0.000002 0.000004 -0.414023 -2.607356 -9.214321 -43.689452 34.793376 27.628322 -4.441474 77.472869 4.548158 12.930709 18.823081 -7.421656 -6.401209 2.878503 -5.526754 9.470084 -36.647544 -3.493924 0.040824 -1.605351 -0.762126 -0.000001 -0.000005 -0.000000 -0.629018 3.041575 -11.882139 6.699480 -6.787710 40.413768 2.423938 -3.276970 19.006470 0.000000 0.000004 0.000002 0.189258 5.269155 -1.082872 1.324462 -5.313544 24.732516 0.260494 -1.315138 4.815108 0.000004 -0.000002 0.000001 -0.064474 5.788099 11.704775 -0.384233 -2.759851 12.709974 -0.168678 -0.598256 2.590144 -0.000000 0.000003 0.000001 -0.940085 6.300470 21.841138 0.420877 0.479958 -3.576849 -0.848731 -1.171119 8.250994 -0.000001 0.000001 0.000001 -43.455894 -2.329559 28.048445 31.021835 8.045746 11.173669 13.199527 -5.875050 -12.073950 -24.869525 0.000021 0.000016 -0.000000 0.000002 -0.000000 -56.712539 -0.608293 -35.157914 21.619944 -6.309858 -2.493644 0.847001 -3.281926 21.011129 -14.836061 0.000000 0.000022 0.000001 0.000000 0.000001 
-17.342051 82.954147 1.433740 16.509308 -5.126581 5.931096 44.431637 6.793945 -1.167803 -6.791419 1.500155 -3.010147 -6.733692 1.308679 -3.233116 -7.356839 -1.659530 -0.988045 -32.400642 -7.226816 -6.187837 -0.000000 0.000000 -0.000000 0.985237 -7.948365 -0.213176 -1.795629 24.299376 -50.231199 -1.717204 -60.242992 -1.984554 -11.388195 -5.337659 24.855151 4.170058 17.040316 8.185043 0.367253 -9.785960 -6.643508 -2.055545 -7.542549 -1.154320 0.000002 -0.000000 -0.000002 2.625308 -13.116659 22.937259 9.731516 8.813931 -55.949740 5.665553 6.996064 -37.692191 0.000002 -0.000000 -0.000000 2.007499 -14.863129 7.795133 1.761104 7.152976 -30.668205 1.748114 6.632985 -33.978159 -0.000001 -0.000001 0.000003 -0.490188 -15.028501 -10.869448 -0.687468 2.911744 -11.189418 -0.383615 1.598583 -5.940210 0.000001 -0.000002 -0.000003 -0.924360 -7.044394 -16.771796 0.139786 -4.151541 0.350217 -0.052060 -0.281087 -0.660205 0.000002 0.000004 0.000003 -0.379352 -2.456236 -8.998694 -42.693959 33.803706 25.213182 -3.531320 74.397146 3.665899 12.202113 19.036239 -8.291176 -6.078510 1.742876 -6.238169 9.443360 -33.438356 -2.409401 -0.229136 -0.707508 -0.684035 -0.000001 -0.000001 0.000001 -0.641380 2.852459 -11.530578 6.479275 -6.685724 39.384609 2.310523 -3.150902 18.284507 0.000003 0.000007 0.000001 0.180813 5.093789 -0.985087 1.261749 -5.189328 24.075911 0.270702 -1.204287 4.309396 -0.000001 0.000001 -0.000001 -0.035473 5.656492 11.503068 -0.382399 -2.700843 12.436905 -0.130746 -0.557003 2.398834 -0.000001 -0.000003 -0.000000 -0.888614 6.280540 21.400576 0.413891 0.469024 -3.521570 -0.853516 -1.182390 8.301956 0.000002 0.000000 0.000000 -42.371861 -0.357068 29.136617 24.867863 6.289330 9.836590 20.437237 -5.735867 -8.908109 -25.526053 0.000026 0.000022 0.000001 0.000001 0.000000 -59.531635 -0.278585 -36.023934 27.032999 -5.197669 -1.313194 -1.251046 -3.022614 23.128414 -14.074833 0.000004 0.000032 -0.000000 0.000002 0.000001 
-20.792967 83.459259 1.333118 17.381573 -3.373400 6.106134 43.205878 6.312514 0.821752 -6.149291 1.438170 -3.772126 -6.087977 1.200385 -3.969672 -7.767924 -1.745281 -0.848646 -33.398081 -7.403191 -6.453471 -0.000000 0.000000 0.000000 0.983833 -7.016092 1.184630 -2.930768 25.593933 -51.041392 -1.600672 -58.490748 -1.884838 -13.581736 -6.143025 24.209488 3.989304 17.155118 8.560601 0.343128 -9.868055 -6.662802 -2.124662 -7.740493 -1.140804 0.000000 -0.000003 -0.000000 2.624855 -13.023989 23.590893 9.697116 8.805461 -55.802557 5.556280 6.926725 -37.156752 -0.000001 -0.000001 0.000000 2.065611 -14.724436 8.438751 1.710585 7.066075 -30.219537 1.682717 6.520368 -33.398088 -0.000001 -0.000001 0.000002 -0.357320 -14.859806 -10.208677 -0.657846 2.733484 -10.415941 -0.348314 1.451438 -5.287486 0.000001 0.000001 0.000001 -0.824643 -6.925602 -16.118724 0.139784 -4.151532 0.350208 0.025611 -0.436070 0.027695 -0.000000 -0.000002 -0.000001 -0.367812 -2.456857 -8.735039 -42.301680 32.758287 23.180931 -2.874990 71.078555 3.039883 11.263294 19.488005 -9.143561 -5.728285 0.373641 -7.064605 9.197250 -28.970702 -1.074192 -0.620046 0.621715 -0.557216 -0.000003 -0.000005 -0.000001 -0.617765 2.772134 -11.015787 6.200991 -6.549862 38.071789 2.178256 -2.999774 17.429765 0.000001 0.000006 0.000001 0.179898 5.068991 -0.802102 1.182991 -5.028059 23.229427 0.262706 -1.068980 3.670286 0.000001 -0.000001 -0.000000 -0.030460 5.695047 11.291312 -0.379447 -2.620676 12.065897 -0.100671 -0.491490 2.090456 -0.000001 -0.000001 0.000003 -0.867450 6.391081 20.856452 0.409261 0.461748 -3.484859 -0.848226 -1.169930 8.245580 -0.000000 0.000001 -0.000001 -42.734352 0.930851 29.412116 21.329214 4.908839 9.141792 26.351164 -4.986535 -5.847066 -25.790953 0.000027 0.000009 -0.000001 0.000001 -0.000000 -62.485972 0.457268 -36.808832 32.632506 -4.053551 0.269205 -2.660321 -2.384145 22.036840 -13.365159 0.000019 0.000021 0.000002 -0.000001 -0.000002 
-24.470287 83.887756 1.379207 18.078957 -1.671644 6.099125 42.067296 5.682757 2.903232 -5.313769 1.350946 -4.561264 -5.251538 1.063202 -4.728349 -8.283010 -1.817726 -0.706569 -34.440833 -7.544344 -6.649864 -0.000000 0.000000 0.000000 0.903318 -5.749643 2.630400 -4.412368 26.401007 -51.332089 -1.519562 -57.158708 -1.816600 -15.338947 -6.516509 23.790790 3.842345 17.251489 8.866694 0.343071 -9.876131 -6.659485 -2.193545 -7.936957 -1.126025 0.000003 -0.000001 0.000002 2.624688 -12.965984 24.034275 9.634573 8.789817 -55.534639 5.400788 6.825528 -36.389370 0.000000 0.000000 0.000000 2.121053 -14.608593 9.053253 1.678281 7.009658 -29.929407 1.624276 6.417383 -32.870876 -0.000001 -0.000000 0.000000 -0.194618 -14.702658 -9.354229 -0.645875 2.665386 -10.120096 -0.334207 1.394635 -5.035034 0.000001 -0.000000 -0.000005 -0.699683 -6.834353 -15.091755 0.139786 -4.151560 0.350223 0.029798 -0.444288 0.064331 0.000000 0.000000 -0.000000 -0.379831 -2.618420 -8.444855 -42.383523 31.707231 21.565890 -2.380060 67.520791 2.577783 10.096098 20.033659 -9.908725 -5.403321 -1.115555 -7.963431 8.645517 -23.539018 0.364378 -1.104882 2.284316 -0.395075 -0.000001 -0.000001 -0.000001 -0.554270 2.853923 -10.371454 5.875433 -6.380675 36.517261 2.032903 -2.828207 16.473368 0.000002 0.000003 0.000001 0.186789 5.238514 -0.549664 1.091991 -4.833722 22.217784 0.241239 -0.912421 2.918794 0.000001 0.000001 -0.000003 -0.051938 5.934947 11.074563 -0.375065 -2.521263 11.605699 -0.075732 -0.402925 1.670966 -0.000001 0.000000 0.000001 -0.878396 6.644533 20.228993 0.407665 0.459242 -3.472285 -0.832272 -1.132468 8.076076 0.000000 0.000004 0.000001 -44.260862 1.047279 29.688903 21.436033 4.846342 8.863567 28.617321 -3.804390 -3.492840 -25.817026 0.000029 0.000010 -0.000000 0.000001 0.000002 -65.269984 1.093766 -37.416094 38.481146 -2.292201 1.727179 -4.018287 -2.249679 21.804337 -12.752140 0.000012 0.000012 0.000002 0.000001 -0.000001 
-28.222357 84.277618 1.337513 18.618792 -0.120903 6.026132 41.117073 4.951751 4.808364 -4.434724 1.247979 -5.274605 -4.374322 0.913761 -5.410665 -8.854669 -1.874810 -0.574226 -35.479623 -7.641803 -6.801093 -0.000000 -0.000000 0.000000 0.746609 -4.360445 3.919731 -6.114000 26.812739 -51.008577 -1.470140 -56.296994 -1.775560 -16.740415 -6.457790 23.769000 3.737518 17.319521 9.083212 0.344786 -9.876959 -6.658209 -2.255861 -8.114119 -1.111499 0.000003 0.000001 -0.000000 2.621172 -12.930357 24.263282 9.549793 8.768140 -55.171007 5.211975 6.698576 -35.448631 0.000000 -0.000001 0.000001 2.169849 -14.512675 9.605286 1.658865 6.975436 -29.753773 1.570109 6.319840 -32.374291 -0.000001 -0.000000 -0.000002 -0.017595 -14.562047 -8.377927 -0.648125 2.677998 -10.174872 -0.335826 1.401134 -5.063937 -0.000000 0.000001 -0.000004 -0.564516 -6.772744 -13.792198 0.139787 -4.151546 0.350234 -0.018494 -0.348642 -0.360892 0.000000 0.000000 0.000001 -0.408119 -2.902113 -8.148463 -42.668656 30.643275 20.280027 -2.000397 63.806090 2.232829 8.671587 20.419324 -10.524831 -5.150234 -2.590883 -8.881231 7.788885 -17.626657 1.773364 -1.638781 4.121368 -0.216257 -0.000000 -0.000004 -0.000002 -0.454741 3.139365 -9.662276 5.522910 -6.184559 34.808912 1.883209 -2.645282 15.468446 -0.000000 0.000002 -0.000000 0.199876 5.627660 -0.262101 0.995114 -4.616333 21.096270 0.213956 -0.741981 2.097498 0.000002 -0.000002 -0.000002 -0.098326 6.385236 10.854006 -0.369090 -2.407891 11.080784 -0.051661 -0.296385 1.164892 0.000001 -0.000000 0.000002 -0.917731 7.036253 19.548415 0.409342 0.461867 -3.485529 -0.806419 -1.072397 7.803999 0.000002 0.000001 0.000001 -45.225520 0.926613 29.944868 21.549838 4.956929 8.619562 30.534166 -2.463548 -1.534897 -25.691982 0.000024 -0.000009 -0.000001 -0.000001 0.000003 -67.669846 1.556664 -37.789582 43.689551 -0.763538 3.083950 -4.809187 -1.678999 22.642309 -12.220506 0.000010 0.000018 0.000000 0.000003 0.000001 
-31.698534 84.623955 1.367724 19.061156 1.164329 5.958267 40.385307 4.237393 6.305111 -3.655487 1.143776 -5.813031 -3.599008 0.773836 -5.921926 -9.430144 -1.914900 -0.464834 -36.463819 -7.688098 -6.933699 0.000001 -0.000000 0.000000 0.556915 -3.086137 4.889363 -7.903790 26.938995 -50.041494 -1.446960 -55.879550 -1.756454 -17.893516 -6.065964 24.169893 3.678400 17.353626 9.200769 0.346645 -9.876833 -6.660170 -2.308205 -8.262353 -1.098180 0.000002 0.000001 -0.000001 2.609192 -12.901991 24.295022 9.449324 8.741717 -54.739325 5.002740 6.552539 -34.394135 -0.000001 -0.000000 -0.000000 2.207923 -14.429446 10.067722 1.646826 6.954074 -29.644414 1.517319 6.222868 -31.882968 0.000002 -0.000001 0.000003 0.158181 -14.437990 -7.363364 -0.658894 2.739555 -10.442373 -0.346044 1.442220 -5.246523 -0.000001 0.000002 -0.000005 -0.432451 -6.736843 -12.348365 0.136341 -4.144404 0.318088 -0.094760 -0.193872 -1.045479 -0.000000 0.000002 0.000001 -0.440325 -3.232510 -7.853297 -42.836559 29.504891 19.155790 -1.708794 60.084853 1.976474 6.946191 20.340373 -10.935574 -5.001177 -3.912494 -9.756316 6.731087 -11.844437 3.047311 -2.164344 5.932617 -0.041628 -0.000002 0.000000 0.000002 -0.328893 3.649546 -8.979650 5.171125 -5.974707 33.075440 1.740105 -2.463992 14.487176 -0.000001 0.000000 -0.000002 0.217227 6.237670 0.009467 0.900305 -4.391585 19.947525 0.189678 -0.569253 1.268322 0.000001 0.000002 0.000001 -0.163928 7.029951 10.625728 -0.361703 -2.288994 10.529870 -0.024105 -0.180631 0.613894 0.000002 0.000000 0.000000 -0.977515 7.544058 18.851085 0.413987 0.469143 -3.522312 -0.772915 -0.995691 7.455586 0.000001 0.000001 -0.000001 -45.841843 0.443129 29.988775 22.395789 5.508174 8.465453 31.551922 -1.157814 -0.024248 -25.429353 0.000017 0.000015 -0.000000 -0.000001 0.000002 -69.416169 1.758292 -37.956188 47.646416 0.512275 4.276562 -4.814286 -0.795018 23.642392 -11.689169 0.000013 0.000025 0.000001 0.000002 -0.000001 
-35.140648 84.986786 1.189977 19.474918 2.070908 5.884014 39.849321 3.722612 7.262941 -3.081266 1.054426 -6.106016 -3.029669 0.665010 -6.195008 -9.958014 -1.936647 -0.390508 -37.346341 -7.676549 -7.071743 0.000000 0.000000 0.000000 0.396997 -2.140026 5.459114 -9.686804 26.880812 -48.465786 -1.442922 -55.805815 -1.753146 -18.890618 -5.515339 24.879678 3.663165 17.351013 9.220220 0.350747 -9.870738 -6.662078 -2.349426 -8.378348 -1.086589 -0.000000 0.000002 -0.000003 2.585338 -12.868733 24.164700 9.339473 8.711916 -54.266328 4.784966 6.394252 -33.282040 -0.000001 -0.000000 -0.000001 2.232507 -14.352089 10.423983 1.637175 6.936873 -29.556428 1.463635 6.122124 -31.375150 0.000000 0.000001 -0.000000 0.319467 -14.328588 -6.391931 -0.672630 2.820608 -10.794240 -0.358163 1.491737 -5.466444 -0.000000 -0.000000 -0.000003 -0.313368 -6.719771 -10.893839 0.119368 -4.109072 0.159629 -0.177186 -0.021143 -1.804615 0.000001 -0.000001 0.000000 -0.462819 -3.521345 -7.550895 -42.614404 28.188855 18.007715 -1.486515 56.544691 1.788324 4.877344 19.530518 -11.106914 -4.968592 -4.952613 -10.523312 5.655254 -6.830123 4.099735 -2.620960 7.509160 0.109396 -0.000002 -0.000001 0.000001 -0.187626 4.376663 -8.431536 4.851369 -5.771063 31.472327 1.615306 -2.300548 13.613754 -0.000001 0.000002 -0.000001 0.239150 7.041467 0.202383 0.815677 -4.179493 18.872634 0.176049 -0.409169 0.506118 -0.000001 0.000001 -0.000000 -0.239356 7.827498 10.380242 -0.353543 -2.175064 10.001698 0.009828 -0.067209 0.072191 0.000001 0.000000 -0.000002 -1.047619 8.129686 18.174577 0.420888 0.479988 -3.577036 -0.735272 -0.911004 7.069831 0.000002 0.000004 0.000001 -45.117996 0.246376 29.959795 21.537791 6.228890 8.451737 32.931088 0.001569 0.925804 -25.008867 0.000022 0.000039 -0.000000 -0.000001 -0.000002 -70.917847 1.744548 -37.381205 50.646939 1.704583 5.265391 -4.146744 -0.044159 22.640894 -11.043449 0.000015 0.000017 -0.000000 -0.000001 0.000000 
-37.991066 85.304970 1.224015 19.899483 2.597030 5.834497 39.464915 3.473710 7.641435 -2.762607 0.992573 -6.127443 -2.715500 0.602383 -6.205454 -10.394266 -1.938840 -0.360480 -38.087805 -7.601029 -7.232160 0.000001 0.000000 0.000000 0.316167 -1.668764 5.645775 -11.431919 26.706139 -46.363710 -1.449486 -55.925538 -1.758525 -19.764969 -5.010864 25.697808 3.684338 17.310150 9.151945 0.355979 -9.862457 -6.664196 -2.379655 -8.462489 -1.077052 0.000002 0.000007 -0.000000 2.550750 -12.826562 23.921547 9.225753 8.680017 -53.775674 4.568703 6.230543 -32.162217 0.000000 -0.000001 0.000001 2.243583 -14.278452 10.671704 1.626032 6.916967 -29.454603 1.407849 6.015054 -30.838229 0.000001 -0.000001 0.000002 0.457070 -14.233330 -5.529519 -0.685201 2.897588 -11.128052 -0.367307 1.529667 -5.634738 -0.000002 -0.000001 -0.000001 -0.213193 -6.714581 -9.545913 0.107888 -4.085018 0.051805 -0.250101 0.136771 -2.494272 0.000000 0.000000 0.000001 -0.464615 -3.693748 -7.224133 -41.857681 26.564105 16.697104 -1.319678 53.367191 1.652675 2.465534 17.860069 -11.056028 -5.044943 -5.613366 -11.119720 4.775054 -3.141804 4.853211 -2.955479 8.669275 0.221741 -0.000001 0.000002 0.000001 -0.038044 5.279056 -8.129197 4.594475 -5.598081 30.163406 1.520039 -2.172219 12.935263 -0.000001 -0.000001 -0.000003 0.270257 7.982708 0.249810 0.748364 -4.001938 17.979230 0.177499 -0.278392 -0.109680 0.000001 0.000002 -0.000003 -0.312427 8.713072 10.103246 -0.345723 -2.077436 9.548910 0.050145 0.030957 -0.399797 0.000000 -0.000002 -0.000001 -1.117806 8.742563 17.552826 0.429091 0.492827 -3.641763 -0.697993 -0.828620 6.693377 0.000000 -0.000002 -0.000001 -44.500158 -0.521861 29.563688 22.372056 7.603524 8.599160 32.943922 0.866672 1.338898 -24.416383 0.000009 0.000009 -0.000001 -0.000002 -0.000003 -72.201807 1.817528 -36.502218 53.068388 3.082941 6.079903 -3.157242 0.486235 19.677302 -10.171841 -0.000015 0.000015 0.000000 -0.000001 0.000000 
-40.887009 85.606918 1.111036 20.338432 2.800631 5.815349 39.178884 3.505997 7.490514 -2.700946 0.963036 -5.909722 -2.656906 0.589888 -5.985309 -10.707347 -1.920289 -0.379838 -38.659858 -7.455855 -7.421579 0.000001 0.000000 0.000000 0.328691 -1.724085 5.544278 -13.167241 26.430580 -43.842516 -1.457915 -56.077793 -1.765470 -20.479759 -4.730077 26.407951 3.729609 17.230059 9.013996 0.357072 -9.866528 -6.671204 -2.399324 -8.516115 -1.069775 0.000000 0.000002 -0.000001 2.512055 -12.781990 23.623379 9.112645 8.647254 -53.286506 4.362187 6.067824 -31.077415 0.000000 -0.000001 -0.000000 2.244620 -14.213321 10.823318 1.610992 6.889934 -29.316630 1.350072 5.901454 -30.271603 -0.000001 -0.000001 0.000000 0.566565 -14.154971 -4.818640 -0.694245 2.954772 -11.375902 -0.370677 1.543802 -5.697375 -0.000001 0.000001 -0.000001 -0.134283 -6.716499 -8.391570 0.097389 -4.062896 -0.047191 -0.304644 0.258248 -3.022201 -0.000000 0.000000 -0.000000 -0.440711 -3.706474 -6.862587 -40.595899 24.492447 15.186775 -1.197084 50.685550 1.556829 -0.196157 15.414719 -10.861824 -5.207489 -5.839120 -11.492960 4.275452 -1.175653 5.242199 -3.130768 9.287369 0.286398 -0.000000 0.000001 -0.000001 0.119091 6.282684 -8.172871 4.427290 -5.480832 29.300873 1.464075 -2.095295 12.531549 -0.000001 -0.000001 -0.000006 0.319376 8.979889 0.089237 0.703915 -3.879839 17.368135 0.194454 -0.192852 -0.504547 -0.000000 -0.000001 0.000001 -0.369898 9.604895 9.777234 -0.339574 -2.006905 9.221560 0.093682 0.101512 -0.742936 -0.000000 -0.000000 0.000000 -1.179226 9.325318 17.011810 0.437397 0.505815 -3.707432 -0.665992 -0.759060 6.374583 0.000003 0.000000 -0.000001 -42.844295 -0.999927 29.088075 21.790095 9.024860 8.901061 33.364781 1.417819 1.182947 -23.661276 0.000024 0.000027 -0.000003 -0.000003 0.000000 -73.289426 1.714576 -35.034233 54.760027 4.197989 6.667892 -1.807301 0.813816 16.131968 -9.035582 0.000010 0.000018 -0.000000 -0.000003 0.000000 
-43.629440 85.930557 0.984427 20.764938 2.796743 5.813862 38.946094 3.767979 7.013100 -2.855746 0.959315 -5.482630 -2.813535 0.615767 -5.562125 -10.881221 -1.879836 -0.448828 -39.046590 -7.235872 -7.635107 0.000000 -0.000000 -0.000000 0.415242 -2.252351 5.287968 -14.948806 26.011119 -41.015781 -1.460767 -56.129658 -1.767818 -20.959510 -4.772864 26.839802 3.783118 17.110375 8.830298 0.356589 -9.873575 -6.679100 -2.408411 -8.539222 -1.065129 0.000002 -0.000000 -0.000001 2.480253 -12.750971 23.330157 9.003610 8.614687 -52.813772 4.171838 5.912027 -30.063030 -0.000000 0.000000 0.000003 2.242125 -14.168190 10.903367 1.591149 6.854036 -29.133632 1.291530 5.783423 -29.686082 0.000001 -0.000001 -0.000001 0.647958 -14.100178 -4.276704 -0.698841 2.984502 -11.504630 -0.367274 1.529553 -5.634199 0.000000 0.000003 -0.000001 -0.076481 -6.724114 -7.481969 0.085762 -4.038348 -0.157081 -0.337559 0.333067 -3.346124 -0.000000 -0.000003 -0.000001 -0.393251 -3.553557 -6.474309 -39.023726 21.866717 13.567648 -1.109257 48.556201 1.490568 -2.902812 12.519187 -10.628653 -5.425733 -5.621596 -11.606302 4.258115 -1.116847 5.229384 -3.130932 9.311156 0.300934 -0.000003 0.000000 0.000001 0.287365 7.290971 -8.636607 4.370224 -5.439937 29.004385 1.454916 -2.082603 12.465147 0.000001 -0.000001 0.000004 0.396632 9.936817 -0.327994 0.686210 -3.830023 17.119553 0.223677 -0.165458 -0.618594 -0.000000 -0.000000 0.000002 -0.399774 10.415018 9.384729 -0.336398 -1.972113 9.060112 0.134753 0.134432 -0.907692 0.000001 0.000001 0.000002 -1.225122 9.821634 16.566725 0.444791 0.517318 -3.765585 -0.643869 -0.711499 6.156187 -0.000002 -0.000000 0.000001 -40.964077 -1.547000 28.398813 21.387742 10.555936 9.272195 33.477711 1.671227 0.669901 -22.774767 0.000016 0.000034 -0.000002 0.000001 -0.000001 -74.002572 1.435767 -33.308387 55.678418 5.002522 7.076663 -0.219835 0.987020 12.629617 -7.763442 -0.000003 0.000014 -0.000001 0.000002 0.000000 
-46.223972 86.278435 0.859562 21.139938 2.742393 5.818840 38.776825 4.126338 6.399847 -3.127924 0.961697 -4.933516 -3.086675 0.658310 -5.019047 -10.916354 -1.816425 -0.562910 -39.245413 -6.936705 -7.857566 -0.000000 -0.000000 -0.000000 0.540377 -3.106519 5.008661 -16.819184 25.360342 -37.994679 -1.453721 -56.002179 -1.762008 -21.137100 -5.140638 26.908852 3.827781 16.951932 8.627774 0.357389 -9.872397 -6.683587 -2.405907 -8.529124 -1.063700 -0.000000 0.000001 -0.000001 2.467983 -12.754410 23.095714 8.901255 8.583226 -52.369034 4.002382 5.768538 -29.147784 -0.000000 -0.000000 0.000001 2.244197 -14.158519 10.942577 1.566860 6.809725 -28.908298 1.234216 5.664797 -29.100742 0.000001 -0.000000 0.000002 0.704491 -14.078623 -3.899689 -0.699044 2.985784 -11.510159 -0.357347 1.488423 -5.451723 -0.000000 -0.000002 0.000002 -0.038180 -6.739897 -6.834362 0.074873 -4.015195 -0.260555 -0.349379 0.360188 -3.463392 -0.000000 -0.000001 -0.000000 -0.329711 -3.260432 -6.085560 -37.425315 18.658105 12.036835 -1.047909 46.953657 1.445642 -5.368304 9.674627 -10.418510 -5.668314 -4.998703 -11.442301 4.708569 -2.916654 4.821895 -2.963238 8.768165 0.269315 0.000001 0.000003 -0.000000 0.468188 8.201399 -9.552797 4.435034 -5.486332 29.341055 1.497317 -2.141129 12.771826 0.000000 0.000000 0.000001 0.507914 10.758602 -1.026008 0.697583 -3.862097 17.279571 0.259686 -0.203874 -0.416460 0.000000 -0.000000 0.000002 -0.394174 11.063765 8.912778 -0.336967 -1.978285 9.088694 0.166643 0.123766 -0.862636 0.000001 -0.000000 0.000002 -1.250992 10.185712 16.220162 0.450449 0.526116 -3.810116 -0.634844 -0.692229 6.067594 -0.000001 0.000000 0.000001 -39.347518 -2.278438 27.445365 21.906174 12.027724 9.618014 33.006531 1.710521 -0.057381 -21.796076 0.000001 0.000018 0.000000 -0.000002 0.000000 -74.413333 1.073429 -31.548825 56.132219 5.507639 7.390120 1.362785 1.018277 9.561592 -6.668981 0.000010 0.000009 0.000000 -0.000001 0.000000 
-48.602547 86.654984 0.739762 21.435883 2.789041 5.812907 38.604899 4.410444 5.846560 -3.456033 0.949487 -4.351802 -3.416246 0.690093 -4.441636 -10.828196 -1.729297 -0.713394 -39.265972 -6.555280 -8.066753 -0.000000 0.000000 0.000000 0.670617 -4.081824 4.811757 -18.777250 24.379209 -34.889020 -1.436042 -55.679207 -1.747495 -20.982380 -5.749885 26.626659 3.847712 16.757808 8.433590 0.355652 -9.870714 -6.687709 -2.389716 -8.480158 -1.066362 0.000001 0.000001 -0.000000 2.486543 -12.812288 22.960531 8.807683 8.553712 -51.961549 3.857231 5.641772 -28.353845 0.000002 0.000001 0.000000 2.258679 -14.199747 10.971346 1.539465 6.759234 -28.652101 1.180355 5.550362 -28.539034 0.000001 0.000001 -0.000001 0.741287 -14.101172 -3.668134 -0.695466 2.962626 -11.409877 -0.342011 1.425915 -5.174056 0.000000 -0.000001 -0.000002 -0.017175 -6.769758 -6.437623 0.068749 -4.002127 -0.318881 -0.342810 0.345075 -3.398134 0.000000 0.000002 -0.000001 -0.258997 -2.871570 -5.727801 -36.055186 14.941479 10.827695 -1.005632 45.791053 1.415402 -7.299850 7.407558 -10.211605 -5.906632 -4.048974 -11.002812 5.500663 -6.292819 4.072512 -2.657036 7.761854 0.201316 -0.000000 0.000000 0.000001 0.652911 8.923634 -10.899711 4.623164 -5.617826 30.310566 1.592676 -2.270371 13.453594 -0.000002 -0.000000 0.000002 0.649368 11.367647 -1.995426 0.738876 -3.976180 17.850238 0.296282 -0.309031 0.105653 -0.000000 0.000000 -0.000001 -0.351628 11.493601 8.357537 -0.341270 -2.025985 9.310176 0.183200 0.068674 -0.601089 0.000000 -0.000000 0.000000 -1.254366 10.390645 15.962130 0.454070 0.531721 -3.838525 -0.640011 -0.703258 6.118265 -0.000001 0.000001 -0.000003 -38.462995 -3.269676 26.187239 24.105105 12.810796 9.601281 31.668476 2.156101 -0.954004 -20.747958 0.000018 -0.000006 -0.000002 -0.000001 -0.000001 -74.682470 0.604823 -29.753305 56.787047 5.617676 7.739012 1.024804 0.902755 4.865132 -6.108316 0.000016 0.000007 -0.000000 0.000002 -0.000000 
-50.735649 87.068665 0.641603 21.652132 3.047663 5.788278 38.356860 4.451208 5.487447 -3.783147 0.902867 -3.817272 -3.746292 0.686685 -3.906316 -10.644102 -1.618291 -0.888653 -39.128521 -6.090343 -8.238198 0.000000 0.000000 0.000000 0.783198 -4.968050 4.768605 -20.772490 22.996846 -31.809099 -1.410345 -55.200960 -1.726472 -20.499851 -6.470807 26.083213 3.830245 16.533673 8.272726 0.361344 -9.835986 -6.679361 -2.357028 -8.384908 -1.074179 0.000002 0.000004 0.000002 2.543517 -12.937815 22.947178 8.724678 8.526919 -51.599320 3.738355 5.535278 -27.696543 -0.000001 -0.000003 -0.000003 2.291629 -14.302852 11.014431 1.510875 6.705959 -28.382530 1.132007 5.445100 -28.024674 0.000000 -0.000001 0.000002 0.764037 -14.176886 -3.553527 -0.689122 2.922177 -11.234652 -0.322836 1.349596 -4.834673 -0.000000 -0.000002 0.000002 -0.011108 -6.821315 -6.259753 0.070734 -4.006371 -0.299950 -0.321755 0.296978 -3.190032 0.000000 -0.000002 -0.000000 -0.187985 -2.436875 -5.418632 -35.035356 10.875133 10.123447 -0.976380 44.957313 1.394838 -8.501268 6.081997 -9.942703 -6.115120 -2.881637 -10.305898 6.439861 -10.762441 3.066084 -2.259419 6.455631 0.111196 -0.000001 -0.000003 0.000000 0.818986 9.394576 -12.598168 4.924581 -5.818804 31.841768 1.738656 -2.462144 14.477151 0.000002 0.000001 -0.000001 0.805229 11.716453 -3.189997 0.809122 -4.162516 18.787151 0.327856 -0.475236 0.917810 0.000002 -0.000000 0.000002 -0.277638 11.678429 7.727293 -0.348497 -2.111050 9.704916 0.180074 -0.026309 -0.143389 0.000000 -0.000000 -0.000002 -1.234595 10.432930 15.771974 0.455144 0.533392 -3.846977 -0.658011 -0.741813 6.295422 0.000001 0.000000 0.000001 -38.481726 -4.315159 24.464991 27.997232 12.908748 9.572296 29.358615 2.878771 -2.016999 -19.608833 0.000020 0.000014 -0.000002 -0.000002 0.000002 -74.780333 0.283451 -28.457688 57.268831 5.678188 8.112875 0.792311 0.710470 2.366962 -6.250937 0.000007 0.000009 -0.000000 0.000001 -0.000000 
-52.606232 87.512222 0.592450 21.817772 3.555318 5.740643 37.961829 4.138175 5.365459 -4.063729 0.809277 -3.386850 -4.031872 0.633615 -3.467989 -10.398823 -1.484052 -1.075563 -38.861406 -5.542894 -8.350259 0.000000 -0.000000 0.000000 0.866237 -5.603220 4.922131 -22.724323 21.201310 -28.860442 -1.381450 -54.647920 -1.703001 -19.708987 -7.174941 25.411833 3.767633 16.288377 8.165716 0.379888 -9.749637 -6.651657 -2.305311 -8.236949 -1.088085 0.000000 0.000005 0.000000 2.641014 -13.132628 23.060197 8.653830 8.503585 -51.289554 3.646468 5.451225 -27.183904 0.000002 -0.000003 0.000001 2.346047 -14.470283 11.088524 1.483266 6.653908 -28.119930 1.090840 5.353400 -27.578531 -0.000001 -0.000003 -0.000002 0.778062 -14.309799 -3.523676 -0.681244 2.873017 -11.021554 -0.301724 1.267698 -4.469815 -0.000001 0.000001 -0.000002 -0.017745 -6.901303 -6.255757 0.081283 -4.028832 -0.199615 -0.290632 0.226752 -2.885543 0.000002 -0.000001 0.000000 -0.120182 -2.000368 -5.149998 -34.457714 6.619654 10.124586 -0.955878 44.358059 1.380608 -8.973071 5.756238 -9.584424 -6.270294 -1.621343 -9.381021 7.327459 -15.719236 1.903478 -1.826945 5.043681 0.015719 -0.000001 -0.000003 -0.000000 0.933770 9.587682 -14.521643 5.318114 -6.064142 33.803364 1.928909 -2.701827 15.777462 -0.000001 0.000001 0.000001 0.951027 11.793481 -4.532368 0.905077 -4.403181 20.006618 0.350194 -0.690856 1.960139 0.000001 0.000001 -0.000003 -0.183200 11.625966 7.041985 -0.357263 -2.225196 10.234142 0.155244 -0.152199 0.466175 -0.000000 -0.000001 0.000000 -1.193080 10.331926 15.622150 0.455132 0.533383 -3.846941 -0.685300 -0.800907 6.566424 -0.000001 -0.000001 0.000001 -39.206652 -5.083437 22.213563 33.045107 13.041234 9.533689 26.008985 3.414803 -2.704977 -18.305440 0.000004 0.000016 0.000000 -0.000001 -0.000003 -74.757527 0.058646 -27.574838 57.572368 5.903077 8.510941 0.688267 0.223893 1.182485 -6.956460 0.000003 0.000011 -0.000000 0.000003 0.000000 
-54.231522 87.964645 0.599820 21.979373 4.268320 5.661202 37.365947 3.454054 5.435466 -4.267812 0.666995 -3.085685 -4.243097 0.529320 -3.151474 -10.129572 -1.328234 -1.261020 -38.498078 -4.916456 -8.388576 0.000000 0.000000 -0.000000 0.915335 -5.911131 5.292732 -24.555240 19.048645 -26.129809 -1.354619 -54.121268 -1.681386 -18.626313 -7.776105 24.750792 3.657967 16.033652 8.127145 0.409857 -9.614757 -6.605984 -2.233627 -8.034485 -1.108461 0.000001 0.000001 -0.000002 2.774437 -13.384025 23.290125 8.596591 8.484422 -51.038923 3.581011 5.390442 -26.816257 0.000001 -0.000003 0.000001 2.421263 -14.692901 11.202950 1.458727 6.607160 -27.884495 1.057952 5.278711 -27.216393 0.000002 -0.000001 0.000001 0.787821 -14.495499 -3.546120 -0.673106 2.823525 -10.806935 -0.280633 1.187916 -4.113808 -0.000001 -0.000001 0.000000 -0.034728 -7.012336 -6.374660 0.097721 -4.063607 -0.044082 -0.254027 0.145402 -2.531886 0.000001 -0.000005 -0.000001 -0.056567 -1.593451 -4.888279 -33.864006 2.454373 10.592518 -0.941932 43.943699 1.371015 -8.952100 6.151166 -9.188853 -6.350748 -0.389321 -8.264456 8.020017 -20.546136 0.694365 -1.414894 3.713088 -0.069114 -0.000002 0.000003 0.000000 0.966003 9.515151 -16.517892 5.772994 -6.325115 36.023606 2.152916 -2.970253 17.264389 0.000002 0.000003 0.000002 1.061708 11.623177 -5.927677 1.020805 -4.675118 21.398566 0.360680 -0.940027 3.150292 -0.000002 -0.000001 -0.000000 -0.081536 11.374520 6.329157 -0.366082 -2.357298 10.846412 0.109152 -0.297035 1.166268 0.000002 0.000000 0.000001 -1.133356 10.125229 15.482133 0.455147 0.533396 -3.846996 -0.717081 -0.870611 6.885410 0.000001 0.000003 -0.000001 -40.241023 -5.268683 19.592638 38.426590 13.161097 9.461152 21.892969 3.864936 -3.046416 -17.561963 0.010480 -0.443947 -0.000001 0.000001 -0.000002 -74.609387 -0.189880 -26.916795 57.658756 5.957794 8.922745 0.671307 -0.161968 0.114246 -7.877271 -0.000001 0.000013 -0.000000 0.000001 0.000000 
-55.625450 88.425240 0.649356 22.178370 5.113415 5.538688 36.545064 2.446924 5.610764 -4.382732 0.484416 -2.903635 -4.366924 0.383221 -2.947962 -9.871358 -1.153545 -1.433263 -38.073605 -4.217018 -8.348801 0.000000 -0.000000 -0.000000 0.930824 -5.909807 5.878191 -26.221089 16.644978 -23.670487 -1.334779 -53.723037 -1.665455 -17.256440 -8.253694 24.212372 3.505345 15.783748 8.164580 0.449709 -9.436836 -6.544449 -2.143743 -7.783382 -1.134762 0.000001 0.000006 -0.000000 2.932055 -13.664696 23.620444 8.554343 8.470104 -50.853709 3.540323 5.352233 -26.586578 0.000002 -0.000001 -0.000000 2.512867 -14.948955 11.362997 1.438948 6.569163 -27.693444 1.033867 5.223186 -26.947801 0.000002 -0.000004 -0.000003 0.797048 -14.719577 -3.588889 -0.665919 2.780630 -10.620744 -0.261382 1.116828 -3.796053 -0.000000 0.000001 -0.000001 -0.059263 -7.151014 -6.563991 0.115548 -4.101060 0.123738 -0.216345 0.063027 -2.172747 0.000001 0.000002 -0.000000 0.002657 -1.233590 -4.592653 -33.095033 -1.632085 11.292679 -0.934345 43.715369 1.365830 -8.850103 6.748211 -8.845427 -6.339527 0.715519 -6.997300 8.462026 -24.732124 -0.445551 -1.066974 2.608043 -0.131470 -0.000003 0.000000 0.000001 0.899287 9.223809 -18.435188 6.251753 -6.575238 38.312338 2.395831 -3.246030 18.828470 0.000003 0.000003 -0.000001 1.120738 11.260932 -7.280842 1.147619 -4.953590 22.840702 0.358212 -1.203764 4.391123 0.000001 -0.000001 0.000001 0.015582 10.986323 5.617429 -0.373778 -2.495055 11.484302 0.044651 -0.446938 1.886450 -0.000001 0.000003 -0.000001 -1.060981 9.862458 15.320915 0.455128 0.533383 -3.846869 -0.748171 -0.939871 7.201453 -0.000001 0.000003 -0.000002 -41.198185 -4.715603 16.794332 43.613466 13.245601 9.369070 17.160287 4.233959 -3.242020 -20.258816 0.322756 -3.215231 -0.000004 0.000001 0.000001 -74.364914 -0.444252 -26.406203 57.503964 6.074889 9.308152 0.701594 -0.633241 -0.794582 -8.700046 0.000002 0.000012 0.000000 -0.000001 0.000000 
-56.833015 88.877975 0.715364 22.390651 5.931035 5.342819 35.550301 1.225262 5.792871 -4.372541 0.239870 -2.808635 -4.365334 0.176764 -2.830352 -9.653312 -0.963605 -1.582887 -37.621396 -3.452733 -8.237305 0.000000 -0.000000 0.000000 0.917171 -5.688650 6.649897 -27.724735 14.109580 -21.497933 -1.325710 -53.538632 -1.658205 -15.586987 -8.654642 23.865540 3.318816 15.554380 8.278710 0.495956 -9.229960 -6.472542 -2.040630 -7.498111 -1.165287 0.000000 -0.000004 -0.000002 3.096288 -13.936648 24.035950 8.528337 8.461226 -50.739607 3.521919 5.334862 -26.482416 -0.000002 -0.000001 -0.000002 2.613723 -15.206752 11.575271 1.425116 6.542338 -27.559141 1.018634 5.187719 -26.776476 0.000002 0.000001 -0.000003 0.809345 -14.959072 -3.618977 -0.660490 2.748863 -10.482740 -0.245571 1.059565 -3.539802 -0.000000 0.000001 0.000001 -0.087704 -7.308328 -6.771146 0.130515 -4.132302 0.263791 -0.181626 -0.011662 -1.846153 0.000001 -0.000001 -0.000000 0.056856 -0.927437 -4.236172 -32.033003 -5.634081 12.199644 -0.934115 43.708522 1.365669 -9.108435 6.987022 -8.619028 -6.227921 1.628682 -5.626245 8.681237 -27.953895 -1.405537 -0.808682 1.807543 -0.166300 -0.000001 -0.000001 0.000001 0.740665 8.784344 -20.145780 6.713595 -6.794080 40.479468 2.638406 -3.506865 20.345855 0.000004 0.000001 -0.000000 1.125989 10.783065 -8.512449 1.274463 -5.214786 24.210254 0.342722 -1.460873 5.577214 0.000001 0.000001 -0.000001 0.100530 10.537601 4.929229 -0.379659 -2.625982 12.090437 -0.033245 -0.587504 2.554231 -0.000001 0.000003 0.000001 -0.982713 9.597737 15.107757 0.454920 0.533051 -3.845199 -0.773967 -0.998080 7.466503 -0.000001 -0.000003 -0.000003 -41.693411 -3.489636 14.229197 48.379678 13.299193 9.061047 11.956627 4.344326 -3.518240 -21.163862 0.800831 -5.371929 0.000000 0.000001 0.000002 -74.030856 -0.719375 -25.896505 57.155433 6.272747 9.642684 0.758321 -1.156324 -1.558507 -9.313292 0.000015 0.000015 -0.000000 -0.000001 0.000000 
-57.914043 89.324814 0.741629 22.422876 6.725384 5.093636 34.549658 -0.062972 5.905093 -4.105283 0.015340 -2.694763 -4.108428 -0.008169 -2.690437 -9.496021 -0.762662 -1.703388 -37.169889 -2.633406 -8.069594 0.000000 0.000000 -0.000000 0.883275 -5.364424 7.551944 -29.110755 11.535004 -19.599484 -1.329926 -53.624426 -1.661569 -13.584316 -9.076815 23.731443 3.110460 15.360213 8.463967 0.544168 -9.013274 -6.397811 -1.931852 -7.199542 -1.197249 0.000003 0.000003 0.000001 3.247286 -14.159356 24.529945 8.519524 8.458207 -50.700890 3.523057 5.335916 -26.488812 0.000002 -0.000001 -0.000002 2.716178 -15.431387 11.852192 1.417790 6.528117 -27.487852 1.012079 5.172340 -26.702336 0.000000 -0.000001 0.000002 0.829050 -15.187578 -3.600693 -0.657270 2.730202 -10.401710 -0.234472 1.019983 -3.362363 -0.000002 -0.000002 -0.000001 -0.115447 -7.472452 -6.944021 0.139787 -4.151533 0.350225 -0.153389 -0.071623 -1.583297 0.000001 0.000003 0.000000 0.104477 -0.677126 -3.821881 -30.593828 -9.557062 13.268638 -0.942553 43.962342 1.371453 -10.028029 6.480632 -8.547212 -6.019222 2.324184 -4.205342 8.752517 -30.103663 -2.104179 -0.645628 1.321112 -0.176053 -0.000001 -0.000001 0.000001 0.519304 8.276491 -21.561195 7.118688 -6.968842 42.351387 2.858177 -3.731589 21.685844 0.000003 0.000003 0.000001 1.089518 10.273013 -9.568964 1.389113 -5.437984 25.394326 0.314614 -1.689200 6.603220 0.000002 0.000001 0.000003 0.170727 10.106114 4.276708 -0.383608 -2.738708 12.612127 -0.117862 -0.704854 3.102764 -0.000002 0.000001 0.000003 -0.905128 9.381926 14.813879 0.454652 0.532647 -3.843136 -0.790927 -1.036768 7.642324 -0.000000 0.000000 0.000000 -41.281759 -1.736332 11.926113 52.201876 13.309644 8.674406 6.857895 3.905529 -4.104882 -21.016110 1.251758 -6.994758 -0.000002 -0.000002 0.000001 -73.471136 -0.996279 -25.396197 56.692254 6.587683 9.911591 0.828950 -1.797110 -2.079629 -9.790396 0.000007 0.000012 0.000000 -0.000002 -0.000000 
-58.904484 89.741165 0.731048 22.411077 7.515314 4.798076 33.473890 -1.336401 5.915052 -3.716966 -0.193339 -2.534908 -3.729728 -0.180945 -2.506686 -9.410647 -0.555203 -1.791277 -36.739868 -1.769896 -7.867028 0.000000 -0.000000 -0.000000 0.840885 -5.034871 8.509307 -30.447429 8.961088 -17.953528 -1.348631 -54.001962 -1.676547 -11.197181 -9.639200 23.791414 2.892856 15.211651 8.709164 0.590534 -8.805188 -6.327875 -1.826084 -6.910449 -1.227258 0.000001 0.000003 -0.000000 3.368019 -14.300424 25.107485 8.528323 8.461215 -50.739518 3.541333 5.353177 -26.592232 0.000001 -0.000001 0.000000 2.814371 -15.593759 12.212870 1.416961 6.526491 -27.479644 1.013945 5.176713 -26.723489 0.000001 0.000002 -0.000003 0.861279 -15.382177 -3.497406 -0.656251 2.724273 -10.376054 -0.229004 1.000643 -3.275630 -0.000000 -0.000002 -0.000000 -0.137466 -7.632691 -7.034244 0.139789 -4.151539 0.350229 -0.134348 -0.111648 -1.407491 -0.000000 0.000001 0.000001 0.143320 -0.486181 -3.387722 -28.756435 -13.407687 14.454062 -0.960357 44.489940 1.383698 -11.645404 5.147382 -8.671408 -5.730715 2.809795 -2.797677 8.753237 -31.266140 -2.514617 -0.566296 1.100473 -0.169173 0.000001 -0.000004 -0.000001 0.276501 7.773937 -22.638425 7.433426 -7.093982 43.789149 3.032413 -3.902458 22.726840 0.000003 0.000002 -0.000000 1.031771 9.805542 -10.425275 1.480069 -5.607254 26.301797 0.274567 -1.868161 7.376648 -0.000001 -0.000001 0.000002 0.227680 9.757065 3.663389 -0.385923 -2.824102 13.007244 -0.201729 -0.787329 3.479574 0.000003 0.000001 -0.000004 -0.833223 9.253413 14.419417 0.454483 0.532359 -3.841760 -0.797107 -1.050944 7.706705 0.000000 0.000006 -0.000002 -40.060009 0.227258 9.841428 55.199168 13.307899 8.270462 2.219970 2.737001 -5.255859 -19.822348 1.391037 -7.617602 -0.000001 0.000002 -0.000000 -72.858728 -1.217147 -24.870800 56.183784 6.967942 10.118968 0.929361 -2.576490 -2.436597 -10.264763 0.000006 0.000015 -0.000000 -0.000001 0.000000 
-59.827610 90.108688 0.651117 22.354386 8.332952 4.424897 32.352444 -2.539456 5.866982 -3.242946 -0.387221 -2.297798 -3.263220 -0.344971 -2.250312 -9.399005 -0.345515 -1.845783 -36.342562 -0.873456 -7.652499 0.000000 0.000000 0.000001 0.799687 -4.748161 9.443771 -31.805162 6.371906 -16.548264 -1.382111 -54.661314 -1.703545 -8.379053 -10.444415 24.003581 2.677222 15.111348 8.997440 0.633238 -8.617643 -6.268413 -1.731269 -6.650623 -1.251871 0.000002 -0.000002 -0.000001 3.448831 -14.344804 25.780716 8.554338 8.470112 -50.853692 3.575170 5.384961 -26.783296 -0.000002 -0.000000 -0.000001 2.905616 -15.678488 12.677104 1.422015 6.536325 -27.528888 1.024056 5.200367 -26.837640 0.000002 0.000001 0.000001 0.910624 -15.529096 -3.279411 -0.657058 2.728966 -10.396337 -0.229635 1.002845 -3.285550 -0.000001 -0.000000 -0.000001 -0.149467 -7.781735 -7.005732 0.139787 -4.151543 0.350237 -0.126147 -0.128779 -1.332159 0.000000 0.000000 0.000000 0.166805 -0.391796 -3.011597 -26.574074 -17.176659 15.725665 -0.986965 45.261331 1.402248 -13.712797 3.202501 -9.019481 -5.392705 3.116165 -1.473863 8.735705 -31.661864 -2.670800 -0.547751 1.061509 -0.156995 -0.000001 0.000004 -0.000001 0.051980 7.332533 -23.375373 7.636700 -7.170000 44.710654 3.143722 -4.008418 23.382683 0.000001 0.000003 -0.000001 0.973410 9.433640 -11.077739 1.539206 -5.713983 26.878111 0.224046 -1.983083 7.837240 0.000000 -0.000002 -0.000002 0.274683 9.530675 3.094351 -0.387055 -2.876817 13.251168 -0.277925 -0.828227 3.657270 -0.000001 -0.000003 0.000001 -0.769880 9.230019 13.927347 0.454307 0.532092 -3.840343 -0.792383 -1.040113 7.657475 -0.000000 0.000003 0.000001 -38.097661 2.091269 7.963910 57.368951 11.542191 7.875101 -1.171162 2.487352 -6.915952 -18.962985 1.357977 -7.724255 -0.000001 -0.000003 0.000001 -72.229640 -1.411489 -24.290425 55.658754 7.340209 10.284329 1.116369 -3.483306 -2.845266 -10.827087 0.000008 0.000017 -0.000000 -0.000001 -0.000000 
-60.689754 90.422607 0.495813 22.257488 9.214913 3.966004 31.199549 -3.670510 5.810301 -2.714808 -0.556649 -1.987063 -2.739949 -0.491468 -1.924820 -9.454904 -0.137305 -1.868284 -35.978944 0.044802 -7.446118 0.000000 0.000000 0.000000 0.762287 -4.497444 10.291919 -33.237531 3.714729 -15.391100 -1.430270 -55.573086 -1.742758 -5.131289 -11.541451 24.320845 2.472823 15.051743 9.305349 0.673113 -8.451912 -6.221330 -1.652920 -6.432889 -1.268445 0.000003 -0.000004 -0.000002 3.489179 -14.299028 26.555364 8.596088 8.484274 -51.036772 3.623819 5.430283 -27.056927 -0.000001 0.000001 0.000004 2.989511 -15.687198 13.251724 1.431932 6.555578 -27.625494 1.042222 5.242548 -27.041313 -0.000001 0.000003 -0.000004 0.978393 -15.625178 -2.937809 -0.659141 2.740976 -10.448543 -0.236258 1.026309 -3.390764 -0.000000 0.000001 0.000000 -0.149416 -7.915090 -6.848401 0.139790 -4.151535 0.350245 -0.129028 -0.122782 -1.358553 -0.000000 -0.000003 -0.000000 0.180747 -0.354103 -2.716569 -24.163061 -20.820227 17.074016 -1.020486 46.205294 1.425957 -15.792832 1.028573 -9.539578 -5.043056 3.282543 -0.306942 8.724693 -31.569339 -2.646794 -0.563184 1.111601 -0.149980 0.000001 0.000001 -0.000001 -0.126208 6.984561 -23.794470 7.725618 -7.202089 45.112122 3.186814 -4.048806 23.634808 -0.000002 -0.000001 -0.000005 0.928633 9.181520 -11.527704 1.564421 -5.758689 27.120630 0.165858 -2.030446 7.978861 0.000001 -0.000001 0.000000 0.313951 9.435705 2.593679 -0.387422 -2.896889 13.343979 -0.341608 -0.827930 3.642962 -0.000001 0.000002 -0.000001 -0.717302 9.303880 13.382670 0.454089 0.531760 -3.838657 -0.778454 -1.008300 7.512868 0.000002 0.000001 0.000004 -35.627903 3.656719 6.209222 58.770602 8.893580 7.531542 -3.015949 2.402480 -8.680560 -18.665285 1.114571 -7.142220 0.000001 0.000001 0.000000 -71.635454 -1.577758 -23.714367 55.170672 7.680862 10.441413 1.427819 -4.511488 -3.204757 -11.500160 0.000007 0.000021 0.000000 -0.000000 -0.000000 
-61.490265 90.685875 0.263520 22.129144 10.186569 3.423843 30.012548 -4.759424 5.788963 -2.160024 -0.691174 -1.628324 -2.186757 -0.609771 -1.554565 -9.565911 0.066555 -1.861612 -35.640293 0.974295 -7.261674 -0.000000 -0.000000 0.000001 0.722452 -4.237446 11.017525 -34.769577 0.930924 -14.504272 -1.493268 -56.705313 -1.794720 -1.548095 -12.900813 24.698548 2.287314 15.014895 9.602720 0.713848 -8.296944 -6.183797 -1.593104 -6.261289 -1.275775 0.000002 0.000001 -0.000000 3.496034 -14.188007 27.412314 8.650990 8.502646 -51.277140 3.686931 5.488436 -27.410184 0.000000 -0.000003 0.000000 3.065340 -15.636089 13.913802 1.445556 6.581878 -27.757496 1.068034 5.301752 -27.327893 -0.000000 0.000001 -0.000004 1.059530 -15.674929 -2.499776 -0.661902 2.757060 -10.518390 -0.248122 1.068762 -3.580876 0.000000 -0.000000 0.000000 -0.138802 -8.027319 -6.592235 0.139790 -4.151542 0.350243 -0.141579 -0.096485 -1.474095 0.000000 0.000001 0.000001 0.190755 -0.339714 -2.460292 -21.673452 -24.253489 18.502909 -1.058100 47.226482 1.453024 -17.423847 -0.989841 -10.078149 -4.717399 3.342246 0.637743 8.727099 -31.236893 -2.521772 -0.590232 1.178398 -0.153983 -0.000003 0.000000 0.000001 -0.244831 6.739085 -23.918026 7.718845 -7.199680 45.081537 3.174029 -4.036848 23.560063 -0.000000 0.000001 -0.000001 0.902325 9.045667 -11.759773 1.561072 -5.752805 27.088556 0.104618 -2.022178 7.866374 -0.000002 0.000001 0.000001 0.343844 9.451378 2.223264 -0.387316 -2.890669 13.315194 -0.391898 -0.795810 3.483357 -0.000002 -0.000001 -0.000004 -0.680200 9.442060 12.888739 0.453865 0.531418 -3.836995 -0.758489 -0.963063 7.307109 -0.000000 -0.000002 0.000001 -32.924947 4.864027 4.528113 59.500524 6.083637 7.262066 -3.262960 2.038167 -10.303588 -18.790902 0.705324 -5.772234 -0.000000 -0.000001 -0.000001 -71.104271 -1.721113 -23.200298 54.737894 7.958065 10.619909 1.885137 -5.617275 -3.438997 -12.261901 0.000002 0.000020 -0.000000 -0.000001 0.000000 
-62.222771 90.910255 -0.044315 21.980075 11.254528 2.806624 28.777643 -5.845107 5.829810 -1.603539 -0.786505 -1.248658 -1.628096 -0.695320 -1.165674 -9.715661 0.264115 -1.829347 -35.310019 1.905188 -7.104563 0.000000 -0.000000 0.000000 0.668723 -3.911243 11.611917 -36.672874 -2.249673 -13.912739 -1.567043 -57.950262 -1.856425 2.168528 -14.414957 25.085379 2.127362 14.974835 9.854179 0.761447 -8.130351 -6.148212 -1.550198 -6.131020 -1.274558 -0.000000 0.000003 0.000000 3.480469 -14.046480 28.293072 8.715484 8.523912 -51.559107 3.764047 5.558508 -27.839197 -0.000001 0.000000 -0.000001 3.129677 -15.548722 14.599084 1.461757 6.612967 -27.913743 1.100654 5.375424 -27.685543 0.000001 -0.000000 0.000001 1.140980 -15.684805 -2.037646 -0.664918 2.774776 -10.595324 -0.263819 1.125755 -3.836000 0.000000 -0.000000 -0.000000 -0.123119 -8.108124 -6.314560 0.138572 -4.149009 0.338861 -0.160899 -0.055737 -1.652972 0.000000 -0.000000 -0.000000 0.198173 -0.341432 -2.233096 -19.252480 -27.366884 20.013026 -1.093596 48.156583 1.478994 -18.286706 -2.574727 -10.452485 -4.438423 3.312835 1.314695 8.739380 -30.804310 -2.348420 -0.617963 1.232890 -0.167777 -0.000000 0.000000 0.000001 -0.302807 6.586153 -23.743556 7.655162 -7.176732 44.794068 3.136239 -4.001361 23.338802 -0.000001 0.000000 0.000002 0.890477 9.001905 -11.723889 1.541555 -5.718170 26.900825 0.045469 -1.987196 7.638214 -0.000000 0.000000 -0.000001 0.356719 9.536360 2.092940 -0.386930 -2.870673 13.222766 -0.433321 -0.749507 3.261020 -0.000000 -0.000002 0.000001 -0.669301 9.593064 12.610314 0.453737 0.531209 -3.835929 -0.736455 -0.913646 7.081880 -0.000001 -0.000003 -0.000000 -30.235062 5.728141 2.882675 59.678464 3.716875 7.068518 -2.198711 1.191128 -11.620724 -18.889242 0.281662 -3.685785 0.000001 -0.000001 0.000000 -70.626137 -1.860840 -22.784594 54.320826 8.183763 10.830364 2.476934 -6.763250 -3.518882 -13.064163 0.000008 0.000025 -0.000000 -0.000000 -0.000000 
-62.876175 91.115540 -0.423229 21.820969 12.406701 2.123716 27.478654 -6.955025 5.938190 -1.068430 -0.846627 -0.858954 -1.086457 -0.752394 -0.769035 -9.885737 0.454276 -1.775262 -34.966914 2.828414 -6.971472 -0.000000 0.000000 0.000000 0.590370 -3.474829 12.088451 -38.118507 -5.210934 -13.708585 -1.677875 -59.671285 -1.950693 5.745505 -15.927911 25.408463 1.998498 14.902100 10.023671 0.823239 -7.922141 -6.103334 -1.519414 -6.030435 -1.267375 0.000005 0.000003 -0.000001 3.454140 -13.908306 29.100670 8.785621 8.546644 -51.865294 3.854112 5.639019 -28.336734 -0.000001 0.000002 0.000003 3.175533 -15.448083 15.205128 1.479751 6.647269 -28.086365 1.138760 5.459936 -28.097061 0.000001 0.000000 0.000003 1.202992 -15.658441 -1.662746 -0.668040 2.793198 -10.675250 -0.281528 1.191289 -4.128851 -0.000001 -0.000000 0.000000 -0.110953 -8.140924 -6.132090 0.138267 -4.148408 0.336082 -0.183120 -0.008475 -1.860101 0.000001 -0.000000 0.000001 0.204533 -0.349768 -2.032895 -17.011455 -30.064485 21.588474 -1.128715 49.043603 1.505060 -18.300587 -3.579134 -10.556308 -4.209569 3.194271 1.707823 8.748952 -30.262734 -2.138085 -0.650024 1.298512 -0.182896 0.000001 -0.000002 0.000002 -0.306509 6.503920 -23.232590 7.586698 -7.151651 44.484476 3.117790 -3.983977 23.230566 0.000001 0.000002 0.000002 0.882485 9.015771 -11.333454 1.522659 -5.684375 26.717892 -0.007445 -1.967226 7.486094 0.000001 -0.000000 0.000001 0.338681 9.641218 2.351226 -0.386576 -2.853669 13.144081 -0.475582 -0.711938 3.080477 -0.000002 0.000001 0.000003 -0.701947 9.697760 12.753611 0.453737 0.531207 -3.835947 -0.716173 -0.868631 6.876339 -0.000000 -0.000001 -0.000001 -27.734403 6.372666 1.129791 59.418486 2.370461 7.153588 -0.370649 -0.264004 -12.586331 -18.453006 0.026197 -1.114024 0.000002 0.000001 -0.000000 -70.137307 -2.019241 -22.456238 53.833830 8.381684 11.055647 3.142299 -7.898508 -3.500395 -13.822721 -0.000004 0.000018 -0.000000 -0.000001 -0.000000 
-63.438038 91.327568 -0.872395 21.658499 13.624276 1.363071 26.062308 -8.124799 6.107650 -0.535029 -0.865561 -0.443515 -0.540425 -0.778814 -0.352308 -10.069517 0.640249 -1.703720 -34.689933 3.763223 -6.860295 0.000000 -0.000000 -0.000000 0.465917 -2.830457 12.524414 -39.080638 -7.861725 -13.787878 -1.831955 -61.802755 -2.084456 8.917399 -17.284817 25.575266 1.903932 14.769663 10.081244 0.906204 -7.641340 -6.036848 -1.494185 -5.944082 -1.257989 0.000005 0.000007 -0.000002 3.426386 -13.797867 29.720004 8.857768 8.569610 -52.179780 3.955474 5.727946 -28.892226 0.000001 0.000001 0.000000 3.193907 -15.350464 15.613206 1.499174 6.683986 -28.271529 1.180657 5.551027 -28.542225 0.000001 0.000000 0.000001 1.223723 -15.594702 -1.501223 -0.671329 2.812810 -10.760335 -0.299383 1.258736 -4.429852 -0.000001 -0.000000 0.000000 -0.111643 -8.105408 -6.175535 0.138687 -4.149279 0.339981 -0.204211 0.036814 -2.058141 0.000001 0.000001 -0.000000 0.211124 -0.356062 -1.833639 -15.004338 -32.304623 23.197634 -1.164620 49.920411 1.532085 -17.607562 -3.968568 -10.406807 -4.016989 2.974721 1.832420 8.734321 -29.476351 -1.866734 -0.701695 1.439314 -0.186135 0.000000 0.000000 0.000002 -0.266275 6.466243 -22.321051 7.567313 -7.144478 44.396650 3.166538 -4.029831 23.516285 0.000001 0.000001 -0.000003 0.864099 9.052318 -10.485069 1.521567 -5.682415 26.707259 -0.051902 -2.007676 7.612802 0.000001 0.000000 -0.000002 0.272242 9.720178 3.153232 -0.386643 -2.857015 13.159546 -0.531335 -0.706136 3.045376 -0.000001 -0.000000 0.000001 -0.797777 9.701604 13.522203 0.453883 0.531435 -3.837067 -0.700568 -0.834283 6.719266 -0.000001 0.000002 -0.000001 -25.523874 6.885759 -0.722603 58.813133 2.482986 7.549639 1.625197 -2.534744 -13.096005 -19.056984 0.000009 0.000008 0.000004 0.000000 -0.000000 -69.611539 -2.302041 -22.081003 53.205043 8.545840 11.047644 3.791416 -8.955642 -3.307437 -14.401124 0.000005 0.000025 -0.000000 -0.000000 -0.000000 
-63.899815 91.561607 -1.381925 21.494785 14.863383 0.494157 24.813398 -9.120238 6.400711 -0.275342 -0.946819 0.004506 -0.267754 -0.865565 0.099331 -10.122113 0.785300 -1.607538 -33.758569 4.469256 -6.705401 0.000000 -0.000000 0.000000 0.389882 -2.430447 12.596938 -39.408354 -9.993898 -14.155331 -2.052607 -64.413936 -2.280476 11.506249 -18.377425 25.500781 1.843379 14.559817 10.010402 1.014584 -7.264933 -5.938986 -1.467855 -5.856895 -1.250270 0.000000 0.000007 0.000000 3.402358 -13.726974 30.051275 8.929148 8.591895 -52.490349 4.065984 5.822938 -29.492678 -0.000001 0.000000 0.000000 3.176496 -15.263463 15.722397 1.519980 6.722991 -28.468650 1.224623 5.644628 -29.001547 0.000004 0.000000 0.000002 1.185663 -15.489462 -1.658202 -0.675002 2.834932 -10.856414 -0.315874 1.322327 -4.713306 -0.000001 -0.000002 0.000000 -0.131875 -7.984222 -6.552569 0.139343 -4.150630 0.346060 -0.220917 0.072948 -2.216064 0.000001 -0.000003 -0.000000 0.218650 -0.355142 -1.634130 -13.223639 -34.115490 24.806800 -1.204824 50.864569 1.562757 -16.469265 -3.795598 -10.108103 -3.838421 2.640706 1.727955 8.667653 -28.261836 -1.498174 -0.792120 1.730300 -0.164254 0.000000 -0.000001 0.000001 -0.194971 6.449802 -20.950371 7.640045 -7.171209 44.725732 3.322898 -4.173980 24.424324 0.000001 0.000001 -0.000000 0.820586 9.083282 -9.096490 1.552140 -5.736983 27.002726 -0.086466 -2.145854 8.180029 -0.000001 -0.000000 -0.000003 0.141601 9.739116 4.612774 -0.387377 -2.894457 13.332742 -0.612053 -0.750073 3.233840 -0.000001 0.000000 -0.000003 -0.970290 9.564993 15.059326 0.454121 0.531812 -3.838953 -0.691173 -0.813705 6.625057 0.000000 -0.000001 0.000002 -23.659603 7.412424 -2.146670 58.206107 2.370859 7.755618 3.312452 -4.247135 -12.882099 -19.963588 0.000023 0.000015 0.000004 -0.000001 0.000001 -68.835125 -2.388844 -21.414123 52.470756 8.627125 10.846019 4.204628 -10.102944 -2.821572 -14.635748 0.000013 0.000022 -0.000000 -0.000000 0.000000 
-64.254463 91.836739 -1.952933 21.333438 16.103421 -0.443484 23.707814 -9.971688 6.780643 -0.213025 -1.079560 0.468259 -0.193257 -1.000397 0.569422 -10.075341 0.901163 -1.496127 -32.333866 5.010954 -6.517822 0.000000 -0.000000 -0.000000 0.363042 -2.248986 12.408623 -39.377649 -11.800528 -14.695681 -2.351974 -67.307232 -2.552814 13.463464 -19.167061 25.142650 1.813049 14.270722 9.813244 1.147652 -6.788171 -5.806362 -1.435695 -5.758076 -1.247079 0.000003 -0.000001 0.000000 3.382634 -13.696063 30.042276 8.997986 8.612973 -52.789327 4.183099 5.921413 -30.123504 -0.000002 0.000001 -0.000001 3.118868 -15.187564 15.481756 1.542190 6.764286 -28.677731 1.269156 5.737478 -29.458968 0.000002 0.000001 0.000001 1.081613 -15.339592 -2.184316 -0.679253 2.860852 -10.968817 -0.330094 1.378260 -4.962197 -0.000001 0.000000 -0.000000 -0.172659 -7.770021 -7.313726 0.139789 -4.151542 0.350237 -0.231377 0.095733 -2.315448 0.000001 -0.000003 -0.000000 0.227273 -0.345495 -1.427764 -11.615838 -35.577803 26.395107 -1.248992 51.859769 1.596971 -15.145050 -3.170554 -9.778658 -3.653786 2.186545 1.446030 8.519636 -26.492226 -1.013953 -0.934662 2.222086 -0.108859 -0.000000 -0.000003 0.000000 -0.107619 6.438610 -19.107377 7.827880 -7.238142 45.572597 3.611966 -4.428677 26.070443 0.000000 0.000002 -0.000000 0.740041 9.090344 -7.148825 1.622455 -5.859993 27.672298 -0.108142 -2.401219 9.267177 0.000001 0.000000 0.000001 -0.061414 9.678762 6.755900 -0.388535 -2.972693 13.694636 -0.723808 -0.852907 3.680840 -0.000001 0.000000 0.000000 -1.218635 9.269760 17.396825 0.454392 0.532233 -3.841093 -0.688114 -0.807024 6.594513 0.000000 0.000001 0.000002 -22.012274 7.951915 -3.208432 57.529891 2.054611 7.774589 4.526738 -5.367552 -12.166393 -19.945594 0.000006 0.000016 0.000004 0.000000 0.000000 -67.800911 -2.371586 -20.459504 51.647971 7.741581 10.297593 4.370656 -10.300318 -2.130334 -14.410970 0.000008 0.000022 -0.000000 -0.000000 0.000000 
-64.513557 92.152878 -2.577778 21.174010 17.342702 -1.452862 22.754152 -10.670521 7.253496 -0.356403 -1.266939 0.946512 -0.325480 -1.185909 1.057132 -9.923788 0.986921 -1.369055 -30.387713 5.384671 -6.294795 0.000000 0.000001 -0.000000 0.389720 -2.306421 11.949429 -38.996951 -13.280202 -15.408137 -2.776828 -70.484076 -2.948324 14.860130 -19.681236 24.517994 1.807432 13.920937 9.511917 1.297808 -6.232189 -5.644619 -1.395960 -5.644056 -1.249632 0.000003 0.000002 0.000001 3.364761 -13.698865 29.705804 9.063184 8.632610 -53.072168 4.303644 6.020515 -30.766929 0.000000 -0.000001 -0.000000 3.022926 -15.119978 14.908227 1.565597 6.807420 -28.896519 1.312957 5.826968 -29.901786 0.000001 -0.000000 0.000002 0.917770 -15.147522 -3.057046 -0.684108 2.890809 -11.098708 -0.341756 1.424905 -5.169532 -0.000003 0.000001 0.000000 -0.228530 -7.471013 -8.432728 0.139787 -4.151537 0.350237 -0.235320 0.104339 -2.352993 -0.000000 0.000002 -0.000001 0.236767 -0.328381 -1.215364 -10.110116 -36.789332 27.959202 -1.297783 52.911293 1.635289 -13.813102 -2.226749 -9.498951 -3.453196 1.621128 1.039191 8.269341 -24.183349 -0.434322 -1.129090 2.913678 -0.019423 -0.000001 -0.000007 0.000004 -0.020403 6.425026 -16.858001 8.130226 -7.339376 46.927067 4.039059 -4.779132 28.433500 0.000001 0.000002 -0.000001 0.616805 9.065108 -4.717730 1.733707 -6.048004 28.705079 -0.111288 -2.771424 10.856545 0.000001 -0.000000 -0.000001 -0.332413 9.534559 9.491674 -0.389335 -3.089974 14.237260 -0.864981 -1.013966 4.374069 0.000001 0.000000 0.000000 -1.524044 8.822543 20.427924 0.454647 0.532621 -3.843081 -0.690555 -0.812363 6.618983 0.000001 0.000001 -0.000001 -20.421043 8.520703 -3.867951 56.705661 1.344606 7.592300 5.292278 -5.850985 -11.153985 -19.227083 0.000023 0.000020 -0.000003 0.000001 0.000002 -66.469236 -2.234450 -19.238182 50.643216 5.966429 9.474900 4.277066 -9.610612 -1.283863 -13.727818 0.000004 0.000021 0.000000 0.000000 -0.000000 
-64.694283 92.497108 -3.246714 21.015833 18.580819 -2.524527 21.930132 -11.242243 7.810758 -0.665024 -1.499337 1.432638 -0.623988 -1.412873 1.555205 -9.681805 1.047817 -1.229732 -28.005944 5.622735 -6.041844 0.000000 -0.000000 -0.000000 0.456807 -2.573610 11.269209 -38.331442 -14.494896 -16.265679 -3.411946 -73.898173 -3.552162 15.841408 -19.990051 23.693855 1.822535 13.550201 9.145320 1.450508 -5.647574 -5.469218 -1.350504 -5.519971 -1.257506 0.000002 0.000000 -0.000003 3.346432 -13.727056 29.116670 9.123691 8.650502 -53.334280 4.423149 6.116510 -31.399285 -0.000003 -0.000000 0.000002 2.898178 -15.059148 14.083906 1.589458 6.850970 -29.118005 1.354743 5.910764 -30.317891 0.000001 0.000001 0.000004 0.712849 -14.925147 -4.183075 -0.689348 2.923681 -11.241163 -0.350992 1.462335 -5.335830 -0.000002 0.000001 0.000000 -0.289746 -7.113013 -9.808223 0.139791 -4.151549 0.350240 -0.233787 0.100988 -2.338365 0.000002 -0.000002 0.000001 0.246722 -0.306182 -0.998328 -8.646585 -37.832947 29.507585 -1.351391 54.010404 1.678030 -12.553961 -1.090790 -9.300021 -3.240512 0.971303 0.554140 7.920240 -21.531371 0.180545 -1.358452 3.742895 0.096354 -0.000000 -0.000003 -0.000000 0.052244 6.408432 -14.361878 8.525176 -7.459848 48.681825 4.589146 -5.189243 31.372135 -0.000001 0.000001 0.000001 0.454721 9.007747 -1.982163 1.880189 -6.284276 30.020044 -0.088816 -3.234376 12.847149 -0.000001 -0.000000 -0.000000 -0.652278 9.315859 12.610656 -0.388772 -3.237031 14.917727 -1.026609 -1.224019 5.262929 -0.000000 -0.000001 -0.000002 -1.853094 8.255399 23.912943 0.454838 0.532909 -3.844570 -0.697199 -0.826885 6.685486 0.000000 -0.000000 -0.000004 -18.719436 9.111334 -4.167891 55.623660 0.192679 7.243626 5.759201 -5.781110 -10.037658 -18.063337 0.000019 0.000015 0.000006 0.000000 -0.000002 -64.873348 -1.994537 -17.803303 49.414042 3.584332 8.422772 3.966911 -8.301348 -0.283815 -12.707213 0.000001 0.000023 -0.000000 -0.000000 0.000000 
-64.824501 92.861481 -3.951362 20.856659 19.810960 -3.639830 21.190594 -11.734529 8.429946 -1.054472 -1.755676 1.914137 -1.004037 -1.661489 2.049355 -9.379737 1.093794 -1.085312 -25.374534 5.784381 -5.773565 -0.000000 0.000000 -0.000000 0.539734 -2.974844 10.468433 -37.481080 -15.554735 -17.219358 -4.435219 -77.468921 -4.543015 16.573090 -20.172825 22.762656 1.858937 13.213996 8.761315 1.586192 -5.109682 -5.303446 -1.304654 -5.399573 -1.268834 0.000003 0.000003 0.000001 3.328275 -13.773935 28.389975 9.177709 8.666228 -53.568047 4.535314 6.204682 -31.987924 -0.000000 -0.000004 -0.000001 2.760695 -15.007966 13.134963 1.612396 6.892486 -29.329597 1.392858 5.985801 -30.692124 0.000002 -0.000001 -0.000002 0.493370 -14.694966 -5.419850 -0.694577 2.956931 -11.385187 -0.358066 1.491358 -5.464772 -0.000002 -0.000002 -0.000000 -0.346458 -6.736379 -11.284652 0.139778 -4.151504 0.350071 -0.228622 0.089704 -2.289167 -0.000000 0.000004 -0.000000 0.256812 -0.281167 -0.776347 -7.192612 -38.760972 31.051245 -1.409054 55.131470 1.724684 -11.378740 0.132104 -9.179088 -3.032802 0.282032 0.029937 7.513709 -18.888953 0.745675 -1.591157 4.596620 0.224650 -0.000000 -0.000000 -0.000003 0.101838 6.393888 -11.860455 8.976237 -7.581549 50.667986 5.229914 -5.614545 34.670658 -0.000001 0.000000 -0.000001 0.269045 8.926800 0.794465 2.050359 -6.544244 31.490819 -0.035299 -3.755190 15.088530 0.000001 0.000000 -0.000001 -0.988723 9.045780 15.813242 -0.386108 -3.399660 15.670313 -1.194945 -1.468091 6.275823 -0.000002 -0.000000 0.000002 -2.166585 7.623547 27.517017 0.454961 0.533109 -3.845542 -0.706735 -0.847818 6.781213 -0.000000 -0.000002 -0.000002 -16.791952 9.641210 -4.125022 54.119591 -1.141326 6.808171 5.869065 -5.321951 -9.099251 -16.531095 0.000015 0.000015 0.000001 -0.000000 0.000000 -62.963949 -1.722897 -16.275460 47.794273 1.068525 7.237852 3.328627 -6.612134 0.801942 -11.462835 0.000005 0.000017 -0.000000 0.000000 -0.000000 
