HIERARCHY
ROOT mixamorig:Hips
{
	OFFSET 0.000000 102.625267 -0.521241
	CHANNELS 6 Xposition Yposition Zposition Xrotation Yrotation Zrotation
	JOINT mixamorig:Spine
	{
		OFFSET 0.000000 5.645721 -0.031929
		CHANNELS 3 Xrotation Yrotation Zrotation
		JOINT mixamorig:Spine1
		{
			OFFSET 0.000000 6.586685 -0.037251
			CHANNELS 3 Xrotation Yrotation Zrotation
			JOINT mixamorig:Spine2
			{
				OFFSET 0.000000 7.527618 -0.042572
				CHANNELS 3 Xrotation Yrotation Zrotation
				JOINT mixamorig:Neck
				{
					OFFSET 0.000000 8.468590 -0.047894
					CHANNELS 3 Xrotation Yrotation Zrotation
					JOINT mixamorig:Head
					{
						OFFSET 0.000000 5.998901 -1.158958
						CHANNELS 3 Xrotation Yrotation Zrotation
						JOINT mixamorig:HeadTop_End
						{
							OFFSET 0.000000 21.748810 -4.201760
							CHANNELS 3 Xrotation Yrotation Zrotation
							End Site
							{
								OFFSET 0.000000 22.150970 0.000000
							}
						}
					}
				}
				JOINT mixamorig:LeftShoulder
				{
					OFFSET 3.414614 7.343132 -0.058928
					CHANNELS 3 Xrotation Yrotation Zrotation
					JOINT mixamorig:LeftArm
					{
						OFFSET 6.829548 -2.246910 -0.022071
						CHANNELS 3 Xrotation Yrotation Zrotation
						JOINT mixamorig:LeftForeArm
						{
							OFFSET 24.198503 -0.424179 0.257802
							CHANNELS 3 Xrotation Yrotation Zrotation
							JOINT mixamorig:LeftHand
							{
								OFFSET 21.584717 -0.002335 0.669575
								CHANNELS 3 Xrotation Yrotation Zrotation
								JOINT mixamorig:LeftHandThumb1
								{
									OFFSET 2.193897 -1.259628 1.956942
									CHANNELS 3 Xrotation Yrotation Zrotation
									JOINT mixamorig:LeftHandThumb2
									{
										OFFSET 1.755203 -1.007660 1.565605
										CHANNELS 3 Xrotation Yrotation Zrotation
										JOINT mixamorig:LeftHandThumb3
										{
											OFFSET 2.535126 -0.998764 1.490660
											CHANNELS 3 Xrotation Yrotation Zrotation
											JOINT mixamorig:LeftHandThumb4
											{
												OFFSET 2.398251 -0.721657 1.023775
												CHANNELS 3 Xrotation Yrotation Zrotation
												End Site
												{
													OFFSET 2.205696 -0.773872 1.362551
												}
											}
										}
									}
								}
								JOINT mixamorig:LeftHandIndex1
								{
									OFFSET 7.166248 -0.069405 2.369028
									CHANNELS 3 Xrotation Yrotation Zrotation
									JOINT mixamorig:LeftHandIndex2
									{
										OFFSET 2.989986 -0.015724 0.245918
										CHANNELS 3 Xrotation Yrotation Zrotation
										JOINT mixamorig:LeftHandIndex3
										{
											OFFSET 2.739197 -0.058952 0.219132
											CHANNELS 3 Xrotation Yrotation Zrotation
											JOINT mixamorig:LeftHandIndex4
											{
												OFFSET 2.326500 -0.032570 0.188458
												CHANNELS 3 Xrotation Yrotation Zrotation
												End Site
												{
													OFFSET 2.326485 -0.032578 0.188548
												}
											}
										}
									}
								}
								JOINT mixamorig:LeftHandMiddle1
								{
									OFFSET 7.394897 0.286369 0.654762
									CHANNELS 3 Xrotation Yrotation Zrotation
									JOINT mixamorig:LeftHandMiddle2
									{
										OFFSET 3.376106 0.152466 -0.003692
										CHANNELS 3 Xrotation Yrotation Zrotation
										JOINT mixamorig:LeftHandMiddle3
										{
											OFFSET 3.185104 -0.185410 -0.047914
											CHANNELS 3 Xrotation Yrotation Zrotation
											JOINT mixamorig:LeftHandMiddle4
											{
												OFFSET 2.742905 0.223846 0.010354
												CHANNELS 3 Xrotation Yrotation Zrotation
												End Site
												{
													OFFSET 2.742889 0.224251 0.006757
												}
											}
										}
									}
								}
								JOINT mixamorig:LeftHandRing1
								{
									OFFSET 7.508747 0.282753 -1.072900
									CHANNELS 3 Xrotation Yrotation Zrotation
									JOINT mixamorig:LeftHandRing2
									{
										OFFSET 2.821857 0.317802 -0.177266
										CHANNELS 3 Xrotation Yrotation Zrotation
										JOINT mixamorig:LeftHandRing3
										{
											OFFSET 2.672325 0.088310 -0.196165
											CHANNELS 3 Xrotation Yrotation Zrotation
											JOINT mixamorig:LeftHandRing4
											{
												OFFSET 2.272652 -0.053627 -0.183955
												CHANNELS 3 Xrotation Yrotation Zrotation
												End Site
												{
													OFFSET 2.272919 -0.054016 -0.180438
												}
											}
										}
									}
								}
								JOINT mixamorig:LeftHandPinky1
								{
									OFFSET 7.285820 0.522377 -2.660948
									CHANNELS 3 Xrotation Yrotation Zrotation
									JOINT mixamorig:LeftHandPinky2
									{
										OFFSET 2.466278 0.082008 -0.249570
										CHANNELS 3 Xrotation Yrotation Zrotation
										JOINT mixamorig:LeftHandPinky3
										{
											OFFSET 1.940475 0.021858 -0.202004
											CHANNELS 3 Xrotation Yrotation Zrotation
											JOINT mixamorig:LeftHandPinky4
											{
												OFFSET 1.645287 0.153595 -0.153405
												CHANNELS 3 Xrotation Yrotation Zrotation
												End Site
												{
													OFFSET 1.645088 0.153801 -0.155289
												}
											}
										}
									}
								}
							}
						}
					}
				}
				JOINT mixamorig:RightShoulder
				{
					OFFSET -3.414604 7.343132 -0.036860
					CHANNELS 3 Xrotation Yrotation Zrotation
					JOINT mixamorig:RightArm
					{
						OFFSET -6.829551 -2.246986 0.022068
						CHANNELS 3 Xrotation Yrotation Zrotation
						JOINT mixamorig:RightForeArm
						{
							OFFSET -24.198494 -0.424141 0.158696
							CHANNELS 3 Xrotation Yrotation Zrotation
							JOINT mixamorig:RightHand
							{
								OFFSET -21.584698 -0.002243 0.686977
								CHANNELS 3 Xrotation Yrotation Zrotation
								JOINT mixamorig:RightHandThumb1
								{
									OFFSET -2.242882 -1.296806 1.978855
									CHANNELS 3 Xrotation Yrotation Zrotation
									JOINT mixamorig:RightHandThumb2
									{
										OFFSET -1.794239 -1.037361 1.583064
										CHANNELS 3 Xrotation Yrotation Zrotation
										JOINT mixamorig:RightHandThumb3
										{
											OFFSET -2.504150 -0.962166 1.471556
											CHANNELS 3 Xrotation Yrotation Zrotation
											JOINT mixamorig:RightHandThumb4
											{
												OFFSET -2.346046 -0.743172 0.992235
												CHANNELS 3 Xrotation Yrotation Zrotation
												End Site
												{
													OFFSET -2.157112 -0.792709 1.326359
												}
											}
										}
									}
								}
								JOINT mixamorig:RightHandIndex1
								{
									OFFSET -7.174488 -0.001839 2.366265
									CHANNELS 3 Xrotation Yrotation Zrotation
									JOINT mixamorig:RightHandIndex2
									{
										OFFSET -2.935219 -0.016853 0.287245
										CHANNELS 3 Xrotation Yrotation Zrotation
										JOINT mixamorig:RightHandIndex3
										{
											OFFSET -2.786827 -0.129890 0.255971
											CHANNELS 3 Xrotation Yrotation Zrotation
											JOINT mixamorig:RightHandIndex4
											{
												OFFSET -2.343559 0.168816 0.256164
												CHANNELS 3 Xrotation Yrotation Zrotation
												End Site
												{
													OFFSET -2.344208 0.169510 0.249690
												}
											}
										}
									}
								}
								JOINT mixamorig:RightHandMiddle1
								{
									OFFSET -7.274693 0.327965 0.656181
									CHANNELS 3 Xrotation Yrotation Zrotation
									JOINT mixamorig:RightHandMiddle2
									{
										OFFSET -3.309677 0.091591 0.032863
										CHANNELS 3 Xrotation Yrotation Zrotation
										JOINT mixamorig:RightHandMiddle3
										{
											OFFSET -3.186844 -0.122513 0.000971
											CHANNELS 3 Xrotation Yrotation Zrotation
											JOINT mixamorig:RightHandMiddle4
											{
												OFFSET -2.671951 -0.322540 -0.031001
												CHANNELS 3 Xrotation Yrotation Zrotation
												End Site
												{
													OFFSET -2.671928 -0.323486 -0.021820
												}
											}
										}
									}
								}
								JOINT mixamorig:RightHandRing1
								{
									OFFSET -7.453640 0.430428 -1.170334
									CHANNELS 3 Xrotation Yrotation Zrotation
									JOINT mixamorig:RightHandRing2
									{
										OFFSET -2.808174 0.165817 -0.117934
										CHANNELS 3 Xrotation Yrotation Zrotation
										JOINT mixamorig:RightHandRing3
										{
											OFFSET -2.730080 0.127754 -0.119542
											CHANNELS 3 Xrotation Yrotation Zrotation
											JOINT mixamorig:RightHandRing4
											{
												OFFSET -2.349426 0.078133 -0.107466
												CHANNELS 3 Xrotation Yrotation Zrotation
												End Site
												{
													OFFSET -2.349503 0.077988 -0.106043
												}
											}
										}
									}
								}
								JOINT mixamorig:RightHandPinky1
								{
									OFFSET -7.364456 0.463486 -2.604800
									CHANNELS 3 Xrotation Yrotation Zrotation
									JOINT mixamorig:RightHandPinky2
									{
										OFFSET -2.430134 0.174614 -0.251330
										CHANNELS 3 Xrotation Yrotation Zrotation
										JOINT mixamorig:RightHandPinky3
										{
											OFFSET -1.953583 0.007492 -0.220999
											CHANNELS 3 Xrotation Yrotation Zrotation
											JOINT mixamorig:RightHandPinky4
											{
												OFFSET -1.582039 0.276558 -0.139972
												CHANNELS 3 Xrotation Yrotation Zrotation
												End Site
												{
													OFFSET -1.581284 0.277252 -0.147002
												}
											}
										}
									}
								}
							}
						}
					}
				}
			}
		}
	}
	JOINT mixamorig:LeftUpLeg
	{
		OFFSET 6.620181 -8.816864 -0.447179
		CHANNELS 3 Xrotation Yrotation Zrotation
		JOINT mixamorig:LeftLeg
		{
			OFFSET 2.748989 -36.076775 0.650871
			CHANNELS 3 Xrotation Yrotation Zrotation
			JOINT mixamorig:LeftFoot
			{
				OFFSET 1.089303 -46.239017 1.019056
				CHANNELS 3 Xrotation Yrotation Zrotation
				JOINT mixamorig:LeftToeBase
				{
					OFFSET -0.371088 -10.380511 12.650617
					CHANNELS 3 Xrotation Yrotation Zrotation
					JOINT mixamorig:LeftToe_End
					{
						OFFSET -0.094684 -0.116785 6.663326
						CHANNELS 3 Xrotation Yrotation Zrotation
						End Site
						{
							OFFSET -0.094684 -0.116785 6.663326
						}
					}
				}
			}
		}
	}
	JOINT mixamorig:RightUpLeg
	{
		OFFSET -6.620174 -8.816818 -0.447182
		CHANNELS 3 Xrotation Yrotation Zrotation
		JOINT mixamorig:RightLeg
		{
			OFFSET -2.748991 -36.076790 0.753614
			CHANNELS 3 Xrotation Yrotation Zrotation
			JOINT mixamorig:RightFoot
			{
				OFFSET -1.089311 -46.239029 0.372114
				CHANNELS 3 Xrotation Yrotation Zrotation
				JOINT mixamorig:RightToeBase
				{
					OFFSET 0.371103 -10.380659 13.284531
					CHANNELS 3 Xrotation Yrotation Zrotation
					JOINT mixamorig:RightToe_End
					{
						OFFSET 0.094689 -0.116865 6.675873
						CHANNELS 3 Xrotation Yrotation Zrotation
						End Site
						{
							OFFSET 0.094687 -0.116865 6.675871
						}
					}
				}
			}
		}
	}
}
MOTION
Frames: 300
Frame Time: 0.016667
-0.543126 87.740456 -0.503374 5.362381 -64.590599 8.708130 12.815918 3.282535 -2.913907 5.184389 1.616762 -0.332049 5.159826 1.703078 -0.358521 2.366560 7.489778 -4.090281 -6.483846 36.039094 -6.797082 -0.000000 0.000000 0.000001 -0.169393 -10.604065 -21.588498 -37.190267 4.479125 -24.011761 -9.384326 -83.978699 -9.433300 15.579346 -2.990871 20.425042 9.775923 16.357243 0.858855 6.053998 27.805336 -18.599826 -6.037810 60.816305 17.107020 0.000004 0.000005 -0.000002 17.472853 9.224755 -83.155770 23.312528 4.675906 -117.724102 21.566954 6.194457 -108.116779 0.000001 -0.000001 0.000001 11.592378 8.281172 -86.537677 16.149771 12.964986 -105.880336 18.073350 11.765593 -118.360936 0.000004 0.000000 0.000000 4.991186 7.872700 -92.729544 10.803490 17.923617 -103.552655 10.498660 17.411875 -100.924917 -0.000003 0.000001 0.000000 1.243689 8.584929 -92.369907 8.659889 15.362675 -98.315703 16.024913 19.714783 -130.655481 0.000000 -0.000003 0.000000 0.415297 5.326921 20.059613 -13.580019 60.568130 35.082396 2.230443 113.846631 -2.451203 -19.188337 0.362542 -5.857984 7.289179 -17.786627 4.440304 20.544502 -23.758786 7.065921 17.377531 -52.365298 9.460098 0.000001 -0.000004 -0.000002 19.275863 -8.774041 82.782412 22.821866 -2.963202 115.997731 22.107934 -3.322700 114.153976 0.000002 -0.000002 0.000002 11.485759 -7.534570 85.331199 16.189396 -11.109619 107.924038 15.949334 -10.923166 105.235163 0.000001 0.000003 -0.000001 4.330915 -7.313574 92.054312 11.183926 -15.225701 101.327379 11.710481 -15.181050 103.581076 0.000001 0.000000 0.000000 -3.765935 -7.773533 94.669468 6.267336 -18.769756 95.066965 14.996445 -19.450043 135.720094 -0.000004 -0.000002 0.000002 -43.219262 10.346231 26.047428 45.097956 -5.812628 0.672695 -3.364214 1.175200 -16.951087 -0.000055 -0.000001 -0.000002 0.000000 0.000002 0.000000 -32.786028 -4.574812 -22.515985 61.564900 4.183029 -3.956479 -33.031205 4.144438 14.540865 -0.000030 0.000009 0.000004 -0.000000 -0.000001 -0.000000 
-0.563878 87.705856 -0.495328 5.433337 -64.661858 8.690535 12.798914 3.296017 -2.933487 5.176393 1.623685 -0.339233 5.151665 1.709997 -0.365760 2.351454 7.484050 -4.015676 -6.597106 36.083848 -6.752534 -0.000001 -0.000001 0.000000 -0.155583 -10.563152 -21.439925 -37.116050 4.495467 -24.053408 -9.439343 -84.013321 -9.487978 15.588431 -2.988072 20.381238 9.775923 16.357234 0.858847 6.053989 27.805319 -18.599828 -6.037794 60.816305 17.107011 -0.000001 0.000003 -0.000001 17.472847 9.224743 -83.155770 23.312528 4.675917 -117.724102 21.566952 6.194437 -108.116765 0.000001 -0.000001 0.000000 11.592381 8.281156 -86.537725 16.149762 12.964998 -105.880322 18.073345 11.765593 -118.360949 0.000002 0.000001 0.000001 4.991182 7.872690 -92.729551 10.803489 17.923613 -103.552628 10.498656 17.411843 -100.924931 -0.000001 0.000001 0.000000 1.243703 8.584919 -92.369948 8.659896 15.362672 -98.315696 16.024896 19.714772 -130.655454 0.000000 0.000001 -0.000000 0.412738 5.338958 20.163840 -13.772216 60.475034 35.133202 2.213916 114.004129 -2.436116 -19.185493 0.191112 -5.752910 7.289162 -17.786629 4.440319 20.544499 -23.758777 7.065911 17.377530 -52.365291 9.460107 -0.000001 0.000000 0.000001 19.275853 -8.774059 82.782425 22.821863 -2.963184 115.997731 22.107920 -3.322705 114.153983 -0.000000 -0.000003 0.000002 11.485745 -7.534583 85.331206 16.189399 -11.109618 107.924044 15.949313 -10.923148 105.235170 -0.000002 0.000000 0.000001 4.330899 -7.313585 92.054312 11.183944 -15.225713 101.327400 11.710472 -15.181036 103.581069 -0.000001 0.000001 0.000000 -3.765937 -7.773555 94.669468 6.267341 -18.769749 95.066958 14.996428 -19.450026 135.720107 0.000001 -0.000001 0.000001 -43.288834 10.248972 26.049129 45.262468 -5.759856 0.854694 -3.474739 1.193536 -17.087812 0.000013 -0.000004 -0.000003 0.000000 -0.000005 0.000000 -32.799139 -4.485840 -22.389987 61.645264 4.250761 -3.911222 -33.067985 4.026372 14.476282 0.000016 0.000010 -0.000001 -0.000000 -0.000001 0.000000 
-0.624941 87.662491 -0.487507 5.481318 -64.712798 8.653614 12.797982 3.302768 -2.957168 5.176167 1.627792 -0.347892 5.151332 1.714140 -0.374433 2.328112 7.481376 -3.950796 -6.752441 36.121196 -6.652626 0.000001 -0.000001 0.000000 -0.143096 -10.526670 -21.302163 -37.058322 4.433371 -24.064870 -9.374656 -83.972579 -9.423603 15.534411 -2.980769 20.376599 9.775929 16.357226 0.858861 6.054008 27.805345 -18.599821 -6.037772 60.816305 17.106981 0.000000 0.000005 -0.000002 17.472853 9.224749 -83.155791 23.312525 4.675925 -117.724075 21.566951 6.194453 -108.116758 0.000001 -0.000004 0.000002 11.592381 8.281166 -86.537684 16.149765 12.964999 -105.880322 18.073358 11.765596 -118.360949 0.000004 -0.000000 0.000001 4.991174 7.872703 -92.729537 10.803492 17.923622 -103.552621 10.498650 17.411868 -100.924911 0.000001 -0.000001 0.000001 1.243710 8.584927 -92.369935 8.659888 15.362666 -98.315703 16.024884 19.714793 -130.655440 0.000000 -0.000003 0.000001 0.411324 5.346343 20.220809 -13.925921 60.434566 35.168022 2.203339 114.105885 -2.426496 -19.128918 0.104547 -5.631629 7.289180 -17.786634 4.440315 20.544500 -23.758775 7.065934 17.377538 -52.365312 9.460120 -0.000000 0.000001 -0.000002 19.275851 -8.774051 82.782405 22.821866 -2.963196 115.997704 22.107931 -3.322696 114.153983 -0.000001 0.000001 0.000001 11.485763 -7.534547 85.331206 16.189396 -11.109612 107.924010 15.949318 -10.923147 105.235177 0.000002 0.000002 0.000002 4.330913 -7.313576 92.054332 11.183941 -15.225718 101.327414 11.710498 -15.181040 103.581041 -0.000002 -0.000002 -0.000003 -3.765946 -7.773548 94.669468 6.267334 -18.769751 95.066951 14.996449 -19.450045 135.720094 0.000001 -0.000001 0.000001 -43.331915 10.109901 26.011582 45.458426 -5.664658 1.075674 -3.617658 1.215777 -17.268897 -0.000006 -0.000009 -0.000002 -0.000000 0.000002 -0.000000 -32.803046 -4.452011 -22.312396 61.744500 4.318490 -3.846139 -33.142383 3.960738 14.406761 -0.000053 0.000021 -0.000012 0.000000 0.000001 -0.000000 
-0.689199 87.608948 -0.480189 5.511557 -64.735502 8.608630 12.818110 3.303898 -2.981880 5.186297 1.629665 -0.357218 5.161412 1.716130 -0.383759 2.291780 7.480669 -3.899352 -6.944587 36.142045 -6.508307 0.000001 -0.000000 -0.000000 -0.132703 -10.497132 -21.184674 -37.019202 4.289992 -24.050595 -9.213008 -83.868624 -9.262948 15.428026 -2.962294 20.389966 9.775925 16.357226 0.858848 6.053992 27.805336 -18.599823 -6.037791 60.816312 17.107008 0.000002 0.000006 0.000003 17.472840 9.224733 -83.155764 23.312520 4.675915 -117.724102 21.566954 6.194454 -108.116765 0.000004 -0.000002 -0.000000 11.592380 8.281155 -86.537718 16.149769 12.964989 -105.880336 18.073345 11.765598 -118.360949 -0.000000 -0.000002 0.000002 4.991180 7.872698 -92.729565 10.803509 17.923620 -103.552648 10.498669 17.411863 -100.924945 -0.000001 0.000001 0.000002 1.243695 8.584918 -92.369921 8.659884 15.362675 -98.315703 16.024894 19.714764 -130.655454 0.000000 0.000002 -0.000001 0.411510 5.345200 20.226798 -14.076790 60.409970 35.211193 2.196820 114.168914 -2.420582 -19.010962 0.082015 -5.472371 7.289174 -17.786636 4.440303 20.544487 -23.758774 7.065912 17.377547 -52.365298 9.460107 -0.000001 -0.000001 0.000001 19.275849 -8.774057 82.782405 22.821856 -2.963212 115.997717 22.107943 -3.322709 114.153990 0.000001 0.000001 -0.000001 11.485758 -7.534578 85.331199 16.189401 -11.109613 107.924024 15.949322 -10.923150 105.235183 0.000001 -0.000002 -0.000001 4.330906 -7.313574 92.054305 11.183922 -15.225699 101.327366 11.710481 -15.181040 103.581089 0.000002 0.000000 0.000000 -3.765915 -7.773541 94.669482 6.267345 -18.769739 95.066958 14.996444 -19.450026 135.720094 -0.000001 -0.000001 -0.000001 -43.379464 9.924313 25.908168 45.696319 -5.499156 1.331834 -3.769500 1.239132 -17.472606 0.000021 -0.000012 -0.000000 -0.000000 0.000000 0.000000 -32.827812 -4.457080 -22.295267 61.865900 4.376883 -3.764290 -33.228471 3.948545 14.346718 0.000007 -0.000012 -0.000005 -0.000000 -0.000001 -0.000000 
-0.757540 87.545357 -0.473279 5.536892 -64.724450 8.570550 12.860851 3.301977 -3.007471 5.207497 1.630498 -0.366846 5.182625 1.717141 -0.393378 2.238701 7.480748 -3.862162 -7.166935 36.140040 -6.331534 -0.000001 -0.000001 0.000001 -0.124717 -10.475320 -21.091851 -36.999469 4.070675 -24.020495 -8.987107 -83.717144 -9.038536 15.287502 -2.929151 20.406829 9.775929 16.357214 0.858844 6.053991 27.805343 -18.599812 -6.037798 60.816312 17.107016 0.000001 0.000004 -0.000000 17.472853 9.224740 -83.155770 23.312532 4.675910 -117.724102 21.566951 6.194459 -108.116779 0.000002 -0.000002 0.000001 11.592377 8.281160 -86.537691 16.149760 12.964987 -105.880315 18.073350 11.765603 -118.360936 -0.000001 -0.000001 0.000001 4.991168 7.872672 -92.729551 10.803488 17.923630 -103.552648 10.498661 17.411870 -100.924911 -0.000000 0.000002 -0.000000 1.243713 8.584925 -92.369942 8.659905 15.362649 -98.315683 16.024884 19.714769 -130.655467 0.000001 -0.000001 0.000000 0.413325 5.333919 20.187123 -14.243213 60.370608 35.270247 2.192540 114.210735 -2.416682 -18.832049 0.101455 -5.256281 7.289177 -17.786634 4.440315 20.544490 -23.758757 7.065937 17.377545 -52.365298 9.460104 -0.000001 -0.000001 0.000001 19.275856 -8.774050 82.782405 22.821873 -2.963200 115.997731 22.107931 -3.322709 114.153983 0.000002 -0.000001 0.000001 11.485754 -7.534562 85.331213 16.189396 -11.109613 107.924024 15.949299 -10.923145 105.235156 -0.000002 0.000004 0.000002 4.330896 -7.313572 92.054332 11.183929 -15.225707 101.327400 11.710497 -15.181057 103.581082 -0.000002 0.000001 -0.000001 -3.765931 -7.773528 94.669489 6.267339 -18.769756 95.066965 14.996438 -19.450033 135.720094 -0.000002 0.000002 0.000000 -43.434980 9.691742 25.730926 45.972111 -5.258140 1.623684 -3.927441 1.263857 -17.699805 -0.000103 -0.000028 -0.000003 -0.000000 0.000000 -0.000000 -32.876586 -4.497941 -22.338467 62.009068 4.421796 -3.667833 -33.327068 3.984656 14.298538 -0.000092 -0.000003 0.000004 -0.000000 -0.000001 -0.000000 
-0.831465 87.473297 -0.466423 5.577914 -64.675826 8.559842 12.923540 3.299158 -3.035485 5.238417 1.631594 -0.376693 5.213553 1.718507 -0.403226 2.168067 7.480572 -3.837055 -7.411285 36.113819 -6.134497 0.000000 -0.000000 0.000000 -0.118849 -10.460200 -21.022055 -36.996867 3.789215 -23.986479 -8.729684 -83.534825 -8.782626 15.133508 -2.881447 20.420606 9.775929 16.357219 0.858851 6.054000 27.805360 -18.599819 -6.037778 60.816298 17.106994 0.000001 0.000002 0.000002 17.472845 9.224734 -83.155770 23.312517 4.675924 -117.724102 21.566954 6.194454 -108.116779 0.000002 0.000001 0.000000 11.592381 8.281158 -86.537718 16.149760 12.964997 -105.880308 18.073352 11.765587 -118.360949 -0.000002 0.000003 -0.000001 4.991191 7.872689 -92.729571 10.803510 17.923612 -103.552655 10.498653 17.411861 -100.924917 -0.000002 0.000001 -0.000000 1.243703 8.584925 -92.369928 8.659904 15.362670 -98.315696 16.024904 19.714778 -130.655467 0.000000 0.000003 -0.000001 0.416447 5.313358 20.115339 -14.426466 60.298570 35.338484 2.188955 114.246013 -2.413405 -18.602007 0.143483 -4.974382 7.289185 -17.786649 4.440324 20.544483 -23.758775 7.065912 17.377519 -52.365288 9.460088 0.000000 -0.000001 -0.000001 19.275870 -8.774070 82.782412 22.821873 -2.963197 115.997731 22.107936 -3.322708 114.153962 -0.000000 -0.000003 -0.000001 11.485764 -7.534578 85.331199 16.189391 -11.109619 107.924031 15.949320 -10.923142 105.235163 0.000000 0.000001 -0.000002 4.330923 -7.313589 92.054332 11.183941 -15.225690 101.327379 11.710486 -15.181038 103.581041 0.000004 -0.000002 -0.000005 -3.765927 -7.773552 94.669455 6.267337 -18.769746 95.066965 14.996444 -19.450048 135.720080 -0.000001 -0.000000 -0.000000 -43.497308 9.409721 25.472347 46.275160 -4.947769 1.954477 -4.093257 1.291202 -17.956842 -0.000059 -0.000002 0.000007 -0.000000 0.000002 -0.000000 -32.952575 -4.570046 -22.438234 62.169953 4.451101 -3.558106 -33.437505 4.060250 14.262659 -0.000081 0.000010 0.000004 -0.000000 -0.000002 0.000000 
-0.913270 87.394379 -0.459699 5.661373 -64.585743 8.606594 13.012035 3.298321 -3.069754 5.281780 1.634509 -0.386987 5.256902 1.721906 -0.413546 2.066133 7.478127 -3.828437 -7.677539 36.045220 -5.927450 0.000000 0.000001 -0.000001 -0.115740 -10.452792 -20.984336 -37.010350 3.429022 -23.972453 -8.452911 -83.326860 -8.507786 14.993524 -2.813654 20.426347 9.775932 16.357236 0.858839 6.053989 27.805335 -18.599819 -6.037781 60.816312 17.107003 0.000000 0.000004 0.000001 17.472850 9.224742 -83.155777 23.312530 4.675918 -117.724102 21.566946 6.194454 -108.116779 -0.000000 -0.000003 0.000001 11.592381 8.281158 -86.537725 16.149760 12.965004 -105.880336 18.073345 11.765604 -118.360936 0.000000 0.000001 0.000001 4.991174 7.872685 -92.729531 10.803512 17.923622 -103.552662 10.498651 17.411867 -100.924904 -0.000002 0.000000 0.000000 1.243700 8.584921 -92.369921 8.659893 15.362670 -98.315703 16.024891 19.714779 -130.655440 -0.000001 -0.000002 0.000001 0.420935 5.280668 20.020248 -14.608767 60.145601 35.375892 2.184932 114.284843 -2.409778 -18.314427 0.191424 -4.557104 7.289177 -17.786646 4.440298 20.544488 -23.758740 7.065922 17.377553 -52.365291 9.460115 0.000001 -0.000002 0.000001 19.275861 -8.774064 82.782405 22.821863 -2.963194 115.997731 22.107929 -3.322722 114.153983 -0.000001 0.000002 0.000004 11.485752 -7.534570 85.331213 16.189386 -11.109603 107.924010 15.949306 -10.923159 105.235177 0.000000 -0.000001 0.000000 4.330912 -7.313574 92.054319 11.183934 -15.225701 101.327366 11.710482 -15.181033 103.581069 0.000003 -0.000001 -0.000001 -3.765931 -7.773548 94.669475 6.267348 -18.769741 95.066965 14.996430 -19.450038 135.720094 -0.000000 0.000001 -0.000005 -43.563117 9.077064 25.125481 46.589427 -4.581420 2.321220 -4.269072 1.322740 -18.248618 -0.000025 -0.000014 -0.000002 0.000000 0.000003 -0.000000 -33.061818 -4.665873 -22.590909 62.345864 4.463553 -3.439816 -33.559721 4.160880 14.239175 -0.000062 0.000009 0.000002 -0.000000 -0.000001 -0.000000 
-1.006434 87.312042 -0.173522 5.813426 -64.449371 8.757020 13.086595 3.294378 -3.134061 5.317826 1.637926 -0.399272 5.292713 1.726463 -0.425918 1.944388 7.470594 -3.822661 -7.925205 35.949587 -5.767963 0.000000 -0.000000 -0.000000 -0.111270 -10.436798 -20.938297 -36.972155 3.077472 -24.045107 -8.218768 -83.139870 -8.275380 14.926740 -2.758761 20.469566 9.775938 16.357246 0.858850 6.053992 27.805318 -18.599836 -6.037806 60.816298 17.107010 0.000003 0.000005 -0.000001 17.472867 9.224751 -83.155784 23.312537 4.675911 -117.724102 21.566946 6.194452 -108.116779 0.000004 -0.000000 0.000001 11.592393 8.281172 -86.537718 16.149767 12.964989 -105.880322 18.073357 11.765596 -118.360922 -0.000001 -0.000003 0.000002 4.991192 7.872692 -92.729551 10.803495 17.923624 -103.552621 10.498658 17.411863 -100.924911 -0.000002 0.000000 0.000001 1.243702 8.584932 -92.369921 8.659894 15.362673 -98.315690 16.024893 19.714762 -130.655454 -0.000003 0.000002 0.000000 0.423555 5.255135 20.003042 -14.600438 59.924173 35.167770 2.182895 114.305224 -2.407912 -18.098850 0.196543 -3.982565 7.289164 -17.786631 4.440314 20.544485 -23.758758 7.065904 17.377552 -52.365285 9.460115 0.000001 -0.000001 0.000000 19.275846 -8.774060 82.782405 22.821860 -2.963199 115.997717 22.107931 -3.322716 114.153983 0.000003 -0.000001 0.000003 11.485759 -7.534563 85.331199 16.189403 -11.109604 107.924038 15.949315 -10.923142 105.235190 -0.000002 -0.000000 -0.000001 4.330915 -7.313584 92.054312 11.183948 -15.225689 101.327400 11.710481 -15.181041 103.581062 0.000001 -0.000000 -0.000002 -3.765954 -7.773546 94.669475 6.267333 -18.769766 95.066965 14.996435 -19.450038 135.720080 -0.000000 0.000002 -0.000001 -43.763276 8.710688 24.589745 47.343767 -4.166830 2.688318 -4.773359 1.396567 -18.406031 0.000015 -0.000000 -0.000001 -0.000000 -0.000003 -0.000000 -33.000155 -4.740301 -22.966625 62.284843 4.511891 -3.337742 -33.659565 4.204759 14.428402 -0.000103 0.000028 -0.000001 -0.000000 -0.000002 -0.000000 
-1.111555 87.219391 -0.093519 6.047144 -64.261241 9.027312 13.138761 3.276388 -3.213152 5.344511 1.634330 -0.417643 5.319102 1.724286 -0.444262 1.829458 7.460209 -3.843880 -8.170481 35.823502 -5.634279 -0.000001 0.000001 -0.000002 -0.107457 -10.419454 -20.905080 -36.869990 2.729293 -24.152075 -7.999059 -82.954806 -8.057269 14.790670 -2.710379 20.534803 9.775928 16.357226 0.858857 6.054001 27.805367 -18.599823 -6.037777 60.816298 17.106993 0.000003 0.000004 -0.000002 17.472853 9.224751 -83.155791 23.312525 4.675908 -117.724102 21.566954 6.194460 -108.116772 0.000002 -0.000003 0.000001 11.592385 8.281170 -86.537718 16.149767 12.965002 -105.880322 18.073348 11.765604 -118.360936 0.000002 0.000001 -0.000000 4.991171 7.872690 -92.729537 10.803489 17.923622 -103.552655 10.498656 17.411851 -100.924904 -0.000000 0.000000 0.000001 1.243701 8.584925 -92.369921 8.659899 15.362670 -98.315690 16.024893 19.714762 -130.655454 -0.000001 -0.000000 -0.000001 0.425780 5.231673 19.998598 -14.471501 59.673143 34.843418 2.187832 114.256941 -2.412395 -17.988333 0.179655 -3.376281 7.289175 -17.786651 4.440308 20.544488 -23.758767 7.065894 17.377574 -52.365298 9.460151 0.000000 -0.000003 -0.000002 19.275851 -8.774064 82.782405 22.821868 -2.963205 115.997731 22.107931 -3.322703 114.153990 -0.000000 0.000000 0.000005 11.485755 -7.534569 85.331206 16.189398 -11.109616 107.924024 15.949308 -10.923134 105.235163 0.000001 -0.000000 -0.000000 4.330906 -7.313586 92.054332 11.183938 -15.225713 101.327373 11.710492 -15.181038 103.581041 -0.000002 0.000001 0.000002 -3.765946 -7.773554 94.669475 6.267328 -18.769765 95.066972 14.996444 -19.450031 135.720107 0.000001 -0.000000 -0.000001 -43.885714 8.316391 24.055253 47.755262 -3.733945 3.034338 -5.034258 1.444691 -18.681238 -0.000031 -0.000005 0.000013 0.000000 -0.000001 -0.000000 -33.142072 -4.830615 -23.259504 62.438850 4.501111 -3.256977 -33.808788 4.257067 14.491384 -0.000138 0.000024 0.000001 -0.000000 -0.000001 -0.000000 
-1.229922 87.119583 0.030076 6.349370 -64.011071 9.438967 13.167714 3.235785 -3.324228 5.362555 1.621165 -0.447560 5.336904 1.712626 -0.473979 1.741205 7.445126 -3.906343 -8.415376 35.651142 -5.523260 0.000001 -0.000000 0.000000 -0.106758 -10.410437 -20.908411 -36.697831 2.367162 -24.263499 -7.780758 -82.760507 -7.840674 14.511919 -2.643399 20.614061 9.775929 16.357219 0.858842 6.053993 27.805328 -18.599821 -6.037813 60.816312 17.107025 0.000002 -0.000002 -0.000002 17.472869 9.224740 -83.155805 23.312532 4.675912 -117.724102 21.566949 6.194448 -108.116799 -0.000001 -0.000005 0.000002 11.592375 8.281153 -86.537704 16.149759 12.965010 -105.880302 18.073352 11.765600 -118.360949 -0.000001 -0.000002 0.000001 4.991177 7.872684 -92.729551 10.803490 17.923622 -103.552641 10.498654 17.411865 -100.924911 -0.000001 0.000000 0.000000 1.243715 8.584919 -92.369948 8.659892 15.362670 -98.315696 16.024903 19.714767 -130.655467 0.000002 0.000000 0.000000 0.428773 5.205396 19.960311 -14.277074 59.409095 34.502755 2.202491 114.114006 -2.425742 -18.013133 0.147774 -2.861619 7.289185 -17.786624 4.440299 20.544497 -23.758782 7.065933 17.377531 -52.365291 9.460105 -0.000001 -0.000000 0.000003 19.275835 -8.774055 82.782391 22.821863 -2.963213 115.997731 22.107938 -3.322696 114.153990 0.000001 0.000002 -0.000000 11.485772 -7.534568 85.331206 16.189401 -11.109602 107.924044 15.949318 -10.923150 105.235190 0.000005 0.000001 -0.000002 4.330897 -7.313580 92.054305 11.183932 -15.225713 101.327400 11.710468 -15.181043 103.581035 0.000000 -0.000001 -0.000002 -3.765921 -7.773536 94.669468 6.267347 -18.769753 95.066972 14.996450 -19.450043 135.720094 -0.000000 -0.000000 0.000002 -44.066591 7.952160 23.472188 48.212844 -3.304996 3.275402 -5.312328 1.491299 -18.871901 -0.000072 -0.000004 0.000003 0.000000 0.000002 -0.000000 -33.285783 -4.886879 -23.618089 62.583849 4.474958 -3.238743 -33.982633 4.226335 14.613325 -0.000073 -0.000001 -0.000002 -0.000000 0.000001 -0.000000 
-1.359824 87.012589 0.195944 6.681894 -63.684779 9.972364 13.185042 3.173630 -3.471568 5.378716 1.599350 -0.493037 5.352952 1.692116 -0.519014 1.689865 7.420656 -4.008997 -8.652434 35.416802 -5.444886 0.000001 -0.000001 -0.000000 -0.111148 -10.420388 -20.963201 -36.457692 1.961298 -24.375922 -7.545075 -82.538437 -7.607051 14.085581 -2.535804 20.710851 9.775921 16.357231 0.858861 6.053997 27.805352 -18.599817 -6.037776 60.816278 17.106993 0.000002 0.000001 0.000001 17.472848 9.224751 -83.155770 23.312518 4.675913 -117.724075 21.566954 6.194444 -108.116799 0.000001 -0.000003 0.000000 11.592366 8.281162 -86.537698 16.149781 12.964994 -105.880322 18.073353 11.765580 -118.360936 -0.000001 -0.000000 0.000000 4.991167 7.872687 -92.729551 10.803490 17.923630 -103.552648 10.498658 17.411853 -100.924911 0.000001 -0.000002 0.000000 1.243712 8.584943 -92.369942 8.659894 15.362660 -98.315662 16.024904 19.714783 -130.655481 -0.000001 -0.000001 0.000001 0.433466 5.171257 19.857071 -14.055728 59.137656 34.202575 2.226916 113.880004 -2.447961 -18.163992 0.125451 -2.574982 7.289171 -17.786632 4.440312 20.544490 -23.758755 7.065921 17.377555 -52.365291 9.460107 0.000004 0.000003 -0.000003 19.275846 -8.774052 82.782405 22.821860 -2.963198 115.997745 22.107926 -3.322711 114.153976 0.000000 0.000001 -0.000000 11.485745 -7.534576 85.331199 16.189403 -11.109613 107.924024 15.949310 -10.923142 105.235170 0.000003 -0.000003 -0.000003 4.330898 -7.313582 92.054305 11.183928 -15.225711 101.327373 11.710481 -15.181045 103.581055 -0.000001 0.000001 0.000000 -3.765939 -7.773545 94.669468 6.267336 -18.769746 95.066958 14.996447 -19.450055 135.720080 -0.000002 -0.000001 -0.000001 -44.335673 7.681972 22.906411 48.718817 -2.935635 3.332275 -5.581574 1.523923 -18.904082 -0.000033 -0.000022 -0.000001 -0.000000 0.000002 0.000000 -33.407425 -4.896681 -24.030532 62.722488 4.429203 -3.309784 -34.191046 4.081568 14.800151 -0.000043 0.000016 0.000003 -0.000000 -0.000001 -0.000000 
-1.498460 86.897705 0.403359 6.999713 -63.264327 10.584368 13.204874 3.093456 -3.653145 5.400953 1.570612 -0.555083 5.375222 1.664494 -0.580433 1.675116 7.381046 -4.129606 -8.866938 35.116407 -5.414624 0.000000 0.000001 -0.000000 -0.120222 -10.453615 -21.055340 -36.144343 1.493157 -24.535166 -7.277413 -82.269014 -7.341851 13.579594 -2.403788 20.875705 9.775919 16.357232 0.858857 6.053991 27.805336 -18.599829 -6.037780 60.816291 17.107016 0.000000 0.000003 -0.000001 17.472838 9.224743 -83.155777 23.312532 4.675922 -117.724102 21.566947 6.194467 -108.116758 -0.000001 -0.000002 0.000000 11.592381 8.281160 -86.537698 16.149771 12.964991 -105.880329 18.073350 11.765587 -118.360949 -0.000001 0.000001 0.000001 4.991168 7.872681 -92.729544 10.803485 17.923624 -103.552662 10.498661 17.411868 -100.924911 -0.000001 0.000001 0.000001 1.243706 8.584933 -92.369948 8.659908 15.362656 -98.315683 16.024899 19.714778 -130.655467 -0.000002 0.000003 -0.000000 0.439369 5.130732 19.705342 -13.773950 58.847626 33.883940 2.258212 113.586428 -2.476514 -18.382384 0.165393 -2.627304 7.289170 -17.786632 4.440307 20.544497 -23.758769 7.065925 17.377531 -52.365281 9.460095 0.000000 -0.000007 -0.000000 19.275854 -8.774061 82.782405 22.821882 -2.963192 115.997731 22.107929 -3.322713 114.153969 0.000002 -0.000001 0.000001 11.485756 -7.534573 85.331206 16.189403 -11.109611 107.924038 15.949316 -10.923154 105.235156 -0.000000 0.000002 0.000002 4.330913 -7.313585 92.054305 11.183929 -15.225704 101.327407 11.710485 -15.181043 103.581089 0.000000 0.000001 0.000000 -3.765945 -7.773552 94.669475 6.267359 -18.769749 95.066978 14.996449 -19.450029 135.720107 0.000000 0.000006 0.000002 -44.720944 7.565526 22.435449 49.285279 -2.734726 3.144623 -5.839402 1.532655 -18.708921 -0.000168 -0.000002 -0.000002 0.000000 0.000000 -0.000000 -33.478524 -4.864862 -24.487067 62.851141 4.364652 -3.480344 -34.442284 3.814600 15.052683 -0.000043 -0.000005 -0.000004 0.000000 -0.000002 0.000000 
-1.644246 86.771149 0.654741 7.277397 -62.728348 11.232872 13.229191 2.992971 -3.859053 5.431488 1.533711 -0.630946 5.406058 1.628320 -0.655387 1.690986 7.323114 -4.237946 -9.046890 34.758990 -5.432582 -0.000000 0.000000 0.000000 -0.131308 -10.505760 -21.147592 -35.738145 0.973341 -24.822938 -6.974588 -81.939669 -7.041996 13.097274 -2.324271 21.217132 9.775927 16.357227 0.858839 6.053996 27.805326 -18.599828 -6.037805 60.816312 17.107016 0.000001 0.000006 -0.000004 17.472847 9.224737 -83.155770 23.312517 4.675899 -117.724089 21.566951 6.194448 -108.116799 -0.000001 -0.000001 0.000002 11.592371 8.281160 -86.537698 16.149772 12.964990 -105.880329 18.073341 11.765587 -118.360949 0.000005 0.000000 0.000001 4.991181 7.872681 -92.729571 10.803479 17.923612 -103.552641 10.498657 17.411851 -100.924952 -0.000000 0.000003 0.000000 1.243701 8.584922 -92.369928 8.659890 15.362665 -98.315703 16.024893 19.714760 -130.655454 0.000000 -0.000004 0.000001 0.444768 5.093546 19.560567 -13.332178 58.509846 33.394571 2.292886 113.268852 -2.508225 -18.567432 0.343966 -3.063097 7.289161 -17.786644 4.440296 20.544487 -23.758760 7.065912 17.377541 -52.365291 9.460107 -0.000003 -0.000003 -0.000001 19.275844 -8.774054 82.782405 22.821873 -2.963215 115.997717 22.107944 -3.322705 114.153990 -0.000002 -0.000001 -0.000002 11.485758 -7.534573 85.331199 16.189403 -11.109607 107.924003 15.949303 -10.923160 105.235183 0.000001 -0.000002 -0.000004 4.330903 -7.313572 92.054312 11.183926 -15.225695 101.327379 11.710480 -15.181053 103.581062 0.000000 0.000001 0.000001 -3.765942 -7.773548 94.669461 6.267331 -18.769746 95.066965 14.996425 -19.450043 135.720094 -0.000002 0.000002 0.000001 -45.237524 7.632934 22.120106 49.926542 -2.878868 2.701204 -6.123784 1.517226 -18.251906 -0.001401 0.000017 0.000002 -0.000000 0.000000 0.000000 -33.481215 -4.813096 -24.989453 62.964358 4.292406 -3.737745 -34.743181 3.441011 15.364920 -0.000011 -0.000005 0.000004 -0.000000 -0.000001 -0.000000 
-1.798347 86.623886 0.956363 7.522652 -62.053928 11.895401 13.242653 2.860610 -4.065263 5.463613 1.482218 -0.712752 5.438880 1.576997 -0.735946 1.731026 7.249959 -4.328408 -9.192497 34.354622 -5.472401 0.000001 -0.000000 0.000001 -0.142975 -10.572786 -21.223117 -35.220424 0.437788 -25.301254 -6.645238 -81.547964 -6.716165 12.719743 -2.415764 21.848742 9.775917 16.357229 0.858865 6.053993 27.805353 -18.599829 -6.037773 60.816291 17.106987 0.000003 0.000008 0.000003 17.472836 9.224749 -83.155770 23.312534 4.675915 -117.724116 21.566946 6.194455 -108.116765 0.000002 0.000001 0.000000 11.592373 8.281162 -86.537704 16.149774 12.964994 -105.880329 18.073341 11.765576 -118.360949 0.000000 -0.000000 0.000000 4.991152 7.872666 -92.729517 10.803460 17.923622 -103.552641 10.498653 17.411861 -100.924917 -0.000002 0.000001 0.000000 1.243698 8.584914 -92.369921 8.659889 15.362661 -98.315690 16.024898 19.714796 -130.655413 -0.000000 0.000003 -0.000002 0.448900 5.065317 19.443969 -12.658093 58.084537 32.640890 2.330578 112.932861 -2.542813 -18.603881 0.734719 -3.833556 7.289187 -17.786629 4.440296 20.544490 -23.758770 7.065919 17.377541 -52.365278 9.460091 -0.000000 -0.000003 -0.000001 19.275846 -8.774055 82.782405 22.821856 -2.963209 115.997717 22.107926 -3.322711 114.153976 -0.000001 0.000001 -0.000001 11.485747 -7.534566 85.331206 16.189408 -11.109630 107.924031 15.949320 -10.923154 105.235170 0.000001 -0.000002 -0.000004 4.330917 -7.313575 92.054319 11.183924 -15.225694 101.327373 11.710473 -15.181036 103.581035 -0.000001 -0.000000 -0.000002 -3.765927 -7.773544 94.669468 6.267364 -18.769734 95.066999 14.996425 -19.450034 135.720094 -0.000000 0.000002 0.000002 -46.100054 7.801358 21.932658 50.990883 -3.532144 2.048775 -6.620956 1.480703 -16.831504 -0.001889 0.000033 0.000003 0.000000 -0.000000 0.000000 -33.418562 -4.771222 -25.552523 63.063505 4.233412 -4.050456 -35.100738 2.984031 15.725220 -0.000116 -0.000017 -0.000007 -0.000000 -0.000001 0.000000 
-1.963573 86.446289 1.317772 7.761418 -61.221868 12.554858 13.222318 2.681998 -4.219221 5.485361 1.406921 -0.786871 5.462040 1.500588 -0.808406 1.790904 7.173182 -4.447344 -9.316540 33.902289 -5.494541 -0.000001 -0.000000 -0.000000 -0.159861 -10.664111 -21.339224 -34.601052 -0.077452 -25.948454 -6.304103 -81.100164 -6.379134 12.460021 -2.769914 22.788595 9.775926 16.357232 0.858849 6.054001 27.805345 -18.599819 -6.037792 60.816298 17.107011 0.000000 0.000004 0.000003 17.472855 9.224740 -83.155770 23.312530 4.675910 -117.724102 21.566949 6.194446 -108.116813 0.000001 0.000003 -0.000002 11.592377 8.281166 -86.537698 16.149750 12.964990 -105.880322 18.073346 11.765593 -118.360908 0.000002 -0.000000 0.000001 4.991174 7.872684 -92.729551 10.803484 17.923625 -103.552648 10.498659 17.411867 -100.924917 -0.000001 0.000001 0.000000 1.243702 8.584930 -92.369948 8.659886 15.362670 -98.315710 16.024887 19.714772 -130.655454 0.000001 -0.000004 0.000002 0.454655 5.030151 19.249261 -11.813639 57.536270 31.763672 2.376219 112.537837 -2.584784 -18.406416 1.369787 -4.798179 7.289174 -17.786648 4.440302 20.544500 -23.758765 7.065925 17.377535 -52.365291 9.460106 0.000000 -0.000001 -0.000000 19.275853 -8.774058 82.782405 22.821863 -2.963185 115.997731 22.107927 -3.322697 114.154010 -0.000001 -0.000000 0.000001 11.485771 -7.534562 85.331206 16.189408 -11.109612 107.924024 15.949320 -10.923146 105.235183 0.000003 0.000002 -0.000000 4.330909 -7.313579 92.054305 11.183939 -15.225709 101.327414 11.710473 -15.181053 103.581055 -0.000004 -0.000001 -0.000002 -3.765940 -7.773550 94.669475 6.267354 -18.769758 95.066978 14.996444 -19.450031 135.720107 -0.000000 0.000000 -0.000001 -47.237670 8.024259 21.868686 52.341331 -4.840886 1.276020 -7.316307 1.417393 -14.616784 -0.001121 0.000005 -0.002748 0.000000 -0.000000 -0.000000 -33.300283 -4.775717 -26.191113 63.144307 4.211243 -4.377288 -35.514675 2.459662 16.121082 -0.000014 0.000002 0.000005 -0.000000 -0.000001 -0.000000 
-2.145465 86.224052 1.745962 8.006852 -60.228335 13.167904 13.155104 2.456122 -4.237927 5.487994 1.301330 -0.835616 5.466991 1.391847 -0.855095 1.869960 7.107855 -4.680446 -9.433854 33.390155 -5.481807 0.000001 -0.000000 0.000000 -0.194837 -10.808447 -21.643942 -33.927004 -0.565742 -26.634401 -5.969906 -80.612782 -6.049261 12.249027 -3.366860 23.884728 9.775929 16.357224 0.858851 6.054008 27.805338 -18.599816 -6.037783 60.816312 17.106981 0.000004 0.000003 -0.000001 17.472857 9.224741 -83.155770 23.312542 4.675910 -117.724089 21.566951 6.194422 -108.116806 0.000003 -0.000000 -0.000001 11.592387 8.281157 -86.537684 16.149765 12.964995 -105.880315 18.073350 11.765596 -118.360949 0.000001 0.000001 0.000001 4.991186 7.872712 -92.729565 10.803513 17.923613 -103.552641 10.498667 17.411861 -100.924945 -0.000002 -0.000002 0.000001 1.243702 8.584928 -92.369928 8.659892 15.362668 -98.315696 16.024896 19.714781 -130.655467 -0.000000 -0.000000 -0.000001 0.468404 4.948102 18.734770 -10.998057 56.849604 31.151776 2.438895 112.015895 -2.642645 -17.965918 2.212567 -5.757131 7.289176 -17.786637 4.440311 20.544492 -23.758765 7.065912 17.377541 -52.365298 9.460110 0.000001 0.000000 0.000001 19.275842 -8.774048 82.782425 22.821875 -2.963210 115.997731 22.107932 -3.322696 114.153976 -0.000001 -0.000002 0.000000 11.485752 -7.534571 85.331220 16.189398 -11.109619 107.924003 15.949316 -10.923156 105.235170 0.000001 0.000001 0.000001 4.330898 -7.313586 92.054312 11.183928 -15.225707 101.327400 11.710474 -15.181055 103.581041 -0.000001 0.000001 -0.000002 -3.765944 -7.773550 94.669475 6.267324 -18.769734 95.066944 14.996427 -19.450038 135.720107 -0.000001 0.000000 0.000001 -48.395261 8.265136 21.933537 53.488110 -5.731939 0.483347 -7.981272 0.296214 -12.688665 0.359223 0.002977 -0.410121 -0.000000 -0.000001 -0.000000 -33.136226 -4.866591 -26.891730 63.218940 4.244575 -4.685637 -35.989312 1.868199 16.536120 -0.000049 0.000026 0.000006 -0.000000 -0.000002 0.000000 
-2.334705 85.949059 2.241710 8.237516 -59.086218 13.707257 13.051883 2.187640 -4.090333 5.472891 1.168180 -0.843434 5.455093 1.252830 -0.860568 1.965997 7.061633 -5.089611 -9.548486 32.808090 -5.465125 -0.000000 -0.000001 -0.000000 -0.264188 -11.038528 -22.306141 -33.257417 -1.054328 -27.191987 -5.665500 -80.120530 -5.749295 11.967476 -4.049065 24.846932 9.775922 16.357219 0.858856 6.054006 27.805331 -18.599841 -6.037769 60.816278 17.106994 0.000003 0.000002 -0.000003 17.472858 9.224736 -83.155798 23.312534 4.675909 -117.724089 21.566947 6.194442 -108.116772 0.000002 -0.000003 0.000002 11.592378 8.281167 -86.537691 16.149762 12.964993 -105.880329 18.073352 11.765602 -118.360936 0.000003 -0.000003 0.000001 4.991168 7.872672 -92.729544 10.803490 17.923627 -103.552648 10.498654 17.411846 -100.924911 0.000002 0.000001 -0.000001 1.243712 8.584931 -92.369935 8.659896 15.362661 -98.315717 16.024901 19.714786 -130.655467 -0.000000 0.000001 0.000000 0.494133 4.783666 17.665642 -10.411829 56.014501 31.201978 2.526255 111.325615 -2.723589 -17.372069 3.158550 -6.501173 7.289190 -17.786632 4.440317 20.544476 -23.758770 7.065920 17.377530 -52.365278 9.460087 0.000000 -0.000001 -0.000001 19.275842 -8.774050 82.782412 22.821872 -2.963206 115.997731 22.107939 -3.322700 114.153990 0.000000 0.000003 -0.000001 11.485770 -7.534560 85.331206 16.189396 -11.109600 107.924024 15.949310 -10.923156 105.235156 0.000001 0.000002 -0.000000 4.330904 -7.313577 92.054312 11.183934 -15.225714 101.327407 11.710496 -15.181052 103.581041 0.000002 -0.000001 -0.000004 -3.765950 -7.773549 94.669475 6.267330 -18.769741 95.066965 14.996440 -19.450031 135.720080 0.000001 0.000002 0.000000 -49.514401 8.461388 22.071524 54.291036 -5.612282 -0.257724 -8.388885 -2.076292 -11.441147 0.369710 0.003145 -0.420075 0.000000 -0.000003 -0.000000 -32.928158 -5.040214 -27.644292 63.308095 4.323737 -4.963487 -36.520998 1.192883 16.963523 -0.133056 -0.000005 0.000010 -0.000000 -0.000000 -0.000000 
-2.519396 85.629929 2.805318 8.407135 -57.823569 14.136670 12.944125 1.898697 -3.798181 5.452506 1.023149 -0.806512 5.438334 1.099595 -0.821213 2.062864 7.025530 -5.639441 -9.648227 32.159280 -5.503975 -0.000000 -0.000000 0.000000 -0.376916 -11.363453 -23.383460 -32.621011 -1.587439 -27.562463 -5.412227 -79.669895 -5.500131 11.515848 -4.593546 25.421802 9.775927 16.357231 0.858862 6.053999 27.805330 -18.599841 -6.037790 60.816298 17.107018 0.000002 0.000001 -0.000001 17.472864 9.224747 -83.155791 23.312537 4.675910 -117.724102 21.566954 6.194447 -108.116779 -0.000001 -0.000004 -0.000000 11.592381 8.281155 -86.537698 16.149760 12.964990 -105.880322 18.073357 11.765598 -118.360949 -0.000001 0.000001 0.000001 4.991193 7.872701 -92.729578 10.803495 17.923624 -103.552641 10.498663 17.411849 -100.924924 0.000004 0.000002 -0.000001 1.243707 8.584936 -92.369921 8.659903 15.362666 -98.315696 16.024886 19.714776 -130.655454 0.000001 -0.000004 0.000001 0.526482 4.545904 16.053395 -10.060998 54.981452 31.939976 2.636457 110.512119 -2.826284 -16.790213 4.062197 -6.866466 7.289180 -17.786634 4.440321 20.544497 -23.758774 7.065928 17.377541 -52.365288 9.460106 -0.000001 -0.000001 -0.000001 19.275864 -8.774043 82.782412 22.821870 -2.963187 115.997731 22.107926 -3.322703 114.153990 0.000000 -0.000000 -0.000002 11.485765 -7.534567 85.331206 16.189399 -11.109611 107.924010 15.949305 -10.923155 105.235183 0.000001 -0.000002 -0.000002 4.330906 -7.313585 92.054332 11.183924 -15.225704 101.327373 11.710466 -15.181043 103.581069 0.000001 0.000002 -0.000003 -3.765923 -7.773548 94.669482 6.267358 -18.769746 95.066965 14.996444 -19.450043 135.720107 -0.000002 0.000000 -0.000001 -50.602515 8.558634 22.286378 54.783930 -5.656361 -0.926356 -8.668360 -3.808341 -10.926664 0.813571 0.000007 0.000007 0.000000 -0.000002 -0.000000 -32.644565 -5.293824 -28.434639 63.393137 4.414980 -5.205680 -37.086930 0.431379 17.410724 -0.527424 0.000021 0.000003 -0.000000 -0.000000 -0.000000 
-2.688871 85.277725 3.436535 8.479700 -56.481378 14.403078 12.868142 1.639507 -3.412610 5.444121 0.892298 -0.737765 5.433216 0.959608 -0.750272 2.126089 6.977308 -6.189988 -9.718838 31.456791 -5.624809 -0.000001 -0.000001 0.000001 -0.526454 -11.755202 -24.749278 -31.989813 -2.225059 -27.873339 -5.210089 -79.279864 -5.301540 10.869851 -4.816408 25.628880 9.775930 16.357231 0.858844 6.053993 27.805331 -18.599821 -6.037766 60.816298 17.106981 0.000002 0.000005 -0.000002 17.472862 9.224754 -83.155770 23.312540 4.675908 -117.724089 21.566956 6.194448 -108.116799 0.000003 0.000001 -0.000002 11.592381 8.281173 -86.537691 16.149769 12.965001 -105.880349 18.073345 11.765606 -118.360922 -0.000000 0.000001 0.000001 4.991175 7.872696 -92.729544 10.803498 17.923620 -103.552621 10.498656 17.411853 -100.924952 -0.000002 -0.000000 0.000001 1.243709 8.584923 -92.369928 8.659905 15.362665 -98.315710 16.024879 19.714769 -130.655454 0.000004 -0.000005 0.000000 0.553938 4.294231 14.269099 -9.689597 53.651699 32.851748 2.754118 109.706410 -2.936522 -16.395389 4.776404 -6.783659 7.289189 -17.786642 4.440314 20.544497 -23.758753 7.065922 17.377540 -52.365302 9.460116 0.000004 0.000001 0.000000 19.275858 -8.774065 82.782405 22.821863 -2.963200 115.997731 22.107929 -3.322700 114.153976 -0.000002 0.000000 0.000002 11.485774 -7.534588 85.331240 16.189401 -11.109608 107.924003 15.949334 -10.923151 105.235163 0.000002 0.000001 0.000001 4.330906 -7.313601 92.054305 11.183926 -15.225709 101.327393 11.710480 -15.181047 103.581035 -0.000000 -0.000003 -0.000001 -3.765923 -7.773560 94.669475 6.267348 -18.769746 95.066965 14.996442 -19.450046 135.720080 0.000001 0.000001 -0.000001 -51.799383 8.459311 22.651836 55.331380 -5.838684 -1.557193 -9.768614 -4.028375 -11.241692 0.811960 -0.000010 0.000004 -0.000000 0.000002 0.000000 -32.444789 -5.600799 -29.146039 63.779255 4.180369 -5.414352 -37.816985 -0.163698 17.167318 -1.024365 -0.000023 -0.000000 -0.000000 0.000000 0.000000 
-2.835487 84.899277 4.133288 8.454899 -55.099249 14.497104 12.849088 1.458140 -3.017652 5.460318 0.801441 -0.658369 5.451784 0.860428 -0.669226 2.118640 6.897204 -6.586996 -9.769606 30.710364 -5.780906 0.000001 -0.000001 -0.000000 -0.693732 -12.166473 -26.177130 -31.297815 -3.061311 -28.329451 -5.021211 -78.887790 -5.116185 10.058476 -4.658240 25.871085 9.775927 16.357219 0.858845 6.053996 27.805352 -18.599807 -6.037798 60.816312 17.106989 -0.000002 0.000004 0.000001 17.472838 9.224746 -83.155770 23.312530 4.675909 -117.724102 21.566946 6.194436 -108.116779 0.000002 0.000000 -0.000002 11.592379 8.281170 -86.537698 16.149757 12.964998 -105.880302 18.073350 11.765587 -118.360949 0.000002 0.000002 -0.000001 4.991168 7.872690 -92.729531 10.803489 17.923622 -103.552635 10.498665 17.411860 -100.924924 -0.000003 0.000001 -0.000000 1.243698 8.584924 -92.369914 8.659898 15.362663 -98.315703 16.024901 19.714783 -130.655481 0.000001 -0.000003 0.000001 0.570213 4.094260 12.832821 -9.012413 51.946129 33.239758 2.862053 109.019033 -3.038150 -16.299015 5.193558 -6.309399 7.289174 -17.786636 4.440300 20.544478 -23.758782 7.065920 17.377547 -52.365302 9.460104 0.000001 0.000000 0.000001 19.275856 -8.774056 82.782405 22.821865 -2.963201 115.997731 22.107936 -3.322712 114.153969 0.000000 0.000002 0.000000 11.485741 -7.534572 85.331206 16.189410 -11.109621 107.924017 15.949310 -10.923151 105.235170 -0.000003 0.000002 -0.000000 4.330900 -7.313571 92.054305 11.183927 -15.225697 101.327393 11.710486 -15.181065 103.581082 0.000001 -0.000001 0.000001 -3.765944 -7.773550 94.669468 6.267343 -18.769758 95.066965 14.996454 -19.450043 135.720094 -0.000002 0.000000 -0.000001 -53.035176 8.297128 23.030874 55.591183 -6.100576 -2.148300 -10.763751 -2.411028 -11.478415 0.793796 -0.000033 0.000002 0.000000 0.000002 -0.000000 -32.277705 -5.988854 -29.791543 64.341687 3.645243 -5.586196 -38.629371 -0.600171 16.481229 -1.622414 0.000007 -0.000006 0.000000 -0.000001 -0.000000 
-2.957330 84.495163 4.892987 8.365010 -53.711276 14.438853 12.896749 1.376915 -2.667285 5.504945 0.762937 -0.582783 5.497831 0.815446 -0.592626 2.016611 6.782244 -6.767515 -9.843274 29.924107 -5.880155 0.000001 0.000001 -0.000001 -0.858557 -12.556305 -27.481655 -30.503345 -4.208732 -29.023875 -4.778732 -78.341143 -4.878630 9.088648 -4.211293 26.745462 9.775929 16.357234 0.858860 6.053998 27.805343 -18.599814 -6.037781 60.816305 17.107008 0.000001 0.000004 -0.000003 17.472848 9.224754 -83.155770 23.312530 4.675906 -117.724061 21.566951 6.194452 -108.116813 0.000001 -0.000001 0.000002 11.592370 8.281175 -86.537691 16.149772 12.964990 -105.880302 18.073341 11.765593 -118.360922 0.000004 0.000003 0.000000 4.991180 7.872692 -92.729544 10.803501 17.923613 -103.552648 10.498659 17.411851 -100.924904 -0.000003 -0.000000 0.000003 1.243703 8.584933 -92.369921 8.659911 15.362651 -98.315703 16.024899 19.714793 -130.655440 -0.000000 0.000001 -0.000001 0.577185 3.976374 12.042998 -8.049023 49.898975 32.789809 2.962621 108.419322 -3.133203 -16.516287 5.282181 -5.618627 7.289163 -17.786636 4.440300 20.544500 -23.758764 7.065908 17.377570 -52.365315 9.460145 0.000002 0.000001 -0.000001 19.275844 -8.774053 82.782405 22.821858 -2.963194 115.997704 22.107927 -3.322703 114.153976 -0.000001 -0.000001 0.000001 11.485749 -7.534579 85.331193 16.189401 -11.109603 107.924010 15.949303 -10.923154 105.235156 -0.000000 -0.000002 -0.000000 4.330897 -7.313577 92.054305 11.183923 -15.225692 101.327393 11.710476 -15.181043 103.581076 0.000002 0.000003 0.000002 -3.765946 -7.773544 94.669475 6.267342 -18.769747 95.066965 14.996464 -19.450041 135.720094 0.000000 0.000001 -0.000001 -54.321765 8.045473 23.468622 55.488177 -6.413902 -2.692122 -11.274161 1.016547 -11.866004 0.783945 0.000009 0.000002 -0.000000 0.000001 0.000000 -32.068049 -6.493611 -30.423070 64.879796 2.960191 -5.717026 -39.413624 -0.940646 15.788447 -2.272646 0.000018 0.000005 -0.000000 0.000000 -0.000000 
-3.059038 84.061852 5.701130 8.244495 -52.350009 14.279144 13.019100 1.371166 -2.395380 5.577751 0.769378 -0.513731 5.571340 0.817523 -0.523166 1.807207 6.647502 -6.777268 -10.010244 29.111936 -5.841979 0.000002 0.000000 -0.000000 -1.003975 -12.892700 -28.553741 -29.654940 -5.732341 -29.862673 -4.436224 -77.471605 -4.543990 7.928332 -3.644924 28.583980 9.775931 16.357217 0.858837 6.053993 27.805355 -18.599812 -6.037772 60.816298 17.107001 0.000003 0.000002 -0.000003 17.472857 9.224754 -83.155770 23.312542 4.675909 -117.724089 21.566952 6.194434 -108.116772 0.000001 -0.000002 -0.000000 11.592366 8.281162 -86.537698 16.149771 12.965000 -105.880329 18.073348 11.765598 -118.360936 -0.000001 0.000002 0.000001 4.991168 7.872694 -92.729537 10.803495 17.923618 -103.552648 10.498638 17.411860 -100.924904 -0.000004 -0.000001 -0.000001 1.243700 8.584927 -92.369928 8.659905 15.362670 -98.315703 16.024887 19.714769 -130.655426 -0.000001 0.000001 0.000001 0.579010 3.933220 11.833676 -7.138475 47.724816 31.696415 3.085697 107.732758 -3.250015 -16.993792 5.106070 -4.949599 7.289175 -17.786641 4.440309 20.544502 -23.758779 7.065904 17.377553 -52.365281 9.460121 0.000002 -0.000003 -0.000000 19.275846 -8.774067 82.782405 22.821863 -2.963192 115.997704 22.107926 -3.322689 114.153983 0.000001 0.000003 0.000002 11.485772 -7.534570 85.331206 16.189392 -11.109607 107.924010 15.949316 -10.923160 105.235163 -0.000002 0.000001 0.000000 4.330919 -7.313584 92.054312 11.183937 -15.225694 101.327393 11.710487 -15.181041 103.581076 0.000002 0.000002 0.000002 -3.765932 -7.773545 94.669468 6.267333 -18.769735 95.066965 14.996444 -19.450034 135.720121 0.000002 0.000001 0.000005 -55.620464 7.757988 23.884676 55.190138 -2.209034 -3.210798 -11.492752 1.513002 -12.763132 0.783715 0.000006 0.000000 0.000000 -0.000003 -0.000001 -31.818675 -7.093993 -31.075284 65.347650 2.194350 -5.811716 -40.148405 -1.168263 15.226513 -2.874905 0.000005 -0.000007 -0.000000 -0.000002 -0.000001 
-3.142316 83.585487 6.559432 8.114046 -51.067241 14.018551 13.228722 1.408492 -2.178871 5.680014 0.799937 -0.449971 5.673867 0.845643 -0.459505 1.483836 6.515837 -6.705026 -10.349318 28.311052 -5.629135 0.000002 0.000000 -0.000001 -1.112585 -13.141460 -29.308140 -28.903643 -7.586451 -30.623211 -4.012588 -76.201668 -4.131883 6.594518 -3.069029 31.021978 9.775929 16.357227 0.858863 6.053994 27.805330 -18.599845 -6.037786 60.816298 17.106991 -0.000000 0.000002 -0.000003 17.472860 9.224743 -83.155770 23.312517 4.675916 -117.724102 21.566942 6.194459 -108.116772 0.000002 -0.000004 -0.000002 11.592372 8.281163 -86.537691 16.149757 12.964993 -105.880329 18.073345 11.765591 -118.360936 0.000002 0.000002 0.000000 4.991189 7.872689 -92.729551 10.803493 17.923624 -103.552648 10.498655 17.411843 -100.924904 -0.000004 0.000004 0.000001 1.243706 8.584920 -92.369921 8.659890 15.362683 -98.315703 16.024893 19.714776 -130.655467 0.000001 -0.000001 0.000001 0.578510 3.938904 11.925022 -6.659049 45.812288 30.354030 3.278315 106.752797 -3.433690 -17.666255 4.810960 -4.516027 7.289176 -17.786632 4.440306 20.544499 -23.758799 7.065899 17.377545 -52.365302 9.460124 0.000002 -0.000002 0.000002 19.275849 -8.774071 82.782419 22.821875 -2.963202 115.997731 22.107939 -3.322704 114.153976 -0.000001 0.000001 0.000002 11.485747 -7.534574 85.331213 16.189404 -11.109620 107.924017 15.949311 -10.923160 105.235170 0.000001 0.000001 0.000001 4.330898 -7.313585 92.054312 11.183935 -15.225706 101.327366 11.710484 -15.181035 103.581076 0.000001 -0.000000 -0.000001 -3.765942 -7.773549 94.669475 6.267339 -18.769746 95.066958 14.996433 -19.450038 135.720107 -0.000000 -0.000000 0.000002 -57.156293 7.345556 24.264722 55.123318 3.521812 -3.712493 -11.900833 1.397946 -12.511319 0.747442 -0.000005 0.000003 0.000001 -0.000002 -0.000000 -31.520469 -7.713025 -31.797058 65.721918 1.690330 -5.892270 -40.562864 -1.373131 15.260432 -3.303857 0.000029 -0.000006 -0.000000 -0.000001 -0.000001 
-3.212835 83.072205 7.477765 7.985721 -49.914841 13.635459 13.528642 1.456422 -1.985639 5.812397 0.834078 -0.395018 5.806299 0.879054 -0.404952 1.054921 6.404996 -6.612192 -10.912096 27.576361 -5.247800 -0.000001 -0.000000 -0.000000 -1.166120 -13.268035 -29.657119 -28.440037 -9.606395 -31.055146 -3.577653 -74.605248 -3.711445 5.246693 -2.437448 32.968695 9.775929 16.357227 0.858849 6.054006 27.805345 -18.599833 -6.037786 60.816284 17.107001 0.000003 0.000005 -0.000002 17.472864 9.224736 -83.155784 23.312534 4.675898 -117.724102 21.566946 6.194444 -108.116772 -0.000001 -0.000007 0.000002 11.592381 8.281175 -86.537711 16.149765 12.964992 -105.880336 18.073353 11.765604 -118.360922 0.000001 -0.000001 0.000002 4.991175 7.872684 -92.729544 10.803497 17.923625 -103.552662 10.498666 17.411863 -100.924938 -0.000002 -0.000002 0.000003 1.243710 8.584940 -92.369948 8.659899 15.362658 -98.315696 16.024893 19.714757 -130.655467 0.000000 0.000001 -0.000002 0.577405 3.966931 12.041176 -6.813187 44.605220 29.077744 3.592967 105.361276 -3.735643 -18.486795 4.577677 -4.423414 7.289181 -17.786629 4.440309 20.544478 -23.758772 7.065916 17.377541 -52.365291 9.460111 -0.000003 0.000000 0.000002 19.275851 -8.774063 82.782405 22.821856 -2.963193 115.997731 22.107941 -3.322712 114.153983 -0.000001 0.000003 -0.000002 11.485752 -7.534565 85.331199 16.189396 -11.109613 107.924017 15.949316 -10.923142 105.235177 -0.000002 -0.000000 -0.000001 4.330895 -7.313578 92.054312 11.183934 -15.225699 101.327400 11.710464 -15.181045 103.581076 0.000000 0.000000 0.000000 -3.765935 -7.773544 94.669468 6.267354 -18.769744 95.066972 14.996447 -19.450036 135.720107 0.000002 -0.000003 0.000003 -58.719983 6.862185 24.656990 55.037569 9.458156 -4.184842 -12.745235 1.276691 -11.462132 0.639000 0.000007 0.000003 -0.000002 -0.000000 -0.000000 -31.077480 -8.457854 -32.457704 65.866881 1.224477 -5.983644 -41.118084 -1.464594 15.460704 -3.449159 -0.000040 -0.000003 -0.000000 0.000000 -0.000000 
-3.272917 82.536545 8.483627 7.896021 -48.930642 13.175800 13.887856 1.494895 -1.842386 5.966147 0.863056 -0.358002 5.959961 0.908752 -0.368494 0.552385 6.320847 -6.508705 -11.685116 26.956402 -4.727540 -0.000001 0.000000 -0.000001 -1.152732 -13.251052 -29.541104 -28.400572 -11.589250 -30.952686 -3.192003 -72.855606 -3.341758 4.146687 -1.582422 33.109789 9.775929 16.357229 0.858850 6.053992 27.805355 -18.599812 -6.037785 60.816312 17.107001 0.000003 0.000005 -0.000000 17.472850 9.224749 -83.155791 23.312528 4.675925 -117.724102 21.566949 6.194454 -108.116779 0.000003 -0.000003 -0.000002 11.592393 8.281166 -86.537691 16.149757 12.964979 -105.880308 18.073346 11.765583 -118.360936 0.000000 0.000001 0.000000 4.991182 7.872690 -92.729565 10.803510 17.923617 -103.552641 10.498662 17.411856 -100.924952 -0.000003 0.000003 -0.000002 1.243702 8.584928 -92.369935 8.659889 15.362672 -98.315703 16.024901 19.714788 -130.655426 0.000001 0.000002 0.000002 0.576776 3.999042 12.027093 -7.624358 44.426245 28.042199 4.086254 103.583541 -4.212791 -19.400900 4.560399 -4.621153 7.289198 -17.786665 4.440327 20.544494 -23.758764 7.065896 17.377536 -52.365298 9.460113 -0.000003 -0.000002 0.000003 19.275858 -8.774057 82.782405 22.821860 -2.963204 115.997731 22.107934 -3.322721 114.153976 -0.000001 -0.000002 0.000004 11.485774 -7.534574 85.331206 16.189408 -11.109615 107.924024 15.949315 -10.923160 105.235170 -0.000000 0.000002 -0.000001 4.330923 -7.313587 92.054305 11.183941 -15.225701 101.327407 11.710487 -15.181047 103.581082 0.000001 -0.000000 -0.000002 -3.765913 -7.773548 94.669468 6.267339 -18.769730 95.066951 14.996437 -19.450039 135.720094 -0.000002 -0.000001 -0.000001 -60.187688 6.361739 25.111933 54.780627 12.296279 -4.641545 -14.410914 3.772787 -9.302043 0.489978 -0.000001 0.000001 -0.000002 -0.000001 -0.000000 -30.429685 -9.313830 -33.018938 65.666757 0.788912 -6.111847 -41.857045 -1.490569 15.836664 -3.252342 0.000010 0.000001 -0.000000 0.000003 0.000000 
-3.322320 82.000122 9.602719 7.921160 -48.123409 12.710209 14.232069 1.537546 -1.776092 6.116784 0.893399 -0.348900 6.110275 0.941191 -0.360039 0.020223 6.257599 -6.363783 -12.584907 26.468134 -4.093537 -0.000000 0.000000 0.000000 -1.071424 -13.085650 -28.950023 -28.824621 -13.432525 -30.206208 -2.868285 -71.059335 -3.034479 3.482742 -0.381911 30.608554 9.775929 16.357224 0.858846 6.054008 27.805367 -18.599831 -6.037807 60.816284 17.107018 0.000005 0.000001 -0.000001 17.472852 9.224759 -83.155770 23.312520 4.675918 -117.724116 21.566952 6.194454 -108.116779 0.000002 0.000000 -0.000001 11.592387 8.281166 -86.537718 16.149769 12.964993 -105.880336 18.073355 11.765591 -118.360949 0.000002 -0.000003 0.000001 4.991183 7.872695 -92.729571 10.803510 17.923613 -103.552641 10.498659 17.411846 -100.924917 -0.000002 0.000000 0.000001 1.243710 8.584919 -92.369921 8.659904 15.362668 -98.315710 16.024904 19.714778 -130.655440 -0.000000 -0.000001 0.000000 0.576934 4.027913 11.870406 -9.027531 45.342324 27.314249 4.817238 101.587357 -4.925678 -20.289972 4.829763 -4.912152 7.289177 -17.786634 4.440303 20.544494 -23.758767 7.065923 17.377531 -52.365302 9.460117 0.000001 -0.000005 -0.000000 19.275856 -8.774051 82.782405 22.821877 -2.963201 115.997717 22.107943 -3.322691 114.153990 -0.000001 0.000001 0.000002 11.485755 -7.534567 85.331206 16.189404 -11.109623 107.924017 15.949301 -10.923156 105.235183 0.000001 0.000003 0.000002 4.330911 -7.313563 92.054312 11.183942 -15.225702 101.327400 11.710479 -15.181050 103.581082 -0.000001 0.000001 0.000001 -3.765940 -7.773539 94.669475 6.267349 -18.769751 95.066978 14.996438 -19.450038 135.720094 0.000001 -0.000001 0.000002 -61.554785 5.889233 25.616232 54.256755 12.437804 -5.100217 -16.950873 8.063591 -5.996918 0.376377 0.000003 0.000000 0.000001 0.000000 -0.000000 -29.606452 -10.160690 -33.538220 65.091962 0.757461 -6.287114 -42.287118 -1.642076 16.892649 -2.728645 0.000004 0.000005 -0.000000 0.000000 -0.000000 
-3.373584 81.491943 10.879313 8.152123 -47.468128 12.318314 14.467041 1.619519 -1.815542 6.228192 0.942290 -0.373643 6.220938 0.993657 -0.385473 -0.509911 6.200971 -6.120087 -13.492281 26.092001 -3.349561 0.000000 -0.000001 -0.000000 -0.926239 -12.767470 -27.883960 -29.663204 -15.241217 -28.877333 -2.570403 -69.054299 -2.755058 3.244900 1.063083 25.669295 9.775923 16.357224 0.858845 6.054000 27.805353 -18.599812 -6.037782 60.816284 17.106993 0.000003 0.000001 0.000003 17.472838 9.224732 -83.155770 23.312532 4.675915 -117.724102 21.566951 6.194448 -108.116799 -0.000001 -0.000005 0.000003 11.592379 8.281162 -86.537691 16.149779 12.964997 -105.880329 18.073353 11.765587 -118.360949 0.000002 0.000000 0.000000 4.991171 7.872701 -92.729565 10.803507 17.923593 -103.552628 10.498652 17.411827 -100.924931 0.000001 0.000001 -0.000002 1.243699 8.584931 -92.369928 8.659912 15.362673 -98.315696 16.024901 19.714759 -130.655454 -0.000000 0.000004 -0.000003 0.577369 4.057800 11.675580 -10.941303 47.138878 26.892683 5.812612 99.649871 -5.903589 -20.939823 5.341541 -5.029187 7.289179 -17.786646 4.440320 20.544487 -23.758784 7.065897 17.377560 -52.365298 9.460113 0.000003 0.000002 0.000003 19.275849 -8.774055 82.782412 22.821887 -2.963208 115.997704 22.107932 -3.322697 114.153990 -0.000002 0.000000 0.000002 11.485756 -7.534575 85.331213 16.189389 -11.109629 107.924024 15.949322 -10.923163 105.235163 0.000001 0.000002 0.000000 4.330913 -7.313586 92.054312 11.183932 -15.225695 101.327373 11.710479 -15.181040 103.581055 -0.000000 0.000001 -0.000002 -3.765940 -7.773549 94.669475 6.267345 -18.769753 95.066958 14.996435 -19.450038 135.720094 0.000001 -0.000001 -0.000004 -62.924006 5.494895 26.087634 53.799734 12.546752 -5.596531 -20.081598 11.428231 -2.207659 0.343559 0.000008 0.000004 -0.000001 0.000000 0.000000 -28.622427 -11.040049 -33.996423 64.046260 1.007697 -6.484170 -42.430972 -1.927114 18.434535 -1.972928 0.000022 0.000006 0.000000 -0.000001 -0.000000 
-3.434803 81.049408 12.363975 8.643500 -46.908595 12.038010 14.517389 1.774071 -1.977176 6.265540 1.026972 -0.430371 6.256861 1.083661 -0.443049 -1.029624 6.133474 -5.711016 -14.299940 25.791503 -2.480217 0.000000 0.000000 0.000000 -0.720741 -12.277852 -26.309050 -30.746544 -17.318250 -27.224127 -2.245646 -66.353334 -2.455362 3.286128 2.431268 19.767829 9.775932 16.357236 0.858854 6.053999 27.805304 -18.599828 -6.037810 60.816305 17.107023 0.000000 0.000002 -0.000003 17.472867 9.224746 -83.155798 23.312532 4.675897 -117.724116 21.566952 6.194457 -108.116765 -0.000001 -0.000001 -0.000003 11.592382 8.281148 -86.537698 16.149769 12.964998 -105.880329 18.073348 11.765591 -118.360936 0.000004 -0.000002 0.000003 4.991171 7.872681 -92.729551 10.803489 17.923618 -103.552655 10.498653 17.411863 -100.924917 -0.000002 0.000002 -0.000001 1.243696 8.584925 -92.369935 8.659902 15.362685 -98.315724 16.024882 19.714772 -130.655413 -0.000001 0.000004 -0.000003 0.576987 4.102091 11.598675 -13.306734 49.418423 26.771712 6.960924 98.087254 -7.037783 -21.068465 5.953963 -4.759954 7.289190 -17.786644 4.440307 20.544497 -23.758781 7.065896 17.377552 -52.365305 9.460126 -0.000001 -0.000002 0.000003 19.275856 -8.774055 82.782405 22.821866 -2.963183 115.997717 22.107929 -3.322688 114.153962 0.000000 -0.000001 0.000004 11.485771 -7.534575 85.331206 16.189389 -11.109617 107.924024 15.949327 -10.923152 105.235177 0.000000 0.000001 -0.000000 4.330920 -7.313573 92.054312 11.183932 -15.225706 101.327407 11.710475 -15.181048 103.581055 -0.000000 0.000002 0.000004 -3.765926 -7.773553 94.669475 6.267342 -18.769759 95.066958 14.996445 -19.450036 135.720121 -0.000003 -0.000000 0.000002 -64.428423 5.187612 26.580629 53.604475 12.408014 -6.205112 -23.229304 14.215713 1.795663 0.351663 -0.000003 0.000004 0.000002 -0.000000 -0.000000 -27.467114 -12.033322 -34.378265 62.409870 1.363930 -6.653104 -42.298641 -2.295543 20.221601 -1.142417 0.000004 0.000011 -0.000000 -0.000000 0.000000 
-3.493150 80.707481 14.115735 9.375060 -46.370858 11.817221 14.348166 2.020462 -2.232162 6.206890 1.154411 -0.506150 6.195893 1.217645 -0.519846 -1.535031 6.041320 -5.100587 -14.931282 25.530412 -1.468826 0.000000 -0.000000 -0.000000 -0.465347 -11.597185 -24.204162 -31.742365 -19.991163 -25.538631 -1.878914 -62.398388 -2.125771 3.448211 3.435899 14.975647 9.775930 16.357224 0.858852 6.054000 27.805328 -18.599833 -6.037763 60.816291 17.106969 -0.000000 0.000006 0.000001 17.472858 9.224735 -83.155770 23.312520 4.675908 -117.724061 21.566951 6.194456 -108.116799 0.000003 -0.000003 0.000001 11.592371 8.281158 -86.537698 16.149767 12.964993 -105.880336 18.073352 11.765595 -118.360922 -0.000002 0.000000 0.000001 4.991171 7.872692 -92.729524 10.803493 17.923615 -103.552655 10.498653 17.411867 -100.924917 -0.000000 0.000001 0.000000 1.243691 8.584915 -92.369928 8.659905 15.362663 -98.315676 16.024893 19.714767 -130.655467 0.000003 0.000002 -0.000000 0.574934 4.170848 11.732006 -16.134923 51.771990 27.068922 7.903324 97.138616 -7.971634 -20.403848 6.498715 -4.066942 7.289167 -17.786641 4.440302 20.544485 -23.758767 7.065913 17.377530 -52.365274 9.460101 -0.000000 -0.000001 -0.000000 19.275851 -8.774046 82.782419 22.821860 -2.963191 115.997704 22.107926 -3.322707 114.153969 -0.000001 0.000002 -0.000000 11.485764 -7.534560 85.331199 16.189387 -11.109592 107.924010 15.949322 -10.923159 105.235190 0.000002 0.000002 -0.000002 4.330903 -7.313580 92.054305 11.183938 -15.225695 101.327373 11.710492 -15.181058 103.581082 0.000001 -0.000001 -0.000000 -3.765929 -7.773542 94.669482 6.267342 -18.769751 95.066965 14.996450 -19.450036 135.720107 0.000000 0.000003 0.000002 -66.198303 4.989320 27.204667 53.913593 12.145437 -7.071174 -25.948978 16.446283 5.878183 0.300355 -0.000012 0.000007 0.000002 -0.000001 -0.000000 -26.038775 -13.225714 -34.631993 60.033278 1.701040 -6.746428 -41.838747 -2.674737 22.079713 -0.425674 -0.000013 -0.000002 -0.000000 -0.000003 0.000000 
-3.534741 80.492203 16.178530 10.250364 -45.767083 11.527341 13.954980 2.347741 -2.494527 6.045401 1.316600 -0.576031 6.031386 1.385473 -0.590718 -1.992646 5.921703 -4.331366 -15.325244 25.272567 -0.316489 -0.000000 0.000000 0.000001 -0.189802 -10.742060 -21.676080 -32.256118 -23.449320 -23.889971 -1.500236 -56.826412 -1.800492 3.568731 4.043338 12.523857 9.775936 16.357241 0.858866 6.053999 27.805352 -18.599840 -6.037765 60.816298 17.106999 0.000003 0.000002 -0.000002 17.472857 9.224753 -83.155770 23.312523 4.675895 -117.724102 21.566949 6.194438 -108.116772 -0.000002 -0.000002 0.000002 11.592386 8.281166 -86.537684 16.149764 12.964997 -105.880322 18.073346 11.765595 -118.360908 0.000001 -0.000000 0.000001 4.991183 7.872696 -92.729544 10.803485 17.923629 -103.552635 10.498652 17.411849 -100.924917 -0.000000 0.000001 -0.000000 1.243703 8.584932 -92.369914 8.659890 15.362672 -98.315717 16.024898 19.714772 -130.655440 0.000001 -0.000001 0.000000 0.571668 4.250521 11.983558 -19.549584 53.910591 28.153317 8.241375 96.850559 -8.307081 -18.775165 6.855843 -3.137202 7.289153 -17.786639 4.440300 20.544509 -23.758784 7.065911 17.377547 -52.365302 9.460124 0.000005 0.000003 -0.000001 19.275863 -8.774059 82.782405 22.821877 -2.963194 115.997731 22.107951 -3.322728 114.153997 -0.000001 -0.000000 -0.000001 11.485730 -7.534570 85.331206 16.189386 -11.109619 107.924010 15.949308 -10.923154 105.235170 -0.000002 0.000000 0.000000 4.330911 -7.313586 92.054312 11.183944 -15.225692 101.327407 11.710468 -15.181036 103.581069 0.000000 -0.000002 -0.000003 -3.765961 -7.773555 94.669461 6.267354 -18.769747 95.066972 14.996438 -19.450033 135.720066 -0.000000 -0.000000 0.000000 -68.292131 4.903657 28.049726 54.960285 11.884890 -8.293306 -27.859580 18.075961 9.770516 0.127925 0.000008 0.000002 0.000000 -0.000001 0.000000 -24.104048 -14.692357 -34.584724 56.752079 1.871546 -6.757565 -41.057032 -3.002878 23.773196 -0.034682 0.000040 -0.000004 0.000000 0.000002 -0.000000 
-3.559241 80.407852 18.580729 11.143332 -45.015465 11.015819 13.342680 2.718441 -2.635712 5.786260 1.489970 -0.610933 5.769317 1.560766 -0.626082 -2.337872 5.785548 -3.518841 -15.422408 24.984122 0.950315 0.000000 0.000001 0.000001 0.065414 -9.777022 -18.969817 -31.958103 -27.746160 -22.059978 -1.143013 -49.449624 -1.516461 3.438779 4.355288 12.056669 9.775926 16.357234 0.858853 6.054005 27.805318 -18.599823 -6.037798 60.816305 17.107010 0.000001 0.000001 -0.000001 17.472848 9.224751 -83.155777 23.312511 4.675897 -117.724102 21.566956 6.194443 -108.116772 -0.000001 -0.000002 0.000005 11.592371 8.281178 -86.537691 16.149765 12.964995 -105.880295 18.073352 11.765595 -118.360936 -0.000001 -0.000001 0.000003 4.991176 7.872685 -92.729531 10.803497 17.923629 -103.552682 10.498661 17.411853 -100.924904 -0.000001 -0.000001 -0.000000 1.243703 8.584948 -92.369935 8.659926 15.362653 -98.315710 16.024901 19.714764 -130.655426 -0.000002 0.000000 -0.000001 0.570084 4.295505 12.069986 -23.722847 55.677510 30.572907 7.994385 97.058655 -8.061965 -16.182183 6.960810 -2.325761 7.289175 -17.786632 4.440315 20.544497 -23.758770 7.065919 17.377548 -52.365274 9.460127 0.000002 -0.000000 0.000003 19.275844 -8.774043 82.782398 22.821856 -2.963206 115.997717 22.107934 -3.322708 114.153969 0.000001 0.000002 0.000000 11.485745 -7.534555 85.331213 16.189396 -11.109613 107.924038 15.949320 -10.923146 105.235183 0.000002 0.000002 -0.000002 4.330896 -7.313562 92.054305 11.183946 -15.225713 101.327400 11.710461 -15.181040 103.581062 0.000002 -0.000003 -0.000001 -3.765936 -7.773541 94.669489 6.267346 -18.769737 95.066951 14.996447 -19.450036 135.720121 -0.000000 -0.000003 -0.000000 -70.587696 4.917286 29.006423 56.739129 11.848249 -9.706337 -28.644951 18.899063 13.237514 -0.112126 -0.000016 0.000002 0.000002 0.000001 0.000001 -21.346650 -16.446015 -33.924119 52.457168 1.691486 -6.753666 -40.019745 -3.297061 24.919706 -0.239816 -0.000012 0.000006 -0.000000 -0.000000 0.000000 
-3.657376 80.445145 21.320543 11.957820 -44.046268 10.203291 12.524827 3.054973 -2.566078 5.445183 1.637118 -0.594916 5.426499 1.704523 -0.609453 -2.527935 5.648439 -2.769970 -15.177327 24.647378 2.287115 0.000000 0.000001 -0.000001 0.274657 -8.767653 -16.293896 -30.571384 -32.817041 -19.719173 -0.822665 -40.217971 -1.292813 2.815126 4.372676 12.162076 9.775927 16.357224 0.858841 6.054002 27.805335 -18.599828 -6.037794 60.816284 17.107004 0.000003 0.000001 -0.000001 17.472850 9.224719 -83.155770 23.312498 4.675920 -117.724089 21.566951 6.194455 -108.116772 0.000002 0.000003 -0.000002 11.592367 8.281148 -86.537704 16.149764 12.964990 -105.880322 18.073341 11.765581 -118.360949 0.000003 -0.000000 0.000001 4.991178 7.872681 -92.729565 10.803494 17.923625 -103.552628 10.498646 17.411861 -100.924911 -0.000001 -0.000000 0.000001 1.243695 8.584908 -92.369935 8.659882 15.362673 -98.315703 16.024906 19.714783 -130.655481 0.000001 0.000001 -0.000001 0.573898 4.248014 11.673890 -28.648105 56.975119 34.670655 7.522092 97.494154 -7.593562 -12.818211 6.737583 -2.001490 7.289167 -17.786644 4.440300 20.544502 -23.758772 7.065922 17.377547 -52.365298 9.460108 -0.000000 -0.000005 0.000001 19.275854 -8.774057 82.782405 22.821873 -2.963191 115.997704 22.107934 -3.322694 114.153990 0.000000 -0.000002 -0.000000 11.485759 -7.534586 85.331213 16.189403 -11.109620 107.924003 15.949311 -10.923144 105.235142 0.000001 0.000004 -0.000002 4.330915 -7.313583 92.054319 11.183928 -15.225701 101.327352 11.710481 -15.181048 103.581076 0.000002 0.000003 0.000001 -3.765943 -7.773546 94.669475 6.267324 -18.769746 95.066958 14.996447 -19.450034 135.720107 0.000002 0.000001 0.000000 -72.850224 4.894452 29.948085 59.249057 12.168003 -11.041667 -28.159355 18.920136 15.414735 -0.294840 0.000009 -0.000001 -0.000002 -0.000001 -0.000001 -17.468619 -18.412636 -32.246436 47.176684 0.908562 -6.883790 -38.819647 -3.697878 24.908076 -1.403392 0.000003 0.000008 0.000000 0.000003 0.000001 
-3.836610 80.608871 24.346544 12.656108 -42.778397 9.158765 11.543827 3.225405 -2.317150 5.049137 1.715822 -0.538551 5.030730 1.775285 -0.551050 -2.596531 5.513531 -2.109337 -14.584525 24.255911 3.638075 -0.000001 -0.000000 -0.000000 0.434277 -7.734233 -13.677992 -27.972582 -38.429486 -16.749659 -0.539294 -29.268573 -1.134095 1.582308 3.923463 11.404299 9.775933 16.357212 0.858847 6.054004 27.805345 -18.599835 -6.037799 60.816298 17.107010 0.000004 0.000001 -0.000000 17.472860 9.224747 -83.155805 23.312527 4.675910 -117.724102 21.566963 6.194440 -108.116751 -0.000002 -0.000001 -0.000001 11.592376 8.281163 -86.537718 16.149771 12.964998 -105.880329 18.073338 11.765595 -118.360922 0.000001 -0.000000 0.000004 4.991183 7.872686 -92.729578 10.803492 17.923620 -103.552628 10.498653 17.411856 -100.924911 0.000001 -0.000003 0.000003 1.243718 8.584928 -92.369948 8.659905 15.362661 -98.315710 16.024910 19.714778 -130.655467 0.000000 0.000000 -0.000003 0.582692 4.068120 10.650458 -33.904134 57.734244 40.136189 7.113625 97.916793 -7.188920 -9.035989 6.047907 -2.351259 7.289180 -17.786644 4.440310 20.544497 -23.758774 7.065914 17.377550 -52.365285 9.460113 0.000001 -0.000004 -0.000003 19.275861 -8.774042 82.782412 22.821872 -2.963196 115.997731 22.107932 -3.322714 114.153983 -0.000002 0.000002 -0.000003 11.485763 -7.534569 85.331213 16.189394 -11.109615 107.924017 15.949316 -10.923141 105.235183 -0.000004 0.000002 -0.000001 4.330898 -7.313573 92.054332 11.183943 -15.225711 101.327400 11.710481 -15.181047 103.581062 -0.000000 0.000000 0.000000 -3.765955 -7.773531 94.669475 6.267319 -18.769758 95.066958 14.996444 -19.450038 135.720107 0.000003 0.000002 -0.000001 -74.885361 4.776765 30.516882 62.268137 12.594072 -11.803803 -26.396513 18.659109 15.477149 -0.335267 -0.000001 0.000006 0.000003 0.000000 0.000001 -12.476298 -20.256890 -29.331237 41.149185 -0.595041 -7.356764 -37.022713 -4.516874 23.440767 -3.941232 0.000002 0.000012 0.000000 -0.000000 0.000001 
-4.043205 80.850021 27.583424 13.267328 -41.176140 8.010694 10.479442 3.165620 -1.971858 4.635243 1.697660 -0.479595 4.619116 1.746544 -0.488879 -2.652555 5.363737 -1.497318 -13.692712 23.783875 4.925417 0.000000 0.000000 -0.000000 0.546401 -6.672770 -11.063094 -26.637015 -43.709860 -15.551603 -0.284848 -16.973541 -1.037541 1.653909 2.825176 8.832117 9.775924 16.357234 0.858857 6.053993 27.805340 -18.599814 -6.037757 60.816298 17.106970 0.000000 -0.000001 -0.000000 17.472826 9.224747 -83.155770 23.312520 4.675930 -117.724102 21.566964 6.194448 -108.116786 -0.000000 -0.000000 -0.000001 11.592381 8.281160 -86.537691 16.149781 12.964981 -105.880329 18.073352 11.765592 -118.360936 0.000002 -0.000000 0.000001 4.991169 7.872700 -92.729531 10.803495 17.923630 -103.552641 10.498654 17.411855 -100.924917 0.000002 -0.000002 0.000001 1.243705 8.584930 -92.369928 8.659881 15.362665 -98.315690 16.024881 19.714788 -130.655440 0.000001 -0.000001 -0.000002 0.589659 3.747037 9.116872 -38.827313 57.988811 46.026049 6.916667 98.138098 -6.993965 -5.260840 4.744473 -3.242007 7.289181 -17.786641 4.440289 20.544488 -23.758750 7.065921 17.377543 -52.365298 9.460107 -0.000000 -0.000002 0.000002 19.275854 -8.774061 82.782405 22.821878 -2.963199 115.997731 22.107931 -3.322710 114.153983 -0.000001 0.000001 -0.000001 11.485761 -7.534566 85.331213 16.189399 -11.109610 107.924024 15.949320 -10.923147 105.235163 0.000002 -0.000000 -0.000002 4.330917 -7.313580 92.054312 11.183940 -15.225690 101.327379 11.710489 -15.181043 103.581076 -0.000001 -0.000001 -0.000001 -3.765930 -7.773545 94.669468 6.267334 -18.769758 95.066965 14.996450 -19.450050 135.720107 0.000001 -0.000004 -0.000000 -76.549509 4.630232 30.403368 65.280052 12.441337 -11.821810 -24.113923 18.450200 14.207094 -0.231207 0.000001 0.000002 -0.000003 0.000003 0.000002 -7.086510 -21.201126 -25.878023 35.357475 -0.586998 -8.397502 -32.030329 -6.605481 23.434987 -8.184473 -0.000000 0.000013 0.000000 0.000001 -0.000001 
-4.220301 81.128967 30.939405 13.845108 -39.254320 6.940349 9.433424 2.897938 -1.644755 4.241015 1.586656 -0.463722 4.228469 1.624228 -0.469394 -2.826243 5.172601 -0.904679 -12.597324 23.172964 6.035558 0.000000 0.000000 0.000001 0.608731 -5.608371 -8.497008 -27.032272 -48.263186 -16.218320 -0.067219 -5.013338 -0.999655 2.620781 1.498099 5.337266 9.775924 16.357224 0.858857 6.054005 27.805331 -18.599829 -6.037782 60.816305 17.106996 0.000001 0.000006 0.000001 17.472864 9.224730 -83.155764 23.312520 4.675903 -117.724075 21.566949 6.194446 -108.116779 -0.000001 -0.000000 0.000001 11.592383 8.281164 -86.537684 16.149784 12.964987 -105.880336 18.073355 11.765592 -118.360936 0.000002 0.000000 0.000001 4.991176 7.872685 -92.729544 10.803501 17.923636 -103.552648 10.498658 17.411851 -100.924917 0.000001 0.000001 -0.000004 1.243697 8.584921 -92.369914 8.659894 15.362663 -98.315662 16.024898 19.714786 -130.655481 0.000000 0.000001 -0.000003 0.585840 3.312506 7.409490 -42.650051 57.897301 51.079761 7.019946 98.020468 -7.096162 -1.863486 2.796879 -4.241701 7.289184 -17.786629 4.440297 20.544494 -23.758777 7.065931 17.377523 -52.365274 9.460084 -0.000000 -0.000003 0.000000 19.275856 -8.774059 82.782412 22.821873 -2.963209 115.997731 22.107931 -3.322709 114.153990 0.000000 0.000000 -0.000001 11.485749 -7.534566 85.331199 16.189408 -11.109626 107.924031 15.949315 -10.923153 105.235156 0.000001 -0.000002 -0.000000 4.330910 -7.313576 92.054319 11.183933 -15.225694 101.327373 11.710480 -15.181029 103.581096 -0.000002 0.000003 0.000002 -3.765932 -7.773550 94.669461 6.267346 -18.769756 95.066978 14.996450 -19.450051 135.720094 -0.000000 -0.000001 -0.000001 -77.614383 4.528068 29.892145 67.930971 12.229566 -11.854665 -22.053824 17.339629 12.505438 -0.027684 0.000002 0.000000 0.000002 -0.000001 -0.000000 -2.324048 -21.197707 -22.172732 30.232115 -4.178437 -9.848228 -25.076462 -6.395600 24.659519 -14.260545 0.000024 0.000033 -0.000001 0.000004 -0.000001 
-4.348671 81.510773 34.424458 14.403187 -37.109835 6.183027 8.492543 2.530642 -1.484898 3.883035 1.425091 -0.515514 3.874075 1.452664 -0.518304 -3.196961 4.922236 -0.352553 -11.416951 22.365799 6.827005 0.000001 -0.000000 0.000000 0.622706 -4.611891 -6.194603 -27.300594 -50.451059 -16.984560 0.036358 0.888679 -0.997816 3.263344 2.326837 2.181283 9.775929 16.357222 0.858850 6.053997 27.805331 -18.599826 -6.037789 60.816312 17.106996 -0.000000 0.000003 0.000002 17.472847 9.224741 -83.155764 23.312528 4.675917 -117.724102 21.566940 6.194450 -108.116765 -0.000000 -0.000000 -0.000002 11.592377 8.281164 -86.537725 16.149760 12.964994 -105.880322 18.073345 11.765588 -118.360936 0.000001 -0.000000 0.000003 4.991183 7.872695 -92.729551 10.803474 17.923617 -103.552641 10.498661 17.411858 -100.924911 0.000000 -0.000000 -0.000001 1.243713 8.584923 -92.369948 8.659894 15.362658 -98.315703 16.024872 19.714778 -130.655426 0.000000 -0.000001 0.000003 0.569254 2.840658 5.978528 -44.184313 57.690879 53.865863 7.454095 97.561309 -7.526232 0.958861 0.368924 -4.808671 7.289186 -17.786634 4.440303 20.544480 -23.758789 7.065901 17.377545 -52.365305 9.460119 0.000001 -0.000005 0.000001 19.275854 -8.774050 82.782405 22.821866 -2.963205 115.997731 22.107938 -3.322701 114.153976 -0.000001 0.000004 -0.000002 11.485755 -7.534563 85.331193 16.189394 -11.109619 107.924038 15.949313 -10.923159 105.235156 0.000001 0.000001 -0.000001 4.330916 -7.313587 92.054312 11.183934 -15.225699 101.327400 11.710482 -15.181033 103.581055 -0.000002 0.000001 0.000001 -3.765928 -7.773544 94.669489 6.267334 -18.769754 95.066972 14.996432 -19.450043 135.720080 0.000001 0.000000 0.000000 -78.053831 4.817203 28.936096 70.052975 12.056489 -11.891868 -20.878292 15.732263 11.048236 0.201216 -0.000002 -0.000003 0.000001 -0.000000 -0.000001 0.964487 -20.382555 -19.352048 26.600715 -9.017470 -10.963186 -16.529194 -4.876333 25.427172 -22.088446 0.000006 0.000031 0.000000 -0.000001 -0.000000 
-4.429053 81.979446 38.026192 14.925867 -34.898459 5.866782 7.697525 2.221707 -1.583366 3.560454 1.279561 -0.638045 3.554309 1.299016 -0.639209 -3.744230 4.617456 0.107503 -10.274191 21.358852 7.174858 0.000000 -0.000000 -0.000000 0.602731 -3.769243 -4.415706 -27.864547 -50.376675 -18.093637 0.041033 1.154497 -0.997971 3.977683 4.729355 0.367708 9.775933 16.357231 0.858842 6.054006 27.805353 -18.599841 -6.037796 60.816291 17.107008 0.000003 -0.000001 -0.000000 17.472860 9.224741 -83.155798 23.312522 4.675920 -117.724048 21.566952 6.194448 -108.116779 -0.000001 -0.000000 0.000004 11.592381 8.281158 -86.537725 16.149779 12.964998 -105.880343 18.073350 11.765581 -118.360936 0.000001 -0.000000 0.000002 4.991172 7.872701 -92.729565 10.803502 17.923622 -103.552655 10.498644 17.411855 -100.924904 -0.000000 -0.000000 0.000001 1.243708 8.584930 -92.369921 8.659886 15.362646 -98.315683 16.024901 19.714783 -130.655495 0.000000 0.000000 0.000001 0.550623 2.453808 5.236079 -42.672153 57.460237 53.508170 8.384165 96.735874 -8.448746 3.201192 -2.218757 -4.553068 7.289170 -17.786646 4.440312 20.544490 -23.758757 7.065912 17.377528 -52.365281 9.460104 0.000003 -0.000001 -0.000001 19.275853 -8.774058 82.782405 22.821872 -2.963194 115.997731 22.107934 -3.322703 114.153976 -0.000000 -0.000001 -0.000001 11.485767 -7.534565 85.331193 16.189403 -11.109615 107.924024 15.949320 -10.923152 105.235156 0.000001 -0.000000 0.000001 4.330898 -7.313584 92.054312 11.183946 -15.225707 101.327407 11.710476 -15.181055 103.581076 0.000001 -0.000002 -0.000000 -3.765945 -7.773535 94.669489 6.267343 -18.769761 95.066958 14.996456 -19.450045 135.720121 -0.000001 0.000001 0.000001 -77.944937 5.699712 27.670898 71.735448 11.977100 -11.932393 -20.745175 14.064623 10.025890 0.361998 0.000015 0.000007 -0.000001 0.000001 0.000000 2.221029 -19.169474 -18.275920 25.430922 -12.842669 -10.995366 -7.335306 -2.975494 24.923002 -27.854686 0.000021 0.000055 -0.000000 -0.000001 0.000002 
-4.448764 82.507370 41.765568 15.358592 -32.780817 5.899512 7.061725 2.099160 -1.865056 3.269674 1.212696 -0.792507 3.265309 1.226142 -0.793246 -4.351226 4.287720 0.431170 -9.294014 20.222208 7.029322 -0.000001 0.000000 -0.000000 0.571542 -3.144151 -3.312812 -28.498447 -49.066986 -19.248549 -0.008333 -1.661856 -0.997294 4.691084 7.239213 0.494471 9.775933 16.357224 0.858851 6.054000 27.805342 -18.599828 -6.037806 60.816291 17.107008 0.000002 0.000007 0.000000 17.472864 9.224746 -83.155770 23.312537 4.675909 -117.724089 21.566956 6.194441 -108.116799 -0.000001 -0.000000 0.000001 11.592384 8.281160 -86.537698 16.149760 12.964981 -105.880315 18.073350 11.765585 -118.360949 0.000001 0.000000 0.000001 4.991188 7.872681 -92.729551 10.803490 17.923627 -103.552628 10.498670 17.411849 -100.924917 -0.000001 0.000000 -0.000002 1.243695 8.584920 -92.369928 8.659874 15.362668 -98.315683 16.024875 19.714800 -130.655426 0.000001 -0.000000 -0.000003 0.545255 2.272814 5.380180 -37.756890 56.908808 49.788964 10.193197 95.558048 -10.247178 4.924217 -4.597037 -3.446688 7.289164 -17.786641 4.440309 20.544500 -23.758764 7.065912 17.377521 -52.365291 9.460089 -0.000000 -0.000002 0.000003 19.275844 -8.774057 82.782405 22.821855 -2.963212 115.997717 22.107926 -3.322702 114.153990 -0.000003 0.000003 -0.000001 11.485760 -7.534587 85.331206 16.189406 -11.109613 107.924024 15.949318 -10.923148 105.235156 -0.000002 -0.000002 0.000002 4.330894 -7.313586 92.054312 11.183934 -15.225699 101.327400 11.710473 -15.181038 103.581035 0.000001 0.000004 -0.000000 -3.765937 -7.773571 94.669475 6.267352 -18.769753 95.066972 14.996435 -19.450029 135.720094 -0.000001 -0.000001 -0.000001 -77.302585 7.186460 26.318679 73.084001 11.867724 -11.969389 -21.399201 12.568875 9.341005 0.395006 0.000009 0.000000 -0.000001 -0.000002 -0.000000 1.988600 -18.298201 -17.973641 25.849811 -14.015607 -11.294373 2.055209 -1.137332 23.806197 -33.016909 -0.348996 3.186183 -0.000001 -0.000002 -0.000002 
-4.354715 82.931343 45.490990 15.636873 -30.897617 6.044011 6.625791 2.242031 -2.178858 3.039641 1.255076 -0.909626 3.036112 1.264315 -0.910743 -4.864028 3.973909 0.600652 -8.595428 19.065927 6.449417 0.000001 -0.000000 0.000001 0.547898 -2.760626 -2.873550 -28.660553 -47.209503 -19.691150 -0.086601 -6.110533 -1.001180 5.144512 9.329732 2.285546 9.775918 16.357219 0.858855 6.054002 27.805335 -18.599840 -6.037786 60.816305 17.107004 -0.000002 0.000003 0.000000 17.472835 9.224745 -83.155770 23.312551 4.675921 -117.724102 21.566946 6.194441 -108.116751 -0.000000 -0.000000 0.000001 11.592369 8.281173 -86.537691 16.149765 12.964992 -105.880308 18.073352 11.765589 -118.360936 0.000000 -0.000000 0.000005 4.991173 7.872681 -92.729544 10.803490 17.923610 -103.552648 10.498668 17.411865 -100.924945 -0.000001 -0.000001 -0.000005 1.243705 8.584929 -92.369942 8.659888 15.362665 -98.315690 16.024887 19.714784 -130.655481 -0.000000 0.000000 -0.000001 0.556983 2.348612 6.305814 -30.392221 55.426466 43.687095 14.358533 93.972447 -14.397912 6.072253 -6.461647 -1.884813 7.289168 -17.786637 4.440301 20.544507 -23.758787 7.065922 17.377533 -52.365285 9.460113 -0.000001 -0.000004 -0.000003 19.275837 -8.774061 82.782405 22.821875 -2.963204 115.997731 22.107944 -3.322701 114.153976 0.000003 -0.000004 0.000004 11.485753 -7.534571 85.331199 16.189404 -11.109625 107.924031 15.949318 -10.923150 105.235163 -0.000002 -0.000002 0.000002 4.330897 -7.313580 92.054312 11.183940 -15.225701 101.327366 11.710475 -15.181043 103.581055 0.000003 0.000001 0.000000 -3.765946 -7.773534 94.669482 6.267349 -18.769741 95.066958 14.996421 -19.450038 135.720094 0.000000 0.000004 -0.000003 -76.328867 8.989885 25.115447 74.298852 11.486435 -11.996891 -22.402896 11.334146 8.915044 0.321617 -0.000000 -0.000001 -0.000000 -0.000002 -0.000000 0.718128 -17.580663 -18.492647 28.338240 -10.879947 -10.814618 10.438218 0.300007 22.041393 -40.979667 -2.451073 8.456098 0.000000 0.000002 -0.000001 
-4.121321 83.174202 49.110756 15.627435 -29.273095 6.005256 6.473384 2.613189 -2.340395 2.921932 1.390215 -0.906527 2.918550 1.397099 -0.908668 -5.172278 3.705556 0.633225 -8.254874 17.986837 5.577455 0.000000 0.000000 0.000001 0.538731 -2.595963 -2.938472 -28.227983 -45.598900 -19.147023 -0.157592 -10.089405 -1.009913 4.916724 10.517648 5.078238 9.775919 16.357226 0.858854 6.054003 27.805348 -18.599835 -6.037794 60.816278 17.107013 0.000003 0.000003 -0.000000 17.472860 9.224745 -83.155777 23.312532 4.675908 -117.724102 21.566942 6.194457 -108.116745 0.000000 -0.000002 0.000000 11.592386 8.281170 -86.537691 16.149776 12.964986 -105.880315 18.073352 11.765597 -118.360936 0.000001 0.000000 0.000004 4.991170 7.872697 -92.729537 10.803482 17.923622 -103.552648 10.498644 17.411853 -100.924911 -0.000000 0.000001 -0.000001 1.243684 8.584936 -92.369921 8.659909 15.362673 -98.315703 16.024886 19.714779 -130.655454 0.000001 -0.000001 -0.000003 0.575516 2.647944 7.725780 -21.937543 52.577604 36.677747 29.358803 92.011664 -29.379331 6.407244 -7.652049 -0.535744 7.289189 -17.786649 4.440312 20.544487 -23.758762 7.065907 17.377550 -52.365298 9.460118 -0.000004 0.000000 0.000001 19.275847 -8.774064 82.782385 22.821870 -2.963208 115.997717 22.107943 -3.322706 114.153997 0.000003 0.000001 0.000002 11.485754 -7.534582 85.331199 16.189403 -11.109615 107.924044 15.949315 -10.923152 105.235156 0.000002 0.000001 -0.000001 4.330907 -7.313595 92.054312 11.183937 -15.225692 101.327379 11.710492 -15.181048 103.581055 0.000001 -0.000000 0.000000 -3.765934 -7.773548 94.669468 6.267340 -18.769746 95.066951 14.996428 -19.450031 135.720094 0.000000 0.000001 -0.000001 -75.080889 10.795402 24.161425 75.558196 11.228235 -12.031610 -23.404813 9.831776 8.518884 0.225492 0.000008 -0.000004 0.000000 0.000001 0.000000 -2.129020 -15.946649 -19.643636 35.352086 -6.686065 -9.857536 13.841807 0.823841 21.441494 -38.666848 -2.812929 9.109111 -0.000000 0.000002 0.000001 
-3.755733 83.256836 52.921600 15.170451 -27.791119 5.574173 6.689403 3.073511 -2.232363 2.963801 1.556792 -0.739261 2.959969 1.563507 -0.743090 -5.254940 3.485723 0.581418 -8.271007 17.035694 4.568130 0.000001 -0.000000 -0.000000 0.540300 -2.580938 -3.257565 -27.222014 -44.113740 -17.718986 -0.219806 -13.502853 -1.021552 3.671372 11.455177 7.931363 9.775933 16.357226 0.858845 6.053986 27.805353 -18.599817 -6.037769 60.816298 17.106982 0.000001 -0.000000 -0.000001 17.472835 9.224752 -83.155770 23.312539 4.675916 -117.724102 21.566946 6.194447 -108.116786 0.000002 0.000000 -0.000002 11.592374 8.281177 -86.537677 16.149783 12.964987 -105.880329 18.073336 11.765587 -118.360936 0.000001 0.000001 0.000002 4.991172 7.872684 -92.729551 10.803494 17.923618 -103.552648 10.498658 17.411853 -100.924904 0.000001 0.000000 -0.000006 1.243681 8.584935 -92.369935 8.659908 15.362685 -98.315690 16.024908 19.714757 -130.655454 0.000000 0.000001 -0.000002 0.588013 3.104994 9.410298 -13.468885 48.296165 29.926607 -49.514582 88.703038 49.517461 5.643821 -8.151642 -0.012158 7.180142 -17.768964 4.308276 20.319338 -23.670765 6.913887 16.968130 -51.827680 9.194997 -0.000003 -0.000001 0.000001 18.871524 -8.865242 81.802027 22.634813 -3.189637 114.767109 21.912008 -3.531210 112.934951 -0.000001 0.000002 -0.000002 11.304462 -7.523066 84.337045 15.987634 -11.180499 106.900725 15.718415 -10.998759 104.071121 -0.000001 -0.000000 -0.000001 4.320115 -7.189808 91.113692 11.007729 -15.215472 100.493072 11.528039 -15.178024 102.717248 0.000001 0.000000 -0.000002 -3.681664 -7.524719 93.794179 6.078079 -18.688622 94.169731 14.791758 -19.498303 134.822511 0.000001 0.000001 0.000002 -73.278395 12.433554 23.327140 77.096908 11.062659 -12.081884 -24.834559 8.017060 8.060049 0.188715 0.000004 0.000004 -0.000001 0.000001 -0.000000 -4.415032 -13.846674 -20.078068 43.161680 -0.867807 -9.244995 15.050122 1.074838 21.520533 -28.654723 -1.788408 7.436405 0.000002 0.000001 -0.000000 
-3.313709 83.167816 56.540848 14.223294 -26.271056 4.859660 7.306177 3.469184 -1.980660 3.190356 1.668399 -0.446082 3.186047 1.676669 -0.451793 -5.168083 3.297581 0.503880 -8.570448 16.207614 3.526094 -0.000001 0.000000 -0.000000 0.545206 -2.626080 -3.591343 -25.844608 -42.508126 -15.552049 -0.277310 -16.576480 -1.035499 1.024853 12.804832 9.864660 9.775928 16.357229 0.858846 6.053996 27.805330 -18.599821 -6.037779 60.816312 17.106993 0.000001 0.000000 -0.000003 17.472857 9.224755 -83.155791 23.312523 4.675913 -117.724102 21.566951 6.194446 -108.116779 -0.000000 0.000000 -0.000000 11.592386 8.281162 -86.537732 16.149764 12.964995 -105.880329 18.073340 11.765605 -118.360922 0.000001 0.000001 0.000000 4.991178 7.872698 -92.729571 10.803478 17.923615 -103.552641 10.498668 17.411858 -100.924911 0.000000 -0.000000 0.000000 1.243698 8.584931 -92.369935 8.659877 15.362683 -98.315696 16.024896 19.714783 -130.655440 -0.000000 -0.000003 0.000001 0.585319 3.664171 11.298439 -5.832422 42.855875 24.024939 -14.180333 85.979787 14.209996 3.679022 -8.018113 -0.539692 6.827445 -17.709094 3.880952 19.593590 -23.379270 6.421671 15.703628 -50.075054 8.386266 0.000002 -0.000005 -0.000000 17.554814 -9.092690 78.618544 21.995888 -3.894649 110.774043 21.247276 -4.177202 108.979623 -0.000002 0.000003 -0.000003 10.718637 -7.467471 81.117362 15.325442 -11.385620 103.582804 14.960232 -11.211750 100.296663 0.000002 -0.000001 0.000001 4.297409 -6.807922 88.065959 10.438433 -15.165327 97.791213 10.937758 -15.150037 99.919630 -0.000001 -0.000001 0.000002 -3.384879 -6.755556 90.951769 5.475218 -18.406825 91.268574 14.123359 -19.633838 131.912277 -0.000003 -0.000001 -0.000001 -70.953112 13.739726 22.375814 78.704140 11.054673 -12.144825 -26.539393 6.044497 7.558107 0.234765 -0.000001 0.000000 0.000000 -0.000001 0.000000 -6.354933 -11.178409 -19.577393 51.344673 4.323975 -8.804673 14.320529 2.424482 21.351113 -4.092045 -0.055742 1.364265 -0.000003 -0.000001 -0.000002 
-2.836636 82.992722 60.010616 12.875493 -24.349249 3.934995 8.245171 3.536154 -1.529633 3.578740 1.645947 -0.127092 3.574703 1.656073 -0.134190 -4.995545 3.123197 0.416571 -9.047934 15.444463 2.486125 0.000001 -0.000000 -0.000000 0.549397 -2.674954 -3.827919 -24.342477 -40.578427 -12.831450 -0.333521 -19.492083 -1.051976 -3.315061 14.862697 10.442364 9.758586 16.295945 0.876073 5.966838 27.683568 -18.489163 -5.918980 60.623700 16.938253 0.000003 0.000000 -0.000003 17.335689 9.242343 -82.823277 23.248567 4.745893 -117.335232 21.493067 6.251654 -107.731194 -0.000001 -0.000001 -0.000003 11.248014 8.242922 -86.237026 16.073143 12.985336 -105.521792 17.997265 11.799458 -117.985098 0.000001 0.000001 0.000004 4.955809 7.830541 -92.414700 10.736623 17.916005 -103.257284 10.428506 17.402048 -100.611692 0.000000 0.000000 0.000002 1.284899 8.518724 -92.055596 8.589664 15.341725 -98.012456 15.948862 19.732036 -130.337836 0.000000 0.000002 0.000001 0.560745 4.277511 13.420130 0.730186 36.698801 18.992780 -7.779043 82.752099 7.838032 0.722487 -7.349756 -1.839704 6.272972 -17.606752 3.208389 18.460990 -22.899536 5.646734 13.883985 -47.280014 7.248429 0.000004 -0.000001 -0.000001 15.472926 -9.239989 73.582919 20.891816 -4.910966 104.456398 20.111822 -5.098249 102.722671 -0.000002 -0.000000 -0.000001 9.801999 -7.323360 76.044239 14.259190 -11.631673 98.343700 13.739587 -11.446741 94.336749 -0.000000 0.000001 0.000003 4.293533 -6.266548 83.258032 9.548061 -15.033868 93.535063 10.012341 -15.049611 95.511549 0.000000 -0.000001 0.000001 -2.852332 -5.660763 86.447594 4.559538 -17.904974 86.711949 13.056243 -19.782000 127.317431 0.000004 -0.000001 0.000000 -68.228269 14.872575 20.646021 80.195109 11.291377 -11.508334 -28.615253 4.351058 6.833759 0.319808 0.000007 0.000001 -0.000000 0.000001 -0.000000 -8.109543 -8.646558 -18.058998 58.691536 4.154495 -8.501574 12.002314 7.912737 20.510373 -0.000018 0.000004 -0.000011 -0.000000 -0.000001 0.000002 
-2.407428 82.784866 63.350960 11.362492 -21.879837 3.243599 9.351975 3.189278 -1.096835 4.057774 1.450003 0.111026 4.055121 1.459841 0.103684 -4.800156 2.955172 0.271341 -9.611213 14.653502 1.434106 0.000001 -0.000000 -0.000000 0.554027 -2.742410 -4.028374 -22.998067 -38.310965 -9.773480 -0.384456 -22.048622 -1.069208 -9.322209 17.418512 9.977003 9.627597 15.826899 1.007432 5.318375 26.746882 -17.653213 -5.076288 59.143093 15.713415 0.000004 -0.000006 -0.000002 16.285068 9.339968 -80.277399 22.743615 5.266563 -114.357188 20.915209 6.672453 -104.778121 -0.000002 -0.000001 0.000000 10.108560 8.063812 -83.817807 15.482746 13.125376 -102.777640 17.407838 12.042226 -115.107539 -0.000001 -0.000000 -0.000002 4.692444 7.507695 -90.007543 10.226806 17.846987 -100.998984 9.894091 17.314977 -98.216850 0.000002 -0.000001 -0.000002 1.610828 8.039595 -89.647544 8.056795 15.169679 -95.695137 15.363896 19.850915 -127.906576 0.000000 -0.000002 -0.000004 0.510409 4.889532 15.779718 6.359041 30.170882 14.753424 -5.430462 79.693192 5.517041 -2.767380 -6.336486 -3.312315 5.560757 -17.460347 2.342798 17.021689 -22.244517 4.649662 11.807633 -43.622543 5.984471 -0.000001 -0.000001 -0.000000 12.821431 -9.051081 67.077785 19.310738 -6.031962 96.264030 18.507509 -6.094302 94.611972 0.000001 0.000003 0.000000 8.639502 -7.036449 69.506252 12.856502 -11.806316 91.573992 12.138630 -11.564093 86.637418 0.000001 -0.000002 -0.000001 4.328184 -5.680348 77.047730 8.419619 -14.770781 88.052955 8.835929 -14.819221 89.832294 0.000000 -0.000004 0.000001 -2.075446 -4.468862 80.593452 3.448900 -17.158533 80.866708 11.665953 -19.853403 121.382201 -0.000001 -0.000001 0.000003 -64.983390 15.865927 17.910245 81.380939 11.708252 -10.431679 -31.004288 3.090533 5.944132 0.374405 -0.000001 -0.000001 0.000000 -0.000001 0.000000 -10.373754 -6.666732 -16.211534 66.255389 3.944335 -8.197644 8.413705 11.079549 20.967972 -0.000008 -0.000001 -0.000002 -0.000000 0.000000 -0.000001 
-2.079745 82.605598 66.633102 9.966933 -18.930802 3.144248 10.419307 2.495071 -0.842902 4.526815 1.098867 0.216422 4.526060 1.104444 0.210257 -4.605235 2.795252 -0.010274 -10.206617 13.749198 0.339919 0.000001 0.000000 0.000000 0.563100 -2.896799 -4.354883 -22.044610 -35.858732 -6.599307 -0.421299 -23.844219 -1.083012 -16.548112 19.995300 9.309962 9.393470 14.960127 1.247831 4.205158 24.996966 -16.157892 -3.791061 56.382583 13.722645 0.000003 0.000003 -0.000001 14.350941 9.347636 -75.576002 21.742785 6.155214 -108.846830 19.794091 7.368540 -99.315124 0.000000 -0.000001 0.000002 8.493647 7.645993 -79.331179 14.377967 13.310755 -97.710337 16.289916 12.412699 -109.788720 0.000003 -0.000001 0.000000 4.239535 6.910981 -85.573316 9.296337 17.669810 -96.839235 8.921219 17.098885 -93.806665 -0.000003 -0.000001 0.000000 2.253603 7.284424 -85.188585 7.095958 14.798547 -91.431760 14.272315 20.008419 -123.416273 0.000001 0.000001 -0.000004 0.436741 5.437062 18.294838 11.225253 23.383277 11.481271 -4.393861 77.341989 4.501732 -6.268130 -5.272713 -4.400086 4.734962 -17.269228 1.336751 15.376095 -21.429688 3.492217 9.710613 -39.293201 4.736915 -0.000000 -0.000003 -0.000001 9.859834 -8.307954 59.517654 17.282310 -7.039355 86.653620 16.476723 -6.956892 85.103597 -0.000001 0.000000 0.000001 7.325738 -6.561271 61.895065 11.207111 -11.803805 83.672946 10.271394 -11.434155 77.657434 0.000000 -0.000002 -0.000000 4.391864 -5.156698 69.793195 7.145524 -14.334241 81.677260 7.503624 -14.410241 83.225746 -0.000000 -0.000000 0.000000 -1.092808 -3.400407 73.706586 2.267354 -16.157661 74.100647 10.044988 -19.765401 114.460051 -0.000000 0.000001 0.000002 -61.115556 16.608151 14.287028 82.102323 12.145778 -9.479899 -33.620196 2.176324 5.041325 -0.000126 0.000001 0.000004 -0.000000 -0.000000 -0.000000 -13.710730 -5.463099 -14.590385 73.940390 3.587431 -7.872135 4.298770 11.262636 22.343205 -0.000022 0.000008 0.000009 -0.000001 -0.000001 0.000001 
-1.846185 82.459114 69.884918 8.900742 -15.703771 3.652202 11.258617 1.601257 -0.739754 4.895927 0.664004 0.218970 4.896411 0.661663 0.215190 -4.410142 2.647245 -0.473692 -10.818071 12.705006 -0.816488 0.000000 -0.000000 -0.000000 0.577806 -3.190213 -4.930377 -21.610244 -33.449403 -3.515381 -0.437716 -24.629073 -1.089495 -24.289247 22.206036 9.335348 9.089045 13.772285 1.572813 2.850601 22.565056 -14.202775 -2.482780 52.560915 11.448438 0.000000 0.000003 0.000000 11.755239 9.001092 -69.158268 20.243084 7.206198 -101.279595 18.161862 8.141695 -91.817932 0.000000 0.000001 -0.000001 6.573381 6.862931 -73.215543 12.849123 13.409019 -90.778863 14.713223 12.751813 -102.501598 -0.000001 0.000002 -0.000001 3.684951 6.097269 -79.523496 8.053564 17.324961 -91.169987 7.628000 16.689659 -87.798516 0.000000 -0.000000 -0.000000 3.185772 6.526874 -79.060184 5.837410 14.182334 -85.631284 12.765236 20.092748 -117.272804 0.000002 -0.000001 0.000001 0.350918 5.866541 20.780714 15.347725 16.357210 9.566421 -3.970521 76.046759 4.090129 -9.358391 -4.425976 -4.884049 3.839616 -17.035568 0.242629 13.621788 -20.477933 2.236497 7.754069 -34.496758 3.583539 0.000002 -0.000002 -0.000003 6.895050 -6.895122 51.338198 14.902906 -7.737301 76.100854 14.124530 -7.503228 74.672163 -0.000000 0.000003 0.000002 5.961167 -5.875698 53.603024 9.425463 -11.547660 75.049538 8.284932 -10.968223 67.868059 0.000000 -0.000001 -0.000000 4.443692 -4.774149 61.854562 5.823412 -13.704473 74.741681 6.117441 -13.797597 76.037894 -0.000001 -0.000000 0.000001 0.000081 -2.629061 66.119660 1.132867 -14.921002 66.775167 8.303481 -19.460194 106.913538 0.000000 0.000000 0.000002 -56.926697 17.001102 10.063985 82.369158 12.584355 -8.748216 -36.380692 1.489005 4.156919 -0.000008 0.000003 0.000000 -0.000000 -0.000000 0.000000 -18.391635 -4.499351 -13.907402 81.575579 3.537861 -6.602721 0.418435 8.374439 23.152051 -0.000003 -0.000008 -0.000007 -0.000002 0.000001 -0.000002 
-1.683819 82.295288 73.121407 8.216894 -12.467501 4.480939 11.801074 0.687253 -0.650519 5.132894 0.239513 0.202631 5.133408 0.228118 0.201758 -4.215565 2.512559 -1.088953 -11.444808 11.578901 -2.027283 0.000000 -0.000000 0.000000 0.593230 -3.594509 -5.728589 -21.784272 -31.306237 -0.716427 -0.433300 -24.418592 -1.087750 -31.947250 23.875336 10.566413 8.746701 12.340335 1.958528 1.464534 19.593402 -11.970274 -1.419519 47.913459 9.221193 0.000001 0.000001 0.000003 8.789753 8.058921 -61.495902 18.272416 8.194870 -92.135625 16.083864 8.781029 -82.771429 0.000001 -0.000001 0.000002 4.548822 5.625994 -65.916585 11.013492 13.288857 -82.453634 12.778395 12.896943 -93.731792 -0.000001 -0.000001 0.000003 3.107220 5.129576 -72.267158 6.620522 16.758914 -84.389275 6.148372 16.030765 -80.616559 -0.000003 -0.000001 0.000001 4.316625 6.037122 -71.651300 4.424697 13.284715 -78.707002 10.955378 19.993162 -109.894008 -0.000002 -0.000002 -0.000001 0.269539 6.158949 22.972571 18.691052 9.257601 9.337117 -3.904105 75.819519 4.025798 -11.806208 -3.861389 -4.942400 2.917991 -16.765633 -0.887746 11.850451 -19.422669 0.943985 6.034764 -29.451769 2.554026 0.000003 -0.000004 -0.000003 4.229037 -4.835963 42.965223 12.335835 -7.991250 65.106511 11.616162 -7.613169 63.814806 -0.000003 0.000002 -0.000001 4.643230 -4.989879 45.019911 7.640699 -11.008197 66.118130 6.342407 -10.141663 57.745083 0.000000 -0.000001 -0.000002 4.425006 -4.566755 53.595699 4.547251 -12.891796 67.577024 4.776939 -12.988874 68.612474 -0.000004 0.000001 0.000002 1.067112 -2.249275 58.184565 0.142995 -13.500518 59.239105 6.560430 -18.918494 99.109446 -0.000000 0.000000 0.000002 -52.831530 16.988200 5.807379 82.302748 12.998770 -8.160499 -38.950339 0.897082 3.270871 -0.000157 0.000011 0.000009 0.000000 -0.000000 0.000000 -24.303920 -3.262726 -13.969451 88.780288 4.025532 -4.378001 -2.909654 3.317537 22.363639 0.000002 -0.000010 0.000009 -0.000003 -0.000000 0.000003 
-1.556941 82.107750 76.317253 7.800428 -9.505199 5.238501 12.129922 -0.072830 -0.441793 5.276202 -0.103759 0.246618 5.275809 -0.122855 0.248409 -4.031179 2.390182 -1.758558 -12.075432 10.488632 -3.248778 0.000000 0.000000 -0.000000 0.602830 -4.000201 -6.570491 -22.650560 -29.590411 1.662328 -0.412035 -23.397494 -1.079435 -39.283191 24.925614 12.995427 8.395669 10.742118 2.382454 0.214404 16.242103 -9.609946 -0.706209 42.693470 7.207684 0.000003 0.000004 0.000001 5.802095 6.386243 -53.082113 15.921857 8.912994 -81.914124 13.684018 9.101960 -72.681307 0.000002 -0.000004 -0.000000 2.632010 3.919098 -57.874488 9.020370 12.853816 -73.218870 10.629517 12.718742 -83.983542 0.000000 -0.000002 0.000001 2.562861 4.074437 -64.209741 5.127139 15.945404 -76.897692 4.624464 15.097249 -72.686873 -0.000001 0.000006 0.000004 5.478806 6.015254 -63.368562 3.003368 12.101679 -71.069840 8.981071 19.627570 -101.711502 0.000002 0.000000 -0.000003 0.206689 6.334107 24.618565 21.324100 2.431647 10.860261 -4.091203 76.441879 4.207222 -13.601532 -3.401446 -5.001256 2.012083 -16.470445 -2.003372 10.145394 -18.309104 -0.325906 4.601422 -24.387957 1.651391 -0.000002 -0.000001 -0.000001 2.095203 -2.289647 34.783056 9.784745 -7.758817 54.188658 9.149686 -7.257028 53.042214 -0.000002 0.000002 0.000001 3.455285 -3.948424 36.529416 5.977774 -10.210639 57.289906 4.594237 -9.002363 47.755829 -0.000000 -0.000001 -0.000002 4.283623 -4.520952 45.383919 3.396623 -11.938247 60.506788 3.567137 -12.026235 61.285539 0.000004 -0.000001 -0.000001 1.968395 -2.262305 50.267218 -0.637470 -11.978063 51.825174 4.928562 -18.165006 91.410184 0.000001 -0.000004 -0.000005 -49.023345 16.682983 2.110596 82.041022 13.465382 -7.566893 -41.382569 0.217043 2.280351 -0.091669 -0.000002 0.000005 -0.000000 -0.000000 -0.000000 -31.189024 -2.020611 -13.580329 95.044234 3.594630 -2.584479 -5.610296 -1.406684 20.369188 0.000001 -0.000006 0.000001 0.000001 -0.000002 0.000005 
-1.477405 81.853401 79.463074 7.436772 -6.956760 5.653114 12.402227 -0.637508 -0.056780 5.397100 -0.351686 0.384651 5.395488 -0.376580 0.388550 -3.862924 2.278236 -2.364785 -12.672320 9.552041 -4.410875 0.000001 -0.000000 -0.000000 0.605449 -4.277038 -7.215804 -24.203510 -28.364502 3.620296 -0.380011 -21.829286 -1.067628 -46.306599 25.301886 16.244323 8.060095 9.056806 2.823434 -0.787914 12.687697 -7.236747 -0.338373 37.166191 5.465369 0.000001 -0.000000 -0.000002 3.136836 4.005094 -44.394362 13.352223 9.209715 -71.140737 11.142701 8.986237 -62.075607 0.000001 -0.000000 -0.000000 1.011558 1.813067 -49.508076 7.037322 12.068527 -63.564937 8.443330 12.153045 -73.774191 0.000002 -0.000002 0.000002 2.082912 2.995585 -55.753735 3.697803 14.898277 -69.090560 3.190376 13.909529 -64.428444 -0.000001 -0.000001 -0.000002 6.459029 6.538535 -54.634000 1.703421 10.673215 -63.119732 6.995327 18.963882 -93.163801 -0.000000 -0.000000 -0.000005 0.167863 6.427042 25.616607 23.426384 -3.759483 13.930694 -4.518348 77.678847 4.623189 -14.916725 -2.755739 -5.516791 1.162194 -16.165740 -3.054605 8.580052 -17.194141 -1.516537 3.467939 -19.543000 0.869368 0.000000 -0.000001 -0.000000 0.611771 0.487870 27.126002 7.449926 -7.100285 43.864120 6.913842 -6.502969 42.860680 0.000002 0.000001 -0.000001 2.456728 -2.825942 28.506993 4.536943 -9.231434 48.964489 3.149346 -7.661764 38.348620 -0.000000 0.000000 -0.000000 3.997911 -4.587352 37.588085 2.427399 -10.912933 53.844154 2.548185 -10.981491 54.382103 0.000001 -0.000002 0.000002 2.602800 -2.586610 42.736934 -1.183406 -10.455047 44.851008 3.498738 -17.265590 84.165382 0.000003 -0.000000 -0.000002 -45.449103 16.267528 -0.597616 81.756927 13.925392 -6.870971 -43.797454 -0.692383 1.108267 -0.295046 -0.000009 0.000006 0.000000 -0.000000 0.000000 -38.521280 -0.782134 -12.401872 99.891879 -0.546357 -1.353569 -7.517778 -1.476255 18.224364 -0.000005 -0.000001 -0.000003 0.000001 0.000001 -0.000000 
-1.481192 81.462143 82.581398 6.914548 -4.769144 5.670528 12.735899 -1.091346 0.468068 5.546599 -0.547010 0.607386 5.543603 -0.576848 0.613101 -3.699340 2.172396 -2.819668 -13.173487 8.827173 -5.450172 -0.000000 -0.000000 0.000000 0.604736 -4.340207 -7.474234 -26.318805 -27.612431 5.247048 -0.343062 -19.977458 -1.055048 -52.848251 25.038046 19.762282 7.758154 7.364861 3.261507 -1.488114 9.116902 -4.939744 -0.255922 31.603497 3.996860 0.000002 0.000003 -0.000001 1.059996 1.095374 -35.857431 10.770934 9.026631 -60.361319 8.668217 8.410932 -51.493606 -0.000001 0.000005 0.000001 -0.182874 -0.543361 -41.206798 5.222646 10.970450 -53.975092 6.399400 11.218705 -63.620132 0.000004 -0.000001 0.000003 1.677352 1.948118 -47.300706 2.435001 13.674211 -61.350781 1.953099 12.535263 -56.244958 -0.000001 -0.000002 -0.000001 7.061779 7.543116 -45.872886 0.621715 9.082628 -55.239551 5.144166 18.029895 -84.683779 -0.000001 -0.000001 -0.000001 0.148869 6.470166 26.094191 25.178765 -9.151368 18.164299 -5.277518 79.402500 5.366759 -15.978266 -1.693691 -6.800755 0.406753 -15.871654 -3.993129 7.217836 -16.144668 -2.574330 2.623196 -15.159308 0.204642 -0.000001 -0.000002 0.000002 -0.232787 3.200486 20.298393 5.486579 -6.163540 34.631279 5.050207 -5.500590 33.757612 0.000000 -0.000001 -0.000001 1.677622 -1.718045 21.321178 3.380001 -8.184685 41.526823 2.058264 -6.272537 29.951274 0.000002 0.000001 0.000001 3.591541 -4.702869 30.577951 1.667512 -9.903285 47.892402 1.750247 -9.946558 48.216419 -0.000000 -0.000001 -0.000001 2.938964 -3.089402 35.959467 -1.508849 -9.040064 38.624409 2.330028 -16.317083 77.708681 0.000001 0.000002 0.000001 -41.908586 15.868324 -2.163865 81.502045 13.004351 -6.035742 -46.348687 -1.046944 0.593298 -0.523281 0.000014 0.000003 -0.000000 -0.000003 -0.000000 -45.697022 0.456248 -10.619570 103.424507 -2.900048 -0.558958 -8.949085 -1.432596 16.181323 0.000002 -0.000001 0.000005 0.000000 -0.000000 -0.000001 
-1.583691 80.980698 85.768425 6.111680 -2.687526 5.294408 13.153059 -1.583404 1.165950 5.730258 -0.762099 0.891636 5.725318 -0.797385 0.899510 -3.516247 2.061694 -3.089514 -13.513861 8.280290 -6.349670 -0.000001 0.000000 0.000000 0.603086 -4.179076 -7.269134 -28.827978 -27.315202 6.602905 -0.304696 -18.008829 -1.043176 -58.319946 24.353357 22.987352 7.501698 5.747984 3.677227 -1.885037 5.718247 -2.795555 -0.377564 26.280316 2.785301 0.000009 0.000004 -0.000002 -0.297131 -2.049779 -27.835410 8.388204 8.412344 -50.123408 6.452718 7.454941 -41.465932 -0.000002 -0.000002 -0.000001 -0.904379 -2.951570 -33.336681 3.696168 9.663891 -44.913425 4.643709 10.014870 -54.020192 0.000002 -0.000001 0.000000 1.343908 0.976910 -39.252448 1.405605 12.365783 -54.044275 0.977339 11.080139 -48.520817 0.000004 0.000000 -0.000000 7.178714 8.849818 -37.503455 -0.190694 7.445833 -47.794351 3.542919 16.909844 -76.685976 0.000000 0.000001 0.000001 0.137985 6.495909 26.355852 26.684137 -13.844912 23.097319 -6.661737 81.560334 6.731493 -16.917677 -0.139509 -8.950994 -0.217644 -15.611577 -4.771985 6.113513 -15.234957 -3.448462 2.038242 -11.480927 -0.336194 -0.000003 -0.000003 0.000000 -0.564123 5.564728 14.607324 3.983184 -5.150389 26.964322 3.634622 -4.448031 26.197810 0.000003 -0.000000 -0.000002 1.119573 -0.730125 15.336537 2.527697 -7.203560 35.349531 1.313497 -5.001873 22.977940 -0.000000 0.000001 0.000001 3.132801 -4.814128 24.723084 1.118848 -9.004791 42.947939 1.175355 -9.022187 43.095140 -0.000001 -0.000001 -0.000000 3.022564 -3.626046 30.295540 -1.659649 -7.837788 33.449902 1.448550 -15.433197 72.358915 -0.000000 -0.000001 0.000001 -38.081173 15.450400 -2.703923 81.189461 10.888941 -5.054051 -49.025090 -1.136469 0.624672 -1.533401 -0.000000 0.000009 0.000000 0.000000 0.000000 -52.130517 1.481567 -8.664433 105.332199 -3.441985 -0.055698 -10.280453 -1.383493 14.487581 -0.000017 0.000008 -0.000003 0.000000 -0.000001 -0.000000 
-1.769865 80.530838 89.095665 5.039902 -0.374868 4.572703 13.596995 -2.240337 2.102122 5.918323 -1.063893 1.223402 5.910143 -1.105702 1.234387 -3.301817 1.927522 -3.187580 -13.656677 7.798040 -7.151589 0.000000 -0.000000 0.000000 0.598533 -3.845398 -6.637567 -31.584741 -27.523272 7.671280 -0.264940 -15.922462 -1.032251 -62.047651 23.603945 25.581990 7.296820 4.288758 4.051061 -2.023132 2.674537 -0.881540 -0.618247 21.472829 1.812974 -0.000001 0.000004 0.000002 -0.956794 -5.091850 -20.660301 6.372345 7.510007 -40.956393 4.633574 6.280363 -32.499877 0.000001 -0.000001 -0.000001 -1.194805 -5.199531 -26.258046 2.520505 8.299470 -36.821423 3.262700 8.699643 -45.447908 0.000002 -0.000000 0.000000 1.076899 0.119691 -32.011628 0.635192 11.088050 -47.521273 0.279975 9.671776 -41.623992 -0.000002 0.000002 -0.000003 6.833794 10.223981 -29.939994 -0.731633 5.895012 -41.136775 2.261182 15.729654 -69.561303 -0.000000 -0.000000 0.000001 0.122455 6.531889 26.725806 27.973955 -18.049699 28.256491 -9.537169 84.068065 9.584308 -17.704048 1.824608 -11.906995 -0.675581 -15.410804 -5.345159 5.316422 -14.542934 -4.089596 1.674509 -8.751051 -0.733988 -0.000003 -0.000004 -0.000001 -0.582875 7.342657 10.386842 2.967208 -4.277611 21.320133 2.684777 -3.555172 20.631230 -0.000000 0.000001 -0.000001 0.763925 0.032769 10.917456 1.969493 -6.422538 30.798976 0.866022 -4.009242 17.839559 0.000004 -0.000001 0.000001 2.720322 -4.891752 20.392279 0.765377 -8.312058 39.304474 0.805966 -8.307936 39.321857 0.000000 0.000001 0.000001 2.958392 -4.071775 26.103405 -1.700240 -6.942532 29.634009 0.855893 -14.730756 68.426386 -0.000001 -0.000002 0.000001 -33.968740 14.890203 -2.388677 80.781897 8.206053 -3.909936 -51.318336 -1.317548 0.808344 -3.248391 0.000011 0.000004 -0.000000 -0.000002 -0.000000 -57.466521 2.095786 -7.058660 105.476009 -2.961051 0.270265 -11.833649 -1.362114 12.960674 -0.000004 0.000001 0.000002 -0.000001 -0.000000 -0.000000 
-2.002335 80.240738 92.566956 3.815012 2.444636 3.598565 13.988345 -3.119624 3.306823 6.069763 -1.487365 1.596274 6.056310 -1.536373 1.611719 -3.080393 1.750276 -3.148972 -13.614838 7.241233 -7.922310 0.000000 -0.000000 -0.000000 0.587218 -3.416131 -5.686267 -34.466306 -28.351697 8.401554 -0.221501 -13.594385 -1.021916 -63.756865 23.049155 27.585442 7.144885 3.070323 4.362948 -1.982069 0.157781 0.714567 -0.896885 17.457263 1.069709 0.000004 0.000003 -0.000000 -1.077993 -7.711080 -14.674931 4.824384 6.523661 -33.363336 3.276700 5.097081 -25.077446 -0.000000 -0.000000 -0.000001 -1.172074 -7.093999 -20.344321 1.699896 7.047455 -30.123678 2.277377 7.459151 -38.355293 0.000002 -0.000002 0.000001 0.872651 -0.587186 -25.980911 0.111837 9.963952 -42.122050 -0.164862 8.442629 -35.913152 0.000000 -0.000000 -0.000001 6.186607 11.443609 -23.605038 -1.040985 4.562623 -35.614734 1.321392 14.636542 -63.679910 -0.000000 -0.000001 -0.000002 0.095152 6.586177 27.404686 29.049430 -21.843954 33.192865 -17.580608 86.737412 17.603366 -18.190705 4.004049 -15.586360 -0.932015 -15.294578 -5.666911 4.874868 -14.146106 -4.448778 1.495217 -7.210328 -0.958806 -0.000003 0.000002 0.000001 -0.507047 8.346981 8.000406 2.434882 -3.743487 18.150750 2.189783 -3.013094 17.504759 0.000000 0.000001 -0.000001 0.585705 0.473209 8.430472 1.683450 -5.964004 28.242241 0.653990 -3.433758 14.951260 -0.000000 -0.000001 0.000000 2.460184 -4.929927 17.952901 0.586338 -7.912519 37.256920 0.619339 -7.895525 37.201506 -0.000000 0.000001 -0.000001 2.872803 -4.335404 23.740841 -1.696680 -6.437687 27.487963 0.545246 -14.318340 66.220228 -0.000000 -0.000000 0.000000 -30.222259 14.088533 -1.275460 80.744297 5.157413 -2.582398 -51.928272 -1.525285 1.072170 -5.674585 0.000002 0.000007 -0.000000 -0.000004 -0.000000 -61.612404 2.235616 -6.193866 103.876413 -2.437639 0.468365 -13.703785 -1.304616 11.145626 -1.835425 0.058395 -1.821004 0.000001 0.000001 -0.000001 
-2.225555 80.169418 96.151474 2.581746 5.865666 2.519650 14.262984 -4.197374 4.710609 6.146538 -2.024335 1.995181 6.125308 -2.080049 2.016572 -2.906360 1.520291 -3.013018 -13.444931 6.505911 -8.692926 0.000000 0.000000 0.000000 0.566311 -2.950011 -4.533995 -37.367483 -29.854555 8.727413 -0.174591 -11.029684 -1.012726 -63.608541 22.647034 29.264075 7.044373 2.176037 4.592061 -1.862412 -1.671626 1.891020 -1.140051 14.509412 0.556499 0.000005 0.000003 0.000001 -0.911081 -9.645577 -10.263009 3.782377 5.676678 -27.827453 2.387269 4.124549 -19.665824 0.000000 0.000003 0.000002 -1.001479 -8.477924 -15.991942 1.196123 6.074354 -25.238702 1.658951 6.478722 -33.184686 0.000004 0.000002 -0.000001 0.731479 -1.103749 -21.562861 -0.201300 9.112154 -38.183947 -0.410436 7.517424 -31.745743 -0.000001 -0.000002 0.000000 5.493249 12.345038 -18.937495 -1.184987 3.570713 -31.578939 0.711531 13.779697 -59.401028 -0.000000 -0.000004 0.000001 0.055505 6.649827 28.434971 29.886292 -25.063782 37.485065 -67.864589 88.934992 67.864295 -18.235084 6.154202 -19.999195 -0.952825 -15.285021 -5.693069 4.839183 -14.113607 -4.477885 1.481437 -7.084889 -0.977164 0.000001 -0.000004 0.000003 -0.498121 8.428616 7.805888 2.392901 -3.698755 17.893222 2.150811 -2.967823 17.250669 -0.000001 0.000002 -0.000002 0.571909 0.509351 8.228205 1.661088 -5.926167 28.034452 0.638027 -3.386477 14.716462 0.000001 -0.000001 -0.000001 2.438137 -4.932794 17.754460 0.572412 -7.879743 37.090471 0.604846 -7.861672 37.029153 0.000001 0.000001 0.000001 2.864211 -4.357166 23.548592 -1.695534 -6.396621 27.313493 0.520731 -14.284302 66.041058 0.000001 -0.000001 0.000001 -26.542617 13.111953 0.291269 80.399181 2.162647 -1.004890 -51.611095 -1.679144 1.183212 -6.275586 0.000003 0.000004 -0.000000 -0.000002 -0.000000 -64.612995 2.056303 -6.272659 100.659332 -2.285858 0.534374 -15.797572 -1.110089 8.745274 0.000004 0.000002 0.000003 -0.000001 0.000000 -0.000000 
-2.411621 80.305664 99.833923 1.457162 9.765983 1.521185 14.362324 -5.381845 6.141688 6.113912 -2.625121 2.388066 6.082636 -2.685389 2.416963 -2.822389 1.244619 -2.833454 -13.216551 5.543309 -9.423457 0.000000 0.000000 0.000000 0.533768 -2.460350 -3.271352 -40.216232 -31.864830 8.515905 -0.132356 -8.683493 -1.006254 -61.945472 22.125858 30.875833 6.993552 1.688974 4.717013 -1.765502 -2.660665 2.535023 -1.284932 12.903828 0.286897 0.000003 0.000000 0.000002 -0.727601 -10.694533 -7.847565 3.252002 5.175055 -24.825769 1.943592 3.561599 -16.730777 -0.000002 0.000000 -0.000001 -0.854519 -9.228214 -13.615624 0.957966 5.528032 -22.588211 1.361041 5.923290 -30.380248 0.000000 -0.000001 0.000003 0.657323 -1.385110 -19.159579 -0.346261 8.640399 -36.047235 -0.515178 7.007329 -29.483720 -0.000000 0.000000 -0.000000 5.036277 12.828680 -16.387586 -1.233796 3.027518 -29.385960 0.408781 13.295722 -57.083661 0.000000 0.000002 0.000001 0.006283 6.712872 29.751460 30.373561 -27.395315 40.737007 -153.207659 87.812184 153.185256 -17.835666 8.048411 -25.253738 -0.739387 -15.382150 -5.425164 5.206214 -14.444829 -4.178968 1.628250 -8.368490 -0.789750 0.000001 -0.000003 0.000000 -0.569895 7.592180 9.794745 2.832193 -4.147665 20.532119 2.559014 -3.423026 19.853948 0.000000 0.000001 0.000002 0.718147 0.141494 10.299487 1.896490 -6.309821 30.163410 0.810613 -3.867277 17.121640 0.000001 0.000001 0.000003 2.657568 -4.901710 19.786261 0.719559 -8.213402 38.795498 0.758137 -8.206110 38.794764 0.000000 0.000000 0.000001 2.940506 -4.136582 25.516579 -1.701141 -6.817096 29.100670 0.777127 -14.629396 67.877716 0.000001 0.000001 0.000000 -23.024995 12.114654 2.145225 79.677544 -0.661681 0.809555 -50.523227 -1.602582 0.879824 -7.543303 -0.002929 0.175691 0.000000 -0.000001 -0.000000 -66.523830 1.829304 -7.344322 95.969656 -2.131220 0.449167 -17.944488 -0.753210 5.981798 0.000006 0.000000 -0.000003 -0.000002 -0.000000 0.000000 
-2.524530 80.608406 103.636276 0.512414 13.858589 0.745121 14.210055 -6.520987 7.419166 5.939716 -3.209627 2.735340 5.897170 -3.270778 2.773013 -2.807786 0.943305 -2.707087 -12.972814 4.320715 -10.022631 0.000000 -0.000000 -0.000000 0.486310 -1.920265 -1.953381 -42.881738 -33.959147 7.572803 -0.111518 -7.515202 -1.003695 -59.150196 21.261689 32.610376 6.991350 1.667103 4.722611 -1.760657 -2.704907 2.563988 -1.291626 12.831793 0.274950 -0.000001 0.000003 -0.000001 -0.717808 -10.741453 -7.738937 3.228850 5.151911 -24.691299 1.924368 3.535841 -16.599299 0.000001 -0.000001 -0.000003 -0.846548 -9.259524 -13.508296 0.947885 5.503291 -22.469458 1.348353 5.898037 -30.254586 0.000003 0.000001 0.000001 0.654046 -1.397752 -19.051797 -0.352346 8.619125 -35.951490 -0.519406 6.984361 -29.382357 0.000000 0.000002 -0.000000 5.014475 12.850159 -16.273045 -1.235501 3.003123 -29.287643 0.395692 13.273736 -56.979853 0.000000 0.000003 0.000001 -0.048083 6.767988 31.233472 30.254927 -28.562149 42.615712 -164.514791 86.309460 164.477922 -17.237114 9.560881 -31.434187 -0.325016 -15.565294 -4.906216 5.925649 -15.074610 -3.598763 1.948002 -10.843368 -0.429208 -0.000002 -0.000003 -0.000001 -0.585952 5.979049 13.622013 3.737901 -4.955333 25.642731 3.404743 -4.247617 24.894540 0.000000 0.000000 -0.000002 1.032003 -0.554081 14.302910 2.391511 -7.024936 34.284264 1.200853 -4.773451 21.775304 0.000001 -0.000001 -0.000003 3.041994 -4.833057 23.710607 1.032172 -8.844841 42.095125 1.084674 -8.857380 42.211911 0.000002 0.000002 0.000001 3.017433 -3.727162 29.315698 -1.674546 -7.628765 32.557022 1.305340 -15.272511 71.437686 0.000002 -0.000001 -0.000000 -19.659144 11.268750 4.131769 78.510381 -3.127664 2.846928 -48.896276 -1.288937 -0.308994 -10.053285 -0.043181 0.710792 0.000000 -0.000003 -0.000000 -67.351204 1.741039 -9.341429 89.904605 -1.352130 0.227580 -20.033630 -0.356445 3.568580 0.000008 0.000001 -0.000000 -0.000000 0.000001 -0.000000 
-2.543251 80.967148 107.537674 -0.240899 17.736488 0.245366 13.718404 -7.357673 8.411603 5.602773 -3.686873 3.005725 5.549285 -3.744752 3.052146 -2.753715 0.636394 -2.780326 -12.690947 2.762669 -10.406178 0.000001 0.000000 -0.000000 0.419576 -1.296220 -0.623630 -44.932143 -35.681188 5.829823 -0.129438 -8.520482 -1.005876 -55.584257 19.959479 34.507666 7.030224 2.042971 4.626181 -1.838161 -1.942374 2.066693 -1.178802 14.070773 0.482194 0.000003 -0.000001 -0.000000 -0.867457 -9.932736 -9.604129 3.634787 5.542352 -27.006469 2.263128 3.972978 -18.863128 -0.000001 0.000001 -0.000000 -0.953815 -8.633898 -15.329999 1.128496 5.926159 -24.513904 1.574800 6.328398 -32.417710 -0.000001 -0.000002 0.000003 0.711053 -1.180606 -20.906072 -0.242706 8.983782 -37.599655 -0.441084 7.378427 -31.127225 -0.000001 -0.000001 -0.000000 5.373975 12.477928 -18.241419 -1.200419 3.422482 -30.979467 0.626754 13.648636 -58.767016 -0.000000 0.000005 0.000001 -0.099988 6.802155 32.720342 29.191095 -28.449150 42.977558 -166.269289 85.850232 166.228226 -16.931125 10.789890 -38.417755 0.256985 -15.810705 -4.179648 6.951170 -15.930011 -2.783972 2.473578 -14.281696 0.074645 -0.000002 -0.000001 0.000001 -0.343481 3.759224 18.938718 5.114883 -5.939779 32.795454 4.699214 -5.266121 31.947547 0.000005 -0.000002 -0.000000 1.536397 -1.486846 19.889876 3.166479 -7.958592 40.047947 1.866083 -5.977239 28.281882 0.000001 0.000000 -0.000002 3.492072 -4.729145 29.178913 1.529143 -9.692847 46.708819 1.605125 -9.730340 46.990438 0.000001 -0.000000 0.000000 2.976043 -3.209303 34.606366 -1.554905 -8.754051 37.386058 2.111253 -16.113116 76.426771 0.000002 0.000000 -0.000002 -16.412103 10.789033 5.922461 76.646266 -2.712980 5.131599 -46.850241 -2.430094 -3.764588 -12.668085 -0.141591 1.271727 -0.000000 -0.000002 -0.000000 -67.223009 1.740491 -12.017176 82.583879 0.149653 -0.059888 -22.016614 -0.085491 2.086511 0.000012 0.000000 0.000002 -0.000000 0.000000 0.000000 
-2.460271 81.318573 111.689903 -0.873835 21.127761 0.011804 12.834096 -7.707846 9.083126 5.106307 -3.976928 3.182085 5.043900 -4.028303 3.234761 -2.486248 0.328207 -3.194678 -12.244192 0.738600 -10.544681 0.000001 0.000000 -0.000000 0.332252 -0.591177 0.654598 -45.490815 -37.032985 3.644093 -0.189898 -11.872331 -1.015504 -51.537223 17.968208 36.259101 7.108250 2.753904 4.443982 -1.948361 -0.491374 1.130103 -0.979377 16.414305 0.885250 -0.000000 -0.000000 -0.000001 -1.043957 -8.395803 -13.116665 4.446002 6.235362 -31.400982 2.951231 4.762436 -23.159283 0.000004 -0.000002 -0.000000 -1.085592 -7.445344 -18.767521 1.511914 6.707923 -28.392430 2.048153 7.118491 -36.522562 0.000001 -0.000000 0.000000 0.821921 -0.770032 -24.416922 -0.005871 9.664885 -40.726400 -0.259619 8.117161 -34.436424 -0.000002 0.000001 0.000000 5.962733 11.763470 -21.955542 -1.099978 4.212684 -34.185274 1.097718 14.338316 -62.162351 -0.000000 0.000005 0.000001 -0.139543 6.800020 34.026794 26.948076 -27.119785 42.008471 -162.993053 86.630417 162.959216 -17.464420 12.176531 -45.742402 0.973188 -16.094245 -3.289056 8.236605 -16.936752 -1.781212 3.242432 -18.453049 0.701131 0.000002 -0.000001 -0.000002 0.356814 1.147882 25.421349 6.946483 -6.896462 41.558665 6.434466 -6.280930 40.587590 -0.000002 0.000002 -0.000000 2.251706 -2.558158 26.714316 4.235610 -8.984607 47.107046 2.858105 -7.330662 36.251116 -0.000002 0.000000 -0.000000 3.910607 -4.612598 35.841500 2.227882 -10.668657 52.357864 2.338549 -10.731576 52.842267 0.000001 0.000001 0.000001 2.708976 -2.695137 41.048727 -1.279230 -10.105825 43.296019 3.196596 -17.041134 82.551456 0.000003 0.000001 0.000001 -12.797200 10.751934 7.244790 74.035009 -2.166763 7.644371 -45.066302 -3.390338 -6.114622 -14.086101 -0.106875 0.766855 -0.000000 -0.000001 0.000000 -66.135936 1.598628 -14.951749 74.178088 1.700251 -0.324506 -23.969886 -0.004142 1.544172 0.000012 0.000002 0.000002 -0.000000 -0.000001 0.000001 
-2.307706 81.734573 116.061333 -1.539713 24.023145 0.177251 11.563696 -7.611707 9.319770 4.484966 -4.028525 3.254360 4.417285 -4.071788 3.308297 -1.831846 -0.001107 -3.981641 -11.383841 -1.866267 -10.455111 0.000000 -0.000000 0.000000 0.232246 0.126669 1.788938 -43.595363 -38.734293 1.868730 -0.277792 -16.601897 -1.035627 -47.338238 14.764654 37.359437 7.226446 3.741563 4.191120 -2.022156 1.541074 -0.165160 -0.735369 19.669557 1.472301 -0.000003 0.000004 0.000003 -1.060430 -6.262907 -17.973983 5.660127 7.092028 -37.539167 4.004496 5.770346 -29.159228 -0.000001 0.000002 -0.000001 -1.115516 -5.793875 -23.531060 2.133205 7.748704 -33.807145 2.800393 8.157203 -42.255501 0.000002 0.000001 -0.000001 0.983324 -0.198457 -29.301570 0.386450 10.588959 -45.091420 0.064544 9.124904 -39.054223 -0.000001 0.000001 -0.000001 6.584892 10.767419 -27.097888 -0.886669 5.300008 -38.653103 1.823908 15.250002 -66.912426 -0.000000 0.000000 0.000001 -0.161423 6.763637 35.007066 23.542815 -24.812735 40.162745 -146.714089 88.202802 146.695962 -19.096195 14.437420 -52.606117 1.789106 -16.393154 -2.278721 9.731465 -18.023232 -0.638316 4.284857 -23.125759 1.441374 -0.000001 -0.000002 0.000002 1.654608 -1.593824 32.773990 9.163373 -7.627221 51.487083 8.552656 -7.098290 50.377652 -0.000001 0.000001 0.000001 3.181714 -3.667176 34.430509 5.587175 -9.974870 55.109853 4.195017 -8.675021 45.291442 0.000002 -0.000000 -0.000000 4.224544 -4.529651 43.347597 3.131375 -11.681120 58.761880 3.288240 -11.764988 59.477479 0.000004 0.000003 -0.000000 2.157601 -2.319931 48.301226 -0.798610 -11.586582 49.997869 4.542910 -17.946754 89.511453 -0.000000 0.000001 0.000002 -8.894068 10.220334 9.235104 70.852448 -2.279044 8.218662 -42.491905 -5.219522 -7.013738 -15.439489 0.068836 -0.457609 0.000000 -0.000001 0.000000 -63.961908 1.236531 -17.794543 64.636607 2.467510 -0.551433 -25.631566 -0.031440 1.467030 -0.000004 -0.000002 0.000007 0.000002 -0.000001 0.000000 
-2.100998 82.217804 120.602020 -2.427773 26.368333 0.683191 10.027838 -7.004992 9.183577 3.798917 -3.833250 3.209330 3.731056 -3.868208 3.258759 -0.703817 -0.383475 -4.982601 -9.785693 -5.027531 -10.135866 0.000000 0.000000 -0.000000 0.138255 0.739683 2.686677 -39.122743 -41.650538 1.282948 -0.370108 -21.337154 -1.064141 -43.375837 10.121849 37.607076 7.386186 4.947327 3.882433 -1.986265 4.044776 -1.744126 -0.496004 23.642838 2.239501 0.000003 -0.000001 -0.000000 -0.727325 -3.701194 -23.894553 7.262776 7.956473 -45.084211 5.430440 6.845044 -36.536144 -0.000001 -0.000000 -0.000001 -0.914293 -3.800754 -29.342021 3.025983 8.935075 -40.463666 3.860116 9.317996 -49.306002 0.000002 0.000000 0.000001 1.194017 0.504716 -35.277012 0.963787 11.674917 -50.457227 0.572730 10.317137 -44.728477 -0.000001 -0.000002 0.000002 7.045602 9.587040 -33.355765 -0.510369 6.602109 -44.134920 2.819316 16.280811 -72.765782 -0.000002 0.000002 -0.000002 -0.170662 6.720329 35.640494 19.196110 -21.928097 37.849650 -87.796741 89.012740 87.793196 -21.593563 18.181417 -58.016925 2.668773 -16.687428 -1.194211 11.377748 -19.123929 0.594571 5.616254 -28.069038 2.296642 0.000003 -0.000003 -0.000001 3.589828 -4.183441 40.710175 11.632830 -7.975546 62.113112 10.933989 -7.561438 60.860428 -0.000002 -0.000000 -0.000002 4.304880 -4.719883 42.689874 7.172402 -10.814848 63.694226 5.843090 -9.859617 55.000781 0.000000 0.000000 0.000001 4.400389 -4.539906 51.346254 4.219629 -12.644400 65.634942 4.432550 -12.740221 66.599774 -0.000001 -0.000002 0.000002 1.333455 -2.216095 56.017923 -0.091389 -13.093288 57.200724 6.102111 -18.732806 96.993939 -0.000000 0.000000 -0.000002 -5.026169 9.670424 11.015147 67.893911 -2.884696 8.459844 -38.234921 -6.880014 -6.638787 -17.679950 0.307499 -2.030720 0.000001 -0.000002 -0.000000 -60.559906 0.492895 -20.088225 54.048646 2.155327 -0.862933 -26.896523 -0.021674 1.276449 -0.000015 0.000003 -0.000002 -0.000002 -0.000000 0.000000 
-1.904573 82.480919 125.200424 -3.649293 28.228738 1.532187 8.402330 -5.993676 8.653854 3.123316 -3.435907 3.019647 3.060367 -3.464335 3.060219 0.835521 -0.828476 -5.888993 -7.194020 -8.492524 -9.503553 0.000000 -0.000000 0.000000 0.069332 1.151796 3.294382 -34.793486 -46.343708 1.602229 -0.431745 -24.344293 -1.087108 -39.729557 4.604591 36.620804 7.587720 6.312656 3.532276 -1.775926 6.902742 -3.540417 -0.315996 28.139952 3.190484 0.000006 0.000005 -0.000002 0.103908 -0.918594 -30.625274 9.205979 8.674370 -53.690246 7.205488 7.831935 -44.957422 0.000002 0.000000 -0.000001 -0.379058 -1.612333 -35.937911 4.203949 10.146532 -48.066596 5.231864 10.467507 -57.360830 0.000001 -0.000002 -0.000001 1.455301 1.313149 -42.060120 1.744591 12.836678 -56.586283 1.294326 11.602276 -51.208128 -0.000002 0.000002 -0.000000 7.194264 8.361976 -40.426834 0.067880 8.028568 -50.385732 4.081663 17.324677 -79.466942 0.000001 0.000000 0.000001 -0.178087 6.700794 36.039807 14.234801 -18.918798 35.165420 -126.886869 88.766600 126.875764 -24.437609 23.446557 -61.070033 3.574370 -16.960984 -0.082284 13.108296 -20.182126 1.864476 7.230386 -33.055845 3.273113 -0.000002 -0.000001 -0.000001 6.082578 -6.362317 48.922821 14.172485 -7.860017 72.949460 13.407944 -7.582964 71.558956 0.000001 -0.000002 0.000001 5.571854 -5.639187 51.137872 8.904732 -11.420943 72.484372 7.712456 -10.765858 64.958897 0.000001 0.000000 -0.000000 4.448192 -4.696024 59.486911 5.446381 -13.487342 72.682317 5.721623 -13.583028 73.903562 -0.000001 -0.000001 0.000003 0.317278 -2.477371 63.848526 0.828681 -14.526656 64.606138 7.795204 -19.327832 104.670778 0.000000 -0.000001 0.000001 -1.929066 9.099159 12.532612 66.581094 -3.771677 8.645204 -32.444826 -8.073025 -4.563648 -19.651206 0.623788 -4.309889 0.000001 0.000002 -0.000000 -56.245351 -0.502717 -21.650339 43.120794 0.985373 -1.439150 -27.902144 0.085063 0.792905 -0.000016 -0.000001 0.000000 -0.000003 -0.000000 -0.000001 
-1.766624 82.585052 129.976196 -5.275029 29.737247 2.734952 6.880402 -4.808969 7.745128 2.501538 -2.932889 2.669857 2.447534 -2.955178 2.701425 2.591202 -1.299630 -6.402813 -3.637098 -11.811178 -8.421885 -0.000000 -0.000000 -0.000000 0.031537 1.358956 3.634550 -30.535604 -51.483364 2.241524 -0.511359 -28.030125 -1.121092 -37.467163 0.134841 35.168217 7.828892 7.779176 3.154591 -1.344079 9.990572 -5.496062 -0.253996 32.966588 4.335082 0.000007 0.000000 -0.000003 1.508754 1.848992 -37.932436 11.398076 9.115663 -62.995832 9.262396 8.593208 -54.077357 -0.000001 -0.000001 0.000001 0.544803 0.607681 -43.068584 5.648041 11.266222 -56.313424 6.882461 11.479724 -66.096792 0.000002 0.000001 -0.000001 1.770657 2.201447 -49.367569 2.727261 13.988659 -63.237061 2.236227 12.886995 -58.239152 0.000002 -0.000002 -0.000000 6.955851 7.258333 -48.017589 0.865122 9.484910 -57.160333 5.582148 18.282113 -86.750178 -0.000000 0.000003 -0.000001 -0.191143 6.715121 36.360358 8.722368 -15.539398 32.025654 -166.652559 85.733825 166.610416 -27.252649 29.579394 -61.235446 4.466404 -17.202067 1.008978 14.846555 -21.151749 3.115632 9.091566 -37.865606 4.371967 -0.000003 -0.000003 -0.000001 8.938517 -7.948626 57.060889 16.585277 -7.293489 83.502642 15.784634 -7.164699 81.987781 -0.000001 0.000001 -0.000001 6.908991 -6.374102 59.412517 10.670285 -11.754799 81.092432 9.668884 -11.329810 74.726573 0.000001 0.000000 -0.000001 4.411526 -5.022164 67.420476 6.741643 -14.162244 79.599585 7.080523 -14.244782 81.072535 -0.000000 0.000001 0.000000 -0.764398 -3.126764 71.443977 1.910261 -15.802624 71.902590 9.519568 -19.696789 112.200754 -0.000000 0.000000 -0.000001 0.252885 8.625986 14.009246 67.012222 -4.619224 8.721633 -25.340839 -8.653384 -1.189607 -19.551965 0.834691 -6.531552 0.000000 -0.000002 0.000001 -51.024057 -1.925491 -22.552754 32.384355 -0.383344 -2.347694 -28.796112 0.234746 0.208334 -0.000008 -0.000007 0.000002 -0.000000 0.000000 -0.000000 
-1.725984 82.607185 134.885422 -7.190577 31.174896 4.286733 5.616409 -3.735368 6.494786 1.978833 -2.439476 2.170902 1.935595 -2.456169 2.195481 4.328827 -1.740218 -6.378552 0.408994 -14.515667 -6.847889 0.000000 0.000000 -0.000000 0.020547 1.423117 3.717344 -26.699519 -55.151281 2.196020 -0.709337 -36.184440 -1.223969 -37.215307 -1.594629 34.033415 8.104258 9.289000 2.763001 -0.668316 13.177934 -7.557897 -0.370080 37.928665 5.686741 0.000004 0.000004 0.000003 3.470586 4.366646 -45.579840 13.708436 9.197287 -72.623537 11.490256 9.029688 -63.533532 -0.000001 0.000000 -0.000002 1.850985 2.695843 -50.485528 7.301251 12.195713 -64.889167 8.737104 12.253293 -75.175548 0.000000 -0.000000 0.000003 2.144065 3.142078 -56.916444 3.885015 15.053278 -70.160352 3.376470 14.084563 -65.559817 -0.000001 0.000002 -0.000001 6.343768 6.435925 -55.836947 1.869677 10.879971 -64.208880 7.261425 19.071638 -94.335793 -0.000000 -0.000002 -0.000001 -0.210586 6.756276 36.673502 2.816778 -10.710258 28.300593 -173.652683 81.146431 173.568904 -29.954396 35.515194 -58.562541 5.304198 -17.403462 2.030537 16.507698 -21.997753 4.290184 11.123021 -42.287467 5.574606 0.000001 0.000001 -0.000001 11.884109 -8.879713 64.729375 18.701037 -6.380164 93.291163 17.894201 -6.397323 91.669895 0.000001 0.000001 0.000003 8.226702 -6.905146 67.145206 12.345418 -11.829353 89.125042 11.557886 -11.554527 83.853222 -0.000001 0.000001 -0.000002 4.346984 -5.499742 74.800421 8.019167 -14.650168 86.074372 8.417625 -14.708406 87.782220 0.000001 -0.000000 -0.000000 -1.776941 -4.100427 78.465316 3.068924 -16.862723 78.763453 11.162395 -19.845834 119.236006 -0.000000 0.000000 -0.000001 1.016736 8.313233 15.672834 69.100662 -4.289300 8.618453 -17.715781 -9.418202 1.644302 -15.174163 0.621858 -5.555994 0.000004 -0.000002 0.000001 -45.077503 -3.978583 -23.183742 22.202647 -1.178936 -3.283502 -29.169108 0.328209 -0.209834 0.000003 -0.000004 0.000002 0.000006 0.000000 0.000000 
-1.834289 82.530769 139.861938 -9.274643 32.988892 6.158755 4.705357 -2.998147 4.977853 1.579534 -2.042224 1.552146 1.546319 -2.054891 1.572616 5.862290 -2.125597 -5.840475 4.093431 -16.385880 -4.943878 -0.000000 -0.000001 0.000000 0.042996 1.343955 3.405158 -28.930687 -57.026523 -5.650667 -1.027241 -46.449183 -1.431434 -35.703759 -1.643826 31.596414 8.404612 10.784749 2.371213 0.243861 16.331860 -9.671380 -0.720099 42.833073 7.256302 0.000001 0.000002 -0.000002 5.876458 6.438724 -53.304439 15.986024 8.899285 -82.186929 13.748551 9.098852 -72.950245 -0.000000 0.000000 0.000000 3.470035 4.512158 -57.928521 9.072348 12.869445 -73.464306 10.686201 12.728100 -84.242904 0.000000 -0.000000 0.000000 2.576154 4.102199 -64.424229 5.165340 15.969466 -77.096436 4.663150 15.124701 -72.897250 0.000001 -0.000001 0.000001 5.450184 6.008991 -63.589649 3.038974 12.135545 -71.272361 9.032755 19.640730 -101.928928 -0.000000 -0.000000 -0.000001 -0.231801 6.821353 36.847474 -4.035611 -3.682969 24.382117 -175.484745 77.662803 175.369492 -33.575844 39.702640 -54.232587 6.046072 -17.561960 2.932807 18.000487 -22.695602 5.329238 13.192679 -46.122727 6.823766 -0.000001 -0.000002 0.000001 14.622759 -9.225893 71.513699 20.406954 -5.291761 101.855913 19.617454 -5.439426 100.147662 0.000004 0.000003 0.000002 9.429380 -7.244371 73.963859 13.815590 -11.704797 96.191644 13.232429 -11.506917 91.888782 -0.000001 -0.000003 -0.000002 4.300779 -6.066338 81.283800 9.186260 -14.961523 91.790202 9.635573 -14.988574 93.704137 -0.000001 -0.000000 -0.000001 -2.614595 -5.254386 84.590964 4.197221 -17.679350 84.848687 12.615099 -19.819414 125.430277 0.000005 0.000001 -0.000001 -0.149949 7.860072 17.863856 72.695425 -3.822509 8.362584 -10.043413 -9.838171 2.178777 -4.996131 0.002323 -0.326547 0.000001 -0.000002 0.000001 -40.368836 -5.935449 -24.030368 16.364150 -1.189969 -3.974507 -29.864343 0.373612 -0.364739 0.000001 -0.000003 -0.000002 0.000001 -0.000001 0.000001 
-2.142994 82.019760 144.394058 -11.227925 35.719017 8.295843 4.207165 -2.622716 3.316345 1.402021 -1.754198 0.900576 1.377878 -1.767403 0.917078 7.059385 -2.485228 -4.924089 6.566378 -17.628882 -3.006229 0.000001 -0.000001 0.000000 0.131449 0.937760 2.313820 -30.084835 -58.467895 -13.308897 -1.474054 -56.367000 -1.778803 -37.035932 -2.859080 29.228753 8.716857 12.209979 1.993335 1.351134 19.321231 -11.773006 -1.344874 47.488830 9.040567 0.000007 -0.000002 -0.000002 8.531875 7.946085 -60.803799 18.085757 8.268991 -91.302424 15.890430 8.822865 -81.948009 -0.000000 0.000000 0.000001 5.278335 5.962179 -65.117541 10.848091 13.265124 -81.698017 12.601952 12.895798 -92.934962 0.000001 0.000000 0.000000 3.059086 5.042447 -71.608496 6.494239 16.699556 -83.775193 6.018735 15.962220 -79.966427 0.000001 -0.000001 0.000000 4.416900 6.015078 -70.976143 4.302377 13.195088 -78.080571 10.792062 19.973281 -109.224383 0.000001 -0.000001 -0.000003 -0.242959 6.920959 36.437669 -12.932659 6.690541 21.105826 -175.666974 77.161958 175.547200 -36.475843 41.686455 -49.886889 6.650081 -17.677477 3.665912 19.230160 -23.228655 6.173925 15.100314 -49.186146 8.005670 0.000000 0.000000 0.000002 16.889366 -9.167876 77.011360 21.655608 -4.232483 108.758618 20.895695 -4.484846 106.983404 0.000001 -0.000001 -0.000001 10.424658 -7.428918 79.496094 14.987429 -11.474617 101.909940 14.573131 -11.300348 98.393547 0.000003 0.000001 0.000001 4.292380 -6.626820 86.530321 10.152816 -15.130274 96.430851 10.641204 -15.125451 98.510835 -0.000002 -0.000001 -0.000002 -3.222697 -6.389892 89.515817 5.177849 -18.254037 89.810383 13.783936 -19.689899 130.445070 -0.000002 0.000003 0.000000 -4.510689 6.431338 20.500236 78.546492 -3.010768 7.933348 -2.852145 -10.960497 -0.493295 -1.084287 0.000004 -0.000002 -0.000002 -0.000002 -0.000000 -37.710943 -7.251410 -25.599013 15.270860 -0.430456 -4.606126 -29.762481 0.338486 -0.228027 -0.000000 0.000009 0.000002 0.000001 0.000000 -0.000001 
-2.616377 81.222855 148.592575 -13.313971 39.720084 10.686196 4.192091 -2.444872 1.801949 1.442658 -1.511125 0.307780 1.426841 -1.525979 0.321133 7.780758 -2.899427 -3.825153 7.416137 -18.838486 -1.322340 0.000000 -0.000001 0.000001 0.317840 -0.169083 -0.152183 -26.883416 -60.399076 -16.432016 -2.210676 -66.022528 -2.423484 -41.057473 -6.601520 29.400577 9.024084 13.508953 1.644214 2.576008 22.021520 -13.782722 -2.250235 51.709112 11.001851 0.000003 0.000003 -0.000000 11.193911 8.869830 -67.742062 19.892853 7.411479 -99.599758 17.787483 8.283708 -90.154802 0.000001 -0.000003 0.000006 7.116964 7.011168 -71.752428 12.509920 13.406410 -89.245034 14.359050 12.800205 -100.887351 0.000000 -0.000000 0.000002 3.571626 5.918026 -78.186309 7.784193 17.232981 -89.918539 7.348846 16.581768 -86.472695 -0.000001 0.000002 -0.000001 3.395563 6.402345 -77.699269 5.568570 14.029588 -84.352310 12.431044 20.090867 -115.913365 -0.000001 -0.000002 -0.000001 -0.209546 7.028131 34.643672 -23.878966 18.197084 20.359976 -174.770361 79.301857 174.669958 -37.525496 41.427078 -47.110991 7.074377 -17.751424 4.180158 20.101233 -23.584467 6.766324 16.579463 -51.304170 8.944815 0.000000 -0.000000 0.000003 18.477858 -8.944308 80.849127 22.448545 -3.405574 113.571552 21.717544 -3.729602 111.750644 0.000000 0.000007 0.000001 11.128646 -7.509307 83.372014 15.790509 -11.245912 105.906857 15.492764 -11.067725 102.940479 0.000001 -0.000001 0.000001 4.311403 -7.072278 90.200448 10.836853 -15.203170 99.683210 11.350975 -15.172569 101.878733 0.000000 0.000001 0.000003 -3.596440 -7.288240 92.943466 5.895718 -18.607215 93.299421 14.592288 -19.542281 133.950747 -0.000000 -0.000005 -0.000000 -11.217424 3.790320 23.238201 85.093078 -1.880940 7.461437 3.766996 -13.661496 -5.068461 0.361367 -0.000001 0.000011 0.000001 -0.000001 -0.000000 -38.348118 -6.229287 -29.397510 19.816206 -1.652245 -5.503330 -20.305683 -1.916128 12.166375 0.000001 0.000003 0.000007 -0.000004 0.000001 -0.000002 
-3.106184 80.154785 152.348175 -15.807471 44.985200 13.534576 4.718086 -2.112783 0.627756 1.731577 -1.193767 -0.089520 1.724082 -1.207625 -0.079640 7.862501 -3.459537 -2.757748 6.859249 -20.677109 -0.142052 0.000001 0.000001 0.000001 0.540735 -2.365849 -4.548325 -17.103805 -62.984139 -11.823066 -3.794240 -75.443148 -3.920405 -45.984757 -12.477974 31.993668 9.306175 14.626871 1.339503 3.805580 24.318277 -15.598885 -3.376820 55.314260 13.037328 -0.000001 -0.000001 -0.000000 13.614119 9.291588 -73.771446 21.336130 6.470187 -106.725503 19.346396 7.607013 -97.212716 -0.000001 -0.000001 0.000001 8.815766 7.685510 -77.520598 13.949945 13.356514 -95.763787 15.851867 12.527685 -107.743673 -0.000000 0.000001 0.000004 4.076505 6.682018 -83.872920 8.943462 17.584793 -95.244823 8.553213 16.997057 -92.116623 -0.000002 -0.000002 -0.000001 2.511039 7.039453 -83.471100 6.735638 14.637965 -89.799311 13.850140 20.047440 -121.691117 0.000003 0.000001 0.000001 -0.051115 6.908522 30.466571 -37.019461 26.637704 22.475233 -173.435578 81.433784 173.354395 -36.676367 39.289085 -46.234090 7.277478 -17.784756 4.426132 20.520327 -23.749382 7.049612 17.333178 -52.307696 9.431307 -0.000001 -0.000002 0.000004 19.232539 -8.784308 82.677295 22.802038 -2.987690 115.865772 22.087143 -3.345276 114.023280 -0.000000 -0.000001 -0.000001 11.466317 -7.533456 85.224573 16.167830 -11.117391 107.814277 15.924644 -10.931479 105.110314 0.000001 0.000000 -0.000000 4.329653 -7.300171 91.953402 11.165040 -15.224739 101.237897 11.690911 -15.180840 103.488404 0.000000 0.000002 0.000001 -3.757066 -7.746603 94.575628 6.246979 -18.761188 94.970714 14.974543 -19.455357 135.623856 -0.000001 -0.000000 0.000001 -19.695445 0.382845 25.112113 91.615554 -0.633863 7.033535 8.910918 -17.135999 -9.077906 0.583625 -0.000007 -0.000008 -0.000000 0.000001 -0.000000 -36.475348 -6.484483 -33.017251 20.112344 1.066073 -7.007370 -1.496758 -0.621741 25.061970 0.000020 -0.000002 -0.000003 -0.000001 0.000001 0.000000 
-3.787343 78.735023 156.131592 -19.116750 51.205897 17.348363 5.739781 -1.426378 -0.242849 2.245246 -0.694796 -0.174605 2.244592 -0.699037 -0.169286 7.247537 -4.225251 -1.848017 5.585088 -23.485775 0.349522 -0.000000 0.000001 0.000000 0.564661 -5.617338 -10.828433 -0.685145 -64.270400 0.550628 -11.022774 -84.859500 -11.063757 -50.109389 -17.980835 33.693572 9.540639 15.509370 1.095833 4.897990 26.108603 -17.098262 -4.567628 58.135251 14.946221 0.000002 0.000002 0.000003 15.574592 9.368661 -78.554333 22.386900 5.603417 -112.339816 20.512185 6.939932 -102.777914 0.000002 -0.000001 -0.000000 10.214715 8.059211 -82.107760 15.079815 13.204385 -100.920833 17.002332 12.189803 -113.159364 -0.000003 -0.000001 -0.000001 4.521584 7.289014 -88.381220 9.884039 17.789499 -99.473174 9.535294 17.244057 -96.599017 0.000001 -0.000002 0.000001 1.840934 7.743249 -88.015587 7.701047 15.041644 -94.130512 14.965407 19.917996 -126.261306 0.000002 -0.000002 -0.000003 0.524163 5.402623 23.331622 -51.136841 29.972311 25.567483 -173.575556 81.250715 173.492706 -34.918034 35.897671 -46.337902 7.289191 -17.786632 4.440309 20.544480 -23.758760 7.065914 17.377548 -52.365308 9.460131 -0.000000 -0.000002 0.000003 19.275859 -8.774049 82.782405 22.821856 -2.963207 115.997704 22.107927 -3.322711 114.153962 0.000002 0.000003 0.000001 11.485745 -7.534579 85.331199 16.189406 -11.109626 107.924017 15.949305 -10.923154 105.235142 -0.000000 0.000001 0.000000 4.330918 -7.313577 92.054305 11.183935 -15.225707 101.327420 11.710491 -15.181043 103.581076 0.000000 0.000002 0.000001 -3.765942 -7.773545 94.669468 6.267339 -18.769749 95.066951 14.996452 -19.450041 135.720107 0.000002 0.000002 -0.000001 -29.108866 -3.054271 25.520385 97.478855 0.051605 6.705564 11.803410 -19.461767 -11.887702 0.342079 -0.000005 0.000008 -0.000000 -0.000000 0.000000 -34.709457 -6.229106 -35.545025 23.046119 5.017253 -8.782046 13.338571 2.934849 28.862959 0.000021 0.000011 0.000005 -0.000001 0.000000 0.000000 
-4.471051 76.914696 160.035934 -23.621497 57.639106 22.070984 7.036918 -0.199135 -0.554752 2.859431 0.006085 0.046333 2.859353 0.023802 0.045748 6.201867 -5.194519 -1.012509 4.366452 -27.091940 0.219633 0.000000 0.000001 -0.000001 0.188474 -9.025258 -17.737902 16.536747 -62.371341 13.796390 13.785168 -94.130484 13.825122 -53.916762 -20.781868 30.646079 9.704241 16.102700 0.930306 5.695664 27.298579 -18.142354 -5.557777 60.014926 16.419553 0.000003 0.000003 -0.000005 16.902874 9.290562 -81.774372 23.043783 4.963653 -116.108558 21.257562 6.428670 -106.514772 -0.000000 0.000000 0.000001 11.176084 8.228860 -85.205654 15.830642 13.046416 -104.391027 17.755901 11.903043 -116.799636 0.000002 0.000002 0.000002 4.845693 7.697570 -91.422260 10.526117 17.889864 -102.326260 10.207737 17.368741 -99.624299 -0.000001 -0.000001 -0.000002 1.416977 8.315375 -91.063886 8.369102 15.273326 -97.056845 15.708446 19.783860 -129.336093 -0.000002 -0.000003 -0.000001 1.204513 1.164316 14.280009 -63.882746 29.642239 26.514671 -175.016781 78.787441 174.911719 -33.313367 32.176618 -46.221147 7.289174 -17.786625 4.440300 20.544509 -23.758762 7.065911 17.377553 -52.365302 9.460113 -0.000004 -0.000003 -0.000000 19.275854 -8.774058 82.782412 22.821865 -2.963204 115.997717 22.107934 -3.322698 114.153983 -0.000000 -0.000001 -0.000001 11.485770 -7.534571 85.331213 16.189404 -11.109609 107.924024 15.949308 -10.923148 105.235156 -0.000001 0.000001 0.000002 4.330907 -7.313574 92.054305 11.183940 -15.225709 101.327400 11.710486 -15.181036 103.581055 0.000001 -0.000002 -0.000001 -3.765941 -7.773534 94.669482 6.267350 -18.769768 95.066937 14.996442 -19.450033 135.720107 0.000002 -0.000003 0.000001 -38.713751 -5.869979 24.403414 102.815780 0.288150 6.456311 11.695811 -19.241227 -14.223895 -0.396112 -0.000023 0.000023 0.000002 -0.000000 0.000000 -35.047859 -3.218890 -38.068493 34.426544 5.804624 -9.209644 14.296537 3.484187 30.298231 -0.001960 0.000001 0.000506 0.000000 -0.000004 -0.000000 
-4.983755 75.270554 163.598862 -29.172640 63.471295 27.472826 8.229220 1.580618 -0.309819 3.416253 0.824734 0.510295 3.405623 0.879069 0.502443 5.297996 -6.282285 -0.054542 3.761151 -30.988128 -0.024851 0.000000 0.000001 -0.000000 -0.374803 -11.425029 -23.247235 28.871759 -58.363324 21.055895 5.124714 -100.904195 5.226037 -58.234671 -20.456966 21.347323 9.774666 16.352699 0.860094 6.047529 27.796370 -18.591630 -6.028976 60.802098 17.094471 -0.000000 -0.000001 0.000003 17.462714 9.226079 -83.131243 23.307831 4.681111 -117.695429 21.561512 6.198697 -108.088317 0.000000 -0.000000 -0.000001 11.584962 8.280338 -86.514031 16.144110 12.966514 -105.853855 18.067737 11.768105 -118.333191 0.000000 0.000002 -0.000001 4.988564 7.869579 -92.706322 10.798560 17.923064 -103.530846 10.493477 17.411139 -100.901831 -0.000000 -0.000001 -0.000000 1.246734 8.580006 -92.346746 8.654710 15.361121 -98.293341 16.019290 19.716053 -130.632040 0.000001 -0.000001 -0.000001 1.015451 -5.324850 5.554326 -73.480917 28.791160 23.683211 -176.151139 75.614600 176.017294 -32.361805 29.202884 -45.168881 7.289170 -17.786629 4.440302 20.544492 -23.758796 7.065907 17.377560 -52.365285 9.460118 0.000002 0.000001 -0.000003 19.275849 -8.774059 82.782405 22.821873 -2.963205 115.997731 22.107949 -3.322705 114.153983 0.000001 0.000003 0.000002 11.485766 -7.534555 85.331206 16.189410 -11.109620 107.924017 15.949330 -10.923141 105.235163 -0.000001 -0.000004 -0.000002 4.330925 -7.313571 92.054332 11.183924 -15.225694 101.327352 11.710482 -15.181052 103.581076 -0.000007 0.000000 -0.000001 -3.765937 -7.773533 94.669475 6.267337 -18.769751 95.066951 14.996454 -19.450043 135.720094 -0.000001 0.000004 -0.000002 -48.032165 -6.741226 21.891771 107.272895 1.232435 6.262075 9.117624 -16.752511 -15.909358 -2.715832 -0.007669 0.432592 0.000002 0.000000 -0.000001 -35.453979 -0.047744 -39.817083 46.694015 3.289112 -8.938645 6.873849 0.533800 30.903963 -0.006868 0.000009 0.001858 -0.000000 0.000002 0.000000 
-5.438142 73.849449 166.962723 -35.561045 68.408832 33.692521 8.988993 3.455233 -0.049513 3.756990 1.640663 1.044132 3.723599 1.736849 1.028500 5.060559 -7.362236 1.101409 4.158103 -34.751705 0.406077 0.000001 -0.000001 -0.000000 -0.733149 -12.505848 -26.042200 36.091297 -54.343946 22.629551 3.826671 -104.456801 3.960173 -62.848040 -16.947313 7.956462 9.775930 16.357236 0.858848 6.054005 27.805333 -18.599828 -6.037818 60.816305 17.107020 0.000003 -0.000000 -0.000002 17.472857 9.224757 -83.155770 23.312530 4.675913 -117.724102 21.566958 6.194461 -108.116779 0.000002 0.000001 -0.000001 11.592382 8.281167 -86.537711 16.149772 12.964998 -105.880329 18.073352 11.765594 -118.360949 0.000003 -0.000000 -0.000000 4.991185 7.872695 -92.729571 10.803484 17.923615 -103.552635 10.498657 17.411868 -100.924938 -0.000002 -0.000001 0.000001 1.243727 8.584925 -92.369948 8.659880 15.362665 -98.315703 16.024908 19.714781 -130.655467 -0.000002 0.000002 -0.000002 -0.378610 -12.566214 -1.821168 -85.964979 27.844405 25.260901 -176.921980 72.226013 176.757277 -32.076675 27.835152 -43.062686 7.289186 -17.786641 4.440299 20.544482 -23.758764 7.065909 17.377533 -52.365305 9.460088 -0.000000 -0.000002 0.000003 19.275854 -8.774066 82.782412 22.821861 -2.963195 115.997704 22.107924 -3.322711 114.153997 -0.000001 0.000003 0.000000 11.485755 -7.534577 85.331199 16.189401 -11.109619 107.924017 15.949318 -10.923153 105.235156 -0.000001 -0.000002 0.000002 4.330909 -7.313580 92.054319 11.183940 -15.225713 101.327379 11.710485 -15.181038 103.581055 -0.000002 -0.000001 0.000002 -3.765938 -7.773539 94.669461 6.267337 -18.769747 95.066965 14.996438 -19.450041 135.720094 -0.000001 -0.000001 0.000002 -55.929486 -6.744054 20.195923 110.505829 0.565266 4.132756 5.410247 -12.740208 -15.931903 -12.791203 -0.364053 3.939237 -0.000001 -0.000000 -0.000001 -35.501930 1.486891 -40.605502 55.386161 0.566990 -8.650794 1.637069 -1.586665 31.273575 -0.013329 0.000015 0.002923 0.000000 0.000003 -0.000000 
-5.831363 72.824326 170.212555 -42.396774 72.363764 40.379105 9.196389 5.104751 0.102367 3.834165 2.351924 1.475221 3.772167 2.480395 1.452761 5.715288 -8.321117 2.393508 5.848755 -38.165687 2.117419 0.000000 0.000002 -0.000001 -0.758236 -12.617775 -26.146603 39.846067 -51.861049 21.399058 3.921273 -104.122928 4.051746 -66.102625 -11.823577 -5.931279 9.775932 16.357227 0.858840 6.054000 27.805355 -18.599824 -6.037778 60.816305 17.106975 0.000005 -0.000001 0.000001 17.472848 9.224748 -83.155770 23.312528 4.675905 -117.724102 21.566947 6.194436 -108.116792 0.000000 -0.000001 0.000000 11.592376 8.281153 -86.537698 16.149772 12.964982 -105.880336 18.073341 11.765593 -118.360949 0.000002 -0.000001 0.000003 4.991177 7.872687 -92.729551 10.803490 17.923610 -103.552635 10.498645 17.411841 -100.924931 -0.000000 -0.000002 0.000001 1.243704 8.584913 -92.369928 8.659896 15.362666 -98.315703 16.024894 19.714779 -130.655467 0.000001 -0.000002 -0.000000 -2.830450 -19.872295 -8.174331 -91.474292 28.967047 23.601278 -177.476086 68.656358 177.278571 -32.267142 28.376479 -40.151868 7.289175 -17.786646 4.440300 20.544502 -23.758787 7.065915 17.377530 -52.365278 9.460116 0.000001 -0.000001 0.000001 19.275835 -8.774052 82.782405 22.821868 -2.963215 115.997731 22.107946 -3.322733 114.153990 0.000000 0.000005 0.000001 11.485761 -7.534579 85.331206 16.189406 -11.109618 107.924031 15.949310 -10.923137 105.235163 -0.000001 -0.000002 0.000004 4.330897 -7.313579 92.054312 11.183942 -15.225704 101.327379 11.710475 -15.181048 103.581055 -0.000000 0.000003 0.000005 -3.765956 -7.773549 94.669482 6.267342 -18.769756 95.066965 14.996456 -19.450038 135.720107 -0.000000 0.000004 0.000001 -62.065594 -4.704146 18.874285 111.959682 -0.801605 2.250688 1.030613 -8.405914 -15.404903 -17.681372 -0.720118 6.543088 0.000000 -0.000000 -0.000000 -36.420457 2.216712 -40.548600 62.715521 -2.734408 -8.413519 -2.776015 -2.325616 30.015717 -1.002840 0.000016 -0.000004 -0.000000 0.000002 -0.000000 
-6.152524 72.202225 173.382202 -49.337130 75.299796 47.248131 8.992165 6.294696 0.012554 3.731367 2.866860 1.690464 3.646424 3.008171 1.664228 7.186923 -9.070316 3.734470 8.869398 -41.019804 5.193133 -0.000001 -0.000001 -0.000000 -0.549430 -12.128332 -24.394536 41.463674 -51.333117 19.602006 5.274921 -100.601720 5.373519 -67.063223 -7.873458 -17.915071 9.775919 16.357222 0.858864 6.054006 27.805340 -18.599824 -6.037783 60.816305 17.106993 0.000003 -0.000000 -0.000002 17.472847 9.224748 -83.155750 23.312539 4.675915 -117.724089 21.566949 6.194443 -108.116772 -0.000001 -0.000002 -0.000001 11.592380 8.281162 -86.537691 16.149760 12.964981 -105.880322 18.073340 11.765587 -118.360936 0.000000 0.000000 0.000000 4.991174 7.872684 -92.729517 10.803497 17.923607 -103.552635 10.498646 17.411844 -100.924924 -0.000002 -0.000002 0.000002 1.243706 8.584928 -92.369928 8.659887 15.362649 -98.315690 16.024893 19.714778 -130.655481 -0.000001 0.000000 0.000001 -5.949561 -26.489801 -13.606678 -94.847142 29.479667 21.342449 -177.955948 64.256897 177.717465 -32.635597 30.450561 -36.852156 7.289185 -17.786622 4.440300 20.544475 -23.758775 7.065916 17.377555 -52.365319 9.460115 -0.000001 0.000000 0.000002 19.275853 -8.774051 82.782405 22.821860 -2.963199 115.997704 22.107929 -3.322700 114.153983 -0.000001 0.000004 -0.000000 11.485776 -7.534570 85.331213 16.189394 -11.109614 107.923990 15.949311 -10.923133 105.235163 0.000000 -0.000001 0.000000 4.330919 -7.313563 92.054332 11.183935 -15.225697 101.327373 11.710478 -15.181060 103.581041 -0.000001 0.000002 0.000002 -3.765938 -7.773531 94.669482 6.267334 -18.769763 95.066972 14.996440 -19.450034 135.720094 0.000001 -0.000002 -0.000002 -66.047779 -1.023154 18.176902 111.624402 -2.202609 0.930835 -3.650935 -5.000354 -14.274646 -21.208586 -1.003965 7.508623 0.000001 0.000001 -0.000000 -37.674787 2.491469 -40.122242 68.998626 -4.556617 -8.215625 -6.685667 -3.324465 26.989158 -3.719781 0.000001 0.000009 0.000000 -0.000002 -0.000000 
-6.443885 71.931755 176.487717 -56.129180 77.191062 53.864217 8.694897 6.808039 -0.202832 3.616785 3.091264 1.687942 3.524655 3.228442 1.662391 9.123010 -9.555272 5.035505 12.746104 -43.021289 9.082348 0.000000 0.000000 -0.000000 -0.265830 -11.345375 -21.834708 41.482355 -51.976654 18.092324 9.124204 -96.193406 9.182882 -66.427380 -6.785753 -26.792013 9.775921 16.357236 0.858853 6.054003 27.805343 -18.599819 -6.037785 60.816284 17.107018 -0.000001 0.000004 0.000003 17.472845 9.224756 -83.155770 23.312544 4.675920 -117.724102 21.566951 6.194442 -108.116779 -0.000002 -0.000001 0.000001 11.592382 8.281151 -86.537698 16.149765 12.964982 -105.880329 18.073343 11.765596 -118.360936 -0.000001 0.000000 -0.000002 4.991165 7.872685 -92.729524 10.803499 17.923624 -103.552641 10.498662 17.411865 -100.924917 -0.000001 0.000000 0.000000 1.243699 8.584925 -92.369914 8.659917 15.362682 -98.315696 16.024896 19.714774 -130.655454 -0.000000 -0.000001 0.000000 -8.668004 -31.187040 -17.356364 -96.820418 29.457684 19.063389 -178.385130 58.626963 178.093153 -32.742602 33.141184 -33.696974 7.289185 -17.786642 4.440311 20.544507 -23.758784 7.065930 17.377552 -52.365298 9.460113 -0.000001 -0.000001 0.000000 19.275837 -8.774056 82.782405 22.821877 -2.963216 115.997731 22.107944 -3.322707 114.153997 -0.000000 0.000001 -0.000000 11.485766 -7.534568 85.331220 16.189413 -11.109613 107.924003 15.949316 -10.923144 105.235163 -0.000001 0.000001 0.000000 4.330907 -7.313577 92.054332 11.183929 -15.225697 101.327352 11.710466 -15.181036 103.581062 -0.000002 0.000001 0.000001 -3.765926 -7.773565 94.669475 6.267345 -18.769746 95.066951 14.996427 -19.450038 135.720121 0.000005 0.000001 0.000001 -67.911280 3.545447 17.916172 110.523239 -3.023347 -0.118964 -11.052626 -2.588636 -8.845169 -18.639900 -0.329418 4.280044 -0.000000 -0.000000 0.000000 -38.297441 2.471268 -39.503526 73.500806 -4.785946 -8.011693 -8.469156 -3.760300 27.374678 -6.206557 0.000015 0.000005 -0.000000 0.000003 0.000000 
-6.691547 71.864166 179.498352 -62.091262 78.074588 59.442084 8.647979 6.523981 -0.446414 3.644326 2.959479 1.563362 3.562713 3.085452 1.542020 10.974272 -9.796842 6.197210 16.416486 -43.989270 12.711081 -0.000001 0.000001 -0.000001 -0.026415 -10.578063 -19.368733 39.835084 -52.492818 16.557782 16.548105 -93.457287 16.581818 -65.134200 -8.093399 -31.821489 9.775935 16.357231 0.858842 6.053979 27.805350 -18.599794 -6.037782 60.816312 17.106989 0.000003 -0.000002 -0.000003 17.472845 9.224742 -83.155770 23.312527 4.675917 -117.724075 21.566944 6.194440 -108.116779 0.000000 -0.000001 -0.000001 11.592379 8.281168 -86.537691 16.149757 12.964985 -105.880336 18.073341 11.765595 -118.360936 -0.000001 -0.000000 0.000004 4.991176 7.872698 -92.729531 10.803490 17.923620 -103.552662 10.498644 17.411841 -100.924917 -0.000003 0.000000 0.000001 1.243698 8.584914 -92.369928 8.659894 15.362661 -98.315696 16.024903 19.714762 -130.655467 -0.000001 -0.000002 0.000004 -9.783158 -33.280267 -18.551839 -98.020304 29.015999 17.138683 -178.715547 52.564186 178.364298 -32.057479 35.326104 -31.310704 7.289174 -17.786642 4.440306 20.544476 -23.758764 7.065917 17.377552 -52.365322 9.460101 -0.000001 0.000001 -0.000002 19.275830 -8.774069 82.782391 22.821892 -2.963204 115.997745 22.107927 -3.322708 114.153983 -0.000000 0.000002 0.000000 11.485747 -7.534577 85.331193 16.189415 -11.109613 107.924010 15.949299 -10.923138 105.235149 -0.000002 0.000002 0.000003 4.330902 -7.313573 92.054332 11.183932 -15.225694 101.327400 11.710473 -15.181047 103.581076 -0.000000 -0.000000 -0.000000 -3.765949 -7.773531 94.669475 6.267338 -18.769749 95.066944 14.996435 -19.450036 135.720094 0.000002 -0.000000 -0.000002 -67.750443 7.477437 17.937957 108.410695 -3.381740 -0.949913 -18.441898 -0.831012 -2.024215 -13.678092 -0.003608 0.453318 0.000000 -0.000001 0.000000 -38.222842 2.582580 -38.409251 77.126435 -4.207490 -7.561341 -9.857750 -3.826028 27.973193 -9.199251 -0.000012 0.000013 -0.000001 0.000007 -0.000001 
-6.864779 71.866646 182.368301 -66.552482 78.192982 63.232115 9.017032 5.515325 -0.581799 3.863381 2.493608 1.431685 3.803218 2.608656 1.415098 12.239374 -9.899743 7.150204 18.674321 -44.082198 15.045187 0.000000 -0.000002 -0.000000 0.123295 -10.049808 -17.586878 36.679236 -51.945996 14.559578 15.359028 -93.717108 15.395166 -63.339418 -10.038636 -33.027274 9.775913 16.357217 0.858856 6.054012 27.805345 -18.599819 -6.037793 60.816298 17.107006 0.000002 0.000001 0.000001 17.472841 9.224740 -83.155770 23.312537 4.675903 -117.724116 21.566946 6.194452 -108.116786 -0.000001 -0.000005 -0.000003 11.592367 8.281172 -86.537698 16.149767 12.964999 -105.880343 18.073341 11.765594 -118.360922 0.000000 -0.000000 -0.000001 4.991171 7.872674 -92.729531 10.803504 17.923613 -103.552648 10.498644 17.411848 -100.924917 0.000001 -0.000003 -0.000001 1.243699 8.584911 -92.369928 8.659888 15.362660 -98.315696 16.024896 19.714778 -130.655440 -0.000002 0.000001 -0.000003 -9.069387 -32.958115 -17.276386 -98.907389 28.339802 15.788715 -178.939618 47.206880 178.534178 -30.212806 36.039421 -30.169441 7.289181 -17.786646 4.440309 20.544473 -23.758796 7.065907 17.377531 -52.365278 9.460087 -0.000001 0.000003 -0.000001 19.275854 -8.774067 82.782405 22.821884 -2.963214 115.997717 22.107927 -3.322708 114.153983 -0.000002 0.000001 -0.000001 11.485761 -7.534579 85.331206 16.189398 -11.109624 107.924017 15.949310 -10.923151 105.235156 0.000004 -0.000001 -0.000002 4.330904 -7.313575 92.054312 11.183939 -15.225701 101.327400 11.710484 -15.181048 103.581055 -0.000001 0.000002 0.000002 -3.765944 -7.773547 94.669455 6.267342 -18.769751 95.066958 14.996445 -19.450046 135.720121 0.000000 -0.000002 -0.000003 -66.546492 9.594849 17.979028 105.974012 -1.335055 -1.400587 -23.831662 -0.667233 2.607457 -10.964087 0.000029 0.000009 -0.000000 -0.000001 0.000000 -37.582552 2.744030 -36.663930 80.098407 -2.630253 -7.413299 -10.682206 -3.760221 28.835365 -13.058793 0.000006 0.000011 -0.000001 -0.000004 -0.000000 
-6.918743 71.888199 184.994171 -69.480359 77.936666 65.181841 9.711136 4.089418 -0.473424 4.207272 1.828567 1.366053 4.169606 1.934735 1.352949 12.696758 -9.987612 7.882864 18.894754 -43.735846 15.732328 0.000002 -0.000003 -0.000000 0.189742 -9.811468 -16.703221 32.964351 -50.339963 12.346738 8.502996 -96.638270 8.565765 -61.016935 -10.992979 -31.720539 9.775929 16.357217 0.858863 6.054006 27.805348 -18.599819 -6.037783 60.816291 17.106993 0.000000 0.000004 0.000003 17.472845 9.224750 -83.155764 23.312539 4.675915 -117.724089 21.566940 6.194447 -108.116772 -0.000000 0.000000 0.000002 11.592395 8.281152 -86.537684 16.149767 12.964975 -105.880336 18.073341 11.765601 -118.360949 0.000002 0.000001 0.000004 4.991168 7.872676 -92.729531 10.803491 17.923632 -103.552635 10.498657 17.411855 -100.924904 -0.000001 -0.000000 -0.000000 1.243708 8.584917 -92.369921 8.659889 15.362648 -98.315717 16.024893 19.714759 -130.655454 -0.000003 0.000001 -0.000002 -7.669607 -32.012222 -14.804725 -99.781318 27.666287 15.134634 -179.064611 43.654932 178.622178 -27.312171 34.746572 -30.215845 7.289180 -17.786654 4.440309 20.544499 -23.758774 7.065920 17.377536 -52.365315 9.460106 -0.000001 -0.000001 -0.000001 19.275853 -8.774061 82.782405 22.821877 -2.963206 115.997731 22.107941 -3.322704 114.153976 0.000000 -0.000000 0.000001 11.485758 -7.534564 85.331206 16.189398 -11.109612 107.924017 15.949308 -10.923155 105.235156 -0.000004 -0.000001 0.000001 4.330899 -7.313584 92.054312 11.183938 -15.225701 101.327400 11.710468 -15.181052 103.581076 -0.000002 0.000000 -0.000000 -3.765933 -7.773558 94.669475 6.267341 -18.769744 95.066951 14.996442 -19.450031 135.720094 -0.000007 0.000004 -0.000003 -65.222542 9.643324 17.864860 104.153964 2.782222 -1.330574 -27.180810 -1.338762 4.265153 -8.076586 0.000025 0.000010 0.000000 0.000001 0.000000 -36.803641 2.840174 -34.565986 82.602279 -1.066565 -7.412055 -11.193852 -2.809286 28.798034 -17.364498 -0.000013 0.000023 -0.000000 -0.000003 -0.000000 
-6.845163 71.921318 187.320374 -71.067497 77.666040 65.663847 10.474324 2.675746 -0.136349 4.555655 1.158360 1.384409 4.534995 1.257516 1.374023 12.433864 -10.136152 8.392324 17.288874 -43.406778 15.114285 0.000003 -0.000002 -0.000000 0.202439 -9.758293 -16.535060 29.777463 -48.525158 10.347825 5.260417 -100.630290 5.359286 -58.602921 -10.422453 -29.965075 9.775918 16.357232 0.858853 6.053984 27.805352 -18.599816 -6.037780 60.816291 17.107006 0.000001 0.000003 0.000001 17.472855 9.224748 -83.155770 23.312513 4.675899 -117.724102 21.566925 6.194442 -108.116765 -0.000002 0.000001 -0.000000 11.592383 8.281159 -86.537698 16.149760 12.964983 -105.880336 18.073333 11.765598 -118.360922 0.000001 0.000001 0.000001 4.991170 7.872678 -92.729544 10.803483 17.923629 -103.552648 10.498656 17.411853 -100.924917 0.000001 -0.000001 -0.000001 1.243704 8.584925 -92.369914 8.659898 15.362672 -98.315696 16.024889 19.714771 -130.655426 0.000000 -0.000002 0.000001 -6.211796 -30.719223 -12.241982 -100.818612 27.258252 15.250740 -179.126315 41.731609 178.663433 -23.905222 31.525752 -30.824958 7.289171 -17.786637 4.440297 20.544495 -23.758772 7.065915 17.377548 -52.365298 9.460113 -0.000003 0.000000 0.000001 19.275839 -8.774052 82.782412 22.821878 -2.963208 115.997690 22.107936 -3.322706 114.153976 -0.000002 0.000001 -0.000001 11.485744 -7.534581 85.331199 16.189389 -11.109610 107.923997 15.949313 -10.923146 105.235183 -0.000004 0.000001 -0.000001 4.330909 -7.313583 92.054332 11.183940 -15.225694 101.327373 11.710471 -15.181031 103.581055 -0.000003 0.000000 0.000000 -3.765949 -7.773544 94.669475 6.267334 -18.769741 95.066944 14.996430 -19.450026 135.720094 -0.000001 -0.000001 -0.000001 -64.172168 8.042005 17.553279 103.085135 6.719104 -0.798105 -28.702494 -1.398766 3.845586 -5.484708 -0.000001 0.000007 -0.000000 -0.000001 -0.000000 -36.144883 2.782966 -32.646747 84.263156 -0.338844 -7.370111 -10.849308 -0.246334 29.659837 -17.762341 -0.003042 0.371819 -0.000000 -0.000001 0.000000 
-6.690919 71.987076 189.370010 -71.306929 77.580649 65.023374 11.040470 1.601949 0.229328 4.807592 0.644084 1.454748 4.797112 0.737684 1.446867 11.736820 -10.357920 8.642086 14.617942 -43.388411 13.805714 0.000003 0.000002 -0.000001 0.196513 -9.738565 -16.664046 27.647332 -47.419179 8.608141 3.972488 -103.948266 4.101373 -56.607966 -8.914593 -29.220191 9.775928 16.357224 0.858840 6.053987 27.805345 -18.599838 -6.037790 60.816305 17.106998 0.000001 0.000003 -0.000000 17.472838 9.224744 -83.155770 23.312522 4.675930 -117.724102 21.566952 6.194448 -108.116779 -0.000002 0.000000 -0.000000 11.592370 8.281181 -86.537691 16.149769 12.964990 -105.880322 18.073331 11.765587 -118.360936 -0.000001 0.000003 0.000002 4.991186 7.872689 -92.729544 10.803495 17.923618 -103.552635 10.498665 17.411853 -100.924911 -0.000000 -0.000001 -0.000001 1.243712 8.584921 -92.369914 8.659905 15.362653 -98.315703 16.024893 19.714781 -130.655481 -0.000001 0.000002 -0.000001 -5.069901 -29.183438 -10.324654 -101.984608 27.030211 15.938036 -179.150562 40.942743 178.679210 -20.552528 27.130273 -31.293546 7.289196 -17.786642 4.440304 20.544487 -23.758770 7.065932 17.377541 -52.365278 9.460112 -0.000001 0.000000 0.000001 19.275834 -8.774069 82.782378 22.821873 -2.963209 115.997731 22.107927 -3.322712 114.153976 -0.000005 0.000001 -0.000003 11.485760 -7.534577 85.331199 16.189410 -11.109616 107.924017 15.949322 -10.923138 105.235163 0.000003 -0.000002 0.000000 4.330902 -7.313577 92.054319 11.183928 -15.225697 101.327352 11.710473 -15.181057 103.581048 -0.000000 0.000001 0.000001 -3.765941 -7.773554 94.669455 6.267352 -18.769763 95.066978 14.996450 -19.450039 135.720121 0.000004 0.000001 -0.000001 -63.510289 5.553078 17.201941 102.602398 9.358466 -0.038338 -28.776864 -0.857324 1.618293 -3.671724 -0.000000 0.000005 -0.000000 0.000000 0.000000 -36.056470 2.709016 -31.215392 85.605780 0.430311 -7.171292 -10.004607 2.413101 30.387600 -19.965514 -0.158385 2.717522 -0.000000 -0.000003 0.000000 
-6.488093 72.130760 191.162628 -70.050365 77.686865 63.302712 11.260387 1.009079 0.483626 4.920070 0.359054 1.511448 4.914371 0.447700 1.505378 10.944693 -10.626100 8.610097 11.816414 -43.760954 12.413217 0.000003 0.000002 -0.000001 0.196153 -9.666602 -16.753073 26.618379 -47.331544 7.086702 3.510898 -105.693107 3.655608 -55.174268 -7.443108 -29.670786 9.775916 16.357226 0.858858 6.053986 27.805345 -18.599819 -6.037760 60.816298 17.106972 -0.000002 -0.000000 -0.000002 17.472862 9.224731 -83.155777 23.312525 4.675915 -117.724102 21.566956 6.194460 -108.116786 -0.000001 -0.000002 -0.000000 11.592372 8.281175 -86.537691 16.149755 12.964989 -105.880329 18.073343 11.765610 -118.360949 0.000000 0.000001 -0.000003 4.991182 7.872683 -92.729544 10.803505 17.923632 -103.552648 10.498658 17.411841 -100.924931 0.000000 -0.000003 -0.000005 1.243706 8.584913 -92.369935 8.659898 15.362685 -98.315703 16.024913 19.714781 -130.655440 -0.000001 -0.000001 0.000001 -4.331326 -27.577850 -9.213824 -103.163580 26.705136 16.916895 -179.137243 41.379356 178.670577 -16.915155 23.509497 -31.105679 7.289174 -17.786629 4.440313 20.544475 -23.758741 7.065927 17.377547 -52.365308 9.460095 -0.000001 -0.000003 0.000001 19.275853 -8.774053 82.782405 22.821877 -2.963215 115.997704 22.107934 -3.322703 114.153990 0.000000 -0.000000 -0.000001 11.485757 -7.534568 85.331206 16.189391 -11.109609 107.923990 15.949299 -10.923141 105.235149 0.000003 0.000000 -0.000001 4.330890 -7.313573 92.054305 11.183929 -15.225716 101.327352 11.710490 -15.181041 103.581082 -0.000002 -0.000000 0.000001 -3.765940 -7.773555 94.669475 6.267357 -18.769749 95.066951 14.996454 -19.450022 135.720107 0.000002 -0.000001 -0.000001 -63.145249 3.021395 17.063899 102.375711 10.289075 0.687346 -27.889764 -0.068351 -1.435248 -2.675986 0.000016 0.000007 0.000000 -0.000001 0.000000 -36.662898 2.639859 -30.317827 86.852747 1.106144 -6.835945 -9.144580 4.528713 30.244160 -23.441208 -0.373136 2.772707 -0.000000 0.000002 0.000000 
-6.274853 72.343277 192.773865 -67.228124 77.857012 60.504882 11.153970 0.866001 0.487309 4.908721 0.292922 1.488514 4.904190 0.376528 1.483249 10.315671 -10.907610 8.366296 9.683123 -44.433881 11.436653 0.000000 0.000000 0.000001 0.206839 -9.544246 -16.698557 26.487737 -47.972619 5.938649 3.460929 -105.907909 3.607640 -54.217553 -6.625660 -30.695126 9.775924 16.357231 0.858860 6.053992 27.805343 -18.599826 -6.037802 60.816291 17.107016 0.000005 0.000004 0.000002 17.472853 9.224752 -83.155770 23.312525 4.675904 -117.724116 21.566940 6.194442 -108.116758 -0.000000 0.000003 -0.000002 11.592376 8.281170 -86.537677 16.149769 12.964998 -105.880315 18.073348 11.765595 -118.360936 0.000002 0.000001 0.000002 4.991187 7.872690 -92.729551 10.803507 17.923617 -103.552635 10.498666 17.411855 -100.924958 -0.000000 -0.000003 -0.000001 1.243710 8.584931 -92.369928 8.659908 15.362677 -98.315717 16.024898 19.714762 -130.655454 0.000000 -0.000002 -0.000001 -3.871008 -26.099060 -8.630898 -104.329657 26.269717 18.128606 -179.113843 42.130171 178.655223 -14.164412 20.420399 -30.896781 7.289182 -17.786644 4.440315 20.544465 -23.758784 7.065907 17.377547 -52.365291 9.460097 0.000001 -0.000003 0.000001 19.275856 -8.774064 82.782412 22.821872 -2.963198 115.997704 22.107931 -3.322699 114.153983 -0.000001 0.000001 0.000001 11.485769 -7.534569 85.331220 16.189398 -11.109608 107.923990 15.949311 -10.923142 105.235163 0.000002 0.000001 0.000000 4.330913 -7.313576 92.054319 11.183928 -15.225694 101.327373 11.710471 -15.181035 103.581055 -0.000002 -0.000000 -0.000000 -3.765951 -7.773542 94.669482 6.267344 -18.769749 95.066958 14.996442 -19.450039 135.720094 0.000002 -0.000001 -0.000000 -62.977773 1.128696 17.248152 102.073004 10.009631 1.223058 -26.292204 0.480934 -3.709175 -2.959910 -0.000003 0.000485 0.000000 0.000003 -0.000000 -37.753181 2.638216 -29.887678 87.967509 1.501429 -6.453482 -8.378484 6.023107 29.955297 -27.065805 -0.342797 1.577472 -0.000000 0.000003 0.000000 
-6.071528 72.615105 194.253494 -63.149552 77.944083 56.859723 10.855566 1.042054 0.200345 4.824101 0.384810 1.354464 4.818510 0.463840 1.349357 9.954104 -11.181735 8.068478 8.624235 -45.226391 11.158983 0.000002 0.000001 -0.000001 0.224117 -9.407564 -16.533354 26.858182 -48.862118 5.347864 3.670282 -105.044348 3.809133 -53.644500 -6.463384 -31.630623 9.775935 16.357239 0.858849 6.053995 27.805321 -18.599824 -6.037790 60.816305 17.106987 0.000003 0.000003 -0.000000 17.472835 9.224735 -83.155770 23.312515 4.675917 -117.724102 21.566954 6.194460 -108.116813 -0.000001 0.000001 0.000000 11.592364 8.281142 -86.537698 16.149762 12.965012 -105.880329 18.073362 11.765582 -118.360936 0.000001 0.000001 0.000001 4.991188 7.872681 -92.729571 10.803478 17.923618 -103.552648 10.498650 17.411867 -100.924945 0.000001 -0.000001 -0.000001 1.243705 8.584915 -92.369928 8.659897 15.362672 -98.315703 16.024903 19.714786 -130.655440 0.000001 -0.000002 0.000001 -3.532112 -24.893574 -8.211102 -105.436394 25.718941 19.510413 -179.111001 42.220418 178.653338 -12.225226 18.392482 -30.889309 7.289173 -17.786639 4.440303 20.544483 -23.758772 7.065910 17.377550 -52.365291 9.460113 -0.000001 -0.000001 0.000000 19.275851 -8.774058 82.782405 22.821856 -2.963210 115.997704 22.107932 -3.322696 114.153990 -0.000002 -0.000000 0.000003 11.485753 -7.534580 85.331193 16.189403 -11.109622 107.924017 15.949325 -10.923149 105.235156 0.000002 0.000000 -0.000000 4.330902 -7.313598 92.054312 11.183937 -15.225711 101.327400 11.710487 -15.181033 103.581082 0.000000 0.000001 0.000001 -3.765945 -7.773549 94.669475 6.267347 -18.769763 95.066951 14.996450 -19.450038 135.720121 0.000002 -0.000000 -0.000002 -62.938834 0.028416 17.709781 101.715826 9.254061 1.544121 -24.614957 0.680015 -4.698706 -3.514536 0.012299 -0.621885 0.000000 -0.000001 0.000000 -39.030419 2.724433 -29.766132 89.005418 1.524604 -6.110492 -8.163965 6.813791 29.762437 -28.618928 -0.116884 0.446378 0.000000 -0.000001 -0.000000 
-5.876833 72.931641 195.620422 -58.483263 77.863890 52.881517 10.524510 1.383003 -0.317893 4.720808 0.559120 1.126652 4.712917 0.635231 1.121564 9.828165 -11.440933 7.872875 8.535007 -45.956648 11.535520 -0.000001 0.000001 -0.000000 0.243773 -9.279734 -16.303511 27.320260 -49.643277 5.324609 4.057362 -103.668051 4.183706 -53.366057 -6.576324 -32.145599 9.775942 16.357226 0.858836 6.054006 27.805345 -18.599816 -6.037812 60.816284 17.107006 0.000003 0.000004 0.000003 17.472860 9.224751 -83.155770 23.312535 4.675936 -117.724089 21.566949 6.194454 -108.116765 -0.000000 0.000002 0.000000 11.592374 8.281178 -86.537691 16.149757 12.965016 -105.880315 18.073357 11.765591 -118.360922 -0.000001 -0.000002 -0.000000 4.991207 7.872698 -92.729565 10.803490 17.923617 -103.552662 10.498650 17.411853 -100.924917 -0.000001 0.000001 0.000000 1.243722 8.584929 -92.369928 8.659888 15.362644 -98.315690 16.024901 19.714790 -130.655481 -0.000000 0.000002 -0.000001 -3.169309 -23.599355 -7.726132 -106.422796 25.056228 20.997185 -179.133555 41.497330 178.668173 -11.028301 17.290040 -31.207489 7.289163 -17.786639 4.440304 20.544494 -23.758767 7.065907 17.377555 -52.365281 9.460138 0.000000 -0.000008 -0.000001 19.275846 -8.774048 82.782412 22.821868 -2.963206 115.997731 22.107926 -3.322717 114.153997 0.000000 0.000001 -0.000001 11.485751 -7.534568 85.331220 16.189391 -11.109615 107.924003 15.949318 -10.923134 105.235163 0.000000 0.000000 -0.000000 4.330899 -7.313586 92.054305 11.183953 -15.225709 101.327379 11.710478 -15.181045 103.581055 0.000002 0.000000 0.000000 -3.765946 -7.773549 94.669468 6.267359 -18.769754 95.066965 14.996442 -19.450043 135.720094 -0.000000 -0.000001 0.000001 -62.890941 -0.483636 18.271379 101.320344 8.576247 1.718474 -23.056299 0.646130 -4.694362 -4.183506 0.022112 -1.109515 -0.000000 0.000001 -0.000000 -40.184544 2.839662 -29.799863 89.902843 1.285709 -5.857446 -8.649063 7.010487 29.753796 -28.244844 0.151442 -0.589215 0.000000 -0.000001 0.000000 
-5.668467 73.284950 196.861252 -53.989582 77.616398 49.151414 10.278737 1.763701 -0.919348 4.637138 0.752892 0.859506 4.626451 0.828148 0.854383 9.845264 -11.684903 7.844821 8.932011 -46.521993 12.232522 -0.000001 0.000001 -0.000001 0.263068 -9.168880 -16.051110 27.599444 -50.161135 5.693816 4.519901 -102.317299 4.634017 -53.274400 -6.609446 -32.194503 9.775920 16.357219 0.858860 6.053995 27.805343 -18.599835 -6.037772 60.816291 17.107003 0.000003 0.000001 -0.000001 17.472860 9.224743 -83.155764 23.312532 4.675911 -117.724102 21.566959 6.194454 -108.116799 -0.000000 -0.000001 -0.000002 11.592379 8.281167 -86.537691 16.149762 12.965008 -105.880349 18.073348 11.765607 -118.360922 0.000001 -0.000000 0.000004 4.991171 7.872666 -92.729531 10.803495 17.923624 -103.552662 10.498652 17.411872 -100.924917 -0.000001 0.000002 -0.000003 1.243692 8.584916 -92.369914 8.659898 15.362677 -98.315696 16.024903 19.714786 -130.655467 -0.000002 0.000002 0.000002 -2.805702 -22.294441 -7.198867 -107.219517 24.294657 22.523162 -179.165151 40.458427 178.688568 -10.358250 16.780276 -31.730112 7.289176 -17.786644 4.440314 20.544490 -23.758770 7.065934 17.377531 -52.365315 9.460118 -0.000001 0.000002 0.000001 19.275829 -8.774050 82.782405 22.821884 -2.963206 115.997717 22.107934 -3.322692 114.153969 -0.000003 0.000001 -0.000001 11.485746 -7.534580 85.331220 16.189403 -11.109605 107.924003 15.949316 -10.923160 105.235170 -0.000000 -0.000000 -0.000000 4.330906 -7.313580 92.054339 11.183923 -15.225707 101.327400 11.710485 -15.181043 103.581055 0.000001 0.000000 -0.000000 -3.765949 -7.773537 94.669475 6.267336 -18.769729 95.066958 14.996440 -19.450046 135.720107 -0.000002 -0.000001 -0.000001 -62.624953 -0.756980 18.752926 100.835920 8.116162 1.849683 -21.609378 0.571934 -4.483926 -5.087260 0.031783 -1.325505 -0.000000 -0.000001 -0.000000 -40.992289 2.807533 -29.813806 90.501427 1.124734 -5.706921 -9.566909 6.754975 29.314065 -27.798744 0.282762 -1.153891 -0.000000 -0.000003 -0.000000 
-5.423410 73.664314 197.966232 -50.166749 77.244863 46.035304 10.170685 2.111573 -1.450021 4.590473 0.928647 0.616939 4.577062 1.004483 0.611543 9.924202 -11.914421 7.940541 9.287472 -46.927354 12.847389 -0.000001 -0.000001 0.000000 0.278627 -9.082757 -15.836475 27.509751 -50.407097 6.166487 4.946245 -101.286788 5.051020 -53.278399 -6.433772 -31.870076 9.775935 16.357220 0.858848 6.054021 27.805350 -18.599836 -6.037764 60.816305 17.106979 0.000004 0.000003 0.000001 17.472870 9.224757 -83.155770 23.312532 4.675898 -117.724116 21.566954 6.194437 -108.116820 -0.000001 0.000001 -0.000002 11.592379 8.281163 -86.537698 16.149762 12.965000 -105.880329 18.073346 11.765598 -118.360949 -0.000000 -0.000000 0.000000 4.991202 7.872686 -92.729551 10.803484 17.923620 -103.552648 10.498653 17.411865 -100.924917 -0.000001 -0.000001 -0.000001 1.243711 8.584940 -92.369935 8.659896 15.362661 -98.315696 16.024899 19.714772 -130.655454 0.000002 -0.000001 -0.000001 -2.520982 -21.194907 -6.778842 -107.754642 23.456876 24.022895 -179.191638 39.562764 178.705329 -9.995006 16.511045 -32.219358 7.289180 -17.786644 4.440301 20.544470 -23.758760 7.065894 17.377540 -52.365302 9.460126 -0.000000 -0.000001 0.000001 19.275842 -8.774061 82.782385 22.821851 -2.963193 115.997704 22.107931 -3.322723 114.153983 -0.000001 0.000001 -0.000001 11.485751 -7.534565 85.331199 16.189392 -11.109616 107.924003 15.949308 -10.923142 105.235149 -0.000002 -0.000000 -0.000000 4.330897 -7.313571 92.054319 11.183929 -15.225706 101.327400 11.710479 -15.181052 103.581048 -0.000000 0.000001 0.000000 -3.765946 -7.773553 94.669461 6.267342 -18.769735 95.066958 14.996452 -19.450036 135.720107 0.000001 -0.000000 -0.000001 -61.923554 -0.996974 19.012470 100.194053 7.802207 2.035121 -20.605957 0.560938 -4.472819 -5.802391 0.038681 -1.455661 -0.000000 0.000001 -0.000000 -41.338241 2.553388 -29.700784 90.854712 0.932135 -5.635225 -11.295370 6.182005 28.202689 -26.517795 0.226008 -1.025912 0.000000 -0.000004 0.000000 
-5.130787 74.059265 198.942047 -47.110065 76.785533 43.566146 10.188428 2.401708 -1.815158 4.579337 1.073328 0.444906 4.563640 1.150055 0.438866 10.028434 -12.129131 8.059549 9.340371 -47.241010 13.151731 0.000000 0.000001 -0.000000 0.287394 -9.029434 -15.717894 26.972076 -50.445995 6.450890 5.254812 -100.641191 5.353707 -53.341974 -6.105013 -31.339295 9.775937 16.357234 0.858849 6.053992 27.805324 -18.599838 -6.037787 60.816298 17.107022 0.000001 -0.000000 -0.000001 17.472838 9.224744 -83.155770 23.312546 4.675928 -117.724116 21.566956 6.194444 -108.116765 0.000000 -0.000000 -0.000001 11.592378 8.281167 -86.537704 16.149752 12.964983 -105.880302 18.073343 11.765611 -118.360963 -0.000000 0.000001 0.000001 4.991177 7.872675 -92.729551 10.803475 17.923603 -103.552635 10.498646 17.411870 -100.924917 -0.000000 -0.000001 -0.000001 1.243702 8.584910 -92.369942 8.659901 15.362668 -98.315696 16.024894 19.714776 -130.655440 -0.000000 0.000001 -0.000002 -2.355916 -20.426896 -6.567092 -107.958906 22.574282 25.432365 -179.202608 39.183392 178.712173 -9.792769 16.232530 -32.482754 7.289175 -17.786629 4.440303 20.544471 -23.758794 7.065906 17.377550 -52.365285 9.460124 0.000000 -0.000005 -0.000000 19.275858 -8.774052 82.782398 22.821860 -2.963189 115.997731 22.107920 -3.322714 114.153983 -0.000003 0.000000 -0.000001 11.485762 -7.534574 85.331220 16.189391 -11.109599 107.923990 15.949330 -10.923150 105.235183 0.000000 0.000000 -0.000000 4.330914 -7.313563 92.054332 11.183923 -15.225702 101.327359 11.710476 -15.181036 103.581055 0.000001 -0.000001 -0.000001 -3.765932 -7.773540 94.669468 6.267342 -18.769739 95.066951 14.996444 -19.450031 135.720094 -0.000004 -0.000001 0.000001 -60.651930 -1.281920 19.033797 99.330936 7.430621 2.343286 -20.324351 0.672549 -4.936764 -6.184207 0.037544 -1.429758 -0.000000 -0.000001 0.000000 -41.148577 2.124515 -29.454624 90.848599 0.735463 -5.616574 -13.520551 5.463341 27.099855 -24.914022 0.145783 -0.764656 -0.000000 0.000002 0.000000 
-4.785857 74.464218 199.792755 -44.593694 76.254465 41.503607 10.266427 2.636946 -1.992510 4.585571 1.189524 0.357681 4.568127 1.266834 0.350754 10.159997 -12.329770 8.117364 9.161053 -47.532407 13.167602 -0.000000 0.000001 0.000000 0.289130 -9.007725 -15.706507 26.022626 -50.372860 6.349919 5.446175 -100.276569 5.541829 -53.463285 -5.736980 -30.815672 9.775936 16.357207 0.858848 6.053992 27.805352 -18.599814 -6.037789 60.816298 17.107004 -0.000003 0.000003 0.000000 17.472850 9.224743 -83.155770 23.312532 4.675910 -117.724089 21.566934 6.194427 -108.116799 -0.000000 -0.000002 -0.000001 11.592390 8.281154 -86.537718 16.149769 12.964986 -105.880336 18.073346 11.765570 -118.360949 0.000001 -0.000002 0.000000 4.991188 7.872683 -92.729544 10.803480 17.923613 -103.552635 10.498657 17.411846 -100.924904 -0.000000 -0.000002 0.000001 1.243702 8.584922 -92.369935 8.659896 15.362673 -98.315690 16.024901 19.714784 -130.655440 -0.000001 -0.000001 0.000001 -2.267728 -19.901001 -6.491865 -107.769826 21.685460 26.690007 -179.199179 39.302493 178.710028 -9.668952 15.841227 -32.470634 7.289176 -17.786651 4.440310 20.544516 -23.758769 7.065908 17.377552 -52.365274 9.460126 -0.000001 -0.000001 0.000001 19.275853 -8.774047 82.782425 22.821856 -2.963207 115.997717 22.107924 -3.322701 114.153990 -0.000001 0.000001 -0.000000 11.485761 -7.534564 85.331213 16.189384 -11.109626 107.924038 15.949315 -10.923153 105.235177 0.000000 -0.000000 -0.000000 4.330913 -7.313580 92.054319 11.183922 -15.225716 101.327352 11.710490 -15.181040 103.581055 0.000001 0.000000 -0.000001 -3.765916 -7.773553 94.669482 6.267335 -18.769742 95.066944 14.996452 -19.450024 135.720094 -0.000000 0.000001 -0.000001 -58.821077 -1.566632 18.891847 98.224486 6.912474 2.795129 -20.902170 0.918896 -5.883192 -6.190975 0.025757 -1.182675 -0.000000 -0.000001 0.000000 -40.538884 1.596802 -29.035667 90.531958 0.525186 -5.624366 -15.995504 4.642266 26.016250 -23.174381 0.062185 -0.389529 0.000000 -0.000000 -0.000000 
-4.393368 74.874100 200.525269 -42.233990 75.657056 39.479682 10.311998 2.834644 -2.018096 4.580664 1.286346 0.342598 4.561888 1.363555 0.334859 10.330381 -12.520709 8.088878 8.965860 -47.840841 13.049580 0.000000 -0.000002 0.000000 0.286691 -9.005285 -15.759014 24.794229 -50.283439 5.814965 5.587336 -100.023093 5.680664 -53.610356 -5.406105 -30.489459 9.775925 16.357224 0.858848 6.053979 27.805342 -18.599824 -6.037775 60.816312 17.106991 0.000003 0.000001 -0.000000 17.472850 9.224746 -83.155770 23.312525 4.675908 -117.724102 21.566951 6.194441 -108.116779 0.000000 -0.000000 -0.000001 11.592387 8.281167 -86.537718 16.149764 12.964988 -105.880336 18.073348 11.765592 -118.360949 0.000002 -0.000001 -0.000002 4.991170 7.872700 -92.729537 10.803493 17.923632 -103.552662 10.498650 17.411848 -100.924911 0.000001 -0.000000 -0.000004 1.243711 8.584933 -92.369935 8.659900 15.362648 -98.315690 16.024882 19.714771 -130.655440 0.000001 0.000001 -0.000001 -2.150867 -19.368644 -6.325278 -107.199969 20.802422 27.739862 -179.185764 39.762264 178.701641 -9.562475 15.352747 -32.279617 7.289178 -17.786639 4.440303 20.544485 -23.758774 7.065905 17.377550 -52.365312 9.460110 -0.000002 -0.000003 -0.000000 19.275859 -8.774054 82.782419 22.821855 -2.963182 115.997717 22.107914 -3.322703 114.153983 -0.000001 0.000000 -0.000001 11.485752 -7.534561 85.331213 16.189392 -11.109626 107.924010 15.949303 -10.923151 105.235163 -0.000000 -0.000000 0.000000 4.330904 -7.313589 92.054332 11.183940 -15.225709 101.327373 11.710476 -15.181031 103.581082 -0.000000 0.000000 0.000001 -3.765954 -7.773536 94.669475 6.267334 -18.769754 95.066958 14.996430 -19.450043 135.720094 0.000002 -0.000000 -0.000001 -56.607006 -1.758659 18.682415 96.913049 6.373064 3.358099 -22.238550 1.274071 -7.090962 -5.896226 0.008863 -0.694334 -0.000000 0.000000 0.000000 -39.713510 1.129180 -28.461391 89.999552 0.334345 -5.645208 -18.338192 3.747576 25.231463 -21.353991 0.017713 -0.138689 -0.000000 -0.000002 -0.000000 
-3.968362 75.292755 201.150253 -39.715658 75.001242 37.201090 10.249511 3.015434 -1.940791 4.540390 1.372015 0.375646 4.520580 1.448215 0.367473 10.531529 -12.708636 8.005499 8.871650 -48.170029 12.907809 0.000000 0.000002 -0.000000 0.283834 -9.006887 -15.815812 23.464370 -50.251215 4.945611 5.747958 -99.749305 5.838809 -53.693927 -5.122155 -30.431437 9.775923 16.357217 0.858846 6.054003 27.805348 -18.599814 -6.037783 60.816291 17.106994 0.000002 0.000004 0.000001 17.472850 9.224731 -83.155784 23.312523 4.675913 -117.724102 21.566935 6.194437 -108.116779 -0.000001 -0.000001 -0.000002 11.592393 8.281142 -86.537691 16.149772 12.964984 -105.880336 18.073353 11.765590 -118.360936 -0.000000 -0.000000 0.000005 4.991174 7.872682 -92.729551 10.803498 17.923637 -103.552648 10.498658 17.411860 -100.924911 0.000000 -0.000001 -0.000006 1.243711 8.584917 -92.369935 8.659894 15.362672 -98.315703 16.024879 19.714769 -130.655454 -0.000000 0.000001 0.000000 -1.905180 -18.595009 -5.821493 -106.277491 19.923238 28.569556 -179.169345 40.318173 178.691245 -9.418138 14.842406 -32.083622 7.289172 -17.786637 4.440301 20.544511 -23.758764 7.065917 17.377547 -52.365291 9.460144 0.000001 -0.000005 -0.000000 19.275847 -8.774058 82.782412 22.821878 -2.963229 115.997704 22.107943 -3.322710 114.153990 -0.000000 0.000000 -0.000000 11.485752 -7.534568 85.331199 16.189386 -11.109624 107.924017 15.949316 -10.923167 105.235156 -0.000001 0.000001 0.000000 4.330898 -7.313586 92.054312 11.183931 -15.225702 101.327352 11.710493 -15.181036 103.581082 -0.000000 -0.000000 -0.000001 -3.765941 -7.773551 94.669468 6.267339 -18.769754 95.066951 14.996452 -19.450046 135.720107 0.000001 0.000000 -0.000001 -54.280388 -1.795816 18.468405 95.474727 6.066145 3.961218 -24.002979 1.680062 -8.265430 -5.454216 0.000012 -0.012873 -0.000000 -0.000001 -0.000000 -38.913538 0.840620 -27.757617 89.370792 0.196701 -5.682485 -20.194542 2.894433 24.830249 -19.673149 0.012579 -0.128523 -0.000000 -0.000001 0.000000 
-3.530418 75.714638 201.678070 -36.958748 74.297432 34.616126 10.063501 3.185492 -1.801915 4.460884 1.450043 0.435238 4.440387 1.523702 0.427196 10.729291 -12.897084 7.919906 8.786799 -48.492417 12.723431 0.000001 -0.000001 -0.000001 0.282725 -9.003386 -15.842388 22.191269 -50.313588 3.941640 5.955322 -99.417249 6.043205 -53.622029 -4.843431 -30.551583 9.775934 16.357227 0.858834 6.053995 27.805350 -18.599811 -6.037792 60.816312 17.107015 0.000008 0.000001 -0.000000 17.472835 9.224748 -83.155770 23.312539 4.675915 -117.724116 21.566947 6.194453 -108.116792 0.000000 0.000001 -0.000003 11.592373 8.281153 -86.537698 16.149752 12.965004 -105.880343 18.073374 11.765591 -118.360936 0.000002 0.000001 0.000003 4.991178 7.872700 -92.729551 10.803501 17.923634 -103.552655 10.498662 17.411849 -100.924924 -0.000002 -0.000001 0.000002 1.243695 8.584927 -92.369928 8.659916 15.362692 -98.315696 16.024898 19.714762 -130.655454 -0.000001 0.000001 0.000002 -1.502212 -17.495519 -4.859626 -104.979857 19.065978 29.188906 -179.156723 40.738438 178.683172 -9.204532 14.393171 -32.034359 7.289150 -17.786632 4.440307 20.544488 -23.758770 7.065925 17.377559 -52.365322 9.460107 -0.000001 -0.000001 0.000000 19.275859 -8.774055 82.782419 22.821875 -2.963194 115.997704 22.107941 -3.322700 114.153976 -0.000000 0.000000 -0.000001 11.485749 -7.534553 85.331220 16.189384 -11.109625 107.924017 15.949332 -10.923149 105.235183 0.000001 0.000000 -0.000000 4.330895 -7.313583 92.054339 11.183925 -15.225704 101.327373 11.710471 -15.181038 103.581055 -0.000001 0.000000 -0.000000 -3.765938 -7.773546 94.669468 6.267351 -18.769747 95.066944 14.996454 -19.450045 135.720107 -0.000000 -0.000001 0.000001 -52.117209 -1.679782 18.261638 94.036316 6.192623 4.528116 -25.772003 2.062204 -9.191665 -5.835910 0.000034 0.000004 -0.000000 -0.000001 -0.000001 -38.353630 0.758821 -26.948406 88.772542 0.077680 -5.749185 -21.324621 2.337402 24.485344 -18.698531 0.010250 -0.128293 -0.000000 0.000001 0.000000 
-3.108050 76.133575 202.124512 -34.106587 73.540374 31.890095 9.809682 3.337124 -1.623742 4.363410 1.517438 0.507470 4.342843 1.586862 0.500053 10.881172 -13.081773 7.868366 8.493187 -48.757691 12.394072 0.000001 -0.000000 0.000001 0.283673 -8.992328 -15.835503 21.070498 -50.466379 3.024758 6.185310 -99.074407 6.270109 -53.384082 -4.512560 -30.654903 9.775935 16.357222 0.858840 6.053993 27.805360 -18.599811 -6.037780 60.816305 17.106984 0.000003 0.000003 0.000000 17.472865 9.224745 -83.155770 23.312535 4.675910 -117.724102 21.566947 6.194433 -108.116772 -0.000000 0.000001 0.000001 11.592384 8.281159 -86.537691 16.149765 12.964992 -105.880315 18.073336 11.765599 -118.360922 0.000000 -0.000001 -0.000002 4.991170 7.872676 -92.729551 10.803485 17.923620 -103.552641 10.498650 17.411853 -100.924945 -0.000001 0.000002 -0.000004 1.243710 8.584923 -92.369928 8.659895 15.362661 -98.315696 16.024899 19.714791 -130.655426 0.000001 -0.000000 -0.000002 -0.991456 -16.132630 -3.482892 -103.298094 18.243314 29.615301 -179.152310 40.884143 178.680330 -8.942330 14.065999 -32.174364 7.289169 -17.786629 4.440312 20.544499 -23.758772 7.065920 17.377516 -52.365291 9.460111 -0.000002 0.000000 0.000001 19.275847 -8.774043 82.782405 22.821853 -2.963202 115.997704 22.107915 -3.322718 114.153983 0.000000 0.000000 -0.000000 11.485763 -7.534558 85.331206 16.189398 -11.109613 107.924017 15.949313 -10.923150 105.235156 0.000001 0.000000 0.000000 4.330908 -7.313580 92.054319 11.183943 -15.225689 101.327400 11.710474 -15.181053 103.581048 -0.000000 0.000001 -0.000002 -3.765941 -7.773535 94.669475 6.267347 -18.769766 95.066944 14.996452 -19.450019 135.720121 -0.000001 -0.000001 0.000000 -50.275646 -1.469088 18.064534 92.708234 6.756150 5.016805 -27.185941 2.362339 -9.810369 -6.349473 0.000042 0.000005 0.000000 -0.000001 -0.000000 -38.172087 0.902546 -26.123040 88.322064 -0.036224 -5.860090 -21.510976 2.309085 24.196410 -18.689879 0.011653 -0.150487 -0.000000 -0.000000 0.000000 
-2.732831 76.542618 202.511932 -31.392045 72.696128 29.268815 9.584968 3.450049 -1.422662 4.282462 1.565594 0.584870 4.262746 1.629169 0.578300 10.959629 -13.249439 7.856169 7.812236 -48.896153 11.828869 0.000002 -0.000001 0.000001 0.287149 -8.969710 -15.789630 20.122622 -50.669680 2.350902 6.376633 -98.807449 6.458975 -53.072288 -4.110424 -30.552263 9.775926 16.357231 0.858872 6.053987 27.805350 -18.599828 -6.037766 60.816291 17.106984 0.000002 0.000003 -0.000002 17.472838 9.224732 -83.155770 23.312542 4.675912 -117.724089 21.566951 6.194445 -108.116772 0.000000 0.000001 -0.000000 11.592364 8.281149 -86.537698 16.149759 12.965015 -105.880336 18.073343 11.765598 -118.360949 0.000002 0.000000 -0.000001 4.991157 7.872667 -92.729531 10.803472 17.923632 -103.552641 10.498660 17.411867 -100.924917 -0.000002 -0.000001 -0.000001 1.243691 8.584922 -92.369921 8.659908 15.362685 -98.315696 16.024894 19.714781 -130.655454 -0.000000 0.000002 -0.000004 -0.446749 -14.594711 -1.817272 -101.237023 17.460870 29.876477 -179.151204 40.920705 178.679620 -8.717602 13.892036 -32.393391 7.289186 -17.786632 4.440307 20.544492 -23.758765 7.065925 17.377555 -52.365281 9.460143 -0.000000 -0.000001 0.000000 19.275849 -8.774055 82.782405 22.821877 -2.963207 115.997731 22.107929 -3.322706 114.153990 -0.000001 0.000000 -0.000000 11.485761 -7.534566 85.331206 16.189382 -11.109608 107.924003 15.949303 -10.923159 105.235156 0.000001 0.000000 -0.000000 4.330907 -7.313582 92.054305 11.183948 -15.225713 101.327379 11.710466 -15.181045 103.581035 0.000000 0.000001 -0.000001 -3.765923 -7.773542 94.669468 6.267350 -18.769734 95.066958 14.996450 -19.450053 135.720107 -0.000000 0.000000 -0.000001 -48.737682 -1.233647 17.911894 91.533100 7.534235 5.440889 -28.075199 2.568714 -10.206125 -6.877756 0.000030 -0.000001 -0.000000 0.000000 -0.000000 -38.439075 1.388519 -25.469743 88.142621 -0.032856 -6.029670 -20.480712 2.875341 24.842699 -19.100156 0.075413 -0.934302 0.000000 -0.000002 0.000000 
-2.415132 76.960289 202.848145 -29.002028 71.710791 26.914640 9.474894 3.490497 -1.195076 4.245378 1.581238 0.663624 4.227582 1.637840 0.657733 10.964803 -13.380107 7.869082 6.709606 -48.814672 11.002946 0.000003 -0.000000 0.000000 0.296104 -8.921178 -15.658869 19.303670 -50.863118 1.950817 6.456380 -98.700735 6.537810 -52.801894 -3.710194 -30.133149 9.775934 16.357217 0.858856 6.054005 27.805345 -18.599838 -6.037810 60.816305 17.107025 -0.000001 0.000001 -0.000001 17.472848 9.224743 -83.155770 23.312517 4.675910 -117.724102 21.566954 6.194454 -108.116779 -0.000001 0.000001 -0.000001 11.592370 8.281167 -86.537698 16.149757 12.965002 -105.880329 18.073367 11.765607 -118.360936 0.000001 -0.000001 -0.000002 4.991181 7.872685 -92.729544 10.803523 17.923620 -103.552669 10.498659 17.411853 -100.924924 0.000000 0.000002 -0.000001 1.243706 8.584918 -92.369914 8.659895 15.362670 -98.315703 16.024911 19.714788 -130.655440 -0.000000 0.000003 -0.000002 0.085437 -12.872039 0.059615 -98.814881 16.716130 30.013627 -179.152392 40.881544 178.680385 -8.671012 13.879733 -32.449877 7.289167 -17.786627 4.440290 20.544485 -23.758762 7.065919 17.377567 -52.365312 9.460146 -0.000000 -0.000001 0.000001 19.275854 -8.774044 82.782412 22.821849 -2.963219 115.997704 22.107936 -3.322703 114.153990 -0.000001 -0.000001 0.000000 11.485761 -7.534552 85.331206 16.189391 -11.109612 107.924010 15.949310 -10.923147 105.235170 0.000001 -0.000001 0.000000 4.330900 -7.313576 92.054305 11.183941 -15.225695 101.327400 11.710472 -15.181052 103.581076 -0.000001 0.000001 -0.000002 -3.765935 -7.773539 94.669475 6.267338 -18.769742 95.066958 14.996449 -19.450041 135.720107 -0.000000 -0.000001 -0.000002 -47.311624 -0.997886 17.891511 90.428617 8.189970 5.858568 -28.520018 2.711584 -10.523342 -6.807685 -0.000003 0.000014 -0.000000 0.000000 0.000000 -39.204125 2.267438 -25.097940 88.226168 0.417646 -6.280747 -17.651065 4.057782 26.546667 -20.329331 0.274551 -2.632837 -0.000000 0.000000 0.000000 
-2.156672 77.378700 203.151810 -26.984788 70.518677 24.846381 9.516363 3.420307 -0.951335 4.258201 1.547740 0.741608 4.243291 1.597099 0.735875 10.922796 -13.450352 7.893580 5.286334 -48.397371 9.949998 0.000002 -0.000000 0.000000 0.315627 -8.824104 -15.355971 18.531270 -50.982639 1.738468 6.368515 -98.818528 6.451001 -52.582146 -3.490656 -29.362789 9.775927 16.357224 0.858843 6.054003 27.805345 -18.599824 -6.037780 60.816291 17.106991 0.000005 0.000004 0.000002 17.472852 9.224738 -83.155770 23.312546 4.675938 -117.724089 21.566958 6.194453 -108.116779 0.000000 -0.000001 0.000001 11.592382 8.281160 -86.537698 16.149769 12.964998 -105.880336 18.073336 11.765592 -118.360936 -0.000000 0.000001 0.000001 4.991177 7.872675 -92.729551 10.803486 17.923622 -103.552628 10.498672 17.411856 -100.924945 -0.000000 0.000001 -0.000002 1.243697 8.584919 -92.369935 8.659883 15.362668 -98.315690 16.024887 19.714786 -130.655440 0.000001 -0.000000 -0.000002 0.589832 -10.839249 2.205186 -96.062636 15.999532 30.083988 -179.148321 41.016232 178.677762 -8.966388 14.026405 -32.068312 7.289180 -17.786629 4.440292 20.544475 -23.758765 7.065908 17.377550 -52.365285 9.460116 -0.000001 -0.000001 0.000000 19.275856 -8.774065 82.782398 22.821882 -2.963197 115.997731 22.107919 -3.322709 114.153983 0.000000 0.000001 -0.000001 11.485754 -7.534562 85.331213 16.189389 -11.109624 107.923997 15.949330 -10.923156 105.235170 0.000001 -0.000000 -0.000000 4.330900 -7.313579 92.054298 11.183940 -15.225713 101.327366 11.710480 -15.181033 103.581055 -0.000000 -0.000000 0.000001 -3.765940 -7.773544 94.669468 6.267347 -18.769758 95.066951 14.996435 -19.450036 135.720080 -0.000001 -0.000001 -0.000002 -45.798973 -0.753814 18.112482 89.322099 8.421392 6.331848 -28.728800 2.855573 -10.910647 -7.038395 0.000002 -0.000006 0.000001 0.000000 -0.000001 -40.448937 3.413904 -24.927563 88.425883 1.454612 -6.648130 -12.896248 6.011291 28.763583 -22.897803 0.801339 -4.926477 0.000000 -0.000001 -0.000000 
-1.942207 77.772812 203.455429 -25.283332 69.070507 22.991875 9.691535 3.203070 -0.717434 4.306754 1.448563 0.817879 4.295383 1.490491 0.811787 10.872408 -13.438255 7.921850 3.704204 -47.528988 8.727518 0.000001 -0.000001 0.000000 0.348466 -8.667738 -14.813750 17.723643 -50.963504 1.595952 6.101446 -99.196422 6.187302 -52.228913 -3.666998 -28.264571 9.775938 16.357232 0.858849 6.053992 27.805348 -18.599824 -6.037765 60.816298 17.106975 0.000002 0.000004 0.000003 17.472853 9.224737 -83.155764 23.312517 4.675939 -117.724116 21.566949 6.194477 -108.116779 -0.000000 0.000001 -0.000001 11.592392 8.281160 -86.537691 16.149755 12.964993 -105.880315 18.073343 11.765601 -118.360922 0.000001 0.000000 0.000001 4.991188 7.872684 -92.729544 10.803502 17.923632 -103.552641 10.498667 17.411848 -100.924952 0.000000 -0.000000 -0.000000 1.243713 8.584925 -92.369914 8.659892 15.362673 -98.315676 16.024896 19.714760 -130.655454 0.000001 0.000000 -0.000001 1.041443 -8.383580 4.769738 -93.022812 15.296830 30.163140 -179.131574 41.561117 178.666875 -9.742979 14.323204 -31.089645 7.289171 -17.786634 4.440295 20.544500 -23.758769 7.065922 17.377547 -52.365298 9.460114 -0.000001 -0.000000 0.000003 19.275846 -8.774052 82.782378 22.821858 -2.963215 115.997704 22.107931 -3.322714 114.153983 -0.000001 -0.000000 -0.000000 11.485754 -7.534561 85.331199 16.189413 -11.109621 107.924017 15.949330 -10.923148 105.235163 0.000000 -0.000000 0.000001 4.330920 -7.313573 92.054319 11.183925 -15.225694 101.327393 11.710485 -15.181060 103.581048 -0.000000 0.000000 0.000004 -3.765919 -7.773535 94.669461 6.267347 -18.769734 95.066944 14.996444 -19.450026 135.720094 -0.000001 0.000000 0.000000 -44.067059 -0.424223 18.670407 88.146351 8.134959 6.894301 -28.988764 3.047966 -11.454200 -7.315783 -0.000027 0.000013 0.000000 -0.000000 0.000000 -42.229584 4.492249 -24.595749 89.191902 1.923806 -7.148736 -8.933064 9.018938 29.198215 -21.154248 0.947943 -6.059306 0.000000 -0.000003 0.000000 
-1.747234 78.122086 203.789368 -23.825278 67.371005 21.259558 9.946998 2.809784 -0.487939 4.369387 1.269517 0.893269 4.361849 1.303856 0.886698 10.844749 -13.329221 7.932672 2.117362 -46.142627 7.399027 0.000002 0.000002 -0.000001 0.390033 -8.477773 -14.071131 16.767303 -50.729789 1.444287 5.752136 -99.742591 5.842946 -51.380825 -4.334216 -26.962249 9.775924 16.357219 0.858854 6.053992 27.805357 -18.599838 -6.037791 60.816298 17.106996 0.000002 0.000003 -0.000001 17.472845 9.224734 -83.155764 23.312525 4.675918 -117.724102 21.566949 6.194452 -108.116799 0.000000 -0.000000 0.000000 11.592388 8.281145 -86.537718 16.149776 12.965014 -105.880308 18.073360 11.765613 -118.360949 0.000001 -0.000001 -0.000002 4.991176 7.872682 -92.729571 10.803483 17.923625 -103.552641 10.498659 17.411858 -100.924917 -0.000002 -0.000004 -0.000001 1.243711 8.584927 -92.369948 8.659908 15.362668 -98.315696 16.024901 19.714766 -130.655467 -0.000000 0.000000 0.000001 1.371557 -5.596008 7.818303 -89.749505 14.593519 30.346667 -179.097505 42.644341 178.644363 -11.050396 14.752403 -29.609382 7.289171 -17.786636 4.440303 20.544490 -23.758760 7.065898 17.377564 -52.365305 9.460125 -0.000002 0.000003 0.000000 19.275868 -8.774052 82.782419 22.821846 -2.963208 115.997690 22.107926 -3.322705 114.154003 0.000002 -0.000002 0.000000 11.485772 -7.534566 85.331206 16.189398 -11.109608 107.924038 15.949306 -10.923143 105.235149 0.000001 0.000001 -0.000000 4.330922 -7.313580 92.054319 11.183934 -15.225711 101.327366 11.710492 -15.181045 103.581076 -0.000001 0.000000 0.000001 -3.765917 -7.773540 94.669468 6.267336 -18.769741 95.066951 14.996440 -19.450053 135.720121 -0.000000 -0.000001 0.000002 -42.105179 0.084475 19.624083 86.873190 7.439769 7.520527 -29.508774 3.301210 -12.134299 -7.402334 0.000012 0.000013 0.000000 -0.000000 0.000000 -44.121195 5.847922 -24.579424 90.037610 2.371859 -7.141811 -5.526950 13.220687 28.984283 -17.038814 0.825891 -6.654677 -0.000001 -0.000000 0.000000 
-1.542775 78.453300 204.150665 -22.572884 65.503167 19.560916 10.222568 2.219647 -0.179085 4.430725 0.998880 0.969842 4.426913 1.024618 0.963475 10.843835 -13.121230 7.868753 0.650429 -44.268908 6.050553 0.000000 0.000000 -0.000001 0.429624 -8.313845 -13.295786 15.521651 -50.175953 1.244689 5.453065 -100.263912 5.548593 -49.631375 -5.295827 -25.700745 9.775933 16.357215 0.858865 6.054003 27.805355 -18.599819 -6.037772 60.816291 17.106987 0.000004 0.000003 0.000000 17.472853 9.224744 -83.155764 23.312523 4.675916 -117.724061 21.566947 6.194464 -108.116772 0.000001 -0.000000 0.000001 11.592379 8.281148 -86.537698 16.149767 12.965002 -105.880322 18.073352 11.765572 -118.360949 0.000002 -0.000002 0.000002 4.991179 7.872670 -92.729551 10.803495 17.923624 -103.552641 10.498675 17.411856 -100.924952 -0.000000 -0.000001 -0.000003 1.243699 8.584930 -92.369921 8.659896 15.362675 -98.315703 16.024899 19.714767 -130.655454 0.000000 0.000001 -0.000002 1.507790 -2.836252 11.142365 -85.981905 14.538625 31.641029 -179.051579 44.046001 178.613299 -12.769174 15.284695 -28.004778 7.289184 -17.786631 4.440294 20.544483 -23.758764 7.065927 17.377545 -52.365285 9.460110 -0.000000 -0.000001 0.000001 19.275846 -8.774045 82.782391 22.821853 -2.963203 115.997704 22.107936 -3.322711 114.153969 0.000001 0.000001 -0.000000 11.485749 -7.534573 85.331186 16.189389 -11.109616 107.924003 15.949311 -10.923139 105.235183 0.000002 -0.000003 0.000001 4.330909 -7.313578 92.054305 11.183942 -15.225709 101.327379 11.710485 -15.181050 103.581082 -0.000002 -0.000001 -0.000000 -3.765935 -7.773549 94.669455 6.267354 -18.769756 95.066978 14.996454 -19.450045 135.720135 0.000001 -0.000000 0.000000 -39.929173 0.575067 21.310335 85.523271 6.327204 7.591158 -30.359334 3.406612 -12.658120 -7.139991 0.000019 -0.000000 0.000000 0.000000 0.000001 -45.876847 7.036160 -24.583847 90.558528 2.651509 -7.122050 -2.949732 18.009385 28.692054 -12.352725 0.609545 -5.727765 0.000003 0.000001 -0.000001 
-1.332392 78.796829 204.544861 -21.496378 63.607018 17.880952 10.476125 1.414811 0.262116 4.486415 0.624850 1.047089 4.485542 0.640064 1.042466 10.841080 -12.828578 7.648102 -0.584536 -42.055797 4.811858 0.000001 -0.000000 0.000001 0.457667 -8.229214 -12.692955 13.899176 -49.172786 0.968310 5.288385 -100.575423 5.386716 -46.748591 -6.074228 -24.670568 9.775922 16.357224 0.858855 6.054003 27.805345 -18.599838 -6.037791 60.816291 17.107008 -0.000000 0.000000 -0.000003 17.472847 9.224732 -83.155764 23.312539 4.675915 -117.724116 21.566976 6.194447 -108.116779 0.000002 -0.000001 0.000001 11.592364 8.281154 -86.537698 16.149736 12.965001 -105.880308 18.073355 11.765599 -118.360949 -0.000000 -0.000000 0.000000 4.991191 7.872685 -92.729565 10.803499 17.923607 -103.552635 10.498645 17.411849 -100.924917 -0.000002 0.000001 -0.000001 1.243708 8.584931 -92.369935 8.659898 15.362649 -98.315696 16.024875 19.714791 -130.655426 0.000000 -0.000003 0.000001 1.460766 -0.534273 14.275614 -80.094391 15.562227 32.077119 -179.000694 45.527613 178.577850 -14.545894 15.864897 -26.792196 7.289179 -17.786648 4.440301 20.544482 -23.758760 7.065917 17.377521 -52.365281 9.460093 -0.000001 0.000000 0.000002 19.275846 -8.774068 82.782405 22.821861 -2.963200 115.997731 22.107934 -3.322714 114.154003 0.000002 0.000000 -0.000000 11.485764 -7.534575 85.331213 16.189394 -11.109615 107.924003 15.949316 -10.923141 105.235170 -0.000003 -0.000000 -0.000000 4.330903 -7.313586 92.054305 11.183937 -15.225702 101.327420 11.710487 -15.181045 103.581082 0.000004 -0.000001 0.000001 -3.765949 -7.773543 94.669468 6.267340 -18.769759 95.066958 14.996437 -19.450033 135.720107 0.000001 0.000000 0.000001 -37.775956 1.395567 23.252807 83.974854 5.338017 7.667857 -31.443735 3.541312 -13.151485 -6.426068 0.000006 0.000012 0.000000 -0.000000 0.000001 -47.302776 7.824964 -24.576586 90.600929 2.721405 -7.120606 -1.640218 22.158775 28.362454 -5.480936 0.321266 -4.198831 0.000001 -0.000001 -0.000000 
-1.153192 79.165848 204.983063 -20.551954 61.856324 16.247898 10.679810 0.377168 0.830612 4.536067 0.137415 1.116703 4.536190 0.139574 1.115886 10.788251 -12.483003 7.218964 -1.473375 -39.738911 3.832285 0.000002 -0.000001 0.000001 0.471954 -8.222899 -12.355747 11.967747 -47.628630 0.599266 5.338291 -100.479070 5.435779 -42.885737 -6.263623 -23.696554 9.775929 16.357214 0.858838 6.053998 27.805340 -18.599838 -6.037763 60.816291 17.106975 -0.000000 0.000001 -0.000002 17.472836 9.224737 -83.155777 23.312515 4.675916 -117.724102 21.566947 6.194454 -108.116779 -0.000001 0.000002 0.000001 11.592353 8.281159 -86.537704 16.149759 12.965015 -105.880329 18.073357 11.765592 -118.360936 0.000001 0.000000 0.000001 4.991167 7.872689 -92.729551 10.803484 17.923620 -103.552635 10.498651 17.411858 -100.924890 -0.000003 0.000001 -0.000000 1.243694 8.584914 -92.369935 8.659886 15.362677 -98.315710 16.024904 19.714774 -130.655467 -0.000000 -0.000000 0.000000 1.322193 1.114142 16.783358 -69.440498 17.033001 27.007283 -178.954371 46.809902 178.544861 -15.805143 16.361121 -26.388053 7.289183 -17.786639 4.440287 20.544494 -23.758769 7.065921 17.377547 -52.365305 9.460120 -0.000000 -0.000001 -0.000001 19.275853 -8.774064 82.782405 22.821873 -2.963202 115.997704 22.107927 -3.322705 114.153962 0.000001 0.000003 0.000002 11.485758 -7.534566 85.331206 16.189396 -11.109612 107.924031 15.949310 -10.923143 105.235156 0.000003 0.000001 -0.000001 4.330897 -7.313575 92.054298 11.183920 -15.225723 101.327366 11.710496 -15.181036 103.581089 0.000002 0.000001 -0.000000 -3.765936 -7.773542 94.669489 6.267336 -18.769746 95.066958 14.996461 -19.450039 135.720121 -0.000001 -0.000002 -0.000000 -35.850304 2.503088 25.255265 82.228483 4.651952 7.752425 -32.611349 3.701190 -13.591717 -5.256220 -0.000015 -0.000002 -0.000000 -0.000000 0.000000 -48.353679 8.082198 -24.582221 90.116252 2.866870 -7.144293 -1.498711 23.871661 28.145779 -0.000018 -0.000017 0.000006 0.000002 -0.000000 0.000001 
-1.052055 79.562675 205.473923 -19.661012 60.412115 14.698991 10.804406 -0.892417 1.451510 4.572392 -0.461191 1.161648 4.570252 -0.473812 1.166426 10.633169 -12.130008 6.613988 -1.920313 -37.566894 3.210642 0.000002 0.000000 -0.000000 0.478835 -8.230856 -12.186915 10.012788 -45.565896 0.085627 5.726338 -99.785341 5.817510 -38.592976 -5.958418 -22.210119 9.775916 16.357220 0.858846 6.054003 27.805367 -18.599823 -6.037803 60.816305 17.107004 0.000004 0.000001 0.000001 17.472845 9.224761 -83.155770 23.312517 4.675921 -117.724061 21.566947 6.194460 -108.116779 0.000003 0.000002 -0.000001 11.592362 8.281165 -86.537698 16.149769 12.964996 -105.880295 18.073341 11.765586 -118.360949 0.000001 -0.000002 0.000001 4.991171 7.872685 -92.729531 10.803504 17.923613 -103.552648 10.498662 17.411836 -100.924917 -0.000003 -0.000003 0.000003 1.243712 8.584933 -92.369948 8.659905 15.362654 -98.315703 16.024901 19.714772 -130.655454 0.000000 0.000001 -0.000002 1.165792 2.245461 18.579370 -60.852785 17.127254 26.236638 -178.926982 47.541149 178.524998 -15.894912 16.496826 -26.930821 7.289204 -17.786637 4.440318 20.544473 -23.758753 7.065899 17.377579 -52.365288 9.460150 0.000001 -0.000002 0.000002 19.275870 -8.774055 82.782405 22.821861 -2.963211 115.997731 22.107932 -3.322708 114.153969 0.000001 -0.000001 0.000000 11.485781 -7.534570 85.331213 16.189396 -11.109607 107.924044 15.949308 -10.923148 105.235142 0.000004 -0.000002 -0.000000 4.330921 -7.313583 92.054312 11.183938 -15.225707 101.327379 11.710476 -15.181050 103.581082 0.000000 -0.000002 0.000000 -3.765920 -7.773548 94.669475 6.267343 -18.769735 95.066965 14.996437 -19.450033 135.720094 -0.000000 0.000000 -0.000002 -34.301104 3.757863 27.104159 80.309877 4.312744 7.842233 -33.698869 3.879093 -13.986952 -3.722319 -0.000012 0.000011 -0.000000 0.000000 0.000001 -49.106523 7.771083 -24.670363 89.066637 3.059992 -7.194410 -2.075168 22.132755 28.068975 -0.000004 -0.000002 0.000004 0.000003 -0.000001 -0.000002 
-1.054433 79.988525 206.012924 -18.703290 59.365580 13.258612 10.812578 -2.330775 2.003661 4.577988 -1.137407 1.161787 4.569835 -1.164593 1.172820 10.324867 -11.819081 5.952535 -1.911492 -35.724632 2.935341 -0.000000 -0.000000 -0.000001 0.488955 -8.165618 -11.978400 8.295387 -43.133560 -0.885270 6.694764 -98.396737 6.773400 -34.534372 -5.655473 -19.660828 9.775940 16.357210 0.858840 6.053989 27.805357 -18.599817 -6.037781 60.816284 17.107001 -0.000001 -0.000004 -0.000002 17.472845 9.224738 -83.155770 23.312528 4.675913 -117.724102 21.566961 6.194437 -108.116820 0.000005 0.000000 -0.000001 11.592385 8.281174 -86.537718 16.149762 12.964980 -105.880308 18.073360 11.765598 -118.360936 0.000001 -0.000002 0.000002 4.991171 7.872689 -92.729551 10.803515 17.923634 -103.552655 10.498658 17.411846 -100.924917 0.000002 0.000003 -0.000001 1.243704 8.584931 -92.369935 8.659905 15.362673 -98.315696 16.024893 19.714762 -130.655440 0.000002 -0.000001 0.000001 0.993608 3.176092 19.936023 -52.172895 16.861244 26.542510 -178.914811 47.859679 178.516078 -14.345595 15.864979 -28.207802 7.289175 -17.786624 4.440300 20.544485 -23.758762 7.065908 17.377576 -52.365295 9.460133 -0.000002 -0.000001 -0.000001 19.275846 -8.774050 82.782412 22.821880 -2.963195 115.997731 22.107939 -3.322704 114.154010 -0.000001 0.000002 0.000003 11.485754 -7.534575 85.331213 16.189403 -11.109607 107.924003 15.949311 -10.923144 105.235170 0.000000 -0.000001 0.000002 4.330907 -7.313574 92.054312 11.183936 -15.225706 101.327379 11.710466 -15.181045 103.581035 -0.000004 0.000001 0.000002 -3.765939 -7.773541 94.669468 6.267341 -18.769751 95.066965 14.996444 -19.450026 135.720121 -0.000006 0.000000 -0.000001 -33.162290 4.714754 28.810175 78.318316 3.329027 7.945938 -33.375033 4.347133 -15.939392 -2.012245 -0.000000 0.000003 0.000000 -0.000000 0.000001 -49.629811 6.952215 -24.978027 87.302481 3.310982 -7.278251 -2.953792 17.093710 28.065758 0.000009 0.000001 -0.000006 -0.000000 0.000003 -0.000003 
-1.139943 80.448387 206.592529 -17.532643 58.687349 11.939720 10.667735 -3.761848 2.360233 4.532240 -1.805522 1.104132 4.515910 -1.843944 1.120257 9.818402 -11.591971 5.381983 -1.586286 -34.313504 2.897630 0.000001 0.000000 0.000000 0.508215 -7.977617 -11.593640 6.791308 -40.544467 -2.949224 8.706113 -96.485895 8.767485 -31.180695 -5.699724 -15.937857 9.775946 16.357226 0.858858 6.054010 27.805330 -18.599826 -6.037767 60.816312 17.106984 -0.000001 0.000003 -0.000001 17.472858 9.224758 -83.155770 23.312542 4.675918 -117.724089 21.566947 6.194456 -108.116779 0.000003 0.000000 -0.000002 11.592391 8.281161 -86.537684 16.149767 12.964998 -105.880322 18.073352 11.765594 -118.360936 0.000002 0.000001 0.000000 4.991177 7.872682 -92.729544 10.803480 17.923610 -103.552648 10.498648 17.411861 -100.924917 0.000002 0.000000 -0.000001 1.243714 8.584942 -92.369935 8.659906 15.362661 -98.315683 16.024899 19.714757 -130.655454 0.000002 -0.000001 0.000001 0.779844 4.131590 21.191666 -43.862344 16.147038 27.604244 -178.901055 48.215566 178.505956 -11.118794 14.129274 -29.659260 7.289168 -17.786651 4.440294 20.544500 -23.758786 7.065908 17.377533 -52.365298 9.460103 0.000002 0.000000 0.000001 19.275829 -8.774058 82.782385 22.821882 -2.963206 115.997731 22.107936 -3.322697 114.153997 -0.000001 0.000002 0.000003 11.485746 -7.534572 85.331193 16.189392 -11.109624 107.924017 15.949334 -10.923149 105.235163 0.000001 0.000001 0.000002 4.330895 -7.313583 92.054312 11.183941 -15.225723 101.327379 11.710493 -15.181041 103.581055 0.000001 0.000000 0.000002 -3.765956 -7.773545 94.669475 6.267343 -18.769759 95.066958 14.996461 -19.450041 135.720121 0.000000 0.000004 -0.000005 -32.303827 5.547622 29.991398 76.171902 2.434907 8.056529 -32.490530 4.857189 -18.273659 -0.368215 0.000020 0.000004 0.000000 0.000000 0.000001 -49.931698 5.801217 -25.655002 84.615553 3.657971 -7.406328 -4.024568 10.279033 28.022670 0.000007 -0.000001 -0.000006 0.000003 0.000004 0.000002 
-1.249978 80.935852 207.228439 -16.028745 58.221079 10.739024 10.352786 -4.887986 2.454503 4.420958 -2.323863 0.991736 4.398121 -2.367305 1.010201 9.089833 -11.473236 4.996976 -1.244863 -33.394967 2.984790 0.000001 0.000000 0.000000 0.531542 -7.699274 -11.099876 5.253527 -37.973270 -6.722408 12.479485 -94.553034 12.523300 -28.825659 -6.034509 -11.577630 9.775922 16.357234 0.858853 6.054000 27.805353 -18.599817 -6.037780 60.816305 17.106979 -0.000000 0.000003 -0.000001 17.472836 9.224744 -83.155770 23.312535 4.675911 -117.724102 21.566951 6.194448 -108.116758 0.000000 0.000002 -0.000002 11.592378 8.281153 -86.537698 16.149769 12.964981 -105.880336 18.073345 11.765591 -118.360949 0.000000 0.000001 0.000000 4.991165 7.872689 -92.729565 10.803496 17.923637 -103.552648 10.498669 17.411853 -100.924917 0.000001 -0.000004 0.000004 1.243697 8.584920 -92.369914 8.659911 15.362661 -98.315724 16.024903 19.714781 -130.655467 0.000000 -0.000000 -0.000000 0.542547 5.052002 22.421045 -36.638350 14.411095 29.244227 -178.873734 48.907313 178.485684 -6.680538 11.358897 -30.523364 7.289176 -17.786646 4.440316 20.544492 -23.758769 7.065895 17.377565 -52.365285 9.460125 -0.000000 -0.000001 -0.000002 19.275853 -8.774057 82.782405 22.821855 -2.963203 115.997704 22.107948 -3.322715 114.153990 -0.000002 0.000005 0.000002 11.485758 -7.534570 85.331199 16.189403 -11.109608 107.924031 15.949311 -10.923152 105.235156 0.000001 -0.000001 0.000001 4.330901 -7.313579 92.054305 11.183935 -15.225701 101.327379 11.710470 -15.181043 103.581076 0.000001 0.000003 0.000000 -3.765926 -7.773546 94.669468 6.267354 -18.769735 95.066978 14.996415 -19.450029 135.720094 0.000002 0.000003 -0.000004 -31.525691 6.379472 30.426901 73.890373 1.896685 8.152118 -31.542896 5.359938 -20.390138 -0.029642 0.000013 0.000003 0.000000 0.000001 -0.000001 -49.961331 4.774805 -27.042278 80.908973 4.115644 -7.053365 -5.222159 4.173055 27.416794 0.000007 -0.000009 0.000005 0.000002 -0.000004 0.000001 
-1.279793 81.514809 207.894653 -14.166690 57.699683 9.594703 9.897379 -5.334338 2.357255 4.242654 -2.530804 0.843309 4.219161 -2.571521 0.861069 8.159823 -11.463247 4.790303 -1.253795 -33.027557 3.173913 -0.000001 0.000000 -0.000000 0.547202 -7.449377 -10.748761 3.534925 -35.432631 -12.311233 17.503403 -93.274450 17.535283 -27.766987 -6.431718 -7.765746 9.775933 16.357227 0.858838 6.053990 27.805326 -18.599831 -6.037845 60.816332 17.107045 -0.000001 0.000000 -0.000004 17.472862 9.224743 -83.155798 23.312520 4.675911 -117.724102 21.566940 6.194451 -108.116806 -0.000001 -0.000000 -0.000003 11.592374 8.281168 -86.537718 16.149764 12.964998 -105.880295 18.073331 11.765601 -118.360936 0.000001 -0.000001 0.000003 4.991178 7.872697 -92.729565 10.803490 17.923617 -103.552635 10.498646 17.411856 -100.924917 -0.000001 0.000004 0.000002 1.243697 8.584936 -92.369942 8.659897 15.362666 -98.315696 16.024884 19.714769 -130.655426 0.000002 -0.000001 -0.000001 0.354662 5.704345 23.343549 -31.291795 11.128617 31.448609 -178.827125 50.044110 178.450618 -1.894960 8.215331 -30.171804 7.289183 -17.786644 4.440321 20.544488 -23.758772 7.065884 17.377514 -52.365285 9.460114 0.000001 -0.000001 0.000001 19.275853 -8.774059 82.782405 22.821861 -2.963202 115.997731 22.107938 -3.322710 114.153990 0.000000 -0.000000 0.000001 11.485753 -7.534564 85.331206 16.189394 -11.109631 107.924017 15.949335 -10.923160 105.235156 0.000001 0.000000 0.000005 4.330896 -7.313570 92.054305 11.183932 -15.225707 101.327366 11.710470 -15.181033 103.581082 0.000001 -0.000001 0.000002 -3.765934 -7.773547 94.669468 6.267340 -18.769753 95.066965 14.996450 -19.450046 135.720094 -0.000001 0.000001 0.000000 -30.588258 7.351324 30.110158 71.398713 1.889668 8.261452 -30.644211 5.787577 -22.073828 -0.032133 0.000011 -0.000000 -0.000000 -0.000001 -0.000000 -50.104079 3.525200 -28.274220 76.563545 4.768705 -6.862529 -6.449284 -0.297277 22.393747 0.000006 -0.000003 -0.000007 0.000000 -0.000001 -0.000000 
-1.232918 82.025696 208.772049 -12.094542 56.821385 8.756286 9.365425 -4.858875 1.935918 4.013241 -2.313640 0.681231 3.996070 -2.344516 0.696433 7.110082 -11.536142 4.664463 -1.871121 -33.241069 3.525239 0.000000 0.000000 0.000000 0.545831 -7.383239 -10.808473 1.921917 -32.769315 -19.053533 17.523364 -93.270871 17.555301 -28.290596 -6.714529 -5.913942 9.775930 16.357207 0.858843 6.053995 27.805345 -18.599831 -6.037790 60.816305 17.107013 0.000001 0.000005 -0.000000 17.472845 9.224733 -83.155764 23.312539 4.675918 -117.724089 21.566937 6.194438 -108.116779 -0.000001 -0.000002 0.000001 11.592381 8.281157 -86.537698 16.149774 12.964993 -105.880336 18.073352 11.765592 -118.360949 0.000002 0.000001 -0.000001 4.991177 7.872678 -92.729551 10.803499 17.923618 -103.552662 10.498662 17.411855 -100.924924 -0.000000 0.000004 0.000000 1.243710 8.584918 -92.369948 8.659888 15.362672 -98.315690 16.024875 19.714788 -130.655467 0.000001 -0.000001 0.000002 0.281460 5.951788 23.538032 -28.428707 6.485184 33.904017 -178.749083 51.835515 178.390553 2.071318 5.715577 -28.448721 7.289174 -17.786649 4.440325 20.544487 -23.758757 7.065921 17.377526 -52.365302 9.460099 0.000002 -0.000003 0.000000 19.275841 -8.774051 82.782412 22.821861 -2.963206 115.997717 22.107938 -3.322707 114.153976 0.000001 0.000001 -0.000002 11.485755 -7.534568 85.331213 16.189403 -11.109616 107.924044 15.949325 -10.923151 105.235190 -0.000001 -0.000002 0.000000 4.330891 -7.313582 92.054312 11.183934 -15.225713 101.327366 11.710484 -15.181041 103.581082 0.000001 0.000002 -0.000000 -3.765946 -7.773544 94.669475 6.267346 -18.769749 95.066965 14.996437 -19.450039 135.720094 0.000000 0.000002 -0.000001 -29.343083 8.571579 29.145541 68.891132 2.478576 8.403078 -29.912069 6.154915 -23.305413 -0.033870 0.000000 0.000006 0.000000 0.000000 0.000000 -50.064600 2.470752 -29.511444 71.354296 5.168056 -6.846234 -7.290827 -2.101902 19.022261 0.000002 0.000012 -0.000005 -0.000000 -0.000002 -0.000000 
-1.092286 82.519745 209.841354 -10.146338 55.381493 8.403236 8.895585 -3.467950 1.228288 3.770309 -1.668288 0.518047 3.762692 -1.685159 0.529765 6.079459 -11.647576 4.490491 -3.070388 -33.971353 4.071994 -0.000000 0.000000 0.000000 0.523384 -7.598949 -11.361711 1.084307 -29.903364 -25.789223 11.335464 -95.003403 11.383375 -30.452323 -6.681867 -6.946433 9.775920 16.357207 0.858858 6.054004 27.805335 -18.599833 -6.037813 60.816305 17.107022 0.000003 0.000003 0.000000 17.472835 9.224742 -83.155770 23.312527 4.675916 -117.724102 21.566940 6.194465 -108.116758 -0.000001 -0.000002 -0.000004 11.592363 8.281157 -86.537698 16.149755 12.964989 -105.880308 18.073348 11.765582 -118.360949 0.000001 0.000003 0.000001 4.991171 7.872685 -92.729551 10.803498 17.923612 -103.552662 10.498660 17.411867 -100.924917 0.000000 0.000004 -0.000002 1.243712 8.584932 -92.369928 8.659923 15.362666 -98.315710 16.024901 19.714764 -130.655440 0.000001 0.000002 -0.000002 0.309881 5.857845 22.748461 -28.622569 1.111166 35.427788 -178.593983 55.015797 178.266940 3.832689 4.662698 -25.730310 7.289190 -17.786651 4.440325 20.544480 -23.758760 7.065908 17.377570 -52.365315 9.460121 0.000003 0.000002 0.000003 19.275858 -8.774051 82.782412 22.821873 -2.963201 115.997731 22.107936 -3.322707 114.153962 -0.000000 -0.000001 -0.000001 11.485753 -7.534576 85.331213 16.189401 -11.109619 107.924003 15.949318 -10.923151 105.235183 0.000000 0.000002 -0.000001 4.330900 -7.313576 92.054305 11.183933 -15.225711 101.327359 11.710486 -15.181040 103.581076 -0.000000 -0.000001 -0.000001 -3.765941 -7.773548 94.669475 6.267340 -18.769758 95.066965 14.996442 -19.450038 135.720121 -0.000000 -0.000001 0.000001 -27.617137 10.172372 27.681199 66.325645 3.812164 8.576387 -29.287359 6.393940 -23.897751 -0.041245 -0.000022 -0.000003 0.000000 -0.000001 -0.000000 -49.705974 1.601965 -30.614288 65.610025 5.635398 -6.775052 -7.602983 -1.996137 17.512050 0.000003 0.000003 -0.000002 -0.000000 0.000001 -0.000000 
-0.915656 82.977692 211.089218 -8.684948 53.273566 8.611885 8.646104 -1.405404 0.351662 3.568037 -0.710413 0.354037 3.567093 -0.712976 0.360026 5.239428 -11.746030 4.166321 -4.462848 -35.012499 4.733517 -0.000001 0.000000 -0.000000 0.479917 -8.072556 -12.250153 1.549018 -27.064561 -31.488794 6.520841 -98.616395 6.601500 -33.865338 -6.105926 -10.878194 9.775935 16.357219 0.858861 6.054021 27.805360 -18.599836 -6.037804 60.816291 17.107006 -0.000001 0.000002 -0.000004 17.472860 9.224741 -83.155791 23.312520 4.675910 -117.724102 21.566952 6.194451 -108.116779 -0.000003 0.000001 -0.000000 11.592377 8.281157 -86.537698 16.149769 12.964981 -105.880329 18.073340 11.765588 -118.360922 0.000002 0.000002 -0.000000 4.991161 7.872682 -92.729544 10.803489 17.923634 -103.552648 10.498648 17.411841 -100.924904 0.000000 0.000003 0.000000 1.243710 8.584924 -92.369935 8.659918 15.362661 -98.315696 16.024891 19.714776 -130.655440 0.000000 0.000001 0.000000 0.377083 5.552239 21.040408 -30.963136 -3.334740 35.462417 -178.248540 60.646103 177.975892 2.126725 5.222650 -22.673930 7.289164 -17.786637 4.440295 20.544495 -23.758770 7.065909 17.377521 -52.365302 9.460103 -0.000000 0.000001 -0.000002 19.275854 -8.774062 82.782405 22.821865 -2.963208 115.997717 22.107939 -3.322708 114.153976 -0.000002 0.000001 0.000002 11.485751 -7.534576 85.331206 16.189408 -11.109618 107.924044 15.949313 -10.923148 105.235163 0.000001 0.000001 0.000002 4.330899 -7.313579 92.054305 11.183940 -15.225706 101.327414 11.710481 -15.181035 103.581069 0.000001 -0.000003 -0.000003 -3.765944 -7.773547 94.669455 6.267343 -18.769749 95.066944 14.996444 -19.450039 135.720094 0.000002 0.000000 -0.000001 -25.406670 12.026488 25.947537 63.853779 6.174442 8.761044 -28.644466 6.382641 -23.628706 -0.053049 -0.000025 0.000006 0.000000 -0.000000 0.000000 -48.977374 0.845558 -31.251681 59.627107 5.890639 -6.562443 -7.145589 -0.527212 17.461080 -0.000007 -0.000004 0.000001 -0.000001 0.000002 0.000000 
-0.797827 83.372726 212.477997 -7.913414 50.533240 9.328397 8.697034 0.903962 -0.577011 3.458245 0.362357 0.187804 3.457653 0.371358 0.183771 4.748854 -11.774945 3.631137 -5.412133 -36.018091 5.342095 0.000001 -0.000000 -0.000000 0.419820 -8.690330 -13.240112 3.046978 -25.044087 -35.632947 4.031736 -103.751653 4.158851 -37.767623 -5.029573 -16.826040 9.775929 16.357229 0.858860 6.053974 27.805331 -18.599829 -6.037800 60.816305 17.106996 -0.000003 0.000000 -0.000003 17.472838 9.224729 -83.155764 23.312532 4.675913 -117.724102 21.566956 6.194445 -108.116779 0.000001 -0.000002 -0.000002 11.592357 8.281168 -86.537698 16.149772 12.965026 -105.880329 18.073352 11.765595 -118.360908 0.000002 -0.000002 -0.000003 4.991167 7.872684 -92.729551 10.803500 17.923634 -103.552641 10.498650 17.411853 -100.924911 -0.000002 -0.000002 0.000001 1.243690 8.584932 -92.369921 8.659900 15.362654 -98.315690 16.024891 19.714778 -130.655467 -0.000000 -0.000001 0.000003 0.458406 5.063512 18.784921 -34.040461 -5.107882 34.523263 -177.377568 69.387543 177.186814 -3.584561 7.060119 -19.943413 7.289174 -17.786632 4.440306 20.544471 -23.758758 7.065915 17.377536 -52.365312 9.460103 0.000003 0.000001 -0.000002 19.275858 -8.774049 82.782419 22.821860 -2.963205 115.997717 22.107932 -3.322726 114.153997 0.000001 0.000001 0.000002 11.485755 -7.534571 85.331206 16.189408 -11.109622 107.924044 15.949315 -10.923147 105.235156 0.000003 -0.000000 -0.000005 4.330913 -7.313573 92.054332 11.183921 -15.225701 101.327366 11.710474 -15.181036 103.581069 -0.000001 0.000000 0.000000 -3.765921 -7.773548 94.669502 6.267345 -18.769737 95.066965 14.996440 -19.450046 135.720094 0.000001 0.000001 -0.000001 -22.924686 13.872724 24.114142 61.766145 9.867467 8.930799 -27.851444 5.907257 -21.937502 -0.071065 -0.000014 -0.000001 0.000000 0.000000 0.000000 -47.905663 0.278776 -31.125876 54.039050 5.771735 -6.329797 -5.919120 1.663355 18.177345 0.000001 0.000002 -0.000003 0.000000 -0.000002 -0.000000 
-0.860549 83.663345 213.936325 -7.796014 47.381784 10.291766 8.999844 2.970474 -1.375902 3.470507 1.325749 0.029272 3.465623 1.342225 0.012426 4.683932 -11.658160 2.853258 -5.374727 -36.533698 5.687064 -0.000000 -0.000000 -0.000000 0.347177 -9.333944 -14.242708 5.130929 -24.289035 -37.595339 2.749600 -109.726388 2.931285 -41.482908 -3.738337 -23.132324 9.775919 16.357220 0.858848 6.053993 27.805345 -18.599831 -6.037775 60.816298 17.106982 0.000002 0.000001 -0.000001 17.472840 9.224723 -83.155770 23.312513 4.675913 -117.724061 21.566954 6.194448 -108.116799 -0.000000 -0.000003 0.000000 11.592369 8.281151 -86.537698 16.149755 12.964996 -105.880308 18.073352 11.765599 -118.360949 0.000002 0.000002 0.000001 4.991162 7.872685 -92.729551 10.803501 17.923642 -103.552648 10.498663 17.411863 -100.924911 0.000001 0.000000 -0.000004 1.243703 8.584910 -92.369928 8.659895 15.362656 -98.315703 16.024875 19.714755 -130.655467 0.000003 0.000000 0.000001 0.525084 4.494740 16.525511 -36.486112 -2.945099 33.366188 -173.664964 81.129772 173.581034 -6.895091 7.812519 -18.400712 7.289192 -17.786636 4.440312 20.544495 -23.758760 7.065916 17.377533 -52.365288 9.460122 -0.000000 -0.000005 0.000001 19.275854 -8.774065 82.782405 22.821877 -2.963211 115.997731 22.107936 -3.322708 114.153962 -0.000001 0.000000 0.000001 11.485766 -7.534581 85.331206 16.189391 -11.109600 107.924024 15.949318 -10.923146 105.235149 0.000002 0.000002 0.000000 4.330905 -7.313582 92.054305 11.183936 -15.225713 101.327400 11.710487 -15.181045 103.581076 0.000002 0.000000 0.000003 -3.765937 -7.773543 94.669468 6.267343 -18.769744 95.066951 14.996432 -19.450029 135.720121 -0.000002 0.000002 -0.000002 -20.569513 15.278295 22.433654 60.614746 13.697663 8.818182 -26.977961 5.769696 -17.878131 -1.949687 0.000020 -0.000014 0.000000 0.000001 -0.000002 -46.660642 0.088174 -30.082813 49.630873 5.528003 -6.357427 -3.961951 3.818835 19.365289 -0.000006 -0.000007 -0.000001 0.000000 -0.000002 -0.000000 
-1.160768 83.826881 215.364807 -8.124303 44.215219 11.207890 9.412929 4.349093 -1.905549 3.603383 1.972779 -0.095545 3.594277 1.992627 -0.121860 4.974611 -11.338590 1.860680 -4.305583 -36.162430 5.491488 -0.000000 0.000001 -0.000000 0.260546 -9.916991 -15.342883 6.463931 -25.722313 -36.766082 2.058775 -115.573344 2.294763 -44.871542 -2.399870 -27.569620 9.775948 16.357217 0.858833 6.053988 27.805353 -18.599828 -6.037791 60.816305 17.106991 0.000003 0.000003 0.000000 17.472841 9.224743 -83.155764 23.312525 4.675909 -117.724102 21.566947 6.194455 -108.116765 0.000000 -0.000003 -0.000002 11.592389 8.281169 -86.537691 16.149772 12.964990 -105.880308 18.073338 11.765595 -118.360949 0.000002 -0.000000 0.000000 4.991181 7.872685 -92.729551 10.803495 17.923610 -103.552641 10.498649 17.411856 -100.924917 -0.000000 -0.000000 -0.000005 1.243716 8.584933 -92.369928 8.659901 15.362668 -98.315717 16.024911 19.714793 -130.655495 0.000004 -0.000003 0.000001 0.563213 4.009793 14.767158 -37.432398 3.585595 32.198430 -190.659062 95.317728 190.700671 -9.931153 8.320073 -16.963523 7.289178 -17.786641 4.440299 20.544506 -23.758770 7.065897 17.377553 -52.365308 9.460126 -0.000000 -0.000001 -0.000001 19.275861 -8.774056 82.782405 22.821875 -2.963205 115.997717 22.107944 -3.322708 114.153990 -0.000001 0.000005 -0.000002 11.485764 -7.534561 85.331199 16.189408 -11.109619 107.924031 15.949330 -10.923151 105.235183 0.000001 -0.000002 0.000001 4.330916 -7.313574 92.054305 11.183937 -15.225713 101.327400 11.710488 -15.181048 103.581062 -0.000001 0.000000 -0.000004 -3.765924 -7.773546 94.669468 6.267330 -18.769744 95.066951 14.996428 -19.450038 135.720094 -0.000000 -0.000001 0.000002 -18.939664 16.121005 20.818551 61.064828 16.140044 8.837464 -25.617593 6.549363 -11.408736 -6.376890 -0.000002 0.000010 -0.000000 -0.000000 0.000001 -46.312415 0.919581 -28.070826 48.047946 5.282307 -6.934819 -0.206676 5.880182 20.154420 -0.000004 -0.000005 -0.000004 0.000000 0.000003 0.000000 
-1.734040 83.866394 216.680679 -8.648199 41.570877 11.762665 9.783418 4.706369 -2.017038 3.821936 2.145160 -0.150405 3.812662 2.164358 -0.177055 5.409706 -10.822694 0.806868 -2.776273 -34.748147 4.537519 0.000001 0.000000 -0.000000 0.161927 -10.364737 -16.586882 4.613166 -31.034406 -33.271375 1.732938 -119.604249 2.007093 -48.543425 -1.628431 -28.400558 9.775937 16.357227 0.858853 6.053988 27.805336 -18.599840 -6.037769 60.816305 17.106986 0.000002 0.000001 -0.000000 17.472850 9.224732 -83.155764 23.312518 4.675905 -117.724102 21.566951 6.194441 -108.116779 -0.000001 -0.000001 0.000001 11.592376 8.281161 -86.537698 16.149759 12.965004 -105.880336 18.073355 11.765600 -118.360977 0.000000 0.000003 -0.000000 4.991159 7.872684 -92.729524 10.803486 17.923639 -103.552635 10.498666 17.411863 -100.924911 0.000001 -0.000004 -0.000000 1.243683 8.584918 -92.369901 8.659898 15.362666 -98.315717 16.024889 19.714781 -130.655440 0.000002 0.000000 0.000001 0.577740 3.744349 13.803082 -36.635311 13.881786 30.813084 -182.652072 110.380133 182.830394 -12.689514 8.617902 -15.645996 7.289184 -17.786642 4.440328 20.544490 -23.758779 7.065910 17.377553 -52.365308 9.460113 -0.000001 -0.000001 0.000002 19.275868 -8.774062 82.782425 22.821870 -2.963188 115.997731 22.107931 -3.322712 114.153962 0.000001 -0.000001 0.000001 11.485769 -7.534568 85.331227 16.189391 -11.109619 107.924024 15.949322 -10.923152 105.235156 0.000002 0.000002 -0.000003 4.330912 -7.313579 92.054312 11.183944 -15.225701 101.327400 11.710492 -15.181043 103.581076 0.000001 0.000002 0.000000 -3.765939 -7.773543 94.669475 6.267335 -18.769758 95.066978 14.996456 -19.450043 135.720107 -0.000000 -0.000001 0.000001 -18.580042 15.675235 20.205446 63.214644 15.940033 8.934433 -21.989164 6.661397 -7.543506 -9.386568 -0.000024 0.000005 -0.000000 0.000000 -0.000001 -46.290729 1.945598 -25.280473 48.620992 4.887866 -7.841714 1.812486 6.864649 19.234062 0.000018 -0.000022 0.000004 -0.000000 -0.000004 -0.000000 
-2.480390 83.819702 217.846802 -9.152842 39.958861 11.693195 10.015506 3.900025 -1.622005 4.061430 1.766407 -0.100116 4.056433 1.780121 -0.118394 5.745411 -10.168895 -0.043865 -1.568478 -32.425302 3.040592 -0.000000 -0.000000 0.000000 0.073293 -10.607587 -17.751696 -0.331050 -39.300772 -27.983087 1.752104 -119.335180 2.023683 -53.449953 -3.510138 -26.389679 9.775919 16.357231 0.858860 6.054003 27.805342 -18.599838 -6.037772 60.816291 17.106998 0.000002 -0.000000 -0.000002 17.472862 9.224739 -83.155777 23.312532 4.675898 -117.724102 21.566937 6.194443 -108.116765 -0.000001 -0.000001 0.000001 11.592378 8.281163 -86.537691 16.149767 12.964999 -105.880302 18.073346 11.765584 -118.360949 0.000002 -0.000003 -0.000002 4.991177 7.872684 -92.729544 10.803495 17.923622 -103.552635 10.498655 17.411848 -100.924911 -0.000000 -0.000000 -0.000002 1.243706 8.584934 -92.369942 8.659917 15.362656 -98.315703 16.024898 19.714784 -130.655440 0.000001 0.000002 0.000000 0.579087 3.717981 13.643408 -34.444917 26.106703 29.413069 -181.422255 124.620695 181.735433 -15.170569 8.738321 -14.456147 7.289180 -17.786639 4.440301 20.544504 -23.758745 7.065918 17.377535 -52.365291 9.460119 0.000001 -0.000000 0.000004 19.275844 -8.774050 82.782405 22.821872 -2.963206 115.997731 22.107944 -3.322714 114.153997 -0.000002 -0.000003 -0.000001 11.485754 -7.534585 85.331206 16.189408 -11.109613 107.924024 15.949323 -10.923153 105.235190 0.000001 -0.000004 -0.000000 4.330906 -7.313583 92.054305 11.183935 -15.225711 101.327400 11.710485 -15.181045 103.581076 0.000000 0.000001 0.000000 -3.765929 -7.773551 94.669468 6.267343 -18.769742 95.066951 14.996454 -19.450022 135.720080 -0.000000 0.000001 -0.000001 -19.753477 14.177493 20.456248 66.596592 15.747838 8.784631 -18.135916 3.854864 -4.726287 -11.644078 0.211989 -3.080899 -0.000000 0.000001 -0.000002 -46.381841 2.748944 -22.436598 50.544800 4.537783 -8.677789 1.198856 6.313655 18.818296 -0.000031 -0.000008 0.000008 0.000000 -0.000007 -0.000000 
-3.265291 83.705925 218.867752 -9.495727 39.682378 10.861657 10.102699 1.991179 -0.736184 4.251770 0.873383 0.078339 4.251456 0.876543 0.071402 5.835820 -9.453246 -0.458199 -1.086532 -29.545322 1.737391 -0.000000 -0.000000 -0.000000 0.033112 -10.604377 -18.391370 -6.428117 -47.404566 -22.765007 2.535926 -111.241782 2.731570 -55.579397 -4.757360 -25.078433 9.775943 16.357227 0.858841 6.053982 27.805342 -18.599826 -6.037793 60.816298 17.107011 0.000004 0.000001 -0.000001 17.472860 9.224736 -83.155777 23.312525 4.675904 -117.724116 21.566939 6.194448 -108.116772 -0.000001 -0.000003 -0.000001 11.592375 8.281148 -86.537684 16.149767 12.964993 -105.880329 18.073353 11.765599 -118.360949 -0.000001 -0.000001 -0.000000 4.991177 7.872674 -92.729544 10.803477 17.923618 -103.552635 10.498652 17.411856 -100.924938 0.000002 0.000002 -0.000000 1.243704 8.584925 -92.369928 8.659911 15.362665 -98.315717 16.024893 19.714776 -130.655454 -0.000002 -0.000000 0.000000 0.573479 3.831850 14.110285 -31.450610 36.377553 28.657162 -181.045365 133.114568 181.443811 -17.377967 8.710212 -13.396912 7.289179 -17.786622 4.440308 20.544485 -23.758769 7.065908 17.377530 -52.365288 9.460107 0.000002 -0.000001 0.000005 19.275849 -8.774044 82.782405 22.821855 -2.963205 115.997704 22.107927 -3.322716 114.153976 -0.000001 0.000003 -0.000001 11.485766 -7.534564 85.331206 16.189403 -11.109614 107.924024 15.949323 -10.923152 105.235183 0.000002 0.000001 0.000001 4.330911 -7.313557 92.054312 11.183934 -15.225690 101.327393 11.710457 -15.181038 103.581062 -0.000000 -0.000001 -0.000002 -3.765951 -7.773531 94.669461 6.267338 -18.769754 95.066978 14.996456 -19.450058 135.720107 0.000000 -0.000004 -0.000000 -22.452314 11.653845 21.348207 71.281630 13.630424 8.392333 -14.440844 0.406815 -3.079378 -16.022019 1.317151 -7.620602 0.000000 -0.000001 0.000001 -46.534413 2.901537 -20.144895 52.763259 4.755875 -8.773293 -0.032780 4.538401 18.387318 0.000005 0.000004 0.000003 0.000000 -0.000002 -0.000000 
-3.923559 83.540764 219.789505 -9.608103 40.624309 9.361595 10.116990 -0.715988 0.470120 4.357252 -0.376740 0.381124 4.356275 -0.387022 0.384062 5.676569 -8.733668 -0.379872 -1.188840 -26.517742 1.332692 -0.000001 -0.000000 0.000000 0.063797 -10.373559 -18.184656 -12.064715 -53.354026 -19.485521 7.715115 -97.304678 7.783948 -57.468146 -6.043355 -23.906521 9.775943 16.357226 0.858838 6.053998 27.805342 -18.599824 -6.037807 60.816298 17.107018 0.000006 -0.000002 -0.000002 17.472852 9.224746 -83.155770 23.312525 4.675923 -117.724116 21.566951 6.194463 -108.116758 -0.000001 -0.000002 -0.000000 11.592380 8.281167 -86.537684 16.149760 12.964987 -105.880336 18.073345 11.765600 -118.360936 0.000001 0.000000 0.000000 4.991188 7.872684 -92.729571 10.803493 17.923618 -103.552621 10.498667 17.411838 -100.924917 0.000002 0.000002 0.000003 1.243697 8.584941 -92.369921 8.659899 15.362646 -98.315696 16.024879 19.714766 -130.655426 0.000001 0.000003 -0.000001 0.563026 3.985695 15.041130 -28.493599 40.573301 29.407707 -181.127779 130.980188 181.504368 -19.318145 8.559063 -12.467125 7.289186 -17.786639 4.440297 20.544492 -23.758746 7.065928 17.377540 -52.365291 9.460109 0.000002 0.000001 0.000000 19.275853 -8.774054 82.782405 22.821839 -2.963190 115.997704 22.107934 -3.322704 114.153976 -0.000001 -0.000000 0.000001 11.485750 -7.534575 85.331213 16.189401 -11.109630 107.924010 15.949305 -10.923144 105.235190 0.000001 0.000002 -0.000001 4.330899 -7.313577 92.054312 11.183941 -15.225707 101.327393 11.710476 -15.181038 103.581089 0.000000 -0.000005 0.000000 -3.765939 -7.773556 94.669475 6.267350 -18.769742 95.066978 14.996437 -19.450045 135.720107 -0.000000 0.000002 0.000000 -26.391728 8.369099 22.358462 77.686326 8.928272 7.988617 -13.623806 0.314472 -3.645283 -13.663863 1.074677 -7.034180 0.000000 -0.000001 -0.000000 -46.834925 2.260233 -18.865228 54.873692 5.712197 -7.827614 -1.215379 2.128580 17.575535 -0.000083 -0.000003 -0.000008 -0.000000 -0.000001 -0.000000 
-4.340154 83.422150 220.631485 -9.495105 42.190492 7.390786 10.150918 -3.667745 1.850049 4.393344 -1.741864 0.757244 4.384094 -1.764637 0.768552 5.359942 -8.038575 0.028341 -1.468190 -23.660409 1.914023 0.000001 0.000000 -0.000001 0.146098 -10.015446 -17.235112 -17.393410 -57.427910 -19.603958 -6.146101 -80.876277 -6.223089 -59.124993 -7.343463 -22.846457 9.775934 16.357232 0.858853 6.053989 27.805335 -18.599826 -6.037799 60.816298 17.107003 0.000004 0.000003 -0.000000 17.472864 9.224752 -83.155764 23.312532 4.675892 -117.724102 21.566961 6.194447 -108.116779 -0.000000 0.000002 0.000000 11.592391 8.281167 -86.537684 16.149760 12.964993 -105.880329 18.073358 11.765587 -118.360949 0.000000 0.000001 -0.000001 4.991189 7.872686 -92.729551 10.803489 17.923620 -103.552641 10.498670 17.411867 -100.924945 0.000001 0.000003 0.000002 1.243722 8.584927 -92.369935 8.659894 15.362653 -98.315703 16.024894 19.714774 -130.655454 -0.000000 -0.000001 -0.000001 0.545787 4.178243 16.302994 -26.134863 39.213127 32.192037 -181.634797 121.016363 181.913018 -20.999927 8.306748 -11.662500 7.289165 -17.786637 4.440299 20.544494 -23.758787 7.065903 17.377560 -52.365315 9.460134 -0.000000 -0.000000 0.000003 19.275835 -8.774048 82.782412 22.821868 -2.963201 115.997717 22.107936 -3.322708 114.153990 0.000001 0.000000 -0.000000 11.485751 -7.534571 85.331220 16.189406 -11.109597 107.923997 15.949315 -10.923148 105.235177 0.000001 0.000002 0.000002 4.330884 -7.313579 92.054312 11.183923 -15.225721 101.327373 11.710484 -15.181031 103.581041 0.000002 -0.000001 0.000002 -3.765945 -7.773545 94.669475 6.267361 -18.769732 95.066972 14.996438 -19.450045 135.720107 -0.000000 -0.000001 -0.000000 -30.566497 5.209526 23.001121 83.175749 4.932364 7.631305 -12.719675 0.582531 -6.340880 -11.329680 0.789898 -6.196948 -0.000000 0.000000 -0.000001 -47.169051 0.834903 -18.590817 56.428048 6.553542 -6.036163 -2.358056 0.532268 16.327782 -0.000002 0.000002 -0.000001 -0.000000 0.000003 0.000000 
-4.525270 83.421310 221.428284 -9.234762 43.560949 5.433509 10.255993 -6.291248 3.102163 4.401155 -2.959577 1.107607 4.379108 -2.991353 1.126974 4.987176 -7.369003 0.474254 -1.636074 -21.102949 2.961116 0.000002 -0.000000 -0.000000 0.237255 -9.661986 -16.007013 -23.713107 -59.914474 -23.955855 -2.128537 -65.211204 -2.348921 -60.559210 -8.637936 -21.872414 9.775923 16.357243 0.858846 6.054001 27.805336 -18.599823 -6.037800 60.816312 17.106987 0.000003 -0.000002 -0.000002 17.472855 9.224755 -83.155805 23.312534 4.675916 -117.724102 21.566944 6.194446 -108.116751 -0.000001 0.000002 -0.000000 11.592374 8.281153 -86.537698 16.149767 12.965008 -105.880308 18.073353 11.765584 -118.360949 0.000001 0.000003 0.000001 4.991168 7.872696 -92.729537 10.803497 17.923632 -103.552635 10.498642 17.411861 -100.924924 0.000002 0.000002 -0.000003 1.243713 8.584931 -92.369955 8.659888 15.362665 -98.315703 16.024911 19.714783 -130.655481 -0.000000 -0.000001 -0.000000 0.517686 4.453037 17.657899 -23.844380 35.154652 36.477950 -182.907753 108.723757 183.070844 -22.433860 7.972064 -10.976548 7.289170 -17.786651 4.440297 20.544506 -23.758769 7.065905 17.377559 -52.365281 9.460145 -0.000000 -0.000002 0.000004 19.275856 -8.774070 82.782425 22.821865 -2.963199 115.997704 22.107943 -3.322719 114.153990 -0.000001 -0.000003 -0.000001 11.485764 -7.534570 85.331213 16.189384 -11.109619 107.924017 15.949325 -10.923174 105.235163 -0.000000 -0.000003 0.000002 4.330914 -7.313584 92.054305 11.183950 -15.225709 101.327414 11.710479 -15.181045 103.581062 -0.000002 0.000003 0.000001 -3.765930 -7.773552 94.669475 6.267340 -18.769747 95.066944 14.996435 -19.450043 135.720107 -0.000001 -0.000001 -0.000001 -34.052400 3.323489 23.025696 86.660641 3.089938 7.382226 -12.084847 1.100390 -10.222268 -10.014445 0.578659 -5.425714 0.000002 -0.000002 0.000000 -47.557163 -0.932871 -19.064699 57.567908 6.418998 -3.908899 -4.063925 0.738757 15.109427 -0.000003 -0.000010 -0.000001 0.000000 -0.000001 -0.000000 
-4.568512 83.581146 222.216690 -8.941690 43.984595 4.039109 10.427482 -8.101620 3.894743 4.417428 -3.802612 1.330116 4.384181 -3.839335 1.356935 4.590883 -6.716302 0.730113 -1.749713 -18.820516 3.807514 -0.000001 -0.000000 0.000000 0.307209 -9.364910 -14.986892 -31.084065 -60.341477 -31.638406 -1.299824 -53.002268 -1.637650 -61.779949 -9.910940 -20.960536 9.775917 16.357227 0.858851 6.054007 27.805348 -18.599823 -6.037793 60.816305 17.107018 -0.000000 -0.000001 -0.000000 17.472845 9.224741 -83.155770 23.312501 4.675915 -117.724075 21.566949 6.194476 -108.116772 0.000000 0.000000 -0.000001 11.592383 8.281160 -86.537704 16.149772 12.964993 -105.880322 18.073352 11.765587 -118.360949 0.000001 0.000001 0.000001 4.991171 7.872697 -92.729544 10.803486 17.923617 -103.552621 10.498647 17.411860 -100.924911 -0.000002 -0.000000 -0.000003 1.243704 8.584942 -92.369935 8.659898 15.362668 -98.315690 16.024901 19.714790 -130.655440 -0.000000 -0.000003 0.000000 0.480263 4.790873 18.802087 -20.786876 30.353699 41.044820 -187.938570 97.104738 187.996258 -23.631830 7.570699 -10.401235 7.289182 -17.786656 4.440292 20.544488 -23.758758 7.065915 17.377540 -52.365281 9.460108 -0.000000 -0.000005 -0.000001 19.275854 -8.774089 82.782398 22.821884 -2.963203 115.997717 22.107944 -3.322714 114.153990 -0.000000 -0.000001 -0.000000 11.485754 -7.534584 85.331213 16.189394 -11.109612 107.924017 15.949313 -10.923138 105.235163 0.000001 -0.000001 0.000000 4.330898 -7.313592 92.054298 11.183935 -15.225690 101.327393 11.710460 -15.181026 103.581028 0.000000 -0.000001 0.000000 -3.765940 -7.773553 94.669461 6.267343 -18.769734 95.066958 14.996442 -19.450038 135.720107 0.000001 -0.000002 0.000001 -36.062285 3.402595 22.605139 87.669842 3.952306 7.097539 -12.237744 1.707850 -13.802083 -10.436542 0.497483 -5.097312 -0.000001 -0.000002 0.000002 -47.984036 -2.536473 -19.987727 58.173261 6.525786 -1.928221 -5.310032 1.616973 14.494575 0.000008 0.000004 -0.000001 -0.000000 -0.000002 -0.000000 
-4.521785 83.868210 223.022171 -8.740080 43.023000 3.559077 10.677054 -8.754801 4.039423 4.472906 -4.108610 1.376750 4.436099 -4.145748 1.409476 4.137999 -6.095514 0.774671 -2.124733 -16.809290 4.101113 0.000000 -0.000000 -0.000000 0.349433 -9.079055 -14.409635 -36.769832 -58.214631 -39.393884 -1.085428 -48.001173 -1.473648 -62.796151 -11.149754 -20.089473 9.775917 16.357220 0.858837 6.054020 27.805345 -18.599821 -6.037810 60.816305 17.107027 0.000003 0.000004 -0.000003 17.472848 9.224753 -83.155791 23.312511 4.675913 -117.724061 21.566958 6.194450 -108.116779 -0.000002 -0.000001 -0.000005 11.592375 8.281173 -86.537684 16.149764 12.964998 -105.880322 18.073346 11.765590 -118.360936 0.000002 0.000001 -0.000003 4.991189 7.872704 -92.729565 10.803498 17.923617 -103.552648 10.498658 17.411856 -100.924911 0.000001 0.000001 -0.000003 1.243709 8.584931 -92.369942 8.659888 15.362660 -98.315703 16.024882 19.714786 -130.655413 0.000003 -0.000000 -0.000001 0.444479 5.106048 19.505448 -17.303919 26.258826 44.945274 -157.841956 87.385775 157.815195 -24.606781 7.115706 -9.927512 7.289180 -17.786654 4.440296 20.544475 -23.758777 7.065904 17.377557 -52.365281 9.460124 -0.000001 -0.000003 -0.000000 19.275853 -8.774066 82.782405 22.821870 -2.963199 115.997731 22.107927 -3.322697 114.153983 -0.000000 0.000001 -0.000001 11.485756 -7.534570 85.331206 16.189399 -11.109621 107.924044 15.949328 -10.923151 105.235156 0.000001 -0.000000 -0.000001 4.330900 -7.313586 92.054298 11.183924 -15.225699 101.327379 11.710479 -15.181043 103.581055 -0.000002 -0.000001 0.000003 -3.765943 -7.773561 94.669461 6.267354 -18.769761 95.066958 14.996447 -19.450048 135.720107 0.000003 -0.000001 -0.000000 -36.090446 5.126446 22.207038 86.502679 6.969427 6.177780 -13.377639 2.155491 -15.605814 -12.536670 0.544758 -5.348171 -0.000003 0.000001 -0.000000 -48.640127 -3.615537 -21.009235 58.747605 6.724666 -0.421531 -6.774187 2.619432 13.929548 -0.000000 0.000002 0.000004 -0.000000 -0.000001 -0.000000 
-4.371435 84.205719 223.820877 -8.721873 40.664337 4.058197 11.063234 -8.120975 3.520915 4.593273 -3.805542 1.270676 4.563247 -3.837475 1.306642 3.602779 -5.563482 0.751736 -2.990162 -15.235905 3.957751 0.000000 0.000000 0.000000 0.370162 -8.771501 -14.246918 -38.248923 -54.433855 -44.573937 -1.221696 -51.300373 -1.576479 -63.616252 -12.344121 -19.240108 9.775911 16.357231 0.858845 6.053984 27.805335 -18.599826 -6.037774 60.816319 17.106991 -0.000004 0.000003 0.000001 17.472838 9.224744 -83.155770 23.312523 4.675913 -117.724061 21.566942 6.194464 -108.116765 0.000002 -0.000000 0.000004 11.592369 8.281169 -86.537698 16.149767 12.965000 -105.880322 18.073348 11.765593 -118.360922 0.000004 -0.000000 0.000002 4.991166 7.872677 -92.729551 10.803483 17.923627 -103.552655 10.498661 17.411861 -100.924911 -0.000001 0.000001 -0.000003 1.243689 8.584926 -92.369928 8.659898 15.362661 -98.315696 16.024894 19.714767 -130.655454 -0.000001 0.000002 -0.000003 0.423721 5.312533 19.672307 -14.657656 23.577801 47.568176 -173.880128 80.824354 173.793467 -25.372193 6.617798 -9.545975 7.289174 -17.786637 4.440305 20.544482 -23.758762 7.065899 17.377540 -52.365308 9.460112 -0.000003 -0.000001 -0.000001 19.275849 -8.774049 82.782405 22.821861 -2.963199 115.997731 22.107929 -3.322716 114.153969 -0.000001 0.000001 -0.000000 11.485749 -7.534568 85.331199 16.189387 -11.109614 107.924038 15.949322 -10.923151 105.235156 0.000001 0.000003 -0.000001 4.330908 -7.313578 92.054319 11.183932 -15.225711 101.327359 11.710479 -15.181041 103.581082 0.000002 -0.000002 0.000000 -3.765929 -7.773543 94.669482 6.267332 -18.769742 95.066951 14.996462 -19.450039 135.720107 -0.000000 -0.000000 -0.000002 -34.240650 8.221464 21.340518 83.879053 11.352304 5.363443 -15.287159 2.459858 -15.508616 -15.433371 0.689084 -5.972409 -0.000001 -0.000001 -0.000000 -49.525609 -3.971673 -21.982450 59.484302 6.918321 0.482866 -8.366539 3.125624 13.626635 -0.000005 0.000002 -0.000002 0.000000 -0.000003 0.000000 
-4.077695 84.451065 224.606781 -8.885564 37.236306 5.206986 11.638442 -6.288049 2.574797 4.777270 -2.936722 1.085964 4.760565 -2.957478 1.120013 3.021112 -5.195200 0.809113 -4.209986 -14.391473 3.712982 0.000000 -0.000000 -0.000000 0.375157 -8.512932 -14.374329 -35.943006 -51.027746 -47.212166 -1.797910 -61.355542 -2.054661 -64.248584 -13.485654 -18.395955 9.775920 16.357224 0.858847 6.054001 27.805324 -18.599823 -6.037783 60.816305 17.106989 0.000004 0.000005 0.000000 17.472845 9.224737 -83.155764 23.312513 4.675916 -117.724061 21.566946 6.194449 -108.116772 -0.000003 0.000001 0.000001 11.592378 8.281140 -86.537698 16.149762 12.964989 -105.880329 18.073352 11.765594 -118.360936 0.000004 0.000001 -0.000002 4.991176 7.872681 -92.729544 10.803494 17.923612 -103.552655 10.498657 17.411848 -100.924945 0.000001 0.000000 -0.000001 1.243691 8.584923 -92.369907 8.659879 15.362668 -98.315710 16.024891 19.714778 -130.655467 -0.000003 -0.000002 -0.000000 0.425646 5.350980 19.352972 -14.125372 22.259890 48.508202 -175.784603 76.816877 175.661715 -25.942051 6.085754 -9.246994 7.289177 -17.786642 4.440309 20.544504 -23.758758 7.065919 17.377528 -52.365315 9.460113 -0.000002 -0.000004 0.000002 19.275853 -8.774056 82.782419 22.821868 -2.963214 115.997717 22.107941 -3.322712 114.153969 -0.000001 0.000003 0.000001 11.485754 -7.534561 85.331193 16.189408 -11.109615 107.924017 15.949325 -10.923152 105.235190 -0.000000 0.000001 -0.000000 4.330913 -7.313578 92.054312 11.183926 -15.225704 101.327373 11.710478 -15.181035 103.581062 -0.000001 -0.000002 0.000002 -3.765937 -7.773541 94.669468 6.267355 -18.769756 95.066978 14.996454 -19.450041 135.720135 0.000001 -0.000001 -0.000002 -30.786924 11.665244 19.896239 80.991072 15.156714 4.713083 -18.593419 3.563226 -14.145858 -16.578544 0.502441 -5.036781 0.000000 -0.000000 -0.000000 -50.545797 -3.608526 -22.703356 60.519369 7.129583 0.836482 -9.849489 2.509277 13.627197 0.000015 0.000010 0.000008 0.000000 0.000002 -0.000001 
-3.638736 84.522110 225.405167 -9.124079 33.234901 6.494910 12.329248 -3.580813 1.545117 4.973985 -1.660264 0.913736 4.968902 -1.665655 0.937262 2.492841 -5.026510 0.949146 -5.323242 -14.465782 3.530643 0.000000 -0.000000 -0.000000 0.362330 -8.454185 -14.722978 -31.160324 -49.121368 -47.887447 -3.303493 -73.399924 -3.448279 -64.700968 -14.567282 -17.542883 9.775919 16.357239 0.858846 6.053997 27.805333 -18.599829 -6.037794 60.816319 17.107018 0.000003 0.000008 0.000002 17.472831 9.224744 -83.155784 23.312527 4.675930 -117.724102 21.566944 6.194471 -108.116772 0.000002 0.000002 0.000000 11.592374 8.281167 -86.537718 16.149759 12.964993 -105.880336 18.073335 11.765598 -118.360936 0.000001 -0.000002 0.000002 4.991163 7.872698 -92.729531 10.803499 17.923613 -103.552648 10.498654 17.411851 -100.924952 0.000001 0.000001 -0.000001 1.243684 8.584931 -92.369928 8.659900 15.362663 -98.315703 16.024886 19.714778 -130.655426 -0.000001 -0.000002 -0.000001 0.451032 5.175607 18.672805 -16.269751 21.862551 47.678760 -176.200890 75.434358 176.065434 -26.330485 5.526707 -9.021116 7.289160 -17.786648 4.440301 20.544495 -23.758769 7.065901 17.377557 -52.365288 9.460139 0.000003 -0.000003 -0.000000 19.275847 -8.774073 82.782405 22.821858 -2.963215 115.997704 22.107938 -3.322697 114.153983 0.000001 -0.000001 -0.000001 11.485750 -7.534575 85.331199 16.189374 -11.109602 107.923997 15.949320 -10.923146 105.235163 0.000001 -0.000002 -0.000002 4.330896 -7.313580 92.054305 11.183911 -15.225711 101.327366 11.710478 -15.181057 103.581055 -0.000001 0.000003 -0.000002 -3.765945 -7.773545 94.669455 6.267342 -18.769746 95.066972 14.996444 -19.450038 135.720094 0.000003 0.000001 0.000001 -26.171323 14.649181 17.905170 78.684483 15.409969 4.232658 -23.386788 7.303419 -11.681010 -14.735583 0.084940 -2.047793 -0.000000 -0.000001 0.000001 -51.520592 -2.688599 -22.958725 61.744965 7.336852 0.814573 -10.871061 0.741127 13.815270 -0.000006 0.000010 -0.000002 0.000000 0.000003 0.000001 
-3.121032 84.443573 226.273026 -9.282542 29.101028 7.504061 12.908108 -0.497050 0.721415 5.098733 -0.219074 0.823428 5.098440 -0.209440 0.827015 2.164303 -4.998960 0.987532 -5.814808 -15.304962 3.301401 -0.000000 -0.000000 -0.000001 0.324756 -8.704433 -15.290579 -24.801518 -48.492707 -46.718661 -10.829672 -84.769471 -10.871470 -64.981149 -15.582972 -16.669271 9.775925 16.357232 0.858849 6.054005 27.805343 -18.599823 -6.037777 60.816305 17.106981 -0.000001 0.000002 -0.000002 17.472838 9.224750 -83.155784 23.312517 4.675915 -117.724102 21.566947 6.194451 -108.116765 -0.000000 0.000001 -0.000001 11.592382 8.281157 -86.537691 16.149752 12.964997 -105.880308 18.073341 11.765615 -118.360963 0.000002 0.000001 0.000001 4.991182 7.872706 -92.729551 10.803513 17.923629 -103.552655 10.498662 17.411832 -100.924924 -0.000003 0.000001 0.000001 1.243711 8.584925 -92.369921 8.659876 15.362653 -98.315696 16.024889 19.714774 -130.655454 -0.000004 -0.000001 0.000000 0.494254 4.773813 17.716746 -20.545602 22.106913 45.563700 -175.475169 77.687712 175.360148 -26.551884 4.946511 -8.859195 7.289158 -17.786646 4.440312 20.544502 -23.758760 7.065901 17.377560 -52.365319 9.460116 0.000001 -0.000001 -0.000002 19.275842 -8.774052 82.782398 22.821858 -2.963204 115.997704 22.107931 -3.322709 114.153983 0.000000 0.000001 -0.000001 11.485751 -7.534572 85.331206 16.189415 -11.109616 107.924044 15.949318 -10.923154 105.235163 0.000001 0.000002 0.000001 4.330897 -7.313581 92.054305 11.183942 -15.225702 101.327379 11.710476 -15.181050 103.581076 0.000001 0.000000 0.000001 -3.765942 -7.773554 94.669461 6.267359 -18.769737 95.066951 14.996432 -19.450021 135.720121 0.000005 -0.000002 -0.000001 -21.017720 16.832361 15.686462 76.351372 15.313644 3.965801 -26.883010 9.089658 -9.911644 -13.538076 0.020086 -0.988821 -0.000000 0.000001 0.000001 -52.310623 -1.451710 -22.602228 62.909819 7.544508 0.603589 -11.128362 -1.518572 14.096098 0.000009 -0.000006 0.000004 -0.000000 0.000001 0.000002 
-2.676139 84.284760 227.248688 -9.257906 25.144809 7.994309 13.108711 2.362178 0.309225 5.084750 1.100167 0.835508 5.084634 1.119381 0.815604 2.189474 -4.962664 0.689248 -5.388775 -16.349919 2.843425 -0.000000 -0.000001 -0.000000 0.261159 -9.212294 -16.039709 -17.816323 -48.350933 -43.972970 12.552820 -94.526936 12.596336 -65.096737 -16.527535 -15.765559 9.775926 16.357231 0.858850 6.054005 27.805345 -18.599826 -6.037816 60.816305 17.107015 -0.000001 0.000003 -0.000000 17.472845 9.224738 -83.155770 23.312525 4.675927 -117.724075 21.566952 6.194445 -108.116765 0.000001 -0.000001 0.000001 11.592391 8.281160 -86.537691 16.149776 12.964993 -105.880322 18.073360 11.765593 -118.360949 -0.000001 0.000001 0.000000 4.991172 7.872693 -92.729551 10.803487 17.923622 -103.552628 10.498662 17.411856 -100.924911 -0.000004 0.000001 -0.000002 1.243695 8.584906 -92.369928 8.659884 15.362660 -98.315703 16.024893 19.714774 -130.655481 0.000001 0.000000 -0.000003 0.540958 4.228883 16.573234 -25.579033 23.190164 43.341034 -169.459520 84.621994 169.407174 -26.620587 4.349918 -8.752541 7.289198 -17.786653 4.440319 20.544490 -23.758770 7.065923 17.377541 -52.365285 9.460107 0.000002 -0.000004 -0.000001 19.275858 -8.774064 82.782405 22.821866 -2.963211 115.997731 22.107949 -3.322719 114.153990 0.000001 0.000001 -0.000001 11.485767 -7.534570 85.331206 16.189404 -11.109613 107.924031 15.949315 -10.923139 105.235170 0.000002 0.000001 0.000000 4.330911 -7.313591 92.054312 11.183950 -15.225694 101.327373 11.710463 -15.181026 103.581028 -0.000002 0.000002 -0.000001 -3.765923 -7.773544 94.669468 6.267331 -18.769727 95.066965 14.996440 -19.450024 135.720094 0.000003 -0.000002 -0.000000 -15.941667 18.244272 13.758979 73.980368 14.243826 3.833066 -29.492067 10.164013 -8.893880 -13.106785 0.008666 -0.645768 0.000000 0.000002 -0.000002 -52.901147 -0.179200 -21.513527 63.845009 6.920860 0.306169 -10.508201 -2.549258 14.645983 -0.000006 0.000004 -0.000002 -0.000001 0.000000 -0.000002 
-2.439747 84.098579 228.338699 -9.060380 21.589787 7.954902 12.789369 4.397342 0.336837 4.925999 2.019283 0.923119 4.926604 2.039668 0.887251 2.632356 -4.761374 0.004404 -4.140216 -16.844163 2.055509 -0.000000 0.000001 0.000000 0.185290 -9.773815 -16.825855 -11.639885 -48.138364 -40.502175 4.878180 -101.439593 4.984371 -65.055701 -17.396212 -14.824700 9.775931 16.357239 0.858837 6.053995 27.805331 -18.599828 -6.037784 60.816298 17.107011 -0.000001 0.000003 0.000000 17.472857 9.224752 -83.155805 23.312546 4.675915 -117.724089 21.566949 6.194437 -108.116772 0.000002 0.000001 -0.000000 11.592365 8.281170 -86.537704 16.149771 12.965008 -105.880322 18.073357 11.765598 -118.360949 -0.000000 -0.000002 -0.000001 4.991167 7.872678 -92.729551 10.803492 17.923620 -103.552635 10.498650 17.411856 -100.924931 -0.000003 0.000002 -0.000002 1.243699 8.584926 -92.369955 8.659881 15.362680 -98.315690 16.024886 19.714760 -130.655454 0.000000 -0.000001 -0.000001 0.573347 3.747983 15.454801 -30.159315 25.469186 42.398888 -189.636254 95.871991 189.682823 -26.550895 3.740863 -8.692970 7.289158 -17.786634 4.440317 20.544500 -23.758775 7.065907 17.377548 -52.365298 9.460108 0.000002 -0.000004 -0.000001 19.275835 -8.774046 82.782405 22.821872 -2.963199 115.997731 22.107934 -3.322711 114.153990 0.000002 -0.000000 -0.000000 11.485751 -7.534558 85.331220 16.189384 -11.109631 107.924003 15.949334 -10.923157 105.235170 -0.000000 -0.000001 -0.000001 4.330902 -7.313586 92.054339 11.183934 -15.225687 101.327379 11.710469 -15.181026 103.581055 -0.000000 0.000001 -0.000002 -3.765942 -7.773534 94.669482 6.267345 -18.769739 95.066944 14.996442 -19.450024 135.720107 -0.000003 -0.000004 -0.000001 -11.491325 19.203068 12.514314 71.648111 12.824800 3.750007 -31.353912 10.625443 -8.415830 -13.152282 0.008088 -0.621886 -0.000000 -0.000002 0.000002 -53.344460 0.908999 -19.725988 64.604178 6.207737 -0.062972 -9.269601 -2.522756 15.347995 0.000016 0.000008 0.000007 0.000000 0.000000 0.000001 
-2.489115 83.911285 229.500504 -8.796436 18.690862 7.486639 12.039445 5.145987 0.705063 4.680000 2.329877 1.034582 4.683778 2.343259 0.997948 3.366013 -4.331693 -0.842774 -2.570338 -16.208872 0.962686 0.000000 -0.000000 -0.000000 0.124065 -10.167739 -17.432789 -7.802904 -47.836695 -37.248724 3.609230 -105.286321 3.750263 -64.865972 -18.184696 -13.841681 9.775934 16.357229 0.858851 6.053994 27.805331 -18.599835 -6.037778 60.816312 17.106993 0.000004 -0.000000 -0.000001 17.472862 9.224750 -83.155777 23.312530 4.675912 -117.724089 21.566952 6.194448 -108.116799 0.000002 -0.000001 -0.000000 11.592375 8.281173 -86.537691 16.149777 12.965016 -105.880336 18.073365 11.765598 -118.360936 0.000000 0.000001 -0.000002 4.991190 7.872708 -92.729551 10.803507 17.923615 -103.552648 10.498655 17.411843 -100.924911 -0.000003 0.000002 0.000001 1.243709 8.584936 -92.369928 8.659892 15.362673 -98.315703 16.024913 19.714774 -130.655467 0.000002 0.000002 0.000000 0.584493 3.544271 14.631491 -33.875635 28.977119 43.532771 -182.860884 109.007661 183.026571 -26.357019 3.122814 -8.672927 7.289164 -17.786658 4.440300 20.544504 -23.758767 7.065906 17.377555 -52.365285 9.460136 0.000003 -0.000002 0.000003 19.275842 -8.774053 82.782405 22.821866 -2.963202 115.997731 22.107939 -3.322715 114.153997 0.000001 0.000003 -0.000002 11.485750 -7.534587 85.331206 16.189423 -11.109624 107.924031 15.949316 -10.923151 105.235163 -0.000001 -0.000002 0.000001 4.330915 -7.313601 92.054339 11.183952 -15.225692 101.327400 11.710469 -15.181048 103.581082 -0.000000 -0.000001 -0.000000 -3.765934 -7.773560 94.669475 6.267358 -18.769765 95.066978 14.996442 -19.450036 135.720094 0.000001 -0.000001 0.000001 -8.037497 20.000717 12.128347 69.458489 12.165258 3.788595 -32.490827 10.158837 -8.536082 -13.361166 0.009774 -0.683927 -0.000000 -0.000001 0.000001 -53.635314 1.587259 -17.455575 65.270066 6.347931 -0.491196 -7.803407 -2.519657 15.600256 0.000009 0.000004 -0.000002 0.000000 0.000002 -0.000000 
-2.824909 83.713516 230.675690 -8.595375 16.770273 6.734435 11.145831 4.384870 1.222773 4.436578 1.939862 1.116973 4.443373 1.940551 1.092458 4.110394 -3.719322 -1.519616 -1.352335 -14.329802 -0.169751 0.000001 0.000001 -0.000000 0.102722 -10.273556 -17.665024 -7.059989 -47.532236 -34.422091 3.581680 -105.398268 3.723729 -64.535869 -18.889137 -12.813337 9.775940 16.357226 0.858824 6.053960 27.805333 -18.599812 -6.037815 60.816312 17.107034 0.000004 0.000003 -0.000000 17.472852 9.224732 -83.155770 23.312540 4.675920 -117.724102 21.566951 6.194447 -108.116779 -0.000004 0.000001 -0.000000 11.592387 8.281159 -86.537691 16.149759 12.965004 -105.880315 18.073369 11.765592 -118.360949 0.000005 -0.000000 -0.000001 4.991184 7.872682 -92.729551 10.803489 17.923618 -103.552655 10.498659 17.411858 -100.924911 -0.000002 0.000003 0.000001 1.243695 8.584925 -92.369914 8.659904 15.362670 -98.315696 16.024898 19.714771 -130.655454 0.000001 -0.000001 -0.000001 0.580435 3.649861 14.274254 -36.722109 33.450578 46.670539 -181.585852 121.785374 181.871518 -26.053167 2.498740 -8.685565 7.289185 -17.786646 4.440311 20.544475 -23.758775 7.065907 17.377540 -52.365298 9.460115 -0.000005 -0.000003 0.000001 19.275868 -8.774069 82.782412 22.821858 -2.963192 115.997704 22.107920 -3.322704 114.154003 0.000001 -0.000000 0.000001 11.485753 -7.534591 85.331213 16.189401 -11.109610 107.924017 15.949308 -10.923145 105.235183 0.000001 0.000002 -0.000005 4.330897 -7.313586 92.054312 11.183929 -15.225704 101.327366 11.710481 -15.181045 103.581062 -0.000002 -0.000002 0.000000 -3.765930 -7.773548 94.669475 6.267350 -18.769744 95.066965 14.996430 -19.450034 135.720080 0.000002 -0.000001 -0.000002 -5.767871 20.747922 12.598365 67.569033 12.496951 4.170662 -33.069361 8.968942 -9.210384 -13.540433 0.008345 -0.629184 -0.000001 -0.000001 -0.000002 -53.779820 1.757550 -15.206486 65.983862 6.913492 -0.888171 -6.400485 -2.531395 15.800012 0.000005 -0.000001 -0.000004 0.000000 0.000001 0.000000 
-3.380310 83.480431 231.828476 -8.543170 16.110992 5.871713 10.440483 2.171257 1.668026 4.276282 0.886825 1.133773 4.281192 0.872737 1.125786 4.592453 -3.014394 -1.816345 -0.953615 -11.541259 -0.830291 0.000001 -0.000000 0.000000 0.129123 -10.089765 -17.438974 -8.832029 -46.916911 -31.459308 5.264300 -100.622545 5.363103 -64.074264 -19.505979 -11.738717 9.775915 16.357236 0.858862 6.054031 27.805335 -18.599829 -6.037788 60.816305 17.106994 -0.000002 0.000001 -0.000001 17.472841 9.224729 -83.155764 23.312544 4.675904 -117.724102 21.566937 6.194433 -108.116792 0.000001 0.000001 0.000000 11.592380 8.281169 -86.537684 16.149774 12.964988 -105.880336 18.073335 11.765573 -118.360936 -0.000001 0.000001 0.000000 4.991180 7.872687 -92.729565 10.803496 17.923629 -103.552648 10.498634 17.411856 -100.924911 -0.000006 0.000000 -0.000001 1.243704 8.584918 -92.369914 8.659888 15.362673 -98.315703 16.024913 19.714779 -130.655467 -0.000001 0.000000 -0.000000 0.568888 3.915001 14.428985 -38.322740 38.351413 50.961465 -181.131508 130.887502 181.507155 -25.653340 1.871283 -8.724584 7.289196 -17.786625 4.440324 20.544487 -23.758774 7.065901 17.377536 -52.365305 9.460124 -0.000003 -0.000005 0.000001 19.275873 -8.774064 82.782405 22.821855 -2.963180 115.997731 22.107929 -3.322717 114.153969 0.000000 0.000000 -0.000001 11.485774 -7.534577 85.331227 16.189401 -11.109598 107.924024 15.949311 -10.923141 105.235170 0.000001 -0.000001 -0.000002 4.330920 -7.313582 92.054332 11.183952 -15.225718 101.327379 11.710487 -15.181038 103.581062 -0.000001 0.000001 -0.000001 -3.765928 -7.773552 94.669475 6.267341 -18.769746 95.066958 14.996437 -19.450041 135.720094 0.000000 0.000000 0.000001 -4.668287 21.357399 13.755226 66.019796 13.760169 5.141215 -33.254917 7.155879 -10.535967 -13.600115 0.004329 -0.450960 -0.000001 0.000001 0.000000 -53.822673 1.492511 -13.651148 66.868918 7.679986 -1.121920 -5.153233 -2.545119 17.156199 -0.000009 0.000000 -0.000004 -0.000000 0.000001 0.000000 
-4.030785 83.350098 232.880386 -8.658168 16.768248 4.925720 10.129556 -1.129508 2.046401 4.236928 -0.671981 1.075085 4.231631 -0.699459 1.082379 4.659172 -2.295660 -1.726540 -1.405270 -8.376751 -0.613494 0.000000 0.000000 -0.000000 0.189778 -9.699809 -16.830529 -11.646661 -45.524485 -27.976025 36.015499 -91.676158 36.031317 -63.490488 -20.032118 -10.618419 9.775940 16.357220 0.858846 6.053990 27.805348 -18.599823 -6.037786 60.816305 17.106989 0.000004 0.000004 -0.000002 17.472847 9.224745 -83.155770 23.312539 4.675920 -117.724089 21.566954 6.194442 -108.116806 0.000000 -0.000003 -0.000000 11.592375 8.281166 -86.537691 16.149772 12.964987 -105.880329 18.073343 11.765594 -118.360949 0.000001 -0.000000 0.000001 4.991164 7.872695 -92.729537 10.803488 17.923632 -103.552641 10.498660 17.411851 -100.924945 -0.000002 -0.000000 -0.000001 1.243712 8.584922 -92.369921 8.659905 15.362651 -98.315710 16.024886 19.714769 -130.655467 0.000003 0.000000 -0.000000 0.552890 4.192864 15.074444 -37.572256 42.465298 54.849926 -181.023891 133.700502 181.428375 -25.171460 1.243110 -8.784395 7.289180 -17.786634 4.440309 20.544480 -23.758750 7.065907 17.377545 -52.365285 9.460122 0.000002 0.000002 0.000002 19.275847 -8.774064 82.782419 22.821873 -2.963209 115.997717 22.107934 -3.322712 114.153962 0.000000 0.000002 -0.000001 11.485751 -7.534580 85.331199 16.189416 -11.109616 107.924017 15.949305 -10.923153 105.235163 -0.000001 -0.000001 -0.000002 4.330894 -7.313572 92.054305 11.183937 -15.225702 101.327379 11.710474 -15.181035 103.581055 -0.000000 -0.000001 -0.000001 -3.765929 -7.773534 94.669482 6.267330 -18.769737 95.066951 14.996442 -19.450050 135.720094 -0.000000 -0.000001 -0.000001 -4.432237 21.584199 15.286802 64.455197 15.154820 6.782996 -33.147724 5.412108 -12.192005 -13.556438 0.000081 -0.055582 0.000000 0.000000 -0.000002 -53.659397 0.477883 -12.756922 68.133411 7.659266 -1.130808 -6.277367 -2.373432 16.602074 -0.003757 0.000002 -0.000004 0.000000 0.000001 0.000000 
-4.668938 83.274719 233.909790 -8.885772 18.483233 4.169765 10.218938 -4.984241 2.221956 4.296989 -2.478321 0.954992 4.274924 -2.515237 0.977063 4.289807 -1.627387 -1.378659 -2.344074 -5.323749 0.399740 0.000001 -0.000000 0.000000 0.260182 -9.229064 -16.039989 -14.406138 -43.319635 -24.618017 -5.358632 -79.569224 -5.447452 -62.794464 -20.464763 -9.454769 9.775934 16.357232 0.858848 6.054007 27.805369 -18.599829 -6.037798 60.816305 17.107010 0.000003 0.000005 -0.000000 17.472852 9.224765 -83.155764 23.312542 4.675917 -117.724089 21.566947 6.194441 -108.116772 0.000002 0.000000 -0.000002 11.592393 8.281167 -86.537711 16.149772 12.964987 -105.880329 18.073341 11.765583 -118.360949 0.000001 0.000003 -0.000002 4.991189 7.872687 -92.729551 10.803507 17.923615 -103.552655 10.498673 17.411855 -100.924945 -0.000003 0.000001 -0.000000 1.243711 8.584919 -92.369914 8.659899 15.362675 -98.315696 16.024901 19.714788 -130.655440 -0.000000 -0.000001 -0.000000 0.531306 4.451946 16.112018 -33.478568 44.562920 56.848050 -181.230081 128.560990 181.582259 -24.621357 0.616678 -8.860122 7.289184 -17.786629 4.440301 20.544514 -23.758775 7.065915 17.377547 -52.365298 9.460127 0.000001 0.000001 0.000000 19.275859 -8.774046 82.782405 22.821863 -2.963191 115.997731 22.107919 -3.322693 114.153976 -0.000000 0.000001 -0.000001 11.485757 -7.534572 85.331193 16.189408 -11.109632 107.924017 15.949325 -10.923164 105.235156 0.000002 0.000001 -0.000003 4.330914 -7.313591 92.054312 11.183940 -15.225719 101.327400 11.710482 -15.181050 103.581082 -0.000001 -0.000001 -0.000001 -3.765924 -7.773537 94.669468 6.267353 -18.769744 95.066958 14.996433 -19.450031 135.720094 -0.000001 -0.000000 -0.000001 -4.592633 21.346518 16.710268 63.027941 15.333025 8.873058 -32.748725 4.585745 -13.572175 -13.453579 0.000036 0.000005 -0.000000 -0.000002 0.000001 -53.234146 -0.775830 -12.938419 69.311421 6.726676 -1.055038 -7.803618 -1.126643 16.770768 -0.009999 0.000001 -0.000004 -0.000000 -0.000001 0.000000 
-5.231444 83.200562 234.989166 -9.109191 20.739900 3.827638 10.502839 -8.730489 2.109998 4.386681 -4.212165 0.799442 4.348996 -4.252734 0.838532 3.568238 -1.075554 -0.927881 -3.275660 -2.719053 1.685937 0.000001 -0.000000 -0.000000 0.320247 -8.795063 -15.289266 -17.092796 -40.560255 -22.736047 -2.510692 -68.602987 -2.699533 -61.996589 -20.801754 -8.251580 9.775933 16.357232 0.858848 6.053998 27.805336 -18.599819 -6.037799 60.816305 17.106999 0.000006 0.000001 -0.000001 17.472865 9.224750 -83.155777 23.312539 4.675900 -117.724102 21.566937 6.194461 -108.116765 -0.000002 0.000001 -0.000000 11.592379 8.281169 -86.537698 16.149764 12.964988 -105.880336 18.073352 11.765590 -118.360949 0.000004 -0.000000 -0.000001 4.991194 7.872697 -92.729571 10.803478 17.923603 -103.552641 10.498662 17.411863 -100.924938 0.000003 0.000001 -0.000001 1.243712 8.584932 -92.369928 8.659902 15.362672 -98.315730 16.024898 19.714772 -130.655454 -0.000001 -0.000001 0.000002 0.502961 4.717619 17.293392 -26.692577 44.210322 57.014505 -182.283761 113.324115 182.489322 -24.016728 -0.005524 -8.947520 7.289175 -17.786642 4.440316 20.544490 -23.758764 7.065909 17.377547 -52.365288 9.460126 0.000000 -0.000002 0.000002 19.275853 -8.774043 82.782419 22.821866 -2.963217 115.997731 22.107953 -3.322714 114.153983 -0.000000 0.000003 -0.000001 11.485761 -7.534562 85.331213 16.189387 -11.109610 107.924031 15.949316 -10.923149 105.235163 -0.000000 -0.000001 -0.000001 4.330904 -7.313589 92.054332 11.183945 -15.225719 101.327373 11.710490 -15.181035 103.581082 -0.000001 -0.000000 0.000001 -3.765930 -7.773548 94.669468 6.267357 -18.769754 95.066944 14.996433 -19.450029 135.720107 0.000002 0.000001 0.000001 -4.655068 20.133791 18.691798 62.332655 14.186691 9.035850 -32.437487 3.784842 -14.190529 -13.422713 0.000090 -0.070749 0.000000 -0.000003 -0.000001 -52.689230 -1.855846 -13.929349 70.456386 6.192248 -1.085497 -9.510852 0.571534 17.087844 -2.497642 0.000000 0.000008 -0.000000 0.000000 0.000000 
-5.692680 83.233032 236.107330 -9.203327 22.955692 3.864887 10.731510 -11.660700 1.796135 4.431781 -5.560046 0.635099 4.388444 -5.597712 0.692201 2.645689 -0.710515 -0.485634 -3.914131 -0.812769 2.682741 -0.000000 0.000000 -0.000000 0.361006 -8.469872 -14.736866 -20.496214 -37.413116 -23.594496 -1.822813 -61.684121 -2.076423 -61.107838 -21.041397 -7.013845 9.775922 16.357229 0.858851 6.053988 27.805326 -18.599823 -6.037781 60.816312 17.106989 0.000002 0.000006 0.000002 17.472847 9.224746 -83.155777 23.312530 4.675914 -117.724102 21.566949 6.194444 -108.116779 -0.000001 -0.000002 -0.000000 11.592375 8.281172 -86.537691 16.149764 12.964983 -105.880322 18.073343 11.765597 -118.360936 0.000002 0.000001 -0.000002 4.991171 7.872691 -92.729551 10.803495 17.923629 -103.552662 10.498654 17.411861 -100.924911 -0.000001 0.000004 -0.000003 1.243699 8.584923 -92.369921 8.659892 15.362680 -98.315730 16.024889 19.714784 -130.655440 -0.000001 0.000003 -0.000004 0.473820 4.967716 18.209433 -19.132683 41.610796 56.604780 -188.712144 96.484133 188.764272 -23.371229 -0.620835 -9.042981 7.289184 -17.786632 4.440317 20.544473 -23.758765 7.065909 17.377557 -52.365281 9.460116 0.000001 0.000000 0.000001 19.275858 -8.774052 82.782405 22.821872 -2.963202 115.997731 22.107926 -3.322715 114.153983 -0.000001 0.000002 0.000001 11.485755 -7.534593 85.331213 16.189404 -11.109598 107.924017 15.949310 -10.923142 105.235149 0.000003 -0.000001 0.000001 4.330910 -7.313585 92.054339 11.183952 -15.225711 101.327407 11.710480 -15.181038 103.581055 -0.000000 0.000001 -0.000002 -3.765936 -7.773548 94.669468 6.267339 -18.769747 95.066958 14.996442 -19.450019 135.720094 0.000002 -0.000003 0.000001 -4.534747 18.742218 20.073060 61.563179 12.538222 9.053127 -31.445402 3.425437 -14.738531 -13.749601 0.004426 -0.453564 -0.000001 -0.000002 -0.000000 -52.098887 -2.501924 -15.151311 71.344775 5.721803 -1.368333 -10.947409 2.731931 17.561572 -4.781924 0.000014 0.000004 0.000001 0.000001 0.000000 
-6.042880 83.384918 237.211349 -9.099430 24.766580 4.237154 10.750891 -13.259173 1.328267 4.397991 -6.286118 0.483733 4.362021 -6.315384 0.554028 1.699137 -0.566254 -0.116155 -4.354043 0.163062 3.170950 0.000000 -0.000000 0.000000 0.380513 -8.283660 -14.476733 -24.854763 -34.398964 -27.482982 -1.543892 -57.568420 -1.836956 -60.139768 -21.182848 -5.747733 9.775940 16.357207 0.858829 6.053999 27.805345 -18.599828 -6.037785 60.816284 17.106993 -0.000000 0.000001 0.000001 17.472855 9.224741 -83.155777 23.312530 4.675914 -117.724102 21.566947 6.194457 -108.116765 -0.000000 -0.000002 0.000003 11.592382 8.281159 -86.537698 16.149767 12.964982 -105.880322 18.073345 11.765597 -118.360936 0.000000 -0.000002 -0.000002 4.991186 7.872681 -92.729551 10.803491 17.923618 -103.552648 10.498647 17.411849 -100.924938 -0.000002 0.000001 -0.000004 1.243714 8.584901 -92.369942 8.659888 15.362660 -98.315717 16.024898 19.714779 -130.655454 0.000002 0.000000 0.000002 0.459818 5.117592 18.389384 -12.763036 37.478204 56.679696 -173.312553 81.588297 173.232804 -22.698351 -1.226627 -9.143584 7.289176 -17.786648 4.440289 20.544495 -23.758764 7.065922 17.377565 -52.365302 9.460136 -0.000000 -0.000001 0.000001 19.275854 -8.774064 82.782412 22.821855 -2.963208 115.997690 22.107931 -3.322703 114.153990 -0.000001 0.000001 0.000002 11.485752 -7.534573 85.331199 16.189391 -11.109617 107.924003 15.949310 -10.923161 105.235163 -0.000002 -0.000000 0.000002 4.330901 -7.313576 92.054305 11.183933 -15.225725 101.327393 11.710493 -15.181048 103.581062 -0.000001 -0.000001 0.000000 -3.765940 -7.773550 94.669455 6.267362 -18.769753 95.066972 14.996440 -19.450026 135.720094 0.000001 0.000000 0.000001 -4.479057 17.362204 20.676405 60.960504 11.025982 9.058789 -29.412939 3.132007 -15.287167 -14.739910 0.037053 -1.324912 0.000000 -0.000000 -0.000001 -51.775286 -2.471999 -16.269657 72.085222 5.562849 -1.902188 -11.394603 5.182131 18.019834 -6.189163 0.000006 0.000004 0.000000 -0.000001 0.000001 
-6.298415 83.624298 238.207260 -8.799113 26.107286 4.878658 10.558567 -13.282962 0.780946 4.300345 -6.278098 0.359748 4.279790 -6.296185 0.432670 0.893826 -0.660909 0.149530 -4.923962 -0.077384 3.362766 -0.000000 -0.000000 0.000000 0.378121 -8.247441 -14.570742 -28.680487 -32.405163 -33.161467 -1.905733 -62.728826 -2.149472 -59.104175 -21.225854 -4.460165 9.775935 16.357234 0.858860 6.053995 27.805340 -18.599840 -6.037789 60.816291 17.107022 0.000003 -0.000000 -0.000002 17.472876 9.224741 -83.155770 23.312528 4.675900 -117.724102 21.566951 6.194453 -108.116786 -0.000001 -0.000001 0.000006 11.592390 8.281170 -86.537691 16.149769 12.964995 -105.880308 18.073353 11.765576 -118.360936 0.000002 0.000001 0.000001 4.991180 7.872690 -92.729551 10.803484 17.923636 -103.552614 10.498668 17.411858 -100.924924 -0.000004 0.000000 0.000002 1.243713 8.584928 -92.369928 8.659896 15.362677 -98.315703 16.024899 19.714767 -130.655454 0.000001 0.000001 -0.000004 0.475232 5.081721 17.507559 -9.080324 32.845919 57.531640 -177.194136 70.628821 177.014816 -22.011545 -1.820074 -9.247001 7.289168 -17.786641 4.440293 20.544494 -23.758770 7.065911 17.377540 -52.365302 9.460113 0.000002 -0.000005 0.000001 19.275849 -8.774063 82.782405 22.821878 -2.963201 115.997717 22.107936 -3.322714 114.153983 0.000001 0.000000 -0.000001 11.485755 -7.534570 85.331206 16.189396 -11.109613 107.924010 15.949310 -10.923148 105.235170 -0.000003 0.000002 -0.000001 4.330902 -7.313576 92.054312 11.183939 -15.225699 101.327393 11.710475 -15.181024 103.581069 0.000003 -0.000002 0.000001 -3.765941 -7.773551 94.669468 6.267317 -18.769758 95.066958 14.996444 -19.450055 135.720080 0.000003 -0.000001 0.000001 -4.940485 15.800087 20.594595 61.148355 9.673126 9.008237 -26.020999 2.781069 -15.543528 -16.724891 0.183185 -2.942198 -0.000001 -0.000002 -0.000002 -51.190693 -2.098062 -17.145701 72.240807 5.333581 -2.590923 -12.561339 7.280319 18.320514 -6.472114 0.000004 0.000014 -0.000000 0.000001 -0.000001 
-6.490488 83.897285 238.994049 -8.352507 27.135973 5.699086 10.264816 -11.797631 0.247805 4.184491 -5.564699 0.269782 4.179227 -5.571492 0.333485 0.340106 -1.024082 0.337676 -5.863837 -1.779444 3.653571 -0.000000 0.000000 -0.000000 0.353678 -8.356693 -15.026319 -30.153216 -32.302430 -38.758588 -2.548363 -68.889500 -2.734549 -58.013182 -21.171035 -3.158637 9.775939 16.357227 0.858865 6.053974 27.805342 -18.599828 -6.037780 60.816291 17.106987 0.000001 0.000004 0.000002 17.472852 9.224744 -83.155770 23.312528 4.675914 -117.724102 21.566949 6.194458 -108.116779 0.000001 -0.000004 0.000002 11.592384 8.281162 -86.537691 16.149765 12.964992 -105.880336 18.073352 11.765593 -118.360949 0.000000 0.000003 0.000000 4.991188 7.872701 -92.729551 10.803494 17.923641 -103.552648 10.498663 17.411867 -100.924924 -0.000004 -0.000000 -0.000001 1.243700 8.584936 -92.369914 8.659895 15.362663 -98.315717 16.024889 19.714791 -130.655440 0.000000 0.000002 -0.000003 0.517821 4.787905 15.617987 -9.092617 28.457305 58.647809 -177.898602 64.869749 177.665856 -21.324252 -2.398230 -9.351523 7.289175 -17.786627 4.440302 20.544494 -23.758782 7.065896 17.377567 -52.365308 9.460146 -0.000002 -0.000002 0.000002 19.275856 -8.774055 82.782405 22.821877 -2.963200 115.997717 22.107931 -3.322717 114.153969 -0.000000 0.000003 0.000000 11.485767 -7.534575 85.331206 16.189404 -11.109616 107.924010 15.949315 -10.923155 105.235163 0.000002 -0.000002 -0.000001 4.330894 -7.313574 92.054298 11.183917 -15.225701 101.327345 11.710474 -15.181033 103.581076 -0.000002 0.000002 -0.000003 -3.765945 -7.773548 94.669461 6.267350 -18.769765 95.066965 14.996456 -19.450043 135.720121 -0.000002 0.000001 0.000002 -6.343931 13.793621 20.024875 62.616251 8.158005 8.856483 -21.081034 2.226941 -15.104072 -19.866126 0.683013 -5.646397 0.000001 -0.000003 0.000000 -50.455936 -1.557788 -17.869354 71.883698 5.048364 -3.308476 -14.312036 8.728256 18.517806 -5.650611 0.000004 0.000010 -0.000000 0.000002 -0.000001 
-6.658553 84.155090 239.511276 -7.833517 28.073290 6.578002 10.005749 -9.144102 -0.191378 4.098106 -4.301660 0.217216 4.102718 -4.298048 0.263562 0.056810 -1.655193 0.545684 -7.131555 -4.905294 4.248051 0.000001 0.000000 -0.000001 0.310176 -8.586594 -15.745251 -28.409921 -34.325020 -42.790978 -4.596009 -77.892447 -4.699971 -56.879032 -21.019950 -1.850880 9.775931 16.357229 0.858854 6.053990 27.805331 -18.599821 -6.037793 60.816278 17.107015 0.000002 0.000002 -0.000001 17.472860 9.224748 -83.155777 23.312523 4.675907 -117.724102 21.566961 6.194444 -108.116806 -0.000004 -0.000000 0.000000 11.592387 8.281166 -86.537711 16.149764 12.964975 -105.880308 18.073350 11.765585 -118.360936 -0.000001 0.000002 -0.000001 4.991176 7.872679 -92.729551 10.803507 17.923622 -103.552655 10.498648 17.411853 -100.924931 -0.000002 -0.000001 0.000001 1.243708 8.584925 -92.369914 8.659904 15.362673 -98.315710 16.024906 19.714776 -130.655467 0.000001 0.000002 -0.000002 0.567360 4.124728 13.170846 -13.114207 24.338075 58.805422 -177.867716 65.188452 177.637962 -20.649830 -2.958009 -9.455971 7.289171 -17.786625 4.440304 20.544490 -23.758774 7.065910 17.377559 -52.365298 9.460123 -0.000002 -0.000001 0.000000 19.275837 -8.774043 82.782398 22.821872 -2.963193 115.997731 22.107927 -3.322705 114.153969 -0.000002 -0.000003 0.000002 11.485754 -7.534571 85.331199 16.189391 -11.109610 107.924024 15.949327 -10.923157 105.235163 -0.000001 0.000001 -0.000000 4.330893 -7.313580 92.054312 11.183919 -15.225713 101.327393 11.710475 -15.181053 103.581048 0.000001 0.000002 -0.000000 -3.765952 -7.773538 94.669468 6.267348 -18.769744 95.066951 14.996440 -19.450024 135.720107 0.000000 -0.000003 -0.000000 -8.805933 11.275730 19.227346 65.612805 6.411478 8.619010 -15.910466 1.658642 -14.095688 -21.243384 1.230072 -7.540560 -0.000000 -0.000002 -0.000000 -49.676639 -0.997458 -18.514478 71.141919 4.733059 -3.963809 -16.336083 9.438142 18.668936 -3.989918 -0.000009 0.000015 0.000001 -0.000000 0.000000 
-6.836336 84.378265 239.772781 -7.319383 29.036186 7.389986 9.864394 -5.823563 -0.487284 4.063750 -2.722590 0.208634 4.071585 -2.709001 0.235339 -0.016820 -2.508413 0.873798 -8.455979 -9.094724 5.002953 0.000000 0.000000 0.000000 0.256699 -8.894022 -16.512160 -23.417701 -37.661892 -44.398197 -33.487557 -88.214038 -33.497058 -55.713921 -20.775011 -0.544700 9.775926 16.357231 0.858836 6.053997 27.805345 -18.599812 -6.037801 60.816305 17.107028 0.000003 -0.000003 0.000003 17.472833 9.224734 -83.155777 23.312527 4.675924 -117.724102 21.566952 6.194449 -108.116765 0.000001 0.000001 0.000000 11.592359 8.281166 -86.537698 16.149750 12.965004 -105.880349 18.073345 11.765596 -118.360936 -0.000001 -0.000005 0.000001 4.991174 7.872690 -92.729544 10.803481 17.923613 -103.552641 10.498671 17.411868 -100.924945 0.000001 0.000000 0.000002 1.243695 8.584924 -92.369935 8.659900 15.362672 -98.315696 16.024881 19.714766 -130.655467 -0.000000 -0.000003 0.000003 0.593723 2.929866 10.709085 -20.069941 20.523578 56.770774 -177.253914 70.240463 177.071015 -20.001550 -3.496182 -9.559709 7.289155 -17.786637 4.440302 20.544490 -23.758765 7.065923 17.377553 -52.365315 9.460111 -0.000000 -0.000002 -0.000002 19.275839 -8.774048 82.782398 22.821877 -2.963199 115.997731 22.107931 -3.322706 114.153962 0.000003 -0.000001 -0.000000 11.485729 -7.534556 85.331193 16.189403 -11.109642 107.924017 15.949332 -10.923147 105.235163 0.000000 0.000002 0.000002 4.330893 -7.313578 92.054312 11.183949 -15.225709 101.327373 11.710489 -15.181031 103.581055 0.000001 -0.000001 0.000000 -3.765958 -7.773528 94.669468 6.267334 -18.769759 95.066958 14.996420 -19.450026 135.720080 0.000000 -0.000004 -0.000001 -12.083477 8.376432 18.461865 69.893688 4.292825 8.333129 -11.752729 1.243594 -12.995667 -18.262976 1.077809 -7.091155 -0.000001 0.000000 -0.000001 -49.484082 -0.214992 -18.997000 70.725939 4.692778 -4.541243 -16.829603 9.787350 18.563698 -1.910837 0.000004 -0.000004 -0.000001 -0.000000 -0.000002 
-7.040410 84.565857 239.872299 -6.884657 29.943536 8.045963 9.853494 -2.339495 -0.606661 4.071862 -1.071361 0.253390 4.076725 -1.047714 0.262508 0.034357 -3.487227 1.317149 -9.502534 -13.776224 5.589148 -0.000000 -0.000001 0.000001 0.210806 -9.211950 -17.032839 -15.794058 -40.823054 -43.373477 6.636474 -98.469096 6.715810 -54.529970 -20.439520 0.752192 9.775932 16.357239 0.858841 6.054000 27.805347 -18.599823 -6.037772 60.816305 17.106981 0.000002 0.000003 0.000001 17.472855 9.224742 -83.155770 23.312532 4.675912 -117.724089 21.566939 6.194439 -108.116758 0.000000 0.000001 -0.000001 11.592386 8.281173 -86.537711 16.149764 12.964986 -105.880329 18.073346 11.765604 -118.360922 0.000001 0.000000 0.000002 4.991181 7.872682 -92.729517 10.803485 17.923595 -103.552635 10.498648 17.411855 -100.924931 -0.000002 -0.000001 0.000002 1.243713 8.584925 -92.369914 8.659900 15.362680 -98.315717 16.024908 19.714781 -130.655467 0.000001 -0.000001 -0.000001 0.567166 1.059536 8.548603 -27.941032 17.948480 52.979441 -174.616873 79.599079 174.519133 -19.392775 -4.009382 -9.662541 7.289178 -17.786641 4.440311 20.544482 -23.758765 7.065884 17.377552 -52.365281 9.460130 0.000000 0.000000 0.000002 19.275856 -8.774059 82.782405 22.821868 -2.963205 115.997731 22.107934 -3.322705 114.153976 -0.000001 0.000003 -0.000002 11.485757 -7.534558 85.331199 16.189401 -11.109624 107.924010 15.949308 -10.923142 105.235149 0.000003 0.000002 -0.000000 4.330898 -7.313571 92.054305 11.183917 -15.225707 101.327373 11.710484 -15.181031 103.581069 0.000000 0.000002 -0.000004 -3.765950 -7.773547 94.669461 6.267333 -18.769756 95.066965 14.996428 -19.450038 135.720080 -0.000001 0.000001 0.000001 -15.485642 5.486905 17.841631 74.271463 0.929448 8.051192 -7.965493 0.846005 -11.662881 -12.714355 0.771939 -6.085482 0.000001 -0.000000 0.000000 -49.289258 0.514878 -19.163880 70.299264 4.600456 -5.072893 -17.125702 9.700034 18.320212 -0.003657 -0.000006 -0.000007 -0.000000 0.000000 -0.000000 
-7.269072 84.739250 239.923294 -6.622430 30.570434 8.599247 9.952818 0.880857 -0.584940 4.097590 0.451752 0.354552 4.094734 0.484991 0.348970 0.156566 -4.460277 1.735977 -10.001165 -18.336242 5.759697 0.000000 -0.000000 0.000001 0.193355 -9.461006 -17.052284 -7.289460 -42.580663 -40.553869 3.570045 -105.445990 3.712569 -53.338877 -20.017797 2.032822 9.775947 16.357220 0.858841 6.053984 27.805345 -18.599823 -6.037791 60.816305 17.107020 0.000006 -0.000000 -0.000002 17.472864 9.224748 -83.155770 23.312535 4.675907 -117.724089 21.566952 6.194451 -108.116799 0.000001 0.000004 0.000001 11.592378 8.281158 -86.537691 16.149791 12.965012 -105.880329 18.073350 11.765584 -118.360949 0.000002 0.000001 -0.000003 4.991182 7.872671 -92.729551 10.803481 17.923618 -103.552635 10.498657 17.411853 -100.924958 -0.000001 0.000000 0.000002 1.243714 8.584919 -92.369921 8.659884 15.362648 -98.315703 16.024896 19.714774 -130.655454 0.000001 -0.000003 -0.000002 0.468110 -1.462581 6.763179 -35.455068 17.868974 49.498033 -195.014824 93.802273 195.042581 -18.836762 -4.494137 -9.764771 7.289180 -17.786639 4.440306 20.544490 -23.758772 7.065902 17.377570 -52.365291 9.460115 -0.000000 -0.000005 0.000001 19.275854 -8.774054 82.782419 22.821865 -2.963195 115.997731 22.107910 -3.322706 114.153976 -0.000001 -0.000003 -0.000001 11.485759 -7.534567 85.331220 16.189399 -11.109621 107.924024 15.949316 -10.923152 105.235156 -0.000001 -0.000002 -0.000004 4.330901 -7.313568 92.054305 11.183934 -15.225699 101.327352 11.710471 -15.181026 103.581082 0.000000 0.000000 0.000001 -3.765934 -7.773543 94.669482 6.267349 -18.769746 95.066951 14.996438 -19.450038 135.720107 -0.000000 0.000000 -0.000001 -18.240430 3.083021 17.437154 77.887400 -3.442095 7.818689 -4.960897 0.517327 -10.306800 -5.126472 0.263042 -3.634125 0.000004 0.000002 -0.000000 -48.945918 1.191167 -18.936795 69.889788 4.684700 -5.592966 -17.348928 9.390057 17.620636 -0.001717 0.000015 -0.000005 -0.000000 -0.000003 -0.000000 
-7.473901 84.951706 240.024765 -6.623298 30.638303 9.102791 10.144904 3.567036 -0.422362 4.122823 1.708998 0.498772 4.110779 1.749820 0.479602 0.357250 -5.288880 1.934452 -9.827939 -22.244492 5.486721 0.000000 0.000001 -0.000000 0.212806 -9.599267 -16.524490 -0.505215 -42.793638 -37.678831 3.190312 -107.177751 3.348640 -52.152036 -19.514878 3.290595 9.775933 16.357231 0.858858 6.053994 27.805355 -18.599800 -6.037802 60.816298 17.107001 0.000004 -0.000004 -0.000003 17.472862 9.224747 -83.155777 23.312525 4.675911 -117.724102 21.566949 6.194431 -108.116779 0.000000 -0.000004 0.000003 11.592380 8.281172 -86.537691 16.149769 12.965015 -105.880329 18.073369 11.765602 -118.360949 0.000004 0.000002 -0.000001 4.991189 7.872702 -92.729531 10.803482 17.923615 -103.552635 10.498657 17.411865 -100.924952 -0.000002 0.000000 -0.000002 1.243715 8.584936 -92.369928 8.659899 15.362675 -98.315730 16.024899 19.714774 -130.655454 -0.000001 -0.000001 0.000001 0.304768 -4.273421 5.360211 -42.143394 20.880346 47.655350 -182.389970 112.395339 182.586925 -18.346795 -4.946803 -9.866933 7.289179 -17.786646 4.440308 20.544483 -23.758762 7.065893 17.377541 -52.365295 9.460114 0.000001 -0.000003 -0.000002 19.275853 -8.774052 82.782405 22.821880 -2.963208 115.997717 22.107949 -3.322699 114.154010 -0.000001 0.000000 0.000001 11.485766 -7.534575 85.331206 16.189396 -11.109629 107.923997 15.949327 -10.923149 105.235163 0.000002 0.000001 -0.000000 4.330897 -7.313580 92.054305 11.183930 -15.225726 101.327407 11.710498 -15.181062 103.581089 0.000001 -0.000003 0.000002 -3.765932 -7.773534 94.669475 6.267345 -18.769744 95.066958 14.996452 -19.450019 135.720107 -0.000001 -0.000004 0.000001 -19.771719 1.651787 17.221002 79.954495 -4.601679 7.690112 -3.120279 -3.048778 -9.215841 -0.922166 0.000007 -0.000004 0.000001 0.000005 -0.000004 -48.357692 1.810394 -18.304405 69.451208 4.691318 -6.175701 -17.495388 9.031571 17.075451 -0.000699 -0.000004 -0.000007 0.000000 -0.000002 0.000000 
-7.625559 85.172745 240.207138 -6.876278 29.986419 9.558839 10.383530 5.518162 -0.133369 4.146454 2.610991 0.656628 4.128372 2.655614 0.624410 0.713413 -5.850185 1.767280 -9.045757 -25.099914 4.936331 0.000001 0.000001 -0.000001 0.254431 -9.658533 -15.696113 2.973853 -42.039944 -35.984473 3.100875 -107.642381 3.263388 -50.980289 -18.936706 4.520004 9.775923 16.357220 0.858868 6.054007 27.805350 -18.599831 -6.037771 60.816305 17.106989 0.000000 0.000003 -0.000001 17.472836 9.224747 -83.155770 23.312520 4.675925 -117.724102 21.566951 6.194469 -108.116765 -0.000002 0.000002 -0.000001 11.592368 8.281169 -86.537698 16.149765 12.964997 -105.880315 18.073353 11.765601 -118.360949 0.000003 0.000001 0.000000 4.991171 7.872694 -92.729537 10.803490 17.923630 -103.552662 10.498670 17.411872 -100.924917 -0.000005 0.000000 -0.000001 1.243693 8.584939 -92.369928 8.659900 15.362678 -98.315703 16.024903 19.714769 -130.655454 0.000000 -0.000002 0.000001 0.122982 -6.758353 4.344220 -46.364830 25.842313 46.921378 -181.342602 126.166052 181.670997 -17.936075 -5.363634 -9.970036 7.289179 -17.786636 4.440316 20.544488 -23.758764 7.065927 17.377557 -52.365274 9.460113 0.000001 -0.000002 0.000003 19.275846 -8.774054 82.782405 22.821861 -2.963210 115.997731 22.107938 -3.322716 114.153969 -0.000001 -0.000006 0.000003 11.485748 -7.534561 85.331213 16.189396 -11.109622 107.924038 15.949310 -10.923152 105.235149 0.000000 0.000003 -0.000004 4.330909 -7.313585 92.054305 11.183939 -15.225706 101.327407 11.710488 -15.181048 103.581035 -0.000002 -0.000001 -0.000005 -3.765938 -7.773548 94.669475 6.267345 -18.769737 95.066958 14.996442 -19.450038 135.720121 -0.000001 -0.000001 -0.000000 -19.693442 1.457216 17.207775 80.134614 -4.577734 7.674271 -2.052626 -6.926904 -8.283020 -1.311049 -0.000018 0.000018 0.000003 0.000000 -0.000001 -47.630799 2.377465 -17.301660 69.086284 4.656215 -6.828799 -17.592534 8.782676 16.758366 -0.000348 -0.000013 -0.000003 -0.000001 0.000003 0.000000 
-7.680802 85.366699 240.486206 -7.195759 28.593976 9.874964 10.564474 6.581198 0.223400 4.168652 3.088892 0.794204 4.150568 3.132212 0.753133 1.346495 -6.055687 1.201939 -7.852776 -26.619155 4.358923 0.000000 0.000000 -0.000000 0.289943 -9.724560 -14.987991 3.430347 -40.564695 -35.412236 2.997846 -108.207859 3.165565 -49.834047 -18.289884 5.716320 9.775921 16.357231 0.858860 6.054014 27.805330 -18.599819 -6.037795 60.816312 17.106996 0.000003 0.000005 -0.000001 17.472853 9.224747 -83.155770 23.312522 4.675914 -117.724061 21.566949 6.194453 -108.116779 0.000001 0.000001 0.000000 11.592373 8.281172 -86.537698 16.149776 12.965004 -105.880329 18.073357 11.765587 -118.360949 0.000001 -0.000001 0.000001 4.991174 7.872699 -92.729537 10.803513 17.923630 -103.552648 10.498671 17.411851 -100.924917 0.000002 -0.000001 -0.000001 1.243698 8.584925 -92.369914 8.659914 15.362661 -98.315710 16.024898 19.714757 -130.655467 0.000000 0.000001 -0.000001 -0.015225 -8.380822 3.723196 -46.840525 31.570753 46.170484 -180.990191 134.645718 181.404510 -17.617940 -5.740702 -10.075046 7.289182 -17.786637 4.440304 20.544492 -23.758777 7.065914 17.377562 -52.365291 9.460123 -0.000001 -0.000004 0.000002 19.275854 -8.774062 82.782405 22.821875 -2.963199 115.997731 22.107927 -3.322703 114.153969 0.000003 -0.000001 -0.000001 11.485745 -7.534571 85.331193 16.189384 -11.109614 107.924031 15.949308 -10.923153 105.235190 0.000001 0.000001 0.000001 4.330906 -7.313577 92.054312 11.183933 -15.225711 101.327373 11.710484 -15.181041 103.581055 -0.000002 0.000001 0.000002 -3.765938 -7.773542 94.669468 6.267341 -18.769756 95.066965 14.996444 -19.450038 135.720107 0.000001 0.000000 0.000002 -18.082769 2.465464 17.299568 78.852458 -4.667934 7.739518 -1.966694 -9.144404 -7.758301 -2.113153 -0.000012 -0.000000 0.000000 0.000000 -0.000002 -46.987378 2.919002 -15.999768 68.887772 4.634986 -7.513928 -17.676794 8.723405 16.675405 -0.000280 0.000000 -0.000002 -0.000001 -0.000003 -0.000000 
-7.620901 85.514313 240.860260 -7.313379 26.577065 9.898756 10.539655 6.614474 0.586947 4.165628 3.078829 0.882898 4.152814 3.115251 0.842424 2.337035 -5.872800 0.326533 -6.463139 -26.612333 3.920812 -0.000000 0.000000 0.000000 0.295620 -9.880550 -14.755698 1.952511 -38.201750 -35.259766 2.698110 -110.072248 2.882973 -48.723018 -17.581848 6.876049 9.775925 16.357224 0.858860 6.053988 27.805352 -18.599811 -6.037780 60.816298 17.107015 0.000002 0.000002 -0.000004 17.472850 9.224737 -83.155764 23.312532 4.675908 -117.724102 21.566954 6.194438 -108.116806 -0.000002 -0.000002 -0.000000 11.592386 8.281148 -86.537691 16.149764 12.964981 -105.880336 18.073340 11.765584 -118.360936 0.000002 0.000001 -0.000001 4.991165 7.872678 -92.729517 10.803487 17.923634 -103.552641 10.498657 17.411851 -100.924917 -0.000000 0.000004 -0.000004 1.243695 8.584902 -92.369928 8.659893 15.362675 -98.315710 16.024887 19.714776 -130.655454 -0.000004 0.000001 0.000000 -0.055106 -8.824339 3.562724 -43.143822 36.111791 44.741281 -180.986585 134.749742 181.401983 -17.405474 -6.073999 -10.183186 7.289172 -17.786642 4.440301 20.544483 -23.758760 7.065903 17.377555 -52.365295 9.460120 0.000000 -0.000000 0.000004 19.275847 -8.774042 82.782405 22.821853 -2.963208 115.997704 22.107941 -3.322714 114.153990 -0.000002 0.000000 -0.000001 11.485760 -7.534575 85.331199 16.189391 -11.109618 107.924010 15.949328 -10.923162 105.235163 -0.000003 0.000001 -0.000000 4.330894 -7.313592 92.054305 11.183940 -15.225721 101.327379 11.710498 -15.181065 103.581076 -0.000001 -0.000002 0.000002 -3.765945 -7.773548 94.669468 6.267336 -18.769756 95.066951 14.996454 -19.450039 135.720094 0.000002 0.000000 -0.000001 -15.172140 4.460673 17.260714 76.179272 -4.842036 7.883720 -3.074545 -9.478701 -7.930851 -3.237288 -0.000007 0.000008 0.000002 -0.000001 0.000001 -46.666001 3.445268 -14.448731 68.870969 4.521367 -8.161741 -17.789540 8.989888 16.828013 -0.000414 0.000007 0.000002 -0.000000 -0.000003 -0.000000 
-7.464289 85.618942 241.322906 -7.035965 24.123695 9.552236 10.192678 5.522468 0.892727 4.091798 2.537952 0.905398 4.086433 2.562288 0.875896 3.611724 -5.338782 -0.686944 -5.033872 -25.004197 3.563883 -0.000000 0.000000 0.000000 0.259236 -10.152001 -15.161664 -0.808653 -35.054997 -34.997623 2.284481 -113.335125 2.499546 -47.656566 -16.820384 7.996703 9.775939 16.357227 0.858845 6.053989 27.805350 -18.599829 -6.037757 60.816312 17.106979 0.000001 -0.000000 -0.000002 17.472841 9.224739 -83.155770 23.312517 4.675906 -117.724102 21.566944 6.194456 -108.116772 -0.000001 0.000001 0.000000 11.592378 8.281171 -86.537718 16.149779 12.965007 -105.880343 18.073367 11.765598 -118.360936 -0.000002 0.000005 -0.000000 4.991186 7.872698 -92.729578 10.803494 17.923607 -103.552635 10.498650 17.411851 -100.924924 -0.000004 0.000000 -0.000002 1.243707 8.584939 -92.369948 8.659896 15.362665 -98.315696 16.024893 19.714776 -130.655454 -0.000001 -0.000002 -0.000001 0.036046 -7.939135 4.011702 -36.932189 38.834277 43.320434 -181.260639 127.883981 181.606056 -17.311883 -6.359384 -10.295654 7.289162 -17.786619 4.440297 20.544490 -23.758784 7.065908 17.377562 -52.365305 9.460126 -0.000001 0.000002 0.000002 19.275847 -8.774065 82.782405 22.821868 -2.963195 115.997731 22.107932 -3.322719 114.153983 -0.000000 0.000002 0.000001 11.485755 -7.534566 85.331193 16.189408 -11.109611 107.924017 15.949305 -10.923154 105.235156 0.000000 0.000003 -0.000000 4.330902 -7.313585 92.054305 11.183936 -15.225701 101.327379 11.710475 -15.181028 103.581062 -0.000001 -0.000001 0.000000 -3.765937 -7.773543 94.669475 6.267335 -18.769741 95.066951 14.996432 -19.450024 135.720094 0.000001 -0.000001 -0.000001 -11.233121 7.102624 16.824925 72.186849 -5.100596 8.108812 -5.528282 -8.012124 -8.800759 -6.881797 0.080692 -2.022631 0.000002 0.000000 -0.000002 -46.841372 4.100105 -12.911189 69.047666 4.769622 -8.321725 -17.868180 9.351787 16.992471 -0.000587 0.000024 -0.000010 -0.000000 0.000000 -0.000001 
-7.244689 85.704742 241.844391 -6.358263 21.442296 8.833833 9.521723 3.341309 1.149531 3.908650 1.482626 0.861515 3.909103 1.491426 0.847760 4.913424 -4.548328 -1.647437 -3.666031 -21.914899 3.096290 -0.000000 0.000000 0.000000 0.177051 -10.492140 -16.215656 -5.010070 -31.907744 -34.370495 1.964845 -116.626477 2.210737 -46.643451 -16.014043 9.076984 9.775936 16.357256 0.858865 6.053980 27.805324 -18.599828 -6.037800 60.816305 17.107027 0.000006 0.000005 -0.000002 17.472864 9.224747 -83.155777 23.312534 4.675896 -117.724102 21.566954 6.194439 -108.116820 -0.000002 -0.000001 -0.000001 11.592394 8.281169 -86.537711 16.149776 12.964983 -105.880336 18.073352 11.765585 -118.360949 0.000005 -0.000000 0.000001 4.991174 7.872692 -92.729544 10.803480 17.923641 -103.552635 10.498670 17.411872 -100.924938 0.000000 -0.000001 0.000001 1.243699 8.584942 -92.369921 8.659897 15.362653 -98.315690 16.024891 19.714764 -130.655454 -0.000001 -0.000000 -0.000000 0.246824 -5.734089 5.305794 -29.858783 40.263323 42.813381 -181.866860 117.786626 182.114304 -17.350231 -6.592505 -10.413434 7.289180 -17.786641 4.440292 20.544488 -23.758770 7.065917 17.377535 -52.365281 9.460091 -0.000001 -0.000003 -0.000001 19.275851 -8.774048 82.782405 22.821863 -2.963201 115.997704 22.107927 -3.322693 114.153962 -0.000001 -0.000002 0.000000 11.485744 -7.534558 85.331213 16.189396 -11.109621 107.924010 15.949318 -10.923142 105.235163 0.000001 -0.000002 -0.000003 4.330915 -7.313580 92.054305 11.183945 -15.225695 101.327400 11.710479 -15.181033 103.581055 0.000001 0.000002 -0.000000 -3.765948 -7.773550 94.669475 6.267350 -18.769749 95.066944 14.996438 -19.450017 135.720107 0.000000 -0.000001 -0.000001 -6.534266 9.979755 15.819510 67.018219 -5.443463 8.412464 -9.092164 -5.004971 -9.987018 -13.607544 0.603652 -5.506888 0.000001 -0.000003 0.000000 -47.466304 4.662775 -11.195568 69.298717 5.027012 -8.323006 -17.956470 9.858447 17.202608 -0.000812 -0.000019 -0.000003 -0.000000 0.000002 0.000000 
-7.012602 85.784927 242.366882 -5.460008 18.742635 7.839162 8.679308 0.284158 1.388215 3.613075 0.015878 0.770747 3.613071 0.009389 0.771058 5.925423 -3.615072 -2.399426 -2.426300 -17.711502 2.493183 0.000001 0.000000 -0.000000 0.054275 -10.820206 -17.807097 -10.837544 -29.805330 -32.971017 1.884350 -117.595749 2.139395 -45.691893 -15.171546 10.116879 9.775930 16.357222 0.858850 6.053998 27.805338 -18.599824 -6.037781 60.816305 17.106982 -0.000002 0.000005 -0.000002 17.472847 9.224743 -83.155770 23.312532 4.675915 -117.724102 21.566940 6.194462 -108.116786 -0.000003 -0.000001 -0.000003 11.592384 8.281166 -86.537691 16.149757 12.964988 -105.880302 18.073353 11.765585 -118.360936 0.000003 0.000002 -0.000001 4.991176 7.872693 -92.729551 10.803484 17.923627 -103.552648 10.498650 17.411865 -100.924924 -0.000001 -0.000001 -0.000000 1.243701 8.584930 -92.369921 8.659893 15.362654 -98.315696 16.024898 19.714771 -130.655454 -0.000002 0.000002 -0.000001 0.492597 -2.518697 7.728375 -21.780983 40.322906 42.842860 -183.444032 105.977420 183.582002 -17.533543 -6.768831 -10.537196 7.289186 -17.786632 4.440298 20.544494 -23.758767 7.065917 17.377548 -52.365302 9.460120 -0.000000 0.000001 -0.000001 19.275859 -8.774055 82.782405 22.821880 -2.963214 115.997704 22.107922 -3.322684 114.153990 -0.000001 -0.000001 -0.000001 11.485763 -7.534569 85.331199 16.189392 -11.109607 107.924010 15.949310 -10.923142 105.235156 -0.000001 0.000001 -0.000001 4.330913 -7.313584 92.054298 11.183926 -15.225719 101.327373 11.710500 -15.181041 103.581082 -0.000001 -0.000003 0.000000 -3.765916 -7.773553 94.669468 6.267356 -18.769753 95.066958 14.996433 -19.450050 135.720107 0.000000 -0.000001 -0.000000 -1.405976 12.710912 14.259966 60.999545 -5.862489 8.780066 -13.140715 -0.915528 -10.890101 -18.844569 0.893160 -6.645821 0.000001 -0.000001 0.000001 -48.346872 4.976046 -9.284116 69.545676 5.276210 -8.326058 -18.033733 10.365954 17.415751 -0.001037 -0.000012 0.000003 -0.000000 -0.000002 -0.000000 
-6.804669 85.808769 242.790115 -4.548010 16.221558 6.718650 7.900607 -3.273935 1.612245 3.258178 -1.682525 0.670624 3.248272 -1.699848 0.683743 6.456042 -2.634251 -2.838093 -1.370307 -12.922281 2.038234 0.000002 -0.000000 0.000000 -0.090338 -11.078840 -19.670871 -17.242218 -29.157384 -30.163656 2.178753 -114.335365 2.403129 -44.809914 -14.302205 11.117307 9.775919 16.357222 0.858845 6.054015 27.805345 -18.599836 -6.037804 60.816305 17.106986 0.000002 0.000004 -0.000004 17.472862 9.224750 -83.155811 23.312528 4.675901 -117.724102 21.566949 6.194450 -108.116813 -0.000002 -0.000001 0.000001 11.592372 8.281177 -86.537711 16.149760 12.965004 -105.880349 18.073350 11.765594 -118.360936 0.000003 -0.000003 -0.000002 4.991174 7.872696 -92.729571 10.803488 17.923620 -103.552628 10.498648 17.411849 -100.924917 -0.000000 -0.000003 0.000001 1.243701 8.584923 -92.369928 8.659873 15.362670 -98.315710 16.024896 19.714776 -130.655467 0.000000 0.000001 0.000002 0.627125 0.890596 11.294408 -12.807102 39.526940 42.734687 -191.078148 95.120035 191.117955 -17.874619 -6.883768 -10.667351 7.289181 -17.786639 4.440323 20.544494 -23.758770 7.065906 17.377541 -52.365302 9.460115 -0.000000 0.000002 0.000001 19.275829 -8.774038 82.782398 22.821860 -2.963209 115.997717 22.107939 -3.322708 114.153983 0.000002 -0.000001 -0.000002 11.485749 -7.534564 85.331213 16.189410 -11.109619 107.924017 15.949306 -10.923143 105.235149 0.000000 0.000002 -0.000002 4.330894 -7.313557 92.054312 11.183944 -15.225725 101.327393 11.710486 -15.181052 103.581048 -0.000001 0.000000 -0.000003 -3.765940 -7.773555 94.669475 6.267361 -18.769751 95.066965 14.996454 -19.450021 135.720121 0.000000 -0.000002 -0.000002 3.540098 15.052733 12.348137 54.668018 -4.191574 9.156646 -17.156489 1.558217 -11.617756 -20.497399 1.006201 -7.028984 -0.000002 0.000001 -0.000000 -49.362645 5.038494 -7.340604 69.830891 5.518223 -8.327866 -18.072078 10.831109 17.614713 -0.001165 0.000000 0.000006 -0.000000 -0.000000 0.000002 
-6.643612 85.704468 243.023987 -3.720764 14.035909 5.612194 7.369432 -6.901533 1.799726 2.939942 -3.404283 0.594146 2.914056 -3.426235 0.623467 6.524468 -1.669979 -2.919248 -0.561791 -8.038042 2.108279 0.000002 0.000001 -0.000000 -0.226385 -11.251564 -21.413239 -22.274309 -29.671711 -25.811601 3.250964 -106.876539 3.406521 -44.005205 -13.415470 12.080341 9.775939 16.357241 0.858845 6.053998 27.805333 -18.599840 -6.037793 60.816298 17.107011 0.000004 0.000007 -0.000003 17.472862 9.224750 -83.155770 23.312530 4.675899 -117.724116 21.566935 6.194436 -108.116751 0.000000 -0.000001 -0.000001 11.592394 8.281166 -86.537691 16.149765 12.964993 -105.880315 18.073360 11.765583 -118.360936 0.000001 0.000003 -0.000003 4.991184 7.872687 -92.729571 10.803488 17.923615 -103.552648 10.498648 17.411853 -100.924911 0.000002 0.000005 -0.000002 1.243710 8.584937 -92.369935 8.659888 15.362675 -98.315703 16.024894 19.714779 -130.655440 0.000001 -0.000000 -0.000002 0.586835 3.487200 15.273930 -3.484482 37.941646 42.408993 -164.902555 86.217212 164.864839 -18.386229 -6.932470 -10.803470 7.289167 -17.786658 4.440294 20.544502 -23.758752 7.065914 17.377538 -52.365285 9.460119 -0.000002 -0.000002 0.000004 19.275847 -8.774051 82.782371 22.821863 -2.963198 115.997731 22.107934 -3.322715 114.153969 -0.000000 0.000001 0.000001 11.485749 -7.534580 85.331199 16.189396 -11.109632 107.924003 15.949327 -10.923148 105.235163 0.000001 -0.000001 -0.000001 4.330895 -7.313581 92.054298 11.183952 -15.225716 101.327373 11.710486 -15.181045 103.581069 -0.000002 0.000000 0.000001 -3.765948 -7.773531 94.669468 6.267345 -18.769744 95.066958 14.996428 -19.450022 135.720107 0.000000 -0.000003 -0.000000 7.532523 16.924973 10.500073 48.998736 -0.585182 9.516151 -20.682178 1.999828 -12.420327 -19.931467 1.007371 -7.029516 -0.000001 -0.000005 0.000001 -50.534753 4.924716 -5.541006 70.250524 5.715321 -8.321158 -18.052704 11.267538 17.799951 -0.001428 -0.000008 -0.000007 0.000000 -0.000003 0.000000 
-6.546998 85.591080 243.179794 -3.072609 12.207598 4.624260 7.133373 -10.215941 1.913280 2.710952 -4.968306 0.544443 2.671342 -4.989882 0.595746 6.311051 -0.758890 -2.701701 -0.086019 -3.370331 2.836861 0.000003 -0.000001 -0.000000 -0.321609 -11.331866 -22.651228 -24.444286 -30.786050 -20.573542 8.097971 -96.964876 8.163720 -43.285139 -12.521178 13.009017 9.775926 16.357226 0.858847 6.053983 27.805347 -18.599819 -6.037807 60.816291 17.107010 0.000002 0.000005 -0.000002 17.472848 9.224737 -83.155784 23.312539 4.675927 -117.724075 21.566959 6.194443 -108.116806 -0.000002 -0.000001 0.000000 11.592375 8.281162 -86.537698 16.149755 12.965000 -105.880329 18.073345 11.765604 -118.360949 -0.000001 0.000001 0.000002 4.991172 7.872688 -92.729531 10.803494 17.923610 -103.552662 10.498652 17.411853 -100.924917 0.000001 0.000002 -0.000003 1.243706 8.584917 -92.369928 8.659899 15.362653 -98.315690 16.024894 19.714774 -130.655454 0.000001 -0.000001 0.000001 0.471424 4.937620 18.568076 5.740768 35.396438 42.259067 -174.473549 79.862322 174.378186 -19.080997 -6.909976 -10.944546 7.289183 -17.786625 4.440312 20.544476 -23.758782 7.065918 17.377562 -52.365291 9.460119 0.000001 -0.000005 -0.000001 19.275863 -8.774062 82.782405 22.821880 -2.963205 115.997717 22.107955 -3.322706 114.153962 -0.000001 0.000001 0.000003 11.485774 -7.534575 85.331220 16.189408 -11.109603 107.924024 15.949296 -10.923156 105.235156 0.000000 -0.000000 0.000000 4.330920 -7.313572 92.054319 11.183938 -15.225711 101.327379 11.710479 -15.181048 103.581048 0.000002 0.000002 -0.000002 -3.765931 -7.773537 94.669475 6.267332 -18.769758 95.066951 14.996450 -19.450026 135.720121 -0.000001 -0.000001 0.000001 10.496825 18.525543 9.055356 44.469207 2.382175 9.842626 -23.232234 2.321651 -12.869096 -18.767907 0.978040 -6.929124 -0.000001 -0.000001 0.000001 -51.550002 4.621126 -4.007400 70.618255 5.869589 -8.314808 -17.995855 11.750768 17.933247 -0.001440 -0.000001 -0.000016 -0.000000 0.000000 0.000001 
-6.477520 85.460548 243.274948 -2.606251 10.599124 3.840700 7.110429 -12.937187 1.922719 2.584559 -6.247373 0.513142 2.539735 -6.265870 0.588649 6.038920 0.083281 -2.377420 -0.042644 0.916740 3.969958 0.000003 0.000000 -0.000000 -0.357788 -11.315775 -23.194306 -24.019344 -32.414442 -15.467211 -13.145421 -85.674614 -13.179032 -42.657093 -11.629447 13.907255 9.775932 16.357236 0.858847 6.054001 27.805338 -18.599826 -6.037790 60.816305 17.106982 0.000005 0.000007 -0.000000 17.472860 9.224747 -83.155770 23.312532 4.675908 -117.724116 21.566956 6.194446 -108.116779 -0.000000 0.000002 0.000004 11.592384 8.281176 -86.537718 16.149769 12.964993 -105.880336 18.073352 11.765589 -118.360949 -0.000001 0.000000 0.000000 4.991180 7.872707 -92.729578 10.803497 17.923615 -103.552655 10.498652 17.411848 -100.924917 -0.000001 0.000006 -0.000000 1.243702 8.584931 -92.369928 8.659882 15.362653 -98.315690 16.024887 19.714781 -130.655454 0.000002 -0.000000 -0.000001 0.382898 5.578774 20.588256 13.832877 32.491084 42.460653 -175.991982 76.161991 175.863137 -19.971195 -6.811213 -11.088384 7.289186 -17.786627 4.440327 20.544499 -23.758779 7.065902 17.377562 -52.365291 9.460157 0.000001 -0.000003 -0.000001 19.275839 -8.774039 82.782405 22.821866 -2.963194 115.997731 22.107914 -3.322696 114.153990 0.000000 -0.000001 -0.000001 11.485746 -7.534569 85.331213 16.189386 -11.109618 107.924031 15.949305 -10.923156 105.235156 0.000000 0.000001 -0.000002 4.330896 -7.313580 92.054312 11.183937 -15.225706 101.327400 11.710478 -15.181050 103.581055 -0.000001 0.000000 0.000001 -3.765950 -7.773538 94.669489 6.267333 -18.769751 95.066958 14.996444 -19.450038 135.720107 0.000001 -0.000000 -0.000001 12.304773 19.986223 8.086806 41.565215 4.476953 10.082595 -24.804494 2.546083 -13.082163 -17.859994 0.956877 -6.854664 0.000000 -0.000001 0.000000 -52.403254 4.323754 -2.835455 70.909364 6.006077 -8.310255 -17.897792 12.369269 18.097331 -0.001549 -0.000002 -0.000005 -0.000001 -0.000001 -0.000000 
-6.396717 85.298264 243.324265 -2.278032 8.973919 3.314044 7.170237 -14.883353 1.859285 2.535116 -7.162010 0.495141 2.493030 -7.176812 0.590565 5.863451 0.845161 -2.210007 -0.511790 4.677403 4.993405 -0.000000 0.000000 -0.000000 -0.345905 -11.239482 -23.156402 -22.419326 -34.676095 -11.440453 -3.349554 -73.615417 -3.492370 -42.128286 -10.750567 14.779672 9.775935 16.357243 0.858853 6.053986 27.805321 -18.599828 -6.037827 60.816298 17.107023 0.000003 -0.000000 -0.000002 17.472862 9.224760 -83.155764 23.312540 4.675894 -117.724116 21.566956 6.194429 -108.116806 -0.000001 0.000000 0.000001 11.592386 8.281171 -86.537691 16.149771 12.964994 -105.880336 18.073353 11.765589 -118.360949 0.000002 -0.000001 -0.000001 4.991169 7.872695 -92.729531 10.803495 17.923634 -103.552641 10.498662 17.411865 -100.924917 -0.000001 0.000002 0.000000 1.243693 8.584942 -92.369928 8.659886 15.362651 -98.315690 16.024894 19.714778 -130.655440 0.000000 0.000002 0.000000 0.347156 5.790087 21.327633 20.088169 30.164356 42.730186 -176.245955 75.267414 176.108997 -21.069127 -6.631157 -11.231817 7.289205 -17.786632 4.440317 20.544480 -23.758757 7.065896 17.377533 -52.365308 9.460109 -0.000001 -0.000001 0.000000 19.275866 -8.774046 82.782405 22.821877 -2.963197 115.997731 22.107939 -3.322709 114.153976 -0.000000 0.000001 -0.000002 11.485768 -7.534570 85.331206 16.189399 -11.109606 107.924024 15.949327 -10.923152 105.235163 0.000001 -0.000000 0.000000 4.330916 -7.313580 92.054332 11.183946 -15.225701 101.327379 11.710482 -15.181040 103.581076 -0.000002 0.000000 -0.000003 -3.765925 -7.773545 94.669468 6.267352 -18.769749 95.066965 14.996449 -19.450031 135.720107 0.000000 -0.000001 0.000003 13.092978 21.311413 7.447093 40.408755 5.764923 10.205271 -25.521693 2.738976 -13.244458 -17.609508 0.958196 -6.854956 -0.000000 0.000000 -0.000000 -53.189087 4.184577 -1.922751 71.177968 6.134621 -8.305166 -17.754826 13.189170 18.211946 -0.001453 0.000000 -0.000005 -0.000000 0.000001 -0.000001 
-6.279268 85.096542 243.334076 -2.005427 7.112323 3.059359 7.228532 -15.939483 1.806263 2.533345 -7.664182 0.496107 2.496471 -7.676112 0.601870 5.813780 1.492613 -2.382665 -1.518062 7.715774 5.419248 -0.000002 -0.000001 0.000000 -0.319249 -11.174009 -22.883936 -21.036822 -37.357692 -8.872035 -1.812054 -61.542921 -2.067020 -41.705975 -9.895220 15.631692 9.775935 16.357231 0.858838 6.054003 27.805347 -18.599824 -6.037771 60.816298 17.106987 0.000002 -0.000002 -0.000002 17.472850 9.224760 -83.155764 23.312537 4.675904 -117.724102 21.566952 6.194453 -108.116765 -0.000001 -0.000000 -0.000000 11.592366 8.281160 -86.537691 16.149764 12.965012 -105.880329 18.073345 11.765586 -118.360949 0.000000 -0.000002 0.000001 4.991183 7.872689 -92.729551 10.803494 17.923617 -103.552648 10.498646 17.411856 -100.924917 0.000003 0.000000 -0.000002 1.243714 8.584931 -92.369928 8.659884 15.362660 -98.315696 16.024886 19.714779 -130.655454 -0.000000 0.000001 -0.000001 0.352989 5.780371 21.092563 24.337274 28.850637 42.712359 -175.929226 76.366767 175.802198 -22.386833 -6.364783 -11.370135 7.289186 -17.786642 4.440297 20.544483 -23.758767 7.065908 17.377552 -52.365312 9.460125 0.000002 0.000000 0.000001 19.275856 -8.774055 82.782405 22.821863 -2.963194 115.997704 22.107936 -3.322690 114.153990 -0.000002 0.000000 0.000001 11.485763 -7.534574 85.331206 16.189411 -11.109612 107.924031 15.949318 -10.923141 105.235163 0.000000 0.000000 -0.000003 4.330909 -7.313592 92.054332 11.183956 -15.225723 101.327414 11.710478 -15.181035 103.581048 -0.000001 0.000000 -0.000002 -3.765932 -7.773560 94.669468 6.267354 -18.769746 95.066965 14.996433 -19.450033 135.720094 0.000000 -0.000000 -0.000003 13.163723 22.390530 6.864949 40.751702 6.522726 10.219379 -25.596796 2.961447 -13.519887 -17.887712 0.952936 -6.829396 0.000001 -0.000002 0.000001 -54.037964 4.248403 -1.029121 71.512572 6.243920 -8.294749 -17.552423 14.201057 17.983789 -0.001198 -0.000013 -0.000005 0.000000 -0.000001 0.000000 
-6.107062 84.849518 243.300705 -1.711624 4.937755 3.061962 7.287254 -16.069547 1.822286 2.569226 -7.736999 0.528201 2.535366 -7.747505 0.633900 5.800215 1.962966 -2.871404 -3.006775 9.834973 5.048376 0.000000 -0.000002 0.000001 -0.304278 -11.153282 -22.701607 -20.511306 -39.234574 -7.745184 -1.306811 -53.148615 -1.643165 -41.397319 -9.074381 16.469087 9.775937 16.357222 0.858850 6.053999 27.805360 -18.599826 -6.037764 60.816305 17.106986 0.000000 0.000001 0.000003 17.472855 9.224744 -83.155770 23.312535 4.675917 -117.724089 21.566958 6.194457 -108.116786 -0.000000 -0.000002 0.000002 11.592375 8.281168 -86.537718 16.149771 12.965009 -105.880329 18.073360 11.765587 -118.360936 0.000001 -0.000002 -0.000000 4.991176 7.872687 -92.729551 10.803502 17.923632 -103.552655 10.498666 17.411851 -100.924911 0.000000 0.000002 -0.000001 1.243710 8.584923 -92.369935 8.659907 15.362660 -98.315703 16.024903 19.714779 -130.655440 0.000000 -0.000001 0.000000 0.378115 5.666688 20.397281 26.870355 28.019234 42.308528 -175.341283 78.030287 175.229364 -23.936229 -6.007362 -11.497077 7.289153 -17.786646 4.440305 20.544494 -23.758784 7.065909 17.377555 -52.365288 9.460142 0.000003 -0.000003 -0.000001 19.275853 -8.774064 82.782405 22.821866 -2.963185 115.997704 22.107926 -3.322709 114.153969 0.000000 -0.000000 -0.000001 11.485750 -7.534587 85.331199 16.189403 -11.109600 107.924031 15.949327 -10.923144 105.235156 -0.000001 0.000000 -0.000000 4.330905 -7.313592 92.054305 11.183953 -15.225687 101.327379 11.710468 -15.181040 103.581035 -0.000001 -0.000000 0.000002 -3.765953 -7.773544 94.669468 6.267341 -18.769754 95.066958 14.996427 -19.450038 135.720080 -0.000000 0.000000 0.000002 12.821631 23.104034 6.104281 42.126131 6.920129 10.148830 -25.088144 3.193931 -13.897229 -18.749002 1.004612 -7.004893 0.000000 -0.000001 0.000000 -55.073434 4.572859 -0.094609 71.934145 6.349054 -8.279432 -17.266938 15.375087 17.744830 -0.000980 -0.000008 -0.000009 0.000000 -0.000003 -0.000000 
-5.854017 84.570938 243.208038 -1.368033 2.568957 3.211530 7.423490 -15.349587 1.961074 2.651242 -7.416751 0.605695 2.617936 -7.426855 0.704464 5.682094 2.205379 -3.466540 -4.826275 10.952653 4.042667 0.000001 -0.000000 -0.000001 -0.302207 -11.143381 -22.688107 -21.617721 -39.541297 -8.595785 -1.185251 -50.461294 -1.548455 -41.045178 -7.498314 17.060178 9.775924 16.357226 0.858867 6.053993 27.805324 -18.599828 -6.037806 60.816305 17.107028 0.000003 0.000003 0.000001 17.472847 9.224747 -83.155757 23.312532 4.675915 -117.724102 21.566961 6.194449 -108.116792 -0.000002 -0.000002 -0.000001 11.592374 8.281173 -86.537677 16.149764 12.964994 -105.880336 18.073340 11.765586 -118.360977 -0.000001 -0.000001 0.000005 4.991168 7.872685 -92.729531 10.803490 17.923624 -103.552635 10.498652 17.411839 -100.924904 -0.000004 0.000002 -0.000004 1.243701 8.584942 -92.369921 8.659900 15.362653 -98.315717 16.024884 19.714772 -130.655454 -0.000000 -0.000000 0.000004 0.399886 5.549952 19.821229 28.138341 26.617823 41.714301 -174.917948 78.999662 174.814771 -25.729343 -5.554543 -11.604599 7.289170 -17.786654 4.440302 20.544480 -23.758772 7.065914 17.377559 -52.365281 9.460122 -0.000000 0.000001 0.000000 19.275835 -8.774064 82.782405 22.821873 -2.963216 115.997731 22.107920 -3.322711 114.153976 -0.000002 0.000003 -0.000002 11.485758 -7.534562 85.331206 16.189396 -11.109613 107.924010 15.949316 -10.923142 105.235170 0.000002 -0.000001 -0.000003 4.330902 -7.313580 92.054332 11.183915 -15.225707 101.327366 11.710481 -15.181050 103.581055 -0.000000 0.000001 -0.000003 -3.765955 -7.773553 94.669461 6.267340 -18.769744 95.066944 14.996440 -19.450033 135.720094 -0.000001 -0.000001 0.000004 12.226674 23.278407 5.467927 44.219410 7.087503 9.490742 -24.450759 3.287811 -14.175755 -19.568545 1.025122 -7.077291 0.000000 0.000003 -0.000000 -56.223064 5.147795 0.726780 72.198467 6.465724 -8.272837 -16.840923 16.600889 17.586043 -0.000700 0.000004 -0.000005 0.000000 -0.000002 0.000001 
-5.545256 84.271828 243.068771 -1.001150 0.277328 3.359859 7.704668 -14.017604 2.241991 2.787188 -6.813657 0.742757 2.754437 -6.823285 0.832506 5.361760 2.232875 -3.928324 -6.731446 11.203625 2.768568 0.000000 0.000000 -0.000000 -0.296092 -11.088407 -22.692518 -24.244132 -38.741871 -11.411131 -1.265140 -52.263125 -1.610288 -39.297142 -4.742200 17.424146 9.775926 16.357231 0.858853 6.054009 27.805343 -18.599835 -6.037770 60.816305 17.107008 -0.000004 -0.000001 0.000001 17.472850 9.224733 -83.155784 23.312534 4.675922 -117.724075 21.566951 6.194457 -108.116745 -0.000000 -0.000003 0.000001 11.592377 8.281165 -86.537691 16.149750 12.964987 -105.880322 18.073336 11.765608 -118.360922 0.000002 -0.000001 0.000000 4.991185 7.872708 -92.729565 10.803495 17.923615 -103.552635 10.498663 17.411865 -100.924952 0.000000 -0.000000 0.000003 1.243702 8.584925 -92.369928 8.659898 15.362658 -98.315703 16.024903 19.714766 -130.655467 0.000001 -0.000000 0.000004 0.404816 5.509773 19.749181 28.497907 23.966236 41.220099 -174.990212 78.845347 174.885641 -27.778180 -5.002720 -11.682613 7.289180 -17.786634 4.440321 20.544490 -23.758765 7.065911 17.377569 -52.365315 9.460130 0.000002 -0.000001 0.000001 19.275846 -8.774052 82.782412 22.821853 -2.963183 115.997731 22.107932 -3.322705 114.153983 -0.000001 -0.000000 0.000003 11.485745 -7.534575 85.331213 16.189382 -11.109617 107.924017 15.949318 -10.923150 105.235156 0.000001 0.000000 -0.000000 4.330903 -7.313591 92.054312 11.183952 -15.225689 101.327400 11.710494 -15.181031 103.581082 0.000000 -0.000003 0.000002 -3.765931 -7.773537 94.669489 6.267337 -18.769730 95.066965 14.996432 -19.450043 135.720107 0.000001 0.000002 0.000001 11.527858 23.018685 5.057907 46.512209 6.965676 8.439543 -23.853512 3.245081 -14.279584 -20.289026 1.035231 -7.122148 -0.000000 -0.000002 0.000000 -57.417302 5.689525 1.527032 72.397239 6.569173 -8.269789 -16.345555 17.725782 17.416332 -0.000626 0.000007 -0.000008 0.000000 0.000000 0.000001 
-5.205655 83.964714 242.907761 -0.661668 -1.642182 3.385246 8.126144 -12.444874 2.665991 2.966273 -6.101159 0.950208 2.935639 -6.109026 1.031948 4.841635 2.131434 -4.142666 -8.439838 10.953157 1.560190 0.000000 0.000000 0.000000 -0.271165 -10.965510 -22.534193 -27.508061 -38.074066 -15.379740 -1.407913 -55.154963 -1.724508 -36.986277 -3.023049 17.923786 9.775930 16.357232 0.858859 6.054001 27.805330 -18.599840 -6.037787 60.816278 17.107006 0.000002 0.000006 -0.000000 17.472862 9.224752 -83.155770 23.312532 4.675909 -117.724075 21.566946 6.194457 -108.116765 -0.000002 -0.000000 -0.000002 11.592378 8.281169 -86.537691 16.149767 12.964992 -105.880336 18.073319 11.765596 -118.360936 0.000003 0.000002 0.000003 4.991184 7.872682 -92.729544 10.803488 17.923618 -103.552648 10.498651 17.411853 -100.924911 -0.000000 0.000004 -0.000001 1.243699 8.584916 -92.369921 8.659876 15.362660 -98.315703 16.024893 19.714778 -130.655440 0.000001 0.000000 -0.000001 0.392300 5.558427 20.188777 28.171653 20.280888 40.994604 -175.333265 78.050416 175.221523 -30.095074 -4.349470 -11.718912 7.289172 -17.786651 4.440312 20.544500 -23.758798 7.065907 17.377553 -52.365278 9.460133 0.000004 -0.000001 0.000001 19.275846 -8.774056 82.782405 22.821887 -2.963222 115.997717 22.107931 -3.322705 114.153983 -0.000001 0.000003 0.000002 11.485758 -7.534579 85.331199 16.189384 -11.109614 107.924010 15.949332 -10.923160 105.235170 -0.000000 -0.000003 -0.000003 4.330895 -7.313582 92.054305 11.183925 -15.225711 101.327393 11.710478 -15.181026 103.581055 -0.000000 -0.000000 0.000000 -3.765948 -7.773529 94.669448 6.267333 -18.769759 95.066972 14.996440 -19.450041 135.720107 0.000000 0.000001 0.000004 10.870891 22.627209 4.741082 48.502539 6.584064 7.665684 -23.467714 3.214788 -14.332305 -20.831442 1.034856 -7.138439 0.000001 -0.000002 0.000000 -58.534626 6.004301 2.211058 72.558561 6.653771 -8.268564 -15.864800 18.652654 17.276941 -0.000486 -0.000011 0.000004 0.000000 -0.000001 -0.000001 
-4.860466 83.660522 242.753830 -0.391769 -2.984690 3.236124 8.617479 -11.041686 3.234060 3.160132 -5.470392 1.227205 3.132261 -5.474631 1.303262 4.210677 2.018792 -4.159486 -9.731696 10.672959 0.581037 0.000002 0.000000 0.000000 -0.228514 -10.805717 -22.163568 -30.694956 -37.656752 -19.582574 -1.552085 -57.705058 -1.843820 -34.965241 -2.783081 19.003289 9.775911 16.357212 0.858822 6.054008 27.805345 -18.599807 -6.037758 60.816305 17.106984 0.000005 -0.000001 0.000003 17.472847 9.224736 -83.155770 23.312532 4.675904 -117.724102 21.566952 6.194444 -108.116772 -0.000001 -0.000000 -0.000001 11.592375 8.281171 -86.537691 16.149779 12.964985 -105.880322 18.073343 11.765577 -118.360963 -0.000000 0.000002 -0.000001 4.991177 7.872678 -92.729551 10.803483 17.923632 -103.552655 10.498650 17.411875 -100.924917 -0.000003 0.000003 0.000001 1.243701 8.584928 -92.369935 8.659900 15.362649 -98.315683 16.024901 19.714774 -130.655467 -0.000000 0.000000 0.000000 0.371761 5.642685 20.844581 27.328430 16.459709 41.029305 -175.527310 77.549237 175.411047 -32.692817 -3.593902 -11.699004 7.289180 -17.786627 4.440290 20.544495 -23.758782 7.065925 17.377557 -52.365312 9.460129 0.000003 -0.000005 -0.000001 19.275851 -8.774060 82.782385 22.821853 -2.963205 115.997731 22.107944 -3.322718 114.153997 -0.000000 -0.000004 -0.000002 11.485751 -7.534554 85.331199 16.189394 -11.109630 107.924017 15.949330 -10.923153 105.235183 -0.000001 -0.000003 0.000001 4.330909 -7.313573 92.054305 11.183939 -15.225707 101.327379 11.710481 -15.181043 103.581076 -0.000001 0.000001 -0.000002 -3.765939 -7.773537 94.669461 6.267350 -18.769759 95.066944 14.996425 -19.450026 135.720080 0.000002 0.000001 -0.000003 10.371888 22.281327 4.573549 49.925640 6.039789 7.297347 -23.472263 3.214360 -14.324543 -21.220756 1.029075 -7.139427 -0.000001 -0.000003 -0.000000 -59.482635 5.993441 2.661736 72.727055 6.714879 -8.266437 -15.479854 19.357012 17.181551 -0.000406 0.000002 0.000003 0.000000 -0.000001 0.000000 
-4.526965 83.369263 242.630829 -0.209785 -3.688584 2.951427 9.091888 -10.134523 3.923448 3.337997 -5.072706 1.550744 3.311669 -5.072198 1.624219 3.583743 1.985570 -4.108159 -10.532346 10.728923 -0.174788 -0.000000 0.000001 -0.000000 -0.180673 -10.668022 -21.657912 -33.269343 -37.098838 -23.015929 -1.691484 -59.871205 -1.962388 -33.353296 -3.350356 20.772933 9.775923 16.357227 0.858856 6.053993 27.805345 -18.599828 -6.037811 60.816291 17.107006 0.000003 -0.000001 -0.000000 17.472826 9.224738 -83.155764 23.312527 4.675927 -117.724102 21.566947 6.194462 -108.116772 -0.000001 0.000003 -0.000003 11.592383 8.281164 -86.537691 16.149759 12.964988 -105.880308 18.073348 11.765599 -118.360936 0.000001 0.000002 -0.000001 4.991163 7.872685 -92.729531 10.803488 17.923630 -103.552648 10.498663 17.411863 -100.924911 0.000000 -0.000000 0.000005 1.243690 8.584910 -92.369935 8.659905 15.362682 -98.315703 16.024891 19.714774 -130.655454 0.000000 0.000002 -0.000000 0.354985 5.702615 21.388876 26.144806 13.430609 41.230345 -175.297679 78.137965 175.186730 -35.584965 -2.737249 -11.606009 7.289168 -17.786629 4.440304 20.544495 -23.758762 7.065935 17.377567 -52.365308 9.460151 -0.000000 -0.000001 -0.000001 19.275827 -8.774050 82.782405 22.821861 -2.963202 115.997731 22.107926 -3.322707 114.153962 -0.000001 0.000001 0.000004 11.485739 -7.534562 85.331206 16.189410 -11.109631 107.924017 15.949310 -10.923138 105.235156 -0.000001 0.000001 -0.000001 4.330904 -7.313580 92.054305 11.183935 -15.225690 101.327352 11.710481 -15.181041 103.581076 -0.000001 -0.000001 -0.000000 -3.765954 -7.773539 94.669475 6.267354 -18.769758 95.066978 14.996457 -19.450024 135.720107 0.000006 0.000002 0.000001 10.154651 22.090304 4.490612 50.634982 5.513614 7.337559 -23.963628 3.249985 -14.241680 -21.512492 1.024920 -7.143952 -0.000000 -0.000004 -0.000000 -60.217973 5.707221 2.748959 72.916012 6.757969 -8.262243 -15.244289 19.879312 17.200354 -0.000279 -0.000009 0.000007 0.000000 0.000001 0.000001 
-4.226144 83.098381 242.555786 -0.101552 -3.817729 2.638761 9.486756 -9.874180 4.664581 3.477636 -4.975657 1.875295 3.450314 -4.970937 1.949921 3.035841 2.054101 -4.078823 -10.920875 11.218129 -0.809933 -0.000000 -0.000001 -0.000000 -0.136528 -10.582933 -21.104812 -34.926043 -36.031092 -24.878010 -1.854097 -62.086310 -2.103899 -31.407969 -3.832744 22.462293 9.775926 16.357217 0.858845 6.053996 27.805326 -18.599835 -6.037810 60.816278 17.107011 -0.000003 0.000003 -0.000002 17.472836 9.224739 -83.155770 23.312522 4.675920 -117.724102 21.566951 6.194437 -108.116779 -0.000003 -0.000004 -0.000001 11.592370 8.281170 -86.537691 16.149762 12.964991 -105.880322 18.073345 11.765598 -118.360963 0.000000 -0.000000 0.000001 4.991170 7.872688 -92.729544 10.803478 17.923615 -103.552621 10.498646 17.411865 -100.924931 -0.000000 0.000000 0.000001 1.243695 8.584921 -92.369914 8.659888 15.362672 -98.315696 16.024901 19.714776 -130.655440 0.000002 -0.000001 0.000000 0.347553 5.715953 21.690705 24.803523 11.590462 41.530829 -174.314993 80.138610 174.222143 -38.786199 -1.783517 -11.420694 7.289191 -17.786649 4.440291 20.544487 -23.758760 7.065905 17.377533 -52.365291 9.460103 -0.000003 -0.000001 0.000001 19.275847 -8.774057 82.782385 22.821880 -2.963200 115.997731 22.107939 -3.322709 114.153997 -0.000001 0.000000 -0.000001 11.485755 -7.534567 85.331199 16.189391 -11.109619 107.924003 15.949296 -10.923141 105.235149 0.000001 0.000001 0.000001 4.330911 -7.313571 92.054305 11.183946 -15.225699 101.327373 11.710486 -15.181035 103.581055 -0.000000 -0.000000 -0.000003 -3.765938 -7.773551 94.669455 6.267343 -18.769756 95.066951 14.996454 -19.450039 135.720107 -0.000002 -0.000000 -0.000002 10.304472 22.085815 4.370570 50.585706 5.180053 7.668804 -24.933346 3.308148 -14.046526 -21.734811 1.027467 -7.164276 0.000002 -0.000000 -0.000000 -60.815567 5.432889 2.187891 73.105407 6.851279 -7.787320 -15.065975 20.485646 17.244863 -0.000302 0.000006 0.000006 -0.000000 -0.000003 -0.000000 
-3.982138 82.856819 242.541107 -0.021030 -3.510860 2.409200 9.769745 -10.201781 5.367017 3.565056 -5.149560 2.150564 3.533795 -5.142477 2.229895 2.569673 2.178896 -4.070715 -11.064300 11.965065 -1.436359 0.000000 -0.000000 -0.000000 -0.092649 -10.522062 -20.504296 -35.750463 -34.215355 -24.942645 -2.083381 -64.742735 -2.308154 -27.938730 -3.652501 22.495119 9.775924 16.357229 0.858847 6.054001 27.805342 -18.599828 -6.037771 60.816298 17.106996 -0.000000 0.000003 0.000000 17.472853 9.224740 -83.155798 23.312508 4.675921 -117.724116 21.566939 6.194462 -108.116772 -0.000001 0.000001 -0.000003 11.592385 8.281167 -86.537691 16.149760 12.964977 -105.880329 18.073355 11.765592 -118.360936 -0.000001 0.000001 0.000000 4.991195 7.872698 -92.729571 10.803501 17.923607 -103.552662 10.498644 17.411856 -100.924917 0.000001 -0.000003 -0.000003 1.243693 8.584927 -92.369935 8.659869 15.362678 -98.315710 16.024887 19.714779 -130.655467 0.000002 0.000003 -0.000000 0.346271 5.700134 21.840052 23.462707 10.665013 41.934271 -171.437584 83.402224 171.374200 -42.312506 -0.740498 -11.121728 7.289166 -17.786636 4.440301 20.544502 -23.758786 7.065928 17.377518 -52.365271 9.460100 0.000003 -0.000001 -0.000002 19.275854 -8.774055 82.782405 22.821870 -2.963192 115.997731 22.107932 -3.322696 114.153976 -0.000003 0.000003 -0.000003 11.485750 -7.534570 85.331213 16.189396 -11.109621 107.924017 15.949316 -10.923136 105.235156 0.000001 -0.000001 0.000000 4.330901 -7.313573 92.054305 11.183944 -15.225711 101.327407 11.710479 -15.181038 103.581055 -0.000001 -0.000000 -0.000000 -3.765951 -7.773553 94.669475 6.267346 -18.769761 95.066958 14.996456 -19.450034 135.720135 0.000001 0.000001 -0.000001 10.827314 22.235966 4.123591 49.814079 5.125610 8.115469 -26.264914 3.360859 -13.705300 -21.870746 1.037625 -7.200303 -0.000000 0.000001 -0.000000 -61.294247 5.135793 1.372432 73.418175 6.922294 -7.235867 -15.025641 20.963527 17.213397 -0.000331 0.000008 -0.000004 0.000000 0.000000 0.000000 
-3.796102 82.651207 242.591003 0.084151 -2.917303 2.337521 9.926863 -10.904420 5.950935 3.594160 -5.492318 2.347180 3.556423 -5.484955 2.433585 2.132789 2.286211 -4.030383 -11.122327 12.664562 -2.117010 0.000000 -0.000001 0.000000 -0.037521 -10.421450 -19.769260 -36.270415 -31.593675 -23.630107 -2.434354 -67.997716 -2.628783 -22.001819 -2.701887 19.263012 9.775927 16.357210 0.858832 6.053989 27.805324 -18.599829 -6.037812 60.816291 17.107039 0.000002 0.000003 -0.000002 17.472852 9.224745 -83.155770 23.312539 4.675904 -117.724102 21.566942 6.194453 -108.116765 -0.000001 -0.000005 0.000003 11.592375 8.281141 -86.537704 16.149752 12.965009 -105.880329 18.073341 11.765587 -118.360936 0.000001 -0.000000 -0.000000 4.991183 7.872685 -92.729551 10.803503 17.923612 -103.552648 10.498659 17.411848 -100.924904 -0.000001 -0.000002 0.000001 1.243709 8.584916 -92.369942 8.659910 15.362656 -98.315703 16.024893 19.714776 -130.655467 0.000000 0.000002 -0.000001 0.343688 5.692255 22.013392 22.233828 10.006990 42.462986 -157.005900 87.475838 156.980218 -46.181692 0.379578 -10.685692 7.289184 -17.786639 4.440321 20.544471 -23.758775 7.065898 17.377572 -52.365302 9.460130 -0.000000 -0.000005 -0.000000 19.275844 -8.774058 82.782412 22.821865 -2.963204 115.997731 22.107931 -3.322710 114.154003 -0.000003 0.000002 -0.000000 11.485760 -7.534584 85.331199 16.189382 -11.109615 107.924031 15.949323 -10.923160 105.235183 -0.000001 0.000001 0.000000 4.330906 -7.313584 92.054332 11.183933 -15.225704 101.327366 11.710476 -15.181038 103.581055 -0.000001 -0.000000 0.000001 -3.765948 -7.773538 94.669475 6.267338 -18.769756 95.066958 14.996459 -19.450041 135.720107 -0.000001 0.000001 -0.000002 11.649639 22.476988 3.719988 48.451101 5.285151 8.534075 -27.773764 3.382061 -13.220103 -21.875769 1.051366 -7.239090 0.000001 0.000001 -0.000000 -61.675194 4.937696 0.520175 73.824673 6.927932 -6.872449 -15.177821 21.141575 17.262364 -0.000602 -0.000009 0.000001 -0.000001 0.000001 0.000000 
-3.668499 82.486740 242.706360 0.235563 -2.148462 2.430287 9.968500 -11.718871 6.394334 3.573011 -5.879714 2.469685 3.527368 -5.873483 2.563673 1.658966 2.320324 -3.918231 -11.182148 13.062580 -2.869096 -0.000001 -0.000001 -0.000000 0.038833 -10.221364 -18.796071 -37.223110 -28.502463 -21.689170 -2.990911 -71.781074 -3.150475 -13.747447 -1.270499 12.564465 9.775935 16.357224 0.858848 6.053999 27.805372 -18.599829 -6.037803 60.816305 17.107013 -0.000001 -0.000002 0.000005 17.472860 9.224744 -83.155770 23.312522 4.675913 -117.724102 21.566946 6.194444 -108.116779 -0.000001 -0.000001 -0.000000 11.592385 8.281169 -86.537691 16.149745 12.964980 -105.880302 18.073345 11.765597 -118.360908 0.000002 0.000001 0.000001 4.991188 7.872689 -92.729551 10.803498 17.923608 -103.552655 10.498665 17.411863 -100.924938 -0.000003 0.000000 -0.000003 1.243704 8.584929 -92.369914 8.659892 15.362675 -98.315683 16.024889 19.714771 -130.655467 0.000001 0.000001 -0.000001 0.333680 5.724100 22.337258 21.183813 9.080310 43.059705 -201.812105 92.653183 201.829139 -50.413326 1.558916 -10.087987 7.289183 -17.786636 4.440315 20.544476 -23.758786 7.065877 17.377559 -52.365295 9.460130 0.000001 -0.000001 0.000001 19.275854 -8.774065 82.782405 22.821868 -2.963198 115.997731 22.107927 -3.322716 114.153983 -0.000001 0.000001 0.000002 11.485749 -7.534584 85.331193 16.189381 -11.109619 107.924031 15.949316 -10.923154 105.235177 0.000002 -0.000001 0.000002 4.330900 -7.313586 92.054312 11.183947 -15.225690 101.327400 11.710485 -15.181050 103.581041 -0.000001 -0.000003 0.000000 -3.765954 -7.773545 94.669468 6.267331 -18.769758 95.066951 14.996435 -19.450043 135.720094 0.000001 0.000000 0.000002 12.666265 22.721178 3.212424 46.687034 5.449965 8.877783 -29.241980 3.372227 -12.687616 -21.709237 1.060892 -7.260631 0.000000 -0.000003 -0.000000 -61.968018 4.928503 -0.178944 74.315805 6.842709 -6.748884 -15.533976 20.892823 17.404579 -0.001073 -0.000007 0.000006 0.000000 -0.000001 -0.000001 
-3.590677 82.369522 242.884827 0.407580 -1.259422 2.644760 9.937797 -12.427921 6.733942 3.526825 -6.212085 2.547976 3.473181 -6.207535 2.648162 1.097773 2.265614 -3.742373 -11.260595 13.059909 -3.706511 0.000000 -0.000000 -0.000000 0.138055 -9.884897 -17.533002 -38.936921 -25.681610 -19.685228 -3.922918 -75.899658 -4.044911 -4.770403 0.167073 4.749751 9.775924 16.357224 0.858847 6.053999 27.805348 -18.599821 -6.037778 60.816305 17.106986 0.000000 0.000002 0.000002 17.472848 9.224745 -83.155798 23.312539 4.675924 -117.724102 21.566952 6.194452 -108.116779 0.000002 -0.000002 0.000003 11.592375 8.281171 -86.537718 16.149765 12.964987 -105.880322 18.073343 11.765600 -118.360922 -0.000000 0.000002 0.000002 4.991172 7.872684 -92.729565 10.803483 17.923622 -103.552628 10.498656 17.411870 -100.924911 0.000000 -0.000001 0.000001 1.243698 8.584936 -92.369935 8.659898 15.362661 -98.315703 16.024898 19.714769 -130.655454 0.000001 0.000001 0.000000 0.313634 5.807063 22.850927 20.376135 7.782609 43.525763 -187.301955 97.712816 187.365176 -55.028891 2.772961 -9.303404 7.289179 -17.786646 4.440302 20.544494 -23.758779 7.065893 17.377574 -52.365315 9.460141 -0.000000 -0.000004 0.000003 19.275842 -8.774065 82.782419 22.821875 -2.963219 115.997731 22.107927 -3.322701 114.153990 -0.000002 0.000002 -0.000002 11.485743 -7.534576 85.331206 16.189403 -11.109625 107.924044 15.949328 -10.923158 105.235170 0.000001 -0.000002 0.000001 4.330897 -7.313587 92.054305 11.183934 -15.225714 101.327359 11.710471 -15.181041 103.581076 0.000002 0.000001 0.000000 -3.765939 -7.773549 94.669468 6.267341 -18.769741 95.066965 14.996432 -19.450043 135.720094 -0.000000 0.000000 -0.000002 13.825415 22.899797 2.690466 44.799665 5.537895 9.210857 -30.999237 3.470914 -12.454909 -20.304303 0.802707 -6.316111 0.000000 -0.000000 -0.000000 -62.126192 5.138055 -0.626581 74.862036 6.659333 -6.837245 -16.080823 20.146015 17.631288 -0.001858 0.000007 -0.000001 -0.000001 0.000003 0.000000 
-3.550952 82.304916 243.124863 0.543933 -0.250284 2.932319 9.896589 -12.910165 7.030723 3.486805 -6.435995 2.617105 3.426128 -6.433106 2.720990 0.424696 2.138300 -3.547987 -11.361065 12.697286 -4.665176 0.000000 -0.000000 0.000000 0.252665 -9.395116 -16.002326 -41.124637 -23.673103 -17.771526 -5.625849 -80.052447 -5.710315 3.147437 1.192512 -1.088016 9.775932 16.357239 0.858827 6.053986 27.805374 -18.599806 -6.037783 60.816291 17.106994 0.000003 0.000005 0.000000 17.472852 9.224749 -83.155791 23.312523 4.675916 -117.724102 21.566956 6.194450 -108.116799 0.000001 0.000001 -0.000001 11.592384 8.281195 -86.537698 16.149779 12.964989 -105.880322 18.073348 11.765575 -118.360949 0.000002 0.000001 0.000001 4.991180 7.872701 -92.729571 10.803506 17.923622 -103.552662 10.498665 17.411838 -100.924952 -0.000008 0.000001 -0.000001 1.243698 8.584938 -92.369928 8.659888 15.362668 -98.315690 16.024896 19.714772 -130.655467 0.000001 -0.000000 -0.000002 0.282791 5.937363 23.558156 19.921348 6.395854 43.558090 -184.233411 103.119949 184.345453 -60.051426 3.989390 -8.307518 7.289185 -17.786634 4.440318 20.544488 -23.758781 7.065899 17.377574 -52.365298 9.460143 0.000000 0.000000 0.000002 19.275861 -8.774053 82.782405 22.821875 -2.963192 115.997731 22.107932 -3.322710 114.153983 -0.000001 0.000002 0.000000 11.485755 -7.534572 85.331213 16.189408 -11.109627 107.924017 15.949330 -10.923157 105.235183 -0.000000 -0.000003 0.000000 4.330898 -7.313575 92.054305 11.183925 -15.225701 101.327379 11.710474 -15.181057 103.581055 0.000001 0.000006 0.000002 -3.765939 -7.773548 94.669468 6.267332 -18.769746 95.066965 14.996438 -19.450036 135.720094 -0.000000 -0.000003 -0.000002 15.023073 22.991057 2.252948 42.856985 5.061392 9.614204 -32.255244 3.588193 -12.431124 -18.966325 0.616562 -5.547246 0.000000 -0.000002 -0.000000 -62.074166 5.537704 -0.841681 75.427657 6.387227 -7.063093 -16.784645 18.920481 17.895307 -0.002786 -0.000011 0.000003 0.000000 0.000002 0.000000 
-3.540743 82.297333 243.429031 0.591416 0.932685 3.267120 9.887277 -13.138209 7.334956 3.469680 -6.541460 2.700344 3.403334 -6.539930 2.805526 -0.353118 1.962530 -3.387458 -11.525270 12.061881 -5.783344 0.000000 0.000000 -0.000000 0.369632 -8.748122 -14.278954 -43.418488 -22.540256 -15.860647 -9.139955 -83.820355 -9.190323 9.382921 1.629202 -3.600025 9.775927 16.357243 0.858849 6.053997 27.805353 -18.599821 -6.037766 60.816291 17.106991 0.000001 -0.000002 -0.000001 17.472857 9.224748 -83.155791 23.312539 4.675901 -117.724102 21.566949 6.194444 -108.116751 0.000000 -0.000000 0.000000 11.592376 8.281162 -86.537691 16.149776 12.964993 -105.880329 18.073346 11.765597 -118.360922 0.000001 0.000001 0.000002 4.991180 7.872680 -92.729571 10.803490 17.923625 -103.552628 10.498657 17.411856 -100.924917 0.000005 -0.000000 0.000000 1.243708 8.584923 -92.369942 8.659905 15.362660 -98.315703 16.024893 19.714752 -130.655454 0.000001 0.000002 -0.000001 0.239897 6.109213 24.477031 19.949593 5.267253 42.906220 -182.928462 108.600923 183.090433 -65.504881 5.167115 -7.078546 7.289176 -17.786634 4.440312 20.544463 -23.758774 7.065907 17.377545 -52.365298 9.460101 0.000002 0.000000 0.000001 19.275846 -8.774051 82.782405 22.821855 -2.963190 115.997745 22.107949 -3.322709 114.153997 -0.000001 -0.000003 0.000000 11.485751 -7.534558 85.331220 16.189381 -11.109607 107.924010 15.949289 -10.923152 105.235170 0.000001 0.000002 0.000001 4.330902 -7.313580 92.054339 11.183923 -15.225716 101.327352 11.710476 -15.181050 103.581076 -0.000001 0.000003 0.000002 -3.765943 -7.773537 94.669461 6.267346 -18.769746 95.066951 14.996435 -19.450034 135.720094 -0.000002 -0.000002 0.000001 16.178210 23.025828 1.997955 40.986982 3.862056 10.155328 -32.808472 3.723251 -12.655236 -18.014918 0.536479 -5.194127 -0.000000 0.000000 -0.000000 -61.741358 6.058136 -0.942588 75.978833 6.044128 -7.347482 -17.610622 17.312544 18.114613 -0.003709 -0.000009 0.000005 -0.000001 0.000002 0.000001 
-3.555044 82.354935 243.801270 0.520028 2.404978 3.645190 9.899038 -13.146506 7.674203 3.463981 -6.545685 2.801670 3.393070 -6.545108 2.906574 -1.187355 1.748336 -3.301236 -11.831964 11.180547 -7.049754 0.000000 0.000001 -0.000000 0.474578 -7.951926 -12.457664 -45.581110 -22.183165 -13.847292 -17.778506 -86.775361 -17.801857 14.351436 1.716681 -2.873011 9.775918 16.357227 0.858854 6.054010 27.805364 -18.599831 -6.037788 60.816284 17.107011 0.000002 -0.000004 -0.000001 17.472836 9.224747 -83.155770 23.312527 4.675911 -117.724102 21.566947 6.194465 -108.116765 0.000002 -0.000002 -0.000000 11.592372 8.281152 -86.537718 16.149765 12.964993 -105.880336 18.073345 11.765605 -118.360922 -0.000000 0.000001 0.000001 4.991164 7.872676 -92.729531 10.803489 17.923632 -103.552648 10.498659 17.411863 -100.924911 -0.000002 0.000000 0.000001 1.243698 8.584936 -92.369921 8.659900 15.362670 -98.315696 16.024893 19.714764 -130.655454 0.000002 -0.000000 -0.000002 0.183032 6.317290 25.632109 20.527411 4.483647 41.569730 -182.213738 113.976460 182.425364 -75.854182 7.213698 -4.148999 7.289182 -17.786648 4.440297 20.544485 -23.758746 7.065899 17.377536 -52.365312 9.460113 -0.000000 -0.000003 -0.000001 19.275849 -8.774057 82.782378 22.821865 -2.963186 115.997704 22.107924 -3.322700 114.153969 -0.000001 -0.000002 0.000000 11.485759 -7.534569 85.331206 16.189403 -11.109607 107.924010 15.949305 -10.923147 105.235183 0.000000 -0.000000 -0.000001 4.330910 -7.313582 92.054291 11.183932 -15.225702 101.327379 11.710482 -15.181050 103.581096 -0.000001 -0.000001 0.000003 -3.765939 -7.773547 94.669468 6.267341 -18.769776 95.066965 14.996468 -19.450039 135.720107 0.000001 -0.000001 -0.000001 17.136251 22.938750 2.370008 39.383704 1.955680 10.265876 -32.754544 3.658574 -12.922096 -17.438316 0.531520 -5.193911 0.000000 0.000001 -0.000000 -61.055041 6.594963 -1.107429 76.458094 5.643863 -7.633570 -18.529391 15.440302 18.053611 -0.004313 0.000003 0.000012 0.000000 -0.000001 -0.000001 
-3.590931 82.500519 244.245819 0.310067 4.336269 4.086176 9.860433 -12.983701 8.039496 3.433691 -6.473661 2.905744 3.358650 -6.473695 3.009344 -1.981897 1.479733 -3.316159 -12.337807 9.948908 -8.357487 -0.000000 0.000000 -0.000000 0.555572 -7.025246 -10.621901 -47.453456 -22.574207 -11.815671 -41.820391 -88.521991 -41.826552 18.733057 2.007905 0.251552 9.775921 16.357210 0.858856 6.053992 27.805348 -18.599823 -6.037758 60.816291 17.106974 0.000003 -0.000000 -0.000001 17.472847 9.224749 -83.155770 23.312542 4.675912 -117.724102 21.566956 6.194439 -108.116792 0.000006 0.000002 0.000002 11.592381 8.281166 -86.537718 16.149759 12.964998 -105.880308 18.073357 11.765598 -118.360936 0.000002 -0.000001 0.000001 4.991160 7.872679 -92.729524 10.803481 17.923617 -103.552648 10.498660 17.411870 -100.924917 -0.000005 -0.000002 0.000000 1.243696 8.584919 -92.369914 8.659904 15.362666 -98.315703 16.024898 19.714786 -130.655467 0.000003 0.000000 -0.000001 0.112573 6.545881 27.006255 21.776523 3.576879 39.910090 -181.807628 118.550828 182.062326 -85.940801 9.769554 -0.854175 7.289196 -17.786651 4.440310 20.544497 -23.758774 7.065922 17.377514 -52.365305 9.460089 0.000001 -0.000002 0.000002 19.275875 -8.774060 82.782405 22.821877 -2.963196 115.997731 22.107934 -3.322706 114.153990 -0.000000 -0.000001 0.000000 11.485761 -7.534569 85.331199 16.189391 -11.109630 107.924038 15.949327 -10.923155 105.235190 0.000001 0.000002 -0.000000 4.330916 -7.313574 92.054305 11.183917 -15.225709 101.327407 11.710484 -15.181062 103.581055 0.000001 -0.000001 -0.000006 -3.765927 -7.773548 94.669455 6.267347 -18.769747 95.066978 14.996438 -19.450016 135.720107 0.000001 -0.000001 -0.000000 17.842245 22.857194 3.238481 37.976706 -0.534503 10.284181 -32.141566 3.472487 -13.189656 -17.189655 0.573261 -5.417187 0.000001 0.000001 0.000000 -59.872373 7.002767 -1.545555 76.727476 5.227207 -7.893078 -19.502584 13.367447 17.047940 -0.027180 -0.000002 -0.000009 0.000000 0.000002 0.000001 
-3.671776 82.733963 244.781128 -0.086565 6.956554 4.696066 9.651618 -12.719182 8.324406 3.335955 -6.344257 2.983586 3.256840 -6.344907 3.084366 -2.562728 0.994894 -3.436581 -12.984236 7.882657 -9.530750 0.000000 0.000000 0.000000 0.605088 -5.992145 -8.823006 -48.987363 -23.798684 -10.189404 -75.300466 -88.980952 -75.299769 22.642357 2.947229 4.171918 9.775929 16.357224 0.858865 6.054006 27.805345 -18.599852 -6.037809 60.816284 17.107034 -0.000000 -0.000001 0.000001 17.472855 9.224746 -83.155770 23.312518 4.675930 -117.724102 21.566952 6.194453 -108.116772 -0.000003 0.000001 -0.000001 11.592377 8.281177 -86.537684 16.149777 12.964990 -105.880322 18.073365 11.765594 -118.360936 -0.000003 -0.000000 -0.000002 4.991165 7.872684 -92.729517 10.803490 17.923615 -103.552641 10.498662 17.411861 -100.924952 -0.000004 0.000000 -0.000000 1.243701 8.584936 -92.369914 8.659900 15.362673 -98.315710 16.024896 19.714772 -130.655481 -0.000000 -0.000001 -0.000002 0.035684 6.758290 28.492221 23.703471 1.849393 38.596842 -181.466829 123.805184 181.772057 -94.818571 12.526260 2.610205 7.289197 -17.786656 4.440321 20.544475 -23.758772 7.065919 17.377533 -52.365305 9.460117 -0.000003 -0.000002 -0.000003 19.275858 -8.774065 82.782405 22.821853 -2.963201 115.997745 22.107927 -3.322712 114.153983 -0.000001 -0.000001 -0.000001 11.485772 -7.534580 85.331206 16.189370 -11.109644 107.924024 15.949313 -10.923153 105.235177 -0.000001 -0.000004 0.000002 4.330919 -7.313591 92.054312 11.183933 -15.225702 101.327366 11.710486 -15.181043 103.581082 -0.000000 0.000000 0.000003 -3.765935 -7.773560 94.669455 6.267335 -18.769756 95.066965 14.996442 -19.450041 135.720094 -0.000000 -0.000000 0.000000 18.211041 22.817068 4.570605 36.536007 -2.276588 10.320777 -30.965991 1.953412 -13.984133 -17.279410 0.642019 -5.749529 -0.000000 -0.000002 -0.000000 -58.211510 7.253989 -2.544015 76.908511 4.897442 -7.965484 -20.585994 11.275887 15.598310 -0.541510 -0.000005 0.000002 -0.000000 -0.000000 -0.000001 
-3.782997 83.083420 245.412125 -0.777332 10.477568 5.550555 9.175235 -12.374316 8.444344 3.141748 -6.164306 3.001171 3.059089 -6.166041 3.096197 -2.747520 0.135865 -3.632946 -13.548785 4.471636 -10.370147 0.000000 -0.000000 0.000000 0.619490 -4.879841 -7.086855 -50.254343 -25.980978 -9.708226 -77.252458 -88.989394 -77.251523 25.416222 4.483617 7.233929 9.775926 16.357231 0.858857 6.053997 27.805326 -18.599826 -6.037775 60.816298 17.106984 0.000003 -0.000003 -0.000005 17.472858 9.224733 -83.155764 23.312518 4.675903 -117.724102 21.566930 6.194461 -108.116765 -0.000001 -0.000001 0.000002 11.592379 8.281158 -86.537698 16.149767 12.964994 -105.880349 18.073355 11.765594 -118.360949 0.000001 0.000000 -0.000003 4.991172 7.872678 -92.729517 10.803490 17.923624 -103.552655 10.498666 17.411870 -100.924952 -0.000000 0.000001 -0.000002 1.243688 8.584915 -92.369921 8.659910 15.362673 -98.315717 16.024898 19.714766 -130.655467 -0.000000 -0.000000 -0.000000 -0.032511 6.907155 29.879704 25.296309 -0.066608 38.256941 -181.174429 129.846254 181.539530 -101.774265 15.328836 5.523873 7.289168 -17.786629 4.440299 20.544502 -23.758779 7.065928 17.377548 -52.365315 9.460117 0.000002 -0.000001 0.000002 19.275851 -8.774052 82.782405 22.821878 -2.963197 115.997731 22.107944 -3.322696 114.153962 -0.000000 0.000002 -0.000001 11.485750 -7.534564 85.331199 16.189382 -11.109616 107.924024 15.949315 -10.923151 105.235170 0.000001 -0.000000 0.000001 4.330903 -7.313569 92.054305 11.183934 -15.225695 101.327393 11.710478 -15.181043 103.581076 0.000002 -0.000002 -0.000000 -3.765932 -7.773535 94.669461 6.267355 -18.769744 95.066978 14.996454 -19.450034 135.720094 -0.000000 0.000001 -0.000002 18.112623 22.771965 6.415985 35.049280 -2.643142 10.378484 -29.235706 -1.669664 -15.341146 -17.796104 0.740472 -6.179777 -0.000001 0.000001 -0.000000 -55.892213 7.241829 -4.336114 76.907466 4.581283 -7.938616 -21.820253 9.104282 14.204137 -0.985970 0.000019 0.000000 -0.000000 0.000001 0.000000 
-3.903752 83.569458 246.133057 -1.936431 15.054177 6.755132 8.390797 -11.951392 8.297456 2.849649 -5.930222 2.927939 2.765436 -5.933747 3.013037 -2.422041 -1.117516 -3.821150 -13.661566 -0.456464 -10.677434 0.000000 0.000000 0.000000 0.598626 -3.736104 -5.470424 -51.427117 -29.202812 -11.171354 -69.346904 -88.946610 -69.346965 26.331723 6.193758 8.966110 9.775932 16.357217 0.858842 6.053984 27.805345 -18.599799 -6.037788 60.816305 17.106998 0.000004 0.000003 -0.000000 17.472857 9.224732 -83.155770 23.312525 4.675901 -117.724116 21.566935 6.194450 -108.116765 -0.000000 0.000001 0.000002 11.592370 8.281162 -86.537704 16.149794 12.964999 -105.880343 18.073352 11.765581 -118.360949 0.000002 0.000004 0.000002 4.991163 7.872689 -92.729524 10.803488 17.923634 -103.552655 10.498648 17.411865 -100.924917 -0.000000 0.000000 -0.000001 1.243703 8.584925 -92.369921 8.659909 15.362665 -98.315696 16.024898 19.714781 -130.655467 -0.000001 0.000001 0.000001 -0.076790 6.970646 30.910376 25.832066 -1.672827 38.967725 -180.933883 136.298733 181.365524 -106.473217 18.206643 6.989023 7.289168 -17.786637 4.440315 20.544494 -23.758779 7.065904 17.377541 -52.365291 9.460124 0.000001 -0.000001 0.000001 19.275837 -8.774056 82.782378 22.821856 -2.963190 115.997731 22.107938 -3.322712 114.153976 0.000000 0.000001 -0.000004 11.485752 -7.534570 85.331206 16.189389 -11.109616 107.923990 15.949310 -10.923146 105.235170 -0.000001 -0.000002 -0.000002 4.330889 -7.313583 92.054305 11.183949 -15.225718 101.327379 11.710476 -15.181043 103.581076 -0.000000 -0.000001 0.000001 -3.765941 -7.773545 94.669482 6.267341 -18.769746 95.066951 14.996447 -19.450038 135.720121 0.000001 -0.000002 0.000001 17.350072 22.591377 8.919903 34.095140 -3.107852 10.377751 -27.069829 -6.281506 -16.252766 -18.625648 0.864775 -6.670726 0.000000 -0.000001 0.000000 -52.721428 6.749491 -7.001244 76.622531 4.300803 -7.923225 -23.181613 6.716230 13.052458 -1.497574 0.000002 0.000008 -0.000000 -0.000001 -0.000000 
-4.003834 84.204163 246.930649 -3.785940 20.719843 8.440522 7.349036 -11.430602 7.803984 2.487009 -5.635492 2.743426 2.404957 -5.641110 2.814766 -1.552766 -2.735256 -3.854601 -12.916926 -6.819193 -10.196034 0.000000 0.000000 0.000000 0.551557 -2.673684 -4.155676 -52.707303 -33.424989 -14.987045 -87.756538 -89.013546 -87.754141 25.242397 7.621432 9.997829 9.775910 16.357198 0.858849 6.053999 27.805343 -18.599821 -6.037785 60.816305 17.106986 0.000006 0.000002 -0.000003 17.472850 9.224745 -83.155770 23.312540 4.675888 -117.724102 21.566954 6.194436 -108.116772 -0.000003 -0.000002 0.000001 11.592363 8.281174 -86.537691 16.149794 12.965002 -105.880356 18.073348 11.765578 -118.360949 0.000001 0.000001 0.000001 4.991161 7.872676 -92.729551 10.803467 17.923617 -103.552641 10.498677 17.411863 -100.924958 -0.000001 -0.000003 -0.000003 1.243687 8.584930 -92.369928 8.659894 15.362678 -98.315696 16.024889 19.714779 -130.655454 0.000001 -0.000000 -0.000002 -0.092330 6.973552 31.379552 24.874898 -2.892119 40.137214 -180.738990 142.787441 181.240845 -108.926457 21.100620 6.375698 7.289168 -17.786651 4.440305 20.544490 -23.758750 7.065908 17.377538 -52.365298 9.460114 -0.000000 -0.000001 -0.000001 19.275854 -8.774067 82.782405 22.821861 -2.963215 115.997731 22.107951 -3.322702 114.153997 0.000000 0.000003 -0.000001 11.485757 -7.534572 85.331199 16.189398 -11.109616 107.924024 15.949323 -10.923147 105.235170 0.000001 -0.000000 0.000004 4.330911 -7.313585 92.054291 11.183940 -15.225690 101.327366 11.710488 -15.181038 103.581082 0.000004 0.000001 -0.000002 -3.765932 -7.773553 94.669455 6.267338 -18.769754 95.066958 14.996442 -19.450024 135.720107 -0.000001 -0.000001 -0.000001 15.768450 22.113929 12.107913 34.007027 -3.645586 10.324872 -24.755954 -11.543157 -16.739178 -18.880637 0.880118 -6.716568 -0.000000 -0.000002 -0.000000 -48.571965 5.486126 -10.465395 75.953268 4.083701 -7.923181 -24.612298 3.992537 12.210309 -2.196101 -0.000006 0.000003 -0.000000 -0.000001 -0.000000 
-4.052148 84.996597 247.767975 -6.572672 27.356504 10.753452 6.193545 -10.785511 6.973415 2.099949 -5.279382 2.442186 2.024672 -5.286563 2.498384 -0.220902 -4.599938 -3.572754 -11.011348 -14.141318 -8.491858 0.000000 0.000000 0.000000 0.505907 -1.905185 -3.470469 -53.898986 -38.490052 -20.660434 -142.242050 -88.390427 -142.226846 22.387140 8.372509 11.199035 9.775931 16.357246 0.858856 6.054000 27.805328 -18.599829 -6.037792 60.816298 17.106987 0.000002 0.000009 -0.000002 17.472852 9.224752 -83.155770 23.312530 4.675903 -117.724061 21.566963 6.194433 -108.116806 -0.000001 0.000002 0.000002 11.592373 8.281170 -86.537698 16.149767 12.964990 -105.880329 18.073362 11.765610 -118.360949 -0.000001 -0.000001 0.000002 4.991161 7.872686 -92.729551 10.803490 17.923630 -103.552635 10.498675 17.411853 -100.924917 -0.000003 0.000002 -0.000003 1.243700 8.584929 -92.369914 8.659911 15.362663 -98.315717 16.024906 19.714771 -130.655481 -0.000002 0.000002 0.000001 -0.082638 6.953629 31.195923 21.931913 -4.023720 40.744097 -180.582839 148.937261 181.155004 -109.342285 23.671115 3.589854 7.289175 -17.786651 4.440303 20.544495 -23.758789 7.065919 17.377519 -52.365285 9.460110 0.000000 -0.000003 0.000001 19.275844 -8.774064 82.782405 22.821858 -2.963197 115.997745 22.107946 -3.322714 114.153983 0.000002 -0.000003 -0.000000 11.485747 -7.534575 85.331199 16.189404 -11.109609 107.924024 15.949306 -10.923138 105.235163 -0.000003 -0.000005 0.000003 4.330900 -7.313583 92.054305 11.183928 -15.225701 101.327379 11.710474 -15.181052 103.581089 0.000000 0.000002 -0.000003 -3.765942 -7.773541 94.669455 6.267322 -18.769735 95.066917 14.996445 -19.450041 135.720121 -0.000001 -0.000002 -0.000000 13.320469 21.148762 15.863336 34.850108 -4.335756 10.193349 -22.082784 -16.757210 -16.821113 -18.415810 0.858278 -6.624188 -0.000000 0.000002 -0.000000 -43.499559 3.175225 -14.496612 74.703131 3.909185 -7.568805 -25.912901 1.098255 11.245962 -2.903402 0.000009 0.000007 -0.000000 0.000002 0.000000 
-4.017956 85.937210 248.582199 -10.557557 34.698526 13.923301 5.101841 -10.016605 5.888134 1.738192 -4.870099 2.036743 1.673631 -4.877773 2.079418 1.387358 -6.511567 -2.858943 -7.861843 -21.524414 -5.034172 -0.000000 -0.000000 -0.000000 0.497188 -1.673650 -3.702140 -53.948191 -44.293548 -26.619110 -165.496139 -86.069502 -165.458122 17.953953 8.106606 13.223127 9.775938 16.357224 0.858848 6.053993 27.805350 -18.599829 -6.037789 60.816298 17.106994 0.000002 0.000004 0.000003 17.472847 9.224739 -83.155770 23.312544 4.675916 -117.724116 21.566964 6.194456 -108.116772 -0.000002 -0.000001 0.000000 11.592386 8.281158 -86.537691 16.149776 12.964990 -105.880336 18.073346 11.765570 -118.360936 0.000001 -0.000003 -0.000001 4.991183 7.872688 -92.729571 10.803487 17.923624 -103.552635 10.498650 17.411858 -100.924911 0.000003 -0.000000 -0.000004 1.243700 8.584919 -92.369921 8.659884 15.362673 -98.315710 16.024884 19.714779 -130.655440 -0.000000 -0.000000 0.000001 -0.049104 6.913322 30.373998 16.321468 -5.183072 39.774804 -180.460688 154.372739 181.098627 -108.062656 25.407470 -0.864307 7.289168 -17.786651 4.440295 20.544487 -23.758772 7.065918 17.377497 -52.365288 9.460077 -0.000003 -0.000004 -0.000004 19.275842 -8.774060 82.782378 22.821873 -2.963211 115.997731 22.107943 -3.322711 114.153983 0.000002 -0.000001 -0.000002 11.485749 -7.534575 85.331199 16.189403 -11.109622 107.924010 15.949315 -10.923150 105.235177 0.000002 0.000001 -0.000001 4.330897 -7.313586 92.054305 11.183934 -15.225711 101.327400 11.710480 -15.181045 103.581082 -0.000000 -0.000001 0.000002 -3.765950 -7.773546 94.669455 6.267345 -18.769765 95.066965 14.996447 -19.450027 135.720107 -0.000001 0.000002 -0.000001 10.156286 19.577410 19.847620 36.444653 -5.113325 9.997196 -19.113897 -20.897543 -16.822561 -16.825649 0.780108 -6.321846 0.000000 -0.000002 0.000000 -37.899736 -0.335926 -18.503843 72.802419 3.743702 -6.851357 -26.492115 -1.835446 9.828927 -3.334343 0.000000 0.000007 -0.000000 -0.000001 0.000000 
-3.869684 86.945862 249.341583 -16.017962 42.326812 18.363401 4.196870 -9.142652 4.595158 1.438254 -4.419234 1.557368 1.386847 -4.426418 1.589884 3.021395 -8.249797 -1.656660 -3.786878 -27.798873 0.332406 0.000000 0.000000 0.000000 0.530917 -2.066518 -4.820374 -51.145358 -50.797073 -30.692094 -172.597050 -82.392859 -172.525510 12.306917 6.603122 16.174807 9.775914 16.357236 0.858860 6.054011 27.805348 -18.599838 -6.037797 60.816264 17.107013 0.000003 0.000001 0.000000 17.472823 9.224748 -83.155743 23.312525 4.675917 -117.724116 21.566954 6.194449 -108.116779 -0.000002 -0.000002 0.000001 11.592375 8.281162 -86.537698 16.149759 12.964998 -105.880329 18.073353 11.765597 -118.360949 -0.000001 0.000003 0.000003 4.991171 7.872685 -92.729510 10.803478 17.923608 -103.552641 10.498662 17.411865 -100.924911 0.000004 0.000004 -0.000002 1.243696 8.584915 -92.369907 8.659887 15.362663 -98.315696 16.024906 19.714767 -130.655481 0.000004 0.000001 -0.000002 0.011353 6.810967 29.004569 9.258420 -6.640289 36.869966 -180.370761 158.718747 181.064121 -105.570150 25.900328 -6.007628 7.289185 -17.786629 4.440302 20.544485 -23.758770 7.065911 17.377552 -52.365302 9.460123 -0.000004 -0.000006 0.000006 19.275856 -8.774058 82.782405 22.821861 -2.963195 115.997731 22.107936 -3.322705 114.153969 -0.000001 0.000001 0.000000 11.485758 -7.534558 85.331193 16.189386 -11.109611 107.923983 15.949315 -10.923155 105.235177 -0.000001 -0.000002 0.000000 4.330894 -7.313571 92.054312 11.183940 -15.225716 101.327359 11.710481 -15.181050 103.581076 -0.000003 0.000001 -0.000001 -3.765929 -7.773535 94.669468 6.267338 -18.769742 95.066951 14.996450 -19.450045 135.720107 -0.000001 -0.000002 -0.000001 6.582009 17.506133 23.508773 38.418708 -5.870122 9.790484 -16.156906 -23.116651 -17.169303 -14.129255 0.653821 -5.812520 -0.000001 -0.000006 0.000001 -32.038392 -4.721454 -22.120360 70.475258 1.704949 -5.912729 -26.264751 -3.080802 10.254968 -4.592688 -0.000008 0.000008 -0.000000 0.000000 0.000000 
-3.616759 87.968857 249.977554 -23.243404 49.687328 24.502397 3.527111 -8.170777 3.206532 1.209506 -3.932388 1.049298 1.172550 -3.938288 1.075140 4.409145 -9.648496 0.034351 0.303019 -31.902864 6.764035 0.000000 -0.000000 0.000002 0.573366 -2.902548 -6.429945 -43.510935 -57.580428 -30.661880 -175.430745 -77.811468 -175.317815 6.485113 3.952884 19.288785 9.775925 16.357231 0.858858 6.053999 27.805352 -18.599840 -6.037798 60.816291 17.107023 0.000003 0.000003 0.000000 17.472850 9.224752 -83.155784 23.312547 4.675895 -117.724130 21.566954 6.194444 -108.116799 -0.000000 -0.000002 0.000000 11.592387 8.281155 -86.537718 16.149762 12.964986 -105.880329 18.073340 11.765598 -118.360936 0.000002 0.000002 0.000000 4.991173 7.872679 -92.729544 10.803475 17.923627 -103.552655 10.498653 17.411863 -100.924917 -0.000002 0.000000 -0.000002 1.243706 8.584925 -92.369935 8.659885 15.362654 -98.315703 16.024896 19.714786 -130.655440 -0.000002 -0.000002 0.000001 0.103416 6.573519 27.180980 2.539818 -8.691091 32.018236 -180.313989 161.600104 181.045734 -102.393060 25.029915 -10.688185 7.289183 -17.786644 4.440314 20.544487 -23.758772 7.065897 17.377572 -52.365278 9.460138 0.000001 -0.000005 0.000002 19.275844 -8.774066 82.782412 22.821884 -2.963183 115.997731 22.107932 -3.322711 114.153990 -0.000002 -0.000002 0.000001 11.485762 -7.534579 85.331220 16.189391 -11.109610 107.923997 15.949308 -10.923150 105.235183 0.000001 0.000003 0.000002 4.330904 -7.313580 92.054305 11.183932 -15.225706 101.327366 11.710484 -15.181041 103.581055 -0.000001 0.000000 0.000001 -3.765949 -7.773556 94.669455 6.267343 -18.769749 95.066958 14.996444 -19.450051 135.720107 0.000001 0.000001 0.000000 2.882844 15.256170 26.352567 40.334743 -6.442679 9.604032 -13.679571 -23.154075 -18.012300 -10.664182 0.503562 -5.139742 -0.000001 0.000001 0.000000 -26.109920 -9.486446 -24.812131 67.819482 -1.194383 -4.806139 -25.276158 -3.415360 11.983795 -6.504274 0.000006 0.000013 -0.000000 0.000003 -0.000000 
-3.284962 88.956680 250.439484 -32.453333 56.171196 32.681410 3.068448 -7.106595 1.858449 1.031316 -3.402937 0.567371 1.009452 -3.406889 0.589417 5.299435 -10.617174 2.120387 3.153810 -33.268127 12.513212 -0.000001 -0.000000 -0.000000 0.593873 -3.850645 -8.022220 -28.985694 -63.289346 -24.520224 -176.755406 -73.092293 -176.599582 1.749620 0.590308 20.948947 9.775933 16.357224 0.858848 6.053984 27.805328 -18.599824 -6.037787 60.816298 17.106996 0.000001 0.000005 0.000000 17.472847 9.224740 -83.155770 23.312513 4.675912 -117.724102 21.566961 6.194468 -108.116786 -0.000001 -0.000003 -0.000002 11.592394 8.281173 -86.537691 16.149779 12.964993 -105.880302 18.073353 11.765592 -118.360949 0.000002 0.000001 0.000001 4.991188 7.872686 -92.729551 10.803494 17.923612 -103.552641 10.498659 17.411858 -100.924911 -0.000001 0.000001 -0.000002 1.243701 8.584908 -92.369928 8.659888 15.362646 -98.315703 16.024896 19.714776 -130.655467 -0.000003 -0.000002 0.000001 0.232673 6.093029 24.874675 -4.114838 -10.671498 25.334925 -180.293922 162.641653 181.039901 -98.917907 22.962159 -13.931778 7.289174 -17.786644 4.440320 20.544494 -23.758770 7.065894 17.377536 -52.365305 9.460132 -0.000001 -0.000001 0.000001 19.275839 -8.774063 82.782405 22.821855 -2.963199 115.997745 22.107946 -3.322708 114.153990 0.000002 -0.000001 -0.000001 11.485744 -7.534581 85.331213 16.189403 -11.109644 107.924017 15.949328 -10.923142 105.235163 0.000001 0.000003 0.000002 4.330891 -7.313580 92.054312 11.183936 -15.225725 101.327373 11.710493 -15.181052 103.581089 0.000001 -0.000004 -0.000001 -3.765948 -7.773548 94.669475 6.267341 -18.769742 95.066972 14.996442 -19.450036 135.720107 0.000001 0.000003 -0.000000 -0.713931 13.274159 28.095946 41.917448 -6.811304 9.449350 -11.993793 -21.374379 -18.939870 -7.021604 0.360658 -4.391445 -0.000001 0.000001 0.000001 -20.240024 -13.971954 -26.085833 64.949075 -3.809155 -3.685585 -23.625435 -3.648339 13.814843 -7.026180 0.000004 -0.000005 -0.000000 0.000001 0.000000 
-2.911693 89.822319 250.715683 -43.473819 61.220966 42.909352 2.758401 -5.913994 0.620659 0.866501 -2.811624 0.167699 0.859163 -2.813248 0.187993 5.503206 -11.110016 4.344606 4.024395 -31.827073 16.142905 0.000001 -0.000000 -0.000000 0.591431 -4.665653 -9.293692 -8.501412 -65.630769 -13.390306 -177.393359 -69.283526 -177.202564 -1.583751 -2.922160 18.957231 9.775916 16.357239 0.858861 6.054017 27.805348 -18.599838 -6.037790 60.816271 17.106991 0.000003 0.000003 0.000002 17.472841 9.224752 -83.155770 23.312540 4.675915 -117.724102 21.566951 6.194458 -108.116779 0.000002 -0.000001 -0.000000 11.592393 8.281174 -86.537718 16.149772 12.964996 -105.880329 18.073362 11.765586 -118.360922 0.000000 0.000001 0.000002 4.991168 7.872695 -92.729537 10.803487 17.923622 -103.552648 10.498669 17.411853 -100.924911 -0.000001 -0.000002 -0.000001 1.243697 8.584929 -92.369935 8.659891 15.362677 -98.315690 16.024896 19.714772 -130.655454 0.000000 -0.000001 -0.000000 0.396028 5.230937 21.896852 -12.078050 -11.171385 17.678778 -180.313825 161.608532 181.045693 -95.293290 20.033790 -15.136474 7.289181 -17.786639 4.440299 20.544492 -23.758775 7.065918 17.377548 -52.365312 9.460084 -0.000000 -0.000002 0.000004 19.275829 -8.774059 82.782398 22.821870 -2.963209 115.997731 22.107927 -3.322699 114.153976 -0.000000 -0.000004 -0.000000 11.485751 -7.534577 85.331193 16.189394 -11.109623 107.924003 15.949320 -10.923168 105.235190 -0.000000 0.000003 -0.000001 4.330911 -7.313570 92.054312 11.183922 -15.225718 101.327400 11.710501 -15.181035 103.581062 -0.000001 0.000002 0.000004 -3.765943 -7.773544 94.669475 6.267322 -18.769759 95.066944 14.996445 -19.450056 135.720107 0.000001 -0.000000 -0.000000 -4.066164 11.928055 28.661041 43.258942 -7.142470 9.334542 -10.984881 -18.480883 -19.317090 -4.471629 0.205210 -3.338580 -0.000003 -0.000001 0.000001 -14.615410 -17.409261 -25.877705 62.138595 -5.985066 -2.827088 -21.619051 -3.764697 15.662392 -7.726263 0.000485 -0.022888 -0.000000 0.000000 -0.000000 
-2.528386 90.471901 250.824036 -55.327148 64.555308 54.392795 2.553070 -4.517220 -0.448410 0.686959 -2.130023 -0.105039 0.690992 -2.129872 -0.086022 4.934054 -11.111065 6.286910 3.253699 -27.846133 17.612741 -0.000001 -0.000001 -0.000003 0.576929 -5.308869 -10.282654 8.646095 -63.257906 -6.547700 -177.653562 -67.216185 -177.443629 -4.727952 -5.249093 11.193388 9.775927 16.357224 0.858867 6.054005 27.805353 -18.599835 -6.037782 60.816291 17.106999 0.000002 0.000005 -0.000001 17.472850 9.224741 -83.155770 23.312520 4.675912 -117.724075 21.566958 6.194443 -108.116779 0.000002 0.000001 -0.000001 11.592374 8.281164 -86.537698 16.149760 12.965000 -105.880308 18.073353 11.765592 -118.360922 0.000003 -0.000003 -0.000001 4.991168 7.872684 -92.729531 10.803494 17.923622 -103.552628 10.498650 17.411851 -100.924917 0.000004 -0.000000 0.000000 1.243722 8.584928 -92.369914 8.659910 15.362651 -98.315703 16.024901 19.714760 -130.655454 -0.000001 -0.000001 0.000001 0.555839 3.894376 18.031699 -22.204663 -8.541356 10.595490 -180.369942 158.758253 181.063834 -91.491005 16.656926 -14.078797 7.289171 -17.786636 4.440300 20.544478 -23.758765 7.065910 17.377562 -52.365291 9.460115 -0.000001 -0.000001 -0.000002 19.275832 -8.774055 82.782405 22.821870 -2.963178 115.997731 22.107924 -3.322711 114.153983 -0.000001 0.000005 -0.000001 11.485753 -7.534572 85.331186 16.189401 -11.109626 107.924010 15.949325 -10.923153 105.235170 -0.000000 -0.000004 -0.000001 4.330900 -7.313564 92.054305 11.183930 -15.225695 101.327400 11.710466 -15.181052 103.581076 0.000000 -0.000000 0.000000 -3.765954 -7.773553 94.669455 6.267356 -18.769756 95.066978 14.996449 -19.450036 135.720094 0.000002 0.000002 -0.000001 -7.034133 11.343929 28.163139 44.615755 -7.206934 9.244488 -10.392566 -15.461781 -18.943123 -3.255894 0.130409 -2.674770 -0.000001 -0.000001 -0.000000 -9.529936 -19.388405 -24.614209 59.656129 -7.573829 -2.523214 -19.736354 -3.820718 17.452166 -10.117478 0.001377 -0.019687 -0.000000 0.000000 0.000000 
-2.155126 90.805603 250.786774 -66.445132 66.336648 65.689843 2.451922 -2.849268 -1.282331 0.501544 -1.329219 -0.227379 0.510576 -1.328455 -0.212219 3.668559 -10.666644 7.526523 1.782146 -22.044323 17.918050 0.000001 0.000001 -0.000003 0.553327 -5.872802 -11.230249 15.319254 -57.252527 -10.447671 -177.697084 -66.831844 -177.483558 -9.261071 -2.863940 -2.143009 9.775932 16.357239 0.858850 6.053994 27.805336 -18.599823 -6.037795 60.816298 17.106999 0.000003 0.000001 0.000003 17.472850 9.224738 -83.155770 23.312523 4.675915 -117.724102 21.566946 6.194447 -108.116751 -0.000002 -0.000001 -0.000001 11.592374 8.281150 -86.537698 16.149759 12.965001 -105.880336 18.073355 11.765597 -118.360949 -0.000003 0.000001 -0.000000 4.991170 7.872678 -92.729551 10.803475 17.923620 -103.552641 10.498644 17.411865 -100.924924 -0.000001 0.000001 0.000000 1.243713 8.584924 -92.369921 8.659898 15.362656 -98.315696 16.024901 19.714764 -130.655467 0.000000 -0.000001 0.000000 0.630216 2.143480 13.211549 -33.290202 -1.729108 5.424689 -180.458953 154.454578 181.097876 -87.436995 13.273781 -10.845336 7.289165 -17.786654 4.440313 20.544495 -23.758762 7.065920 17.377536 -52.365298 9.460115 0.000002 -0.000003 -0.000001 19.275847 -8.774057 82.782405 22.821853 -2.963199 115.997704 22.107926 -3.322716 114.153990 -0.000002 0.000004 -0.000001 11.485747 -7.534577 85.331213 16.189394 -11.109614 107.924024 15.949311 -10.923138 105.235149 -0.000000 0.000002 0.000002 4.330904 -7.313586 92.054305 11.183940 -15.225713 101.327400 11.710490 -15.181050 103.581082 0.000000 0.000001 -0.000002 -3.765932 -7.773552 94.669455 6.267339 -18.769747 95.066965 14.996450 -19.450026 135.720107 -0.000000 0.000000 0.000003 -9.507419 11.351885 26.854514 46.288598 -7.230898 9.168703 -10.103364 -12.411687 -17.946735 -3.240401 0.129123 -2.667641 0.000000 -0.000000 -0.000000 -5.321621 -20.024189 -23.058029 57.755199 -8.531656 -2.915908 -18.460377 -3.903760 19.157388 -12.204462 0.001112 -0.010050 -0.000000 -0.000003 -0.000000 
-1.801600 90.777618 250.662186 -75.711861 67.015822 75.703228 2.481536 -0.875460 -1.878083 0.353482 -0.393803 -0.213586 0.358066 -0.392555 -0.208048 2.010006 -9.926341 7.920850 0.255137 -15.688866 17.828950 -0.000001 -0.000003 0.000003 0.517348 -6.418688 -12.309545 16.310941 -49.424926 -19.350488 -177.658698 -67.171618 -177.448342 -13.739299 7.660776 -14.753506 9.775923 16.357227 0.858856 6.054001 27.805345 -18.599823 -6.037801 60.816298 17.107010 -0.000000 0.000001 -0.000001 17.472857 9.224740 -83.155791 23.312523 4.675911 -117.724102 21.566956 6.194457 -108.116792 0.000001 0.000001 -0.000001 11.592387 8.281157 -86.537691 16.149757 12.964976 -105.880322 18.073343 11.765613 -118.360922 0.000002 -0.000001 0.000001 4.991176 7.872677 -92.729551 10.803494 17.923617 -103.552648 10.498660 17.411865 -100.924945 0.000001 0.000001 -0.000002 1.243700 8.584920 -92.369935 8.659894 15.362673 -98.315690 16.024904 19.714771 -130.655467 0.000004 -0.000003 -0.000001 0.533504 0.159823 7.655962 -42.505285 8.162920 2.352143 -180.579888 149.061570 181.153528 -83.110787 10.310801 -5.786749 7.289168 -17.786644 4.440292 20.544497 -23.758769 7.065922 17.377536 -52.365288 9.460101 -0.000002 0.000001 -0.000000 19.275864 -8.774060 82.782405 22.821863 -2.963199 115.997704 22.107936 -3.322717 114.153983 0.000003 0.000003 -0.000001 11.485755 -7.534561 85.331199 16.189394 -11.109613 107.924024 15.949313 -10.923148 105.235156 -0.000000 0.000003 0.000000 4.330911 -7.313569 92.054305 11.183941 -15.225685 101.327373 11.710482 -15.181038 103.581082 -0.000000 -0.000001 -0.000000 -3.765935 -7.773542 94.669461 6.267349 -18.769758 95.066958 14.996433 -19.450022 135.720107 0.000001 -0.000003 0.000001 -11.368545 11.665733 25.044828 48.258029 -7.227507 9.100404 -10.270231 -9.524894 -16.678620 -3.820959 0.171335 -3.073899 0.000000 0.000000 -0.000000 -2.079112 -19.847111 -21.826537 56.552607 -9.054162 -3.906748 -18.180273 -4.102328 20.686690 -13.524475 -0.010757 0.080111 -0.000000 0.000000 0.000000 
-1.476503 90.477005 250.558594 -83.152171 67.033874 84.291809 2.651973 1.378994 -2.308972 0.284059 0.666119 -0.123362 0.273281 0.669190 -0.134325 0.476458 -9.226582 7.739045 -1.172201 -10.434086 17.495827 0.000000 0.000000 -0.000000 0.472269 -6.881324 -13.438928 18.393109 -42.002016 -26.098023 -177.660105 -67.159297 -177.449653 -15.003757 22.043665 -17.416040 9.775911 16.357210 0.858854 6.054008 27.805360 -18.599826 -6.037763 60.816298 17.106984 0.000003 -0.000001 0.000001 17.472836 9.224741 -83.155770 23.312534 4.675909 -117.724102 21.566949 6.194473 -108.116786 0.000002 -0.000003 0.000004 11.592362 8.281159 -86.537698 16.149771 12.964986 -105.880336 18.073333 11.765585 -118.360936 0.000003 0.000000 0.000001 4.991149 7.872699 -92.729537 10.803498 17.923629 -103.552648 10.498667 17.411863 -100.924911 -0.000000 0.000002 -0.000001 1.243702 8.584916 -92.369928 8.659889 15.362661 -98.315690 16.024901 19.714781 -130.655454 0.000001 -0.000000 -0.000002 0.229491 -1.961553 1.981204 -47.530163 13.389005 0.406438 -180.734756 142.942896 181.238359 -78.562564 8.098427 0.509201 7.289180 -17.786648 4.440310 20.544485 -23.758769 7.065937 17.377536 -52.365312 9.460097 -0.000001 -0.000003 -0.000001 19.275846 -8.774041 82.782419 22.821858 -2.963204 115.997704 22.107929 -3.322704 114.153983 0.000000 -0.000000 -0.000001 11.485749 -7.534569 85.331193 16.189396 -11.109615 107.924024 15.949323 -10.923146 105.235170 -0.000002 -0.000003 0.000000 4.330908 -7.313568 92.054312 11.183939 -15.225701 101.327400 11.710482 -15.181048 103.581048 -0.000002 0.000001 -0.000000 -3.765933 -7.773547 94.669468 6.267360 -18.769763 95.066978 14.996432 -19.450048 135.720080 -0.000001 0.000001 0.000001 -12.460516 12.021835 23.113524 50.001851 -7.222178 9.050416 -10.965002 -7.299380 -15.560704 -4.321950 0.224533 -3.519837 0.000000 -0.000000 0.000000 0.485454 -19.586406 -20.983197 55.838798 -9.633041 -5.221888 -19.187846 -4.438016 21.570012 -13.208047 -0.074533 0.624381 -0.000000 0.000004 0.000000 
-1.177206 89.985077 250.545746 -89.574393 66.690274 91.989391 2.906215 3.819102 -2.695144 0.293486 1.812957 -0.032442 0.257201 1.819415 -0.064778 -0.503108 -8.923720 7.454134 -2.492670 -7.560038 17.061965 0.000000 -0.000002 0.000001 0.437207 -7.112631 -14.285895 22.344629 -35.764575 -29.732438 -177.709501 -66.719801 -177.494910 -13.974809 32.698988 -11.056767 9.775924 16.357224 0.858866 6.053993 27.805347 -18.599838 -6.037786 60.816298 17.107003 -0.000001 0.000001 -0.000001 17.472850 9.224742 -83.155764 23.312534 4.675906 -117.724102 21.566949 6.194445 -108.116751 0.000000 -0.000002 -0.000000 11.592381 8.281165 -86.537698 16.149765 12.964987 -105.880336 18.073360 11.765597 -118.360922 -0.000001 -0.000000 0.000001 4.991174 7.872688 -92.729524 10.803489 17.923624 -103.552628 10.498675 17.411858 -100.924958 -0.000001 0.000002 -0.000001 1.243689 8.584921 -92.369914 8.659876 15.362665 -98.315690 16.024893 19.714788 -130.655467 0.000000 -0.000002 0.000000 -0.266125 -4.349225 -2.941343 -49.714259 19.359563 -1.184175 -180.928446 136.462494 181.361835 -73.842978 6.793496 7.279333 7.289186 -17.786627 4.440291 20.544483 -23.758764 7.065900 17.377530 -52.365288 9.460113 0.000002 -0.000003 -0.000002 19.275854 -8.774056 82.782405 22.821861 -2.963181 115.997731 22.107929 -3.322705 114.153976 -0.000000 0.000000 -0.000003 11.485758 -7.534574 85.331199 16.189403 -11.109622 107.924044 15.949313 -10.923153 105.235156 -0.000000 -0.000001 0.000003 4.330896 -7.313574 92.054305 11.183946 -15.225716 101.327379 11.710493 -15.181033 103.581082 0.000002 0.000001 -0.000001 -3.765938 -7.773547 94.669475 6.267340 -18.769756 95.066965 14.996438 -19.450038 135.720080 -0.000003 -0.000001 -0.000002 -13.001297 12.062570 21.477366 51.464157 -7.116931 9.038591 -12.890605 -6.277997 -15.065249 -3.381982 0.110816 -2.479484 0.000000 -0.000000 0.000000 2.665276 -19.667840 -20.423316 55.343025 -10.525357 -6.514592 -20.841147 -4.903348 22.407977 -12.195275 -0.101577 1.108402 -0.000000 -0.000004 -0.000000 
-0.905859 89.404930 250.675308 -95.890289 66.115159 99.432316 3.122238 6.300755 -3.177389 0.313796 2.986455 -0.019614 0.244349 2.995033 -0.074981 -0.847526 -9.199656 7.499946 -3.619647 -7.489293 16.935929 -0.000002 0.000001 -0.000002 0.436480 -7.002383 -14.456229 25.973002 -30.118074 -31.744674 -177.671785 -67.056735 -177.460377 -13.007655 37.293642 -5.009728 9.775931 16.357234 0.858855 6.053992 27.805338 -18.599821 -6.037789 60.816312 17.106996 0.000001 -0.000000 -0.000001 17.472850 9.224760 -83.155770 23.312539 4.675914 -117.724089 21.566952 6.194456 -108.116772 0.000001 0.000000 -0.000002 11.592372 8.281168 -86.537711 16.149767 12.965001 -105.880322 18.073346 11.765594 -118.360949 -0.000001 -0.000000 0.000001 4.991164 7.872701 -92.729524 10.803496 17.923622 -103.552655 10.498651 17.411863 -100.924917 -0.000001 0.000001 -0.000001 1.243692 8.584929 -92.369928 8.659891 15.362663 -98.315690 16.024894 19.714781 -130.655454 -0.000000 -0.000001 -0.000000 -0.899090 -7.176573 -6.378431 -50.117220 27.171951 -2.654678 -181.168623 129.984347 181.535117 -68.900155 6.365651 13.716748 7.289189 -17.786641 4.440321 20.544483 -23.758774 7.065912 17.377530 -52.365285 9.460117 0.000003 0.000002 0.000001 19.275858 -8.774058 82.782405 22.821873 -2.963206 115.997731 22.107938 -3.322705 114.153983 0.000001 -0.000002 -0.000000 11.485768 -7.534560 85.331227 16.189392 -11.109624 107.924017 15.949315 -10.923154 105.235177 0.000000 -0.000001 -0.000001 4.330913 -7.313584 92.054332 11.183941 -15.225709 101.327393 11.710481 -15.181053 103.581055 -0.000001 -0.000001 0.000003 -3.765931 -7.773536 94.669461 6.267331 -18.769754 95.066965 14.996433 -19.450038 135.720094 -0.000000 -0.000001 -0.000001 -13.203367 11.687220 20.395893 52.131835 -7.120624 9.039833 -14.889971 -6.990749 -15.319756 -2.202923 0.052469 -1.711686 0.000000 -0.000000 -0.000000 4.623008 -20.329723 -19.827004 54.905367 -12.026001 -7.477838 -22.910471 -5.424400 23.013161 -10.424475 -0.083143 1.672271 -0.000000 -0.000001 0.000000 
-0.677922 88.829865 250.963974 -102.632458 65.320664 106.990590 3.186546 8.641463 -3.864266 0.250587 4.104975 -0.144629 0.144340 4.109890 -0.223775 -0.693087 -10.087885 8.127795 -4.395906 -10.067682 17.484781 -0.000002 -0.000000 0.000000 0.473749 -6.569941 -13.771799 27.818712 -24.965030 -33.079043 -177.424723 -69.053561 -177.231798 -13.551944 35.023444 -2.935824 9.775938 16.357222 0.858838 6.053986 27.805331 -18.599826 -6.037806 60.816298 17.107030 0.000001 0.000001 -0.000000 17.472857 9.224743 -83.155750 23.312530 4.675913 -117.724089 21.566956 6.194440 -108.116772 0.000001 -0.000002 -0.000001 11.592383 8.281156 -86.537698 16.149771 12.964989 -105.880315 18.073357 11.765593 -118.360936 0.000003 0.000001 0.000001 4.991175 7.872677 -92.729551 10.803489 17.923615 -103.552648 10.498667 17.411858 -100.924945 0.000000 0.000000 -0.000003 1.243700 8.584906 -92.369928 8.659884 15.362661 -98.315696 16.024884 19.714788 -130.655467 0.000002 -0.000002 -0.000001 -1.549840 -10.348563 -8.056760 -48.996051 36.411462 -3.578326 -181.463073 123.872352 181.768956 -63.539932 6.654498 19.153935 7.289179 -17.786651 4.440302 20.544497 -23.758764 7.065908 17.377536 -52.365274 9.460121 0.000001 -0.000001 0.000001 19.275849 -8.774063 82.782405 22.821872 -2.963199 115.997717 22.107929 -3.322694 114.153976 -0.000001 0.000002 -0.000001 11.485748 -7.534575 85.331227 16.189396 -11.109631 107.924010 15.949316 -10.923149 105.235170 0.000001 0.000001 -0.000001 4.330918 -7.313598 92.054325 11.183936 -15.225702 101.327352 11.710485 -15.181052 103.581076 -0.000000 -0.000002 0.000002 -3.765933 -7.773557 94.669468 6.267338 -18.769747 95.066958 14.996428 -19.450038 135.720080 -0.000001 0.000000 -0.000001 -13.421387 10.921706 19.944651 52.014261 -7.229450 9.053542 -16.688768 -9.295061 -16.367000 -1.165853 0.019313 -1.041600 -0.000000 -0.000001 0.000000 6.368174 -21.530947 -18.987316 54.507088 -14.158928 -7.895011 -25.081508 -5.910351 23.294830 -9.446206 -0.021687 1.033140 -0.000000 -0.000000 0.000000 
-0.533726 88.323250 251.374405 -109.806315 64.265994 114.638510 3.075887 10.643442 -4.769336 0.053007 5.072857 -0.424050 -0.087355 5.064747 -0.529623 -0.218122 -11.453805 9.284091 -4.711939 -14.709154 18.779892 -0.000001 -0.000000 -0.000001 0.525634 -5.961584 -12.432377 27.375817 -21.012181 -34.395152 -176.816467 -72.787475 -176.657843 -17.008933 27.613020 -4.891312 9.775948 16.357229 0.858848 6.053980 27.805343 -18.599829 -6.037744 60.816305 17.106964 0.000000 0.000001 -0.000001 17.472855 9.224734 -83.155770 23.312522 4.675914 -117.724102 21.566954 6.194454 -108.116806 0.000002 -0.000000 0.000000 11.592376 8.281151 -86.537698 16.149748 12.964993 -105.880329 18.073331 11.765602 -118.360922 -0.000002 -0.000000 -0.000000 4.991175 7.872680 -92.729544 10.803493 17.923624 -103.552648 10.498664 17.411853 -100.924945 -0.000000 0.000002 -0.000001 1.243711 8.584907 -92.369942 8.659891 15.362653 -98.315703 16.024884 19.714774 -130.655467 0.000001 0.000002 -0.000002 -2.070129 -13.484076 -8.271970 -46.772664 45.448434 -3.264483 -181.812204 118.490286 182.066328 -57.512112 7.450831 23.235405 7.289186 -17.786654 4.440312 20.544492 -23.758765 7.065896 17.377538 -52.365281 9.460118 0.000000 -0.000001 0.000001 19.275864 -8.774070 82.782405 22.821866 -2.963192 115.997731 22.107924 -3.322707 114.153969 0.000003 -0.000000 -0.000002 11.485766 -7.534585 85.331206 16.189389 -11.109624 107.924010 15.949313 -10.923152 105.235156 0.000002 0.000000 -0.000000 4.330912 -7.313588 92.054305 11.183928 -15.225713 101.327366 11.710477 -15.181031 103.581062 -0.000000 -0.000001 0.000000 -3.765935 -7.773550 94.669455 6.267349 -18.769744 95.066951 14.996438 -19.450048 135.720107 0.000000 -0.000001 0.000000 -13.964946 9.922330 19.959865 51.343604 -7.395755 9.077290 -18.204836 -12.598851 -17.919611 -0.309535 0.002085 -0.344242 -0.000000 -0.000000 -0.000000 7.845982 -23.026654 -17.879605 54.414573 -14.648852 -7.641295 -27.389304 -8.324337 22.336932 -9.629336 0.000020 0.000015 0.000000 -0.000004 -0.000000 
-0.490649 87.906021 251.850632 -117.027027 62.911923 122.015456 2.874716 12.138680 -5.765579 -0.247038 5.809301 -0.815628 -0.411298 5.778763 -0.951716 0.412104 -13.056289 10.643445 -4.514461 -20.558321 20.638880 -0.000001 -0.000001 -0.000001 0.565921 -5.358508 -10.923961 25.453313 -18.690582 -35.728747 -175.568442 -77.445377 -175.452206 -23.474112 18.277146 -10.705790 9.775919 16.357219 0.858855 6.053993 27.805355 -18.599835 -6.037786 60.816305 17.106998 0.000003 -0.000001 0.000003 17.472853 9.224742 -83.155770 23.312523 4.675919 -117.724075 21.566954 6.194451 -108.116779 -0.000001 0.000001 0.000003 11.592384 8.281150 -86.537691 16.149762 12.964992 -105.880322 18.073350 11.765597 -118.360949 0.000000 -0.000001 0.000003 4.991192 7.872701 -92.729565 10.803497 17.923612 -103.552648 10.498653 17.411855 -100.924911 -0.000001 0.000002 -0.000002 1.243696 8.584919 -92.369907 8.659909 15.362668 -98.315717 16.024911 19.714764 -130.655454 0.000000 0.000000 -0.000001 -2.408207 -16.257232 -7.701679 -43.832551 53.170847 -1.445724 -182.253366 113.603169 182.461537 -50.704889 8.574421 25.998251 7.289177 -17.786644 4.440308 20.544480 -23.758748 7.065891 17.377564 -52.365315 9.460121 -0.000001 -0.000001 0.000001 19.275835 -8.774055 82.782419 22.821875 -2.963212 115.997731 22.107949 -3.322701 114.153990 -0.000001 0.000001 0.000000 11.485753 -7.534575 85.331199 16.189381 -11.109607 107.924017 15.949311 -10.923166 105.235183 0.000001 0.000001 -0.000000 4.330885 -7.313581 92.054332 11.183937 -15.225721 101.327393 11.710476 -15.181045 103.581089 -0.000000 -0.000000 0.000001 -3.765954 -7.773532 94.669482 6.267341 -18.769770 95.066958 14.996456 -19.450022 135.720135 0.000000 0.000001 -0.000006 -15.032478 8.750377 20.307542 50.330916 -7.857455 9.099367 -18.482468 -16.192557 -20.476805 -0.000091 0.000008 -0.000003 0.000000 0.000000 -0.000000 8.956050 -24.540803 -16.637545 54.649952 -14.767053 -6.739396 -29.396441 -10.908091 20.882366 -10.031787 -0.000015 0.000019 -0.000000 -0.000000 -0.000000 
-0.565343 87.559418 252.318268 -123.692895 61.273572 128.567069 2.733760 13.073708 -6.650419 -0.555153 6.284370 -1.231666 -0.728127 6.226848 -1.400649 1.029108 -14.660169 11.813933 -3.786080 -26.700499 22.758576 -0.000002 -0.000000 0.000000 0.586036 -4.885138 -9.766480 23.487725 -17.666286 -36.921363 -173.319206 -81.585927 -173.240399 -30.518877 10.341931 -18.557006 9.775946 16.357239 0.858853 6.053998 27.805333 -18.599826 -6.037754 60.816298 17.106955 0.000000 0.000001 -0.000000 17.472850 9.224737 -83.155764 23.312523 4.675915 -117.724116 21.566961 6.194433 -108.116806 -0.000002 0.000002 -0.000004 11.592390 8.281165 -86.537684 16.149771 12.964993 -105.880329 18.073353 11.765584 -118.360936 0.000001 -0.000000 0.000002 4.991199 7.872690 -92.729551 10.803500 17.923625 -103.552662 10.498654 17.411853 -100.924917 0.000001 0.000002 -0.000000 1.243717 8.584924 -92.369935 8.659904 15.362677 -98.315696 16.024904 19.714776 -130.655467 0.000002 -0.000000 0.000001 -2.629231 -18.621078 -6.979562 -40.811951 59.360703 1.752026 -182.711467 109.971059 182.886019 -43.349059 9.941783 27.777321 7.289182 -17.786671 4.440309 20.544482 -23.758767 7.065917 17.377516 -52.365281 9.460090 -0.000001 -0.000001 -0.000001 19.275854 -8.774068 82.782405 22.821851 -2.963187 115.997704 22.107944 -3.322683 114.153990 0.000001 0.000002 0.000004 11.485776 -7.534586 85.331227 16.189404 -11.109619 107.924010 15.949330 -10.923160 105.235156 0.000002 0.000000 -0.000004 4.330897 -7.313588 92.054312 11.183930 -15.225697 101.327366 11.710477 -15.181045 103.581076 0.000000 -0.000001 -0.000000 -3.765941 -7.773554 94.669475 6.267328 -18.769746 95.066958 14.996438 -19.450041 135.720080 0.000001 -0.000001 0.000003 -17.225421 7.327764 20.474631 50.669745 -7.966446 9.214494 -18.359897 -19.742694 -20.883066 -0.000065 -0.000000 0.000008 0.000000 0.000000 0.000000 9.662447 -25.891772 -15.460036 55.272189 -14.642136 -5.351163 -30.905913 -13.166852 19.372466 -9.003169 0.000008 0.000008 0.000000 -0.000001 0.000000 
-0.768200 87.232773 252.709015 -129.249924 59.453539 133.778120 2.792851 13.516289 -7.221857 -0.770090 6.530316 -1.580449 -0.937193 6.448578 -1.781204 1.480286 -16.112582 12.541190 -2.603527 -32.368434 24.806730 0.000000 0.000000 0.000000 0.591205 -4.588275 -9.296177 22.468015 -17.014566 -38.032508 -170.996873 -83.724616 -170.937423 -35.071655 5.529126 -24.744295 9.775936 16.357215 0.858847 6.053983 27.805345 -18.599821 -6.037781 60.816312 17.107015 0.000002 0.000003 -0.000001 17.472848 9.224740 -83.155750 23.312549 4.675910 -117.724102 21.566968 6.194442 -108.116786 -0.000000 -0.000000 -0.000002 11.592366 8.281138 -86.537698 16.149755 12.965004 -105.880336 18.073346 11.765604 -118.360922 -0.000001 0.000001 -0.000002 4.991178 7.872680 -92.729531 10.803495 17.923617 -103.552635 10.498663 17.411851 -100.924924 0.000001 -0.000001 -0.000001 1.243705 8.584930 -92.369928 8.659922 15.362673 -98.315703 16.024904 19.714771 -130.655467 -0.000001 -0.000000 0.000003 -2.818616 -20.690726 -6.437618 -38.601180 63.943671 6.231418 -183.092879 107.678363 183.246408 -36.070803 11.558739 28.946253 7.289166 -17.786646 4.440300 20.544509 -23.758782 7.065919 17.377557 -52.365291 9.460136 0.000005 -0.000001 -0.000001 19.275844 -8.774049 82.782419 22.821866 -2.963212 115.997731 22.107941 -3.322715 114.153969 0.000002 -0.000000 -0.000001 11.485755 -7.534584 85.331213 16.189410 -11.109604 107.924003 15.949320 -10.923138 105.235163 0.000001 -0.000001 0.000000 4.330897 -7.313596 92.054312 11.183951 -15.225697 101.327400 11.710469 -15.181043 103.581096 0.000003 0.000000 0.000003 -3.765936 -7.773545 94.669455 6.267346 -18.769758 95.066958 14.996437 -19.450039 135.720107 0.000001 0.000001 0.000002 -19.513717 5.926350 20.598237 51.187231 -7.854433 9.246326 -18.058875 -22.809401 -21.068451 -0.000083 -0.000009 0.000009 -0.000000 0.000000 -0.000000 9.970054 -27.019050 -14.515740 56.358596 -14.627619 -3.743063 -31.699383 -14.537289 18.353628 -9.015075 0.000000 -0.000000 -0.000001 0.000000 -0.000000 
-1.087414 86.896744 252.986740 -133.361124 57.660949 137.441861 3.138375 13.641976 -7.456753 -0.832064 6.621863 -1.808441 -0.983780 6.524091 -2.037233 1.683371 -17.342373 12.783645 -1.212276 -37.082473 26.490750 -0.000000 0.000000 -0.000003 0.588477 -4.464118 -9.572437 22.538026 -15.929000 -39.349044 -170.853234 -83.821577 -170.794631 -35.935838 3.603374 -27.271351 9.775913 16.357209 0.858857 6.054005 27.805360 -18.599828 -6.037801 60.816305 17.106994 0.000000 0.000003 -0.000001 17.472864 9.224745 -83.155798 23.312549 4.675914 -117.724089 21.566940 6.194434 -108.116772 -0.000002 -0.000002 -0.000000 11.592375 8.281137 -86.537670 16.149760 12.964988 -105.880329 18.073355 11.765585 -118.360949 0.000002 -0.000001 0.000002 4.991175 7.872677 -92.729551 10.803498 17.923639 -103.552648 10.498685 17.411853 -100.924917 0.000000 0.000000 0.000002 1.243704 8.584922 -92.369921 8.659887 15.362668 -98.315690 16.024889 19.714784 -130.655467 0.000000 -0.000002 -0.000001 -3.021283 -22.569120 -6.147522 -36.871369 66.641958 10.929706 -183.423146 106.069552 183.561976 -29.689398 13.391157 29.700425 7.289173 -17.786631 4.440298 20.544494 -23.758753 7.065911 17.377535 -52.365308 9.460118 -0.000001 -0.000000 0.000004 19.275863 -8.774071 82.782412 22.821880 -2.963186 115.997704 22.107938 -3.322702 114.153997 -0.000000 -0.000001 0.000003 11.485749 -7.534585 85.331199 16.189404 -11.109617 107.924024 15.949315 -10.923149 105.235156 -0.000001 -0.000002 -0.000003 4.330897 -7.313589 92.054332 11.183927 -15.225695 101.327366 11.710483 -15.181041 103.581076 -0.000001 0.000001 0.000003 -3.765944 -7.773558 94.669461 6.267333 -18.769735 95.066972 14.996442 -19.450043 135.720094 0.000001 0.000003 -0.000001 -21.620137 4.599445 20.634594 51.922015 -7.870298 9.211759 -17.584769 -24.930237 -20.948860 -0.000059 -0.000001 0.000008 -0.000000 -0.000000 0.000000 10.010610 -27.906392 -13.910786 57.662438 -14.684927 -2.223712 -32.041141 -15.209627 17.855262 -9.501190 0.000007 0.000014 0.000000 0.000000 0.000000 
-1.497888 86.521660 253.137329 -136.035771 56.128726 139.649966 3.745947 13.633515 -7.409023 -0.741348 6.644470 -1.914448 -0.874521 6.539646 -2.167194 1.660316 -18.329658 12.672710 0.024579 -40.691713 27.655542 0.000001 -0.000002 0.000004 0.580898 -4.485858 -10.411672 23.271827 -14.239455 -41.290123 -174.032168 -80.602004 -173.944469 -33.796189 3.668721 -26.995431 9.775946 16.357220 0.858838 6.053983 27.805348 -18.599819 -6.037811 60.816312 17.107011 0.000002 -0.000001 -0.000000 17.472860 9.224731 -83.155770 23.312534 4.675890 -117.724116 21.566942 6.194444 -108.116758 0.000002 -0.000000 0.000000 11.592395 8.281163 -86.537684 16.149779 12.965005 -105.880322 18.073357 11.765623 -118.360949 -0.000001 -0.000003 0.000006 4.991185 7.872683 -92.729531 10.803509 17.923627 -103.552648 10.498665 17.411860 -100.924938 -0.000001 0.000001 -0.000002 1.243713 8.584910 -92.369942 8.659895 15.362654 -98.315703 16.024898 19.714774 -130.655467 0.000001 0.000000 -0.000001 -3.244609 -24.294375 -6.061037 -34.510484 67.474066 14.281770 -183.679824 105.003927 183.808956 -24.866415 15.254423 30.084716 7.289169 -17.786641 4.440303 20.544494 -23.758791 7.065924 17.377540 -52.365288 9.460086 -0.000001 0.000000 0.000001 19.275854 -8.774070 82.782405 22.821877 -2.963204 115.997731 22.107931 -3.322703 114.153997 -0.000001 0.000005 -0.000001 11.485760 -7.534585 85.331227 16.189416 -11.109619 107.924031 15.949313 -10.923146 105.235163 0.000002 -0.000006 0.000001 4.330897 -7.313584 92.054305 11.183934 -15.225723 101.327352 11.710484 -15.181038 103.581055 0.000001 -0.000003 -0.000005 -3.765937 -7.773557 94.669482 6.267338 -18.769744 95.066951 14.996438 -19.450051 135.720107 0.000001 -0.000000 -0.000001 -23.409790 3.395811 20.594467 52.913452 -7.863939 9.164113 -17.144623 -26.269628 -20.664876 -0.000034 -0.000007 0.000006 0.000000 0.000001 -0.000000 9.838275 -28.538735 -13.639485 59.063651 -14.769645 -1.026368 -32.196760 -15.416507 17.742581 -10.054184 0.000003 0.000029 -0.000000 -0.000002 -0.000000 
-1.968811 86.113602 253.167496 -137.496353 55.065822 140.697088 4.507341 13.638047 -7.215666 -0.547838 6.665800 -1.934771 -0.663990 6.560316 -2.208318 1.515317 -19.088169 12.410534 0.811524 -43.310492 28.359758 -0.000001 0.000001 -0.000002 0.568916 -4.611217 -11.503245 24.151434 -12.161891 -44.127844 -175.615502 -77.315235 -175.498091 -30.070608 4.811362 -25.945076 9.775927 16.357224 0.858850 6.054004 27.805352 -18.599819 -6.037790 60.816305 17.107004 -0.000000 0.000001 -0.000001 17.472847 9.224760 -83.155770 23.312549 4.675917 -117.724075 21.566958 6.194438 -108.116779 0.000001 0.000001 -0.000000 11.592371 8.281168 -86.537698 16.149757 12.964973 -105.880336 18.073355 11.765598 -118.360949 0.000001 0.000001 0.000002 4.991171 7.872694 -92.729544 10.803503 17.923613 -103.552648 10.498654 17.411844 -100.924924 -0.000001 0.000001 -0.000001 1.243699 8.584921 -92.369921 8.659895 15.362672 -98.315724 16.024896 19.714772 -130.655454 -0.000004 0.000001 0.000000 -3.475198 -25.856040 -6.095696 -31.316738 66.815759 15.933165 -183.791525 104.582320 183.916832 -21.851414 16.875263 30.164182 7.289186 -17.786631 4.440316 20.544476 -23.758774 7.065927 17.377533 -52.365291 9.460119 0.000002 -0.000001 -0.000001 19.275853 -8.774057 82.782405 22.821877 -2.963208 115.997731 22.107929 -3.322706 114.153969 0.000002 -0.000000 -0.000004 11.485746 -7.534563 85.331199 16.189389 -11.109636 107.924003 15.949318 -10.923147 105.235163 -0.000000 -0.000000 -0.000002 4.330901 -7.313564 92.054339 11.183930 -15.225725 101.327366 11.710493 -15.181048 103.581082 -0.000001 0.000002 -0.000000 -3.765946 -7.773544 94.669468 6.267342 -18.769747 95.066944 14.996442 -19.450026 135.720107 0.000002 0.000001 -0.000003 -24.859928 2.396172 20.531818 54.091683 -7.833826 9.106999 -16.840808 -26.953765 -20.315517 -0.000085 -0.000035 0.000000 -0.000000 -0.000000 0.000000 9.395784 -28.868355 -13.676321 60.500470 -14.868511 -0.268845 -32.311917 -15.360435 17.862415 -10.477836 -0.000004 0.000018 -0.000000 0.000002 0.000000 
-2.472200 85.698837 253.091980 -138.031990 54.627570 140.919397 5.275839 13.726092 -7.012036 -0.323235 6.719157 -1.919305 -0.426009 6.615479 -2.211651 1.361963 -19.654351 12.159125 1.064484 -45.175913 28.814061 0.000000 0.000001 -0.000005 0.553916 -4.782076 -12.545052 24.867549 -9.900301 -47.806837 -176.152095 -75.619347 -176.019289 -26.010810 6.238698 -25.636774 9.775938 16.357210 0.858848 6.053996 27.805345 -18.599826 -6.037775 60.816291 17.106972 0.000003 0.000003 -0.000002 17.472850 9.224746 -83.155770 23.312532 4.675910 -117.724102 21.566954 6.194455 -108.116799 -0.000002 0.000000 -0.000002 11.592383 8.281162 -86.537718 16.149784 12.964982 -105.880302 18.073336 11.765584 -118.360949 0.000000 0.000000 0.000003 4.991177 7.872689 -92.729551 10.803512 17.923624 -103.552655 10.498668 17.411855 -100.924917 -0.000002 0.000000 -0.000002 1.243687 8.584912 -92.369935 8.659897 15.362678 -98.315703 16.024896 19.714778 -130.655467 0.000001 -0.000001 0.000001 -3.681984 -27.211096 -6.143763 -27.886155 65.096614 16.578256 -183.787413 104.597305 183.912897 -20.459717 18.029229 30.102023 7.289174 -17.786646 4.440308 20.544499 -23.758769 7.065911 17.377535 -52.365305 9.460110 -0.000003 -0.000003 0.000001 19.275849 -8.774049 82.782412 22.821866 -2.963204 115.997704 22.107941 -3.322701 114.153990 0.000000 -0.000002 0.000002 11.485755 -7.534561 85.331213 16.189396 -11.109623 107.923990 15.949327 -10.923133 105.235170 0.000001 -0.000001 -0.000001 4.330905 -7.313580 92.054332 11.183939 -15.225714 101.327379 11.710481 -15.181035 103.581076 0.000002 0.000002 -0.000001 -3.765934 -7.773535 94.669489 6.267324 -18.769747 95.066951 14.996423 -19.450046 135.720094 -0.000001 -0.000001 0.000000 -26.040129 1.693818 20.483073 55.349073 -7.781021 9.045933 -16.698091 -27.085122 -19.967629 0.000016 -0.000006 0.000006 -0.000000 -0.000000 -0.000000 8.534422 -28.859076 -14.034358 61.951585 -14.980502 0.028935 -32.419489 -15.151294 18.117341 -10.729192 -0.000005 0.000002 0.000000 0.000003 0.000000 
-2.988261 85.308174 252.929184 -137.872559 54.906880 140.598023 5.933706 13.886843 -6.900805 -0.128234 6.801153 -1.915092 -0.221388 6.698192 -2.224528 1.249211 -20.067074 11.979501 0.864322 -46.496274 29.189261 0.000000 0.000000 -0.000001 0.539856 -4.931992 -13.329082 25.357699 -7.525414 -52.020510 -176.189046 -75.485973 -176.055024 -22.384799 7.425652 -26.494135 9.775921 16.357224 0.858855 6.054004 27.805330 -18.599821 -6.037768 60.816298 17.106972 0.000003 0.000003 0.000002 17.472850 9.224747 -83.155750 23.312534 4.675914 -117.724102 21.566958 6.194452 -108.116813 -0.000003 -0.000001 -0.000001 11.592372 8.281158 -86.537698 16.149755 12.964995 -105.880315 18.073341 11.765589 -118.360949 0.000001 0.000002 -0.000001 4.991174 7.872672 -92.729531 10.803477 17.923624 -103.552635 10.498655 17.411863 -100.924911 -0.000001 -0.000001 -0.000000 1.243691 8.584923 -92.369935 8.659890 15.362646 -98.315690 16.024879 19.714783 -130.655454 0.000002 0.000001 0.000001 -3.811862 -28.290871 -6.054211 -24.726014 62.614810 16.881344 -183.799912 104.551857 183.924946 -20.234386 18.591488 30.097652 7.289175 -17.786641 4.440299 20.544502 -23.758777 7.065931 17.377511 -52.365285 9.460080 -0.000000 -0.000001 -0.000001 19.275856 -8.774066 82.782405 22.821865 -2.963186 115.997704 22.107931 -3.322706 114.153997 -0.000000 0.000000 -0.000001 11.485746 -7.534571 85.331227 16.189394 -11.109628 107.923990 15.949322 -10.923136 105.235163 0.000001 0.000003 -0.000001 4.330905 -7.313582 92.054312 11.183934 -15.225704 101.327379 11.710495 -15.181029 103.581076 -0.000001 0.000001 -0.000000 -3.765940 -7.773553 94.669455 6.267335 -18.769751 95.066951 14.996444 -19.450038 135.720094 0.000000 -0.000001 0.000001 -27.036646 1.370765 20.438076 56.572234 -7.707905 8.986482 -16.685481 -26.706542 -19.654252 0.000032 0.000016 -0.000001 -0.000000 0.000001 -0.000000 7.071793 -28.511486 -14.801840 63.426550 -15.113260 -0.094180 -32.468404 -14.766266 18.489595 -10.874793 0.000003 0.000010 -0.000000 -0.000003 -0.000001 
-3.507622 84.962845 252.701660 -137.116212 55.921426 139.894118 6.444636 14.051094 -6.940121 0.014226 6.881655 -1.954573 -0.072302 6.776290 -2.278594 1.134588 -20.348225 11.839145 0.298320 -47.359958 29.464753 -0.000002 0.000001 -0.000002 0.531396 -5.004462 -13.776809 25.661444 -5.044186 -56.360108 -176.000055 -76.143516 -175.872003 -19.577924 8.165170 -28.192528 9.775934 16.357236 0.858853 6.053986 27.805340 -18.599819 -6.037752 60.816298 17.106979 0.000001 0.000003 0.000000 17.472843 9.224746 -83.155770 23.312525 4.675910 -117.724102 21.566951 6.194452 -108.116813 -0.000002 -0.000002 0.000000 11.592369 8.281175 -86.537691 16.149764 12.964999 -105.880315 18.073341 11.765600 -118.360949 0.000002 0.000000 0.000001 4.991170 7.872681 -92.729551 10.803483 17.923603 -103.552648 10.498659 17.411863 -100.924911 0.000004 0.000000 -0.000002 1.243699 8.584934 -92.369928 8.659898 15.362661 -98.315696 16.024898 19.714774 -130.655467 0.000001 -0.000001 -0.000001 -3.797409 -29.015938 -5.647559 -22.027642 59.487451 17.093257 -183.984888 103.905038 184.104020 -20.672105 18.509855 30.290154 7.289172 -17.786627 4.440301 20.544487 -23.758767 7.065920 17.377533 -52.365298 9.460105 -0.000003 0.000000 0.000002 19.275849 -8.774044 82.782405 22.821848 -2.963197 115.997704 22.107910 -3.322712 114.154010 -0.000001 0.000002 0.000003 11.485761 -7.534562 85.331220 16.189394 -11.109610 107.923997 15.949332 -10.923155 105.235156 0.000000 -0.000000 -0.000002 4.330911 -7.313568 92.054312 11.183944 -15.225706 101.327379 11.710482 -15.181040 103.581076 -0.000001 0.000003 -0.000003 -3.765934 -7.773532 94.669495 6.267338 -18.769749 95.066951 14.996449 -19.450024 135.720107 -0.000000 0.000001 -0.000002 -27.894274 1.475725 20.351542 57.668332 -7.616357 8.933326 -16.754719 -25.826395 -19.393827 -0.000124 0.000001 0.000008 0.000000 -0.000000 0.000000 4.888759 -27.843444 -16.089475 64.941090 -15.274726 -0.572195 -32.389286 -14.094313 19.007032 -11.014790 0.000025 0.000022 -0.000000 0.000000 -0.000000 
-4.028904 84.667717 252.438751 -135.699439 57.608500 138.781548 6.859553 14.129209 -7.128384 0.127306 6.920530 -2.043024 0.045241 6.809822 -2.377353 0.912252 -20.496428 11.662685 -0.634272 -47.723607 29.450898 0.000002 0.000000 0.000001 0.530701 -4.969153 -13.926583 25.764898 -2.502378 -60.389206 -175.773607 -76.857872 -175.652043 -17.736456 8.449430 -30.158905 9.775947 16.357229 0.858849 6.053992 27.805335 -18.599829 -6.037777 60.816298 17.107008 0.000005 0.000001 0.000003 17.472850 9.224748 -83.155770 23.312522 4.675913 -117.724102 21.566935 6.194447 -108.116779 -0.000003 0.000001 -0.000003 11.592377 8.281144 -86.537704 16.149762 12.965004 -105.880329 18.073364 11.765581 -118.360949 0.000000 -0.000000 0.000001 4.991171 7.872695 -92.729544 10.803507 17.923617 -103.552635 10.498653 17.411849 -100.924931 -0.000002 -0.000001 0.000002 1.243721 8.584929 -92.369935 8.659901 15.362668 -98.315696 16.024893 19.714767 -130.655454 0.000000 -0.000000 -0.000001 -3.583100 -29.312959 -4.776667 -19.872922 55.704847 17.220635 -184.535401 102.276537 184.639807 -21.402975 17.786371 30.708459 7.289168 -17.786644 4.440295 20.544499 -23.758757 7.065899 17.377564 -52.365305 9.460116 0.000000 0.000002 0.000001 19.275849 -8.774069 82.782405 22.821885 -2.963205 115.997731 22.107939 -3.322704 114.153969 0.000002 0.000002 -0.000001 11.485744 -7.534571 85.331206 16.189403 -11.109632 107.924017 15.949320 -10.923146 105.235170 0.000000 -0.000002 -0.000002 4.330895 -7.313566 92.054305 11.183932 -15.225709 101.327400 11.710475 -15.181043 103.581082 0.000001 0.000001 -0.000005 -3.765942 -7.773534 94.669482 6.267337 -18.769765 95.066951 14.996445 -19.450041 135.720107 -0.000000 -0.000001 0.000003 -28.595159 2.006771 20.202438 58.577048 -7.507926 8.889765 -16.868742 -24.464238 -19.209873 -0.000038 0.000004 0.000002 0.000000 -0.000000 0.000000 2.017920 -26.840905 -17.907322 66.511405 -15.471505 -1.318842 -32.124852 -12.997598 19.695043 -11.280372 0.000020 0.000006 -0.000000 0.000001 0.000000 
-4.552824 84.416130 252.172302 -133.379620 59.847285 136.977545 7.269917 14.050348 -7.393534 0.263644 6.884231 -2.151812 0.184332 6.768277 -2.489636 0.473357 -20.491283 11.385889 -1.979660 -47.456591 28.962410 0.000002 -0.000002 0.000001 0.536579 -4.829085 -13.882686 25.581212 -0.047331 -63.677977 -175.654762 -77.204476 -175.536326 -16.798171 8.316916 -31.815912 9.775925 16.357217 0.858845 6.054010 27.805347 -18.599831 -6.037800 60.816312 17.107010 0.000001 -0.000001 -0.000000 17.472838 9.224748 -83.155770 23.312527 4.675910 -117.724102 21.566949 6.194447 -108.116779 0.000000 -0.000002 0.000003 11.592367 8.281175 -86.537691 16.149786 12.964994 -105.880329 18.073345 11.765581 -118.360949 0.000001 0.000002 -0.000004 4.991182 7.872684 -92.729531 10.803487 17.923625 -103.552662 10.498656 17.411843 -100.924931 0.000003 0.000000 -0.000000 1.243690 8.584925 -92.369907 8.659908 15.362685 -98.315696 16.024904 19.714760 -130.655467 0.000002 -0.000000 -0.000000 -3.156494 -29.124893 -3.398162 -18.360040 51.235831 17.227129 -185.878776 99.538778 185.958471 -22.259797 16.479074 31.270396 7.289179 -17.786636 4.440317 20.544492 -23.758772 7.065905 17.377533 -52.365305 9.460101 -0.000000 -0.000001 -0.000002 19.275851 -8.774048 82.782432 22.821877 -2.963207 115.997731 22.107941 -3.322697 114.153976 0.000000 0.000000 -0.000002 11.485748 -7.534572 85.331213 16.189401 -11.109632 107.924017 15.949320 -10.923149 105.235149 0.000002 -0.000001 -0.000001 4.330903 -7.313583 92.054319 11.183946 -15.225697 101.327379 11.710488 -15.181018 103.581069 -0.000001 0.000001 -0.000001 -3.765949 -7.773550 94.669475 6.267346 -18.769756 95.066951 14.996442 -19.450033 135.720107 -0.000000 -0.000000 0.000001 -29.074742 2.907075 20.053362 59.275134 -7.383193 8.857488 -17.014630 -22.665624 -19.136047 -0.000017 0.000000 -0.000003 -0.000000 -0.000000 0.000000 -1.312564 -25.436087 -20.051685 68.108222 -15.694578 -2.244682 -31.689715 -11.420593 20.515329 -11.737304 0.000016 0.000023 -0.000001 0.000005 0.000001 
-5.071213 84.205322 251.923416 -129.696386 62.497413 133.896447 7.740387 13.787379 -7.610400 0.471675 6.757489 -2.228739 0.393696 6.641031 -2.560993 -0.234750 -20.301714 10.979561 -3.713319 -46.417225 28.002500 0.000000 0.000001 -0.000002 0.545391 -4.629302 -13.759880 25.077912 2.120094 -65.870303 -175.755862 -76.910935 -175.634790 -16.504143 7.832814 -32.625474 9.775930 16.357229 0.858849 6.053993 27.805336 -18.599833 -6.037781 60.816298 17.106994 0.000001 -0.000003 0.000000 17.472835 9.224747 -83.155770 23.312547 4.675907 -117.724089 21.566964 6.194439 -108.116772 -0.000001 0.000001 -0.000000 11.592367 8.281158 -86.537698 16.149771 12.964998 -105.880308 18.073355 11.765586 -118.360949 0.000000 0.000001 -0.000001 4.991165 7.872684 -92.729551 10.803504 17.923627 -103.552648 10.498674 17.411851 -100.924945 0.000001 -0.000001 0.000003 1.243697 8.584938 -92.369907 8.659922 15.362672 -98.315696 16.024903 19.714764 -130.655481 -0.000001 0.000002 -0.000002 -2.563881 -28.426375 -1.605407 -17.546097 46.135725 17.110730 -189.714966 95.825307 189.761083 -23.240118 14.694317 31.805780 7.289169 -17.786648 4.440305 20.544502 -23.758781 7.065924 17.377531 -52.365285 9.460113 0.000003 0.000001 -0.000001 19.275859 -8.774077 82.782412 22.821868 -2.963191 115.997704 22.107931 -3.322698 114.153990 -0.000001 0.000000 -0.000003 11.485751 -7.534588 85.331206 16.189411 -11.109616 107.924024 15.949323 -10.923142 105.235156 0.000000 -0.000000 -0.000001 4.330896 -7.313588 92.054332 11.183924 -15.225723 101.327352 11.710472 -15.181050 103.581055 -0.000000 0.000001 -0.000004 -3.765946 -7.773557 94.669475 6.267353 -18.769758 95.066958 14.996440 -19.450039 135.720107 -0.000001 0.000001 -0.000002 -29.245996 4.090903 20.046332 59.768055 -7.242343 8.836455 -17.205726 -20.462716 -19.203108 -0.000052 -0.000005 0.000014 -0.000000 -0.000000 -0.000000 -4.719805 -23.550651 -22.110965 69.599614 -15.801996 -3.284346 -31.230214 -9.568585 21.302568 -11.544670 -0.000011 0.000017 0.000000 0.000003 0.000000 
-5.562087 84.051712 251.690063 -123.870535 65.409634 128.610440 8.264149 13.361708 -7.653012 0.764723 6.546071 -2.223316 0.687286 6.437809 -2.540170 -1.170851 -19.900081 10.439616 -5.685078 -44.550090 26.793336 0.000000 -0.000001 -0.000002 0.552094 -4.469069 -13.667425 24.422313 3.921640 -66.786580 -176.166152 -75.568960 -176.032881 -16.494285 7.199660 -32.198034 9.775941 16.357217 0.858842 6.053992 27.805328 -18.599829 -6.037790 60.816319 17.106979 0.000001 0.000001 -0.000001 17.472838 9.224731 -83.155764 23.312522 4.675916 -117.724102 21.566947 6.194462 -108.116779 0.000000 -0.000000 0.000000 11.592388 8.281152 -86.537698 16.149769 12.964998 -105.880322 18.073367 11.765592 -118.360949 -0.000002 0.000001 0.000001 4.991175 7.872688 -92.729551 10.803502 17.923637 -103.552655 10.498673 17.411858 -100.924911 0.000001 -0.000001 0.000002 1.243701 8.584913 -92.369928 8.659905 15.362661 -98.315710 16.024894 19.714760 -130.655454 -0.000002 -0.000002 0.000000 -1.894683 -27.241419 0.406428 -17.325087 40.618886 16.886717 -216.966478 91.640197 216.973540 -24.412397 12.563515 32.099820 7.289181 -17.786642 4.440306 20.544483 -23.758767 7.065893 17.377543 -52.365291 9.460096 -0.000000 0.000002 0.000001 19.275835 -8.774064 82.782405 22.821870 -2.963221 115.997731 22.107938 -3.322702 114.153997 -0.000000 0.000001 -0.000001 11.485751 -7.534575 85.331213 16.189410 -11.109618 107.924017 15.949322 -10.923135 105.235156 0.000001 -0.000000 -0.000000 4.330901 -7.313574 92.054305 11.183930 -15.225707 101.327379 11.710467 -15.181029 103.581076 -0.000000 0.000001 -0.000001 -3.765955 -7.773548 94.669461 6.267350 -18.769751 95.066951 14.996450 -19.450017 135.720107 0.000001 -0.000001 0.000002 -29.013879 5.495580 20.314101 60.064342 -7.094167 8.823294 -17.464816 -17.798810 -19.417632 -0.000671 -0.000017 -0.000006 0.000000 -0.000000 0.000000 -7.847212 -21.131217 -23.635207 70.829239 -15.803651 -4.414376 -30.819524 -7.567889 22.005773 -10.869190 -0.000011 0.000005 -0.000000 -0.000003 -0.000000 
-5.985488 83.991150 251.459167 -114.638359 68.349881 119.773200 8.759082 12.824380 -7.450832 1.109915 6.269458 -2.109180 1.033120 6.178668 -2.402056 -2.188347 -19.285451 9.775124 -7.701173 -41.983779 25.593680 0.000000 -0.000001 -0.000003 0.550761 -4.493264 -13.718451 23.979920 5.568308 -66.494002 -176.850359 -72.613695 -176.690164 -16.464149 6.827518 -30.624376 9.775946 16.357219 0.858849 6.053984 27.805343 -18.599829 -6.037781 60.816319 17.106999 -0.000001 0.000003 0.000002 17.472852 9.224744 -83.155770 23.312520 4.675917 -117.724102 21.566951 6.194470 -108.116786 0.000001 -0.000001 0.000004 11.592378 8.281146 -86.537698 16.149747 12.964992 -105.880288 18.073352 11.765596 -118.360949 0.000001 0.000000 0.000002 4.991184 7.872679 -92.729517 10.803472 17.923613 -103.552641 10.498665 17.411867 -100.924952 -0.000001 0.000003 -0.000006 1.243701 8.584913 -92.369907 8.659889 15.362658 -98.315710 16.024886 19.714772 -130.655454 0.000000 -0.000000 -0.000001 -1.241725 -25.635329 2.425788 -17.377789 35.044502 16.549376 -163.857099 86.455701 163.821609 -25.828507 10.224437 31.964903 7.289177 -17.786624 4.440306 20.544490 -23.758786 7.065926 17.377550 -52.365315 9.460103 0.000001 -0.000001 0.000001 19.275844 -8.774066 82.782405 22.821880 -2.963207 115.997731 22.107931 -3.322710 114.153990 0.000001 0.000002 0.000003 11.485758 -7.534581 85.331199 16.189394 -11.109619 107.924017 15.949322 -10.923156 105.235190 -0.000000 0.000000 -0.000000 4.330909 -7.313571 92.054312 11.183945 -15.225692 101.327379 11.710475 -15.181026 103.581069 -0.000001 -0.000001 0.000002 -3.765937 -7.773547 94.669455 6.267359 -18.769753 95.066965 14.996437 -19.450036 135.720107 -0.000001 -0.000000 -0.000004 -28.157805 7.101696 20.976448 59.914365 -6.966791 8.825872 -17.750605 -14.544792 -19.931901 -0.000646 -0.000009 -0.000011 -0.000000 0.000000 0.000000 -10.477515 -18.190529 -24.327957 71.679905 -14.679608 -5.649513 -30.669216 -6.512007 22.104307 -10.274614 -0.000010 0.000019 0.000000 -0.000003 -0.000000 
-6.303927 84.071564 251.167053 -100.302749 70.799132 105.699814 9.095573 12.219617 -6.989312 1.441739 5.946896 -1.886402 1.366263 5.880304 -2.149041 -3.063425 -18.508250 9.011118 -9.652368 -39.080085 24.463588 -0.000003 -0.000002 0.000002 0.534319 -4.843900 -14.022579 24.126991 7.535693 -65.281883 -177.597718 -67.692161 -177.392198 -16.363364 7.160379 -28.750735 9.775904 16.357232 0.858857 6.054010 27.805348 -18.599823 -6.037779 60.816305 17.107003 0.000001 0.000003 -0.000000 17.472843 9.224747 -83.155770 23.312540 4.675916 -117.724089 21.566942 6.194459 -108.116786 -0.000000 -0.000001 0.000003 11.592364 8.281157 -86.537691 16.149779 12.964990 -105.880336 18.073350 11.765591 -118.360922 0.000003 0.000001 0.000003 4.991173 7.872688 -92.729551 10.803513 17.923622 -103.552655 10.498656 17.411844 -100.924917 0.000003 -0.000001 0.000002 1.243695 8.584934 -92.369914 8.659904 15.362661 -98.315703 16.024906 19.714776 -130.655467 -0.000001 0.000001 -0.000002 -0.666277 -23.671622 4.304813 -17.334578 29.786691 16.112368 -173.044960 81.905955 172.968066 -27.475182 7.814196 31.326403 7.289173 -17.786637 4.440311 20.544488 -23.758774 7.065898 17.377553 -52.365288 9.460120 -0.000001 -0.000002 0.000003 19.275853 -8.774059 82.782405 22.821877 -2.963200 115.997731 22.107934 -3.322717 114.153969 -0.000001 0.000000 -0.000004 11.485749 -7.534587 85.331220 16.189413 -11.109625 107.924010 15.949315 -10.923164 105.235156 -0.000000 0.000002 0.000001 4.330910 -7.313578 92.054332 11.183939 -15.225713 101.327407 11.710494 -15.181048 103.581089 0.000000 -0.000000 0.000003 -3.765943 -7.773536 94.669455 6.267340 -18.769746 95.066951 14.996442 -19.450036 135.720094 -0.000001 0.000002 0.000000 -26.746775 8.758317 22.079698 59.547918 -6.875901 8.026935 -18.029895 -10.791340 -20.157181 -0.000635 0.000008 -0.000005 -0.000000 -0.000001 -0.000000 -12.631971 -14.774030 -24.201213 72.035403 -12.466026 -7.031713 -30.703292 -6.400859 21.735301 -9.903988 -0.000009 0.000026 -0.000000 -0.000001 0.000000 
-6.462251 84.306786 250.814362 -80.105722 71.753699 85.783078 9.168514 11.578630 -6.349032 1.694803 5.584752 -1.563313 1.621358 5.545428 -1.791622 -3.577625 -17.674749 8.182321 -11.547010 -36.383673 23.214312 -0.000001 -0.000001 0.000001 0.493355 -5.586689 -14.662512 25.034108 10.471695 -63.492243 -177.974007 -64.067926 -177.734663 -16.534981 8.163615 -27.897508 9.775935 16.357227 0.858851 6.053996 27.805338 -18.599817 -6.037777 60.816305 17.107003 0.000003 0.000003 0.000001 17.472858 9.224747 -83.155777 23.312540 4.675909 -117.724102 21.566959 6.194454 -108.116779 -0.000001 0.000002 -0.000007 11.592391 8.281177 -86.537711 16.149777 12.964988 -105.880308 18.073352 11.765594 -118.360922 0.000001 -0.000002 0.000005 4.991172 7.872701 -92.729544 10.803500 17.923637 -103.552648 10.498655 17.411846 -100.924931 -0.000001 0.000000 0.000001 1.243724 8.584920 -92.369921 8.659914 15.362672 -98.315710 16.024899 19.714772 -130.655454 0.000001 -0.000002 0.000003 -0.189173 -21.363684 5.995104 -16.900622 25.110603 15.588717 -175.520029 77.568683 175.403930 -29.263095 5.466582 30.286524 7.289173 -17.786632 4.440316 20.544483 -23.758758 7.065897 17.377533 -52.365302 9.460104 -0.000003 0.000000 0.000001 19.275844 -8.774048 82.782419 22.821873 -2.963199 115.997731 22.107953 -3.322698 114.153990 0.000002 0.000002 -0.000002 11.485755 -7.534564 85.331227 16.189416 -11.109619 107.924031 15.949318 -10.923158 105.235163 -0.000001 0.000002 -0.000002 4.330901 -7.313559 92.054332 11.183940 -15.225714 101.327366 11.710481 -15.181045 103.581076 -0.000000 -0.000001 -0.000000 -3.765932 -7.773546 94.669468 6.267360 -18.769734 95.066972 14.996440 -19.450039 135.720121 -0.000001 0.000004 -0.000000 -24.582737 10.767092 22.867408 58.838125 -6.788842 7.254786 -18.516824 -6.131032 -20.503960 -0.000034 -0.000021 -0.000006 0.000000 -0.000000 -0.000000 -14.518544 -10.793336 -23.719654 71.976656 -9.887881 -8.223228 -30.722191 -6.190643 21.324856 -9.459064 -0.000003 0.000019 -0.000000 0.000002 0.000000 
-6.448693 84.747337 250.398636 -57.840275 70.074046 63.934430 8.939294 10.857293 -5.558686 1.841132 5.171123 -1.137692 1.770371 5.159695 -1.328933 -3.619642 -16.916348 7.310007 -13.456460 -34.461603 21.559050 0.000001 0.000001 0.000003 0.417695 -6.656255 -15.652724 26.462356 14.311491 -61.587508 -178.277896 -60.241722 -178.002284 -17.477938 8.900400 -28.757156 9.775930 16.357241 0.858849 6.054014 27.805355 -18.599831 -6.037806 60.816298 17.107008 0.000004 -0.000002 -0.000003 17.472845 9.224747 -83.155770 23.312517 4.675914 -117.724075 21.566947 6.194464 -108.116806 -0.000000 -0.000000 -0.000002 11.592380 8.281177 -86.537691 16.149764 12.965011 -105.880329 18.073353 11.765598 -118.360949 0.000001 0.000000 0.000001 4.991166 7.872690 -92.729531 10.803503 17.923625 -103.552648 10.498665 17.411846 -100.924945 -0.000000 -0.000001 0.000002 1.243702 8.584934 -92.369921 8.659885 15.362672 -98.315710 16.024911 19.714793 -130.655467 0.000003 0.000000 -0.000001 0.195895 -18.654806 7.539496 -16.015525 21.090929 15.004693 -176.678525 73.452059 176.525037 -31.036383 3.308694 29.129541 7.289168 -17.786632 4.440321 20.544499 -23.758764 7.065905 17.377538 -52.365302 9.460116 -0.000003 -0.000001 -0.000001 19.275847 -8.774039 82.782425 22.821878 -2.963212 115.997731 22.107929 -3.322705 114.153969 -0.000001 -0.000000 -0.000002 11.485743 -7.534565 85.331227 16.189396 -11.109616 107.924017 15.949327 -10.923140 105.235170 0.000002 -0.000000 -0.000001 4.330900 -7.313557 92.054319 11.183932 -15.225692 101.327352 11.710467 -15.181029 103.581062 0.000001 0.000002 0.000000 -3.765936 -7.773529 94.669482 6.267335 -18.769756 95.066965 14.996459 -19.450033 135.720094 0.000002 0.000001 0.000001 -21.558770 13.083111 22.978773 57.298259 -7.285163 6.526300 -18.859785 -0.256674 -20.885743 -0.000124 0.000011 -0.000001 0.000000 0.000000 0.000000 -16.262424 -5.984631 -23.805021 71.627552 -6.349341 -8.166693 -30.485491 -5.496437 20.542479 -8.738168 -0.000009 0.000006 -0.000000 0.000002 0.000000 
-6.242022 85.376221 249.922348 -39.597199 65.607136 46.245695 8.468991 9.984534 -4.557708 1.908615 4.682039 -0.600396 1.841927 4.697552 -0.752830 -3.225438 -16.340975 6.399936 -15.481944 -33.691923 19.243160 -0.000001 0.000000 -0.000000 0.305504 -7.862758 -16.880939 28.435686 18.544204 -60.058099 -178.514616 -56.479927 -178.202723 -19.276981 8.070184 -30.012374 9.775934 16.357219 0.858861 6.053993 27.805350 -18.599821 -6.037754 60.816291 17.106979 0.000001 0.000004 0.000002 17.472843 9.224750 -83.155770 23.312527 4.675918 -117.724102 21.566949 6.194445 -108.116813 -0.000000 -0.000002 0.000001 11.592378 8.281156 -86.537691 16.149767 12.964986 -105.880336 18.073340 11.765592 -118.360949 -0.000001 0.000001 0.000002 4.991172 7.872684 -92.729544 10.803488 17.923625 -103.552628 10.498653 17.411872 -100.924911 -0.000000 -0.000002 0.000000 1.243698 8.584920 -92.369935 8.659889 15.362661 -98.315683 16.024887 19.714779 -130.655454 -0.000001 -0.000001 0.000001 0.500676 -15.439168 9.036725 -14.954709 17.598734 14.383782 -177.370573 69.437773 177.180284 -32.597932 1.465026 28.245245 7.289180 -17.786641 4.440299 20.544497 -23.758772 7.065902 17.377540 -52.365315 9.460099 0.000003 -0.000004 0.000003 19.275849 -8.774053 82.782405 22.821873 -2.963192 115.997704 22.107920 -3.322699 114.153990 0.000001 0.000003 -0.000003 11.485752 -7.534575 85.331213 16.189408 -11.109630 107.924044 15.949328 -10.923154 105.235170 -0.000000 -0.000001 0.000001 4.330904 -7.313583 92.054312 11.183923 -15.225701 101.327379 11.710485 -15.181043 103.581096 0.000003 -0.000001 0.000001 -3.765939 -7.773547 94.669482 6.267342 -18.769759 95.066965 14.996447 -19.450045 135.720094 0.000001 -0.000000 0.000000 -18.712872 15.345601 21.856073 56.641294 -5.086313 6.013521 -20.116359 3.688289 -17.929130 -0.439521 -0.000015 0.000003 0.000000 0.000000 -0.000000 -18.239626 -1.323513 -23.862377 70.791632 -2.237690 -8.110769 -30.390445 -4.588852 18.772756 -8.522562 -0.000017 0.000010 0.000000 -0.000000 -0.000000 
-5.875720 86.126907 249.406433 -27.075112 59.187557 34.269146 7.896802 8.871864 -3.207129 1.963007 4.097649 0.038599 1.903500 4.136793 -0.075181 -2.556286 -15.865414 5.413497 -17.802654 -33.846371 16.006763 -0.000003 -0.000001 -0.000000 0.175356 -8.972539 -18.085511 31.160645 22.965362 -59.141706 -178.692311 -53.063873 -178.346853 -21.453624 5.330579 -28.306700 9.775939 16.357222 0.858862 6.053981 27.805347 -18.599838 -6.037766 60.816312 17.106979 -0.000000 0.000006 0.000001 17.472847 9.224750 -83.155770 23.312530 4.675915 -117.724102 21.566956 6.194442 -108.116799 -0.000000 0.000000 0.000000 11.592378 8.281160 -86.537698 16.149764 12.965005 -105.880315 18.073355 11.765595 -118.360922 0.000000 0.000000 -0.000001 4.991171 7.872698 -92.729524 10.803496 17.923627 -103.552648 10.498676 17.411865 -100.924924 -0.000000 -0.000003 0.000001 1.243697 8.584915 -92.369921 8.659888 15.362672 -98.315690 16.024911 19.714783 -130.655440 0.000002 -0.000000 -0.000000 0.723755 -11.622595 10.597284 -14.105143 14.439105 13.592791 -177.837553 65.492751 177.610655 -33.760310 0.073714 27.978193 7.289169 -17.786642 4.440312 20.544488 -23.758772 7.065895 17.377545 -52.365308 9.460107 -0.000000 -0.000002 0.000004 19.275839 -8.774051 82.782405 22.821861 -2.963202 115.997731 22.107934 -3.322711 114.153983 0.000000 0.000003 -0.000002 11.485745 -7.534576 85.331193 16.189403 -11.109618 107.924003 15.949316 -10.923135 105.235149 0.000002 -0.000004 0.000003 4.330898 -7.313570 92.054312 11.183929 -15.225704 101.327379 11.710479 -15.181043 103.581062 0.000003 -0.000003 0.000001 -3.765947 -7.773545 94.669482 6.267344 -18.769749 95.066951 14.996438 -19.450034 135.720094 0.000003 -0.000000 0.000000 -16.093655 17.315960 19.833935 56.415512 1.482831 5.746126 -20.583849 3.302675 -14.576950 -5.174866 -0.000000 -0.000002 0.000000 0.000000 0.000001 -20.636631 2.853315 -23.819358 69.477067 1.821544 -8.104883 -29.915675 -2.731283 16.898178 -8.404040 -0.000003 0.000013 -0.000000 0.000000 -0.000000 
-5.442908 86.980682 248.880066 -18.749735 51.637945 26.461095 7.415725 7.509159 -1.572232 2.060654 3.417793 0.730117 2.013015 3.473657 0.651211 -1.789999 -15.386529 4.328192 -20.482125 -34.506481 11.795469 -0.000000 -0.000000 -0.000002 0.066164 -9.803030 -18.917829 34.001597 27.585095 -58.368474 -178.814803 -50.343374 -178.442134 -23.899150 2.309271 -20.679871 9.775934 16.357236 0.858841 6.053985 27.805323 -18.599817 -6.037770 60.816319 17.106967 0.000002 0.000003 0.000000 17.472853 9.224736 -83.155770 23.312520 4.675918 -117.724102 21.566952 6.194459 -108.116813 0.000000 -0.000002 0.000000 11.592377 8.281167 -86.537684 16.149755 12.964995 -105.880322 18.073336 11.765582 -118.360949 0.000001 -0.000000 0.000000 4.991185 7.872674 -92.729517 10.803485 17.923613 -103.552676 10.498656 17.411856 -100.924917 -0.000000 -0.000001 -0.000000 1.243703 8.584910 -92.369942 8.659883 15.362646 -98.315696 16.024870 19.714790 -130.655467 0.000000 0.000002 0.000000 0.844713 -7.225018 12.320290 -13.682338 11.613594 12.249465 -178.159597 61.837862 177.898274 -34.416722 -0.701859 28.450255 7.289163 -17.786631 4.440303 20.544497 -23.758781 7.065912 17.377545 -52.365298 9.460113 -0.000000 -0.000000 -0.000003 19.275847 -8.774046 82.782405 22.821858 -2.963197 115.997731 22.107915 -3.322709 114.153990 0.000004 0.000003 -0.000003 11.485768 -7.534578 85.331227 16.189384 -11.109615 107.923990 15.949306 -10.923140 105.235163 0.000002 -0.000001 0.000002 4.330903 -7.313564 92.054332 11.183923 -15.225685 101.327373 11.710457 -15.181029 103.581062 -0.000002 -0.000001 0.000001 -3.765935 -7.773550 94.669468 6.267341 -18.769754 95.066965 14.996438 -19.450022 135.720107 -0.000001 0.000001 0.000001 -13.709528 18.555220 18.001628 56.180659 5.538225 5.643221 -17.014232 2.859827 -14.405429 -7.956473 0.000013 0.000010 -0.000000 0.000000 0.000000 -23.578228 6.288067 -23.473000 67.257972 2.958106 -8.205741 -28.610179 2.434165 16.702649 -7.638305 -0.000005 0.000016 -0.000000 -0.000003 0.000000 
-5.067099 87.846100 248.368210 -13.079293 43.466590 21.284671 7.176321 5.948404 0.204516 2.205381 2.662154 1.400415 2.173453 2.725620 1.348445 -1.068988 -14.910790 3.155066 -23.291739 -35.508268 6.928157 -0.000000 0.000000 -0.000000 0.020216 -10.257528 -19.056455 34.917624 32.570566 -56.130491 -178.898787 -48.279520 -178.505177 -27.815261 2.228022 -8.692755 9.775925 16.357229 0.858853 6.053987 27.805340 -18.599816 -6.037774 60.816291 17.106999 0.000002 -0.000001 0.000001 17.472857 9.224738 -83.155777 23.312520 4.675903 -117.724116 21.566939 6.194461 -108.116765 -0.000001 -0.000002 -0.000000 11.592381 8.281158 -86.537704 16.149760 12.964995 -105.880315 18.073348 11.765592 -118.360922 0.000002 -0.000000 0.000000 4.991185 7.872684 -92.729558 10.803490 17.923607 -103.552621 10.498668 17.411858 -100.924952 0.000001 0.000001 0.000000 1.243711 8.584913 -92.369942 8.659890 15.362666 -98.315703 16.024893 19.714776 -130.655454 0.000000 -0.000001 -0.000000 0.836916 -2.610590 14.262489 -13.629877 9.735651 10.114387 -178.359339 59.027082 178.071214 -34.587313 -0.706402 29.444672 7.289183 -17.786625 4.440315 20.544487 -23.758770 7.065921 17.377519 -52.365325 9.460102 -0.000000 -0.000001 0.000001 19.275856 -8.774057 82.782412 22.821882 -2.963203 115.997731 22.107927 -3.322702 114.153969 -0.000001 0.000000 0.000000 11.485755 -7.534562 85.331213 16.189396 -11.109615 107.924017 15.949311 -10.923143 105.235170 0.000004 -0.000002 0.000002 4.330920 -7.313567 92.054305 11.183937 -15.225689 101.327373 11.710479 -15.181050 103.581062 0.000000 -0.000000 -0.000001 -3.765941 -7.773541 94.669475 6.267349 -18.769747 95.066965 14.996442 -19.450039 135.720094 0.000001 -0.000002 0.000002 -11.655580 19.466915 16.235015 56.147635 7.572288 5.521981 -12.036220 2.157339 -13.584048 -12.346308 0.209341 -3.229644 0.000000 0.000000 -0.000000 -27.164094 8.859726 -22.619397 64.944717 4.343338 -8.322942 -26.664084 7.608934 16.345363 -6.763869 0.000024 0.000016 0.000000 -0.000004 -0.000000 
-4.843417 88.646942 247.880997 -9.045650 35.003330 17.706101 7.248846 4.256916 2.011552 2.371281 1.853248 1.993008 2.354698 1.918406 1.959599 -0.501598 -14.403998 1.899023 -25.622971 -36.717236 2.066965 0.000000 -0.000000 0.000000 0.060743 -10.304727 -18.321805 30.915017 37.372784 -49.918550 -178.947527 -46.999734 -178.540790 -28.782007 0.542390 -1.736791 9.775934 16.357231 0.858832 6.054005 27.805338 -18.599809 -6.037786 60.816291 17.106977 0.000003 -0.000002 -0.000003 17.472833 9.224746 -83.155770 23.312540 4.675910 -117.724089 21.566952 6.194442 -108.116772 0.000000 -0.000003 0.000000 11.592381 8.281157 -86.537718 16.149781 12.965010 -105.880329 18.073362 11.765589 -118.360922 0.000002 -0.000000 0.000000 4.991183 7.872671 -92.729551 10.803485 17.923608 -103.552676 10.498662 17.411858 -100.924924 -0.000000 0.000002 0.000000 1.243703 8.584925 -92.369921 8.659897 15.362660 -98.315730 16.024889 19.714764 -130.655454 -0.000000 0.000001 0.000001 0.716768 1.245792 16.212969 -13.800275 10.163891 8.331670 -178.446683 57.634195 178.145131 -34.388408 0.113204 30.442809 7.289168 -17.786631 4.440306 20.544483 -23.758782 7.065906 17.377548 -52.365288 9.460118 -0.000005 -0.000001 0.000001 19.275849 -8.774058 82.782405 22.821863 -2.963209 115.997704 22.107934 -3.322714 114.153956 -0.000000 0.000003 -0.000002 11.485761 -7.534575 85.331220 16.189413 -11.109612 107.924010 15.949311 -10.923155 105.235170 0.000000 0.000001 0.000000 4.330902 -7.313580 92.054332 11.183954 -15.225714 101.327379 11.710482 -15.181006 103.581082 0.000001 0.000002 -0.000002 -3.765941 -7.773542 94.669468 6.267348 -18.769761 95.066958 14.996433 -19.450034 135.720094 -0.000001 -0.000001 0.000001 -9.883257 20.200214 14.760643 56.279249 7.495780 5.272848 -7.082947 1.470606 -12.135236 -15.970145 0.955206 -6.779148 0.000001 -0.000000 -0.000001 -31.472518 10.520839 -21.009040 62.915912 5.381246 -8.428792 -23.973228 12.348205 16.546403 -4.599026 0.000029 0.000015 -0.000000 -0.000004 0.000000 
-4.821357 89.290710 247.447647 -5.892007 26.589918 15.040971 7.647957 2.481942 3.678771 2.585316 0.999650 2.464264 2.579611 1.063644 2.445916 -0.090704 -13.759977 0.600454 -26.527466 -37.817477 -1.933892 0.000000 -0.000001 0.000001 0.177877 -9.951915 -16.755823 20.291409 39.803067 -37.829255 -178.961502 -46.622099 -178.550857 -27.352027 -1.502764 2.025423 9.775919 16.357231 0.858849 6.053995 27.805335 -18.599840 -6.037818 60.816291 17.107020 0.000003 -0.000001 -0.000000 17.472855 9.224743 -83.155770 23.312530 4.675910 -117.724102 21.566947 6.194444 -108.116772 -0.000000 -0.000005 0.000001 11.592371 8.281161 -86.537698 16.149772 12.964998 -105.880329 18.073341 11.765581 -118.360949 0.000001 -0.000004 -0.000002 4.991164 7.872685 -92.729531 10.803509 17.923625 -103.552655 10.498657 17.411844 -100.924931 -0.000002 -0.000001 0.000001 1.243705 8.584929 -92.369921 8.659894 15.362670 -98.315696 16.024879 19.714776 -130.655454 -0.000000 0.000000 -0.000004 0.580533 3.565097 17.760462 -14.196582 13.379874 8.789098 -178.455877 57.480167 178.152835 -33.933585 1.602433 30.834308 7.289168 -17.786641 4.440298 20.544504 -23.758772 7.065919 17.377562 -52.365308 9.460121 -0.000000 0.000001 -0.000000 19.275858 -8.774053 82.782405 22.821865 -2.963182 115.997731 22.107924 -3.322701 114.153976 -0.000001 0.000000 0.000002 11.485756 -7.534572 85.331199 16.189401 -11.109622 107.924038 15.949303 -10.923146 105.235156 0.000002 -0.000001 0.000000 4.330895 -7.313586 92.054332 11.183941 -15.225718 101.327379 11.710487 -15.181035 103.581055 0.000000 0.000003 0.000001 -3.765928 -7.773554 94.669475 6.267353 -18.769737 95.066965 14.996438 -19.450034 135.720094 -0.000000 0.000004 -0.000002 -8.673965 20.736379 13.794396 57.115633 6.637882 4.932780 -5.102467 1.161198 -11.008854 -13.387310 0.869068 -6.471139 -0.000001 -0.000002 0.000002 -36.494438 11.283217 -18.413586 61.639657 6.203189 -8.505489 -20.596138 15.108307 17.261143 -2.220050 0.008453 -0.695377 0.000000 -0.000004 -0.000000 
-5.011463 89.691658 247.084869 -3.304685 18.639096 12.920309 8.341186 0.606159 5.043093 2.866449 0.086450 2.758044 2.865148 0.145172 2.755603 0.346780 -12.804442 -0.641136 -25.178007 -38.073028 -4.343339 0.000001 -0.000001 -0.000000 0.332628 -9.244512 -14.600899 5.995958 37.301777 -21.659783 -178.938402 -47.244357 -178.534178 -24.040169 -3.594516 3.713940 9.775934 16.357226 0.858840 6.053995 27.805359 -18.599824 -6.037804 60.816284 17.107010 -0.000001 0.000005 -0.000000 17.472850 9.224744 -83.155811 23.312539 4.675920 -117.724102 21.566934 6.194447 -108.116765 0.000000 -0.000001 0.000003 11.592363 8.281153 -86.537698 16.149764 12.964993 -105.880322 18.073364 11.765592 -118.360949 -0.000001 0.000003 -0.000002 4.991167 7.872684 -92.729551 10.803495 17.923632 -103.552655 10.498659 17.411846 -100.924911 -0.000001 -0.000000 0.000001 1.243708 8.584930 -92.369928 8.659898 15.362654 -98.315703 16.024904 19.714784 -130.655481 -0.000003 -0.000001 0.000004 0.482996 4.703814 19.194071 -14.791627 18.143882 11.105990 -178.431917 57.877459 178.132700 -33.262772 3.369994 30.206139 7.289188 -17.786637 4.440308 20.544475 -23.758786 7.065902 17.377552 -52.365308 9.460113 -0.000002 -0.000000 -0.000003 19.275866 -8.774068 82.782405 22.821885 -2.963193 115.997717 22.107934 -3.322680 114.154010 0.000000 -0.000001 -0.000001 11.485769 -7.534583 85.331206 16.189411 -11.109614 107.924024 15.949323 -10.923158 105.235163 0.000000 0.000002 0.000000 4.330906 -7.313580 92.054339 11.183940 -15.225719 101.327400 11.710481 -15.181050 103.581082 0.000000 -0.000001 0.000001 -3.765930 -7.773542 94.669468 6.267338 -18.769749 95.066958 14.996438 -19.450031 135.720094 0.000003 -0.000001 -0.000000 -7.724440 21.145110 13.328950 57.409086 4.901405 4.625049 -4.486540 1.003048 -10.335517 -9.210268 0.678016 -5.781447 -0.000002 0.000001 0.000000 -41.697055 10.979123 -14.793519 61.408434 6.909783 -8.530023 -16.887634 14.566982 17.114987 -1.331165 0.030719 -1.321116 -0.000000 -0.000001 -0.000001 
-5.400542 89.783699 246.775360 -1.369566 11.561856 11.245263 9.248080 -1.450303 5.975664 3.167871 -0.919745 2.855889 3.163151 -0.869206 2.873568 1.151496 -11.391138 -1.696049 -21.570414 -36.541929 -4.935706 -0.000000 0.000001 -0.000001 0.477210 -8.293624 -12.191008 -6.267758 29.946124 -5.776621 -178.879335 -48.772906 -178.490752 -19.661186 -5.722486 4.569729 9.775922 16.357232 0.858852 6.054003 27.805328 -18.599829 -6.037768 60.816305 17.106987 -0.000000 0.000001 -0.000000 17.472835 9.224736 -83.155770 23.312534 4.675907 -117.724102 21.566952 6.194436 -108.116772 -0.000002 -0.000001 0.000000 11.592380 8.281160 -86.537718 16.149769 12.964995 -105.880302 18.073348 11.765583 -118.360936 0.000003 -0.000003 0.000005 4.991175 7.872680 -92.729551 10.803490 17.923615 -103.552641 10.498650 17.411851 -100.924924 0.000001 0.000000 -0.000002 1.243691 8.584920 -92.369921 8.659903 15.362666 -98.315696 16.024903 19.714755 -130.655454 0.000002 0.000000 0.000000 0.400732 5.314092 21.063308 -15.439567 23.163297 14.103749 -178.397165 58.437637 178.103343 -32.369335 4.880706 28.549921 7.289172 -17.786654 4.440303 20.544497 -23.758775 7.065899 17.377541 -52.365291 9.460109 0.000002 0.000001 0.000000 19.275853 -8.774055 82.782419 22.821856 -2.963204 115.997731 22.107934 -3.322733 114.153956 0.000000 -0.000000 -0.000000 11.485752 -7.534572 85.331199 16.189394 -11.109617 107.924010 15.949310 -10.923144 105.235156 -0.000001 -0.000005 -0.000002 4.330910 -7.313581 92.054332 11.183940 -15.225706 101.327400 11.710468 -15.181036 103.581055 0.000001 -0.000002 0.000000 -3.765938 -7.773545 94.669468 6.267342 -18.769746 95.066944 14.996437 -19.450043 135.720094 -0.000000 0.000001 -0.000001 -6.670062 21.423389 13.257402 56.722061 3.260912 4.561119 -5.300018 1.007105 -10.408312 -5.660411 0.468744 -4.872243 0.000004 0.000001 -0.000000 -46.265717 9.617950 -10.601053 62.761638 7.088657 -8.496556 -15.139975 10.706586 14.821773 0.000006 -0.000017 0.000001 -0.000001 -0.000005 0.000000 
-5.923048 89.552879 246.486099 -0.196078 5.744391 9.931244 10.239028 -3.773325 6.441650 3.442105 -2.043697 2.786105 3.426796 -2.002103 2.832046 2.572936 -9.506521 -2.462032 -16.661178 -32.628114 -4.233722 0.000002 -0.000002 0.000000 0.578970 -7.282605 -9.853666 -13.905851 20.007605 7.851507 -178.789149 -50.940234 -178.422491 -14.862919 -7.796106 5.271756 9.775920 16.357251 0.858855 6.054010 27.805331 -18.599826 -6.037791 60.816298 17.107013 0.000002 0.000007 -0.000002 17.472848 9.224741 -83.155770 23.312530 4.675910 -117.724061 21.566947 6.194452 -108.116779 -0.000001 -0.000001 0.000003 11.592370 8.281161 -86.537691 16.149755 12.964990 -105.880336 18.073357 11.765591 -118.360936 -0.000002 -0.000003 0.000004 4.991155 7.872690 -92.729517 10.803504 17.923624 -103.552662 10.498661 17.411846 -100.924917 0.000004 0.000002 0.000001 1.243701 8.584927 -92.369914 8.659879 15.362665 -98.315710 16.024899 19.714771 -130.655454 -0.000001 -0.000002 -0.000002 0.306245 5.784884 23.334061 -16.216727 27.479123 17.596196 -178.366920 58.910962 178.077648 -31.265771 5.646399 26.281332 7.289188 -17.786649 4.440315 20.544511 -23.758758 7.065932 17.377533 -52.365305 9.460097 -0.000000 -0.000001 -0.000001 19.275853 -8.774052 82.782419 22.821880 -2.963202 115.997731 22.107949 -3.322700 114.154010 0.000001 0.000003 -0.000000 11.485762 -7.534571 85.331220 16.189394 -11.109613 107.924003 15.949318 -10.923148 105.235170 -0.000001 0.000002 0.000001 4.330901 -7.313581 92.054339 11.183924 -15.225704 101.327366 11.710477 -15.181045 103.581062 0.000002 0.000001 0.000002 -3.765936 -7.773561 94.669482 6.267339 -18.769753 95.066951 14.996437 -19.450045 135.720094 0.000002 0.000004 0.000002 -5.231856 21.583791 13.346199 54.849103 2.581305 4.922592 -7.139289 1.157868 -11.042169 -5.090372 0.403823 -4.539934 -0.000003 0.000002 0.000001 -49.652887 7.673009 -6.809489 65.266078 7.085120 -8.404001 -14.606684 5.364567 12.355594 0.000008 0.000007 -0.000001 -0.000001 -0.000001 -0.000000 
-6.459055 89.048645 246.200577 0.267366 1.428569 8.839529 11.162745 -6.375212 6.527419 3.668600 -3.276198 2.601499 3.637980 -3.244887 2.685191 4.444729 -7.259467 -2.931606 -11.566068 -26.377166 -3.156736 0.000000 -0.000001 0.000001 0.633447 -6.415518 -7.837143 -17.151503 9.556430 18.983688 -178.671492 -53.494243 -178.330297 -10.132149 -9.654488 5.888330 9.775915 16.357244 0.858852 6.053992 27.805359 -18.599824 -6.037776 60.816284 17.106996 0.000003 -0.000003 -0.000000 17.472845 9.224743 -83.155770 23.312534 4.675911 -117.724102 21.566944 6.194453 -108.116779 -0.000001 0.000000 0.000001 11.592381 8.281172 -86.537691 16.149760 12.964984 -105.880322 18.073348 11.765589 -118.360936 0.000002 0.000000 0.000001 4.991163 7.872690 -92.729531 10.803480 17.923618 -103.552655 10.498657 17.411858 -100.924917 -0.000002 -0.000003 -0.000002 1.243692 8.584929 -92.369914 8.659881 15.362661 -98.315690 16.024893 19.714772 -130.655454 -0.000002 0.000001 0.000002 0.202161 6.209805 25.474606 -17.199217 30.340779 21.862947 -178.363164 58.968370 178.074452 -29.979360 5.430428 24.071859 7.289189 -17.786644 4.440304 20.544473 -23.758767 7.065902 17.377547 -52.365305 9.460110 -0.000003 0.000001 -0.000001 19.275863 -8.774052 82.782405 22.821870 -2.963195 115.997731 22.107931 -3.322699 114.153983 0.000003 -0.000002 0.000000 11.485770 -7.534581 85.331206 16.189406 -11.109613 107.924024 15.949311 -10.923149 105.235156 -0.000002 0.000002 0.000003 4.330908 -7.313581 92.054298 11.183925 -15.225713 101.327400 11.710479 -15.181053 103.581035 -0.000002 -0.000002 -0.000002 -3.765940 -7.773542 94.669461 6.267349 -18.769754 95.066972 14.996437 -19.450024 135.720107 0.000001 0.000003 0.000001 -3.452814 21.643811 13.416874 51.955586 3.152863 5.795257 -9.368716 1.386408 -11.697401 -7.360147 0.572961 -5.372375 -0.000000 0.000002 0.000000 -51.704634 6.161124 -5.011544 67.976249 7.063473 -6.838351 -14.600752 1.789860 10.465644 -0.000009 -0.000000 0.000001 0.000000 -0.000000 0.000000 
-6.888793 88.390953 245.925766 0.264060 -1.462098 7.776798 11.906445 -9.137786 6.473485 3.846348 -4.569785 2.370891 3.797315 -4.551823 2.498191 6.231217 -4.805146 -3.239100 -6.931116 -18.343552 -2.414793 0.000001 0.000003 -0.000000 0.658203 -5.844734 -6.240457 -17.075533 -0.107731 27.320789 -178.525299 -56.290536 -178.211561 -5.764802 -11.253309 6.242156 9.775933 16.357227 0.858854 6.053986 27.805352 -18.599814 -6.037785 60.816298 17.107004 0.000002 0.000003 0.000002 17.472847 9.224746 -83.155770 23.312520 4.675911 -117.724061 21.566944 6.194447 -108.116779 -0.000001 -0.000000 -0.000001 11.592373 8.281172 -86.537677 16.149760 12.964989 -105.880336 18.073345 11.765601 -118.360949 0.000002 -0.000000 0.000000 4.991177 7.872695 -92.729537 10.803505 17.923629 -103.552648 10.498668 17.411853 -100.924945 0.000000 0.000000 0.000005 1.243698 8.584936 -92.369907 8.659904 15.362673 -98.315710 16.024901 19.714779 -130.655467 0.000000 0.000000 -0.000001 0.127732 6.486661 26.784694 -18.057644 31.489399 27.013699 -178.402369 58.354657 178.107756 -28.494938 4.359705 22.586117 7.289190 -17.786644 4.440292 20.544476 -23.758767 7.065899 17.377557 -52.365325 9.460121 -0.000000 -0.000001 -0.000001 19.275861 -8.774058 82.782405 22.821884 -2.963199 115.997717 22.107939 -3.322697 114.153990 0.000000 0.000002 -0.000000 11.485774 -7.534582 85.331213 16.189403 -11.109609 107.924024 15.949308 -10.923154 105.235142 0.000001 0.000002 0.000003 4.330922 -7.313573 92.054298 11.183937 -15.225706 101.327407 11.710475 -15.181043 103.581055 -0.000000 -0.000004 -0.000002 -3.765920 -7.773538 94.669475 6.267346 -18.769737 95.066951 14.996438 -19.450022 135.720107 0.000000 -0.000000 -0.000001 -1.696854 21.612462 13.504235 48.589737 4.592782 7.116122 -11.343947 1.586576 -12.014884 -11.498715 0.790078 -6.207561 0.000001 -0.000002 -0.000001 -52.513080 4.710677 -4.232544 70.166813 7.014333 -5.556482 -14.669880 0.518564 9.735945 -0.407192 0.002852 -0.401150 0.000000 -0.000001 -0.000000 
-7.117354 87.683960 245.730148 0.153676 -3.374397 6.644716 12.433261 -11.877415 6.510459 3.985529 -5.850370 2.171785 3.914705 -5.848491 2.340919 7.471596 -2.297622 -3.607230 -3.148982 -9.301207 -2.293090 0.000001 0.000003 -0.000002 0.674929 -5.624668 -5.023737 -15.049565 -8.456723 32.765521 -178.346088 -59.239037 -178.060887 -1.778111 -12.706986 6.296483 9.775915 16.357243 0.858857 6.054001 27.805331 -18.599826 -6.037789 60.816298 17.107015 -0.000001 0.000000 -0.000003 17.472847 9.224746 -83.155757 23.312530 4.675908 -117.724089 21.566944 6.194453 -108.116779 0.000001 -0.000001 0.000002 11.592370 8.281173 -86.537684 16.149764 12.965006 -105.880329 18.073353 11.765606 -118.360949 0.000001 0.000002 0.000002 4.991171 7.872692 -92.729524 10.803480 17.923624 -103.552641 10.498657 17.411856 -100.924911 -0.000001 0.000000 -0.000001 1.243699 8.584931 -92.369914 8.659906 15.362670 -98.315690 16.024901 19.714769 -130.655454 0.000001 -0.000003 -0.000002 0.133100 6.464855 26.708350 -18.237957 31.332291 32.916160 -178.477556 57.114223 178.170976 -26.771253 2.886335 22.253332 7.289184 -17.786629 4.440309 20.544483 -23.758779 7.065911 17.377547 -52.365288 9.460115 -0.000001 -0.000001 -0.000002 19.275853 -8.774064 82.782405 22.821861 -2.963199 115.997731 22.107948 -3.322709 114.154003 0.000001 0.000001 0.000001 11.485758 -7.534582 85.331213 16.189401 -11.109615 107.924024 15.949320 -10.923154 105.235156 0.000001 -0.000000 -0.000001 4.330905 -7.313586 92.054312 11.183946 -15.225706 101.327379 11.710479 -15.181038 103.581076 -0.000000 -0.000000 -0.000000 -3.765943 -7.773550 94.669475 6.267332 -18.769730 95.066951 14.996440 -19.450026 135.720080 -0.000002 -0.000004 -0.000001 -0.413698 21.570817 13.745794 45.644699 6.155645 8.633072 -12.717917 1.715996 -12.115952 -15.677678 1.033274 -6.968962 -0.000001 -0.000001 -0.000001 -52.508561 3.257471 -3.821571 72.044958 6.698539 -4.836852 -16.157642 1.363107 8.274642 -1.704202 0.049675 -1.669150 0.000000 -0.000000 0.000001 
-7.123866 87.017151 245.630981 0.266152 -5.035288 5.431357 12.794573 -14.389692 6.778500 4.106402 -7.034288 2.066903 4.010751 -7.048433 2.268648 8.037400 0.127369 -4.208571 -0.619628 0.002743 -2.684734 0.000000 0.000002 -0.000001 0.694982 -5.686207 -4.124546 -12.321292 -15.598842 35.753445 -178.129284 -62.234204 -177.872606 1.971997 -14.157335 6.202426 9.775934 16.357232 0.858854 6.054000 27.805342 -18.599835 -6.037828 60.816312 17.107032 0.000002 -0.000002 -0.000003 17.472843 9.224765 -83.155764 23.312544 4.675913 -117.724102 21.566961 6.194446 -108.116806 0.000002 0.000001 0.000000 11.592375 8.281177 -86.537691 16.149772 12.964987 -105.880308 18.073352 11.765590 -118.360936 -0.000000 -0.000001 0.000002 4.991181 7.872690 -92.729544 10.803495 17.923636 -103.552648 10.498665 17.411861 -100.924917 -0.000000 0.000003 0.000001 1.243703 8.584931 -92.369928 8.659899 15.362675 -98.315703 16.024903 19.714764 -130.655467 0.000001 -0.000001 -0.000001 0.225091 6.093756 25.192618 -17.418476 30.703346 39.117074 -178.562769 55.601626 178.241409 -24.856942 1.602965 23.139983 7.289166 -17.786651 4.440302 20.544487 -23.758777 7.065909 17.377570 -52.365298 9.460135 0.000003 -0.000004 0.000003 19.275861 -8.774061 82.782419 22.821865 -2.963199 115.997704 22.107936 -3.322706 114.154010 0.000000 0.000004 0.000002 11.485757 -7.534575 85.331199 16.189392 -11.109623 107.923997 15.949327 -10.923154 105.235170 0.000000 0.000001 0.000002 4.330901 -7.313581 92.054312 11.183929 -15.225701 101.327366 11.710484 -15.181035 103.581055 0.000001 0.000001 0.000002 -3.765943 -7.773554 94.669455 6.267344 -18.769753 95.066958 14.996456 -19.450038 135.720107 -0.000002 0.000000 0.000000 0.069908 21.630236 14.305924 44.000830 7.365592 9.841363 -13.492174 1.801529 -12.348486 -19.112865 1.242032 -7.520282 -0.000000 -0.000002 -0.000001 -52.228039 1.928076 -3.225464 73.207593 6.205693 -4.463542 -18.657212 3.570171 5.684439 -2.593482 0.000004 0.000005 0.000000 0.000001 0.000000 
-6.940863 86.437149 245.617798 0.761500 -7.176837 4.201731 13.101271 -16.501389 7.260073 4.236483 -8.044819 2.071257 4.116581 -8.071809 2.293229 8.017243 2.335278 -5.043455 0.362521 8.938610 -3.171320 0.000000 -0.000000 0.000001 0.715462 -5.853213 -3.531415 -9.746955 -21.839487 36.812821 -177.871131 -65.163502 -177.642046 5.579925 -15.667532 6.118496 9.775926 16.357220 0.858838 6.054005 27.805340 -18.599826 -6.037786 60.816278 17.107001 -0.000000 -0.000001 0.000001 17.472850 9.224738 -83.155770 23.312534 4.675907 -117.724116 21.566949 6.194436 -108.116786 -0.000000 -0.000003 0.000002 11.592384 8.281156 -86.537698 16.149765 12.964976 -105.880322 18.073353 11.765592 -118.360949 0.000002 -0.000001 0.000000 4.991186 7.872679 -92.729571 10.803478 17.923625 -103.552648 10.498661 17.411872 -100.924945 -0.000001 0.000006 -0.000000 1.243710 8.584915 -92.369948 8.659889 15.362663 -98.315703 16.024898 19.714776 -130.655454 0.000000 -0.000001 -0.000001 0.345773 5.530030 22.865399 -15.859317 30.290390 44.673484 -178.634104 54.238126 178.299425 -22.963957 0.971521 24.940595 7.289171 -17.786637 4.440306 20.544476 -23.758786 7.065900 17.377543 -52.365305 9.460089 -0.000000 0.000000 0.000003 19.275858 -8.774047 82.782405 22.821856 -2.963192 115.997731 22.107948 -3.322721 114.153976 -0.000001 0.000003 -0.000001 11.485761 -7.534570 85.331213 16.189404 -11.109611 107.924044 15.949313 -10.923171 105.235163 0.000001 0.000000 0.000001 4.330908 -7.313585 92.054319 11.183940 -15.225695 101.327400 11.710476 -15.181048 103.581082 0.000000 0.000002 0.000000 -3.765932 -7.773544 94.669482 6.267357 -18.769732 95.066951 14.996433 -19.450024 135.720107 0.000001 -0.000000 -0.000002 -0.210434 21.813674 15.465657 44.203502 8.443220 9.860120 -14.475220 1.891679 -12.945371 -20.198297 1.063942 -6.912547 -0.000001 -0.000001 -0.000001 -52.285443 1.023462 -2.129929 73.597911 5.895441 -4.259255 -20.587196 6.136338 3.426354 -4.737857 0.000003 0.000006 -0.000000 0.000001 0.000001 
-6.629622 85.974838 245.670853 1.592703 -10.232335 3.046103 13.458510 -18.073488 7.826388 4.392995 -8.826115 2.138922 4.255736 -8.861373 2.371189 7.540056 4.153847 -5.912144 -0.214360 16.886594 -3.232341 0.000000 0.000000 -0.000000 0.726607 -5.945626 -3.245305 -7.940792 -27.451258 36.091611 -177.563677 -67.973243 -177.360765 9.019920 -17.223582 6.104462 9.775923 16.357231 0.858851 6.054019 27.805330 -18.599829 -6.037792 60.816305 17.107010 0.000003 0.000006 0.000004 17.472850 9.224759 -83.155791 23.312549 4.675912 -117.724089 21.566940 6.194448 -108.116765 -0.000002 0.000000 0.000003 11.592375 8.281171 -86.537718 16.149760 12.964994 -105.880336 18.073345 11.765595 -118.360936 0.000000 -0.000002 -0.000000 4.991178 7.872702 -92.729537 10.803492 17.923620 -103.552621 10.498659 17.411848 -100.924911 -0.000000 0.000001 0.000001 1.243701 8.584927 -92.369935 8.659891 15.362651 -98.315710 16.024899 19.714771 -130.655467 0.000000 -0.000003 0.000002 0.433602 5.044578 20.662191 -14.259698 30.155985 48.561392 -178.682543 53.258591 178.338179 -21.367374 1.107138 27.102324 7.289177 -17.786648 4.440299 20.544471 -23.758782 7.065921 17.377541 -52.365281 9.460115 -0.000000 -0.000004 0.000003 19.275853 -8.774061 82.782405 22.821861 -2.963194 115.997731 22.107944 -3.322721 114.153997 -0.000001 0.000002 -0.000001 11.485743 -7.534577 85.331199 16.189404 -11.109611 107.924031 15.949313 -10.923150 105.235142 -0.000001 0.000000 -0.000003 4.330894 -7.313582 92.054305 11.183935 -15.225702 101.327400 11.710478 -15.181043 103.581055 -0.000001 -0.000002 -0.000004 -3.765951 -7.773544 94.669468 6.267335 -18.769735 95.066951 14.996450 -19.450041 135.720107 0.000001 -0.000002 -0.000001 -0.616579 22.621779 16.237175 44.975109 9.212907 9.809437 -14.721096 2.062361 -13.991447 -21.180869 1.071128 -6.920378 -0.000001 -0.000002 -0.000001 -52.970986 0.552427 -0.340774 73.460474 5.806825 -4.108787 -21.445039 8.504632 1.580319 -3.310051 0.000001 0.000005 -0.000000 -0.000000 -0.000000 
-6.269137 85.547714 245.795868 2.572177 -14.096289 2.258267 13.822230 -19.123485 8.130955 4.562061 -9.356108 2.192341 4.418977 -9.394735 2.429736 6.811906 5.663546 -6.599967 -1.901441 23.733249 -2.667318 0.000000 -0.000002 0.000000 0.724698 -5.917656 -3.262273 -7.342329 -32.692120 33.608902 -177.183986 -70.703147 -177.006265 12.214775 -18.779911 6.152789 9.775913 16.357232 0.858852 6.054014 27.805360 -18.599829 -6.037789 60.816271 17.107010 -0.000001 0.000003 -0.000002 17.472855 9.224737 -83.155770 23.312532 4.675934 -117.724116 21.566951 6.194454 -108.116813 -0.000000 -0.000000 0.000001 11.592383 8.281158 -86.537704 16.149753 12.965004 -105.880315 18.073331 11.765600 -118.360936 0.000003 -0.000002 -0.000000 4.991165 7.872691 -92.729551 10.803502 17.923632 -103.552655 10.498650 17.411849 -100.924924 0.000000 0.000001 0.000001 1.243708 8.584924 -92.369921 8.659882 15.362675 -98.315710 16.024906 19.714766 -130.655481 0.000001 0.000000 -0.000001 0.477988 4.771402 19.133675 -13.190405 29.959337 50.480204 -178.706244 52.762282 178.356962 -20.203346 1.771390 29.040725 7.289174 -17.786636 4.440318 20.544492 -23.758782 7.065900 17.377559 -52.365281 9.460130 -0.000000 0.000001 0.000004 19.275854 -8.774064 82.782446 22.821885 -2.963201 115.997717 22.107936 -3.322693 114.153990 0.000000 0.000002 -0.000001 11.485753 -7.534572 85.331199 16.189399 -11.109603 107.924010 15.949316 -10.923136 105.235163 0.000002 -0.000001 0.000002 4.330920 -7.313581 92.054332 11.183940 -15.225694 101.327379 11.710471 -15.181038 103.581055 -0.000001 -0.000002 -0.000002 -3.765943 -7.773551 94.669489 6.267349 -18.769768 95.066965 14.996447 -19.450039 135.720094 0.000000 -0.000003 -0.000000 -0.605744 24.015459 16.233471 45.642463 9.719550 9.757105 -14.562277 2.279271 -15.103510 -22.383285 1.289176 -7.596456 -0.000001 -0.000001 0.000001 -54.443796 0.488491 1.846700 73.593267 5.951994 -3.995280 -21.033214 10.455092 0.166200 -2.649471 0.000005 0.000003 -0.000000 -0.000000 0.000000 
-5.915223 85.116524 245.996719 3.483739 -18.237078 1.939951 14.105011 -19.720221 8.065557 4.703792 -9.656902 2.174062 4.566046 -9.695004 2.414796 6.102462 6.952622 -6.984361 -4.019612 29.356061 -1.750451 -0.000001 -0.000001 0.000002 0.716276 -5.899559 -3.607636 -7.958046 -37.748591 29.820077 -176.683552 -73.437928 -176.530870 15.124489 -20.292065 6.250704 9.775927 16.357236 0.858855 6.053993 27.805348 -18.599824 -6.037787 60.816291 17.107003 0.000002 0.000003 -0.000000 17.472847 9.224745 -83.155770 23.312530 4.675913 -117.724102 21.566954 6.194443 -108.116779 -0.000001 0.000002 -0.000001 11.592377 8.281170 -86.537691 16.149764 12.964995 -105.880302 18.073335 11.765592 -118.360949 0.000002 0.000002 0.000003 4.991162 7.872678 -92.729524 10.803493 17.923637 -103.552655 10.498664 17.411855 -100.924945 -0.000004 0.000001 0.000002 1.243706 8.584921 -92.369921 8.659892 15.362660 -98.315703 16.024889 19.714790 -130.655481 0.000001 0.000000 -0.000000 0.499809 4.626947 18.194856 -12.785687 29.551083 50.938567 -178.703458 52.820687 178.354722 -19.378635 2.568877 30.328728 7.289182 -17.786634 4.440332 20.544483 -23.758772 7.065906 17.377569 -52.365295 9.460128 0.000001 -0.000004 -0.000003 19.275842 -8.774045 82.782405 22.821856 -2.963206 115.997731 22.107938 -3.322722 114.153983 -0.000001 -0.000003 -0.000003 11.485751 -7.534567 85.331206 16.189413 -11.109613 107.924003 15.949305 -10.923138 105.235163 -0.000001 0.000004 0.000001 4.330906 -7.313568 92.054332 11.183936 -15.225707 101.327366 11.710494 -15.181033 103.581082 0.000002 0.000000 0.000001 -3.765940 -7.773533 94.669482 6.267345 -18.769770 95.066965 14.996456 -19.450026 135.720094 -0.000001 -0.000000 -0.000003 0.165656 25.423762 15.537762 46.048971 10.321670 9.350074 -14.891986 2.515249 -15.978556 -22.593057 1.367993 -7.852662 -0.000000 -0.000000 0.000000 -56.105353 0.609345 3.922571 73.983434 6.217706 -3.911152 -20.356185 12.084070 -0.796561 -2.741607 0.000001 0.000004 -0.000000 -0.000001 -0.000000 
-5.588047 84.681526 246.251053 4.181488 -21.992050 2.049111 14.235164 -19.983260 7.719316 4.782616 -9.787884 2.076178 4.656064 -9.823609 2.319093 5.619161 7.869627 -7.034498 -6.009580 33.213922 -0.965083 0.000000 -0.000001 0.000002 0.709922 -6.085718 -4.304382 -9.198636 -42.603312 25.672087 -175.972857 -76.233148 -175.845611 17.777782 -21.735221 6.403398 9.775924 16.357232 0.858862 6.053999 27.805340 -18.599828 -6.037801 60.816298 17.107013 0.000003 0.000004 0.000002 17.472852 9.224734 -83.155770 23.312503 4.675901 -117.724075 21.566949 6.194447 -108.116779 -0.000003 0.000001 -0.000001 11.592384 8.281165 -86.537718 16.149765 12.964999 -105.880322 18.073348 11.765605 -118.360922 -0.000000 0.000001 0.000003 4.991184 7.872692 -92.729571 10.803490 17.923622 -103.552628 10.498656 17.411863 -100.924911 -0.000001 0.000001 0.000003 1.243719 8.584908 -92.369928 8.659887 15.362663 -98.315690 16.024896 19.714764 -130.655454 0.000003 -0.000001 -0.000003 0.519526 4.449770 17.473856 -12.864985 29.133086 50.653424 -178.676219 53.388624 178.333125 -18.678361 3.178114 30.789974 7.289186 -17.786634 4.440305 20.544494 -23.758774 7.065918 17.377545 -52.365281 9.460122 0.000001 -0.000002 0.000001 19.275853 -8.774064 82.782405 22.821875 -2.963197 115.997731 22.107929 -3.322697 114.154017 -0.000004 -0.000000 0.000002 11.485756 -7.534565 85.331199 16.189389 -11.109615 107.924003 15.949318 -10.923154 105.235183 0.000004 -0.000002 -0.000002 4.330894 -7.313589 92.054305 11.183934 -15.225704 101.327352 11.710484 -15.181043 103.581076 0.000002 -0.000000 0.000004 -3.765936 -7.773552 94.669475 6.267339 -18.769747 95.066951 14.996428 -19.450033 135.720094 -0.000003 -0.000001 0.000003 1.746036 26.298352 14.183619 46.068390 11.049940 8.531596 -15.692052 2.670446 -16.320459 -22.463533 1.341403 -7.801217 -0.000001 0.000001 -0.000002 -57.746695 0.723995 5.442342 74.752309 6.498996 -3.838965 -19.449683 13.567207 -1.522960 -3.306486 0.000004 0.000007 0.000000 -0.000000 -0.000000 
-5.307029 84.249596 246.507462 4.644319 -24.889759 2.490926 14.192766 -20.047558 7.249929 4.791081 -9.815343 1.932896 4.674923 -9.849415 2.176005 5.448282 8.384197 -6.859881 -7.460444 35.193516 -0.707946 -0.000001 -0.000001 0.000000 0.704859 -6.557878 -5.291695 -10.174514 -46.952841 22.110268 -174.876776 -79.092634 -174.775416 20.216619 -23.103479 6.628060 9.775928 16.357215 0.858844 6.054005 27.805331 -18.599826 -6.037797 60.816298 17.107011 0.000004 0.000004 0.000002 17.472840 9.224746 -83.155750 23.312540 4.675921 -117.724116 21.566954 6.194461 -108.116772 0.000001 0.000002 0.000002 11.592383 8.281158 -86.537691 16.149757 12.964997 -105.880315 18.073340 11.765590 -118.360936 -0.000000 -0.000001 -0.000000 4.991185 7.872678 -92.729551 10.803492 17.923625 -103.552621 10.498676 17.411855 -100.924958 -0.000001 -0.000000 -0.000002 1.243697 8.584925 -92.369914 8.659887 15.362653 -98.315690 16.024898 19.714786 -130.655467 -0.000000 -0.000001 0.000004 0.546260 4.130061 16.701718 -13.195234 28.956556 50.152303 -178.632806 54.263579 178.298373 -17.947931 3.474654 30.504185 7.289172 -17.786646 4.440307 20.544502 -23.758787 7.065925 17.377550 -52.365305 9.460112 0.000001 0.000000 0.000002 19.275863 -8.774064 82.782405 22.821866 -2.963202 115.997745 22.107941 -3.322716 114.153997 -0.000002 0.000001 -0.000001 11.485761 -7.534581 85.331206 16.189389 -11.109627 107.924017 15.949322 -10.923162 105.235156 0.000003 -0.000003 -0.000002 4.330895 -7.313587 92.054305 11.183946 -15.225699 101.327366 11.710490 -15.181041 103.581089 -0.000003 -0.000001 0.000001 -3.765932 -7.773559 94.669475 6.267336 -18.769763 95.066978 14.996442 -19.450043 135.720094 0.000000 -0.000001 0.000000 3.772498 26.462549 12.140909 45.695881 11.847650 7.985827 -16.568890 2.790740 -16.373039 -22.436840 1.326748 -7.775095 -0.000000 0.000001 0.000000 -59.247021 0.749515 6.158299 75.817326 6.736631 -3.750088 -18.454193 14.955970 -2.193361 -4.052998 0.000006 0.000006 0.000000 0.000000 0.000000 
-5.079883 83.843414 246.702164 4.954173 -26.816853 3.110238 14.033199 -19.990290 6.845942 4.751436 -9.783197 1.797131 4.640566 -9.817790 2.037642 5.508583 8.598191 -6.627008 -8.253636 35.653270 -1.000174 0.000000 0.000001 -0.000000 0.692327 -7.211396 -6.417086 -10.280294 -50.293121 19.639453 -172.973366 -81.992637 -172.898207 22.379957 -24.361439 6.933542 9.775931 16.357220 0.858853 6.054003 27.805343 -18.599833 -6.037808 60.816298 17.107025 0.000001 0.000003 0.000000 17.472857 9.224731 -83.155784 23.312525 4.675922 -117.724075 21.566954 6.194440 -108.116813 -0.000000 0.000000 -0.000002 11.592374 8.281169 -86.537718 16.149762 12.965016 -105.880315 18.073358 11.765593 -118.360949 0.000001 -0.000002 -0.000003 4.991188 7.872695 -92.729571 10.803494 17.923622 -103.552614 10.498665 17.411865 -100.924945 0.000001 0.000003 0.000002 1.243702 8.584940 -92.369935 8.659898 15.362661 -98.315696 16.024893 19.714776 -130.655454 0.000002 0.000003 0.000003 0.577941 3.646927 15.815013 -13.640558 29.065768 49.767190 -178.585883 55.169811 178.260356 -17.185961 3.530090 29.736537 7.289178 -17.786627 4.440304 20.544494 -23.758772 7.065924 17.377540 -52.365285 9.460130 0.000002 -0.000005 0.000001 19.275866 -8.774064 82.782405 22.821865 -2.963179 115.997731 22.107932 -3.322712 114.153983 0.000002 -0.000001 -0.000001 11.485768 -7.534577 85.331206 16.189394 -11.109600 107.924003 15.949311 -10.923144 105.235163 0.000001 0.000001 0.000001 4.330907 -7.313578 92.054305 11.183942 -15.225694 101.327379 11.710485 -15.181029 103.581076 0.000001 -0.000002 -0.000002 -3.765937 -7.773540 94.669468 6.267345 -18.769758 95.066958 14.996457 -19.450046 135.720094 -0.000002 -0.000002 0.000002 5.636959 25.979869 9.949312 45.274356 12.607814 7.749358 -17.344043 2.886564 -16.348297 -22.532838 1.321696 -7.770903 -0.000001 -0.000001 -0.000000 -60.555303 0.685683 6.152996 76.930825 6.916013 -3.613763 -17.557228 16.170017 -2.839569 -4.187753 0.000008 0.000005 -0.000000 0.000000 0.000000 
-4.912603 83.481339 246.789413 5.209029 -27.960090 3.750418 13.847047 -19.828464 6.628869 4.702300 -9.704329 1.718248 4.591006 -9.741185 1.953188 5.648794 8.683126 -6.469349 -8.548997 35.257730 -1.546716 0.000003 0.000000 -0.000001 0.668135 -7.842133 -7.499792 -9.517798 -52.279521 18.313590 -168.878763 -84.901908 -168.829982 24.050990 -25.369163 7.279044 9.775928 16.357244 0.858843 6.054006 27.805347 -18.599821 -6.037798 60.816305 17.107020 0.000003 0.000001 0.000003 17.472857 9.224754 -83.155784 23.312522 4.675939 -117.724075 21.566946 6.194457 -108.116806 0.000001 -0.000001 -0.000002 11.592387 8.281160 -86.537711 16.149757 12.964987 -105.880315 18.073357 11.765581 -118.360936 0.000001 -0.000000 0.000000 4.991184 7.872688 -92.729551 10.803490 17.923624 -103.552614 10.498662 17.411848 -100.924945 -0.000000 -0.000001 -0.000001 1.243706 8.584928 -92.369921 8.659894 15.362666 -98.315703 16.024889 19.714779 -130.655481 -0.000002 -0.000001 -0.000004 0.606085 3.077800 14.914099 -14.162371 29.304793 49.662387 -178.549286 55.849313 178.230385 -16.504771 3.531842 28.806582 7.289176 -17.786642 4.440303 20.544494 -23.758774 7.065911 17.377540 -52.365305 9.460117 -0.000001 -0.000001 0.000000 19.275856 -8.774065 82.782405 22.821865 -2.963188 115.997731 22.107936 -3.322700 114.153976 0.000001 0.000003 -0.000001 11.485760 -7.534579 85.331199 16.189391 -11.109613 107.924024 15.949323 -10.923157 105.235177 0.000002 0.000001 -0.000001 4.330911 -7.313581 92.054312 11.183943 -15.225704 101.327400 11.710495 -15.181040 103.581062 0.000001 0.000006 0.000002 -3.765921 -7.773559 94.669475 6.267352 -18.769742 95.066972 14.996433 -19.450026 135.720094 0.000002 0.000005 0.000002 6.855480 25.221092 8.176664 45.144511 13.138610 7.698057 -17.916636 2.973863 -16.406476 -22.698817 1.319856 -7.774595 -0.000001 0.000000 0.000000 -61.717337 0.566086 5.767072 77.926202 7.049034 -3.411427 -16.742747 17.070219 -3.497664 -4.131251 0.000005 0.000010 -0.000000 0.000000 0.000000 
-4.810077 83.169098 246.756638 5.445232 -28.621896 4.265840 13.720971 -19.538306 6.634741 4.680211 -9.570624 1.721791 4.565108 -9.610174 1.948618 5.772695 8.789834 -6.426822 -8.599498 34.688349 -2.016954 0.000001 0.000001 -0.000000 0.638674 -8.285948 -8.385684 -8.267768 -53.078486 17.960903 -154.231504 -87.733404 -154.209293 25.024328 -25.899729 7.548255 9.775925 16.357234 0.858858 6.054000 27.805342 -18.599833 -6.037802 60.816305 17.107028 0.000000 0.000002 -0.000003 17.472857 9.224735 -83.155784 23.312539 4.675911 -117.724089 21.566954 6.194448 -108.116772 -0.000001 0.000001 0.000002 11.592376 8.281163 -86.537698 16.149743 12.964988 -105.880329 18.073352 11.765597 -118.360922 -0.000001 0.000000 0.000004 4.991177 7.872687 -92.729551 10.803501 17.923627 -103.552648 10.498666 17.411860 -100.924945 0.000000 0.000003 0.000000 1.243698 8.584913 -92.369928 8.659904 15.362675 -98.315683 16.024884 19.714784 -130.655440 0.000000 -0.000001 -0.000002 0.623851 2.577570 14.182542 -14.764156 29.463930 49.828037 -178.533126 56.141184 178.217052 -16.028518 3.668751 27.952076 7.289179 -17.786644 4.440316 20.544485 -23.758748 7.065896 17.377553 -52.365305 9.460125 0.000001 -0.000001 -0.000002 19.275856 -8.774054 82.782425 22.821866 -2.963194 115.997704 22.107936 -3.322719 114.153997 -0.000001 0.000006 0.000001 11.485742 -7.534568 85.331206 16.189392 -11.109621 107.924003 15.949323 -10.923148 105.235170 -0.000000 -0.000003 -0.000003 4.330891 -7.313571 92.054305 11.183932 -15.225709 101.327407 11.710475 -15.181041 103.581055 0.000002 0.000001 0.000000 -3.765926 -7.773531 94.669461 6.267349 -18.769737 95.066965 14.996438 -19.450043 135.720080 -0.000002 0.000000 -0.000004 7.269829 24.599280 7.173866 45.500545 13.269149 7.678667 -18.278257 3.067522 -16.592997 -22.867403 1.316176 -7.774132 0.000001 -0.000000 -0.000000 -62.729974 0.423795 5.382720 78.710014 7.143545 -3.149821 -16.011806 17.574136 -4.149978 -4.150091 0.000004 0.000008 -0.000000 0.000000 0.000000 
-4.776856 82.903183 246.621170 5.627138 -29.027184 4.571385 13.693778 -19.101657 6.811033 4.702013 -9.373710 1.797501 4.582836 -9.415562 2.014480 5.875250 8.990517 -6.446832 -8.580475 34.387660 -2.234134 0.000001 0.000000 -0.000000 0.614898 -8.487841 -8.971757 -6.887021 -53.274253 18.343479 -46.627786 -88.644142 -46.632475 25.405710 -25.810817 7.585569 9.775932 16.357214 0.858847 6.053992 27.805345 -18.599841 -6.037778 60.816291 17.106996 0.000004 0.000001 -0.000000 17.472850 9.224744 -83.155770 23.312537 4.675917 -117.724089 21.566951 6.194440 -108.116779 -0.000000 0.000000 0.000003 11.592374 8.281169 -86.537718 16.149767 12.965014 -105.880308 18.073346 11.765601 -118.360922 0.000000 -0.000003 -0.000002 4.991168 7.872701 -92.729565 10.803508 17.923634 -103.552655 10.498679 17.411849 -100.924924 -0.000001 -0.000001 -0.000004 1.243702 8.584919 -92.369948 8.659895 15.362692 -98.315690 16.024898 19.714781 -130.655454 -0.000000 0.000000 -0.000001 0.631293 2.288737 13.770118 -15.382438 29.432559 50.136549 -178.539355 56.029401 178.222189 -15.811442 4.033519 27.254868 7.289172 -17.786665 4.440294 20.544495 -23.758758 7.065909 17.377547 -52.365281 9.460104 0.000005 -0.000000 0.000004 19.275853 -8.774061 82.782412 22.821856 -2.963202 115.997731 22.107932 -3.322714 114.153990 -0.000001 0.000003 0.000001 11.485750 -7.534574 85.331199 16.189379 -11.109619 107.924024 15.949315 -10.923164 105.235163 0.000002 0.000000 0.000001 4.330906 -7.313572 92.054312 11.183928 -15.225726 101.327407 11.710494 -15.181038 103.581062 0.000003 -0.000002 -0.000004 -3.765932 -7.773552 94.669475 6.267360 -18.769735 95.066951 14.996456 -19.450036 135.720135 0.000004 -0.000002 -0.000000 7.015347 24.318132 6.985154 46.326748 12.979671 7.627358 -18.472884 3.142726 -16.870180 -22.958544 1.307137 -7.759754 0.000000 0.000000 0.000001 -63.540109 0.282180 5.216666 79.272221 7.199378 -2.861820 -15.408816 17.708927 -4.742053 -4.228946 0.000004 0.000007 -0.000000 0.000000 0.000000 
-4.817450 82.678314 246.409607 5.693278 -29.228463 4.680243 13.739651 -18.545376 7.045104 4.758468 -9.122431 1.905673 4.636993 -9.165980 2.111836 5.996776 9.276027 -6.435934 -8.545087 34.468198 -2.189890 -0.000001 -0.000001 -0.000000 0.604052 -8.484743 -9.217152 -5.543742 -53.437826 19.226877 -14.091187 -85.958491 -14.122126 25.617034 -25.200198 7.223159 9.775939 16.357258 0.858850 6.053990 27.805345 -18.599816 -6.037744 60.816298 17.106972 0.000000 -0.000000 -0.000002 17.472838 9.224748 -83.155770 23.312525 4.675914 -117.724102 21.566958 6.194442 -108.116813 0.000003 -0.000003 -0.000002 11.592375 8.281171 -86.537684 16.149774 12.965004 -105.880329 18.073346 11.765583 -118.360949 0.000001 -0.000000 0.000000 4.991177 7.872699 -92.729544 10.803508 17.923620 -103.552641 10.498651 17.411861 -100.924917 0.000000 0.000000 0.000002 1.243704 8.584936 -92.369914 8.659922 15.362673 -98.315696 16.024891 19.714764 -130.655454 0.000001 -0.000001 -0.000004 0.632183 2.249208 13.716855 -15.867245 29.248974 50.446862 -178.560816 55.637191 178.239852 -15.808746 4.589538 26.653150 7.289193 -17.786625 4.440322 20.544483 -23.758765 7.065899 17.377559 -52.365288 9.460127 -0.000002 -0.000001 -0.000001 19.275858 -8.774064 82.782405 22.821858 -2.963201 115.997704 22.107931 -3.322722 114.153976 -0.000005 0.000005 0.000002 11.485753 -7.534574 85.331193 16.189410 -11.109618 107.924038 15.949305 -10.923155 105.235156 0.000001 -0.000001 0.000001 4.330896 -7.313575 92.054305 11.183948 -15.225718 101.327414 11.710477 -15.181029 103.581062 -0.000001 -0.000002 0.000001 -3.765927 -7.773558 94.669468 6.267354 -18.769746 95.066958 14.996444 -19.450034 135.720107 -0.000002 -0.000001 0.000000 6.348033 24.301219 7.408778 47.464368 12.351602 7.585412 -18.546190 3.208452 -17.148115 -22.940416 1.293478 -7.731363 0.000001 -0.000001 0.000000 -64.103176 0.161215 5.246248 79.662532 7.216440 -2.591334 -14.982882 17.578807 -5.220402 -4.378897 -0.000001 0.000010 -0.000000 -0.000000 0.000000 
-4.910232 82.456200 246.106430 5.623285 -29.138618 4.683541 13.798413 -17.938257 7.224707 4.828699 -8.843373 1.997569 4.706577 -8.888936 2.192130 6.162609 9.590392 -6.320770 -8.485372 34.788807 -1.969121 0.000002 0.000000 -0.000002 0.606417 -8.356509 -9.152699 -4.270124 -53.823513 20.434565 -8.047101 -82.996163 -8.104965 25.987205 -24.346372 6.325434 9.775922 16.357231 0.858862 6.054015 27.805336 -18.599833 -6.037763 60.816291 17.106999 -0.000000 0.000002 0.000002 17.472853 9.224750 -83.155764 23.312520 4.675908 -117.724061 21.566949 6.194452 -108.116813 0.000002 0.000002 0.000003 11.592368 8.281171 -86.537691 16.149762 12.964997 -105.880302 18.073336 11.765581 -118.360949 -0.000002 -0.000003 -0.000003 4.991171 7.872680 -92.729578 10.803502 17.923630 -103.552648 10.498650 17.411849 -100.924904 -0.000002 -0.000000 -0.000001 1.243703 8.584917 -92.369935 8.659891 15.362672 -98.315696 16.024901 19.714774 -130.655467 0.000001 -0.000001 -0.000001 0.629294 2.392162 13.964125 -16.213211 29.072666 50.721555 -178.586607 55.156219 178.260902 -15.900761 5.208921 26.014900 7.289188 -17.786637 4.440309 20.544500 -23.758767 7.065933 17.377541 -52.365291 9.460101 -0.000001 0.000001 -0.000003 19.275853 -8.774057 82.782412 22.821870 -2.963199 115.997731 22.107939 -3.322713 114.153983 0.000006 -0.000001 -0.000001 11.485751 -7.534563 85.331206 16.189387 -11.109616 107.924024 15.949318 -10.923155 105.235190 0.000002 -0.000003 -0.000003 4.330909 -7.313592 92.054312 11.183938 -15.225699 101.327379 11.710484 -15.181038 103.581055 -0.000000 -0.000001 -0.000001 -3.765929 -7.773541 94.669482 6.267336 -18.769741 95.066958 14.996435 -19.450046 135.720094 -0.000000 0.000003 0.000000 5.337947 24.287120 8.193744 48.934580 11.603856 7.619256 -18.601720 3.253691 -17.349145 -22.818950 1.278469 -7.694782 0.000001 -0.000000 -0.000001 -64.523977 0.078099 5.298360 80.005585 7.197120 -2.369217 -14.710699 17.287248 -5.536680 -4.615022 0.000005 0.000005 -0.000000 -0.000000 -0.000000 
-5.042138 82.232964 245.707123 5.428461 -28.655447 4.674447 13.826922 -17.350777 7.293545 4.894561 -8.565769 2.046538 4.772795 -8.614118 2.229208 6.354361 9.870036 -6.084261 -8.416489 35.104106 -1.667661 0.000002 0.000000 0.000001 0.617410 -8.182848 -8.872497 -3.041544 -54.395565 21.876765 -5.590591 -79.991255 -5.675582 26.485742 -23.514564 5.002720 9.775923 16.357229 0.858852 6.054012 27.805336 -18.599835 -6.037780 60.816305 17.106996 0.000002 -0.000000 -0.000001 17.472853 9.224748 -83.155770 23.312534 4.675907 -117.724102 21.566956 6.194445 -108.116806 0.000002 0.000000 -0.000005 11.592379 8.281156 -86.537691 16.149760 12.964986 -105.880336 18.073360 11.765587 -118.360949 0.000004 0.000001 0.000004 4.991184 7.872678 -92.729551 10.803496 17.923613 -103.552641 10.498662 17.411851 -100.924911 0.000000 0.000000 -0.000001 1.243697 8.584928 -92.369928 8.659891 15.362672 -98.315676 16.024886 19.714781 -130.655467 0.000001 -0.000003 -0.000005 0.623934 2.614957 14.399581 -16.389789 29.009647 50.902897 -178.606988 54.767520 178.277486 -15.953473 5.744692 25.224700 7.289186 -17.786634 4.440312 20.544494 -23.758774 7.065932 17.377541 -52.365295 9.460086 0.000001 -0.000001 0.000000 19.275853 -8.774064 82.782405 22.821870 -2.963187 115.997731 22.107929 -3.322710 114.153976 0.000001 0.000000 0.000002 11.485760 -7.534578 85.331206 16.189387 -11.109623 107.924010 15.949320 -10.923151 105.235156 -0.000000 0.000000 0.000003 4.330890 -7.313579 92.054305 11.183927 -15.225713 101.327379 11.710473 -15.181038 103.581055 0.000000 -0.000001 -0.000000 -3.765941 -7.773554 94.669461 6.267340 -18.769759 95.066965 14.996449 -19.450038 135.720094 0.000002 0.000003 -0.000001 4.033841 24.058361 9.108830 50.692721 10.955414 7.761643 -18.641033 3.262055 -17.394345 -22.673716 1.269520 -7.666642 -0.000000 -0.000002 0.000000 -64.884646 0.036089 5.193295 80.360126 7.150157 -2.201893 -14.511270 16.907542 -5.676665 -4.934635 0.000007 0.000008 -0.000000 0.000000 0.000000 
-5.191956 82.014046 245.205276 5.144215 -27.752933 4.691691 13.829966 -16.814715 7.268546 4.955896 -8.304222 2.058677 4.835058 -8.355989 2.229620 6.519845 10.069182 -5.765372 -8.409569 35.194804 -1.342327 -0.000002 -0.000002 -0.000001 0.631531 -8.014097 -8.493688 -1.811194 -55.023420 23.519135 -4.278897 -77.027861 -4.390701 26.882207 -22.831714 3.729973 9.775944 16.357220 0.858838 6.053996 27.805348 -18.599829 -6.037789 60.816298 17.106993 0.000003 0.000003 -0.000002 17.472850 9.224753 -83.155764 23.312534 4.675918 -117.724102 21.566961 6.194458 -108.116799 0.000003 0.000003 0.000000 11.592384 8.281155 -86.537718 16.149735 12.965004 -105.880308 18.073350 11.765587 -118.360949 0.000002 0.000001 0.000004 4.991178 7.872689 -92.729571 10.803487 17.923612 -103.552635 10.498664 17.411853 -100.924917 0.000000 -0.000000 -0.000002 1.243699 8.584934 -92.369928 8.659907 15.362668 -98.315696 16.024898 19.714767 -130.655454 -0.000000 -0.000001 0.000001 0.617169 2.838476 14.894833 -16.463182 29.074865 50.942061 -178.617056 54.572061 178.285655 -15.884988 6.092127 24.243094 7.289193 -17.786631 4.440324 20.544497 -23.758762 7.065931 17.377559 -52.365312 9.460110 -0.000000 0.000000 0.000001 19.275858 -8.774053 82.782405 22.821873 -2.963203 115.997731 22.107944 -3.322714 114.153962 0.000002 -0.000000 0.000001 11.485744 -7.534574 85.331220 16.189401 -11.109631 107.924038 15.949315 -10.923156 105.235156 0.000001 -0.000000 -0.000001 4.330918 -7.313585 92.054332 11.183943 -15.225701 101.327379 11.710487 -15.181047 103.581076 -0.000001 0.000001 -0.000002 -3.765942 -7.773535 94.669475 6.267338 -18.769751 95.066951 14.996432 -19.450029 135.720107 -0.000000 0.000003 -0.000003 2.352895 23.551056 10.059352 52.807570 10.567584 7.976382 -18.615756 3.208068 -17.190162 -22.653736 1.277844 -7.673867 -0.000001 -0.000001 0.000000 -65.253599 0.026005 4.852462 80.728758 7.088617 -2.067444 -14.275130 16.471486 -5.656332 -5.312265 0.000005 0.000008 -0.000000 -0.000000 -0.000000 
-5.340358 81.811394 244.602386 4.799547 -26.501281 4.705661 13.852939 -16.311970 7.216699 5.028149 -8.053131 2.064139 4.909021 -8.108314 2.223906 6.602676 10.164799 -5.428999 -8.552491 34.930298 -1.009985 -0.000001 0.000000 -0.000002 0.645130 -7.861613 -8.104139 -0.542744 -55.626570 25.400487 -3.473336 -74.167522 -3.611111 27.040710 -22.340005 3.073920 9.775927 16.357234 0.858857 6.053983 27.805336 -18.599816 -6.037737 60.816305 17.106967 0.000002 0.000000 0.000003 17.472848 9.224743 -83.155770 23.312530 4.675913 -117.724102 21.566952 6.194455 -108.116765 -0.000001 0.000003 -0.000001 11.592384 8.281163 -86.537684 16.149772 12.964987 -105.880322 18.073348 11.765596 -118.360922 0.000003 -0.000002 -0.000000 4.991175 7.872689 -92.729551 10.803487 17.923618 -103.552628 10.498655 17.411841 -100.924917 -0.000003 -0.000002 -0.000006 1.243694 8.584908 -92.369935 8.659880 15.362672 -98.315717 16.024899 19.714766 -130.655426 0.000001 0.000001 0.000003 0.610127 3.025275 15.339037 -16.528335 29.202283 50.769790 -178.617206 54.569410 178.285778 -15.704481 6.218352 23.116874 7.289169 -17.786648 4.440306 20.544504 -23.758779 7.065924 17.377528 -52.365281 9.460097 0.000000 0.000000 0.000002 19.275849 -8.774071 82.782412 22.821870 -2.963198 115.997717 22.107944 -3.322708 114.153990 0.000001 -0.000001 0.000001 11.485751 -7.534575 85.331213 16.189394 -11.109613 107.924024 15.949322 -10.923148 105.235183 0.000003 0.000002 -0.000001 4.330903 -7.313572 92.054339 11.183916 -15.225697 101.327379 11.710481 -15.181050 103.581076 -0.000002 0.000003 0.000002 -3.765936 -7.773559 94.669475 6.267334 -18.769744 95.066951 14.996450 -19.450051 135.720107 -0.000000 0.000001 -0.000001 0.194699 22.828888 11.086391 55.341140 10.509874 8.193223 -18.383051 3.064428 -16.687817 -22.908765 1.313630 -7.738695 0.000001 -0.000000 0.000000 -65.636513 0.030718 4.320222 81.060344 7.022761 -1.932426 -13.928856 15.982038 -5.517993 -5.706662 0.000002 0.000008 -0.000000 -0.000000 0.000000 
-5.472988 81.632446 243.904312 4.400934 -25.020564 4.661747 13.947129 -15.799122 7.202492 5.130347 -7.794533 2.093732 5.014084 -7.852446 2.242951 6.566021 10.148544 -5.129836 -8.885213 34.262616 -0.669513 0.000001 0.000000 0.000000 0.656947 -7.709620 -7.735098 0.716151 -56.309712 27.379078 -2.910535 -71.314005 -3.074393 27.056901 -22.106117 3.243962 9.775940 16.357222 0.858838 6.054003 27.805335 -18.599829 -6.037800 60.816319 17.107020 -0.000003 0.000008 0.000003 17.472858 9.224719 -83.155798 23.312532 4.675926 -117.724116 21.566958 6.194440 -108.116779 -0.000002 0.000002 0.000001 11.592389 8.281148 -86.537725 16.149753 12.964994 -105.880308 18.073338 11.765587 -118.360949 -0.000001 0.000000 0.000003 4.991190 7.872675 -92.729571 10.803490 17.923620 -103.552641 10.498680 17.411839 -100.924945 -0.000000 0.000002 0.000004 1.243708 8.584913 -92.369948 8.659893 15.362665 -98.315662 16.024893 19.714776 -130.655481 0.000000 0.000001 0.000000 0.603655 3.169881 15.667160 -16.644478 29.298417 50.290645 -178.611236 54.685278 178.280928 -15.507513 6.160783 21.945060 7.289189 -17.786649 4.440310 20.544499 -23.758760 7.065905 17.377540 -52.365291 9.460125 -0.000000 0.000000 0.000002 19.275856 -8.774054 82.782412 22.821848 -2.963210 115.997745 22.107929 -3.322708 114.153983 0.000003 -0.000003 0.000002 11.485784 -7.534590 85.331213 16.189423 -11.109615 107.924031 15.949335 -10.923148 105.235170 0.000002 -0.000003 -0.000004 4.330927 -7.313594 92.054332 11.183934 -15.225701 101.327379 11.710483 -15.181038 103.581055 -0.000003 0.000001 -0.000002 -3.765919 -7.773553 94.669475 6.267359 -18.769735 95.066965 14.996428 -19.450022 135.720094 -0.000003 0.000004 0.000003 -2.507603 21.978190 12.266919 58.341038 10.797902 8.352502 -17.765450 2.821700 -15.916291 -23.462434 1.378833 -7.858312 -0.000001 0.000001 -0.000000 -65.985877 0.042566 3.710093 81.292147 6.954788 -1.777293 -13.473732 15.419272 -5.311195 -6.078421 0.000009 0.000012 -0.000000 -0.000000 -0.000000 
-5.584436 81.471558 243.115219 3.936920 -23.420206 4.542495 14.135714 -15.246842 7.241114 5.272891 -7.511945 2.158753 5.160893 -7.571826 2.297955 6.398407 10.015747 -4.896256 -9.368270 33.180280 -0.315394 0.000000 -0.000000 -0.000001 0.666771 -7.539752 -7.384309 1.772697 -57.231770 29.115778 -2.449420 -68.119567 -2.642718 27.169108 -22.136081 3.865482 9.775923 16.357222 0.858850 6.053992 27.805330 -18.599835 -6.037790 60.816305 17.106993 0.000005 -0.000003 0.000001 17.472850 9.224728 -83.155764 23.312517 4.675905 -117.724102 21.566949 6.194447 -108.116772 -0.000001 0.000006 -0.000003 11.592370 8.281162 -86.537691 16.149769 12.964999 -105.880329 18.073333 11.765597 -118.360949 -0.000001 0.000001 0.000001 4.991170 7.872677 -92.729544 10.803483 17.923610 -103.552662 10.498655 17.411853 -100.924911 -0.000003 0.000000 0.000001 1.243703 8.584917 -92.369928 8.659882 15.362666 -98.315683 16.024886 19.714771 -130.655454 0.000001 -0.000001 0.000001 0.598066 3.280386 15.864733 -16.811811 29.283002 49.404818 -178.603887 54.827281 178.274959 -15.437720 6.004673 20.828418 7.289168 -17.786631 4.440311 20.544485 -23.758774 7.065917 17.377530 -52.365291 9.460095 0.000003 -0.000000 -0.000004 19.275856 -8.774066 82.782405 22.821865 -2.963197 115.997704 22.107931 -3.322706 114.153969 -0.000002 0.000000 -0.000002 11.485751 -7.534588 85.331199 16.189399 -11.109617 107.924031 15.949330 -10.923162 105.235170 -0.000002 -0.000000 0.000001 4.330914 -7.313594 92.054312 11.183934 -15.225689 101.327400 11.710477 -15.181040 103.581082 0.000003 -0.000003 -0.000005 -3.765948 -7.773547 94.669468 6.267346 -18.769746 95.066944 14.996433 -19.450022 135.720107 -0.000001 -0.000003 -0.000001 -5.743671 21.015801 13.608361 61.820554 11.437052 8.424694 -16.631253 2.502326 -14.991577 -24.090806 1.459628 -7.991276 0.000000 -0.000002 -0.000000 -66.244516 0.078289 3.129870 81.396778 6.876972 -1.611886 -12.975948 14.748055 -5.079386 -6.405853 0.000005 0.000012 -0.000000 0.000000 0.000000 
-5.669145 81.328758 242.232742 3.396688 -21.781878 4.357675 14.410408 -14.642713 7.326579 5.451833 -7.202042 2.247563 5.345178 -7.263423 2.377066 6.121533 9.792937 -4.734314 -9.900274 31.729620 0.092852 -0.000001 0.000000 -0.000002 0.673773 -7.353269 -7.074818 2.515488 -58.533560 30.378479 -2.026544 -64.129083 -2.257083 27.521762 -22.163247 4.143591 9.775923 16.357224 0.858858 6.053991 27.805343 -18.599817 -6.037798 60.816298 17.107016 0.000003 0.000001 0.000001 17.472850 9.224755 -83.155764 23.312540 4.675905 -117.724102 21.566959 6.194457 -108.116779 0.000002 -0.000000 -0.000002 11.592372 8.281166 -86.537698 16.149742 12.964997 -105.880308 18.073346 11.765589 -118.360936 -0.000000 -0.000002 0.000000 4.991170 7.872700 -92.729524 10.803495 17.923610 -103.552635 10.498644 17.411855 -100.924917 0.000001 -0.000000 -0.000003 1.243705 8.584926 -92.369942 8.659897 15.362670 -98.315696 16.024898 19.714760 -130.655467 0.000001 0.000000 -0.000001 0.593632 3.361829 15.945734 -16.990980 29.102326 48.045555 -178.598368 54.932780 178.270492 -15.636031 5.851269 19.830855 7.289168 -17.786636 4.440311 20.544480 -23.758781 7.065899 17.377547 -52.365291 9.460104 -0.000000 -0.000000 -0.000004 19.275837 -8.774046 82.782398 22.821873 -2.963198 115.997731 22.107934 -3.322701 114.153990 0.000002 0.000003 -0.000000 11.485752 -7.534565 85.331213 16.189413 -11.109625 107.924010 15.949320 -10.923145 105.235170 -0.000000 0.000001 -0.000002 4.330893 -7.313578 92.054312 11.183935 -15.225709 101.327379 11.710478 -15.181050 103.581082 -0.000001 0.000001 -0.000001 -3.765954 -7.773538 94.669468 6.267343 -18.769771 95.066958 14.996440 -19.450031 135.720094 0.000001 0.000007 0.000002 -9.418722 19.868382 15.011294 65.730325 12.445219 8.396915 -14.954506 2.151362 -14.075187 -24.310132 1.525290 -8.069583 0.000002 -0.000001 -0.000000 -66.358833 0.150474 2.657170 81.347027 6.781762 -1.471687 -12.497738 13.934967 -4.850727 -6.686650 0.000009 0.000007 0.000000 -0.000000 -0.000000 
-5.723507 81.179779 241.265030 2.785272 -20.168066 4.138561 14.735619 -13.992333 7.444391 5.650588 -6.877051 2.336993 5.549638 -6.940142 2.457020 5.769810 9.508687 -4.642106 -10.364132 29.938095 0.602805 -0.000002 0.000001 -0.000000 0.675950 -7.182756 -6.893802 3.023502 -60.221252 31.199126 -1.638652 -59.081724 -1.917124 27.986557 -21.661189 3.294953 9.775922 16.357232 0.858851 6.054018 27.805335 -18.599819 -6.037813 60.816305 17.107016 -0.000000 0.000001 0.000002 17.472847 9.224736 -83.155784 23.312508 4.675930 -117.724061 21.566942 6.194459 -108.116799 -0.000003 0.000001 -0.000001 11.592383 8.281155 -86.537698 16.149774 12.964988 -105.880308 18.073343 11.765595 -118.360949 0.000001 0.000002 0.000002 4.991184 7.872681 -92.729565 10.803499 17.923603 -103.552655 10.498663 17.411849 -100.924911 0.000000 -0.000001 -0.000001 1.243701 8.584907 -92.369935 8.659877 15.362668 -98.315690 16.024906 19.714772 -130.655481 0.000001 0.000004 -0.000001 0.590987 3.409064 15.923707 -17.136480 28.721994 46.204297 -178.595950 54.979051 178.268538 -16.195173 5.789247 18.965461 7.289176 -17.786629 4.440307 20.544483 -23.758779 7.065915 17.377535 -52.365271 9.460102 0.000000 -0.000001 -0.000001 19.275853 -8.774070 82.782405 22.821880 -2.963196 115.997731 22.107936 -3.322692 114.153976 0.000000 0.000003 -0.000002 11.485769 -7.534570 85.331206 16.189394 -11.109625 107.924003 15.949313 -10.923151 105.235156 -0.000000 -0.000005 -0.000005 4.330900 -7.313581 92.054312 11.183933 -15.225702 101.327373 11.710464 -15.181033 103.581069 -0.000002 -0.000000 -0.000003 -3.765949 -7.773549 94.669475 6.267354 -18.769747 95.066958 14.996442 -19.450029 135.720080 0.000001 -0.000003 0.000004 -13.370456 18.436873 16.292356 70.022464 13.757518 8.251700 -12.896057 1.819401 -13.316892 -23.529884 1.535945 -8.025891 0.000000 -0.000002 -0.000001 -66.348000 0.259391 2.328879 81.190486 6.669181 -1.397050 -12.081296 12.975415 -4.648422 -6.928360 0.000002 0.000009 -0.000000 -0.000000 -0.000000 
-5.740600 81.039795 240.201706 2.122439 -18.595473 3.962295 15.053942 -13.363213 7.548476 5.846809 -6.557919 2.408231 5.751242 -6.623232 2.519019 5.367355 9.150218 -4.612344 -10.666356 27.735882 1.215178 0.000000 -0.000001 0.000002 0.671511 -7.085457 -6.961413 3.681363 -62.115981 31.975237 -1.303494 -53.078821 -1.640540 28.239728 -20.167291 1.005948 9.775944 16.357238 0.858848 6.054006 27.805335 -18.599828 -6.037791 60.816305 17.107008 0.000002 -0.000001 0.000002 17.472860 9.224736 -83.155791 23.312522 4.675892 -117.724116 21.566949 6.194456 -108.116772 0.000001 -0.000001 0.000002 11.592388 8.281171 -86.537684 16.149776 12.964994 -105.880322 18.073353 11.765587 -118.360949 -0.000000 0.000002 0.000001 4.991192 7.872684 -92.729551 10.803493 17.923624 -103.552641 10.498655 17.411861 -100.924911 -0.000000 0.000001 -0.000000 1.243709 8.584929 -92.369928 8.659903 15.362673 -98.315690 16.024898 19.714772 -130.655467 0.000000 -0.000002 0.000002 0.590782 3.412122 15.801957 -17.227846 28.109621 43.930189 -178.597057 54.958065 178.269440 -17.131052 5.877771 18.198325 7.289175 -17.786654 4.440300 20.544482 -23.758753 7.065922 17.377548 -52.365278 9.460108 -0.000003 -0.000001 -0.000002 19.275849 -8.774060 82.782425 22.821870 -2.963212 115.997745 22.107912 -3.322718 114.153983 0.000002 -0.000000 0.000001 11.485745 -7.534572 85.331213 16.189401 -11.109625 107.924038 15.949315 -10.923160 105.235156 -0.000000 -0.000000 0.000001 4.330894 -7.313580 92.054312 11.183921 -15.225713 101.327373 11.710474 -15.181048 103.581082 0.000005 -0.000002 0.000000 -3.765936 -7.773554 94.669468 6.267338 -18.769747 95.066951 14.996447 -19.450038 135.720107 0.000002 -0.000003 -0.000000 -17.407468 16.708564 17.231316 74.606812 14.644720 7.948680 -10.668026 1.926542 -12.671323 -21.638080 1.474114 -7.843193 0.000001 -0.000002 0.000001 -66.227604 0.438241 2.106303 80.903386 6.536794 -1.415743 -11.680038 11.900593 -4.467494 -7.106190 0.000005 0.000016 0.000000 -0.000000 0.000000 
-5.705007 80.919121 239.053635 1.434161 -17.112375 3.844634 15.323608 -12.786655 7.635855 6.020922 -6.262419 2.456176 5.930122 -6.330390 2.558114 4.940229 8.695962 -4.617889 -10.756170 25.047567 1.898552 0.000001 0.000000 0.000001 0.659874 -7.114337 -7.344642 5.276967 -63.879938 33.491040 -1.032046 -46.580763 -1.434878 27.995865 -17.595901 -2.355319 9.775920 16.357244 0.858859 6.053996 27.805345 -18.599823 -6.037771 60.816298 17.106987 -0.000002 0.000004 -0.000003 17.472831 9.224760 -83.155750 23.312546 4.675915 -117.724102 21.566954 6.194440 -108.116792 0.000002 -0.000002 -0.000001 11.592373 8.281174 -86.537684 16.149779 12.965000 -105.880343 18.073352 11.765598 -118.360949 0.000002 0.000001 0.000000 4.991164 7.872692 -92.729524 10.803507 17.923618 -103.552662 10.498656 17.411856 -100.924911 -0.000003 -0.000000 -0.000001 1.243696 8.584926 -92.369907 8.659894 15.362663 -98.315703 16.024898 19.714774 -130.655454 0.000002 0.000000 -0.000002 0.593034 3.367891 15.588916 -17.297693 27.227518 41.310801 -178.602876 54.846183 178.274166 -18.375736 6.141662 17.458256 7.289180 -17.786648 4.440295 20.544494 -23.758767 7.065897 17.377540 -52.365295 9.460119 -0.000002 -0.000001 0.000001 19.275859 -8.774048 82.782412 22.821872 -2.963195 115.997731 22.107917 -3.322703 114.153976 -0.000001 -0.000000 -0.000001 11.485760 -7.534565 85.331206 16.189401 -11.109619 107.924044 15.949328 -10.923159 105.235170 0.000003 -0.000001 -0.000005 4.330912 -7.313580 92.054305 11.183944 -15.225707 101.327400 11.710481 -15.181033 103.581055 -0.000001 -0.000001 -0.000000 -3.765945 -7.773546 94.669468 6.267347 -18.769751 95.066951 14.996435 -19.450019 135.720094 -0.000000 -0.000005 0.000001 -21.361785 14.766630 17.692314 79.402336 14.874485 7.450557 -8.623296 2.245324 -12.241296 -18.358053 1.303143 -7.431749 0.000001 0.000000 0.000000 -66.029447 0.687686 1.973663 80.474737 6.395091 -1.534033 -11.216345 10.775085 -4.281210 -6.830030 0.000003 0.000012 0.000000 -0.000000 -0.000000 
-5.595078 80.821808 237.845947 0.732555 -15.791573 3.782990 15.524105 -12.276346 7.695105 6.162794 -5.998377 2.487756 6.076312 -6.068785 2.581589 4.519819 8.123211 -4.612548 -10.628086 21.833197 2.592879 -0.000000 -0.000000 -0.000001 0.641286 -7.282294 -7.996408 8.806813 -65.027171 36.684997 -0.826976 -40.363163 -1.295564 27.179397 -14.258168 -6.012084 9.775927 16.357239 0.858856 6.053995 27.805347 -18.599835 -6.037772 60.816291 17.107011 0.000000 0.000005 -0.000000 17.472840 9.224737 -83.155770 23.312515 4.675918 -117.724102 21.566940 6.194455 -108.116806 0.000001 -0.000001 -0.000002 11.592360 8.281164 -86.537691 16.149765 12.965006 -105.880308 18.073365 11.765595 -118.360936 -0.000001 0.000002 -0.000001 4.991170 7.872685 -92.729531 10.803468 17.923600 -103.552641 10.498626 17.411867 -100.924924 -0.000002 -0.000000 -0.000000 1.243691 8.584928 -92.369928 8.659907 15.362666 -98.315703 16.024893 19.714772 -130.655454 -0.000001 0.000001 -0.000001 0.596816 3.288605 15.314126 -17.447718 26.060090 38.456390 -178.615102 54.610675 178.284057 -19.791332 6.574371 16.645791 7.289186 -17.786651 4.440306 20.544480 -23.758740 7.065925 17.377535 -52.365322 9.460117 -0.000000 -0.000001 -0.000001 19.275856 -8.774051 82.782405 22.821866 -2.963195 115.997731 22.107934 -3.322719 114.153956 0.000000 0.000003 -0.000001 11.485761 -7.534566 85.331206 16.189413 -11.109612 107.924003 15.949316 -10.923134 105.235183 0.000004 0.000001 -0.000002 4.330897 -7.313563 92.054305 11.183938 -15.225728 101.327400 11.710476 -15.181021 103.581082 0.000001 -0.000003 -0.000001 -3.765926 -7.773536 94.669482 6.267329 -18.769746 95.066972 14.996444 -19.450055 135.720094 -0.000001 -0.000002 -0.000000 -25.136315 12.809820 17.633832 84.343213 15.137793 6.755798 -7.158766 1.603952 -12.249132 -12.747593 0.950776 -6.502848 0.000001 0.000004 -0.000000 -65.800267 1.039561 1.916838 79.938376 6.291044 -1.745407 -10.646192 9.639325 -3.879897 -6.547710 -0.000001 0.000010 0.000000 -0.000000 -0.000000 
-5.396601 80.757256 236.592163 0.003791 -14.724382 3.724396 15.671403 -11.825295 7.742363 6.273506 -5.764093 2.511796 6.191362 -5.835805 2.598731 4.147563 7.419169 -4.550209 -10.301886 18.116868 3.233297 -0.000002 0.000000 0.000002 0.616895 -7.550197 -8.778543 13.262801 -65.242377 40.358744 -0.686721 -35.325670 -1.211040 25.436967 -10.823794 -9.101534 9.775928 16.357226 0.858848 6.054000 27.805353 -18.599819 -6.037787 60.816298 17.107006 0.000003 0.000003 -0.000001 17.472860 9.224748 -83.155750 23.312532 4.675907 -117.724089 21.566949 6.194450 -108.116772 0.000001 -0.000002 0.000001 11.592390 8.281160 -86.537711 16.149767 12.965000 -105.880322 18.073343 11.765599 -118.360949 0.000001 -0.000000 0.000000 4.991191 7.872670 -92.729571 10.803481 17.923627 -103.552635 10.498662 17.411861 -100.924911 -0.000003 0.000000 -0.000000 1.243719 8.584909 -92.369928 8.659882 15.362660 -98.315717 16.024889 19.714772 -130.655467 -0.000002 -0.000001 0.000000 0.600691 3.198132 15.019180 -17.829625 24.665215 35.502801 -178.633380 54.252415 178.298796 -21.199037 7.143374 15.644656 7.289186 -17.786629 4.440335 20.544463 -23.758782 7.065905 17.377560 -52.365305 9.460118 0.000000 -0.000009 -0.000000 19.275856 -8.774061 82.782425 22.821877 -2.963215 115.997731 22.107929 -3.322721 114.153983 -0.000001 -0.000002 0.000001 11.485755 -7.534569 85.331213 16.189404 -11.109604 107.924003 15.949320 -10.923156 105.235170 -0.000000 0.000003 -0.000003 4.330893 -7.313574 92.054305 11.183944 -15.225709 101.327407 11.710477 -15.181040 103.581035 -0.000002 -0.000001 0.000001 -3.765936 -7.773544 94.669489 6.267338 -18.769747 95.066978 14.996449 -19.450050 135.720107 0.000002 -0.000002 -0.000002 -28.541882 11.013237 17.149942 89.238266 14.060641 5.895719 -6.230966 1.046894 -12.758536 -6.350692 0.416638 -4.447591 -0.000001 0.000002 -0.000001 -65.532557 1.494278 1.984561 79.289467 6.239064 -2.044948 -9.931842 8.536854 -3.092682 -6.297472 0.000001 0.000009 -0.000000 0.000000 0.000000 
-5.097667 80.737991 235.308167 -0.785108 -14.012900 3.618309 15.796663 -11.414205 7.779949 6.360835 -5.551875 2.529055 6.283481 -5.623072 2.610695 3.877667 6.588785 -4.404258 -9.785498 13.987833 3.780499 -0.000001 -0.000000 -0.000000 0.589342 -7.853457 -9.547795 16.695668 -64.257149 42.496723 -0.603509 -32.005679 -1.165950 23.024937 -8.544451 -11.266397 9.775907 16.357238 0.858849 6.054020 27.805355 -18.599840 -6.037810 60.816278 17.107020 0.000003 -0.000001 0.000000 17.472840 9.224743 -83.155770 23.312522 4.675916 -117.724102 21.566951 6.194459 -108.116772 -0.000002 -0.000001 0.000001 11.592360 8.281172 -86.537691 16.149767 12.964997 -105.880329 18.073348 11.765587 -118.360963 -0.000001 -0.000001 0.000001 4.991171 7.872705 -92.729544 10.803508 17.923632 -103.552648 10.498666 17.411849 -100.924938 -0.000002 -0.000001 0.000001 1.243693 8.584926 -92.369914 8.659889 15.362680 -98.315690 16.024889 19.714781 -130.655454 -0.000000 -0.000001 -0.000000 0.603649 3.118361 14.729923 -18.586249 23.201215 32.618706 -178.654048 53.840663 178.315434 -22.412561 7.794796 14.339528 7.289182 -17.786665 4.440307 20.544495 -23.758767 7.065909 17.377569 -52.365291 9.460132 0.000004 -0.000001 0.000002 19.275871 -8.774070 82.782405 22.821870 -2.963187 115.997731 22.107929 -3.322714 114.153976 -0.000001 -0.000002 -0.000002 11.485757 -7.534581 85.331206 16.189389 -11.109624 107.924024 15.949322 -10.923148 105.235156 0.000001 -0.000001 0.000003 4.330897 -7.313590 92.054305 11.183946 -15.225711 101.327407 11.710478 -15.181048 103.581076 0.000001 -0.000002 -0.000001 -3.765927 -7.773560 94.669475 6.267338 -18.769747 95.066972 14.996457 -19.450038 135.720107 -0.000000 -0.000000 0.000000 -31.406330 9.546351 16.366494 93.800846 11.227657 4.964621 -5.700695 1.037843 -13.960174 -1.585301 0.007621 -0.616204 0.000001 0.000001 -0.000001 -65.103738 2.001760 2.270652 78.441649 6.213281 -2.436812 -9.071346 7.542668 -2.212424 -6.074887 0.000003 0.000008 0.000000 -0.000000 -0.000000 
-4.694290 80.778702 234.004227 -1.662914 -13.739138 3.437006 15.921763 -11.018161 7.791070 6.431608 -5.350228 2.531543 6.359850 -5.418777 2.609566 3.770953 5.654166 -4.171405 -9.055003 9.574222 4.240792 -0.000001 0.000001 0.000000 0.561246 -8.142689 -10.232446 21.311379 -60.798738 45.615791 -0.594859 -31.645667 -1.161509 18.192012 -6.732767 -12.319266 9.775933 16.357220 0.858832 6.053991 27.805333 -18.599794 -6.037792 60.816305 17.107013 0.000002 0.000001 0.000001 17.472855 9.224743 -83.155770 23.312523 4.675903 -117.724116 21.566944 6.194451 -108.116813 0.000000 -0.000000 0.000001 11.592378 8.281159 -86.537698 16.149764 12.964991 -105.880329 18.073355 11.765592 -118.360949 -0.000001 -0.000000 0.000000 4.991179 7.872678 -92.729544 10.803499 17.923632 -103.552648 10.498667 17.411853 -100.924924 0.000002 0.000000 0.000002 1.243709 8.584918 -92.369942 8.659891 15.362673 -98.315696 16.024911 19.714771 -130.655467 -0.000000 -0.000001 0.000001 0.605366 3.058004 14.440096 -19.793975 21.893441 29.992863 -178.670768 53.500698 178.328781 -23.265964 8.459395 12.640710 7.289162 -17.786634 4.440315 20.544497 -23.758775 7.065919 17.377528 -52.365315 9.460114 -0.000001 -0.000005 0.000001 19.275864 -8.774041 82.782419 22.821851 -2.963201 115.997704 22.107929 -3.322707 114.153983 0.000001 -0.000001 -0.000001 11.485748 -7.534559 85.331213 16.189392 -11.109636 107.924017 15.949320 -10.923159 105.235170 -0.000002 -0.000003 -0.000002 4.330903 -7.313577 92.054332 11.183928 -15.225721 101.327400 11.710468 -15.181041 103.581035 -0.000003 0.000004 -0.000000 -3.765934 -7.773542 94.669468 6.267339 -18.769744 95.066958 14.996442 -19.450026 135.720107 -0.000001 0.000003 0.000001 -33.626490 8.523348 15.379091 97.742083 7.492116 4.073805 -5.391325 1.089843 -15.925503 -0.754402 0.000005 0.000003 0.000005 0.000000 0.000000 -64.441660 2.535005 2.801629 77.338799 6.210072 -2.924706 -8.092143 6.710988 -1.257358 -5.838151 0.000003 0.000009 -0.000000 0.000000 -0.000000 
-4.162838 80.838799 232.640793 -2.626320 -13.944979 3.126016 16.053251 -10.584482 7.799338 6.486537 -5.145513 2.512903 6.421325 -5.209191 2.588597 3.877070 4.647889 -3.866230 -8.077301 5.010593 4.661587 0.000000 0.000002 -0.000000 0.533224 -8.402703 -10.842884 26.393772 -55.226563 49.048487 -0.673293 -34.806658 -1.203474 11.296814 -5.126242 -12.412545 9.775927 16.357227 0.858843 6.054005 27.805331 -18.599821 -6.037796 60.816305 17.107001 0.000003 -0.000002 -0.000002 17.472858 9.224754 -83.155770 23.312542 4.675916 -117.724089 21.566956 6.194439 -108.116792 0.000002 -0.000000 0.000000 11.592389 8.281154 -86.537691 16.149757 12.964978 -105.880329 18.073350 11.765600 -118.360949 0.000003 -0.000000 0.000001 4.991194 7.872679 -92.729571 10.803494 17.923613 -103.552641 10.498663 17.411856 -100.924945 -0.000001 -0.000000 0.000000 1.243699 8.584913 -92.369948 8.659896 15.362673 -98.315690 16.024903 19.714771 -130.655467 0.000000 -0.000000 0.000000 0.606076 3.012500 14.122611 -21.456949 20.965851 27.799223 -178.677353 53.365634 178.334040 -23.630551 9.062442 10.508810 7.289167 -17.786644 4.440293 20.544497 -23.758787 7.065904 17.377557 -52.365305 9.460130 -0.000002 -0.000001 -0.000001 19.275846 -8.774060 82.782385 22.821860 -2.963198 115.997731 22.107949 -3.322702 114.153990 -0.000000 -0.000000 -0.000000 11.485757 -7.534574 85.331206 16.189396 -11.109635 107.924017 15.949316 -10.923138 105.235142 0.000001 -0.000001 0.000001 4.330894 -7.313569 92.054305 11.183928 -15.225713 101.327400 11.710485 -15.181045 103.581062 -0.000002 -0.000001 0.000001 -3.765931 -7.773548 94.669468 6.267349 -18.769739 95.066965 14.996440 -19.450045 135.720094 0.000001 -0.000003 0.000001 -35.258147 7.921720 14.228300 100.962436 3.401099 3.297051 -5.114042 1.166654 -18.384578 -0.633920 0.000000 -0.000004 -0.000002 0.000000 -0.000001 -63.605269 3.024949 3.575796 75.976934 6.221339 -3.493928 -6.987941 6.110403 -0.255854 -5.537470 0.000003 0.000007 -0.000000 -0.000000 0.000000 
-3.531884 80.953880 231.216095 -3.628152 -14.603086 2.727637 16.165830 -10.093371 7.763520 6.521235 -4.925613 2.479264 6.463576 -4.982010 2.553358 4.207399 3.606813 -3.512706 -6.856914 0.425573 5.097961 0.000000 0.000000 -0.000001 0.504024 -8.643051 -11.425061 29.593492 -49.867778 50.245689 -0.820648 -40.150717 -1.291536 5.165433 -3.849367 -12.509831 9.775927 16.357232 0.858849 6.054009 27.805326 -18.599819 -6.037796 60.816284 17.107001 0.000004 -0.000000 -0.000002 17.472857 9.224741 -83.155764 23.312525 4.675900 -117.724102 21.566942 6.194452 -108.116779 0.000001 -0.000000 0.000000 11.592390 8.281169 -86.537725 16.149765 12.964998 -105.880302 18.073357 11.765589 -118.360949 -0.000001 -0.000000 0.000001 4.991184 7.872690 -92.729571 10.803512 17.923620 -103.552655 10.498662 17.411851 -100.924917 -0.000003 -0.000000 0.000001 1.243714 8.584929 -92.369928 8.659885 15.362653 -98.315703 16.024896 19.714772 -130.655467 -0.000000 -0.000003 -0.000000 0.606103 2.973918 13.762084 -23.547465 20.600785 26.151254 -178.668965 53.537912 178.327333 -23.418159 9.539986 7.971046 7.289163 -17.786625 4.440300 20.544500 -23.758769 7.065927 17.377536 -52.365308 9.460107 -0.000002 0.000003 -0.000003 19.275842 -8.774047 82.782412 22.821863 -2.963205 115.997731 22.107944 -3.322702 114.153976 0.000000 -0.000001 -0.000001 11.485748 -7.534559 85.331234 16.189406 -11.109627 107.924010 15.949325 -10.923148 105.235149 -0.000002 -0.000001 -0.000001 4.330900 -7.313585 92.054305 11.183933 -15.225685 101.327366 11.710480 -15.181045 103.581076 0.000002 0.000001 0.000000 -3.765943 -7.773545 94.669468 6.267348 -18.769742 95.066944 14.996450 -19.450027 135.720094 0.000001 -0.000000 -0.000002 -36.339881 7.811505 12.805420 103.091535 1.675393 2.713381 -4.694967 -0.982484 -20.972149 -0.586672 0.000004 0.000008 -0.000002 0.000000 -0.000001 -62.584088 3.425767 4.476489 74.260924 6.259804 -4.102907 -5.736457 5.825036 0.697341 -5.154225 0.000004 0.000005 -0.000000 0.000000 0.000000 
-2.829175 81.184700 229.735275 -4.587549 -15.631918 2.281758 16.242470 -9.549089 7.676398 6.531736 -4.683071 2.446563 6.482571 -4.729525 2.519384 4.717218 2.567895 -3.129199 -5.465605 -4.043121 5.567078 0.000000 -0.000000 -0.000001 0.472305 -8.880273 -12.009418 32.208259 -45.438202 50.575416 -1.023092 -46.335030 -1.428467 -0.051428 -3.087814 -13.190469 9.775912 16.357227 0.858852 6.053998 27.805333 -18.599816 -6.037783 60.816305 17.107003 -0.000002 0.000003 0.000001 17.472838 9.224739 -83.155770 23.312537 4.675915 -117.724116 21.566949 6.194450 -108.116786 -0.000002 0.000000 0.000000 11.592381 8.281169 -86.537725 16.149762 12.965004 -105.880308 18.073352 11.765594 -118.360922 0.000002 0.000001 0.000000 4.991173 7.872694 -92.729578 10.803487 17.923630 -103.552635 10.498656 17.411851 -100.924911 -0.000002 0.000000 -0.000000 1.243705 8.584927 -92.369935 8.659901 15.362658 -98.315710 16.024894 19.714779 -130.655467 0.000000 -0.000000 -0.000000 0.605592 2.942718 13.395044 -26.037685 20.949788 25.073206 -178.641576 54.090013 178.305408 -22.574573 9.858101 5.122294 7.289185 -17.786653 4.440315 20.544482 -23.758758 7.065904 17.377557 -52.365312 9.460119 -0.000005 0.000001 -0.000001 19.275841 -8.774053 82.782405 22.821878 -2.963203 115.997731 22.107922 -3.322693 114.153990 0.000003 -0.000001 -0.000000 11.485752 -7.534562 85.331213 16.189399 -11.109612 107.924038 15.949320 -10.923156 105.235170 0.000005 0.000001 0.000002 4.330903 -7.313577 92.054305 11.183942 -15.225704 101.327379 11.710487 -15.181026 103.581082 0.000000 -0.000001 -0.000003 -3.765926 -7.773542 94.669489 6.267335 -18.769759 95.066965 14.996423 -19.450034 135.720094 -0.000000 0.000000 -0.000001 -36.899052 8.116228 11.044909 104.024232 1.680429 2.295110 -4.248648 -4.375120 -22.998642 -0.679427 0.000006 0.000001 -0.000001 -0.000001 -0.000000 -61.362454 3.687960 5.366508 72.056843 6.326940 -4.691555 -4.272261 5.934371 1.503967 -4.716402 0.000001 0.000007 0.000000 -0.000000 0.000000 
-2.063089 81.557541 228.182571 -5.417164 -16.981964 1.828178 16.287756 -8.944513 7.533649 6.519635 -4.414399 2.423652 6.479629 -4.448130 2.495431 5.318150 1.564772 -2.713519 -4.030271 -8.234255 6.023698 -0.000001 -0.000001 0.000001 0.437225 -9.130234 -12.605608 35.242390 -41.867455 51.223284 -1.275656 -52.489761 -1.618559 -5.193268 -3.192880 -14.423816 9.775929 16.357231 0.858856 6.053988 27.805347 -18.599829 -6.037818 60.816298 17.107023 0.000005 -0.000000 -0.000001 17.472848 9.224741 -83.155770 23.312539 4.675919 -117.724102 21.566968 6.194448 -108.116779 0.000000 0.000000 -0.000000 11.592377 8.281162 -86.537691 16.149765 12.964992 -105.880356 18.073340 11.765595 -118.360936 0.000000 -0.000000 0.000001 4.991176 7.872678 -92.729551 10.803481 17.923620 -103.552628 10.498656 17.411855 -100.924911 -0.000001 -0.000001 0.000001 1.243698 8.584924 -92.369914 8.659894 15.362663 -98.315690 16.024898 19.714766 -130.655454 0.000000 -0.000001 0.000000 0.604639 2.932502 13.110309 -28.885587 22.147238 24.534618 -178.589953 55.092094 178.263634 -21.070393 10.026160 2.107805 7.289170 -17.786639 4.440320 20.544478 -23.758786 7.065891 17.377567 -52.365298 9.460127 -0.000000 0.000003 0.000000 19.275846 -8.774050 82.782405 22.821860 -2.963193 115.997731 22.107929 -3.322707 114.153976 0.000003 0.000002 0.000003 11.485749 -7.534564 85.331193 16.189404 -11.109627 107.924031 15.949325 -10.923148 105.235177 0.000001 -0.000003 -0.000001 4.330903 -7.313588 92.054332 11.183945 -15.225702 101.327414 11.710486 -15.181031 103.581055 0.000000 0.000000 0.000000 -3.765932 -7.773546 94.669475 6.267334 -18.769746 95.066951 14.996449 -19.450036 135.720121 0.000001 -0.000003 0.000001 -36.942912 8.640428 8.932582 103.735834 1.433816 1.961528 -4.147161 -6.680057 -23.954606 -0.837334 0.000000 0.000006 -0.000001 0.000001 -0.000002 -59.982072 3.784214 6.162346 69.268855 6.438497 -5.210195 -2.492858 6.490480 2.091553 -4.272735 0.000001 0.000006 -0.000000 -0.000000 0.000000 
-1.258580 82.109467 226.558914 -6.054405 -18.662401 1.448967 16.321693 -8.279329 7.269420 6.493381 -4.115183 2.396809 6.462705 -4.134016 2.467726 5.916099 0.626002 -2.242411 -2.688645 -11.974858 6.388961 -0.000004 0.000002 -0.000001 0.397366 -9.404796 -13.227335 38.439325 -39.213837 52.044262 -1.590629 -58.331175 -1.876349 -10.449235 -4.528448 -16.090194 9.775926 16.357229 0.858860 6.053997 27.805350 -18.599836 -6.037776 60.816298 17.107006 0.000001 0.000001 -0.000001 17.472848 9.224735 -83.155770 23.312517 4.675919 -117.724075 21.566949 6.194448 -108.116813 -0.000000 0.000000 -0.000000 11.592381 8.281162 -86.537718 16.149755 12.964990 -105.880315 18.073343 11.765593 -118.360936 0.000000 -0.000000 0.000001 4.991171 7.872689 -92.729551 10.803498 17.923627 -103.552662 10.498656 17.411855 -100.924911 -0.000001 -0.000000 -0.000001 1.243711 8.584922 -92.369942 8.659887 15.362649 -98.315655 16.024896 19.714778 -130.655454 0.000000 -0.000000 -0.000000 0.603191 2.962175 12.984929 -31.993965 24.268144 24.537863 -178.505915 56.623634 178.194554 -18.897373 10.096837 -0.907320 7.289176 -17.786641 4.440295 20.544490 -23.758760 7.065913 17.377552 -52.365305 9.460110 -0.000003 0.000001 0.000005 19.275854 -8.774069 82.782405 22.821884 -2.963198 115.997731 22.107941 -3.322707 114.154010 -0.000001 0.000002 0.000001 11.485747 -7.534573 85.331199 16.189391 -11.109626 107.924010 15.949313 -10.923150 105.235156 0.000001 0.000001 -0.000001 4.330897 -7.313586 92.054312 11.183946 -15.225702 101.327407 11.710487 -15.181043 103.581062 -0.000004 -0.000000 0.000001 -3.765944 -7.773554 94.669455 6.267347 -18.769747 95.066972 14.996440 -19.450038 135.720080 -0.000002 0.000000 0.000001 -36.340708 9.211944 6.463466 102.037145 0.882142 1.661928 -4.822738 -7.504161 -23.867714 -0.909227 -0.000007 -0.000005 0.000001 0.000000 0.000003 -58.407447 3.748669 6.831200 65.759948 6.626019 -5.643516 -0.336289 7.494049 2.418913 -3.830121 0.000006 0.000006 -0.000000 -0.000000 0.000000 
-0.414515 82.849564 224.870209 -6.473888 -20.734484 1.224303 16.370857 -7.549687 6.783781 6.465006 -3.776213 2.331297 6.443145 -3.779708 2.401238 6.445330 -0.224041 -1.689424 -1.538868 -15.115070 6.620543 -0.000001 0.000000 -0.000000 0.350287 -9.705636 -13.907026 41.507568 -37.330221 52.915245 -2.010593 -63.951792 -2.242791 -15.805920 -6.839999 -18.342470 9.775935 16.357239 0.858842 6.053985 27.805345 -18.599819 -6.037799 60.816312 17.107013 0.000001 0.000005 0.000000 17.472841 9.224745 -83.155770 23.312520 4.675918 -117.724075 21.566963 6.194444 -108.116799 -0.000001 0.000000 0.000001 11.592370 8.281169 -86.537698 16.149764 12.964984 -105.880349 18.073335 11.765594 -118.360949 0.000001 0.000000 -0.000000 4.991171 7.872685 -92.729517 10.803482 17.923615 -103.552621 10.498652 17.411856 -100.924911 -0.000001 -0.000001 -0.000001 1.243694 8.584932 -92.369921 8.659888 15.362651 -98.315649 16.024879 19.714774 -130.655481 0.000002 -0.000001 0.000000 0.600977 3.036609 12.990776 -35.197191 27.247155 25.174448 -178.377821 58.741355 178.086924 -16.075229 10.149537 -3.773356 7.289173 -17.786634 4.440322 20.544483 -23.758793 7.065890 17.377557 -52.365267 9.460119 -0.000004 0.000002 0.000003 19.275854 -8.774047 82.782412 22.821866 -2.963197 115.997745 22.107936 -3.322711 114.153962 0.000002 -0.000000 -0.000001 11.485763 -7.534572 85.331206 16.189396 -11.109609 107.924010 15.949310 -10.923145 105.235163 0.000003 0.000000 -0.000001 4.330894 -7.313581 92.054332 11.183943 -15.225718 101.327400 11.710482 -15.181058 103.581082 0.000001 -0.000002 -0.000002 -3.765937 -7.773548 94.669475 6.267347 -18.769754 95.066978 14.996440 -19.450033 135.720107 0.000002 0.000001 -0.000001 -35.161189 10.103471 3.554373 99.013468 0.343061 1.362756 -6.492387 -6.795057 -22.549639 -7.959641 -0.436605 4.860104 0.000001 0.000001 0.000002 -56.536184 3.666274 7.369766 61.339832 6.934383 -6.001762 2.169993 8.874798 2.522585 -3.286714 0.000001 0.000004 -0.000000 0.000000 0.000000 
0.299364 83.758087 223.095764 -6.673608 -23.260254 1.088825 16.463140 -6.721763 6.093088 6.443576 -3.386129 2.190680 6.429197 -3.376312 2.258740 6.876916 -0.964509 -1.044765 -0.625024 -17.560225 6.754481 0.000000 0.000000 0.000000 0.293991 -10.016918 -14.675712 44.137441 -36.063310 53.705931 -2.655515 -69.667376 -2.834523 -21.141158 -8.812855 -21.501099 9.775930 16.357224 0.858853 6.054002 27.805353 -18.599840 -6.037836 60.816291 17.107049 -0.000000 0.000006 0.000001 17.472850 9.224737 -83.155764 23.312527 4.675911 -117.724102 21.566951 6.194441 -108.116813 -0.000002 -0.000001 0.000001 11.592375 8.281160 -86.537698 16.149769 12.965010 -105.880308 18.073369 11.765593 -118.360949 0.000002 0.000000 0.000000 4.991187 7.872679 -92.729544 10.803495 17.923613 -103.552676 10.498661 17.411848 -100.924917 -0.000002 0.000000 -0.000000 1.243695 8.584923 -92.369914 8.659898 15.362673 -98.315717 16.024898 19.714772 -130.655454 -0.000000 -0.000001 -0.000003 0.598019 3.132195 12.954896 -38.321900 30.850441 26.581915 -178.190210 61.437538 177.925076 -12.667131 10.265009 -6.379999 7.269498 -17.783473 4.416496 20.503818 -23.742967 7.038460 17.302969 -52.268395 9.411703 -0.000002 0.000003 -0.000000 19.202986 -8.791257 82.605571 22.788479 -3.004361 115.775709 22.072917 -3.360639 113.934071 -0.000002 0.000002 0.000003 11.453032 -7.532691 85.151804 16.153081 -11.122666 107.739411 15.907791 -10.937151 105.025155 0.000001 -0.000001 -0.000003 4.328821 -7.291053 91.884581 11.152134 -15.224031 101.176815 11.677549 -15.180696 103.425204 -0.000000 0.000001 0.000000 -3.750996 -7.728249 94.511575 6.233078 -18.755322 94.905007 14.959573 -19.458966 135.558163 0.000002 -0.000002 0.000001 -33.409286 10.944600 0.530466 94.843358 -0.200609 1.061710 -9.129988 -4.853235 -20.383981 -20.853954 -1.219997 7.836732 -0.000002 -0.000002 -0.000002 -54.224472 3.471623 7.980904 55.753492 7.307241 -6.251364 5.116920 10.487660 2.315951 -0.708465 0.000004 0.000001 -0.000000 0.000000 0.000000 
0.997968 84.750931 221.212936 -6.649359 -26.244746 0.950989 16.590671 -5.780237 5.249938 6.428182 -2.939725 1.960426 6.419461 -2.920757 2.024617 7.204796 -1.581534 -0.323039 0.037900 -19.288608 6.875207 0.000002 -0.000001 0.000000 0.230256 -10.303958 -15.517433 46.087702 -35.289374 54.221467 -3.882113 -75.758116 -4.005419 -26.707286 -9.135177 -24.901569 9.775929 16.357224 0.858846 6.054003 27.805338 -18.599823 -6.037813 60.816291 17.107028 0.000001 0.000003 -0.000000 17.472855 9.224739 -83.155798 23.312534 4.675923 -117.724075 21.566963 6.194450 -108.116779 -0.000001 -0.000000 -0.000001 11.592375 8.281165 -86.537732 16.149772 12.964995 -105.880336 18.073338 11.765597 -118.360936 0.000002 0.000001 0.000000 4.991169 7.872686 -92.729544 10.803488 17.923622 -103.552635 10.498666 17.411855 -100.924952 0.000002 0.000000 0.000001 1.243710 8.584927 -92.369928 8.659910 15.362660 -98.315717 16.024898 19.714760 -130.655467 -0.000004 0.000001 0.000000 0.595037 3.209684 12.628565 -41.305880 34.760991 28.848236 -177.919147 64.653034 177.684380 -8.792475 10.504215 -8.664617 7.113114 -17.757899 4.227094 20.181088 -23.616166 6.820390 16.720846 -51.496122 9.035667 -0.000002 0.000004 0.000002 18.622188 -8.916430 81.198320 22.517308 -3.326913 114.009600 21.789260 -3.657386 112.184621 -0.000001 0.000000 -0.000000 11.193026 -7.514635 83.725524 15.862851 -11.222339 106.270961 15.575599 -11.042964 103.354730 0.000003 -0.000001 -0.000005 4.314398 -7.115023 90.534998 10.899420 -15.207944 99.979879 11.415823 -15.174862 102.185921 0.000001 0.000000 -0.000002 -3.628038 -7.374276 93.255216 5.962349 -18.637356 93.618159 14.665454 -19.526512 134.270167 -0.000006 -0.000001 0.000000 -31.480728 11.756512 -2.174907 90.066296 -0.699154 0.739714 -12.381342 -2.295477 -17.470847 -27.606202 -1.604661 8.855701 0.000001 -0.000001 -0.000001 -51.838745 3.132627 8.727944 49.305790 7.690643 -6.267405 8.686575 11.973848 1.766708 0.000008 -0.000001 0.000002 -0.000000 0.000000 0.000000 
1.682606 85.621033 219.249115 -6.379201 -29.608699 0.749953 16.706159 -4.746119 4.332185 6.407061 -2.446887 1.660810 6.402311 -2.423488 1.718311 7.422639 -2.072506 0.437371 0.436073 -20.351742 7.049853 0.000000 0.000001 -0.000001 0.167676 -10.520354 -16.339274 47.257457 -34.907140 54.186647 -7.239779 -82.229563 -7.304559 -33.326248 -7.927186 -26.692261 9.775929 16.357217 0.858846 6.054003 27.805345 -18.599814 -6.037788 60.816298 17.106986 0.000002 -0.000002 -0.000001 17.472848 9.224737 -83.155770 23.312530 4.675910 -117.724116 21.566958 6.194444 -108.116779 -0.000001 0.000001 -0.000001 11.592380 8.281174 -86.537677 16.149774 12.964983 -105.880302 18.073343 11.765589 -118.360963 0.000001 0.000001 0.000002 4.991178 7.872676 -92.729531 10.803487 17.923624 -103.552662 10.498656 17.411861 -100.924917 -0.000003 -0.000000 0.000000 1.243713 8.584916 -92.369928 8.659888 15.362661 -98.315710 16.024884 19.714769 -130.655467 -0.000002 -0.000001 -0.000002 0.592533 3.250494 11.841692 -44.279416 38.740365 31.950184 -177.515442 68.349874 177.315099 -4.629143 10.902126 -10.608319 6.817090 -17.707294 3.868401 19.572339 -23.370541 6.407197 15.667838 -50.023257 8.363591 0.000001 -0.000004 -0.000003 17.515977 -9.097797 78.524752 21.976318 -3.914710 110.656441 21.227026 -4.195513 108.863127 0.000004 0.000001 -0.000000 10.701433 -7.465404 81.022675 15.305791 -11.391078 103.485180 14.937709 -11.217261 100.185563 0.000001 -0.000002 -0.000001 4.297019 -6.797132 87.976347 10.421719 -15.163459 97.711785 10.920434 -15.148827 99.837374 0.000001 -0.000001 -0.000002 -3.375639 -6.733808 90.868003 5.457743 -18.398100 91.183401 14.103576 -19.637330 131.826640 0.000007 0.000001 0.000000 -29.840885 12.824151 -4.186553 85.687032 -1.169614 0.318409 -16.960178 0.234432 -12.714027 -28.328068 -1.225206 7.794918 -0.000001 -0.000002 -0.000002 -50.053368 2.516681 9.560969 43.636894 7.821495 -5.789569 9.217986 12.522789 1.154135 0.000003 0.000002 0.000002 0.000001 -0.000000 0.000000 
2.322898 86.299469 217.197083 -5.833144 -33.209879 0.529378 16.749726 -3.674872 3.389271 6.368240 -1.936490 1.340454 6.366225 -1.911505 1.388376 7.504668 -2.448425 1.179252 0.562255 -20.862543 7.290676 0.000000 -0.000001 0.000001 0.119600 -10.623201 -17.002217 47.190921 -34.823651 53.142772 -43.215440 -88.560684 -43.221157 -42.070335 -6.668765 -25.051474 9.775930 16.357222 0.858846 6.053999 27.805345 -18.599831 -6.037804 60.816319 17.107011 0.000001 0.000003 -0.000000 17.472845 9.224755 -83.155784 23.312532 4.675921 -117.724102 21.566954 6.194437 -108.116799 0.000002 0.000000 0.000002 11.592375 8.281168 -86.537704 16.149762 12.965002 -105.880315 18.073357 11.765599 -118.360936 0.000001 0.000001 0.000000 4.991174 7.872692 -92.729551 10.803489 17.923620 -103.552628 10.498646 17.411851 -100.924911 0.000002 -0.000001 0.000000 1.243703 8.584919 -92.369921 8.659888 15.362668 -98.315703 16.024916 19.714781 -130.655467 -0.000000 -0.000001 0.000001 0.590137 3.285681 10.680474 -47.519644 42.785388 35.690542 -176.853815 72.586756 176.692418 -0.398555 11.474066 -12.235258 6.401378 -17.631363 3.364209 18.722370 -23.012979 5.826313 14.288402 -47.931498 7.498741 0.000000 -0.000002 -0.000002 15.955090 -9.228823 74.751906 21.157891 -4.686184 105.924035 20.384157 -4.895760 104.176040 -0.000001 0.000002 -0.000002 10.013600 -7.362901 77.220363 14.508526 -11.583127 99.559542 14.024856 -11.403347 95.719746 -0.000002 -0.000001 -0.000000 4.291491 -6.385389 84.373402 9.753567 -15.070035 94.521663 10.226154 -15.079022 96.533468 -0.000000 0.000002 -0.000002 -2.982116 -5.901567 87.494723 4.767875 -18.027509 87.766756 13.304877 -19.754826 128.383610 -0.000000 0.000000 -0.000001 -28.534628 14.471363 -5.426659 81.905737 -0.489633 -0.298504 -23.352564 1.152166 -5.232466 -22.855293 -0.237164 3.543443 0.000000 0.000003 0.000001 -48.823346 1.447113 10.295902 38.844870 7.884946 -4.297035 7.455186 10.977419 -0.447558 -0.000004 0.000001 0.000002 -0.000001 0.000000 0.000000 
2.882540 86.758987 215.053040 -5.006840 -36.818623 0.368081 16.705968 -2.667351 2.493657 6.317874 -1.450197 1.051746 6.317795 -1.423779 1.088350 7.401953 -2.734250 1.842864 0.437105 -20.976937 7.564923 0.000001 0.000002 -0.000000 0.096866 -10.590285 -17.397607 45.648743 -35.069746 50.768748 9.945716 -95.689857 9.999873 -52.670389 -7.240085 -19.128090 9.775943 16.357222 0.858853 6.053992 27.805343 -18.599824 -6.037798 60.816291 17.107008 0.000002 0.000001 -0.000000 17.472862 9.224754 -83.155770 23.312539 4.675912 -117.724102 21.566947 6.194456 -108.116772 -0.000003 -0.000001 -0.000001 11.592393 8.281162 -86.537684 16.149760 12.964989 -105.880308 18.073355 11.765578 -118.360949 0.000002 0.000000 -0.000000 4.991179 7.872696 -92.729551 10.803496 17.923629 -103.552648 10.498661 17.411855 -100.924911 -0.000000 -0.000000 -0.000000 1.243709 8.584939 -92.369935 8.659894 15.362670 -98.315696 16.024903 19.714769 -130.655454 0.000001 -0.000001 -0.000000 0.588493 3.376417 9.546210 -51.248890 47.197154 39.637483 -175.541012 77.512060 175.424407 3.657527 12.217410 -13.616119 5.886216 -17.529358 2.738574 17.677166 -22.549277 5.105468 12.722889 -45.302947 6.537469 0.000000 -0.000003 0.000000 14.026273 -9.190015 70.053924 20.054549 -5.546965 100.018667 19.259545 -5.666614 98.328653 0.000002 0.000000 -0.000002 9.168050 -7.181750 72.496885 13.501069 -11.746537 94.672931 12.873292 -11.536577 90.161461 -0.000000 0.000004 -0.000000 4.308241 -5.932786 79.890674 8.932575 -14.904106 90.560105 9.371167 -14.938641 92.429788 -0.000002 -0.000001 0.000002 -2.441274 -4.982974 83.278318 3.946653 -17.513503 83.536704 12.303192 -19.837550 124.098759 0.000003 -0.000002 -0.000001 -28.011815 16.154378 -5.300981 78.306664 1.875828 -1.147363 -27.897645 0.079031 -0.438909 -18.074434 -0.019679 1.051218 -0.000000 0.000003 0.000001 -48.151553 -0.187717 10.838393 35.631919 8.031490 -1.487828 2.509675 6.890649 -4.243368 0.000004 0.000003 0.000001 -0.000000 0.000002 0.000000 
3.376087 87.023102 212.858810 -3.960082 -40.132556 0.378772 16.633249 -1.869105 1.676349 6.290512 -1.028292 0.824686 6.291631 -0.998742 0.850036 7.059524 -2.967718 2.395221 0.111501 -20.873464 7.823751 0.000001 -0.000001 -0.000000 0.101115 -10.431037 -17.507737 42.713650 -36.061637 46.974377 4.650463 -101.982640 4.761541 -61.805678 -10.135672 -10.528764 9.775929 16.357234 0.858859 6.054003 27.805333 -18.599824 -6.037818 60.816312 17.107034 0.000001 -0.000002 -0.000002 17.472864 9.224762 -83.155770 23.312530 4.675924 -117.724089 21.566952 6.194467 -108.116779 0.000000 -0.000000 0.000000 11.592382 8.281161 -86.537698 16.149769 12.964975 -105.880322 18.073346 11.765592 -118.360949 -0.000000 -0.000000 0.000000 4.991175 7.872688 -92.729531 10.803490 17.923630 -103.552648 10.498662 17.411863 -100.924945 -0.000000 -0.000001 -0.000001 1.243711 8.584924 -92.369907 8.659889 15.362651 -98.315703 16.024898 19.714771 -130.655454 0.000000 -0.000001 0.000000 0.589030 3.542108 8.878036 -55.573288 52.341044 43.424618 -171.609500 83.269193 171.544941 7.298490 13.097436 -14.859650 5.291837 -17.400653 2.015487 16.483009 -21.985730 4.272898 11.090800 -42.222939 5.555366 -0.000000 -0.000003 0.000001 11.839307 -8.870076 64.616233 18.671164 -6.396152 93.147695 17.864223 -6.411136 91.527902 0.000001 0.000002 0.000001 8.206912 -6.898434 67.031408 12.320773 -11.829923 89.006968 11.529897 -11.553354 83.718981 0.000001 -0.000004 0.000001 4.347932 -5.491438 74.692025 7.999991 -14.644037 85.979050 8.397553 -14.702679 87.683407 -0.000001 -0.000001 -0.000001 -1.762350 -4.083493 78.362542 3.050896 -16.848111 78.662189 11.138106 -19.845038 119.132515 -0.000000 -0.000000 0.000003 -28.178536 17.810131 -4.191719 75.206960 4.199255 -2.194755 -31.410056 -1.030856 3.001865 -14.074581 0.000010 0.000004 -0.000000 -0.000001 -0.000000 -47.437525 -2.187829 11.099195 33.402856 9.877501 2.370073 -4.510815 0.237220 -10.629484 -0.000002 0.000006 0.000004 0.000000 0.000001 -0.000000 
3.823046 87.167587 210.672104 -2.836811 -42.937257 0.521996 16.648077 -1.286607 1.008527 6.335563 -0.694752 0.659700 6.337154 -0.660025 0.675477 6.445752 -3.194754 2.851672 -0.341556 -20.733423 8.029242 -0.000002 0.000000 -0.000002 0.124830 -10.184786 -17.399912 37.950577 -38.099605 41.575792 3.193160 -107.163810 3.351310 -66.253163 -13.097963 -3.698887 9.775934 16.357231 0.858844 6.053993 27.805336 -18.599821 -6.037807 60.816291 17.107037 0.000003 0.000002 -0.000003 17.472852 9.224737 -83.155770 23.312523 4.675905 -117.724102 21.566947 6.194449 -108.116779 0.000000 -0.000000 0.000001 11.592391 8.281156 -86.537691 16.149755 12.964987 -105.880315 18.073355 11.765598 -118.360949 0.000000 0.000000 -0.000000 4.991185 7.872686 -92.729571 10.803477 17.923624 -103.552621 10.498652 17.411856 -100.924931 0.000000 -0.000001 -0.000001 1.243703 8.584908 -92.369935 8.659880 15.362668 -98.315696 16.024918 19.714784 -130.655481 0.000000 -0.000002 -0.000001 0.590458 3.717500 8.716435 -60.657428 58.187242 47.268840 -89.346060 89.013402 89.342330 10.293526 14.026078 -16.073711 4.638560 -17.245403 1.219118 15.185662 -21.330642 3.357004 9.485026 -38.781777 4.603828 0.000002 -0.000003 0.000001 9.526271 -8.185455 58.635378 17.033942 -7.134882 85.523797 16.229786 -7.035728 83.986260 0.000001 0.000004 0.000000 7.175450 -6.495903 61.004217 11.014269 -11.788957 82.747086 10.054595 -11.400212 76.605769 -0.000000 -0.000001 -0.000001 4.399200 -5.106415 68.942160 6.999861 -14.274180 80.931608 7.351086 -14.352656 82.452944 -0.000001 -0.000002 -0.000000 -0.975101 -3.297994 72.895556 2.137546 -16.031818 73.311391 9.856141 -19.743037 113.649348 0.000001 0.000003 -0.000000 -28.711991 19.150471 -2.666247 72.528925 6.612230 -3.274049 -34.284599 -2.059469 5.487451 -10.853423 0.000014 0.000011 0.000000 -0.000000 -0.000000 -48.438745 -4.224828 9.853393 34.063099 2.184117 6.395738 -6.037673 -0.147517 -7.326734 0.000665 -0.000005 0.000006 -0.000001 0.000005 0.000002 
4.208779 87.217896 208.603683 -1.819264 -45.085751 0.725826 16.849964 -0.872785 0.490529 6.483976 -0.449925 0.542063 6.485546 -0.408278 0.550599 5.581620 -3.459248 3.268046 -0.834136 -20.717743 8.173488 0.000002 0.000001 -0.000000 0.157664 -9.904508 -17.164289 31.111252 -40.727926 34.586138 2.626881 -110.570388 2.816314 -66.826236 -14.147544 -2.401778 9.775934 16.357251 0.858850 6.054001 27.805345 -18.599836 -6.037775 60.816291 17.107008 -0.000000 -0.000000 -0.000001 17.472838 9.224755 -83.155777 23.312537 4.675919 -117.724102 21.566951 6.194444 -108.116813 -0.000000 0.000000 -0.000000 11.592381 8.281175 -86.537698 16.149757 12.964979 -105.880308 18.073346 11.765604 -118.360922 -0.000000 -0.000001 0.000001 4.991172 7.872698 -92.729551 10.803500 17.923615 -103.552621 10.498656 17.411865 -100.924952 -0.000001 -0.000001 0.000005 1.243711 8.584937 -92.369955 8.659876 15.362665 -98.315690 16.024894 19.714776 -130.655467 -0.000001 -0.000000 -0.000000 0.591055 3.809383 8.724558 -66.825130 64.235347 51.916572 -7.581124 82.566154 7.641810 12.425303 14.868506 -17.308422 3.946498 -17.064941 0.373430 13.829543 -20.595363 2.386436 7.971990 -35.074869 3.712283 0.000001 -0.000003 0.000000 7.231763 -7.095503 52.312665 15.194487 -7.676775 77.367609 14.411312 -7.460312 75.923836 0.000001 0.000002 -0.000001 6.120124 -5.966730 54.595252 9.636508 -11.592165 76.081928 8.518123 -11.041516 69.039293 -0.000001 -0.000001 -0.000000 4.440090 -4.810061 62.806554 5.977361 -13.788060 75.570934 6.279033 -13.879837 76.897350 0.000001 -0.000003 -0.000002 -0.129202 -2.700039 67.031811 1.259696 -15.076396 67.649329 8.509530 -19.508118 107.816483 0.000001 0.000003 -0.000002 -29.402216 19.873825 -1.165288 70.457008 8.930293 -4.150907 -36.782597 -2.715831 6.547742 -7.893359 0.000013 0.000010 -0.000000 -0.000000 0.000000 -49.627407 -6.074773 7.983749 37.344087 -1.792620 9.516203 -7.137743 -2.748972 -4.531104 0.002647 0.000004 -0.000002 0.000000 0.000007 -0.000000 
4.497576 87.263313 206.664368 -1.037706 -46.472792 0.910805 17.243193 -0.587579 0.106637 6.717078 -0.270358 0.464146 6.718239 -0.220112 0.467277 4.562335 -3.789970 3.705422 -1.274497 -20.943957 8.284849 -0.000000 -0.000001 0.000001 0.191932 -9.638213 -16.864229 22.754893 -43.501000 26.438001 2.430081 -112.077694 2.633460 -65.861083 -13.464395 -7.217575 9.775931 16.357231 0.858852 6.054005 27.805336 -18.599828 -6.037795 60.816291 17.107004 0.000003 -0.000000 -0.000002 17.472857 9.224754 -83.155764 23.312517 4.675913 -117.724102 21.566949 6.194452 -108.116765 0.000000 0.000000 -0.000000 11.592383 8.281154 -86.537711 16.149759 12.964990 -105.880336 18.073335 11.765592 -118.360949 0.000001 0.000001 0.000000 4.991171 7.872700 -92.729544 10.803494 17.923630 -103.552641 10.498662 17.411861 -100.924911 0.000000 -0.000001 0.000001 1.243702 8.584930 -92.369935 8.659888 15.362673 -98.315710 16.024913 19.714771 -130.655467 -0.000001 0.000000 -0.000000 0.591004 3.782268 8.641531 -74.352121 69.929054 58.043480 -3.653356 74.892765 3.783436 13.499506 15.487925 -18.519235 3.235598 -16.862091 -0.497698 12.456791 -19.795082 1.389343 6.596005 -31.202538 2.893909 -0.000003 -0.000003 0.000001 5.096521 -5.610430 45.844578 13.228488 -7.958745 68.909321 12.485269 -7.628510 67.569053 0.000001 0.000001 -0.000000 5.086081 -5.315384 47.983616 8.247377 -11.225484 69.201947 6.996211 -10.465418 61.238349 -0.000000 -0.000001 -0.000001 4.443080 -4.618312 56.452313 4.976022 -13.190241 70.049095 5.227554 -13.287498 71.174533 -0.000001 -0.000001 0.000001 0.711815 -2.333821 60.933074 0.462637 -14.005718 61.836257 7.153342 -19.131064 101.802494 -0.000001 -0.000001 0.000000 -30.322659 19.830566 0.274114 69.326195 10.360861 -4.617610 -38.947846 -2.574820 5.204068 -3.770393 0.000004 0.000006 0.000000 -0.000001 0.000000 -51.240028 -7.621701 5.616189 43.060511 -2.416014 11.306922 -8.422278 -5.054204 -2.575882 0.005932 0.000000 0.000009 -0.000001 0.000005 0.000001 
4.728235 87.307693 204.845291 -0.484669 -47.117148 1.057370 17.708730 -0.367184 -0.178386 6.964598 -0.114922 0.435539 6.965061 -0.054960 0.434123 3.551713 -4.190751 4.197226 -1.583747 -21.466636 8.416000 0.000002 -0.000000 -0.000000 0.223439 -9.417650 -16.535862 13.833688 -46.380157 17.683252 2.439354 -112.002159 2.642047 -64.133359 -11.719881 -13.383867 9.775929 16.357222 0.858845 6.054021 27.805345 -18.599819 -6.037799 60.816305 17.107001 0.000006 0.000004 0.000001 17.472860 9.224738 -83.155791 23.312525 4.675909 -117.724061 21.566947 6.194460 -108.116779 0.000002 -0.000001 -0.000000 11.592394 8.281159 -86.537718 16.149760 12.964987 -105.880302 18.073352 11.765594 -118.360922 0.000002 0.000002 0.000000 4.991191 7.872684 -92.729571 10.803487 17.923620 -103.552662 10.498641 17.411848 -100.924904 0.000002 -0.000002 0.000001 1.243714 8.584911 -92.369942 8.659889 15.362653 -98.315649 16.024896 19.714779 -130.655467 -0.000002 -0.000000 -0.000001 0.590349 3.685041 8.516042 -83.131312 75.045986 65.838406 -2.348083 67.246894 2.548353 13.377564 15.807370 -19.583537 2.525249 -16.641372 -1.370823 11.106743 -18.949252 0.393354 5.383706 -27.269206 2.151769 -0.000000 0.000001 -0.000000 3.239126 -3.790554 39.413101 11.227793 -7.949932 60.385614 10.541800 -7.515734 59.155708 -0.000001 -0.000001 0.000003 4.113864 -4.558656 41.346093 6.906163 -10.694429 62.296666 5.561488 -9.686223 53.419060 -0.000000 -0.000001 -0.000001 4.381595 -4.529598 50.047535 4.034664 -12.496702 64.515515 4.238048 -12.591372 65.439694 0.000000 0.000001 0.000001 1.481060 -2.209886 54.766178 -0.219678 -12.854641 56.026532 5.841181 -18.618380 95.774702 0.000000 -0.000002 -0.000000 -32.160748 19.513208 1.470609 69.454944 11.275688 -4.681398 -38.784939 -2.352370 4.339615 -1.570518 0.000006 0.000003 -0.000000 0.000001 -0.000000 -53.155162 -8.832462 3.044514 50.761710 -3.767137 11.115676 -9.416777 -2.570293 0.397882 0.010450 -0.000012 -0.000006 -0.000000 -0.000004 0.000001 
4.878723 87.319397 203.126663 -0.036369 -47.197847 1.162963 18.065862 -0.100927 -0.376465 7.140719 0.059844 0.470092 7.139980 0.129939 0.463895 2.728306 -4.639071 4.742349 -1.712318 -22.262682 8.620268 0.000001 -0.000000 0.000001 0.250793 -9.249413 -16.203480 5.165763 -49.325707 8.751402 2.571348 -110.975712 2.764514 -62.390056 -9.966347 -20.612474 9.775937 16.357226 0.858852 6.054011 27.805338 -18.599828 -6.037824 60.816305 17.107028 0.000003 -0.000001 -0.000000 17.472858 9.224757 -83.155770 23.312535 4.675916 -117.724089 21.566956 6.194435 -108.116792 -0.000000 -0.000002 -0.000000 11.592393 8.281164 -86.537684 16.149765 12.964981 -105.880329 18.073348 11.765591 -118.360936 0.000001 -0.000002 -0.000001 4.991189 7.872693 -92.729551 10.803494 17.923627 -103.552621 10.498673 17.411858 -100.924911 -0.000001 0.000003 0.000001 1.243716 8.584923 -92.369942 8.659895 15.362678 -98.315703 16.024913 19.714783 -130.655467 -0.000000 -0.000002 -0.000000 0.589503 3.619281 8.572948 -93.004849 79.705384 75.413123 -1.705518 60.037848 1.973665 12.037817 15.853434 -20.360946 1.834363 -16.409016 -2.222847 9.815293 -18.081630 -0.574915 4.347972 -23.382415 1.483655 -0.000003 0.000002 0.000001 1.741167 -1.737087 33.181640 9.289083 -7.656295 52.035762 8.673318 -7.132764 50.918790 0.000000 -0.000001 0.000001 3.236598 -3.725031 34.856784 5.665764 -10.023954 55.552510 4.274944 -8.742913 45.791791 -0.000001 -0.000000 0.000001 4.237390 -4.527338 43.761357 3.184608 -11.733988 59.116182 3.344191 -11.818772 59.844581 -0.000000 -0.000000 -0.000006 2.120405 -2.306586 48.700758 -0.766921 -11.666533 50.368813 4.620609 -17.992074 89.896921 0.000001 -0.000002 0.000000 -34.340323 19.113262 2.597217 70.098928 11.357970 -4.412324 -37.679790 -2.118936 3.906508 -1.078569 0.000006 0.000004 -0.000000 -0.000002 -0.000000 -54.495918 -9.167507 -0.596956 57.745561 -1.311035 10.815754 -10.016203 -0.618397 4.331986 0.016223 -0.000000 -0.000013 0.000001 -0.000004 -0.000003 
4.945813 87.340103 201.517944 0.428146 -46.948149 1.193213 18.178875 0.282723 -0.464593 7.191485 0.280906 0.562237 7.188936 0.360069 0.550469 2.205226 -5.096354 5.319057 -1.642442 -23.236160 8.928695 -0.000001 -0.000001 -0.000000 0.275409 -9.108184 -15.876372 -2.892679 -52.025172 -0.116208 2.762288 -109.642909 2.943194 -60.937582 -8.480384 -28.400125 9.775929 16.357232 0.858851 6.054006 27.805340 -18.599823 -6.037823 60.816319 17.107028 0.000003 0.000003 0.000002 17.472862 9.224754 -83.155777 23.312518 4.675905 -117.724061 21.566928 6.194448 -108.116792 -0.000002 0.000001 0.000000 11.592388 8.281171 -86.537698 16.149748 12.964984 -105.880308 18.073328 11.765593 -118.360949 0.000000 -0.000001 -0.000000 4.991192 7.872700 -92.729571 10.803494 17.923601 -103.552635 10.498645 17.411851 -100.924924 0.000000 0.000000 0.000001 1.243709 8.584919 -92.369921 8.659892 15.362675 -98.315703 16.024916 19.714767 -130.655467 -0.000000 0.000001 -0.000001 0.589035 3.684530 9.010446 -106.017028 84.091663 89.014481 -1.328988 53.558256 1.660095 9.634813 15.748072 -20.743324 1.181180 -16.172863 -3.031054 8.614660 -17.219802 -1.489935 3.491142 -19.652300 0.886373 -0.000002 -0.000001 -0.000001 0.638942 0.422320 27.297245 7.500907 -7.119637 44.095623 6.962459 -6.524190 43.088966 0.000000 0.000001 0.000000 2.477696 -2.852506 28.686993 4.567630 -9.255660 49.151025 3.179261 -7.694396 38.559314 -0.000000 -0.000000 -0.000000 4.006161 -4.584987 37.763334 2.447785 -10.937165 53.993421 2.569627 -11.006267 54.536779 -0.000001 0.000000 0.000000 2.591360 -2.576392 42.906319 -1.173262 -10.489944 45.007190 3.529464 -17.287673 84.327537 0.000000 0.000001 -0.000001 -36.426116 18.824341 3.904204 70.588011 10.598551 -4.010080 -36.559260 -1.999711 3.841274 -0.758449 -0.000007 0.000004 0.000000 0.000000 0.000000 -56.530713 -9.274102 -4.053095 65.282436 4.529963 9.878340 -10.693208 -0.447863 3.605119 0.023185 0.000000 0.000001 -0.000001 -0.000003 -0.000001 
4.948633 87.391716 199.965912 0.934433 -46.607442 1.142855 18.026169 0.796381 -0.479236 7.118585 0.545852 0.677860 7.113641 0.631640 0.659878 1.982691 -5.521787 5.890950 -1.382837 -24.251668 9.340771 0.000000 0.000001 -0.000001 0.300119 -8.947426 -15.551801 -10.312100 -54.029733 -8.721770 2.955275 -108.452196 3.125233 -59.983438 -7.354276 -36.167125 9.775954 16.357227 0.858840 6.054000 27.805364 -18.599819 -6.037802 60.816298 17.107010 0.000001 -0.000001 -0.000000 17.472860 9.224756 -83.155791 23.312532 4.675931 -117.724075 21.566954 6.194444 -108.116772 -0.000001 -0.000002 0.000001 11.592400 8.281160 -86.537691 16.149753 12.964989 -105.880308 18.073338 11.765598 -118.360936 -0.000001 0.000001 0.000001 4.991190 7.872686 -92.729544 10.803497 17.923615 -103.552648 10.498657 17.411851 -100.924917 -0.000003 -0.000001 -0.000000 1.243716 8.584922 -92.369935 8.659890 15.362689 -98.315710 16.024903 19.714778 -130.655467 -0.000001 -0.000002 0.000001 0.586459 3.925541 9.885703 -146.824096 87.876504 131.344005 -1.084819 47.929476 1.472532 6.507984 15.646720 -20.656232 0.583237 -15.942365 -3.773471 7.533580 -16.394834 -2.327210 2.807088 -16.190074 0.358381 -0.000002 0.000000 0.000001 -0.077753 2.549926 21.897779 5.932809 -6.411332 36.792778 5.472374 -5.761986 35.888751 -0.000000 0.000001 -0.000001 1.849820 -1.985752 23.005216 3.638628 -8.443429 43.267951 2.295361 -6.612472 31.916740 0.000001 -0.000000 0.000001 3.700488 -4.672891 32.222913 1.835932 -10.147026 49.285771 1.926980 -10.196859 49.659792 0.000001 0.000000 0.000001 2.882133 -2.956116 37.550208 -1.446647 -9.375023 40.082176 2.593553 -16.550824 79.218747 -0.000000 -0.000001 0.000001 -38.475750 18.668032 5.557957 70.924759 9.276004 -3.662702 -35.406123 -1.962910 4.018257 -0.562683 0.000002 0.000001 -0.000000 -0.000003 -0.000000 -57.878360 -9.007781 -7.183086 72.231368 7.596026 8.630304 -10.965029 0.998074 2.454772 0.031314 0.000027 -0.000012 -0.000002 -0.000000 -0.000002 
4.898067 87.476364 198.440750 1.422223 -46.322401 1.059428 17.687391 1.377399 -0.499326 6.966348 0.827523 0.769891 6.958859 0.916499 0.745784 1.967225 -5.883680 6.400882 -0.970160 -25.188052 9.821074 0.000001 0.000000 -0.000000 0.325430 -8.734591 -15.250525 -16.924212 -55.142054 -16.638747 3.090077 -107.699782 3.253130 -59.561422 -6.547961 -43.305995 9.775912 16.357212 0.858838 6.054001 27.805330 -18.599812 -6.037796 60.816312 17.107015 0.000001 0.000001 -0.000000 17.472843 9.224739 -83.155764 23.312530 4.675904 -117.724089 21.566954 6.194426 -108.116758 0.000000 -0.000005 0.000000 11.592379 8.281164 -86.537698 16.149764 12.964998 -105.880322 18.073355 11.765587 -118.360949 -0.000001 0.000002 0.000001 4.991177 7.872678 -92.729551 10.803498 17.923629 -103.552641 10.498668 17.411843 -100.924917 -0.000005 -0.000001 -0.000001 1.243705 8.584920 -92.369914 8.659882 15.362668 -98.315683 16.024896 19.714790 -130.655481 0.000003 -0.000002 -0.000000 0.576522 4.304186 11.065662 -66.083480 93.392441 52.942053 -0.916389 43.169121 1.353650 3.113178 15.653801 -20.034675 0.057468 -15.728080 -4.428415 6.597659 -15.640587 -3.063285 2.283393 -13.107967 -0.098157 -0.000000 -0.000001 0.000000 -0.460608 4.512318 17.122504 4.630204 -5.622653 30.346681 4.242510 -4.935955 29.533062 0.000002 0.000001 -0.000000 1.355386 -1.173133 17.979109 2.890811 -7.648209 38.075091 1.623142 -5.574333 26.054901 0.000001 0.000002 0.000001 3.349303 -4.764822 27.309977 1.351384 -9.407486 45.129782 1.418815 -9.436804 45.354898 0.000000 0.000000 -0.000001 3.009037 -3.378022 32.798463 -1.606620 -8.370608 35.733689 1.826908 -15.833425 74.717823 0.000000 -0.000000 -0.000002 -40.402669 18.550372 7.383260 71.101887 7.822108 -3.448811 -34.212441 -1.939682 4.238075 -0.452520 0.000000 0.000001 0.000000 0.000001 0.000000 -58.367211 -8.447072 -9.890084 78.308522 7.291839 7.164077 -10.693641 3.007537 1.549596 0.040592 -0.000009 -0.000007 0.000002 -0.000000 -0.000001 
4.799227 87.573441 196.924545 1.816526 -46.117383 1.034866 17.277049 1.936424 -0.602518 6.788861 1.092698 0.805374 6.779112 1.181127 0.776040 2.033982 -6.165493 6.777456 -0.477250 -25.985713 10.301132 -0.000001 -0.000001 -0.000000 0.346921 -8.485113 -15.049046 -22.410190 -55.420732 -23.244961 3.114077 -107.572256 3.275980 -59.504260 -5.985214 -49.237799 9.713951 16.137294 0.920597 5.743811 27.367632 -18.204228 -5.621015 60.124120 16.510990 0.000001 0.000003 -0.000006 16.980427 9.282758 -81.962263 23.080789 4.924992 -116.328299 21.300037 6.397339 -106.732668 0.000001 -0.000003 -0.000000 11.232611 8.236702 -85.386742 15.874172 13.035788 -104.593542 17.799280 11.884854 -117.011987 -0.000001 -0.000000 -0.000000 4.865251 7.721391 -91.599940 10.563770 17.894778 -102.492931 10.247185 17.374985 -99.801085 0.000001 -0.000003 -0.000002 1.393093 8.351178 -91.241560 8.408512 15.285823 -97.227927 15.751569 19.774873 -129.515495 0.000001 -0.000001 0.000002 0.557807 4.720514 12.253966 -83.826317 96.939400 73.638257 -0.799363 39.357138 1.277594 -0.102028 15.764111 -18.825149 -0.379752 -15.541498 -4.974678 5.830096 -14.992407 -3.675387 1.903150 -10.517738 -0.476659 -0.000001 -0.000005 -0.000000 -0.592990 6.190971 13.118732 3.614458 -4.853622 24.968544 3.289186 -4.143294 24.229633 -0.000000 0.000000 0.000001 0.988322 -0.463653 13.775361 2.323346 -6.932810 33.740800 1.145217 -4.655965 21.161673 0.000001 0.000000 -0.000000 2.994324 -4.842575 23.193717 0.988877 -8.762708 41.660029 1.039388 -8.772720 41.761283 0.000000 0.000001 -0.000000 3.012510 -3.779556 28.815427 -1.680862 -7.521964 32.101390 1.233310 -15.189634 70.967810 -0.000000 -0.000000 0.000000 -42.079802 18.350755 9.019578 71.135095 6.611759 -3.343740 -32.990005 -1.868314 4.324671 -0.414286 0.000011 0.000002 0.000000 -0.000003 -0.000000 -58.081921 -7.624316 -12.290213 83.221279 7.004068 5.630276 -9.953431 2.383500 0.166482 0.050987 -0.000000 0.000001 0.000001 0.000001 -0.000001 
4.673917 87.686646 195.398087 2.082231 -45.932824 1.103187 16.881007 2.429544 -0.780531 6.621459 1.321136 0.780729 6.610024 1.405827 0.747401 2.084021 -6.365676 6.964551 -0.002124 -26.652925 10.707229 0.000003 -0.000001 0.000000 0.358312 -8.256275 -15.043227 -26.500198 -55.090021 -28.038854 3.006966 -108.156360 3.174206 -59.484841 -5.633503 -53.444017 9.543583 15.520116 1.092823 4.911933 26.130239 -17.116879 -4.584097 58.169422 14.971433 -0.000000 0.000001 -0.000001 15.598617 9.368171 -78.612636 22.399148 5.592238 -112.408077 20.525974 6.931115 -102.845567 -0.000000 -0.000005 -0.000000 10.231982 8.062886 -82.163761 15.093478 13.201925 -100.983596 17.016119 12.185029 -113.225289 0.000001 0.000001 0.000001 4.527265 7.296441 -88.436244 9.895597 17.791584 -99.524735 9.547374 17.246622 -96.653665 0.000002 -0.000003 -0.000001 1.833061 7.752909 -88.070829 7.713019 15.046111 -94.183377 14.978905 19.915882 -126.316972 0.000001 0.000000 -0.000003 0.536639 5.078487 13.143672 -89.889804 99.738759 83.152164 -0.727450 36.788345 1.234050 -2.815307 15.863044 -17.030984 -0.712335 -15.394314 -5.391251 5.252917 -14.486498 -4.141079 1.647725 -8.530773 -0.766092 -0.000000 0.000001 0.000000 -0.575863 7.486341 10.045940 2.889242 -4.203018 20.866288 2.612157 -3.479291 20.183588 0.000002 0.000002 -0.000000 0.737445 0.095341 10.561585 1.927291 -6.357739 30.432960 0.833900 -3.927564 17.426119 -0.000000 -0.000000 -0.000001 2.684343 -4.897531 20.043313 0.738891 -8.255321 39.011346 0.778309 -8.249356 39.018313 0.000001 0.000001 0.000001 2.948369 -4.109012 25.765497 -1.700908 -6.870306 29.326865 0.810400 -14.672472 68.110401 0.000000 0.000000 0.000002 -43.426315 17.969210 10.181906 71.001483 5.833892 -3.258752 -31.718924 -1.718963 4.189420 -0.439883 -0.000010 0.000004 0.000000 0.000001 -0.000000 -56.957354 -6.653213 -14.574249 86.593302 6.455369 4.130252 -8.642817 0.378842 -1.422581 0.062454 -0.000000 -0.000000 0.000000 -0.000001 0.000000 
4.535099 87.841423 193.870758 2.228210 -45.700919 1.213110 16.535683 2.870043 -0.959244 6.473316 1.513013 0.714957 6.460843 1.592007 0.678524 2.066705 -6.490686 6.947154 0.377577 -27.229307 11.015478 0.000001 -0.000001 0.000000 0.357499 -8.094986 -15.255542 -29.153191 -54.373152 -30.990378 2.798492 -109.408449 2.977249 -58.255715 -5.524111 -53.284228 9.291100 14.568843 1.355415 3.737652 24.199857 -15.502496 -3.308794 55.127997 12.922125 0.000003 0.000003 -0.000002 13.486458 9.278517 -73.457694 21.264197 6.523407 -106.356263 19.267629 7.646817 -96.846796 -0.000004 -0.000006 -0.000001 8.725400 7.655971 -77.220145 13.875368 13.363039 -95.425201 15.775242 12.546123 -107.387820 0.000002 -0.000001 0.000002 4.048733 6.642202 -83.577268 8.882368 17.569077 -94.967661 8.489576 16.978305 -91.822884 0.000001 -0.000001 -0.000001 2.556242 6.999411 -83.172067 6.673502 14.609025 -89.515640 13.776610 20.053002 -121.391012 -0.000001 0.000000 -0.000002 0.520841 5.335791 13.603733 -94.960134 101.659709 91.917865 -0.704989 35.949065 1.220979 -4.884235 15.777013 -14.772637 -0.924233 -15.298148 -5.657134 4.888211 -14.158262 -4.437850 1.500402 -7.257201 -0.951966 0.000001 0.000000 0.000002 -0.510287 8.316422 8.073121 2.450624 -3.760160 18.247055 2.204378 -3.029967 17.599765 0.000000 0.000004 -0.000001 0.590880 0.459703 8.506101 1.691822 -5.978150 28.319948 0.660009 -3.451424 15.039052 0.000001 0.000001 -0.000002 2.468385 -4.928839 18.027115 0.591581 -7.924780 37.319160 0.624792 -7.908150 37.265942 -0.000001 -0.000001 0.000001 2.875935 -4.327292 23.812713 -1.697071 -6.453036 27.553229 0.554443 -14.331048 66.287259 0.000000 -0.000001 -0.000003 -44.427088 17.384570 10.822471 70.654325 5.451787 -3.104502 -30.381368 -1.500068 3.841072 -0.502312 -0.000007 0.000002 0.000000 -0.000001 0.000000 -54.869215 -5.771376 -16.914509 88.169498 3.318401 2.732293 -7.040295 0.471617 -2.576053 0.074981 0.000008 -0.000001 -0.000002 -0.000001 0.000001 
4.388917 88.035301 192.360336 2.276972 -45.410062 1.301735 16.248679 3.285049 -1.103180 6.339894 1.683150 0.630580 6.326788 1.755748 0.591249 1.970103 -6.565187 6.745063 0.661204 -27.773817 11.270473 0.000001 0.000000 0.000000 0.350021 -7.986527 -15.581376 -30.706820 -53.290324 -32.530869 2.546723 -111.159683 2.741599 -57.346781 -6.254773 -51.324152 8.984457 13.346436 1.688150 2.411013 21.685279 -13.525690 -2.115703 51.182668 10.735206 0.000003 0.000002 -0.000002 10.850651 8.779199 -66.869451 19.673732 7.533041 -98.562512 17.554457 8.365901 -89.128129 -0.000002 -0.000003 -0.000001 6.878250 6.895139 -70.918168 12.300787 13.400411 -88.298930 14.139923 12.825208 -99.891271 0.000001 0.000000 0.000002 3.503331 5.807670 -77.361639 7.619189 17.173426 -89.147117 7.178021 16.512126 -85.655490 0.000001 -0.000001 0.000001 3.525013 6.333320 -76.858889 5.404623 13.932476 -83.564202 12.224977 20.085997 -115.074781 0.000002 0.000004 -0.000000 0.512314 5.499850 13.743393 -101.081008 103.339963 101.668568 -0.738955 37.211287 1.240839 -6.322223 15.333800 -12.328519 -0.999080 -15.263731 -5.751160 4.759987 -14.041222 -4.542697 1.451256 -6.805987 -1.017966 0.000002 -0.000000 -0.000003 -0.476770 8.610075 7.373217 2.300313 -3.598635 17.320876 2.064979 -2.866578 16.686007 -0.000002 -0.000001 -0.000001 0.541658 0.589869 7.778583 1.611889 -5.841751 27.572584 0.603249 -3.281143 14.194570 0.000001 0.000001 -0.000001 2.388647 -4.939012 17.313309 0.541833 -7.806729 36.720555 0.572992 -7.786262 36.646106 -0.000001 0.000001 0.000000 2.844332 -4.405627 23.121193 -1.692610 -6.305366 26.925625 0.466619 -14.208321 65.642831 -0.000000 -0.000001 0.000003 -45.159831 16.693740 11.120140 70.116871 5.263946 -2.852367 -28.994361 -1.250170 3.371272 -0.557851 -0.000019 0.000008 0.000000 0.000001 -0.000000 -51.856009 -5.245973 -19.371292 87.825851 0.404243 1.423245 -5.752106 0.526381 -3.583914 0.088558 0.000008 -0.000022 -0.000003 0.000001 -0.000002 
4.227583 88.271095 190.875443 2.238510 -45.129724 1.279114 16.016797 3.704564 -1.193585 6.217496 1.848379 0.538398 6.203913 1.914810 0.495726 1.813006 -6.606804 6.395697 0.938297 -28.286404 11.540330 0.000000 0.000001 -0.000000 0.347265 -7.855515 -15.833376 -31.601513 -51.676016 -33.349778 2.300483 -113.190332 2.514184 -56.575136 -8.015465 -47.054020 8.650383 11.916208 2.071652 1.103143 18.706864 -11.331659 -1.188280 46.530920 8.645081 0.000003 -0.000003 -0.000004 7.959172 7.675946 -59.247383 17.661353 8.426036 -89.423985 15.452424 8.906980 -80.092123 -0.000005 -0.000002 0.000001 4.886304 5.687753 -63.627727 10.476800 13.203873 -79.996282 12.204600 12.884425 -91.139824 0.000003 0.000002 -0.000000 2.953171 4.846738 -70.124897 6.212391 16.561105 -82.393036 5.729794 15.802633 -78.503087 0.000003 -0.000002 -0.000000 4.640136 5.978847 -69.454008 4.030704 12.988484 -76.670834 10.425131 19.921924 -107.716318 0.000001 -0.000001 0.000001 0.506671 5.601421 13.833640 -109.012599 104.439261 113.327175 -0.833688 40.521487 1.299281 -7.232904 14.403899 -10.138333 -0.911537 -15.303956 -5.641181 4.910023 -14.178069 -4.420048 1.508901 -7.333760 -0.940769 0.000001 -0.000003 -0.000000 -0.515454 8.266580 8.191794 2.476404 -3.787322 18.404264 2.228302 -3.057484 17.754863 0.000002 0.000000 0.000005 0.599380 0.437688 8.629556 1.705571 -6.001194 28.446785 0.669872 -3.480236 15.182378 0.000000 -0.000001 0.000001 2.481735 -4.927071 18.148228 0.600146 -7.944734 37.420718 0.633709 -7.928795 37.371151 -0.000000 0.000000 -0.000000 2.880979 -4.314043 23.930046 -1.697669 -6.478113 27.659724 0.569494 -14.351797 66.396638 -0.000000 0.000001 0.000002 -45.703548 16.016186 11.390662 69.408294 5.050355 -2.541821 -27.575092 -1.006413 2.875806 -0.572490 -0.000007 0.000002 0.000000 0.000002 0.000000 -48.045470 -5.380797 -21.789659 85.563289 -2.345241 0.153561 -4.994473 0.579854 -4.589859 -1.235494 -0.025640 1.095259 0.000004 0.000003 -0.000001 
4.050553 88.527283 189.402710 2.114292 -44.980354 1.114342 15.827336 4.128470 -1.265790 6.105682 2.016756 0.435062 6.091628 2.077490 0.388504 1.638377 -6.594624 5.938455 1.333800 -28.614512 11.829129 -0.000003 -0.000000 0.000000 0.360012 -7.617146 -15.846652 -32.269167 -49.287622 -34.105870 2.085108 -115.291585 2.318427 -54.892799 -10.597492 -39.781023 8.312867 10.342301 2.487582 -0.051926 15.400021 -9.037461 -0.588019 41.383833 6.763814 0.000004 -0.000003 0.000002 5.120687 5.874639 -51.003468 15.317374 9.026623 -79.356669 13.078871 9.116584 -70.160864 0.000001 -0.000003 -0.000002 2.959519 4.004173 -55.716107 8.536827 12.696973 -70.920053 10.100860 12.618951 -81.553961 0.000001 0.000000 0.000000 2.441033 3.815257 -62.200074 4.773650 15.713777 -75.036704 4.267211 14.833376 -70.717887 -0.000003 -0.000001 -0.000001 5.739041 6.091293 -61.295887 2.675761 11.778532 -69.174264 8.499373 19.495336 -99.675368 0.000003 -0.000000 0.000001 0.496878 5.677583 14.183215 -117.994428 105.564767 126.056510 -0.990007 45.348245 1.404371 -7.755607 12.927654 -8.752311 -0.598440 -15.445216 -5.248495 5.449880 -14.660993 -3.981618 1.731878 -9.212744 -0.666723 -0.000000 0.000000 0.000002 -0.593413 7.041521 11.101119 3.132642 -4.431983 22.272074 2.839008 -3.712408 21.570181 -0.000001 0.000003 -0.000002 0.820525 -0.097872 11.663641 2.059313 -6.557536 31.566699 0.935270 -4.179671 18.706596 0.000001 -0.000002 -0.000001 2.794439 -4.879360 21.123933 0.821925 -8.430631 39.919235 0.864963 -8.430258 39.958485 0.000000 0.000001 -0.000000 2.977054 -3.994222 26.811819 -1.697637 -7.093931 30.278099 0.952350 -14.852147 69.089303 0.000002 -0.000001 -0.000001 -46.136364 15.447055 11.870106 68.592660 4.731597 -2.237448 -26.148184 -0.783709 2.393106 -0.543670 0.000011 0.000004 0.000000 -0.000003 -0.000000 -43.699076 -6.278610 -23.923887 81.472040 -5.190761 -1.125876 -4.660654 0.659454 -5.851132 -4.400057 -0.279752 3.524354 0.000002 0.000001 0.000001 
3.848302 88.771782 187.905411 1.928395 -45.082903 0.860411 15.639771 4.529978 -1.376986 5.997194 2.183449 0.314954 5.982455 2.238903 0.264457 1.494787 -6.469279 5.389295 1.908705 -28.429249 12.021541 -0.000001 -0.000000 -0.000000 0.390138 -7.236837 -15.578386 -33.050254 -45.953065 -35.202604 1.922903 -117.123606 2.173486 -50.827720 -13.183813 -29.696252 7.991683 8.689927 2.918768 -0.965202 11.912970 -6.732468 -0.299083 35.960820 5.126153 0.000001 0.000005 -0.000001 2.632643 3.413908 -42.528316 12.789356 9.210795 -68.799000 10.596599 8.899882 -59.774360 0.000000 -0.000003 0.000000 1.291360 1.894850 -47.531908 6.627073 11.855639 -61.476327 7.985034 11.980568 -71.563498 0.000002 0.000001 -0.000003 1.989158 2.765475 -53.917807 3.408650 14.646717 -67.403879 2.904115 13.625941 -62.644822 0.000000 -0.000001 -0.000004 6.626321 6.719039 -52.733442 1.449312 10.340541 -61.402622 6.580411 18.783328 -91.315777 0.000002 -0.000003 -0.000001 0.476562 5.760950 15.027589 -125.764464 107.227789 137.472379 -1.213318 51.059499 1.569317 -8.074146 10.927019 -8.701003 -0.081398 -15.669670 -4.601746 6.352777 -15.436759 -3.257718 2.157172 -12.287900 -0.218306 -0.000003 -0.000003 0.000000 -0.521353 5.041720 15.854577 4.300392 -5.389276 28.640156 3.932374 -4.694339 27.850347 -0.000002 0.000001 -0.000000 1.234340 -0.950977 16.646351 2.704986 -7.426144 36.700054 1.463121 -5.287765 24.502610 0.000001 0.000001 -0.000001 3.242906 -4.789808 26.005594 1.232157 -9.205518 44.029097 1.293957 -9.228924 44.214871 -0.000000 0.000001 0.000002 3.020588 -3.501142 31.536507 -1.636035 -8.102182 34.581654 1.633878 -15.633489 73.527437 0.000001 -0.000001 -0.000001 -46.522792 15.008984 12.617468 67.739535 4.414097 -1.969436 -24.728118 -0.565864 1.862519 -0.496263 0.000004 0.000004 0.000000 0.000001 -0.000000 -39.111104 -7.787272 -25.565366 75.758334 -8.070476 -2.437557 -4.391517 0.755308 -7.490803 -7.878641 -0.845166 5.948958 -0.000001 0.000000 -0.000002 
3.614627 88.968246 186.337646 1.741698 -45.515489 0.616574 15.392629 4.871419 -1.551640 5.876645 2.333278 0.186160 5.861002 2.383948 0.132608 1.415203 -6.117506 4.710805 2.533421 -27.222549 11.918438 0.000001 -0.000000 -0.000000 0.427395 -6.764934 -15.168614 -34.124301 -41.831719 -36.672416 1.847020 -118.067210 2.106517 -44.149028 -14.871851 -19.085046 7.701720 7.025370 3.348987 -1.593133 8.401667 -4.486308 -0.266990 30.486235 3.728804 0.000006 -0.000000 -0.000001 0.722352 0.460379 -34.163752 10.261074 8.932617 -58.205643 8.188537 8.242096 -49.380543 0.000000 0.000001 0.000001 0.025910 -0.513299 -39.395746 4.884044 10.715757 -52.063978 6.013037 10.989925 -61.595732 0.000000 0.000000 0.000001 1.603471 1.741964 -45.608503 2.204008 13.409940 -59.809494 1.730998 12.240259 -54.615535 -0.000003 -0.000001 -0.000001 7.126522 7.793113 -44.115693 0.432884 8.747421 -53.669721 4.793327 17.812314 -82.995637 0.000003 -0.000003 0.000000 0.442704 5.866820 16.414249 -131.284651 109.297254 146.564480 -1.525658 57.221368 1.820903 -8.403609 8.564210 -10.302700 0.601653 -15.949682 -3.750554 7.566631 -16.420792 -2.301422 2.826763 -16.297443 0.374471 -0.000001 -0.000002 0.000004 -0.060057 2.482546 22.064544 5.979882 -6.436183 37.018287 5.516944 -5.788334 36.111063 -0.000000 0.000003 -0.000001 1.868149 -2.013385 23.180819 3.666069 -8.469963 43.449613 2.320755 -6.647425 32.121796 0.000001 0.000000 -0.000002 3.711357 -4.669859 32.394389 1.853849 -10.172218 49.431127 1.945773 -10.222701 49.810374 -0.000002 0.000001 0.000000 2.875396 -2.942708 37.716007 -1.439659 -9.409831 40.234227 2.621398 -16.574823 79.376319 0.000001 -0.000001 0.000000 -46.938173 14.653478 13.557056 66.912672 4.301568 -1.716458 -23.311705 -0.326702 1.173177 -0.456626 0.000011 -0.000000 0.000000 -0.000001 -0.000000 -34.522194 -9.576025 -26.651294 68.869405 -9.200111 -3.718588 -3.726450 -0.379692 -9.299857 -13.649448 -1.475529 7.476384 0.000000 -0.000000 -0.000001 
3.347123 89.074921 184.684967 1.650993 -46.283773 0.450790 15.028219 5.119347 -1.716039 5.727976 2.448004 0.075604 5.711139 2.495055 0.020802 1.400688 -5.392816 3.814812 2.862988 -24.429541 11.320477 -0.000000 0.000000 0.000000 0.455990 -6.324009 -14.918260 -35.236167 -37.026059 -37.926329 1.882352 -117.620406 2.137655 -36.193292 -15.552407 -10.501926 7.452873 5.415886 3.762388 -1.934589 5.023163 -2.358906 -0.422464 25.186423 2.555054 0.000001 -0.000001 0.000003 -0.495487 -2.728696 -26.199071 7.916143 8.235094 -48.030522 6.021946 7.212474 -39.418125 -0.000000 0.000002 0.000001 -0.766866 -3.039443 -31.602442 3.410937 9.367700 -43.064746 4.311322 9.733411 -52.061611 0.000000 -0.000002 0.000003 1.280672 0.780454 -37.602695 1.216771 12.082365 -52.553979 0.803083 10.766720 -46.945287 0.000001 -0.000001 -0.000001 7.139670 9.149798 -35.783539 -0.330000 7.098209 -46.274405 3.236921 16.654576 -75.056710 0.000001 0.000003 0.000003 0.398853 5.984710 18.114541 -135.090896 111.376343 154.054930 -1.983547 63.614661 2.217761 -8.922295 6.177793 -13.457428 1.412112 -16.258183 -2.745004 9.036830 -17.529163 -1.166489 3.780829 -20.977203 1.094533 -0.000002 0.000000 0.000001 0.991842 -0.362807 29.378061 8.125829 -7.337962 46.907458 7.558981 -6.766454 45.861490 0.000002 -0.000000 -0.000001 2.737669 -3.170083 30.872370 4.946607 -9.541824 51.417104 3.551987 -8.081690 41.118842 0.000002 -0.000000 -0.000002 4.099481 -4.559075 39.890197 2.700429 -11.227005 55.806713 2.835134 -11.302323 56.415477 0.000001 0.000001 0.000001 2.441726 -2.462551 44.961551 -1.042241 -10.911283 46.904565 3.907523 -17.548914 86.297862 -0.000000 -0.000001 0.000000 -47.490958 14.274618 14.608392 66.200502 4.517236 -1.429072 -21.911573 -0.055901 0.251806 -0.427352 -0.000001 0.000005 0.000000 -0.000001 -0.000000 -30.145935 -11.312083 -27.204853 61.535012 -8.382966 -4.848400 -2.240284 -2.215092 -10.289831 -22.537246 -2.223650 8.506032 -0.000001 0.000000 -0.000000 
3.028181 89.097366 182.883301 1.784954 -47.336749 0.404452 14.516582 5.262143 -1.733470 5.539851 2.515300 0.014451 5.521641 2.560540 -0.039487 1.427749 -4.172448 2.610735 2.506110 -19.622864 10.170508 0.000001 0.000002 -0.000002 0.464272 -6.050196 -15.153420 -35.868482 -31.643437 -38.041825 2.050311 -115.664828 2.287165 -28.030282 -15.619186 -3.876078 7.250216 3.929474 4.143034 -2.025717 1.929757 -0.411190 -0.693624 20.288812 1.587935 0.000004 0.000001 -0.000000 -1.033820 -5.859506 -18.896587 5.901717 7.240287 -38.711340 4.217012 5.949526 -30.305078 0.000001 -0.000005 -0.000001 -1.101234 -5.480918 -24.436552 2.262810 7.940027 -34.841058 2.955580 8.346292 -43.350429 -0.000001 -0.000002 0.000001 1.015084 -0.089365 -30.231879 0.469372 10.761481 -45.924867 0.135663 9.313703 -39.935720 -0.000000 0.000001 0.000000 6.677960 10.579718 -28.074337 -0.836395 5.504996 -39.505268 1.971305 15.416859 -67.820657 0.000001 -0.000002 -0.000002 0.356905 6.085435 19.655179 -138.570714 112.994162 161.659882 -2.719850 70.086347 2.893878 -9.649613 4.200995 -17.535013 2.309655 -16.570730 -1.636392 10.701394 -18.683323 0.091131 5.045791 -26.062740 1.938391 -0.000000 0.000001 -0.000003 2.737124 -3.177779 37.466569 10.620039 -7.888628 57.785811 9.954538 -7.425174 56.590651 0.000002 0.000001 0.000002 3.832426 -4.308637 39.324797 6.511419 -10.501265 60.194997 5.147290 -9.410949 51.041246 -0.000003 -0.000000 -0.000001 4.346554 -4.520797 48.092065 3.762072 -12.267818 62.832549 3.951396 -12.360171 63.695619 -0.000002 0.000002 -0.000001 1.693957 -2.217939 52.880438 -0.403079 -12.490676 54.262042 5.453729 -18.436294 93.941978 0.000000 0.000001 -0.000002 -48.264333 13.739375 15.767014 65.553676 4.966455 -1.064092 -20.447793 0.237329 -0.915210 -0.386441 0.000005 0.000004 0.000000 0.000001 -0.000000 -27.231097 -12.351906 -27.110802 56.699910 -9.966632 -5.813729 -4.610215 -2.002279 -8.941530 -22.513569 -0.568367 3.953950 -0.000001 0.000002 -0.000002 
2.645208 89.043823 180.978790 2.273223 -48.598155 0.566983 13.875717 5.302173 -1.539598 5.310539 2.531209 0.013401 5.290909 2.576312 -0.038040 1.488963 -2.408006 1.054529 1.231603 -12.642544 8.682284 -0.000002 0.000001 -0.000000 0.446144 -6.034200 -16.024869 -35.834693 -26.322898 -36.568689 2.423206 -112.134002 2.627123 -19.905412 -15.203395 2.812585 7.094764 2.634589 4.474549 -1.933207 -0.735660 1.286994 -1.011523 16.020979 0.816537 0.000007 -0.000001 -0.000000 -1.024016 -8.654056 -12.528342 4.306031 6.123350 -30.662051 2.831523 4.633508 -22.436929 0.000004 -0.000004 -0.000001 -1.069938 -7.645078 -18.191237 1.443795 6.578481 -27.740409 1.964645 6.988213 -35.832385 0.000001 0.000002 0.000001 0.803024 -0.838958 -23.827376 -0.048297 9.551436 -40.200752 -0.293122 7.993866 -33.880207 -0.000002 0.000004 -0.000002 5.872224 11.883947 -21.332995 -1.119951 4.080424 -33.646687 1.015600 14.224427 -61.591128 0.000001 -0.000004 -0.000002 0.331695 6.145733 20.543215 -143.142624 113.905562 171.026120 -4.095687 76.456236 4.211566 -10.339988 3.003972 -21.478349 3.251969 -16.866987 -0.477598 12.488209 -19.814039 1.412337 6.625834 -31.292512 2.911872 0.000004 -0.000000 0.000003 5.142802 -5.648599 45.993295 13.274357 -7.955504 69.105067 12.530042 -7.627781 67.762361 0.000002 0.000001 -0.000001 5.109256 -5.331584 48.136349 8.278951 -11.235799 69.360865 7.030425 -10.481030 61.418441 -0.000002 0.000000 0.000001 4.443641 -4.621519 56.599363 4.998470 -13.205124 70.176526 5.251140 -13.302339 71.306581 -0.000005 0.000002 -0.000004 0.693070 -2.339478 61.074459 0.479758 -14.031340 61.970224 7.184172 -19.141291 101.941291 0.000003 -0.000001 0.000001 -49.250090 13.007742 16.990102 64.939806 5.346194 -0.627240 -18.956755 0.519611 -2.222909 -0.314911 -0.000001 0.000003 0.000000 0.000001 -0.000000 -24.899431 -12.955582 -26.587049 53.116298 -11.472026 -6.564223 -8.276936 -0.243430 -4.468101 -20.816776 -0.000027 0.000039 -0.000001 -0.000000 0.000002 
2.201361 88.878700 178.958847 3.192445 -49.992675 1.150506 13.171287 5.231381 -1.278576 5.049486 2.494101 0.051097 5.028423 2.540270 0.002988 1.625029 -0.154695 -0.810032 -0.955369 -3.613210 7.266109 0.000000 0.000005 -0.000000 0.398880 -6.295044 -17.357246 -35.387384 -21.743240 -33.812974 3.268089 -106.793115 3.422896 -11.817807 -14.105804 10.849254 6.984567 1.599934 4.739877 -1.745389 -2.840874 2.653057 -1.312323 12.610297 0.238316 0.000003 0.000005 0.000000 -0.686935 -10.885538 -7.404778 3.158015 5.080427 -24.278027 1.865701 3.456328 -16.195138 0.000001 -0.000001 0.000000 -0.824646 -9.371065 -13.182242 0.917211 5.427063 -22.104408 1.309638 5.820243 -29.868390 0.000003 0.000001 0.000002 0.643950 -1.436587 -18.720423 -0.370797 8.553643 -35.657218 -0.532110 6.913692 -29.070747 0.000000 -0.000002 -0.000000 4.946642 12.916114 -15.920771 -1.240467 2.928102 -28.985393 0.355719 13.206015 -56.660958 -0.000002 -0.000005 0.000001 0.329181 6.167085 20.596213 -149.347400 114.499502 182.420528 -7.699670 82.678641 7.759338 -10.596732 2.759846 -24.154218 4.194685 -17.131573 0.676962 14.313672 -20.863981 2.734540 8.493831 -36.411400 4.019928 0.000001 0.000000 0.000003 8.032842 -7.528189 54.577658 15.864545 -7.512003 80.301769 15.071726 -7.337005 78.823566 -0.000001 0.000000 -0.000001 6.493557 -6.168534 56.896603 10.128724 -11.680948 78.476019 9.064350 -11.193288 71.756171 0.000001 -0.000003 0.000001 4.428485 -4.903448 65.012397 6.339118 -13.973397 77.495033 6.658528 -14.061316 78.891465 -0.000002 0.000000 -0.000002 -0.431587 -2.886816 69.143152 1.563385 -15.429303 69.679309 8.990249 -19.607383 109.910885 0.000000 -0.000003 -0.000001 -50.422485 12.110631 18.147884 64.404033 5.271307 -0.174856 -17.513327 0.762492 -3.550629 -0.224258 -0.000004 0.000002 0.000000 -0.000002 -0.000000 -23.156293 -13.136508 -25.992307 50.835121 -9.856678 -6.819522 -13.097728 -0.062193 1.854313 -20.831599 -0.000033 0.000024 0.000001 -0.000000 0.000001 
1.719508 88.560417 176.802826 4.505822 -51.436324 2.324862 12.493220 5.030538 -1.170422 4.782302 2.398986 0.089079 4.759714 2.447414 0.044624 1.880989 2.420801 -2.810782 -3.793253 7.090892 6.256442 0.000002 -0.000000 -0.000000 0.326625 -6.780991 -18.709744 -34.954623 -18.057241 -30.580048 5.857685 -99.570750 5.946959 -4.150564 -12.457410 18.890988 6.916521 0.894129 4.921238 -1.559411 -4.262497 3.592883 -1.538845 10.283464 -0.139897 0.000001 0.000002 0.000004 -0.286523 -12.387890 -3.879240 2.446763 4.300104 -19.946739 1.284310 2.597462 -11.958263 -0.000001 -0.000002 0.000001 -0.543945 -10.535189 -9.748940 0.625158 4.615619 -18.276459 0.935510 4.988608 -25.819606 0.000003 0.000001 0.000001 0.540104 -1.845399 -15.241827 -0.543891 7.860796 -32.571492 -0.642062 6.168081 -25.802578 0.000001 -0.000002 0.000001 4.169626 13.594658 -12.212902 -1.268633 2.139078 -25.813354 -0.039850 12.482349 -53.320623 0.000003 -0.000001 0.000002 0.342744 6.171554 20.028543 -155.785086 115.385760 193.594008 -41.339307 88.506677 41.344826 -10.177387 3.480427 -24.816234 5.091634 -17.354611 1.771634 16.083718 -21.788985 3.992269 10.579024 -41.174501 5.250868 0.000003 -0.000005 0.000001 11.118255 -8.696837 62.783099 18.181361 -6.644975 90.819345 17.373495 -6.624790 89.224134 -0.000004 0.000001 0.000000 7.887712 -6.785188 65.186677 11.920762 -11.832227 87.092090 11.076669 -11.525578 81.542500 0.000002 -0.000002 0.000000 4.363693 -5.362377 72.934160 7.690386 -14.539979 84.433637 8.073860 -14.605443 86.082022 0.000001 -0.000001 -0.000000 -1.524299 -3.820021 76.694350 2.762722 -16.607181 77.021735 10.744897 -19.826120 117.454843 -0.000001 -0.000001 -0.000001 -51.700441 11.044747 19.094923 63.944292 4.430931 0.231236 -16.122390 0.962032 -4.866761 -0.141033 -0.000009 0.000003 -0.000000 0.000001 0.000000 -22.318160 -12.987375 -25.677198 49.767364 -6.053892 -6.511827 -18.442662 -1.141053 7.419654 -15.136389 0.000003 0.000013 0.000000 0.000000 -0.000002 
1.285095 88.130066 174.582840 6.023527 -52.835181 3.975332 11.938602 4.692649 -1.274597 4.557585 2.242848 0.099390 4.533343 2.295488 0.058956 2.217082 5.065869 -4.660008 -6.670498 18.796815 5.630059 0.000001 0.000001 0.000001 0.243445 -7.406098 -19.662482 -34.794599 -14.849733 -27.643668 40.133427 -91.529104 40.147678 2.550084 -10.795779 24.152229 6.888579 0.585476 5.000708 -1.463328 -4.880134 4.006379 -1.642978 9.265891 -0.301606 0.000002 0.000002 0.000002 -0.067657 -13.036447 -2.327619 2.155129 3.942719 -18.058424 1.050633 2.209138 -10.110370 0.000002 -0.000002 -0.000000 -0.392223 -11.038881 -8.242239 0.514825 4.255292 -16.606270 0.790847 4.617324 -24.053551 0.000001 0.000001 0.000000 0.495825 -2.024774 -13.721895 -0.607587 7.555314 -31.225262 -0.676597 5.840517 -24.376228 0.000001 0.000001 0.000001 3.792725 13.881299 -10.587054 -1.267210 1.794027 -24.427741 -0.198683 12.159275 -51.865441 0.000001 -0.000002 0.000001 0.361712 6.179988 19.214639 -160.610628 116.385658 201.606202 12.270630 94.632510 -12.316110 -9.225274 5.127700 -23.415307 5.895531 -17.531286 2.749898 17.696004 -22.557880 5.118530 12.749902 -45.350882 6.553891 0.000003 -0.000001 0.000001 14.061024 -9.192693 70.139144 20.075336 -5.532368 100.125990 19.280625 -5.653669 98.434897 -0.000001 0.000000 -0.000001 9.183267 -7.185566 72.582481 13.519477 -11.744325 94.761594 12.894252 -11.535127 90.262309 -0.000001 -0.000000 0.000000 4.307771 -5.940419 79.972014 8.947345 -14.907603 90.631884 9.386548 -14.941725 92.504155 0.000002 0.000000 0.000000 -2.451508 -4.998469 83.355014 3.961156 -17.523337 83.613188 12.321395 -19.836693 124.176459 -0.000001 0.000000 -0.000003 -52.840731 9.862622 19.685312 63.508410 2.755030 0.567772 -14.917726 1.114425 -6.119290 -0.058684 0.000004 0.000004 -0.000000 -0.000004 -0.000000 -22.707449 -12.614071 -25.869765 49.876377 -1.726435 -5.780203 -23.335422 -2.261216 11.099722 -10.617285 0.000036 0.000023 -0.000001 -0.000001 0.000001 
1.042922 87.650604 172.402130 7.427371 -54.143435 5.777009 11.618372 4.244971 -1.551913 4.441476 2.038698 0.078071 4.415876 2.098276 0.042088 2.504542 7.488800 -6.074884 -8.652615 30.366499 4.876185 -0.000000 0.000000 -0.000000 0.164393 -8.103541 -20.074517 -34.921002 -11.661660 -25.459887 -8.398602 -83.284410 -8.453828 8.063954 -9.403301 25.651612 6.902604 0.741803 4.960441 -1.513126 -4.567621 3.796744 -1.589852 9.781282 -0.219985 -0.000002 0.000008 0.000001 -0.181848 -12.708708 -3.114341 2.301339 4.124925 -19.014420 1.167392 2.406728 -11.045981 0.000002 -0.000001 -0.000000 -0.471274 -10.784216 -9.005818 0.569375 4.438169 -17.451944 0.862673 4.805920 -24.947727 -0.000001 0.000001 0.000001 0.518170 -1.933873 -14.491640 -0.576247 7.710213 -31.906884 -0.660138 6.006515 -25.098459 -0.000002 0.000001 0.000001 3.986450 13.737005 -11.410879 -1.268977 1.968765 -25.129442 -0.119307 12.323400 -52.602097 0.000000 0.000003 -0.000001 0.379689 6.194235 18.427149 -163.837605 116.860630 205.668361 6.117949 99.178397 -6.204669 -8.217408 7.581704 -20.573816 6.558482 -17.660735 3.554790 19.042870 -23.149804 6.045923 14.796724 -48.725084 7.815434 -0.000000 -0.000004 0.000004 16.545273 -9.196362 76.179825 21.475010 -4.402357 107.715655 20.709767 -4.639035 105.950454 -0.000001 0.000002 -0.000000 10.273061 -7.406243 78.658152 14.811673 -11.516801 101.044821 14.371886 -11.341194 97.409405 0.000000 -0.000000 -0.000000 4.291267 -6.536171 85.736332 10.005582 -15.109582 95.727833 10.488211 -15.109970 97.782764 -0.000000 0.000002 0.000001 -3.135799 -6.206684 88.772392 5.025849 -18.172248 89.057484 13.607873 -19.715718 129.686263 0.000000 -0.000002 -0.000001 -53.648243 8.642441 19.868633 63.041683 0.538045 0.855544 -13.954720 1.231415 -7.297284 -0.000013 -0.000014 0.000001 0.000000 0.000005 -0.000000 -24.403918 -12.024650 -26.601871 51.182907 2.205792 -4.829823 -27.144405 -2.994778 12.683759 -7.263531 0.000034 0.000016 0.000000 -0.000003 0.000001 
1.005185 87.175690 170.350021 8.392048 -55.381923 7.285233 11.623956 3.771215 -1.880241 4.490418 1.824188 0.038066 4.464329 1.893343 0.006535 2.625965 9.408395 -6.925070 -8.915028 40.234793 3.235712 0.000000 -0.000000 0.000000 0.095662 -8.815810 -20.118249 -35.272767 -8.359118 -24.163553 -4.483276 -77.598647 -4.589866 12.243905 -8.185957 24.806839 6.967659 1.430085 4.783478 -1.704925 -3.184097 2.878529 -1.365312 12.050390 0.146184 0.000000 0.000001 0.000002 -0.603288 -11.249122 -6.559018 2.981353 4.897520 -23.234015 1.719908 3.253535 -15.174085 0.000000 -0.000000 0.000002 -0.765516 -9.652523 -12.357468 0.841909 5.233536 -21.182063 1.214138 5.622475 -28.892728 -0.000001 -0.000000 0.000001 0.618636 -1.534826 -17.882970 -0.415939 8.387708 -34.913707 -0.562498 6.734777 -28.283427 0.000001 -0.000003 0.000002 4.770476 13.081901 -15.029749 -1.251236 2.738323 -28.221577 0.256443 13.033872 -55.855491 0.000001 -0.000002 -0.000001 0.396192 6.195385 17.746694 -166.630757 116.533013 206.948598 4.508749 102.354838 -4.624168 -7.664037 10.509494 -17.250836 7.032586 -17.744410 4.129543 20.015205 -23.550091 6.708045 16.428217 -51.096877 8.847847 0.000000 -0.000003 0.000001 18.322039 -8.972991 80.472264 22.373700 -3.489816 113.098849 21.639568 -3.806905 111.282367 -0.000002 0.000001 -0.000001 11.059202 -7.503204 82.990685 15.712280 -11.270836 105.513964 15.403214 -11.093767 102.493593 0.000001 0.000001 0.000001 4.308432 -7.026553 89.839514 10.769375 -15.197656 99.363201 11.281046 -15.169722 101.547387 0.000001 0.000001 -0.000002 -3.561858 -7.196200 92.607031 5.824061 -18.574324 92.955726 14.513240 -19.558861 133.606177 -0.000002 0.000002 -0.000003 -54.008047 7.448431 19.828960 62.539609 -1.666918 1.133273 -13.221144 1.340954 -8.475819 -0.000053 -0.000018 0.000011 0.000000 -0.000000 -0.000000 -26.979560 -11.251853 -27.526803 53.484387 4.884956 -3.993979 -29.634261 -2.829993 12.916472 -5.204269 -0.000006 0.000013 -0.000000 0.000001 0.000000 
1.153715 86.738510 168.472198 8.739635 -56.600456 8.162595 11.968103 3.391462 -2.147840 4.710842 1.653553 -0.004169 4.685029 1.733710 -0.032192 2.555084 10.623284 -7.266393 -7.500170 46.918967 0.497613 0.000002 0.000000 0.000001 0.034480 -9.454050 -20.131703 -35.743305 -5.136472 -23.606430 -3.613838 -74.752063 -3.746270 14.918474 -6.973461 23.477411 7.179475 3.360260 4.288704 -2.004639 0.754300 0.334379 -0.824802 18.412887 1.241630 0.000005 0.000001 -0.000000 -1.085320 -7.084474 -16.100817 5.180029 6.776509 -35.164894 3.584951 5.394127 -26.838414 0.000000 -0.000004 -0.000001 -1.124949 -6.430546 -21.693128 1.881334 7.353648 -31.712893 2.497222 7.764905 -40.037889 -0.000001 -0.000000 0.000002 0.919925 -0.419438 -27.414776 0.226324 10.235563 -43.403178 -0.070490 8.738758 -37.268446 -0.000006 -0.000003 0.000001 6.371349 11.150780 -25.114758 -0.979178 4.882030 -36.926096 1.533803 14.904798 -65.073951 -0.000001 -0.000000 0.000001 0.413444 6.155882 17.138212 -169.923208 115.590529 207.213842 3.933726 104.088579 -4.064852 -7.813222 13.384549 -14.317110 7.270397 -17.783620 4.417577 20.505705 -23.743689 7.039738 17.306410 -52.272858 9.413936 0.000003 -0.000005 0.000002 19.206352 -8.790456 82.613727 22.790019 -3.002457 115.785982 22.074523 -3.358911 113.944228 0.000001 -0.000001 0.000001 11.454525 -7.532777 85.160083 16.154772 -11.122086 107.747928 15.909706 -10.936508 105.034840 0.000002 0.000001 -0.000000 4.328909 -7.292076 91.892402 11.153594 -15.224125 101.183782 11.679070 -15.180719 103.432382 -0.000003 -0.000001 -0.000002 -3.751694 -7.730339 94.518869 6.234661 -18.756000 94.912479 14.961278 -19.458570 135.565636 -0.000002 -0.000001 -0.000001 -53.970925 6.375262 19.837579 61.993795 -3.264869 1.432962 -12.555027 1.445631 -9.704062 -0.000077 -0.000000 0.000002 -0.000000 -0.000000 -0.000000 -29.731209 -10.345750 -28.150703 56.200859 4.952330 -3.560295 -30.824845 -0.753685 13.461793 -4.444571 0.000023 0.000022 -0.000000 0.000001 0.000000 
1.358170 86.352158 166.770447 8.505680 -57.811056 8.364920 12.546897 3.210094 -2.345930 5.037546 1.575226 -0.041263 5.011765 1.666106 -0.067631 2.361012 11.061275 -7.240351 -5.710850 49.671123 -2.344148 0.000002 -0.000000 -0.000001 -0.026005 -9.935220 -20.385541 -36.200932 -2.429789 -23.548460 -3.553487 -74.506142 -3.688187 16.097514 -5.741212 22.736100 7.717576 7.121536 3.324216 -1.564559 8.604255 -4.614554 -0.263008 30.802791 3.803946 -0.000000 0.000005 0.000000 0.815234 0.641801 -34.643006 10.405098 8.961177 -58.816084 8.323746 8.291692 -49.978827 -0.000002 -0.000001 -0.000002 0.087011 -0.367748 -39.863436 4.979055 10.789040 -52.604983 6.121593 11.056066 -62.168805 0.000003 0.000001 0.000005 1.624177 1.800228 -46.087811 2.268659 13.485420 -60.245752 1.793001 12.324436 -55.076757 -0.000002 0.000001 -0.000000 7.110253 7.720797 -44.613508 0.485396 8.842891 -54.114096 4.891964 17.874935 -83.473436 0.000000 0.000001 0.000001 0.431957 6.061325 16.582029 -173.979466 114.479906 207.886493 3.789204 104.602120 -3.924990 -8.594450 15.691849 -12.270945 7.289179 -17.786639 4.440298 20.544488 -23.758760 7.065930 17.377553 -52.365288 9.460121 0.000001 -0.000000 -0.000004 19.275859 -8.774056 82.782405 22.821873 -2.963196 115.997704 22.107919 -3.322691 114.153983 -0.000001 0.000003 0.000002 11.485753 -7.534578 85.331199 16.189408 -11.109625 107.924017 15.949328 -10.923149 105.235183 -0.000002 -0.000002 -0.000002 4.330909 -7.313569 92.054319 11.183928 -15.225725 101.327400 11.710494 -15.181058 103.581089 -0.000004 0.000001 -0.000002 -3.765924 -7.773546 94.669468 6.267333 -18.769737 95.066958 14.996437 -19.450046 135.720094 -0.000000 0.000002 0.000003 -53.628009 5.544622 20.114424 61.376155 -3.983612 1.756720 -11.809068 1.537238 -11.005550 0.000003 0.000015 0.000005 -0.000000 -0.000000 -0.000000 -31.935816 -9.432034 -28.214968 58.662036 4.890401 -3.532382 -31.487606 0.882125 13.941862 -4.060940 -0.000015 0.000008 0.000000 0.000000 -0.000000 
1.491754 86.041916 165.250519 7.894107 -58.947756 8.084851 13.175970 3.266153 -2.516043 5.363123 1.608989 -0.082353 5.336146 1.708431 -0.109130 2.157947 10.782394 -6.961716 -5.055622 48.740575 -3.951666 -0.000001 0.000001 -0.000000 -0.089951 -10.250374 -20.935170 -36.568887 -0.704738 -23.807270 -3.891815 -75.792068 -4.014818 16.087935 -4.654946 22.856154 8.538517 11.410380 2.205944 0.700434 17.646729 -10.582017 -0.953988 44.879356 7.999379 0.000003 0.000003 -0.000000 7.002841 7.160539 -56.580321 16.919606 8.663616 -86.188969 14.693274 9.018758 -76.898033 0.000001 -0.000002 -0.000001 4.234232 5.184914 -61.072362 9.843401 13.073555 -77.071759 11.522819 12.836532 -88.053098 0.000001 -0.000002 0.000003 2.778770 4.512039 -67.573916 5.736509 16.307905 -80.019976 5.243669 15.511778 -75.991121 -0.000002 0.000003 0.000002 5.013300 5.959539 -66.832650 3.576430 12.618154 -74.251471 9.798165 19.812489 -105.124855 0.000003 0.000000 -0.000001 0.448969 5.926830 16.134479 -178.446902 113.676491 209.506135 3.861946 104.339015 -3.995334 -9.771010 17.111422 -11.171359 7.289190 -17.786642 4.440294 20.544476 -23.758765 7.065902 17.377562 -52.365298 9.460124 0.000001 -0.000007 -0.000000 19.275871 -8.774062 82.782405 22.821863 -2.963199 115.997731 22.107931 -3.322709 114.153990 -0.000002 -0.000001 0.000001 11.485759 -7.534575 85.331199 16.189396 -11.109605 107.924010 15.949311 -10.923143 105.235183 0.000003 0.000001 -0.000002 4.330912 -7.313580 92.054305 11.183922 -15.225713 101.327379 11.710474 -15.181047 103.581076 -0.000006 0.000002 -0.000002 -3.765935 -7.773545 94.669468 6.267350 -18.769753 95.066965 14.996432 -19.450038 135.720080 0.000000 0.000000 0.000006 -53.055728 5.039199 20.712202 60.596468 -3.967189 2.088693 -10.913117 1.607298 -12.336545 -0.000025 0.000013 -0.000002 0.000000 -0.000002 0.000000 -33.277450 -8.628053 -27.798716 60.490491 4.837059 -3.688655 -31.987719 2.078689 14.708015 -3.757037 0.000041 0.000018 -0.000001 0.000000 -0.000000 
1.495684 85.808090 163.919250 7.168925 -59.911708 7.647440 13.692051 3.514067 -2.724272 5.599686 1.733423 -0.144044 5.570051 1.838603 -0.173034 2.030358 9.991419 -6.501998 -5.689264 45.237026 -4.142393 0.000001 0.000000 0.000001 -0.156952 -10.462269 -21.663152 -36.811349 -0.154464 -24.180418 -4.410363 -77.401063 -4.518758 15.415180 -3.912662 23.550839 9.380703 14.911719 1.261161 4.146155 24.898594 -16.076158 -3.728364 56.227620 13.620581 0.000006 0.000002 0.000002 14.243617 9.341512 -75.313784 21.684447 6.201901 -108.538837 19.729625 7.404195 -99.009848 0.000006 -0.000001 -0.000001 9.262539 7.821782 -78.998309 14.315880 13.318279 -97.427574 16.226545 12.430351 -109.491709 0.000001 -0.000001 0.000001 4.215475 6.877726 -85.326227 9.244916 17.658035 -96.607528 8.867539 17.084724 -93.561024 -0.000001 -0.000001 0.000000 2.290707 7.247283 -84.939256 7.043311 14.775839 -91.194459 14.211051 20.014819 -123.165659 0.000002 -0.000001 -0.000001 0.461094 5.788920 15.875235 -182.562815 113.450467 211.671223 3.998850 103.868483 -4.127968 -11.090212 17.556573 -10.743858 7.289168 -17.786636 4.440319 20.544487 -23.758789 7.065899 17.377548 -52.365278 9.460114 -0.000002 -0.000005 -0.000001 19.275844 -8.774048 82.782412 22.821858 -2.963202 115.997731 22.107932 -3.322726 114.153990 -0.000002 -0.000001 -0.000001 11.485753 -7.534562 85.331234 16.189404 -11.109619 107.924044 15.949315 -10.923145 105.235163 0.000003 -0.000000 0.000003 4.330897 -7.313575 92.054332 11.183919 -15.225714 101.327407 11.710486 -15.181038 103.581055 -0.000002 0.000001 0.000002 -3.765946 -7.773540 94.669468 6.267348 -18.769759 95.066965 14.996450 -19.450026 135.720121 -0.000001 -0.000000 0.000002 -52.395785 4.837564 21.462988 59.721378 -3.924631 2.347524 -10.032013 1.635881 -13.470322 -0.023862 -0.000009 0.000000 -0.000000 -0.000000 -0.000000 -33.863849 -8.005482 -27.150219 61.625600 4.802487 -3.890673 -32.603143 2.871549 15.754130 -2.891680 -0.000010 -0.000000 0.000000 -0.000003 -0.000000 
1.381565 85.635925 162.781219 6.525688 -60.624090 7.323302 14.027773 3.831880 -2.994769 5.719749 1.891838 -0.229725 5.686735 2.000304 -0.261950 1.986044 9.020838 -5.947549 -6.751601 40.820291 -3.630813 0.000000 0.000000 0.000000 -0.224377 -10.645745 -22.404846 -36.886484 -0.562464 -24.406394 -4.869324 -78.551704 -4.967313 14.602673 -3.569977 24.293902 9.775933 16.357220 0.858871 6.053994 27.805314 -18.599812 -6.037763 60.816243 17.106955 0.000003 0.000000 -0.000004 17.472824 9.224746 -83.155723 23.312503 4.675933 -117.724007 21.566930 6.194448 -108.116704 0.000003 -0.000003 -0.000001 11.592352 8.281160 -86.537629 16.149747 12.965005 -105.880254 18.073345 11.765605 -118.360867 0.000002 0.000001 0.000001 4.991177 7.872689 -92.729476 10.803474 17.923618 -103.552587 10.498647 17.411860 -100.924863 -0.000000 -0.000002 0.000002 1.243727 8.584916 -92.369839 8.659896 15.362665 -98.315614 16.024879 19.714786 -130.655399 0.000002 -0.000002 0.000001 0.467383 5.678013 15.819095 -185.597741 113.743420 213.563896 4.053575 103.688637 -4.181085 -12.329104 17.115735 -10.579349 7.289186 -17.786642 4.440300 20.544514 -23.758789 7.065919 17.377528 -52.365308 9.460087 0.000000 -0.000001 -0.000003 19.275873 -8.774060 82.782425 22.821868 -2.963189 115.997704 22.107931 -3.322711 114.153969 0.000000 -0.000000 0.000002 11.485756 -7.534574 85.331193 16.189392 -11.109619 107.924024 15.949303 -10.923147 105.235170 0.000003 -0.000000 -0.000001 4.330905 -7.313574 92.054305 11.183926 -15.225699 101.327373 11.710496 -15.181048 103.581082 -0.000002 0.000001 -0.000001 -3.765934 -7.773544 94.669468 6.267341 -18.769756 95.066965 14.996461 -19.450027 135.720107 0.000001 0.000001 0.000001 -51.735603 4.834346 22.118687 58.807929 -3.887960 2.524569 -9.224386 1.634196 -14.408077 -0.116743 0.000015 -0.000004 -0.000000 -0.000002 -0.000000 -34.054299 -7.545984 -26.569909 62.298114 4.754976 -4.038102 -33.317495 3.382945 16.822874 -1.956768 0.000011 0.000004 -0.000000 -0.000001 -0.000000 
1.204576 85.513519 161.834671 6.036841 -61.071249 7.203940 14.204844 4.077468 -3.277498 5.750621 2.016756 -0.319139 5.714592 2.126980 -0.354579 1.976848 8.202587 -5.428048 -7.608749 37.079437 -2.994417 0.000001 -0.000000 0.000001 -0.287347 -10.834617 -23.027935 -36.749928 -1.429042 -24.282251 -5.085598 -79.024619 -5.179335 13.947922 -3.533081 24.724677 9.775933 16.357232 0.858855 6.054005 27.805360 -18.599829 -6.037755 60.816264 17.106970 0.000000 0.000007 -0.000001 17.472867 9.224743 -83.155818 23.312544 4.675905 -117.724089 21.566951 6.194439 -108.116806 -0.000003 -0.000004 0.000001 11.592398 8.281169 -86.537691 16.149774 12.964986 -105.880322 18.073345 11.765584 -118.360949 -0.000000 0.000001 0.000001 4.991172 7.872688 -92.729551 10.803495 17.923627 -103.552648 10.498650 17.411836 -100.924931 -0.000002 -0.000002 0.000001 1.243701 8.584926 -92.369928 8.659893 15.362677 -98.315696 16.024889 19.714759 -130.655467 0.000000 0.000001 0.000000 0.469387 5.600859 15.903757 -187.292694 114.249722 214.624379 3.947313 104.041847 -4.078020 -13.299265 15.988942 -10.328821 7.289178 -17.786653 4.440310 20.544500 -23.758758 7.065905 17.377557 -52.365298 9.460127 0.000003 -0.000002 -0.000002 19.275861 -8.774069 82.782405 22.821870 -2.963201 115.997731 22.107932 -3.322709 114.153990 0.000001 0.000001 -0.000001 11.485761 -7.534588 85.331206 16.189398 -11.109608 107.924024 15.949315 -10.923160 105.235163 0.000001 0.000004 0.000002 4.330911 -7.313597 92.054312 11.183940 -15.225699 101.327393 11.710473 -15.181052 103.581076 0.000002 -0.000001 -0.000002 -3.765935 -7.773542 94.669475 6.267333 -18.769754 95.066951 14.996435 -19.450038 135.720094 -0.000001 0.000002 0.000002 -51.110285 4.908669 22.521109 57.909363 -3.817747 2.651517 -8.520319 1.612918 -15.188771 -0.081383 -0.000011 0.000012 0.000000 -0.000000 0.000000 -34.276860 -7.136842 -26.284788 62.917012 4.813666 -4.077840 -33.569755 3.772997 17.881442 -1.782012 -0.000002 0.000005 0.000000 -0.000001 -0.000000 
1.019928 85.441628 161.070480 5.692129 -61.317402 7.208872 14.270671 4.159457 -3.470891 5.737504 2.061252 -0.382034 5.699933 2.172743 -0.419436 1.957754 7.723314 -5.062540 -8.131298 34.895126 -2.476449 0.000001 -0.000000 -0.000001 -0.337237 -11.009838 -23.447449 -36.838653 -2.037988 -23.656155 -5.076735 -79.005959 -5.170660 13.508408 -3.646691 24.796939 9.775939 16.357231 0.858842 6.053994 27.805333 -18.599831 -6.037789 60.816271 17.107008 0.000004 0.000000 -0.000005 17.472847 9.224752 -83.155770 23.312532 4.675916 -117.724102 21.566947 6.194446 -108.116772 0.000001 -0.000001 -0.000001 11.592381 8.281172 -86.537691 16.149781 12.964992 -105.880329 18.073357 11.765600 -118.360949 0.000004 -0.000002 0.000000 4.991176 7.872695 -92.729544 10.803493 17.923617 -103.552655 10.498650 17.411855 -100.924911 0.000002 -0.000001 0.000000 1.243699 8.584915 -92.369921 8.659911 15.362660 -98.315703 16.024887 19.714750 -130.655454 0.000001 -0.000001 -0.000000 0.469134 5.548117 16.053200 -187.877522 114.633578 214.793918 3.714629 104.881646 -3.852973 -13.885586 14.445845 -9.816631 7.289170 -17.786639 4.440302 20.544488 -23.758777 7.065924 17.377528 -52.365295 9.460088 -0.000003 -0.000007 -0.000000 19.275854 -8.774070 82.782412 22.821865 -2.963204 115.997731 22.107943 -3.322702 114.153976 0.000001 -0.000000 -0.000000 11.485766 -7.534581 85.331206 16.189404 -11.109613 107.924024 15.949306 -10.923130 105.235183 0.000002 0.000000 -0.000006 4.330902 -7.313579 92.054305 11.183920 -15.225711 101.327400 11.710479 -15.181048 103.581082 0.000001 0.000001 -0.000001 -3.765940 -7.773545 94.669468 6.267346 -18.769753 95.066965 14.996450 -19.450026 135.720107 0.000001 0.000002 -0.000001 -50.538250 4.980047 22.703639 57.066903 -3.733043 2.759698 -7.934083 1.582816 -15.828682 -0.000002 0.000018 0.000005 -0.000000 -0.000003 -0.000000 -34.786768 -6.837736 -26.140886 63.906221 4.677695 -4.004896 -33.948591 4.235534 17.374413 -1.263468 -0.000004 0.000002 -0.000000 0.000001 -0.000000 
0.853325 85.407944 160.455276 5.476055 -61.480602 7.262445 14.252089 4.064125 -3.542802 5.710415 2.017717 -0.403385 5.673186 2.130335 -0.440739 1.926226 7.592396 -4.890509 -8.394896 34.330276 -2.174871 0.000003 -0.000001 -0.000001 -0.364793 -11.128792 -23.626048 -36.332293 -2.389470 -22.978240 -4.997201 -78.835956 -5.092654 13.259781 -3.772669 24.618208 9.775929 16.357210 0.858837 6.053983 27.805352 -18.599809 -6.037772 60.816298 17.106991 0.000002 0.000004 -0.000004 17.472845 9.224738 -83.155770 23.312544 4.675910 -117.724102 21.566952 6.194448 -108.116779 0.000003 0.000002 -0.000002 11.592376 8.281158 -86.537718 16.149762 12.964996 -105.880322 18.073345 11.765599 -118.360949 0.000001 0.000000 0.000001 4.991179 7.872687 -92.729578 10.803499 17.923636 -103.552648 10.498667 17.411863 -100.924911 -0.000000 0.000001 0.000000 1.243707 8.584922 -92.369948 8.659912 15.362670 -98.315703 16.024899 19.714767 -130.655467 -0.000000 -0.000002 0.000001 0.467667 5.510782 16.236533 -187.788183 114.713273 214.346281 3.444302 105.989667 -3.592729 -14.100197 12.776755 -9.055922 7.289184 -17.786642 4.440310 20.544495 -23.758774 7.065925 17.377550 -52.365298 9.460124 0.000005 -0.000002 -0.000003 19.275880 -8.774061 82.782405 22.821875 -2.963192 115.997704 22.107934 -3.322702 114.153976 0.000000 0.000001 0.000003 11.485764 -7.534570 85.331199 16.189398 -11.109624 107.924038 15.949322 -10.923168 105.235163 -0.000001 -0.000003 -0.000003 4.330914 -7.313586 92.054312 11.183923 -15.225707 101.327407 11.710478 -15.181060 103.581055 0.000004 -0.000000 -0.000001 -3.765941 -7.773545 94.669455 6.267341 -18.769763 95.066965 14.996450 -19.450043 135.720094 0.000000 -0.000001 0.000000 -50.067073 5.051821 22.799113 56.376334 -3.661394 2.849716 -7.504260 1.552136 -16.314482 -0.000139 -0.000012 0.000005 0.000000 0.000002 -0.000000 -35.204253 -6.702738 -26.139284 64.615502 4.587697 -3.839454 -34.204682 4.682547 16.932100 -0.918685 -0.000002 -0.000001 -0.000000 -0.000002 0.000000 
0.708032 85.405609 159.940079 5.403000 -61.674143 7.342658 14.150421 3.851078 -3.515628 5.675856 1.914668 -0.395859 5.640506 2.027714 -0.431345 1.910665 7.698512 -4.862192 -8.490343 34.905111 -2.125686 0.000002 -0.000000 0.000000 -0.366265 -11.163029 -23.579727 -35.939848 -2.134087 -22.316868 -4.976431 -78.790795 -5.072268 13.189887 -3.838155 24.286853 9.775925 16.357227 0.858858 6.053998 27.805345 -18.599829 -6.037772 60.816305 17.106979 0.000002 -0.000002 -0.000001 17.472843 9.224744 -83.155770 23.312522 4.675915 -117.724061 21.566944 6.194456 -108.116765 -0.000003 -0.000003 0.000000 11.592372 8.281170 -86.537718 16.149765 12.964997 -105.880308 18.073360 11.765604 -118.360936 0.000002 -0.000002 0.000002 4.991170 7.872691 -92.729524 10.803501 17.923617 -103.552648 10.498652 17.411863 -100.924911 -0.000001 0.000001 0.000000 1.243708 8.584922 -92.369935 8.659887 15.362660 -98.315703 16.024893 19.714783 -130.655454 -0.000000 0.000000 0.000000 0.464840 5.486551 16.468180 -187.427918 114.512158 213.647935 3.201076 107.132904 -3.359912 -14.087380 11.220594 -8.190369 7.289181 -17.786627 4.440320 20.544473 -23.758774 7.065901 17.377550 -52.365319 9.460113 0.000001 -0.000007 0.000001 19.275858 -8.774056 82.782405 22.821849 -2.963203 115.997704 22.107939 -3.322711 114.153983 -0.000001 0.000002 -0.000002 11.485748 -7.534575 85.331193 16.189408 -11.109625 107.924031 15.949323 -10.923162 105.235156 0.000001 0.000003 0.000003 4.330901 -7.313574 92.054312 11.183932 -15.225711 101.327379 11.710477 -15.181053 103.581076 0.000001 -0.000003 -0.000005 -3.765940 -7.773544 94.669468 6.267339 -18.769739 95.066944 14.996437 -19.450033 135.720107 0.000001 0.000002 0.000000 -49.682451 5.153956 23.011022 55.704595 -3.626695 2.900715 -7.101722 1.515836 -16.709296 -0.000733 -0.000000 -0.000002 0.000000 0.000000 -0.000000 -35.546449 -6.630568 -26.104776 65.107296 4.506644 -3.642393 -34.369413 5.118430 16.552948 -0.837315 0.000001 0.000004 -0.000000 -0.000002 -0.000000 
0.578695 85.428009 159.491791 5.489088 -61.963647 7.485082 13.971735 3.614002 -3.450567 5.629381 1.797284 -0.389053 5.596558 1.909320 -0.421804 1.930794 7.890279 -4.889654 -8.490720 35.939885 -2.300476 -0.000000 -0.000001 0.000000 -0.346357 -11.115833 -23.374456 -35.827436 -1.400919 -21.858654 -5.062044 -78.974779 -5.156188 13.280011 -3.839586 23.868731 9.775930 16.357224 0.858833 6.053995 27.805335 -18.599828 -6.037780 60.816291 17.107013 0.000002 -0.000004 -0.000003 17.472855 9.224748 -83.155811 23.312527 4.675913 -117.724102 21.566956 6.194448 -108.116813 0.000000 0.000001 -0.000002 11.592382 8.281164 -86.537711 16.149757 12.964993 -105.880322 18.073355 11.765597 -118.360936 -0.000000 -0.000001 0.000002 4.991178 7.872685 -92.729544 10.803489 17.923618 -103.552641 10.498659 17.411849 -100.924945 -0.000001 -0.000001 -0.000000 1.243710 8.584912 -92.369928 8.659909 15.362658 -98.315717 16.024893 19.714759 -130.655481 -0.000000 -0.000001 -0.000000 0.460450 5.475323 16.763320 -187.088498 114.195278 213.017112 3.007622 108.162138 -3.175877 -14.057336 9.905131 -7.400957 7.289170 -17.786632 4.440299 20.544495 -23.758758 7.065908 17.377538 -52.365298 9.460107 -0.000001 -0.000003 -0.000000 19.275868 -8.774064 82.782405 22.821875 -2.963189 115.997731 22.107934 -3.322695 114.153983 -0.000000 0.000003 0.000001 11.485737 -7.534570 85.331199 16.189391 -11.109632 107.924003 15.949310 -10.923156 105.235149 0.000002 0.000001 0.000004 4.330921 -7.313590 92.054332 11.183935 -15.225701 101.327379 11.710490 -15.181053 103.581062 -0.000004 0.000004 -0.000000 -3.765929 -7.773554 94.669468 6.267341 -18.769739 95.066965 14.996445 -19.450029 135.720121 0.000001 -0.000004 0.000001 -49.385710 5.332197 23.422510 55.054730 -3.733196 2.857067 -6.743106 1.483036 -16.987317 -0.000795 -0.000019 -0.000001 0.000000 0.000002 -0.000000 -35.836944 -6.519857 -25.930801 65.448498 4.532278 -3.487775 -34.493323 5.503360 16.177960 -0.838488 0.000004 0.000001 -0.000000 -0.000002 -0.000000 
0.458805 85.464783 159.086777 5.702574 -62.349853 7.748803 13.751646 3.427543 -3.434795 5.571434 1.704982 -0.407297 5.540844 1.814417 -0.437521 1.976701 8.046376 -4.907514 -8.452013 36.850773 -2.612023 -0.000000 0.000001 -0.000001 -0.315748 -11.017785 -23.103654 -36.061879 -0.470922 -21.674801 -5.237967 -79.335263 -5.328917 13.473969 -3.804214 23.432651 9.775926 16.357232 0.858849 6.053993 27.805347 -18.599829 -6.037780 60.816298 17.106984 -0.000001 -0.000003 -0.000005 17.472855 9.224726 -83.155784 23.312527 4.675915 -117.724102 21.566963 6.194442 -108.116772 0.000005 -0.000002 -0.000000 11.592391 8.281160 -86.537718 16.149769 12.964988 -105.880322 18.073348 11.765593 -118.360936 -0.000001 -0.000002 0.000002 4.991175 7.872689 -92.729524 10.803493 17.923629 -103.552648 10.498667 17.411860 -100.924911 -0.000004 -0.000000 -0.000001 1.243694 8.584912 -92.369928 8.659868 15.362673 -98.315690 16.024896 19.714776 -130.655454 -0.000000 -0.000003 0.000001 0.454943 5.473611 17.103233 -186.955897 113.959958 212.663486 2.861111 109.024859 -3.037270 -14.189438 8.841655 -6.820300 7.289168 -17.786632 4.440305 20.544494 -23.758764 7.065925 17.377548 -52.365295 9.460116 -0.000000 -0.000001 0.000001 19.275834 -8.774050 82.782412 22.821873 -2.963204 115.997731 22.107939 -3.322712 114.153983 -0.000000 0.000001 -0.000000 11.485743 -7.534565 85.331193 16.189391 -11.109599 107.924024 15.949296 -10.923157 105.235163 -0.000000 0.000001 -0.000002 4.330886 -7.313573 92.054312 11.183913 -15.225718 101.327400 11.710481 -15.181050 103.581082 -0.000001 -0.000001 0.000002 -3.765949 -7.773552 94.669475 6.267347 -18.769744 95.066972 14.996433 -19.450026 135.720080 -0.000001 0.000003 0.000000 -49.142928 5.629077 23.980246 54.409543 -3.939430 2.693375 -6.409084 1.451922 -17.156344 -0.000865 0.000007 0.000001 -0.000000 0.000004 0.000000 -36.135324 -6.295684 -25.600630 65.740858 4.434345 -3.420560 -34.557339 5.746183 15.881809 -0.817776 0.000003 -0.000001 -0.000000 -0.000002 -0.000000 
0.348522 85.525131 158.731033 5.953936 -62.780032 8.094588 13.543793 3.331175 -3.480397 5.512101 1.657039 -0.454765 5.482900 1.763031 -0.483254 2.022016 8.109586 -4.895155 -8.403568 37.323555 -2.962377 -0.000001 -0.000000 0.000001 -0.285783 -10.910166 -22.854310 -36.588593 0.377951 -21.734258 -5.456938 -79.752239 -5.544068 13.695310 -3.749811 23.054598 9.775933 16.357231 0.858853 6.053998 27.805348 -18.599814 -6.037769 60.816298 17.106979 0.000003 0.000002 -0.000003 17.472857 9.224759 -83.155770 23.312540 4.675910 -117.724089 21.566947 6.194448 -108.116779 0.000000 -0.000002 -0.000000 11.592390 8.281161 -86.537704 16.149757 12.964998 -105.880302 18.073350 11.765587 -118.360949 0.000001 -0.000001 0.000002 4.991187 7.872712 -92.729565 10.803498 17.923618 -103.552641 10.498652 17.411863 -100.924917 0.000001 0.000001 0.000000 1.243710 8.584939 -92.369921 8.659911 15.362665 -98.315696 16.024899 19.714767 -130.655467 0.000000 -0.000001 0.000001 0.449328 5.474564 17.443490 -187.107636 113.943483 212.649443 2.751042 109.726866 -2.933652 -14.566241 7.969874 -6.490268 7.289169 -17.786649 4.440294 20.544500 -23.758774 7.065904 17.377560 -52.365271 9.460121 0.000001 -0.000003 0.000000 19.275856 -8.774063 82.782405 22.821856 -2.963211 115.997731 22.107931 -3.322706 114.153976 -0.000003 0.000001 -0.000001 11.485766 -7.534581 85.331213 16.189389 -11.109614 107.924024 15.949322 -10.923162 105.235170 0.000002 -0.000001 0.000002 4.330897 -7.313589 92.054305 11.183940 -15.225716 101.327407 11.710483 -15.181053 103.581076 -0.000002 -0.000000 -0.000001 -3.765940 -7.773544 94.669468 6.267337 -18.769766 95.066965 14.996442 -19.450033 135.720107 0.000001 -0.000001 0.000002 -48.890620 6.041208 24.585543 53.744921 -4.219048 2.423008 -6.095726 1.424922 -17.221714 -0.000931 0.000002 0.000010 0.000000 0.000002 -0.000000 -36.362985 -5.984603 -25.209376 65.936911 4.387086 -3.451849 -34.583054 5.811277 15.618020 -0.760169 0.000003 0.000002 -0.000000 -0.000000 -0.000000 
0.246691 85.614120 158.432724 6.139791 -63.186299 8.443519 13.393259 3.317261 -3.570350 5.463589 1.650072 -0.515845 5.434876 1.752895 -0.543556 2.048119 8.080981 -4.860520 -8.342522 37.327841 -3.295750 0.000000 -0.000001 0.000000 -0.263555 -10.824970 -22.674951 -37.263945 0.998087 -21.961590 -5.673439 -80.134006 -5.757197 13.891137 -3.678728 22.787673 9.775929 16.357231 0.858865 6.053994 27.805343 -18.599826 -6.037799 60.816312 17.107010 0.000001 0.000004 0.000001 17.472848 9.224746 -83.155770 23.312535 4.675917 -117.724102 21.566954 6.194450 -108.116779 0.000003 -0.000003 -0.000001 11.592381 8.281162 -86.537691 16.149777 12.964988 -105.880322 18.073346 11.765594 -118.360949 -0.000003 -0.000001 0.000001 4.991190 7.872682 -92.729551 10.803488 17.923608 -103.552635 10.498648 17.411855 -100.924904 -0.000002 0.000000 0.000002 1.243713 8.584923 -92.369948 8.659900 15.362670 -98.315703 16.024913 19.714784 -130.655495 0.000002 0.000000 -0.000000 0.444437 5.472223 17.749286 -187.498897 114.181529 212.878528 2.667908 110.290582 -2.855684 -15.164442 7.212050 -6.371402 7.289186 -17.786634 4.440309 20.544490 -23.758779 7.065890 17.377564 -52.365274 9.460136 -0.000001 0.000000 0.000002 19.275854 -8.774048 82.782405 22.821863 -2.963198 115.997704 22.107927 -3.322716 114.153969 0.000002 0.000004 -0.000001 11.485746 -7.534571 85.331199 16.189391 -11.109625 107.924003 15.949340 -10.923154 105.235177 0.000002 -0.000000 -0.000001 4.330897 -7.313578 92.054332 11.183944 -15.225719 101.327414 11.710479 -15.181033 103.581069 -0.000003 0.000003 0.000003 -3.765934 -7.773531 94.669482 6.267338 -18.769747 95.066958 14.996447 -19.450036 135.720094 -0.000000 -0.000001 -0.000003 -48.577917 6.537158 25.131471 53.056684 -4.538424 2.092726 -5.806094 1.402797 -17.204934 -0.000985 0.000005 -0.000002 -0.000000 0.000002 -0.000000 -36.474221 -5.645081 -24.838796 66.021496 4.343482 -3.551663 -34.579154 5.770773 15.411818 -0.700760 -0.000047 -0.000006 0.000000 -0.000000 -0.000000 
0.149798 85.736252 158.199432 6.201077 -63.514865 8.707110 13.308929 3.348906 -3.655061 5.429550 1.665671 -0.566391 5.400795 1.766180 -0.594012 2.056628 7.993145 -4.815286 -8.245818 37.017347 -3.611536 0.000002 -0.000001 0.000000 -0.250155 -10.773360 -22.564621 -37.914366 1.408730 -22.283885 -5.873622 -80.462463 -5.954379 14.050199 -3.595637 22.637549 9.775930 16.357231 0.858856 6.053999 27.805316 -18.599848 -6.037822 60.816298 17.107030 -0.000000 0.000002 0.000003 17.472855 9.224752 -83.155770 23.312532 4.675905 -117.724116 21.566952 6.194450 -108.116779 -0.000001 -0.000003 0.000000 11.592389 8.281162 -86.537718 16.149777 12.964983 -105.880322 18.073345 11.765603 -118.360949 0.000004 0.000001 -0.000000 4.991179 7.872679 -92.729565 10.803485 17.923618 -103.552655 10.498662 17.411844 -100.924931 -0.000002 0.000000 0.000003 1.243703 8.584919 -92.369942 8.659880 15.362670 -98.315690 16.024896 19.714774 -130.655440 -0.000002 0.000000 0.000001 0.440456 5.464379 18.017074 -187.994441 114.618429 213.155792 2.605479 110.734838 -2.797362 -15.890346 6.507363 -6.382995 7.289172 -17.786648 4.440315 20.544497 -23.758774 7.065915 17.377557 -52.365298 9.460122 0.000003 0.000001 -0.000002 19.275853 -8.774070 82.782405 22.821878 -2.963200 115.997717 22.107934 -3.322711 114.153990 0.000001 -0.000000 0.000001 11.485753 -7.534571 85.331220 16.189377 -11.109624 107.924010 15.949316 -10.923160 105.235156 -0.000004 -0.000002 -0.000003 4.330894 -7.313581 92.054312 11.183925 -15.225704 101.327359 11.710482 -15.181050 103.581082 0.000005 0.000001 0.000001 -3.765937 -7.773546 94.669475 6.267325 -18.769756 95.066965 14.996447 -19.450027 135.720107 -0.000001 0.000001 0.000000 -48.189109 7.061405 25.561653 52.350460 -4.869259 1.760701 -5.543242 1.384602 -17.135492 -0.001056 0.000012 0.000004 -0.000000 -0.000002 -0.000000 -36.427089 -5.346078 -24.535074 65.965632 4.301615 -3.667041 -34.544853 5.671469 15.259734 -0.674698 0.000015 -0.000003 -0.000000 -0.000002 -0.000000 
0.052343 85.890305 158.030060 6.148206 -63.740439 8.842182 13.262788 3.383719 -3.685053 5.402362 1.682043 -0.586853 5.373467 1.781078 -0.614689 2.065219 7.884052 -4.763382 -8.089825 36.598442 -3.940822 0.000000 0.000001 -0.000001 -0.242548 -10.749090 -22.490857 -38.394904 1.731323 -22.642979 -6.077933 -80.776078 -6.155832 14.187168 -3.515311 22.567044 9.775927 16.357215 0.858840 6.054005 27.805357 -18.599814 -6.037788 60.816298 17.107001 0.000003 0.000002 -0.000003 17.472855 9.224754 -83.155791 23.312534 4.675905 -117.724102 21.566942 6.194442 -108.116772 0.000003 -0.000004 0.000001 11.592381 8.281157 -86.537718 16.149762 12.964999 -105.880336 18.073343 11.765607 -118.360922 0.000001 0.000003 -0.000001 4.991178 7.872690 -92.729571 10.803503 17.923617 -103.552641 10.498670 17.411846 -100.924938 -0.000002 -0.000001 0.000002 1.243709 8.584922 -92.369948 8.659899 15.362672 -98.315717 16.024893 19.714776 -130.655440 0.000001 -0.000000 -0.000000 0.437059 5.451735 18.265497 -188.455547 115.153957 213.308078 2.559384 111.074790 -2.754404 -16.630416 5.822342 -6.444926 7.289169 -17.786641 4.440312 20.544482 -23.758779 7.065905 17.377531 -52.365298 9.460093 0.000001 -0.000000 0.000003 19.275856 -8.774049 82.782405 22.821860 -2.963194 115.997704 22.107927 -3.322698 114.153997 0.000000 0.000000 -0.000000 11.485762 -7.534564 85.331213 16.189416 -11.109623 107.924017 15.949325 -10.923152 105.235170 -0.000002 0.000002 -0.000002 4.330904 -7.313574 92.054305 11.183927 -15.225711 101.327400 11.710472 -15.181050 103.581055 0.000003 -0.000001 0.000000 -3.765933 -7.773546 94.669475 6.267330 -18.769751 95.066965 14.996445 -19.450038 135.720094 -0.000002 0.000001 -0.000003 -47.745273 7.556104 25.872412 51.636794 -5.188830 1.472472 -5.305752 1.368387 -17.044674 -0.001088 -0.000005 -0.000003 0.000000 -0.000002 0.000000 -36.218150 -5.132359 -24.295505 65.762393 4.261996 -3.748737 -34.482579 5.545907 15.145220 -0.686881 0.000037 -0.000001 -0.000000 -0.000002 0.000000 
-0.048991 86.068932 157.913971 6.033439 -63.864994 8.860535 13.215350 3.392179 -3.635358 5.370670 1.684232 -0.570779 5.341971 1.782024 -0.598755 2.093810 7.781544 -4.703744 -7.864058 36.231715 -4.313182 -0.000000 0.000000 0.000001 -0.237253 -10.740881 -22.421715 -38.627991 2.079865 -22.988574 -6.318643 -81.120251 -6.393417 14.316990 -3.450671 22.519610 9.775937 16.357226 0.858856 6.053993 27.805328 -18.599845 -6.037811 60.816298 17.107028 0.000002 0.000001 -0.000000 17.472857 9.224741 -83.155805 23.312523 4.675916 -117.724116 21.566954 6.194458 -108.116813 0.000005 0.000001 -0.000000 11.592375 8.281177 -86.537691 16.149771 12.964997 -105.880315 18.073350 11.765593 -118.360949 -0.000003 0.000003 -0.000000 4.991174 7.872691 -92.729571 10.803494 17.923617 -103.552655 10.498658 17.411882 -100.924924 -0.000004 0.000001 0.000001 1.243694 8.584928 -92.369928 8.659902 15.362672 -98.315703 16.024891 19.714779 -130.655440 -0.000001 0.000004 -0.000001 0.433995 5.435575 18.509085 -188.825634 115.697940 213.284828 2.525677 111.330308 -2.723073 -17.292232 5.147402 -6.503028 7.289163 -17.786631 4.440295 20.544492 -23.758767 7.065920 17.377516 -52.365312 9.460083 0.000002 -0.000004 -0.000001 19.275861 -8.774036 82.782398 22.821872 -2.963199 115.997731 22.107944 -3.322690 114.153990 -0.000001 0.000000 0.000004 11.485745 -7.534564 85.331206 16.189406 -11.109625 107.924044 15.949325 -10.923150 105.235170 0.000001 -0.000003 0.000001 4.330918 -7.313568 92.054332 11.183931 -15.225692 101.327379 11.710475 -15.181040 103.581062 -0.000001 0.000000 -0.000003 -3.765928 -7.773537 94.669489 6.267353 -18.769739 95.066965 14.996440 -19.450026 135.720080 0.000000 -0.000001 -0.000001 -47.281906 7.980750 26.086514 50.926778 -5.478115 1.248607 -5.087768 1.352261 -16.957992 -0.001139 0.000029 0.000006 0.000000 -0.000002 0.000000 -35.880964 -5.012663 -24.092090 65.432488 4.226111 -3.773779 -34.397437 5.405987 15.049168 -0.712237 -0.000044 0.000010 0.000000 -0.000000 -0.000000 
-0.151680 86.261742 157.834564 5.899358 -63.910661 8.799074 13.145695 3.366361 -3.513358 5.330196 1.668313 -0.525733 5.302153 1.764663 -0.553591 2.151365 7.699006 -4.637201 -7.577779 35.992157 -4.734252 -0.000000 0.000000 0.000001 -0.232693 -10.741373 -22.346940 -38.616103 2.487125 -23.275205 -6.613308 -81.508117 -6.684603 14.443623 -3.399508 22.441345 9.775924 16.357227 0.858854 6.053988 27.805336 -18.599821 -6.037777 60.816298 17.106993 0.000003 -0.000000 -0.000001 17.472847 9.224741 -83.155798 23.312525 4.675917 -117.724102 21.566952 6.194440 -108.116813 -0.000001 -0.000001 -0.000001 11.592375 8.281161 -86.537698 16.149769 12.964996 -105.880308 18.073353 11.765592 -118.360949 0.000001 -0.000000 -0.000000 4.991172 7.872687 -92.729551 10.803492 17.923612 -103.552648 10.498662 17.411861 -100.924911 0.000001 -0.000001 0.000001 1.243694 8.584931 -92.369928 8.659895 15.362660 -98.315690 16.024893 19.714774 -130.655454 0.000001 -0.000004 0.000002 0.431279 5.416121 18.744619 -189.154234 116.204727 213.172335 2.499550 111.532112 -2.698793 -17.826145 4.486773 -6.533729 7.289172 -17.786651 4.440290 20.544523 -23.758772 7.065910 17.377562 -52.365305 9.460137 -0.000000 -0.000006 0.000002 19.275853 -8.774070 82.782405 22.821861 -2.963195 115.997731 22.107934 -3.322718 114.153997 0.000001 0.000000 0.000002 11.485755 -7.534585 85.331199 16.189394 -11.109616 107.924003 15.949305 -10.923135 105.235183 -0.000002 -0.000004 -0.000001 4.330900 -7.313580 92.054305 11.183923 -15.225726 101.327352 11.710487 -15.181041 103.581076 -0.000001 0.000004 0.000003 -3.765930 -7.773567 94.669455 6.267336 -18.769753 95.066958 14.996454 -19.450046 135.720107 -0.000000 -0.000001 0.000003 -46.821333 8.324365 26.226144 50.227644 -5.721439 1.087828 -4.881235 1.335129 -16.890715 -0.001177 0.000006 0.000002 0.000000 -0.000000 -0.000000 -35.465621 -4.967019 -23.898253 65.018073 4.195061 -3.752999 -34.295947 5.249924 14.959526 -0.715853 0.000004 0.000006 -0.000000 -0.000002 0.000000 
-0.247944 86.458939 157.775162 5.753325 -63.912081 8.690774 13.062091 3.315947 -3.351188 5.287353 1.640014 -0.467552 5.260335 1.734406 -0.495016 2.230380 7.638919 -4.568573 -7.258648 35.881149 -5.181486 0.000001 -0.000000 -0.000000 -0.228936 -10.747169 -22.274154 -38.425203 2.909414 -23.471757 -6.955930 -81.918502 -7.023497 14.566065 -3.345633 22.292636 9.775933 16.357226 0.858861 6.053998 27.805330 -18.599838 -6.037786 60.816291 17.107013 0.000002 0.000003 -0.000005 17.472852 9.224743 -83.155770 23.312520 4.675914 -117.724102 21.566939 6.194453 -108.116758 -0.000002 0.000001 -0.000001 11.592393 8.281177 -86.537711 16.149783 12.964993 -105.880302 18.073345 11.765596 -118.360922 0.000001 -0.000001 0.000002 4.991175 7.872683 -92.729524 10.803498 17.923627 -103.552648 10.498652 17.411860 -100.924924 0.000001 -0.000000 0.000003 1.243721 8.584934 -92.369948 8.659899 15.362651 -98.315703 16.024881 19.714771 -130.655440 0.000002 0.000001 0.000001 0.429175 5.393295 18.956794 -189.551683 116.674316 213.124046 2.475659 111.720188 -2.676654 -18.225376 3.847573 -6.533850 7.289179 -17.786653 4.440311 20.544495 -23.758764 7.065896 17.377547 -52.365305 9.460119 0.000001 -0.000001 -0.000002 19.275861 -8.774064 82.782405 22.821863 -2.963196 115.997690 22.107936 -3.322694 114.153990 0.000001 0.000001 -0.000001 11.485774 -7.534579 85.331206 16.189404 -11.109613 107.924024 15.949315 -10.923140 105.235170 -0.000004 -0.000000 -0.000001 4.330916 -7.313592 92.054332 11.183932 -15.225702 101.327379 11.710498 -15.181052 103.581048 0.000002 -0.000001 0.000002 -3.765935 -7.773563 94.669461 6.267339 -18.769746 95.066965 14.996447 -19.450045 135.720094 -0.000001 0.000002 -0.000001 -46.361412 8.602885 26.301149 49.541790 -5.906135 0.978077 -4.679181 1.316546 -16.848999 -0.001215 0.000015 0.000008 0.000000 -0.000003 -0.000000 -35.017338 -4.961366 -23.702614 64.565491 4.169589 -3.719293 -34.182658 5.074752 14.874260 -0.675272 -0.000001 0.000003 -0.000000 -0.000002 0.000000 
-0.329081 86.654373 157.724121 5.585286 -63.907034 8.558841 12.988266 3.259630 -3.186971 5.253395 1.609334 -0.411874 5.227504 1.701502 -0.438837 2.311371 7.597885 -4.503662 -6.946829 35.860894 -5.616504 0.000002 0.000001 -0.000001 -0.225998 -10.754411 -22.211521 -38.148362 3.284574 -23.575117 -7.326656 -82.319994 -7.390625 14.688959 -3.274423 22.053226 9.775923 16.357232 0.858856 6.053996 27.805343 -18.599826 -6.037773 60.816305 17.106989 -0.000001 0.000002 -0.000000 17.472847 9.224743 -83.155770 23.312515 4.675913 -117.724061 21.566937 6.194457 -108.116779 -0.000001 0.000001 -0.000001 11.592374 8.281156 -86.537704 16.149762 12.964998 -105.880322 18.073348 11.765597 -118.360922 0.000002 -0.000003 0.000002 4.991170 7.872683 -92.729551 10.803486 17.923620 -103.552621 10.498667 17.411863 -100.924917 0.000001 0.000002 0.000001 1.243683 8.584931 -92.369921 8.659897 15.362673 -98.315696 16.024896 19.714776 -130.655454 0.000001 -0.000001 0.000001 0.427783 5.367867 19.134374 -190.108808 117.131133 213.261469 2.448857 111.934936 -2.651847 -18.512164 3.232221 -6.506365 7.289175 -17.786660 4.440322 20.544485 -23.758770 7.065897 17.377526 -52.365288 9.460114 0.000001 -0.000008 -0.000004 19.275837 -8.774064 82.782405 22.821863 -2.963227 115.997731 22.107931 -3.322714 114.153997 -0.000002 0.000000 -0.000001 11.485747 -7.534577 85.331220 16.189386 -11.109629 107.924031 15.949327 -10.923160 105.235177 -0.000001 0.000002 -0.000003 4.330903 -7.313599 92.054312 11.183935 -15.225718 101.327373 11.710470 -15.181045 103.581062 -0.000001 -0.000002 -0.000000 -3.765938 -7.773555 94.669475 6.267358 -18.769742 95.066965 14.996440 -19.450038 135.720094 -0.000001 -0.000002 0.000001 -45.888841 8.844941 26.316422 48.869891 -6.025085 0.906411 -4.479019 1.296909 -16.832819 -0.001234 -0.000009 -0.000005 0.000000 -0.000005 -0.000000 -34.569039 -4.962996 -23.506403 64.109481 4.149902 -3.705249 -34.058250 4.885439 14.797811 -0.591132 0.000023 0.000006 -0.000000 -0.000002 -0.000000 
-0.390567 86.846039 157.676743 5.401672 -63.927463 8.429743 12.941135 3.215780 -3.050313 5.234809 1.585777 -0.368511 5.209880 1.675870 -0.395030 2.373118 7.570131 -4.444446 -6.684278 35.885821 -6.002606 -0.000000 0.000001 -0.000001 -0.222766 -10.756578 -22.154168 -37.868228 3.585240 -23.616269 -7.710291 -82.695634 -7.770857 14.824697 -3.187337 21.726687 9.775916 16.357251 0.858852 6.053991 27.805338 -18.599824 -6.037774 60.816291 17.107001 0.000002 -0.000001 -0.000000 17.472853 9.224735 -83.155818 23.312525 4.675908 -117.724102 21.566952 6.194464 -108.116779 -0.000002 0.000000 -0.000000 11.592375 8.281172 -86.537711 16.149762 12.964990 -105.880336 18.073365 11.765600 -118.360949 -0.000001 0.000000 -0.000000 4.991177 7.872698 -92.729544 10.803505 17.923607 -103.552635 10.498656 17.411867 -100.924945 -0.000003 0.000001 -0.000001 1.243693 8.584926 -92.369935 8.659895 15.362672 -98.315696 16.024889 19.714757 -130.655426 0.000000 -0.000004 0.000002 0.426898 5.342353 19.281423 -190.834720 117.599561 213.607131 2.415590 112.207147 -2.621090 -18.719050 2.636831 -6.450638 7.289164 -17.786631 4.440309 20.544492 -23.758760 7.065925 17.377547 -52.365295 9.460129 -0.000000 -0.000000 -0.000004 19.275858 -8.774066 82.782412 22.821875 -2.963202 115.997704 22.107936 -3.322705 114.153976 -0.000003 -0.000003 -0.000001 11.485756 -7.534566 85.331199 16.189391 -11.109624 107.924038 15.949330 -10.923169 105.235170 0.000001 -0.000001 -0.000002 4.330909 -7.313581 92.054305 11.183934 -15.225697 101.327373 11.710475 -15.181050 103.581055 0.000004 -0.000003 -0.000004 -3.765926 -7.773542 94.669468 6.267336 -18.769747 95.066972 14.996445 -19.450051 135.720094 -0.000001 -0.000005 0.000001 -45.397576 9.077820 26.281885 48.209845 -6.077886 0.861812 -4.280941 1.276663 -16.838626 -0.001265 -0.000000 0.000010 -0.000000 0.000002 0.000000 -34.144556 -4.949520 -23.316005 63.664787 4.136523 -3.725287 -33.919775 4.697352 14.734671 -0.482271 -0.000027 0.000000 -0.000000 0.000001 0.000000 
-0.434285 87.034332 157.633575 5.239013 -63.992438 8.339728 12.921431 3.210825 -2.966800 5.229493 1.582112 -0.344380 5.205068 1.670705 -0.370716 2.389782 7.547892 -4.387971 -6.518334 35.905277 -6.313447 0.000000 0.000000 0.000000 -0.217209 -10.744205 -22.088106 -37.665703 3.840804 -23.677254 -8.142015 -83.076383 -8.199091 15.018452 -3.103849 21.312591 9.775930 16.357231 0.858831 6.053990 27.805343 -18.599814 -6.037783 60.816305 17.106984 0.000003 0.000004 -0.000003 17.472855 9.224741 -83.155798 23.312534 4.675909 -117.724089 21.566949 6.194427 -108.116806 0.000003 -0.000001 0.000000 11.592377 8.281165 -86.537718 16.149767 12.964992 -105.880322 18.073352 11.765598 -118.360949 0.000003 0.000001 -0.000001 4.991177 7.872701 -92.729565 10.803506 17.923617 -103.552641 10.498653 17.411855 -100.924911 -0.000003 0.000001 0.000001 1.243680 8.584930 -92.369928 8.659894 15.362660 -98.315703 16.024881 19.714772 -130.655440 -0.000000 -0.000001 0.000000 0.425963 5.319241 19.427548 -191.692961 118.139173 214.122168 2.368444 112.603885 -2.577634 -18.864469 2.015632 -6.333021 7.289171 -17.786653 4.440304 20.544488 -23.758758 7.065904 17.377557 -52.365298 9.460120 -0.000002 -0.000001 0.000001 19.275847 -8.774068 82.782385 22.821870 -2.963195 115.997731 22.107936 -3.322707 114.153990 -0.000001 0.000001 0.000002 11.485763 -7.534575 85.331206 16.189403 -11.109617 107.924024 15.949306 -10.923155 105.235183 0.000001 -0.000001 0.000002 4.330891 -7.313584 92.054312 11.183917 -15.225716 101.327366 11.710484 -15.181057 103.581048 -0.000004 -0.000002 -0.000005 -3.765944 -7.773545 94.669468 6.267330 -18.769756 95.066965 14.996442 -19.450038 135.720094 -0.000001 0.000002 -0.000000 -44.899669 9.318404 26.217881 47.559553 -6.072957 0.832840 -4.086675 1.256257 -16.860013 -0.001281 0.000007 0.000007 0.000000 0.000000 -0.000000 -33.763486 -4.910210 -23.135710 63.230852 4.130062 -3.772833 -33.764084 4.528966 14.685202 -0.371051 -0.000013 0.000005 -0.000000 -0.000001 -0.000000 
-0.466752 87.219955 157.597183 5.146548 -64.105710 8.325872 12.898120 3.224186 -2.925592 5.220915 1.588117 -0.332930 5.196642 1.675727 -0.359235 2.390070 7.529046 -4.320702 -6.435952 35.929503 -6.530523 -0.000000 0.000000 -0.000001 -0.207811 -10.717751 -21.989362 -37.514343 4.059462 -23.763191 -8.543643 -83.396446 -8.597848 15.208374 -3.050255 20.978856 9.775930 16.357227 0.858854 6.053999 27.805357 -18.599817 -6.037783 60.816312 17.106996 0.000000 0.000001 -0.000000 17.472850 9.224751 -83.155770 23.312525 4.675907 -117.724116 21.566940 6.194465 -108.116786 0.000002 -0.000000 0.000000 11.592387 8.281153 -86.537718 16.149747 12.965004 -105.880349 18.073346 11.765600 -118.360922 0.000002 -0.000002 0.000001 4.991183 7.872690 -92.729544 10.803499 17.923617 -103.552662 10.498665 17.411858 -100.924917 -0.000004 -0.000001 0.000001 1.243708 8.584936 -92.369928 8.659899 15.362660 -98.315710 16.024889 19.714771 -130.655440 -0.000001 -0.000000 -0.000000 0.423971 5.309823 19.591085 -192.369846 118.594023 214.510847 2.324570 112.985556 -2.537303 -18.980281 1.476757 -6.204791 7.289185 -17.786641 4.440310 20.544485 -23.758752 7.065926 17.377540 -52.365302 9.460112 -0.000003 -0.000000 0.000004 19.275864 -8.774055 82.782405 22.821873 -2.963193 115.997731 22.107939 -3.322707 114.153983 -0.000000 0.000001 -0.000002 11.485758 -7.534567 85.331213 16.189384 -11.109618 107.924010 15.949315 -10.923147 105.235163 -0.000002 0.000003 0.000001 4.330909 -7.313584 92.054305 11.183934 -15.225699 101.327379 11.710482 -15.181050 103.581076 -0.000004 -0.000000 -0.000005 -3.765935 -7.773541 94.669468 6.267347 -18.769749 95.066951 14.996449 -19.450027 135.720107 -0.000000 -0.000001 -0.000002 -44.418233 9.572786 26.148843 46.917471 -6.026334 0.806463 -3.897503 1.235891 -16.888498 -0.001401 -0.000007 0.000006 -0.000000 0.000005 -0.000000 -33.439752 -4.843231 -22.966487 62.801561 4.131289 -3.830702 -33.591140 4.392077 14.645870 -0.270306 -0.000020 -0.000006 -0.000000 -0.000000 -0.000000 
-0.494626 87.401848 157.569016 5.153099 -64.257122 8.403481 12.871035 3.243277 -2.904995 5.209596 1.597174 -0.327501 5.185310 1.684126 -0.353850 2.385357 7.512496 -4.247307 -6.400960 35.958784 -6.688101 0.000001 -0.000000 -0.000000 -0.196466 -10.684588 -21.871683 -37.386796 4.248340 -23.855680 -8.911141 -83.664408 -8.963015 15.377160 -3.015312 20.714292 9.775924 16.357227 0.858856 6.054014 27.805324 -18.599823 -6.037777 60.816312 17.106996 0.000006 -0.000001 -0.000000 17.472864 9.224748 -83.155798 23.312544 4.675919 -117.724102 21.566956 6.194451 -108.116779 0.000000 0.000001 0.000000 11.592373 8.281155 -86.537698 16.149765 12.964992 -105.880322 18.073350 11.765588 -118.360936 0.000002 -0.000001 -0.000000 4.991172 7.872682 -92.729565 10.803496 17.923620 -103.552655 10.498656 17.411865 -100.924945 0.000001 0.000000 0.000000 1.243698 8.584922 -92.369914 8.659905 15.362665 -98.315703 16.024913 19.714790 -130.655481 0.000001 -0.000001 -0.000000 0.421405 5.308680 19.758515 -192.908762 118.973289 214.797319 2.285919 113.331847 -2.501858 -19.076729 1.008609 -6.079927 7.289160 -17.786648 4.440315 20.544488 -23.758769 7.065896 17.377560 -52.365271 9.460131 -0.000001 -0.000001 -0.000002 19.275853 -8.774052 82.782412 22.821853 -2.963211 115.997704 22.107929 -3.322725 114.153997 0.000000 0.000001 -0.000001 11.485755 -7.534577 85.331199 16.189415 -11.109596 107.924044 15.949296 -10.923141 105.235163 -0.000004 0.000001 -0.000004 4.330905 -7.313595 92.054305 11.183946 -15.225692 101.327379 11.710480 -15.181038 103.581055 -0.000002 0.000000 -0.000001 -3.765947 -7.773547 94.669468 6.267330 -18.769761 95.066978 14.996457 -19.450036 135.720107 -0.000002 -0.000001 0.000001 -43.974291 9.837244 26.094850 46.286532 -5.957828 0.771218 -3.714353 1.215799 -16.915559 -0.002746 -0.000019 -0.000003 -0.000000 0.000002 -0.000000 -33.176852 -4.754721 -22.806217 62.375330 4.140548 -3.883909 -33.405731 4.287069 14.611166 -0.179986 0.000012 -0.000000 0.000000 -0.000002 -0.000000 
-0.520761 87.576965 157.548126 5.243534 -64.426613 8.550120 12.842130 3.264096 -2.902860 5.196602 1.607412 -0.327632 5.172201 1.693947 -0.354049 2.377317 7.499222 -4.169255 -6.417236 35.995619 -6.777323 0.000001 0.000001 0.000000 -0.183392 -10.645791 -21.735945 -37.279982 4.392803 -23.942771 -9.202801 -83.861971 -9.252884 15.506070 -2.997333 20.530681 9.775928 16.357210 0.858841 6.053998 27.805360 -18.599794 -6.037772 60.816312 17.106986 0.000003 0.000001 -0.000001 17.472843 9.224737 -83.155770 23.312525 4.675918 -117.724089 21.566958 6.194447 -108.116799 0.000002 0.000002 -0.000001 11.592361 8.281146 -86.537698 16.149760 12.965005 -105.880308 18.073348 11.765592 -118.360949 0.000002 -0.000000 -0.000000 4.991170 7.872678 -92.729551 10.803489 17.923629 -103.552662 10.498659 17.411855 -100.924924 -0.000000 -0.000002 -0.000000 1.243706 8.584921 -92.369928 8.659912 15.362658 -98.315710 16.024884 19.714771 -130.655454 0.000001 -0.000002 0.000001 0.418393 5.315268 19.919531 -193.305241 119.253792 214.981379 2.254325 113.622738 -2.472984 -19.148606 0.633778 -5.964193 7.289178 -17.786642 4.440311 20.544494 -23.758772 7.065922 17.377547 -52.365308 9.460122 -0.000002 0.000001 -0.000000 19.275854 -8.774051 82.782412 22.821861 -2.963198 115.997745 22.107931 -3.322727 114.153969 0.000004 0.000001 -0.000003 11.485755 -7.534572 85.331227 16.189394 -11.109613 107.924024 15.949306 -10.923163 105.235156 0.000001 -0.000001 -0.000003 4.330898 -7.313582 92.054312 11.183923 -15.225702 101.327379 11.710469 -15.181045 103.581096 -0.000000 0.000002 -0.000000 -3.765945 -7.773536 94.669482 6.267323 -18.769763 95.066937 14.996442 -19.450043 135.720094 -0.000001 0.000003 -0.000000 -43.575900 10.100808 26.062771 45.674530 -5.883217 0.724301 -3.536169 1.195624 -16.936619 -0.001930 0.000008 -0.000000 0.000000 -0.000002 -0.000000 -32.965413 -4.658364 -22.654947 61.959139 4.158036 -3.925869 -33.216217 4.206801 14.576792 -0.092388 -0.000006 -0.000005 0.000000 -0.000001 0.000000 
-0.543124 87.740479 157.532227 5.362379 -64.590599 8.708110 12.815919 3.282541 -2.913886 5.184393 1.616759 -0.332047 5.159816 1.703091 -0.358529 2.366565 7.489763 -4.090276 -6.483846 36.039094 -6.797082 0.000000 -0.000001 0.000001 -0.169385 -10.604084 -21.588493 -37.190274 4.479124 -24.011764 -9.384139 -83.978699 -9.433109 15.579325 -2.990866 20.425047 9.775929 16.357234 0.858838 6.054005 27.805345 -18.599821 -6.037787 60.816325 17.107003 0.000002 0.000005 -0.000000 17.472850 9.224737 -83.155770 23.312542 4.675913 -117.724102 21.566949 6.194451 -108.116772 0.000001 0.000001 0.000000 11.592381 8.281159 -86.537691 16.149772 12.964985 -105.880322 18.073345 11.765595 -118.360949 0.000001 0.000002 -0.000000 4.991194 7.872689 -92.729565 10.803498 17.923629 -103.552648 10.498656 17.411860 -100.924917 -0.000000 -0.000001 0.000000 1.243698 8.584928 -92.369921 8.659889 15.362672 -98.315730 16.024911 19.714784 -130.655467 0.000001 0.000001 0.000000 0.415313 5.326914 20.059646 -193.580033 119.431882 215.082411 2.230426 113.846652 -2.451203 -19.188336 0.362540 -5.858004 7.289168 -17.786631 4.440320 20.544495 -23.758762 7.065897 17.377557 -52.365295 9.460124 0.000000 0.000001 0.000004 19.275841 -8.774045 82.782405 22.821849 -2.963204 115.997704 22.107929 -3.322702 114.153976 -0.000001 0.000002 0.000001 11.485739 -7.534566 85.331213 16.189399 -11.109631 107.924017 15.949328 -10.923160 105.235156 -0.000001 -0.000003 -0.000002 4.330904 -7.313576 92.054312 11.183937 -15.225692 101.327407 11.710473 -15.181043 103.581076 -0.000003 0.000001 -0.000002 -3.765949 -7.773542 94.669475 6.267338 -18.769759 95.066958 14.996452 -19.450038 135.720094 0.000001 0.000004 -0.000002 -43.219262 10.346237 26.047457 45.097864 -5.812662 0.672702 -3.364154 1.175193 -16.951121 -0.000229 0.000001 0.000009 0.000000 0.000002 -0.000000 -32.786042 -4.574840 -22.515937 61.564955 4.182975 -3.956456 -33.031276 4.144482 14.540834 -0.000084 0.000009 -0.000002 -0.000000 -0.000001 -0.000000 
