HIERARCHY
ROOT mixamorig:Hips
{
	OFFSET 0.000000 102.625267 -0.521241
	CHANNELS 6 Xposition Yposition Zposition Xrotation Yrotation Zrotation
	JOINT mixamorig:Spine
	{
		OFFSET 0.000000 5.645721 -0.031929
		CHANNELS 3 Xrotation Yrotation Zrotation
		JOINT mixamorig:Spine1
		{
			OFFSET 0.000000 6.586685 -0.037251
			CHANNELS 3 Xrotation Yrotation Zrotation
			JOINT mixamorig:Spine2
			{
				OFFSET 0.000000 7.527618 -0.042572
				CHANNELS 3 Xrotation Yrotation Zrotation
				JOINT mixamorig:Neck
				{
					OFFSET 0.000000 8.468590 -0.047894
					CHANNELS 3 Xrotation Yrotation Zrotation
					JOINT mixamorig:Head
					{
						OFFSET 0.000000 5.998901 -1.158958
						CHANNELS 3 Xrotation Yrotation Zrotation
						JOINT mixamorig:HeadTop_End
						{
							OFFSET 0.000000 21.748810 -4.201760
							CHANNELS 3 Xrotation Yrotation Zrotation
							End Site
							{
								OFFSET 0.000000 22.150970 0.000000
							}
						}
					}
				}
				JOINT mixamorig:LeftShoulder
				{
					OFFSET 3.414614 7.343132 -0.058928
					CHANNELS 3 Xrotation Yrotation Zrotation
					JOINT mixamorig:LeftArm
					{
						OFFSET 6.829548 -2.246910 -0.022071
						CHANNELS 3 Xrotation Yrotation Zrotation
						JOINT mixamorig:LeftForeArm
						{
							OFFSET 24.198503 -0.424179 0.257802
							CHANNELS 3 Xrotation Yrotation Zrotation
							JOINT mixamorig:LeftHand
							{
								OFFSET 21.584717 -0.002335 0.669575
								CHANNELS 3 Xrotation Yrotation Zrotation
								JOINT mixamorig:LeftHandThumb1
								{
									OFFSET 2.193897 -1.259628 1.956942
									CHANNELS 3 Xrotation Yrotation Zrotation
									JOINT mixamorig:LeftHandThumb2
									{
										OFFSET 1.755203 -1.007660 1.565605
										CHANNELS 3 Xrotation Yrotation Zrotation
										JOINT mixamorig:LeftHandThumb3
										{
											OFFSET 2.535126 -0.998764 1.490660
											CHANNELS 3 Xrotation Yrotation Zrotation
											JOINT mixamorig:LeftHandThumb4
											{
												OFFSET 2.398251 -0.721657 1.023775
												CHANNELS 3 Xrotation Yrotation Zrotation
												End Site
												{
													OFFSET 2.205696 -0.773872 1.362551
												}
											}
										}
									}
								}
								JOINT mixamorig:LeftHandIndex1
								{
									OFFSET 7.166248 -0.069405 2.369028
									CHANNELS 3 Xrotation Yrotation Zrotation
									JOINT mixamorig:LeftHandIndex2
									{
										OFFSET 2.989986 -0.015724 0.245918
										CHANNELS 3 Xrotation Yrotation Zrotation
										JOINT mixamorig:LeftHandIndex3
										{
											OFFSET 2.739197 -0.058952 0.219132
											CHANNELS 3 Xrotation Yrotation Zrotation
											JOINT mixamorig:LeftHandIndex4
											{
												OFFSET 2.326500 -0.032570 0.188458
												CHANNELS 3 Xrotation Yrotation Zrotation
												End Site
												{
													OFFSET 2.326485 -0.032578 0.188548
												}
											}
										}
									}
								}
								JOINT mixamorig:LeftHandMiddle1
								{
									OFFSET 7.394897 0.286369 0.654762
									CHANNELS 3 Xrotation Yrotation Zrotation
									JOINT mixamorig:LeftHandMiddle2
									{
										OFFSET 3.376106 0.152466 -0.003692
										CHANNELS 3 Xrotation Yrotation Zrotation
										JOINT mixamorig:LeftHandMiddle3
										{
											OFFSET 3.185104 -0.185410 -0.047914
											CHANNELS 3 Xrotation Yrotation Zrotation
											JOINT mixamorig:LeftHandMiddle4
											{
												OFFSET 2.742905 0.223846 0.010354
												CHANNELS 3 Xrotation Yrotation Zrotation
												End Site
												{
													OFFSET 2.742889 0.224251 0.006757
												}
											}
										}
									}
								}
								JOINT mixamorig:LeftHandRing1
								{
									OFFSET 7.508747 0.282753 -1.072900
									CHANNELS 3 Xrotation Yrotation Zrotation
									JOINT mixamorig:LeftHandRing2
									{
										OFFSET 2.821857 0.317802 -0.177266
										CHANNELS 3 Xrotation Yrotation Zrotation
										JOINT mixamorig:LeftHandRing3
										{
											OFFSET 2.672325 0.088310 -0.196165
											CHANNELS 3 Xrotation Yrotation Zrotation
											JOINT mixamorig:LeftHandRing4
											{
												OFFSET 2.272652 -0.053627 -0.183955
												CHANNELS 3 Xrotation Yrotation Zrotation
												End Site
												{
													OFFSET 2.272919 -0.054016 -0.180438
												}
											}
										}
									}
								}
								JOINT mixamorig:LeftHandPinky1
								{
									OFFSET 7.285820 0.522377 -2.660948
									CHANNELS 3 Xrotation Yrotation Zrotation
									JOINT mixamorig:LeftHandPinky2
									{
										OFFSET 2.466278 0.082008 -0.249570
										CHANNELS 3 Xrotation Yrotation Zrotation
										JOINT mixamorig:LeftHandPinky3
										{
											OFFSET 1.940475 0.021858 -0.202004
											CHANNELS 3 Xrotation Yrotation Zrotation
											JOINT mixamorig:LeftHandPinky4
											{
												OFFSET 1.645287 0.153595 -0.153405
												CHANNELS 3 Xrotation Yrotation Zrotation
												End Site
												{
													OFFSET 1.645088 0.153801 -0.155289
												}
											}
										}
									}
								}
							}
						}
					}
				}
				JOINT mixamorig:RightShoulder
				{
					OFFSET -3.414604 7.343132 -0.036860
					CHANNELS 3 Xrotation Yrotation Zrotation
					JOINT mixamorig:RightArm
					{
						OFFSET -6.829551 -2.246986 0.022068
						CHANNELS 3 Xrotation Yrotation Zrotation
						JOINT mixamorig:RightForeArm
						{
							OFFSET -24.198494 -0.424141 0.158696
							CHANNELS 3 Xrotation Yrotation Zrotation
							JOINT mixamorig:RightHand
							{
								OFFSET -21.584698 -0.002243 0.686977
								CHANNELS 3 Xrotation Yrotation Zrotation
								JOINT mixamorig:RightHandThumb1
								{
									OFFSET -2.242882 -1.296806 1.978855
									CHANNELS 3 Xrotation Yrotation Zrotation
									JOINT mixamorig:RightHandThumb2
									{
										OFFSET -1.794239 -1.037361 1.583064
										CHANNELS 3 Xrotation Yrotation Zrotation
										JOINT mixamorig:RightHandThumb3
										{
											OFFSET -2.504150 -0.962166 1.471556
											CHANNELS 3 Xrotation Yrotation Zrotation
											JOINT mixamorig:RightHandThumb4
											{
												OFFSET -2.346046 -0.743172 0.992235
												CHANNELS 3 Xrotation Yrotation Zrotation
												End Site
												{
													OFFSET -2.157112 -0.792709 1.326359
												}
											}
										}
									}
								}
								JOINT mixamorig:RightHandIndex1
								{
									OFFSET -7.174488 -0.001839 2.366265
									CHANNELS 3 Xrotation Yrotation Zrotation
									JOINT mixamorig:RightHandIndex2
									{
										OFFSET -2.935219 -0.016853 0.287245
										CHANNELS 3 Xrotation Yrotation Zrotation
										JOINT mixamorig:RightHandIndex3
										{
											OFFSET -2.786827 -0.129890 0.255971
											CHANNELS 3 Xrotation Yrotation Zrotation
											JOINT mixamorig:RightHandIndex4
											{
												OFFSET -2.343559 0.168816 0.256164
												CHANNELS 3 Xrotation Yrotation Zrotation
												End Site
												{
													OFFSET -2.344208 0.169510 0.249690
												}
											}
										}
									}
								}
								JOINT mixamorig:RightHandMiddle1
								{
									OFFSET -7.274693 0.327965 0.656181
									CHANNELS 3 Xrotation Yrotation Zrotation
									JOINT mixamorig:RightHandMiddle2
									{
										OFFSET -3.309677 0.091591 0.032863
										CHANNELS 3 Xrotation Yrotation Zrotation
										JOINT mixamorig:RightHandMiddle3
										{
											OFFSET -3.186844 -0.122513 0.000971
											CHANNELS 3 Xrotation Yrotation Zrotation
											JOINT mixamorig:RightHandMiddle4
											{
												OFFSET -2.671951 -0.322540 -0.031001
												CHANNELS 3 Xrotation Yrotation Zrotation
												End Site
												{
													OFFSET -2.671928 -0.323486 -0.021820
												}
											}
										}
									}
								}
								JOINT mixamorig:RightHandRing1
								{
									OFFSET -7.453640 0.430428 -1.170334
									CHANNELS 3 Xrotation Yrotation Zrotation
									JOINT mixamorig:RightHandRing2
									{
										OFFSET -2.808174 0.165817 -0.117934
										CHANNELS 3 Xrotation Yrotation Zrotation
										JOINT mixamorig:RightHandRing3
										{
											OFFSET -2.730080 0.127754 -0.119542
											CHANNELS 3 Xrotation Yrotation Zrotation
											JOINT mixamorig:RightHandRing4
											{
												OFFSET -2.349426 0.078133 -0.107466
												CHANNELS 3 Xrotation Yrotation Zrotation
												End Site
												{
													OFFSET -2.349503 0.077988 -0.106043
												}
											}
										}
									}
								}
								JOINT mixamorig:RightHandPinky1
								{
									OFFSET -7.364456 0.463486 -2.604800
									CHANNELS 3 Xrotation Yrotation Zrotation
									JOINT mixamorig:RightHandPinky2
									{
										OFFSET -2.430134 0.174614 -0.251330
										CHANNELS 3 Xrotation Yrotation Zrotation
										JOINT mixamorig:RightHandPinky3
										{
											OFFSET -1.953583 0.007492 -0.220999
											CHANNELS 3 Xrotation Yrotation Zrotation
											JOINT mixamorig:RightHandPinky4
											{
												OFFSET -1.582039 0.276558 -0.139972
												CHANNELS 3 Xrotation Yrotation Zrotation
												End Site
												{
													OFFSET -1.581284 0.277252 -0.147002
												}
											}
										}
									}
								}
							}
						}
					}
				}
			}
		}
	}
	JOINT mixamorig:LeftUpLeg
	{
		OFFSET 6.620181 -8.816864 -0.447179
		CHANNELS 3 Xrotation Yrotation Zrotation
		JOINT mixamorig:LeftLeg
		{
			OFFSET 2.748989 -36.076775 0.650871
			CHANNELS 3 Xrotation Yrotation Zrotation
			JOINT mixamorig:LeftFoot
			{
				OFFSET 1.089303 -46.239017 1.019056
				CHANNELS 3 Xrotation Yrotation Zrotation
				JOINT mixamorig:LeftToeBase
				{
					OFFSET -0.371088 -10.380511 12.650617
					CHANNELS 3 Xrotation Yrotation Zrotation
					JOINT mixamorig:LeftToe_End
					{
						OFFSET -0.094684 -0.116785 6.663326
						CHANNELS 3 Xrotation Yrotation Zrotation
						End Site
						{
							OFFSET -0.094684 -0.116785 6.663326
						}
					}
				}
			}
		}
	}
	JOINT mixamorig:RightUpLeg
	{
		OFFSET -6.620174 -8.816818 -0.447182
		CHANNELS 3 Xrotation Yrotation Zrotation
		JOINT mixamorig:RightLeg
		{
			OFFSET -2.748991 -36.076790 0.753614
			CHANNELS 3 Xrotation Yrotation Zrotation
			JOINT mixamorig:RightFoot
			{
				OFFSET -1.089311 -46.239029 0.372114
				CHANNELS 3 Xrotation Yrotation Zrotation
				JOINT mixamorig:RightToeBase
				{
					OFFSET 0.371103 -10.380659 13.284531
					CHANNELS 3 Xrotation Yrotation Zrotation
					JOINT mixamorig:RightToe_End
					{
						OFFSET 0.094689 -0.116865 6.675873
						CHANNELS 3 Xrotation Yrotation Zrotation
						End Site
						{
							OFFSET 0.094687 -0.116865 6.675871
						}
					}
				}
			}
		}
	}
}
MOTION
Frames: 378
Frame Time: 0.016667
-0.084132 94.192871 1.666686 -0.351501 -3.571681 1.555155 2.086688 0.682083 -0.421118 3.140202 1.345156 -0.466472 3.139151 1.352376 -0.453905 -4.205203 -2.163388 -2.056015 -15.117956 -14.409425 3.305000 0.000001 -0.000001 -0.000000 1.270738 -7.258636 3.484638 22.834275 -18.054101 -68.042522 4.301132 -102.921935 4.420708 -0.539082 10.827510 10.874263 6.451486 13.567429 -7.523716 3.493248 7.158896 -5.114647 0.315041 5.409411 -2.668457 0.000004 0.000003 0.000002 -0.859449 -1.684295 -36.140471 7.665136 8.132690 -46.905815 4.307689 6.023797 -30.788410 0.000001 -0.000006 0.000000 1.077405 1.475859 -45.501597 2.716411 8.555915 -38.267839 2.392747 7.621999 -39.246813 -0.000001 -0.000000 0.000001 0.852789 1.471122 -51.677382 -0.368492 8.561962 -35.694555 -0.349114 7.776077 -32.901697 -0.000000 0.000001 -0.000000 3.704981 4.265470 -45.632917 -0.756853 5.805052 -40.759260 -1.427143 7.987881 -34.353345 0.000000 0.000001 0.000001 0.665236 1.653918 3.806654 24.209807 28.024746 61.320352 2.690312 110.135708 -2.876665 -6.065275 -0.050184 -14.999806 -0.492134 -19.260676 3.310376 3.431354 0.609158 5.067697 -1.486830 3.065294 0.569156 0.000001 -0.000001 0.000000 6.166364 -6.527543 47.560349 4.708909 -5.676198 30.748863 7.053431 -6.563341 43.515268 0.000000 0.000001 -0.000005 1.429199 -1.267341 40.602322 2.588894 -7.281650 35.820360 2.587110 -7.011839 34.261096 0.000002 0.000001 -0.000002 2.275261 -2.528322 49.340959 -0.163862 -5.463276 25.302161 0.050714 -6.285578 29.214929 -0.000002 0.000000 0.000001 3.023121 -3.539312 56.561152 -1.396634 -9.614406 41.129596 -1.740653 -8.885606 41.048771 0.000001 -0.000000 0.000001 -22.641756 5.526384 -5.638506 53.919784 6.096406 2.146484 -28.865650 -2.143765 5.133281 -5.537302 0.000004 0.000008 0.000000 0.000000 -0.000000 -22.259441 -7.871643 1.552222 53.970328 -12.706139 -3.645442 -27.812165 -2.793635 -0.408804 -8.029164 -0.000003 0.000006 -0.000000 -0.000000 0.000000 
-0.089668 94.419952 1.605096 -0.090277 -3.395000 1.445124 2.005220 0.652513 -0.412456 2.970574 1.287142 -0.416231 2.969610 1.293428 -0.404216 -4.102007 -2.164405 -1.948298 -15.537403 -14.217146 3.063951 -0.000001 -0.000001 -0.000000 1.330280 -7.808948 4.298808 22.771234 -18.332199 -69.209385 4.248396 -103.076646 4.369360 -0.924815 10.352080 11.841716 6.395626 13.555425 -7.311745 3.503895 7.218245 -5.120831 0.340891 5.555284 -2.687107 -0.000001 0.000005 -0.000000 -0.883900 -1.701174 -36.252083 7.643703 8.123723 -46.809455 4.302972 6.019955 -30.763298 0.000003 -0.000002 -0.000000 0.948699 1.366084 -45.821919 2.730924 8.574371 -38.373065 2.387079 7.614131 -39.203401 -0.000002 -0.000001 0.000000 0.814093 1.471615 -52.022990 -0.365374 8.573098 -35.744624 -0.354013 7.756264 -32.812932 0.000003 -0.000002 -0.000000 3.751928 4.317375 -46.094587 -0.733522 5.888315 -41.108689 -1.430484 7.962072 -34.249751 -0.000003 -0.000001 0.000001 0.717693 2.054406 3.494536 24.583801 28.696282 61.052336 2.659186 110.351699 -2.847524 -6.564379 1.079846 -14.549770 -0.542495 -19.249401 3.133479 3.431355 0.609158 5.067699 -1.495541 3.112801 0.572579 -0.000001 -0.000005 -0.000002 6.093470 -6.467824 47.451117 4.688440 -5.662348 30.644351 7.032260 -6.554267 43.416159 -0.000000 0.000001 -0.000004 1.347286 -1.147133 40.343475 2.565034 -7.251359 35.637332 2.588617 -7.012338 34.267694 0.000001 0.000000 -0.000001 2.241460 -2.490567 49.250602 -0.164905 -5.457921 25.276843 0.049072 -6.276971 29.175027 -0.000000 0.000002 -0.000002 3.002395 -3.522198 56.531632 -1.393363 -9.629388 41.195200 -1.741773 -8.879011 41.020733 0.000001 0.000001 -0.000002 -22.843721 5.347127 -5.703162 53.511681 6.239580 2.344698 -28.241449 -2.105315 5.088836 -5.894455 0.000004 0.000007 -0.000000 0.000000 0.000000 -22.441965 -8.045626 1.586630 53.604195 -12.710245 -3.487404 -27.187817 -2.796998 -0.757110 -8.445262 0.000001 0.000012 -0.000000 -0.000001 0.000000 
-0.059173 95.193306 1.643976 0.126058 -3.329681 1.196850 1.868558 0.648785 -0.330109 2.754396 1.284356 -0.298117 2.753272 1.290377 -0.286653 -4.043960 -2.166144 -1.830781 -15.606868 -14.046210 2.930878 0.000000 0.000000 0.000000 1.383243 -8.240057 4.975635 23.002656 -18.786937 -69.871544 3.998457 -103.861462 4.126560 -1.172364 9.917721 12.624013 6.330416 13.534810 -7.088746 3.494299 7.164423 -5.115321 0.364201 5.686115 -2.703823 0.000001 0.000005 -0.000000 -0.936922 -1.768621 -36.313783 7.606835 8.108124 -46.643355 4.288828 6.008461 -30.688163 -0.000001 0.000003 -0.000005 0.783365 1.208350 -46.037128 2.736641 8.581597 -38.414241 2.379403 7.603428 -39.144675 0.000005 0.000003 0.000000 0.757227 1.437066 -52.208819 -0.364232 8.577174 -35.762939 -0.359023 7.735803 -32.721295 -0.000007 -0.000003 0.000001 3.773633 4.341971 -46.364161 -0.711522 5.965067 -41.431374 -1.433613 7.937966 -34.152940 0.000001 -0.000002 0.000002 0.793370 2.643463 3.813002 25.509872 28.808020 59.609711 2.502993 111.505536 -2.701982 -7.302397 2.184124 -14.161389 -0.582034 -19.263715 2.915429 3.431354 0.609160 5.067699 -1.504056 3.159334 0.575932 -0.000001 -0.000001 0.000005 5.988155 -6.379594 47.310087 4.667771 -5.648315 30.538875 7.015826 -6.547257 43.339190 0.000000 -0.000001 -0.000001 1.247496 -1.003994 40.110518 2.534934 -7.212856 35.405495 2.590473 -7.012714 34.274890 0.000000 -0.000000 -0.000002 2.218970 -2.460089 49.098808 -0.168815 -5.437619 25.180836 0.046631 -6.267361 29.129042 0.000000 0.000001 -0.000002 2.970860 -3.496086 56.486890 -1.393192 -9.630127 41.198509 -1.742906 -8.872560 40.993211 0.000002 0.000000 -0.000001 -22.454424 5.261309 -5.716907 52.033187 6.157273 2.792602 -26.182612 -1.961007 5.100105 -7.365820 0.000006 0.000008 0.000000 0.000000 -0.000000 -21.939981 -8.323502 1.698053 51.947236 -12.757108 -3.560289 -24.884403 -2.316573 -0.257250 -10.041881 0.000000 0.000018 -0.000001 0.000001 0.000000 
0.006457 96.456863 1.763432 0.314107 -3.368352 0.867792 1.685433 0.667000 -0.195470 2.492690 1.328048 -0.136349 2.491213 1.334475 -0.125394 -4.063365 -2.169997 -1.707639 -15.273497 -13.913298 2.924160 -0.000001 -0.000001 -0.000001 1.417678 -8.490019 5.438116 23.501494 -19.359872 -69.916931 3.632187 -105.194475 3.772388 -1.136053 9.705451 13.138630 6.266136 13.510800 -6.881982 3.469042 7.022419 -5.100742 0.383396 5.793359 -2.717514 0.000004 -0.000000 -0.000000 -1.012318 -1.871166 -36.362302 7.563942 8.089820 -46.449982 4.270244 5.993284 -30.589204 -0.000000 0.000001 0.000000 0.610987 1.036209 -46.173250 2.736245 8.581122 -38.411652 2.371158 7.591940 -39.081434 0.000004 -0.000001 -0.000001 0.695875 1.383503 -52.264051 -0.364384 8.576599 -35.760275 -0.363388 7.717949 -32.641351 -0.000004 -0.000000 0.000001 3.775371 4.344621 -46.438572 -0.693914 6.025309 -41.685239 -1.435873 7.920141 -34.081356 0.000000 -0.000001 -0.000003 0.862576 3.281477 4.613115 26.646422 28.589135 57.530369 2.281329 113.373572 -2.497661 -7.865616 3.026891 -13.900994 -0.602184 -19.308202 2.679631 3.431359 0.609160 5.067700 -1.510991 3.197180 0.578657 -0.000001 -0.000001 0.000000 5.862707 -6.271698 47.167364 4.645310 -5.632983 30.423985 7.001318 -6.541029 43.271335 -0.000001 0.000000 -0.000002 1.132544 -0.843310 39.935095 2.501459 -7.169679 35.146306 2.592877 -7.013092 34.283933 -0.000001 0.000000 0.000000 2.201461 -2.432149 48.909837 -0.175006 -5.405192 25.027444 0.044498 -6.260049 29.093461 0.000001 0.000001 -0.000003 2.922665 -3.456995 56.434937 -1.395685 -9.618797 41.148809 -1.744116 -8.865776 40.964350 -0.000001 0.000001 -0.000001 -21.554383 5.341852 -5.661569 49.566112 5.736520 3.408947 -22.621368 -1.702461 5.133306 -10.026243 0.000008 0.000007 0.000000 0.000000 -0.000001 -20.823841 -8.744071 1.798721 49.042213 -12.823695 -3.821382 -20.906982 -1.253379 0.998232 -12.866055 -0.000014 0.000021 -0.000001 0.000000 -0.000000 
0.098229 98.105850 1.944088 0.501189 -3.491919 0.504710 1.466845 0.700893 -0.019183 2.190096 1.405656 0.045876 2.188072 1.413030 0.056281 -4.187636 -2.177086 -1.590440 -14.556139 -13.832571 3.038343 0.000000 0.000000 -0.000000 1.425698 -8.530524 5.625845 24.222439 -19.943295 -69.285869 3.230078 -106.978992 3.386546 -0.816403 9.790928 13.361283 6.213488 13.488932 -6.719933 3.436714 6.839686 -5.081978 0.399161 5.880842 -2.728684 0.000000 0.000001 0.000001 -1.099791 -1.992228 -36.405513 7.524328 8.072770 -46.271069 4.251595 5.978005 -30.489824 -0.000002 -0.000001 0.000004 0.450854 0.870571 -46.241774 2.733001 8.577016 -38.388105 2.363407 7.581091 -39.021861 0.000001 -0.000001 0.000001 0.640709 1.324215 -52.219412 -0.365081 8.574106 -35.749114 -0.366658 7.704461 -32.581017 -0.000005 0.000000 -0.000002 3.764834 4.332965 -46.329549 -0.683242 6.061328 -41.837026 -1.437076 7.910751 -34.043664 -0.000001 0.000004 -0.000004 0.903322 3.809522 5.615822 27.786232 28.220704 55.030131 2.050675 115.671166 -2.288494 -7.979962 3.454474 -13.748185 -0.595600 -19.387767 2.443664 3.431355 0.609163 5.067698 -1.518123 3.236099 0.581458 -0.000000 -0.000004 -0.000002 5.729321 -6.152755 47.065679 4.620786 -5.616188 30.298323 6.986712 -6.534707 43.202733 0.000001 -0.000001 -0.000000 1.008861 -0.678488 39.875696 2.468473 -7.126744 34.889429 2.596009 -7.013767 34.296265 0.000001 -0.000000 0.000000 2.184537 -2.405593 48.736395 -0.182332 -5.366128 24.842880 0.043864 -6.257997 29.083335 -0.000001 0.000001 -0.000002 2.853815 -3.402629 56.388440 -1.399223 -9.602613 41.077806 -1.745268 -8.858993 40.935550 0.000005 -0.000001 0.000000 -20.376609 5.593622 -5.422471 46.326021 4.808855 4.069516 -17.153074 -1.235381 4.466809 -13.439786 0.000011 0.000009 -0.000000 0.000000 0.000000 -19.138721 -9.342182 1.826862 44.897869 -12.602653 -4.151295 -15.439854 0.209878 2.618264 -13.106336 0.000001 0.000023 -0.000000 -0.000001 -0.000000 
0.209528 100.000946 2.158545 0.720759 -3.684702 0.176723 1.224342 0.746591 0.155649 1.856076 1.505255 0.232108 1.853294 1.513850 0.241786 -4.432342 -2.187094 -1.495491 -13.556498 -13.810135 3.248614 -0.000000 0.000000 -0.000000 1.406767 -8.370418 5.507446 25.101118 -20.419103 -67.981337 2.843516 -109.124068 3.019636 -0.317297 10.145003 13.330375 6.182318 13.474128 -6.630760 3.407705 6.674199 -5.065092 0.413750 5.961595 -2.738982 0.000003 -0.000004 -0.000002 -1.187019 -2.116768 -36.427619 7.494529 8.059821 -46.136384 4.235303 5.964630 -30.402821 0.000002 -0.000001 0.000002 0.311160 0.718447 -46.238086 2.728839 8.571706 -38.357834 2.356510 7.571439 -38.968958 -0.000002 -0.000002 0.000002 0.597300 1.266549 -52.094071 -0.365853 8.571365 -35.736892 -0.368835 7.695436 -32.540599 0.000000 0.000003 -0.000003 3.749171 4.314188 -46.053548 -0.681391 6.067619 -41.863565 -1.437225 7.909303 -34.037937 0.000001 0.000000 0.000001 0.912948 4.103603 6.520498 28.687191 27.997910 52.429867 1.842362 118.137370 -2.103425 -7.601134 3.455679 -13.615111 -0.556818 -19.505733 2.221650 3.431352 0.609161 5.067697 -1.529497 3.298310 0.585939 -0.000000 -0.000001 -0.000001 5.597381 -6.029556 47.044707 4.595593 -5.598871 30.169239 6.971898 -6.528288 43.133297 -0.000000 -0.000001 0.000003 0.885155 -0.527815 39.994904 2.439833 -7.089168 34.665420 2.599883 -7.014840 34.312435 0.000001 -0.000002 -0.000000 2.167757 -2.383561 48.641274 -0.189400 -5.327742 24.661723 0.045126 -6.262081 29.103426 -0.000001 -0.000000 -0.000006 2.765314 -3.334451 56.361089 -1.401206 -9.593489 41.037822 -1.746232 -8.853354 40.911494 0.000001 0.000001 0.000000 -18.867443 6.081647 -5.086792 42.218048 3.480341 4.613048 -10.291528 -0.771016 3.638467 -14.159612 0.000201 -0.100365 0.000000 0.000000 0.000000 -16.970968 -10.115223 1.766865 39.783465 -11.057524 -4.335472 -8.812195 1.036077 3.677734 -17.439295 0.000503 -0.006040 -0.000000 -0.000000 0.000000 
0.334780 101.969650 2.358943 1.003699 -3.935493 -0.098348 0.968253 0.799305 0.324414 1.505429 1.617708 0.413897 1.501687 1.627531 0.422536 -4.800378 -2.197110 -1.439240 -12.436554 -13.839538 3.519031 0.000001 0.000001 0.000000 1.366350 -8.040382 5.091856 26.043341 -20.712159 -66.064260 2.496370 -111.547043 2.694829 0.249409 10.693008 13.136806 6.179734 13.469272 -6.637099 3.391229 6.579134 -5.055542 0.430502 6.053981 -2.750738 0.000003 0.000000 -0.000004 -1.263020 -2.233921 -36.402426 7.476731 8.052083 -46.055921 4.221081 5.952906 -30.326863 -0.000003 -0.000003 -0.000003 0.191589 0.576750 -46.148894 2.723639 8.565149 -38.320346 2.350159 7.562501 -38.919948 -0.000002 0.000000 -0.000001 0.565973 1.211203 -51.892560 -0.366770 8.568092 -35.722173 -0.370296 7.689438 -32.513760 -0.000000 0.000000 0.000002 3.732334 4.292691 -45.627583 -0.689104 6.041639 -41.754070 -1.436717 7.913345 -34.054039 0.000001 -0.000002 -0.000002 0.900066 4.102146 7.100632 29.174695 28.188937 49.944249 1.666364 120.583301 -1.950758 -6.902263 3.167535 -13.430432 -0.483565 -19.661623 2.026739 3.431353 0.609158 5.067697 -1.549400 3.407117 0.593730 0.000000 0.000001 -0.000000 5.471606 -5.906484 47.125512 4.572227 -5.582702 30.049202 6.959284 -6.522822 43.074007 -0.000000 -0.000001 -0.000001 0.770011 -0.408861 40.328835 2.418326 -7.060644 34.495935 2.604167 -7.016224 34.331072 0.000001 -0.000001 0.000002 2.153958 -2.371849 48.674319 -0.194813 -5.297757 24.520342 0.047728 -6.269520 29.140626 0.000001 0.000000 0.000000 2.664023 -3.258444 56.363250 -1.398420 -9.606359 41.094209 -1.746753 -8.850384 40.898900 -0.000000 -0.000002 -0.000001 -17.207816 6.771242 -4.649465 37.422176 1.832848 4.918044 -1.995336 -0.345749 2.423623 -19.047159 0.065199 -0.899115 0.000000 -0.000000 0.000000 -14.536721 -11.061443 1.808939 34.226915 -8.465244 -4.331109 -2.552135 1.061933 3.530894 -20.383711 0.101694 -0.767934 -0.000000 -0.000003 -0.000000 
0.469802 103.866951 2.521553 1.366895 -4.240500 -0.330486 0.708882 0.855324 0.500355 1.158628 1.736009 0.588193 1.153732 1.746932 0.595356 -5.286789 -2.201601 -1.432390 -11.367900 -13.899341 3.809569 0.000000 -0.000001 0.000000 1.311282 -7.568061 4.437845 26.915648 -20.835958 -63.635185 2.196545 -114.162159 2.419287 0.843094 11.383945 12.892978 6.207939 13.474570 -6.748800 3.393358 6.590001 -5.056973 0.453012 6.177505 -2.766477 -0.000000 0.000004 -0.000003 -1.321209 -2.338412 -36.309310 7.468045 8.048313 -46.016641 4.206303 5.940661 -30.247759 0.000001 -0.000002 -0.000000 0.088275 0.439281 -45.965254 2.715513 8.554751 -38.261180 2.343340 7.552939 -38.867458 -0.000000 -0.000002 0.000000 0.543420 1.154644 -51.612225 -0.368476 8.561990 -35.694739 -0.371525 7.684204 -32.490356 -0.000002 0.000003 -0.000001 3.714585 4.269575 -45.072924 -0.705878 5.984543 -41.513401 -1.435978 7.919205 -34.077600 -0.000002 -0.000000 0.000002 0.871198 3.802752 7.253265 29.116120 28.964855 47.671988 1.521819 122.896304 -1.828518 -6.184327 2.797936 -13.231127 -0.377604 -19.849390 1.870993 3.431358 0.609161 5.067704 -1.579911 3.573945 0.605648 -0.000001 -0.000003 -0.000001 5.353226 -5.786340 47.301898 4.552735 -5.569169 29.948979 6.952349 -6.519809 43.041571 0.000000 0.000001 -0.000001 0.670883 -0.332879 40.862191 2.404362 -7.042091 34.385853 2.608283 -7.017471 34.348615 -0.000000 0.000001 0.000002 2.147296 -2.375844 48.853413 -0.197545 -5.282704 24.449244 0.049734 -6.273457 29.161803 -0.000000 -0.000000 -0.000003 2.562218 -3.184212 56.398293 -1.387494 -9.655976 41.311890 -1.746521 -8.851643 40.904275 0.000000 -0.000003 -0.000002 -15.790667 7.599963 -4.129671 32.870316 0.420345 4.958736 5.681257 -0.121980 0.652459 -22.551666 -0.116637 0.940784 0.000000 0.000000 0.000000 -12.829694 -11.863686 1.367050 29.461970 -6.344523 -4.251286 4.085152 1.230112 7.110360 -20.925721 0.614812 -4.286940 0.000000 -0.000006 0.000000 
0.611824 105.589478 2.633769 1.801532 -4.597698 -0.525621 0.459458 0.911588 0.686865 0.842205 1.852850 0.752882 0.835969 1.864791 0.758061 -5.884198 -2.194183 -1.473603 -10.476057 -13.954061 4.079605 -0.000000 -0.000001 -0.000000 1.245674 -6.956001 3.656306 27.546546 -20.912502 -60.811660 1.944770 -116.862529 2.192886 1.506185 12.220395 12.690012 6.263091 13.487833 -6.955635 3.416119 6.718627 -5.070633 0.484306 6.348085 -2.788225 0.000003 0.000000 -0.000003 -1.361349 -2.430925 -36.145054 7.460801 8.045124 -45.983750 4.186908 5.924591 -30.143950 0.000003 -0.000003 -0.000000 -0.001621 0.303076 -45.694024 2.701401 8.536745 -38.158604 2.334955 7.541091 -38.802554 -0.000002 0.000002 0.000001 0.525321 1.092915 -51.255662 -0.371922 8.549657 -35.639367 -0.373215 7.677297 -32.459432 0.000001 0.000000 -0.000000 3.694012 4.243870 -44.422707 -0.729781 5.901449 -41.163870 -1.435468 7.923492 -34.094802 0.000001 -0.000001 -0.000002 0.825885 3.242964 6.997133 28.380085 30.375678 45.630534 1.404413 125.014441 -1.731766 -5.756735 2.501391 -13.185587 -0.245636 -20.056955 1.763196 3.431353 0.609159 5.067699 -1.619119 3.788350 0.620894 0.000001 -0.000001 0.000001 5.243068 -5.672529 47.541965 4.537579 -5.558621 29.870968 6.953915 -6.520476 43.048855 -0.000001 -0.000003 -0.000002 0.593609 -0.301644 41.521741 2.395979 -7.030921 34.319600 2.611319 -7.017785 34.359465 0.000001 0.000000 -0.000001 2.151119 -2.397713 49.158504 -0.196929 -5.286100 24.465306 0.048342 -6.264368 29.120409 0.000001 0.000002 0.000000 2.474671 -3.122851 56.461509 -1.365558 -9.752961 41.737981 -1.745413 -8.858100 40.931790 -0.000001 0.000000 0.000000 -15.107251 8.464236 -3.539032 29.530880 -0.184623 4.822336 11.489437 -0.182234 -1.691340 -20.826930 -0.297641 3.115730 0.000000 -0.000000 -0.000000 -11.269091 -12.624456 1.096923 24.753796 -4.875183 -4.116269 10.130572 1.697945 10.015135 -19.583080 0.890711 -6.866394 -0.000000 -0.000003 0.000001 
0.757935 107.087685 2.693194 2.266972 -4.997290 -0.673910 0.239009 0.963629 0.868500 0.588232 1.958504 0.902879 0.580488 1.971522 0.905638 -6.582803 -2.170779 -1.545165 -9.806634 -13.960205 4.289488 -0.000000 0.000000 0.000000 1.170205 -6.175926 2.900624 27.743576 -21.154641 -57.713084 1.739854 -119.506987 2.013052 2.307791 13.234717 12.565051 6.335219 13.505246 -7.224856 3.457963 6.954983 -5.095589 0.525830 6.572603 -2.816829 0.000002 0.000002 0.000002 -1.389723 -2.517593 -35.926491 7.443807 8.037654 -45.906948 4.159184 5.901483 -29.995121 0.000003 -0.000002 0.000002 -0.077991 0.171495 -45.361137 2.678753 8.507637 -37.993245 2.324127 7.525793 -38.718806 0.000002 -0.000002 0.000002 0.508415 1.024938 -50.840025 -0.377971 8.527894 -35.541651 -0.375718 7.666793 -32.412475 -0.000002 0.000000 -0.000002 3.669062 4.214621 -43.726861 -0.757949 5.801147 -40.742782 -1.435400 7.923887 -34.096383 0.000001 -0.000001 0.000001 0.760362 2.482924 6.435491 26.830236 32.368857 43.802727 1.310203 126.892156 -1.656075 -5.828626 2.297132 -13.515341 -0.099560 -20.267152 1.706126 3.431355 0.609162 5.067700 -1.660645 4.015749 0.637014 -0.000002 -0.000003 -0.000003 5.145206 -5.571358 47.798927 4.525126 -5.549885 29.806625 6.963801 -6.524785 43.095331 -0.000001 0.000000 0.000000 0.542347 -0.307765 42.191424 2.388963 -7.021523 34.264050 2.612328 -7.016299 34.357501 -0.000000 -0.000001 -0.000002 2.166285 -2.435336 49.540110 -0.193100 -5.307236 24.564948 0.040925 -6.232966 28.971313 0.000001 0.000002 -0.000003 2.415343 -3.084149 56.541771 -1.330848 -9.899998 42.385695 -1.743371 -8.869928 40.982125 0.000001 0.000000 0.000001 -14.760408 9.271762 -2.976174 26.677611 0.045621 4.557662 16.340145 -0.479058 -4.124550 -18.380556 -0.320826 4.373213 0.000000 -0.000000 -0.000000 -10.056854 -13.235835 1.035086 20.688611 -4.142444 -4.017394 14.803745 2.197654 11.863633 -17.555362 0.807380 -6.511541 -0.000000 -0.000002 0.000000 
0.907076 108.349403 2.701261 2.694834 -5.416182 -0.768824 0.072278 1.004769 1.030759 0.431015 2.040882 1.028766 0.421673 2.055157 1.028965 -7.363138 -2.132424 -1.614521 -9.327393 -13.877829 4.403709 -0.000000 0.000001 -0.000000 1.083397 -5.185941 2.335378 27.326969 -21.807565 -54.459701 1.579791 -121.922811 1.876189 3.267511 14.433510 12.491495 6.410199 13.522838 -7.505440 3.514616 7.272790 -5.129189 0.576658 6.844647 -2.851481 0.000000 0.000005 -0.000002 -1.417359 -2.609267 -35.682237 7.405161 8.020578 -45.731675 4.121171 5.869619 -29.790615 -0.000001 -0.000007 0.000001 -0.138715 0.052043 -45.002419 2.646470 8.465938 -37.756883 2.310833 7.506932 -38.615878 0.000003 -0.000003 -0.000000 0.491525 0.953236 -50.396213 -0.387081 8.494840 -35.393412 -0.379268 7.651843 -32.345693 -0.000001 -0.000001 -0.000000 3.640449 4.182785 -43.047506 -0.787112 5.694083 -40.294407 -1.435908 7.919835 -34.080127 -0.000000 -0.000000 -0.000000 0.673437 1.596831 5.711609 24.364106 34.824403 42.170541 1.237097 128.471350 -1.598684 -6.449076 2.091070 -14.358576 0.044495 -20.459463 1.695363 3.431354 0.609160 5.067699 -1.694959 4.203812 0.650267 0.000000 -0.000003 -0.000001 5.069065 -5.493018 48.025847 4.512092 -5.540774 29.739487 6.978193 -6.531029 43.162824 -0.000000 0.000003 0.000002 0.519212 -0.338092 42.744198 2.378097 -7.006956 34.177864 2.610613 -7.012306 34.337902 0.000001 -0.000004 -0.000000 2.191247 -2.483225 49.937948 -0.187107 -5.340204 24.720541 0.026144 -6.174141 28.689588 0.000000 0.000001 0.000001 2.393986 -3.074313 56.625349 -1.283405 -10.089695 43.224541 -1.740481 -8.886452 41.052422 0.000001 -0.000001 0.000000 -14.616572 9.954066 -2.526879 24.367958 1.195175 4.257026 19.758590 -0.890416 -6.306361 -15.562277 -0.262674 3.945851 0.000001 -0.000001 -0.000000 -9.183254 -13.630703 1.062100 17.362896 -4.183188 -4.006957 18.265739 2.655563 13.189450 -13.685093 0.617070 -5.711655 -0.000002 0.000000 0.000001 
1.057420 109.384064 2.658384 3.004440 -5.820655 -0.801421 -0.014385 1.027942 1.154411 0.399742 2.088254 1.118966 0.388868 2.103992 1.116958 -8.186553 -2.085634 -1.644453 -8.959440 -13.684404 4.397536 -0.000002 -0.000001 -0.000000 0.981701 -3.967118 2.082315 26.172735 -23.057967 -51.178307 1.462359 -123.931392 1.778246 4.314541 15.749556 12.394238 6.472884 13.537504 -7.739155 3.579931 7.635860 -5.167812 0.633046 7.142895 -2.889456 0.000003 0.000000 0.000002 -1.456874 -2.720589 -35.436237 7.335242 7.989333 -45.414075 4.073779 5.829579 -29.534930 0.000001 -0.000001 -0.000001 -0.182650 -0.049513 -44.645012 2.605767 8.412785 -37.456867 2.296098 7.485933 -38.501285 0.000000 0.000001 0.000001 0.474623 0.881850 -49.957629 -0.399091 8.450716 -35.195763 -0.383746 7.632955 -32.261323 0.000001 -0.000002 0.000002 3.611294 4.151274 -42.443622 -0.814681 5.589563 -39.857794 -1.436847 7.912429 -34.050395 0.000000 0.000001 -0.000002 0.570167 0.668507 4.970684 20.965194 37.580155 40.724764 1.185085 129.666128 -1.558685 -7.511727 1.775029 -15.656484 0.168452 -20.613120 1.720761 3.431354 0.609161 5.067698 -1.711869 4.296558 0.656759 0.000001 0.000003 -0.000001 5.028262 -5.450278 48.188013 4.495341 -5.529015 29.653000 6.990327 -6.536269 43.219750 0.000000 0.000002 -0.000000 0.523590 -0.378619 43.078416 2.358779 -6.980926 34.024147 2.605994 -7.005603 34.299492 0.000000 -0.000001 -0.000001 2.222846 -2.535068 50.301577 -0.180773 -5.374461 24.882326 0.004868 -6.089959 28.285570 0.000002 0.000001 0.000000 2.413979 -3.094740 56.700197 -1.225816 -10.305141 44.181864 -1.736970 -8.906348 41.137157 -0.000000 0.000004 0.000001 -14.516963 10.484859 -2.252053 22.602764 3.103232 3.972170 21.540981 -1.252454 -7.977693 -11.013773 -0.161839 3.107511 -0.000003 -0.000000 0.000000 -8.640526 -13.827943 1.117104 14.997103 -4.839081 -4.107724 20.269918 2.935132 13.876012 -8.134329 0.343399 -4.306451 -0.000002 -0.000004 0.000002 
1.206175 110.203339 2.563536 3.127066 -6.174601 -0.768055 -0.001288 1.028642 1.224596 0.508402 2.093473 1.164770 0.496275 2.110799 1.161438 -8.992030 -2.039423 -1.609903 -8.616054 -13.385046 4.265223 -0.000001 -0.000000 -0.000001 0.860005 -2.561849 2.159467 24.245370 -24.940174 -47.992123 1.384410 -125.390334 1.714623 5.301082 17.036191 12.180716 6.510775 13.547421 -7.875669 3.646421 8.001866 -5.206990 0.688746 7.433647 -2.926466 0.000006 0.000005 -0.000002 -1.518723 -2.867976 -35.190788 7.230442 7.941639 -44.936672 4.020938 5.784463 -29.248581 0.000002 -0.000001 -0.000002 -0.212513 -0.135819 -44.288019 2.559677 8.351849 -37.114473 2.281787 7.465456 -38.389628 -0.000004 0.000001 0.000001 0.457216 0.812595 -49.543501 -0.413279 8.397759 -34.958643 -0.388701 7.611849 -32.166988 0.000001 0.000004 0.000003 3.584976 4.123210 -41.950725 -0.839469 5.492761 -39.454260 -1.437947 7.903699 -34.015356 0.000000 0.000002 -0.000001 0.461986 -0.216195 4.328493 16.727036 40.437493 39.461940 1.155841 130.365184 -1.536506 -8.797250 1.324013 -17.129008 0.255708 -20.710517 1.770155 3.431353 0.609162 5.067700 -1.703640 4.251796 0.653560 -0.000003 0.000001 -0.000000 5.036049 -5.454770 48.268660 4.473551 -5.513654 29.540466 6.993266 -6.537557 43.233544 -0.000003 0.000001 -0.000001 0.551746 -0.418554 43.145431 2.328648 -6.940051 33.783420 2.598992 -6.996794 34.245967 0.000002 -0.000001 -0.000001 2.257849 -2.585955 50.604236 -0.176597 -5.396738 24.987525 -0.019750 -5.990667 27.809417 -0.000000 -0.000000 -0.000002 2.471801 -3.142074 56.759333 -1.163513 -10.523120 45.155757 -1.733110 -8.928132 41.229996 -0.000000 -0.000001 0.000001 -14.328019 10.880058 -2.172053 21.328145 5.392603 3.710798 21.816604 -1.453846 -9.033350 -5.218438 -0.052812 1.792668 -0.000001 0.000001 -0.000000 -8.412963 -13.881405 1.123298 13.726900 -5.825034 -4.303905 20.853765 2.980819 13.943581 -2.782543 0.023026 -1.127852 0.000000 -0.000001 0.000001 
1.350268 110.811401 2.417382 3.029686 -6.449883 -0.674591 0.115859 1.007476 1.238471 0.747114 2.057584 1.165838 0.734193 2.076474 1.162401 -9.705531 -2.000355 -1.513361 -8.228757 -13.014120 4.025052 0.000000 0.000001 0.000001 0.718754 -1.089953 2.445186 21.606477 -27.290308 -44.976396 1.342061 -126.230092 1.680527 6.048526 18.110989 11.773988 6.516958 13.551890 -7.886749 3.705501 8.324070 -5.241803 0.735928 7.677063 -2.957392 0.000002 0.000002 -0.000002 -1.608184 -3.066839 -34.918205 7.095534 7.878674 -44.319557 3.968547 5.739279 -28.963455 0.000004 -0.000001 -0.000002 -0.236185 -0.220917 -43.894737 2.512070 8.288138 -36.758091 2.270145 7.448746 -38.298739 0.000003 -0.000001 0.000001 0.436555 0.741660 -49.147289 -0.428680 8.339255 -34.697187 -0.393583 7.590955 -32.073725 -0.000002 0.000001 0.000002 3.561965 4.098789 -41.565871 -0.861801 5.403067 -39.081031 -1.438997 7.895316 -33.981796 -0.000002 -0.000002 -0.000000 0.363098 -0.983275 3.859836 11.832919 43.164043 38.384020 1.152233 130.452419 -1.533766 -10.023097 0.834881 -18.363134 0.295058 -20.740947 1.833011 3.431353 0.609163 5.067697 -1.667907 4.056121 0.639715 -0.000001 -0.000005 0.000001 5.098927 -5.511956 48.267482 4.448851 -5.496173 29.412697 6.983471 -6.533328 43.187587 -0.000003 -0.000000 -0.000000 0.596983 -0.452279 42.960814 2.288733 -6.885328 33.462398 2.590782 -6.987234 34.185940 0.000001 -0.000002 -0.000002 2.293842 -2.633628 50.845516 -0.177074 -5.394352 24.976166 -0.043356 -5.892939 27.341129 0.000002 0.000000 0.000000 2.558202 -3.209228 56.802063 -1.103968 -10.719051 46.036093 -1.729096 -8.950546 41.325462 -0.000000 -0.000002 -0.000001 -13.979163 11.178075 -2.263628 20.455624 7.581342 3.457994 21.017636 -1.484231 -9.534581 -2.261530 -0.000004 0.000003 0.000001 0.000000 -0.000000 -8.464538 -13.848845 1.021896 13.548595 -6.818557 -4.560239 20.350733 2.836336 13.536862 -1.599176 -0.000001 -0.000006 0.000002 -0.000000 -0.000001 
1.487378 111.206474 2.226151 2.728415 -6.634094 -0.534944 0.321004 0.970649 1.206548 1.079823 1.990960 1.132948 1.066627 2.011223 1.130610 -10.259526 -1.968754 -1.388742 -7.754199 -12.626702 3.717065 0.000000 0.000000 -0.000000 0.576329 0.273127 2.692747 18.407273 -29.794682 -42.099719 1.330735 -126.460037 1.671486 6.394485 18.822234 11.134554 6.491545 13.550547 -7.774476 3.747878 8.553722 -5.266992 0.766856 7.834604 -2.977332 0.000002 0.000006 0.000001 -1.723082 -3.327718 -34.566911 6.943858 7.805750 -43.622075 3.922953 5.699608 -28.714447 -0.000002 -0.000004 -0.000001 -0.264977 -0.327255 -43.404233 2.466452 8.226269 -36.413815 2.263180 7.438747 -38.244299 0.000003 -0.000002 0.000000 0.407390 0.659283 -48.738092 -0.444335 8.278615 -34.426568 -0.397775 7.572831 -31.992872 -0.000003 0.000001 -0.000000 3.537689 4.072676 -41.247372 -0.883169 5.314695 -38.714065 -1.439965 7.887512 -33.950422 0.000001 0.000001 -0.000001 0.284872 -1.585648 3.579814 6.514242 45.524642 37.495457 1.177714 129.840421 -1.553063 -10.917176 0.501892 -18.972732 0.284030 -20.703704 1.902677 3.431355 0.609161 5.067701 -1.608874 3.732985 0.616850 -0.000000 -0.000002 0.000002 5.211191 -5.616719 48.195328 4.427207 -5.480770 29.300405 6.963907 -6.524841 43.095850 -0.000002 -0.000002 -0.000002 0.651071 -0.479176 42.597127 2.243537 -6.822563 33.095832 2.582966 -6.978800 34.131176 0.000001 -0.000000 -0.000000 2.329627 -2.678165 51.043684 -0.183621 -5.359105 24.809788 -0.061686 -5.815331 26.969728 0.000003 -0.000002 0.000002 2.660485 -3.287100 56.832973 -1.055066 -10.872185 46.727530 -1.725069 -8.972697 41.419954 -0.000000 0.000002 0.000001 -13.480488 11.413758 -2.472121 19.897721 9.238809 3.204718 19.744274 -1.411809 -9.676617 -1.847534 0.000002 0.000006 0.000002 0.000001 -0.000001 -8.737738 -13.766769 0.790615 14.314231 -7.551415 -4.842631 19.291919 2.603352 12.877329 -1.583213 0.000012 0.000004 0.000003 -0.000001 0.000001 
1.616402 111.385162 2.003822 2.284182 -6.732455 -0.366131 0.579523 0.928108 1.147371 1.450931 1.911277 1.085680 1.437885 1.932555 1.085311 -10.612533 -1.938937 -1.288900 -7.170729 -12.282570 3.393591 -0.000002 0.000001 -0.000000 0.471315 1.349621 2.618575 14.878659 -32.121703 -39.213281 1.346678 -126.136669 1.684222 6.228760 19.097004 10.270184 6.441048 13.542715 -7.571266 3.764588 8.644566 -5.277396 0.775289 7.876082 -2.982409 0.000005 0.000005 -0.000000 -1.853745 -3.651801 -34.083214 6.794684 7.731791 -42.932220 3.889298 5.670103 -28.530119 0.000003 0.000005 0.000001 -0.309630 -0.476891 -42.762025 2.424825 8.169121 -36.097119 2.261903 7.436898 -38.234313 0.000005 -0.000000 0.000001 0.363378 0.553114 -48.278133 -0.459632 8.218283 -34.157527 -0.400863 7.559337 -31.932767 -0.000004 -0.000002 -0.000001 3.502655 4.033897 -40.933242 -0.905439 5.219833 -38.320814 -1.441131 7.878179 -33.912955 -0.000001 0.000001 0.000001 0.231823 -2.012055 3.459551 1.022455 47.351512 36.790008 1.235724 128.502332 -1.597646 -11.334686 0.548342 -18.739039 0.229837 -20.609532 1.975855 3.431358 0.609158 5.067700 -1.537097 3.340448 0.588971 -0.000000 -0.000000 -0.000004 5.353275 -5.751435 48.068658 4.417421 -5.473784 29.249674 6.945239 -6.516702 43.008113 -0.000001 -0.000001 -0.000001 0.706377 -0.502467 42.162969 2.200043 -6.761358 32.739914 2.577284 -6.973391 34.093863 0.000001 -0.000000 0.000001 2.364582 -2.720437 51.222310 -0.196130 -5.290589 24.486452 -0.071548 -5.773298 26.768421 -0.000002 0.000001 -0.000002 2.765175 -3.366222 56.859474 -1.023011 -10.969134 47.166954 -1.721118 -8.994337 41.512247 -0.000000 -0.000002 -0.000000 -12.910626 11.601163 -2.734662 19.595063 10.114816 2.961827 18.562509 -1.323312 -9.715111 -1.709219 -0.000003 0.000011 -0.000000 -0.000001 0.000002 -9.180898 -13.639913 0.441666 15.807465 -7.871478 -5.127184 18.211393 2.376588 12.188591 -1.566432 -0.000003 0.000006 -0.000003 0.000002 -0.000000 
1.737242 111.342346 1.771626 1.782240 -6.763212 -0.184522 0.846412 0.890624 1.080039 1.799357 1.838801 1.045432 1.786678 1.860630 1.047404 -10.757892 -1.903521 -1.262138 -6.476837 -12.029045 3.107059 0.000001 -0.000002 -0.000000 0.442221 2.017512 2.004842 11.302090 -34.060128 -36.131581 1.388437 -125.312538 1.717863 5.522503 18.946549 9.236244 6.376178 13.527323 -7.330140 3.748817 8.560371 -5.269117 0.757667 7.783985 -2.970368 0.000001 -0.000004 -0.000001 -1.985179 -4.026918 -33.440814 6.668648 7.667543 -42.346114 3.870352 5.653380 -28.425992 0.000003 0.000001 0.000000 -0.375257 -0.680309 -41.957784 2.387301 8.117005 -35.809609 2.265977 7.442759 -38.266152 -0.000001 0.000001 0.000001 0.300071 0.414744 -47.749053 -0.474282 8.159251 -33.894786 -0.402737 7.551270 -31.896669 -0.000003 -0.000001 -0.000003 3.445540 3.968959 -40.572078 -0.929756 5.112797 -37.877955 -1.442937 7.863423 -33.853703 0.000001 0.000000 -0.000001 0.201028 -2.285831 3.438794 -4.387638 48.607260 36.246164 1.329803 126.487126 -1.671658 -11.363595 1.126705 -17.650729 0.148022 -20.479322 2.050523 3.431356 0.609160 5.067700 -1.467159 2.958271 0.561697 0.000001 -0.000003 0.000000 5.494847 -5.888456 47.906865 4.429268 -5.482245 29.311149 6.944067 -6.516192 43.002652 -0.000000 0.000002 -0.000000 0.758231 -0.528232 41.775694 2.165891 -6.712708 32.458350 2.575028 -6.972509 34.083532 -0.000000 -0.000000 -0.000004 2.397967 -2.760853 51.398007 -0.212510 -5.197174 24.046229 -0.071477 -5.774825 26.775214 0.000001 -0.000003 0.000004 2.860197 -3.438171 56.888765 -1.010772 -11.005495 47.332050 -1.717175 -9.015673 41.603341 -0.000000 -0.000000 -0.000001 -12.374393 11.730999 -3.003609 19.514253 10.187968 2.755305 17.825235 -1.278108 -9.871410 -1.810391 0.000005 -0.000005 0.000000 -0.000001 -0.000000 -9.763827 -13.445617 0.014227 17.819021 -7.766928 -5.402175 17.467399 2.206393 11.621207 -1.548951 -0.000003 0.000007 -0.000002 -0.000000 -0.000000 
1.849966 111.069992 1.554790 1.304240 -6.748039 -0.003943 1.078130 0.866744 1.017862 2.075005 1.790505 1.026969 2.062681 1.812393 1.031179 -10.718407 -1.858916 -1.330477 -5.694503 -11.889805 2.900478 -0.000000 0.000001 -0.000000 0.498769 2.246292 0.811445 7.945335 -35.579091 -32.768222 1.458535 -124.000076 1.775116 4.351228 18.437319 8.127207 6.308687 13.503016 -7.109947 3.697772 8.283783 -5.240195 0.713574 7.555232 -2.940921 0.000003 -0.000002 -0.000001 -2.101360 -4.424892 -32.667432 6.582659 7.622769 -41.944499 3.866159 5.649687 -28.402985 0.000003 -0.000005 -0.000000 -0.458797 -0.927983 -41.052999 2.352573 8.068309 -35.541791 2.273722 7.453924 -38.326869 -0.000001 0.000001 0.000001 0.217791 0.246059 -47.176185 -0.488300 8.101628 -33.638716 -0.403474 7.548025 -31.882217 -0.000001 -0.000001 -0.000001 3.358137 3.867017 -40.154197 -0.955760 4.993766 -37.386557 -1.445927 7.838819 -33.755027 0.000001 0.000001 0.000000 0.184500 -2.455235 3.445047 -9.491924 49.379187 35.851216 1.463986 123.910437 -1.780551 -11.314254 2.215443 -15.842340 0.058959 -20.340525 2.123529 3.431350 0.609164 5.067699 -1.414061 2.668188 0.540926 -0.000002 -0.000004 0.000003 5.603107 -5.996896 47.732497 4.470699 -5.511646 29.525733 6.978894 -6.531327 43.166106 -0.000001 0.000003 -0.000003 0.806635 -0.565171 41.535811 2.147332 -6.686064 32.304534 2.576941 -6.976757 34.104712 -0.000001 -0.000002 0.000001 2.428687 -2.798643 51.574444 -0.229674 -5.094508 23.563138 -0.061649 -5.818848 26.984822 0.000001 0.000001 -0.000001 2.936451 -3.496578 56.925870 -1.017636 -10.985173 47.239716 -1.713159 -9.037197 41.695238 0.000000 0.000004 0.000001 -11.957724 11.779850 -3.258526 19.642603 9.626140 2.612116 17.581026 -1.294747 -10.253365 -2.084396 0.000001 -0.000001 0.000002 -0.000002 -0.000001 -10.462678 -13.147983 -0.432459 20.172612 -7.355169 -5.669775 17.159995 2.098193 11.215768 -1.530753 -0.000002 0.000003 -0.000001 0.000000 0.000002 
1.953877 110.559418 1.377157 0.903997 -6.700999 0.166395 1.244449 0.860292 0.964588 2.251951 1.774581 1.032730 2.239807 1.796142 1.038722 -10.532798 -1.808029 -1.481796 -4.869642 -11.862365 2.803055 0.000000 -0.000001 0.000000 0.613036 2.098151 -0.799625 4.992603 -36.789445 -29.223705 1.564453 -122.173083 1.863271 2.898624 17.656918 7.056776 6.248154 13.468747 -6.958651 3.614104 7.823141 -5.191645 0.645798 7.201089 -2.895628 -0.000000 0.000003 -0.000000 -2.189981 -4.801960 -31.854985 6.546396 7.603669 -41.774789 3.874955 5.657461 -28.451358 -0.000001 -0.000001 0.000000 -0.549990 -1.188258 -40.182314 2.319017 8.020754 -35.281274 2.282733 7.466809 -38.397083 0.000004 0.000000 0.000001 0.122904 0.063047 -46.636614 -0.501650 8.045629 -33.390059 -0.403417 7.548246 -31.883183 0.000001 -0.000000 -0.000002 3.240087 3.725537 -39.728123 -0.981572 4.870482 -36.878483 -1.450386 7.801469 -33.605320 0.000003 -0.000001 0.000000 0.171727 -2.581033 3.403418 -14.140594 49.805336 35.628364 1.643723 120.925835 -1.931416 -11.552712 3.576558 -13.519468 -0.016897 -20.221356 2.189738 3.431353 0.609164 5.067701 -1.389272 2.532653 0.531223 -0.000005 -0.000005 0.000001 5.653097 -6.051847 47.572131 4.545462 -5.564095 29.911485 7.064410 -6.568002 43.566614 -0.000000 -0.000002 -0.000000 0.856772 -0.624338 41.508952 2.147509 -6.686319 32.306054 2.582884 -6.985923 34.156048 0.000001 0.000002 -0.000002 2.455474 -2.832362 51.744881 -0.244451 -5.001485 23.126044 -0.043790 -5.896156 27.353938 0.000003 -0.000003 0.000001 2.988259 -3.537418 56.972278 -1.039856 -10.918506 46.937330 -1.708974 -9.059460 41.790287 0.000000 -0.000002 -0.000000 -11.703077 11.725885 -3.504063 19.997191 8.689029 2.544264 17.584860 -1.351438 -10.813566 -2.463809 0.000007 0.000007 0.000001 -0.000002 0.000001 -11.234880 -12.715124 -0.829934 22.722540 -6.837290 -5.946803 17.142802 2.028373 10.923402 -1.511973 0.000007 -0.000001 0.000000 0.000000 0.000000 
2.047026 109.807137 1.254843 0.594598 -6.620382 0.323882 1.336726 0.868817 0.914140 2.334412 1.786867 1.052486 2.322259 1.807895 1.059618 -10.243241 -1.758455 -1.679015 -4.063392 -11.923149 2.829412 -0.000000 0.000000 0.000000 0.739294 1.698776 -2.522397 2.509455 -37.849739 -25.757318 1.719030 -119.802051 1.995081 1.428628 16.698805 6.132891 6.199838 13.424546 -6.900900 3.505877 7.214420 -5.127562 0.559836 6.746209 -2.837641 0.000003 0.000002 0.000002 -2.245353 -5.103757 -31.146892 6.561437 7.611625 -41.845280 3.894489 5.674635 -28.558477 0.000001 -0.000002 -0.000001 -0.635254 -1.413565 -39.523935 2.285891 7.973349 -35.022444 2.290439 7.477873 -38.457298 0.000001 0.000000 0.000001 0.026725 -0.105459 -46.245811 -0.514039 7.992695 -33.155210 -0.402966 7.550231 -31.892103 -0.000000 0.000001 0.000001 3.100540 3.554057 -39.394294 -1.004376 4.756619 -36.410383 -1.456164 7.751719 -33.405950 0.000001 -0.000003 -0.000001 0.151206 -2.725426 3.239241 -18.277757 49.997620 35.631867 1.877640 117.689050 -2.134468 -12.250508 4.828705 -10.971169 -0.063041 -20.145044 2.243244 3.431355 0.609164 5.067701 -1.397728 2.578890 0.534624 -0.000001 -0.000002 0.000003 5.636943 -6.043327 47.455697 4.651648 -5.637324 30.456442 7.206456 -6.627362 44.229457 -0.000000 0.000001 0.000001 0.918222 -0.718156 41.719178 2.165835 -6.712644 32.457906 2.591936 -6.998978 34.231098 0.000003 -0.000001 -0.000003 2.477937 -2.861277 51.901532 -0.254508 -4.935258 22.815342 -0.020656 -5.992717 27.816058 0.000001 -0.000001 0.000004 3.013423 -3.559061 57.026527 -1.071941 -10.820010 46.491609 -1.704547 -9.082839 41.890134 -0.000001 -0.000000 0.000001 -11.619097 11.564825 -3.755787 20.652195 7.621763 2.536044 17.390526 -1.387875 -11.353709 -2.903930 0.000001 0.000010 -0.000001 -0.000001 0.000001 -12.007777 -12.133814 -1.116994 25.352984 -6.426074 -6.260354 17.090506 1.960958 10.670151 -1.492558 -0.000001 -0.000002 -0.000003 0.000000 0.000002 
2.126451 108.818115 1.190954 0.350021 -6.485343 0.471599 1.370115 0.883648 0.855124 2.354255 1.810044 1.067799 2.342046 1.830527 1.075443 -9.888977 -1.717714 -1.879194 -3.337367 -12.036874 2.979526 0.000000 0.000000 0.000000 0.841246 1.191746 -4.021078 0.443456 -38.877741 -22.675962 1.941934 -116.895901 2.190360 0.231678 15.663454 5.438236 6.164106 13.372207 -6.932690 3.385020 6.516943 -5.054387 0.463297 6.226710 -2.771692 0.000004 0.000002 -0.000002 -2.267537 -5.274673 -30.703678 6.622889 7.643826 -42.132613 3.923440 5.700031 -28.717117 -0.000001 0.000001 -0.000000 -0.701382 -1.552700 -39.248384 2.254244 7.927624 -34.773600 2.295120 7.484571 -38.493788 0.000001 0.000002 0.000002 -0.057290 -0.224345 -46.125316 -0.524692 7.946321 -32.949936 -0.402387 7.552771 -31.903380 0.000001 0.000002 0.000003 2.956249 3.374189 -39.276795 -1.021391 4.668313 -36.047853 -1.462658 7.693917 -33.174444 0.000000 -0.000001 -0.000001 0.111185 -2.942986 2.866583 -21.927411 50.009651 35.917427 2.180337 114.330284 -2.405582 -13.196638 5.623506 -8.643028 -0.069950 -20.125200 2.280001 3.431354 0.609163 5.067703 -1.436977 2.793224 0.550011 -0.000001 -0.000002 0.000002 5.567935 -5.981414 47.412731 4.782069 -5.725219 31.121057 7.399193 -6.704836 45.123945 -0.000000 0.000001 -0.000001 1.003192 -0.858320 42.154322 2.198655 -6.759390 32.728603 2.602846 -7.014498 34.320738 0.000001 0.000001 -0.000001 2.497536 -2.886904 52.047186 -0.258611 -4.907531 22.685365 0.004459 -6.093740 28.300703 -0.000001 -0.000000 0.000001 3.012874 -3.562121 57.085471 -1.107916 -10.706318 45.978764 -1.699839 -9.107393 41.995077 0.000001 0.000000 0.000001 -11.706835 11.318466 -4.023429 21.746668 6.589078 2.540222 16.496377 -1.320784 -11.575019 -7.470594 -0.200836 3.444367 -0.000001 -0.000001 -0.000001 -12.692179 -11.418603 -1.254768 27.988940 -6.276455 -6.638821 16.591848 1.862888 10.425623 -1.472580 0.000008 0.000003 -0.000000 -0.000001 0.000000 
2.190034 107.600754 1.173410 0.119431 -6.257424 0.606568 1.378626 0.891311 0.785993 2.361114 1.816130 1.058307 2.349096 1.836139 1.066027 -9.504056 -1.689503 -2.050317 -2.743769 -12.167577 3.237470 0.000000 -0.000002 -0.000000 0.903206 0.696182 -5.027600 -1.355772 -39.902819 -20.222892 2.264051 -113.522334 2.480850 -0.433507 14.651867 5.019649 6.137609 13.315625 -7.024788 3.264749 5.803032 -4.979755 0.364882 5.687306 -2.703425 0.000006 0.000002 0.000002 -2.257861 -5.269917 -30.657625 6.722715 7.695309 -42.597878 3.962480 5.734041 -28.930444 0.000004 -0.000002 -0.000001 -0.736595 -1.565104 -39.465403 2.227057 7.888010 -34.558589 2.296291 7.486227 -38.502828 -0.000002 -0.000000 0.000000 -0.116205 -0.262219 -46.363655 -0.532404 7.912369 -32.799566 -0.401759 7.555481 -31.915408 -0.000003 0.000000 -0.000001 2.826983 3.215296 -39.483124 -1.030636 4.619014 -35.845745 -1.468924 7.635985 -32.942515 0.000001 -0.000002 -0.000001 0.040589 -3.269432 2.184030 -25.122655 49.852922 36.468484 2.577226 110.941567 -2.771039 -13.810634 5.827877 -7.108262 -0.036378 -20.163318 2.300476 3.431353 0.609162 5.067700 -1.498162 3.127914 0.573862 -0.000003 -0.000002 0.000002 5.477626 -5.894417 47.466908 4.926453 -5.820008 31.851259 7.625548 -6.791419 46.167752 0.000001 0.000001 -0.000001 1.123468 -1.052875 42.780661 2.241456 -6.819654 33.078811 2.614484 -7.031198 34.416872 0.000000 0.000001 0.000000 2.518079 -2.913883 52.203914 -0.256276 -4.923287 22.759199 0.028573 -6.187525 28.751569 -0.000001 -0.000000 0.000000 2.990287 -3.549206 57.146110 -1.142105 -10.594795 45.477250 -1.694902 -9.132900 42.104155 0.000002 -0.000001 0.000001 -11.991819 11.027922 -4.291957 23.467394 5.672075 2.487742 14.489305 -1.087401 -11.162267 -13.276747 -0.399986 4.788799 -0.000000 0.000001 -0.000002 -13.216019 -10.614059 -1.240309 30.618194 -6.452450 -7.074546 15.245841 1.711938 10.217577 -3.329169 0.061863 -1.886032 -0.000001 -0.000002 0.000000 
2.234134 106.171661 1.176258 -0.151629 -5.886559 0.737390 1.404540 0.875398 0.700258 2.407610 1.772251 1.006740 2.396357 1.791756 1.014388 -9.113640 -1.673801 -2.176818 -2.327609 -12.289416 3.570052 -0.000001 0.000001 0.000000 0.924185 0.283037 -5.386175 -3.095033 -40.859401 -18.526123 2.738729 -109.798317 2.921053 -0.382199 13.736713 4.884005 6.115455 13.260471 -7.132840 3.157026 5.144882 -4.911157 0.273303 5.175890 -2.638876 0.000003 0.000004 0.000004 -2.214167 -5.066941 -31.073324 6.853274 7.761112 -43.203617 4.014170 5.778654 -29.211773 0.000001 -0.000001 0.000001 -0.729616 -1.431708 -40.189806 2.208661 7.861012 -34.412467 2.294784 7.484066 -38.491026 0.000003 -0.000002 -0.000001 -0.139501 -0.200979 -46.985616 -0.535664 7.897915 -32.735662 -0.400932 7.559103 -31.931578 -0.000000 0.000000 0.000001 2.730820 3.106587 -40.066918 -1.031276 4.615572 -35.831610 -1.473985 7.587716 -32.749442 -0.000000 0.000001 0.000001 -0.069896 -3.706306 1.080255 -27.984050 49.448179 37.346740 3.113880 107.582508 -3.276827 -13.382161 5.558897 -6.850929 0.030558 -20.248251 2.310723 3.431355 0.609156 5.067699 -1.569424 3.518123 0.601493 0.000001 -0.000000 0.000004 5.406285 -5.820060 47.630929 5.075455 -5.915093 32.598659 7.861090 -6.876562 47.246874 0.000001 0.000001 -0.000000 1.287221 -1.303561 43.560757 2.291617 -6.889305 33.485583 2.626406 -7.048575 34.516269 -0.000000 0.000000 -0.000000 2.545264 -2.949554 52.413915 -0.247339 -4.982674 23.037752 0.049906 -6.267972 29.139219 -0.000004 -0.000001 -0.000000 2.951514 -3.524641 57.207298 -1.169608 -10.502365 45.062784 -1.689809 -9.158911 42.215419 0.000001 -0.000000 -0.000002 -12.476492 10.738928 -4.552675 25.900605 4.907239 2.311785 11.196786 -0.707111 -9.876494 -17.663813 -0.562415 5.634299 -0.000000 0.000000 -0.000001 -13.540368 -9.789618 -1.120891 33.254856 -6.947221 -7.512896 12.770449 1.496650 10.093574 -10.252862 0.197909 -2.043660 0.000002 -0.000003 0.000001 
2.254611 104.552544 1.165895 -0.499508 -5.323109 0.878366 1.484318 0.820831 0.593180 2.533202 1.649354 0.901402 2.523474 1.668055 0.909014 -8.727002 -1.670720 -2.253886 -2.137375 -12.395051 3.928133 -0.000000 0.000001 0.000000 0.908567 -0.027628 -5.042753 -4.968613 -41.602901 -17.604401 3.471037 -105.863745 3.617348 0.472951 12.927689 5.001447 6.092826 13.212588 -7.211014 3.069412 4.594546 -4.853868 0.195782 4.735505 -2.583466 0.000003 0.000001 -0.000002 -2.131999 -4.679533 -31.921224 7.010280 7.837972 -43.927983 4.082161 5.836681 -29.580187 0.000003 -0.000001 0.000000 -0.671921 -1.161656 -41.338241 2.203762 7.853825 -34.373518 2.292494 7.480804 -38.473202 -0.000001 0.000000 0.000000 -0.120348 -0.041656 -47.939527 -0.532775 7.910683 -32.792141 -0.399446 7.565615 -31.960644 -0.000001 -0.000001 0.000001 2.679296 3.066601 -41.004634 -1.023650 4.656307 -35.998676 -1.476837 7.559710 -32.637403 -0.000000 0.000001 0.000001 -0.225363 -4.205190 -0.531148 -30.328355 48.755680 38.239483 3.872725 104.300930 -4.005759 -11.392886 5.018670 -8.005100 0.112277 -20.354580 2.315160 3.431356 0.609158 5.067699 -1.640220 3.906314 0.628740 -0.000003 0.000003 0.000004 5.386732 -5.789133 47.909092 5.224657 -6.007556 33.341155 8.080171 -6.951307 48.244413 -0.000002 -0.000001 -0.000000 1.494797 -1.603241 44.472516 2.351129 -6.970552 33.963099 2.639056 -7.067119 34.622051 -0.000002 0.000000 -0.000001 2.585668 -3.002700 52.735255 -0.230890 -5.086984 23.527755 0.068563 -6.336629 29.470610 -0.000001 0.000001 0.000003 2.904632 -3.494498 57.271720 -1.186364 -10.444781 44.805160 -1.684609 -9.185209 42.327929 0.000001 -0.000001 0.000000 -13.221930 10.538034 -5.008303 29.416860 4.190481 1.969462 5.406970 -0.104763 -6.023599 -18.217440 -0.300648 4.151147 0.000000 -0.000001 0.000000 -13.686183 -9.036871 -0.967361 35.934199 -7.735865 -7.873097 9.072617 1.210185 10.063153 -16.483084 0.190526 -1.291492 0.000001 -0.000002 -0.000000 
2.247931 102.781029 1.111340 -0.928473 -4.535127 1.046359 1.635745 0.718737 0.463205 2.750945 1.432378 0.736726 2.743395 1.449638 0.744231 -8.330952 -1.684658 -2.278002 -2.231427 -12.499617 4.254009 -0.000000 0.000000 -0.000000 0.861994 -0.257344 -4.014705 -7.076103 -41.933902 -17.394129 4.700151 -101.859642 4.810111 2.106543 12.167853 5.322555 6.069961 13.180461 -7.226200 3.009453 4.207792 -4.813514 0.137372 4.399460 -2.541304 0.000003 -0.000000 -0.000002 -2.000218 -4.135863 -33.110530 7.189688 7.922826 -44.750621 4.168789 5.909505 -30.046658 -0.000003 -0.000000 -0.000000 -0.554185 -0.780994 -42.755123 2.215738 7.871422 -34.468755 2.291830 7.479860 -38.468121 -0.000002 0.000001 0.000001 -0.057019 0.196613 -49.114459 -0.522693 7.955063 -32.988612 -0.396885 7.576672 -32.009965 -0.000001 -0.000002 0.000000 2.682241 3.105172 -42.204979 -1.009433 4.730627 -36.303668 -1.477102 7.556971 -32.626478 0.000001 -0.000000 0.000001 -0.420422 -4.663646 -2.661179 -32.216974 47.500885 39.232661 5.005268 101.164466 -5.109920 -7.741898 4.302795 -10.264352 0.198001 -20.461251 2.334275 3.431352 0.609155 5.067699 -1.702067 4.245835 0.652364 -0.000001 0.000000 0.000003 5.445576 -5.826336 48.275463 5.375166 -6.098156 34.084471 8.263245 -7.010535 49.073799 -0.000002 0.000001 -0.000001 1.741676 -1.938721 45.485133 2.425445 -7.070119 34.552161 2.654064 -7.088598 34.745644 0.000003 0.000001 0.000001 2.643912 -3.078876 53.204957 -0.206703 -5.230792 24.204541 0.085343 -6.397097 29.762925 0.000000 0.000000 -0.000002 2.857780 -3.464794 57.339971 -1.190222 -10.431412 44.745331 -1.679464 -9.210958 42.438230 0.000005 -0.000002 -0.000000 -13.796193 10.396695 -5.622489 32.970553 3.816615 1.492100 -1.503021 0.084020 -0.533583 -16.134066 -0.030634 1.347586 -0.000000 -0.000001 0.000000 -13.720545 -8.456990 -0.856633 38.661357 -8.807531 -8.061104 4.306005 0.854793 10.050866 -20.643834 0.122353 -0.673053 0.000001 -0.000002 -0.000000 
2.211935 100.926620 0.996510 -1.406988 -3.528321 1.259159 1.850631 0.571393 0.308113 3.041397 1.128962 0.513313 3.036211 1.143878 0.520250 -7.891285 -1.724846 -2.242521 -2.667974 -12.637399 4.495636 0.000000 0.000002 -0.000000 0.792234 -0.457043 -2.371248 -9.358553 -41.631789 -17.762250 7.102433 -97.923404 7.176808 4.367460 11.377342 5.801016 6.047039 13.168465 -7.161466 2.977616 3.995888 -4.791221 0.099919 4.182366 -2.514168 0.000001 0.000001 -0.000000 -1.817292 -3.497730 -34.485007 7.391903 8.014691 -45.671450 4.275484 5.997567 -30.617143 -0.000002 0.000001 0.000001 -0.373029 -0.327234 -44.266634 2.247432 7.917741 -34.719853 2.294782 7.484072 -38.491080 0.000003 0.000001 0.000001 0.048051 0.484553 -50.367270 -0.504144 8.035060 -33.343153 -0.392650 7.595018 -32.091914 -0.000003 -0.000000 -0.000000 2.739222 3.212721 -43.520453 -0.990832 4.824726 -36.690325 -1.474291 7.584819 -32.737899 0.000001 -0.000000 -0.000000 -0.629000 -4.944169 -5.196460 -33.324039 45.500777 39.990863 6.790747 98.286060 -6.869415 -2.800147 3.386805 -13.005174 0.262024 -20.532592 2.373911 3.431355 0.609162 5.067701 -1.754003 4.531420 0.672088 -0.000002 -0.000001 0.000002 5.576567 -5.924476 48.708692 5.536613 -6.192440 34.875827 8.399973 -7.052885 49.690835 0.000003 0.000000 -0.000000 2.013782 -2.289984 46.597938 2.525277 -7.200450 35.330909 2.673593 -7.115393 34.902451 0.000005 0.000001 0.000000 2.723114 -3.181583 53.855704 -0.172173 -5.420085 25.097890 0.103355 -6.460503 30.070079 0.000002 0.000001 -0.000002 2.821276 -3.443378 57.418579 -1.179533 -10.468402 44.910693 -1.674351 -9.236235 42.546498 0.000001 -0.000000 -0.000001 -14.335420 10.210603 -6.159734 36.260388 3.869251 0.952179 -7.705516 -0.357850 4.296384 -14.623672 0.000012 0.000011 0.000000 -0.000001 0.000000 -13.732129 -8.135590 -0.850011 41.377037 -10.157481 -8.010104 -1.130241 0.460438 9.916636 -22.949181 0.011206 -0.055657 0.000000 0.000002 -0.000000 
2.150804 99.101173 0.833130 -1.874484 -2.361466 1.535122 2.095793 0.395892 0.116380 3.356249 0.772507 0.238342 3.352948 0.784086 0.243875 -7.366200 -1.800741 -2.141845 -3.476813 -12.849590 4.624025 0.000000 0.000001 -0.000000 0.712055 -0.694175 -0.245264 -11.587873 -40.499077 -18.508616 13.532525 -94.205869 13.573142 6.979735 10.518426 6.401135 6.026535 13.178427 -7.021864 2.971947 3.951684 -4.786230 0.081816 4.077634 -2.501188 0.000002 0.000003 -0.000001 -1.593658 -2.836666 -35.876566 7.616294 8.112147 -46.686064 4.400776 6.098713 -31.281307 -0.000004 -0.000001 0.000000 -0.134801 0.157672 -45.713879 2.299388 7.992708 -35.128066 2.302647 7.495302 -38.552306 -0.000003 -0.000001 0.000000 0.187457 0.790049 -51.557881 -0.476419 8.150515 -33.855947 -0.386109 7.622857 -32.216216 -0.000000 -0.000001 -0.000001 2.842785 3.368507 -44.787879 -0.970732 4.922916 -37.094371 -1.468051 7.644206 -32.975388 0.000001 -0.000000 -0.000000 -0.799147 -4.915654 -7.890737 -33.356445 42.577477 40.265376 9.726317 95.820355 -9.782677 2.709568 2.255737 -15.512693 0.280128 -20.537346 2.433626 3.431353 0.609157 5.067699 -1.799575 4.782256 0.689266 -0.000001 -0.000004 -0.000002 5.750528 -6.056200 49.179343 5.720361 -6.296129 35.769151 8.490568 -7.080075 50.098676 0.000003 -0.000001 0.000000 2.291235 -2.633178 47.798057 2.660437 -7.371238 36.364395 2.699461 -7.149297 35.104454 0.000004 0.000000 0.000001 2.822287 -3.308433 54.681111 -0.124020 -5.659743 26.233300 0.125807 -6.537669 30.444677 0.000000 0.000001 -0.000001 2.804202 -3.437161 57.512399 -1.154533 -10.553344 45.291292 -1.669264 -9.261314 42.653968 -0.000000 -0.000002 0.000001 -15.772785 9.880879 -6.207792 40.682277 4.231685 0.355982 -13.510167 -0.953244 5.525875 -12.581644 0.000009 0.000009 0.000000 0.000000 0.000000 -13.792976 -8.106696 -0.982309 43.940700 -11.752681 -7.717396 -6.666262 0.093866 9.528128 -23.824566 -0.148901 0.718769 -0.000000 0.000001 0.000000 
2.069549 97.436966 0.652853 -2.255920 -1.139750 1.851822 2.322019 0.218395 -0.099531 3.631141 0.416145 -0.073447 3.628736 0.423588 -0.070119 -6.727634 -1.914418 -1.980334 -4.624563 -13.164218 4.645976 0.000000 0.000000 -0.000000 0.641055 -1.036105 2.161934 -13.432723 -38.405054 -19.395562 58.081156 -91.161285 58.090131 9.580846 9.625852 7.082771 6.011061 13.208338 -6.829969 2.988039 4.048400 -4.795835 0.078363 4.059064 -2.499038 0.000003 0.000000 0.000003 -1.353517 -2.222949 -37.134321 7.860253 8.212792 -47.780848 4.540283 6.208540 -32.013947 -0.000001 -0.000001 0.000001 0.142621 0.633427 -46.980835 2.369657 8.092331 -35.673760 2.315892 7.514137 -38.655141 0.000004 0.000001 -0.000000 0.350738 1.086029 -52.578260 -0.439585 8.297183 -34.509404 -0.377000 7.661429 -32.388480 -0.000001 0.000000 0.000001 2.978216 3.546044 -45.863556 -0.952043 5.011066 -37.457901 -1.458349 7.732635 -33.329486 0.000000 0.000000 -0.000000 -0.866070 -4.498118 -10.414880 -32.157518 38.618409 39.949527 14.575760 93.914671 -14.614621 7.962474 0.989347 -17.180228 0.230137 -20.450910 2.501518 3.431353 0.609166 5.067699 -1.844789 5.031513 0.706258 -0.000000 -0.000002 0.000002 5.920754 -6.180551 49.659440 5.934270 -6.412099 36.799779 8.543136 -7.095503 50.334854 -0.000002 0.000002 -0.000001 2.550618 -2.944043 49.053732 2.836206 -7.584109 37.675125 2.732031 -7.190443 35.353407 0.000003 0.000000 -0.000000 2.936552 -3.451666 55.636911 -0.058585 -5.951694 27.623797 0.155462 -6.636752 30.926909 0.000001 0.000001 0.000000 2.813131 -3.450887 57.623847 -1.117399 -10.675737 45.841129 -1.664003 -9.286776 42.763142 -0.000000 -0.000001 -0.000002 -17.073753 9.532699 -6.440490 44.668256 4.533070 -0.175712 -19.218453 -1.702378 7.091582 -9.351816 0.000005 0.000006 0.000000 -0.000000 -0.000000 -14.120356 -8.341561 -1.192558 46.976511 -12.675141 -7.265464 -13.587855 -1.569456 8.868238 -17.905758 -0.168165 1.703952 0.000000 -0.000003 0.000000 
1.954190 96.099579 0.512972 -2.479770 0.002144 2.186105 2.478800 0.071431 -0.344264 3.803591 0.117833 -0.398709 3.801061 0.120811 -0.397815 -5.980024 -2.054687 -1.778406 -5.993285 -13.574067 4.604608 0.000000 -0.000001 0.000000 0.602714 -1.529245 4.602905 -14.584672 -35.306310 -20.227578 -21.616702 -87.326359 -21.634918 11.803940 8.772377 7.792176 6.002506 13.252552 -6.618540 3.019918 4.247100 -4.816117 0.082951 4.087352 -2.502773 0.000001 0.000001 -0.000001 -1.129596 -1.714353 -38.146548 8.118016 8.313293 -48.928904 4.687411 6.321251 -32.778915 -0.000001 -0.000001 0.000002 0.430430 1.063593 -47.999301 2.453704 8.208841 -36.317157 2.334206 7.540043 -38.796841 0.000002 -0.000001 -0.000000 0.526385 1.354366 -53.367307 -0.394732 8.466827 -35.267842 -0.365178 7.710601 -32.608433 -0.000004 -0.000001 0.000002 3.125890 3.719725 -46.651210 -0.937331 5.078604 -37.736676 -1.445220 7.844634 -33.778400 -0.000002 -0.000002 -0.000001 -0.781882 -3.686427 -12.451649 -29.817867 33.573638 39.155521 22.070875 92.624079 -22.097523 12.303767 -0.265812 -17.634708 0.096665 -20.261058 2.555448 3.431354 0.609157 5.067699 -1.894984 5.308430 0.724994 -0.000003 -0.000003 0.000000 6.037078 -6.256341 50.126820 6.177641 -6.538100 37.961054 8.569131 -7.103066 50.451571 0.000001 0.000001 -0.000001 2.768589 -3.202007 50.308783 3.049666 -7.829718 39.221204 2.769622 -7.236644 35.636246 0.000003 0.000001 -0.000001 3.057606 -3.599800 56.648274 0.026852 -6.290417 29.248721 0.193719 -6.760521 31.530988 -0.000003 0.000001 0.000000 2.850532 -3.485983 57.751169 -1.072452 -10.818478 46.484666 -1.658482 -9.313357 42.877178 -0.000000 -0.000001 -0.000000 -18.086568 9.161968 -6.752553 47.578616 4.734157 -0.564159 -23.421554 -2.342176 8.047530 -7.118461 0.000007 0.000006 0.000000 -0.000000 0.000000 -14.362928 -8.774146 -1.418100 49.326277 -12.991772 -6.680307 -19.396808 -3.473045 7.357413 -13.681006 -0.030963 1.220532 -0.000000 -0.000001 -0.000000 
1.827036 95.200485 0.460175 -2.497665 0.945882 2.475652 2.528553 -0.022877 -0.592162 3.830014 -0.078305 -0.705345 3.826772 -0.079446 -0.706300 -5.166049 -2.197110 -1.570437 -7.389086 -14.023892 4.565179 -0.000000 -0.000001 0.000000 0.615238 -2.178676 6.837465 -14.876128 -31.234882 -20.942098 -10.675747 -84.695411 -10.718255 13.374434 7.998625 8.487200 6.001713 13.303385 -6.421984 3.061413 4.506870 -4.842859 0.088282 4.119996 -2.507033 0.000003 -0.000000 -0.000001 -0.953680 -1.348625 -38.851929 8.380959 8.409758 -50.091446 4.834334 6.430724 -33.535512 0.000002 -0.000002 -0.000000 0.692584 1.416163 -48.740589 2.544698 8.331865 -37.002598 2.356823 7.571864 -38.971239 0.000002 -0.000001 0.000002 0.703354 1.585975 -53.910782 -0.344121 8.647880 -36.080946 -0.350949 7.768708 -32.868629 -0.000001 0.000001 0.000002 3.265609 3.869821 -47.115383 -0.928447 5.118715 -37.902338 -1.429209 7.971983 -34.289534 0.000000 0.000001 -0.000000 -0.541575 -2.545647 -13.788172 -26.657813 27.452584 38.176181 32.600688 91.830664 -32.619191 15.413080 -1.352325 -16.832100 -0.123586 -19.971705 2.569148 3.431353 0.609157 5.067699 -1.952252 5.624765 0.746289 -0.000002 -0.000003 0.000000 6.061401 -6.254884 50.566841 6.439492 -6.666779 39.197831 8.579316 -7.106008 50.497306 -0.000001 0.000001 0.000002 2.926158 -3.393357 51.487670 3.288572 -8.089315 40.898527 2.808631 -7.283713 35.926570 -0.000001 -0.000001 -0.000001 3.175294 -3.740146 57.625705 0.132282 -6.660918 31.041977 0.240136 -6.904963 32.238660 -0.000001 0.000000 0.000001 2.913730 -3.539796 57.887813 -1.025627 -10.961309 47.131410 -1.652522 -9.341686 42.998817 -0.000001 -0.000000 -0.000002 -18.984337 8.790751 -6.962101 49.577922 4.706458 -0.798094 -25.668054 -2.609848 7.935061 -5.640382 0.000002 0.000006 0.000000 0.000001 0.000000 -14.560949 -9.263061 -1.573794 50.766303 -13.194130 -6.145262 -23.534721 -4.943460 5.478452 -12.522517 -0.000008 0.000021 0.000000 -0.000001 0.000000 
1.706762 94.817543 0.532224 -2.298670 1.621681 2.645371 2.456620 -0.058541 -0.799420 3.696614 -0.155913 -0.954710 3.692763 -0.160133 -0.956356 -4.356658 -2.310993 -1.395030 -8.584472 -14.419224 4.590021 0.000000 0.000001 0.000001 0.680702 -2.935260 8.684079 -14.323142 -26.282226 -21.645810 -7.257303 -82.247888 -7.321918 14.166530 7.275728 9.176843 6.008999 13.353666 -6.268494 3.107782 4.796242 -4.872839 0.088246 4.121300 -2.507372 0.000000 0.000001 -0.000000 -0.846618 -1.139132 -39.242661 8.638821 8.498606 -51.223868 4.973581 6.531702 -34.246032 -0.000002 -0.000000 0.000000 0.893410 1.665746 -49.203583 2.634388 8.450218 -37.668029 2.382912 7.608335 -39.171575 0.000001 -0.000000 0.000003 0.872198 1.778486 -54.231139 -0.291128 8.827462 -36.891180 -0.334992 7.832554 -33.154913 0.000000 -0.000000 0.000000 3.381908 3.985421 -47.279297 -0.926316 5.128178 -37.941551 -1.411319 8.104480 -34.822169 0.000000 0.000000 -0.000000 -0.187525 -1.194650 -14.364187 -23.113459 20.349825 37.369860 51.062853 91.268259 -51.074147 17.285973 -2.115791 -15.137519 -0.418113 -19.603959 2.521624 3.431354 0.609160 5.067701 -2.014540 5.969256 0.769288 -0.000002 -0.000005 -0.000001 5.979846 -6.168460 50.970785 6.700913 -6.788358 40.420452 8.581283 -7.106568 50.506124 -0.000001 0.000003 0.000001 3.013091 -3.513174 52.509804 3.533617 -8.340264 42.567265 2.844418 -7.326529 36.191619 0.000001 0.000000 -0.000002 3.279885 -3.861724 58.484431 0.253400 -7.039714 32.895216 0.292114 -7.060025 33.001650 0.000001 0.000001 -0.000000 2.995297 -3.606107 58.023085 -0.983501 -11.085254 47.694958 -1.646079 -9.372037 43.129117 -0.000001 -0.000001 -0.000001 -19.490739 8.512522 -7.168713 50.414405 4.640749 -0.844870 -26.663749 -2.749198 7.988424 -5.004476 0.000008 0.000002 0.000000 -0.000001 -0.000000 -14.702648 -9.699193 -1.592638 51.289219 -13.310371 -5.750374 -25.730427 -5.912139 3.732061 -12.922922 0.000008 0.000021 0.000000 0.000000 0.000000 
1.605967 94.987022 0.742875 -1.913313 2.018455 2.644143 2.273669 -0.043349 -0.930022 3.421283 -0.128564 -1.107416 3.417429 -0.134334 -1.108596 -3.630800 -2.370625 -1.282768 -9.381801 -14.659929 4.711462 0.000000 -0.000000 0.000000 0.779910 -3.694048 10.048660 -13.084300 -20.612365 -22.565051 -5.476779 -79.788515 -5.563588 14.179931 6.543263 9.924874 6.024895 13.399328 -6.174633 3.157241 5.103406 -4.904832 0.079279 4.070463 -2.501233 -0.000000 -0.000001 -0.000000 -0.810992 -1.072155 -39.361981 8.881704 8.577130 -52.283947 5.099278 6.620645 -34.882282 -0.000001 0.000000 0.000001 1.007795 1.798711 -49.407109 2.715075 8.554197 -38.257973 2.411816 7.648395 -39.392255 0.000002 -0.000002 0.000002 1.025825 1.934108 -54.373316 -0.239556 8.993658 -37.644560 -0.318255 7.898012 -33.448932 -0.000001 0.000001 -0.000003 3.468581 4.065614 -47.209865 -0.931088 5.106874 -37.853527 -1.393015 8.231075 -35.331855 -0.000001 0.000001 -0.000002 0.205715 0.203942 -14.265331 -19.607354 12.483617 37.039184 105.164184 91.022106 -105.165652 18.080231 -2.415067 -13.274592 -0.758375 -19.193583 2.407510 3.431354 0.609160 5.067699 -2.076404 6.311882 0.792005 -0.000001 -0.000001 0.000001 5.806908 -6.012098 51.331088 6.941007 -6.894119 41.533462 8.579127 -7.105971 50.496531 -0.000001 -0.000005 0.000001 3.030939 -3.565436 53.306952 3.763700 -8.563007 44.091764 2.873005 -7.360658 36.402989 0.000000 0.000001 -0.000003 3.364075 -3.957029 59.161036 0.381267 -7.399378 34.675856 0.345237 -7.211971 33.752882 0.000000 0.000001 -0.000000 3.084823 -3.676570 58.143959 -0.951637 -11.176372 48.110620 -1.639201 -9.403976 43.266407 0.000000 -0.000001 -0.000001 -19.619295 8.333452 -7.269533 50.131925 4.503516 -0.686132 -26.202995 -2.686229 7.919765 -5.507175 0.000008 0.000006 -0.000000 -0.000001 -0.000000 -14.738824 -10.043277 -1.471896 50.906155 -13.338268 -5.511386 -25.813383 -6.371009 2.531767 -13.281825 0.000001 0.000021 -0.000000 0.000001 0.000000 
1.538318 95.693642 1.080568 -1.402894 2.175253 2.446259 2.010222 0.005463 -0.954481 3.046159 -0.029114 -1.132593 3.042994 -0.034801 -1.132639 -3.054536 -2.365737 -1.247348 -9.673676 -14.685699 4.915352 -0.000000 -0.000001 -0.000000 0.876467 -4.306049 10.916646 -11.383601 -14.492423 -23.933680 -4.270287 -77.002692 -4.382305 13.454339 5.797710 10.802191 6.050805 13.441036 -6.143108 3.212133 5.442147 -4.940379 0.060942 3.964922 -2.488242 0.000001 0.000001 -0.000000 -0.828694 -1.106489 -39.296004 9.101693 8.644018 -53.239136 5.208192 6.696012 -35.429711 -0.000000 -0.000001 0.000001 1.031338 1.819528 -49.388688 2.781222 8.637829 -38.736042 2.442964 7.691201 -39.628850 0.000000 0.000001 0.000001 1.160639 2.058165 -54.392662 -0.192841 9.137827 -38.301061 -0.301866 7.960829 -33.731439 -0.000002 0.000000 -0.000001 3.530876 4.119512 -46.995827 -0.941963 5.057569 -37.649693 -1.376119 8.341374 -35.776681 -0.000001 0.000000 -0.000000 0.553959 1.448117 -13.673534 -16.462839 4.202290 37.346358 154.990229 92.332273 -154.976104 17.992190 -2.205010 -12.023705 -1.103972 -18.785535 2.244024 3.431352 0.609160 5.067699 -2.130887 6.614142 0.811848 0.000000 -0.000005 -0.000000 5.581297 -5.818994 51.635400 7.143828 -6.979171 42.466749 8.574701 -7.104677 50.476604 -0.000001 -0.000000 -0.000001 2.993847 -3.562383 53.836849 3.962276 -8.745927 45.377827 2.892307 -7.383914 36.546416 0.000001 0.000001 0.000000 3.424415 -4.023065 59.621951 0.503826 -7.714133 36.252984 0.394196 -7.346802 34.422456 0.000000 0.000001 0.000000 3.171749 -3.743086 58.237854 -0.933333 -11.227754 48.345657 -1.632162 -9.436368 43.405620 -0.000001 -0.000002 0.000001 -19.397973 8.246706 -7.209852 48.831304 4.240034 -0.317919 -24.126991 -2.379536 7.531816 -7.372094 0.000005 0.000006 0.000000 -0.000000 0.000000 -14.624048 -10.337338 -1.271991 49.663675 -13.285701 -5.383683 -23.707428 -6.278861 2.144386 -13.642686 0.000006 0.000023 0.000000 0.000000 -0.000000 
1.518157 96.868179 1.518985 -0.835635 2.154375 2.051718 1.705120 0.069647 -0.854800 2.622928 0.107593 -1.018035 2.620819 0.103334 -1.016895 -2.667059 -2.306127 -1.283399 -9.474681 -14.509238 5.146870 -0.000000 0.000000 -0.000000 0.927752 -4.604044 11.322093 -9.453404 -8.281452 -25.868407 -3.343532 -73.587427 -3.486577 11.995860 5.142084 11.825250 6.088773 13.484048 -6.163214 3.278466 5.848523 -4.983347 0.035843 3.819277 -2.470328 0.000002 0.000001 0.000001 -0.863776 -1.175964 -39.158912 9.294004 8.699271 -54.070288 5.299828 6.758217 -35.887617 -0.000001 0.000000 0.000000 0.986165 1.756256 -49.205041 2.831055 8.699853 -39.092980 2.475687 7.735777 -39.876038 0.000001 -0.000000 0.000002 1.277294 2.158809 -54.346763 -0.153145 9.256010 -38.841302 -0.286815 8.017409 -33.986239 0.000000 0.000001 -0.000002 3.584739 4.165193 -46.725922 -0.957436 4.985880 -37.353994 -1.362330 8.427372 -36.123972 0.000001 -0.000001 -0.000002 0.784948 2.313282 -12.806526 -13.871177 -4.065280 38.273993 168.953813 95.134590 -168.913898 17.259273 -1.671726 -11.787523 -1.410130 -18.426469 2.071308 3.431354 0.609160 5.067699 -2.171570 6.840383 0.826535 -0.000000 -0.000001 0.000001 5.355561 -5.631457 51.863986 7.302877 -7.043197 43.194407 8.568968 -7.103004 50.450905 -0.000001 0.000002 -0.000003 2.926213 -3.522617 54.088784 4.121735 -8.886951 46.392171 2.902898 -7.396957 36.626118 -0.000000 -0.000001 0.000003 3.461527 -4.060992 59.863534 0.608782 -7.964783 37.522669 0.434156 -7.453371 34.953852 0.000001 -0.000001 0.000003 3.248293 -3.799870 58.294947 -0.929061 -11.239635 48.400052 -1.625368 -9.467248 43.538556 -0.000000 -0.000001 0.000003 -18.734348 8.275024 -7.080148 46.529185 3.909479 0.245321 -20.790561 -1.994807 7.385028 -10.125972 0.000013 0.000005 -0.000000 0.000000 0.000000 -14.308767 -10.676980 -1.083321 47.600176 -13.087092 -5.280108 -19.494291 -5.638791 2.587534 -14.189577 -0.004388 0.451420 0.000000 0.000001 0.000001 
1.539747 98.404282 2.022782 -0.259507 2.008370 1.505882 1.392284 0.140216 -0.651510 2.196171 0.258950 -0.776949 2.195000 0.256917 -0.774981 -2.477186 -2.218051 -1.370720 -8.910543 -14.216805 5.339237 0.000000 0.000001 0.000000 0.898147 -4.439419 11.317626 -7.517662 -2.341659 -28.280782 -2.610928 -69.350613 -2.792837 9.792420 4.713126 12.926323 6.140437 13.536150 -6.213542 3.364293 6.368615 -5.038818 0.008502 3.659817 -2.450726 0.000003 -0.000000 -0.000001 -0.869666 -1.198328 -39.072852 9.457011 8.743764 -54.772359 5.375837 6.809004 -36.265651 -0.000000 -0.000001 -0.000001 0.918317 1.660378 -48.930024 2.866795 8.743872 -39.347326 2.508864 7.780558 -40.125025 -0.000000 -0.000001 0.000001 1.380889 2.246797 -54.290288 -0.120995 9.349035 -39.267919 -0.273872 8.065348 -34.202445 -0.000001 -0.000000 -0.000002 3.652583 4.225971 -46.472484 -0.975312 4.900822 -37.003506 -1.352833 8.484721 -36.355908 -0.000002 -0.000000 -0.000002 0.853508 2.596335 -11.850738 -11.886957 -11.891925 39.625937 173.859105 99.140428 -173.783003 16.158481 -1.274668 -12.368847 -1.636252 -18.156729 1.944537 3.431353 0.609162 5.067700 -2.194094 6.966054 0.834499 -0.000002 -0.000001 0.000001 5.182488 -5.490347 51.992438 7.421736 -7.089489 43.735972 8.563030 -7.101306 50.424213 -0.000001 0.000001 -0.000000 2.857572 -3.468618 54.081120 4.243864 -8.991610 47.158741 2.907628 -7.403004 36.662441 0.000001 -0.000001 0.000002 3.479157 -4.074916 59.905595 0.686813 -8.141502 38.425978 0.461785 -7.525606 35.314919 -0.000000 0.000000 0.000001 3.311542 -3.844864 58.310370 -0.936901 -11.217739 48.299744 -1.619361 -9.494281 43.654970 -0.000002 0.000002 -0.000002 -17.953951 8.347469 -6.672345 43.536415 3.358737 0.948396 -15.250566 -1.260744 5.714777 -13.378433 0.000005 0.000009 -0.000000 0.000000 -0.000000 -13.724698 -11.157825 -0.975224 44.686175 -12.704973 -5.111079 -13.390168 -4.463070 3.646515 -16.776189 -0.177766 2.880898 -0.000000 0.000002 0.000000 
1.605752 100.159531 2.567578 0.311974 1.767398 0.878981 1.091514 0.216204 -0.388743 1.791802 0.418510 -0.447446 1.791072 0.418932 -0.445164 -2.469282 -2.133842 -1.482188 -8.171369 -13.933226 5.449662 0.000001 -0.000001 0.000000 0.770104 -3.719716 10.955629 -5.779113 3.075924 -30.862988 -2.037110 -64.245319 -2.266541 6.929109 4.514248 13.956721 6.205429 13.604444 -6.266268 3.476665 7.038219 -5.110975 -0.015864 3.517278 -2.433282 0.000003 0.000003 0.000000 -0.798229 -1.090837 -39.147332 9.592023 8.779024 -55.352181 5.438878 6.850578 -36.577944 -0.000000 0.000001 -0.000000 0.886837 1.598675 -48.648087 2.893643 8.776646 -39.537335 2.540572 7.822999 -40.361855 0.000002 0.000001 0.000003 1.480096 2.334727 -54.271925 -0.095477 9.421277 -39.600248 -0.263361 8.103645 -34.375300 0.000002 -0.000001 -0.000001 3.757176 4.324918 -46.283711 -0.992952 4.814212 -36.647066 -1.347989 8.513470 -36.472158 0.000001 0.000000 -0.000004 0.747725 2.178757 -10.913572 -10.638090 -18.802631 40.433784 176.080269 104.126207 -175.959101 14.897821 -1.544365 -13.156853 -1.752929 -18.003959 1.918539 3.431355 0.609160 5.067699 -2.196775 6.981736 0.835196 -0.000002 -0.000003 -0.000001 5.102660 -5.426363 52.000436 7.510743 -7.123341 44.140292 8.557868 -7.099808 50.401028 -0.000001 0.000004 -0.000005 2.816200 -3.423468 53.853637 4.336900 -9.069424 47.736913 2.910400 -7.406474 36.683399 -0.000003 -0.000002 -0.000000 3.482497 -4.070360 59.782365 0.733942 -8.244667 38.956527 0.476144 -7.562886 35.501343 0.000002 -0.000002 -0.000001 3.363632 -3.879825 58.284818 -0.953449 -11.171294 48.087390 -1.614671 -9.515160 43.744834 0.000001 0.000001 0.000001 -16.563152 8.594208 -6.451712 39.509998 2.887598 1.713738 -9.432233 -0.762125 5.322773 -14.131667 -0.000016 0.011857 0.000000 0.000001 0.000000 -12.760667 -11.830029 -0.956466 40.814772 -12.105618 -4.813405 -5.785370 -2.888416 4.943321 -21.623691 -0.667199 4.098084 -0.000000 0.000001 -0.000000 
1.698015 101.979134 3.122127 0.895321 1.442533 0.239178 0.807117 0.299354 -0.110282 1.415772 0.589345 -0.083973 1.414830 0.592033 -0.081915 -2.614695 -2.079595 -1.591825 -7.451940 -13.768423 5.480296 0.000000 -0.000000 0.000000 0.549964 -2.432581 10.282563 -4.366113 7.860836 -33.165551 -1.589813 -58.318225 -1.875647 3.702610 4.318548 14.689720 6.279990 13.692379 -6.292074 3.618290 7.863181 -5.200894 -0.032673 3.419419 -2.421401 0.000002 -0.000000 -0.000002 -0.609480 -0.791279 -39.462623 9.702445 8.806771 -55.825332 5.491263 6.884758 -36.836638 -0.000001 -0.000001 -0.000003 0.947511 1.637147 -48.443588 2.917829 8.806001 -39.708015 2.568322 7.859807 -40.568021 -0.000000 -0.000001 0.000003 1.584811 2.434754 -54.330108 -0.074797 9.478927 -39.865820 -0.255407 8.132318 -34.504856 0.000002 0.000001 -0.000001 3.915013 4.478073 -46.184370 -1.007709 4.739470 -36.340011 -1.347271 8.517614 -36.488896 -0.000001 0.000002 -0.000002 0.488945 1.078077 -10.003300 -9.542647 -24.765229 41.681465 177.269733 109.844386 -177.096341 13.558855 -2.696437 -13.547577 -1.746327 -17.979155 2.029964 3.431353 0.609162 5.067698 -2.180644 6.892992 0.829057 -0.000002 -0.000001 0.000001 5.135581 -5.454481 51.883182 7.581711 -7.149798 44.461820 8.553649 -7.098565 50.382115 -0.000003 0.000001 -0.000001 2.822445 -3.406537 53.459399 4.410995 -9.130255 48.194115 2.914675 -7.411456 36.714630 0.000004 -0.000001 -0.000001 3.476732 -4.053185 59.536573 0.752149 -8.283809 39.158489 0.478404 -7.569169 35.532263 -0.000004 0.000001 -0.000003 3.410179 -3.909130 58.224562 -0.974434 -11.111434 47.814227 -1.611738 -9.528132 43.800753 0.000002 0.000002 0.000001 -14.898386 8.951975 -6.289719 34.841406 2.360277 2.411703 -2.897893 -0.251752 5.170853 -18.442300 -0.004832 0.070859 -0.000000 -0.000000 -0.000000 -11.902814 -12.643331 -1.007426 37.356033 -11.931006 -4.444029 0.195743 -1.323061 6.690252 -21.879133 -0.442653 2.320846 0.000000 -0.000003 0.000000 
1.799642 103.723938 3.671826 1.516969 1.036505 -0.348780 0.534262 0.390175 0.140383 1.063009 0.773001 0.256440 1.061273 0.777553 0.257689 -2.882459 -2.066593 -1.680375 -6.904392 -13.773415 5.472780 0.000000 -0.000000 0.000000 0.266023 -0.646770 9.350030 -3.254960 11.949291 -34.748348 -1.236767 -51.639259 -1.588156 0.564019 3.802332 14.838424 6.356890 13.798179 -6.265648 3.785000 8.807757 -5.305200 -0.038802 3.385089 -2.417435 0.000001 -0.000001 0.000002 -0.280790 -0.277705 -40.060654 9.792880 8.828794 -56.212218 5.534079 6.912434 -37.047455 -0.000003 -0.000001 -0.000003 1.136507 1.820367 -48.388605 2.944684 8.838389 -39.896723 2.589389 7.887555 -40.723780 -0.000001 0.000002 0.000002 1.703928 2.556146 -54.488128 -0.057017 9.527753 -40.091298 -0.249944 8.151915 -34.593501 -0.000001 0.000002 0.000004 4.131381 4.689340 -46.181477 -1.017400 4.689242 -36.133736 -1.349603 8.503946 -36.433677 -0.000000 -0.000000 0.000001 0.130708 -0.543308 -9.047677 -8.584429 -29.389423 42.121968 177.992394 116.113148 -177.760741 12.160343 -4.400597 -13.281619 -1.619398 -18.076876 2.282706 3.431352 0.609161 5.067702 -2.148876 6.717539 0.817203 -0.000003 -0.000002 0.000002 5.276548 -5.572114 51.659507 7.643089 -7.172342 44.739453 8.549020 -7.097227 50.361345 -0.000002 -0.000003 -0.000002 2.884502 -3.429963 52.959436 4.474575 -9.181685 48.584068 2.922686 -7.420425 36.771826 0.000001 0.000000 -0.000005 3.466178 -4.028957 59.216668 0.748410 -8.275788 39.117077 0.471136 -7.551256 35.441729 0.000001 0.000002 0.000002 3.457644 -3.938028 58.140209 -0.995495 -11.050385 47.536218 -1.610739 -9.532597 43.820001 0.000002 -0.000001 0.000001 -13.739883 9.328077 -5.853888 30.731586 2.246568 2.933131 3.798584 0.139867 2.846107 -21.431592 -0.217642 1.832694 -0.000000 -0.000000 -0.000000 -11.174263 -13.491519 -1.140260 34.108547 -11.868066 -4.016765 5.512728 0.006914 8.659047 -19.447251 -0.050316 0.282135 -0.000002 -0.000001 0.000000 
1.896407 105.292328 4.208629 2.188516 0.557876 -0.839257 0.269031 0.484067 0.334111 0.731030 0.961970 0.527930 0.728181 0.967949 0.527707 -3.243560 -2.089865 -1.737557 -6.617821 -13.927393 5.483410 -0.000000 -0.000000 0.000001 -0.043040 1.511835 8.236536 -2.235149 15.229708 -35.353578 -0.953040 -44.334959 -1.379270 -2.151608 2.875640 14.167048 6.427143 13.915633 -6.171265 3.965039 9.797712 -5.416177 -0.033180 3.420756 -2.422124 0.000003 0.000002 -0.000002 0.184829 0.420469 -40.941568 9.867975 8.846585 -56.532919 5.566748 6.933424 -37.208166 -0.000001 0.000002 -0.000001 1.459374 2.154971 -48.530181 2.976996 8.877071 -40.122884 2.601504 7.903466 -40.813228 0.000002 0.000000 0.000001 1.842931 2.702865 -54.749123 -0.040784 9.571787 -40.294933 -0.246823 8.163047 -34.643778 -0.000001 -0.000001 -0.000001 4.398525 4.948911 -46.270693 -1.020646 4.672202 -36.063809 -1.353582 8.480196 -36.337593 0.000001 0.000001 0.000002 -0.249010 -2.422034 -7.959787 -7.456425 -32.584203 41.697700 178.476695 122.819150 -178.181044 10.659464 -5.971350 -12.517831 -1.390327 -18.278838 2.642805 3.431352 0.609161 5.067699 -2.105975 6.480273 0.801251 -0.000005 -0.000001 0.000000 5.499872 -5.760503 51.372417 7.697604 -7.192047 44.985634 8.541168 -7.094939 50.326114 -0.000001 -0.000002 -0.000003 2.997291 -3.495962 52.420216 4.532516 -9.227922 48.937616 2.934779 -7.433881 36.857914 -0.000001 -0.000002 -0.000000 3.454581 -4.003130 58.877146 0.732757 -8.242085 38.943239 0.457524 -7.516962 35.269048 -0.000000 -0.000000 0.000003 3.510803 -3.970635 58.045324 -1.012267 -11.001005 47.311692 -1.611520 -9.529207 43.805388 0.000001 0.000001 -0.000001 -13.052251 9.724951 -5.334471 27.361379 2.809034 3.250747 9.528939 0.175771 -0.202024 -21.683960 -0.544028 4.110322 0.000000 -0.000000 0.000000 -10.556810 -14.276798 -1.303918 31.051963 -11.610511 -3.584246 10.198739 0.733704 10.660762 -15.619522 0.246409 -1.727355 -0.000001 -0.000001 -0.000000 
1.980928 106.629013 4.728416 2.888715 0.027418 -1.214702 0.016688 0.572023 0.463822 0.430436 1.140160 0.704885 0.426477 1.147159 0.702537 -3.666555 -2.133368 -1.761667 -6.624510 -14.158784 5.556009 -0.000000 -0.000000 0.000000 -0.348012 3.902958 7.079658 -0.969327 17.618891 -35.053818 -0.725131 -36.773458 -1.233180 -4.453449 1.986286 12.674774 6.483085 14.036240 -6.007387 4.141261 10.738791 -5.523351 -0.016879 3.519549 -2.434585 -0.000001 0.000002 -0.000006 0.753277 1.225900 -42.062122 9.930728 8.861128 -56.800676 5.587560 6.946713 -37.310376 -0.000001 0.000000 -0.000001 1.887719 2.604414 -48.877957 3.014409 8.921474 -40.383521 2.603657 7.906245 -40.828842 0.000002 -0.000000 0.000001 2.002869 2.872474 -55.093242 -0.025733 9.612192 -40.482019 -0.246017 8.165925 -34.656851 -0.000000 0.000001 -0.000000 4.697567 5.235757 -46.439218 -1.017127 4.690642 -36.139518 -1.358146 8.452814 -36.226873 -0.000000 0.000000 -0.000006 -0.571686 -4.274411 -6.700959 -5.759122 -34.438405 40.738923 178.824188 129.813728 -178.459415 8.884892 -6.850293 -11.656223 -1.088307 -18.559943 3.046226 3.431352 0.609161 5.067699 -2.056525 6.206838 0.782897 -0.000002 -0.000001 0.000001 5.767224 -5.989004 51.080150 7.742430 -7.208080 45.187835 8.526840 -7.090743 50.261689 0.000000 0.000002 -0.000001 3.145322 -3.597184 51.911214 4.586289 -9.270319 49.264208 2.949916 -7.450659 36.965435 0.000001 -0.000001 -0.000001 3.445714 -3.981416 58.577478 0.715851 -8.205338 38.754002 0.440569 -7.473701 35.051824 -0.000000 0.000000 -0.000003 3.571273 -4.008844 57.954503 -1.020729 -10.975898 47.197662 -1.613654 -9.519724 43.764488 -0.000000 -0.000001 -0.000001 -12.648681 10.138503 -5.001574 24.765544 3.672159 3.389754 13.391076 0.110443 -2.027724 -18.781866 -0.573411 5.479393 0.000000 -0.000001 0.000000 -10.097109 -14.919332 -1.449933 28.391402 -11.395150 -3.231423 13.836858 0.974271 12.516406 -10.099124 0.318578 -3.438109 -0.000002 -0.000000 0.000001 
2.053055 107.716614 5.227990 3.560444 -0.525069 -1.479153 -0.205785 0.645182 0.537337 0.186625 1.290040 0.784085 0.181836 1.297694 0.779161 -4.108193 -2.178225 -1.758027 -6.921666 -14.384997 5.706361 -0.000000 0.000001 -0.000000 -0.649582 6.420772 6.092650 0.853042 19.253217 -34.329344 -0.549764 -29.724642 -1.139098 -6.569999 2.111074 10.699866 6.521516 14.152368 -5.788670 4.295908 11.544291 -5.616498 0.007138 3.663037 -2.452566 0.000003 -0.000000 -0.000002 1.360305 2.032585 -43.335757 9.981120 8.872571 -57.015431 5.594285 6.950997 -37.343294 -0.000000 -0.000001 0.000002 2.364831 3.099498 -49.396089 3.053727 8.967643 -40.655687 2.596131 7.896415 -40.773552 0.000001 -0.000000 0.000002 2.180223 3.057128 -55.479058 -0.012568 9.647206 -40.644328 -0.247521 8.160572 -34.632618 -0.000000 0.000000 -0.000003 5.003117 5.523482 -46.665089 -1.007694 4.739615 -36.340517 -1.362631 8.425575 -36.116767 -0.000001 0.000000 -0.000000 -0.793231 -5.882753 -5.353073 -3.112568 -35.245169 39.906412 179.082205 136.787720 -178.645387 6.637805 -6.992692 -11.058390 -0.747494 -18.894112 3.417543 3.431351 0.609161 5.067706 -2.003960 5.916384 0.763390 0.000000 -0.000003 -0.000001 6.038526 -6.222841 50.839840 7.771574 -7.218422 45.319190 8.503830 -7.083975 50.158208 -0.000001 -0.000000 -0.000001 3.308360 -3.719623 51.498513 4.634972 -9.308232 49.558504 2.966234 -7.468730 37.081302 0.000000 -0.000000 0.000001 3.443715 -3.969612 58.375250 0.706634 -8.185189 38.650384 0.422882 -7.427869 34.822108 0.000001 0.000001 -0.000002 3.637486 -4.052177 57.881175 -1.017520 -10.985477 47.241126 -1.616620 -9.506475 43.707412 -0.000001 0.000000 -0.000004 -12.540884 10.487376 -4.699384 22.932241 4.702952 3.394839 15.968289 -0.058470 -3.813304 -15.932144 -0.514976 5.543356 -0.000001 -0.000001 -0.000001 -9.813779 -15.376229 -1.563616 26.352137 -11.151646 -3.005077 16.169329 0.644240 14.014452 -4.696131 0.149607 -2.919485 0.000003 -0.000001 0.000000 
2.118075 108.555954 5.702180 4.125009 -1.067756 -1.648637 -0.374132 0.698957 0.567800 0.032057 1.401316 0.780600 0.026842 1.409289 0.773027 -4.506787 -2.209734 -1.737210 -7.494050 -14.548836 5.921218 -0.000000 -0.000000 -0.000000 -0.987584 9.027371 5.570366 3.389081 20.476472 -34.009339 -0.428149 -24.172830 -1.085693 -8.624347 4.240946 8.849591 6.545370 14.259447 -5.543795 4.416441 12.161064 -5.688835 0.034604 3.825544 -2.472859 0.000001 0.000004 -0.000009 1.922860 2.734636 -44.637930 10.015272 8.880228 -57.160989 5.585282 6.945265 -37.299120 -0.000000 0.000000 -0.000001 2.819839 3.561012 -50.004781 3.089928 9.009804 -40.905166 2.580695 7.876117 -40.659498 0.000001 -0.000001 0.000001 2.368073 3.245726 -55.851123 -0.002876 9.672831 -40.763221 -0.251320 8.147004 -34.571272 -0.000001 0.000000 -0.000002 5.289069 5.787080 -46.915862 -0.994112 4.808422 -36.623256 -1.366922 8.399099 -36.009782 0.000001 0.000001 -0.000004 -0.925151 -7.153936 -4.132782 0.635969 -35.425463 39.923381 179.273273 143.238561 -178.766391 3.967823 -6.864941 -10.880861 -0.400333 -19.258214 3.693181 3.431356 0.609165 5.067698 -1.949631 5.616171 0.743182 -0.000000 0.000001 -0.000000 6.281991 -6.432199 50.690116 7.779045 -7.221042 45.352822 8.472577 -7.074724 50.017711 0.000000 0.000000 -0.000000 3.467374 -3.847092 51.232515 4.676173 -9.340053 49.806883 2.981759 -7.485895 37.191405 0.000001 -0.000000 0.000001 3.452231 -3.972360 58.312883 0.710809 -8.194303 38.697277 0.406361 -7.384533 34.605358 0.000000 0.000002 -0.000001 3.705905 -4.098499 57.835282 -1.000668 -11.035251 47.467339 -1.619902 -9.491817 43.644287 -0.000001 -0.000000 0.000001 -12.556415 10.758033 -4.449967 21.776829 5.559278 3.318272 17.142484 -0.255438 -5.492604 -12.628016 -0.421279 5.016680 -0.000002 0.000000 0.000001 -9.696826 -15.645802 -1.658177 25.074265 -10.991659 -2.929186 17.200141 -0.056099 14.892165 -1.007082 0.000009 -0.000010 0.000002 0.000001 0.000001 
2.182753 109.151497 6.144059 4.507634 -1.572809 -1.738633 -0.466214 0.734779 0.561914 -0.006604 1.475909 0.720162 -0.011915 1.483906 0.710271 -4.785851 -2.220832 -1.712830 -8.326334 -14.635586 6.166554 -0.000000 0.000001 0.000000 -1.436405 11.745160 5.859271 6.697972 21.487099 -34.999710 -0.357862 -20.724488 -1.059938 -10.600343 8.580556 7.744042 6.562705 14.356731 -5.308806 4.499644 12.583453 -5.738957 0.060993 3.980328 -2.492135 0.000001 0.000001 0.000001 2.360209 3.254017 -45.823213 10.026791 8.882773 -57.209934 5.560495 6.929424 -37.177488 0.000001 0.000001 -0.000000 3.187589 3.924738 -50.596303 3.118065 9.042268 -41.098047 2.559720 7.848421 -40.504190 -0.000001 0.000001 -0.000001 2.557611 3.426955 -56.153478 0.001544 9.684360 -40.816838 -0.257277 8.125695 -34.474997 -0.000002 0.000001 0.000001 5.533559 6.007860 -47.150524 -0.978721 4.884280 -36.935365 -1.371299 8.371879 -35.899870 0.000001 0.000004 -0.000001 -1.023901 -8.124309 -3.358352 5.283250 -35.412854 41.252338 179.409030 148.594495 -178.840895 1.296691 -7.080280 -11.126493 -0.071556 -19.633302 3.840845 3.431354 0.609161 5.067699 -1.892480 5.300591 0.721888 0.000002 0.000001 0.000004 6.480702 -6.600123 50.639525 7.761474 -7.214838 45.273656 8.436978 -7.064071 49.857577 0.000000 -0.000001 0.000000 3.609043 -3.966071 51.132709 4.706783 -9.363502 49.990885 2.994682 -7.500219 37.283090 0.000001 0.000000 -0.000000 3.472781 -3.991125 58.400918 0.729802 -8.235627 38.909993 0.392374 -7.347375 34.419891 0.000001 -0.000001 0.000002 3.772814 -4.145221 57.821110 -0.970299 -11.123217 47.868039 -1.623065 -9.477664 43.583335 0.000000 0.000000 0.000001 -12.495716 10.956278 -4.287410 21.091242 5.928104 3.209023 17.025959 -0.409099 -6.992082 -8.829377 -0.319454 4.381187 -0.000002 -0.000001 0.000000 -9.697167 -15.754118 -1.766202 24.576923 -10.937582 -3.004152 17.194574 -0.905245 15.002160 -0.986512 0.000020 -0.000001 0.000001 -0.000003 0.000001 
2.253749 109.499359 6.545681 4.662690 -2.019550 -1.769277 -0.471868 0.759562 0.526895 0.080476 1.526975 0.631143 0.075211 1.534819 0.619499 -4.870565 -2.212128 -1.697921 -9.401377 -14.666890 6.397529 0.000001 -0.000000 -0.000000 -2.095601 14.597936 7.294952 10.773035 22.053270 -37.785354 -0.326652 -19.140468 -1.049815 -12.576263 14.172115 7.715213 6.583528 14.446287 -5.117356 4.551980 12.850025 -5.770974 0.082602 4.106329 -2.507807 0.000005 0.000002 -0.000003 2.618878 3.556357 -46.755008 10.009555 8.878940 -57.136540 5.522087 6.904720 -36.988500 -0.000001 -0.000001 0.000000 3.428394 4.158435 -51.063799 3.134726 9.061418 -41.212019 2.535762 7.816567 -40.325980 0.000000 -0.000002 0.000001 2.739897 3.591767 -56.345687 -0.000713 9.678464 -40.789425 -0.264945 8.097918 -34.349493 0.000000 0.000002 -0.000001 5.722028 6.175710 -47.327183 -0.963654 4.956596 -37.233236 -1.376016 8.342151 -35.779847 0.000000 -0.000005 0.000004 -1.159381 -8.904113 -3.364931 10.383196 -35.584394 43.969254 179.497645 152.457609 -178.883337 -0.834244 -7.952648 -11.755759 0.224670 -20.003493 3.867454 3.431352 0.609161 5.067698 -1.830160 4.956632 0.698628 0.000002 -0.000002 0.000003 6.633820 -6.725578 50.665558 7.719686 -7.199984 45.085293 8.403968 -7.054093 49.708891 0.000001 0.000001 -0.000000 3.726820 -4.068141 51.176121 4.723314 -9.376079 50.089957 3.003428 -7.509954 37.345398 0.000002 0.000002 -0.000002 3.502756 -4.022195 58.606151 0.760721 -8.302119 39.253087 0.381615 -7.318537 34.276078 -0.000001 0.000001 -0.000001 3.835676 -4.190252 57.836054 -0.929347 -11.238861 48.396446 -1.625785 -9.465348 43.530291 0.000001 0.000000 0.000000 -12.229913 11.090558 -4.236274 20.664882 5.671706 3.116282 15.901102 -0.474906 -8.238442 -5.179128 -0.222757 3.675190 -0.000002 -0.000001 -0.000001 -9.751883 -15.737816 -1.917382 24.770658 -10.989201 -3.219360 16.590140 -1.628041 14.391931 -0.966392 -0.000022 0.000001 -0.000001 -0.000004 0.000003 
2.335566 109.592003 6.899693 4.587131 -2.394384 -1.759930 -0.397493 0.783072 0.468140 0.283084 1.573200 0.538327 0.277775 1.580926 0.525442 -4.712327 -2.190027 -1.699725 -10.688566 -14.679823 6.566853 -0.000000 0.000000 -0.000000 -3.076076 17.524956 10.098815 15.241753 21.778866 -41.963825 -0.315242 -18.553866 -1.046319 -14.673594 19.412600 8.672953 6.615590 14.530865 -4.991045 4.585914 13.024968 -5.792165 0.097502 4.193060 -2.518644 0.000004 0.000007 -0.000001 2.689470 3.651543 -47.340239 9.961597 8.868157 -56.932243 5.474263 6.873715 -36.752783 -0.000001 -0.000004 -0.000002 3.539052 4.265430 -51.333267 3.139349 9.066746 -41.243684 2.510960 7.783364 -40.140680 0.000004 -0.000000 0.000000 2.906990 3.734587 -56.415389 -0.009694 9.654813 -40.679627 -0.273779 8.065676 -34.203917 -0.000002 0.000003 0.000002 5.848104 6.288271 -47.414408 -0.950131 5.019938 -37.494453 -1.381059 8.309740 -35.649032 -0.000000 0.000002 -0.000004 -1.387590 -9.585622 -4.390254 15.528975 -36.203448 47.903252 179.548912 154.822521 -178.905385 -2.195184 -9.272402 -12.711581 0.484289 -20.354348 3.813114 3.431357 0.609157 5.067699 -1.760888 4.574500 0.672705 -0.000003 -0.000004 -0.000001 6.752609 -6.820002 50.724994 7.658557 -7.177971 44.809432 8.382039 -7.047429 49.610061 0.000002 0.000002 -0.000001 3.819501 -4.149777 51.298091 4.722538 -9.375498 50.085361 3.006704 -7.513632 37.368802 0.000001 -0.000001 -0.000001 3.534565 -4.056478 58.853028 0.797226 -8.379257 39.652530 0.374132 -7.298317 34.175268 0.000003 -0.000003 -0.000000 3.893461 -4.232395 57.871018 -0.883368 -11.364652 48.973594 -1.627898 -9.455786 43.489208 0.000000 -0.000003 -0.000000 -11.731613 11.160656 -4.308224 20.345254 4.886281 3.087371 14.147404 -0.446382 -9.181992 -3.120129 -0.088920 2.326837 -0.000001 -0.000000 0.000000 -9.805405 -15.628125 -2.132895 25.491863 -11.125448 -3.554379 15.858910 -1.972649 13.297518 -0.946851 -0.000006 0.000004 -0.000000 -0.000001 -0.000000 
2.429857 109.424866 7.200267 4.317277 -2.688693 -1.727977 -0.262220 0.814368 0.391711 0.577352 1.631510 0.459111 0.571752 1.639431 0.445213 -4.311605 -2.164275 -1.714801 -12.131084 -14.704458 6.633102 0.000000 -0.000001 -0.000000 -4.454449 20.328137 14.244881 19.249488 20.732766 -46.402420 -0.307109 -18.133900 -1.043887 -16.732930 23.079824 10.135865 6.661259 14.611711 -4.933353 4.614436 13.172877 -5.810210 0.105869 4.241958 -2.524788 0.000001 -0.000004 -0.000002 2.606246 3.582395 -47.554888 9.887472 8.851128 -56.616159 5.422646 6.839940 -36.497604 -0.000001 -0.000003 0.000001 3.549409 4.276227 -51.385784 3.134095 9.060681 -41.207624 2.486924 7.751001 -39.960585 0.000001 0.000003 -0.000002 3.052373 3.852906 -56.381538 -0.024025 9.616781 -40.503244 -0.283062 8.031408 -34.049364 -0.000001 0.000001 -0.000002 5.912455 6.348287 -47.401127 -0.938317 5.074129 -37.718173 -1.386120 8.276877 -35.516557 -0.000000 -0.000002 -0.000004 -1.731845 -10.167264 -6.461618 20.550842 -37.320215 52.830110 179.576055 156.113508 -178.916245 -3.066688 -10.439732 -13.932316 0.709591 -20.671573 3.733790 3.431354 0.609162 5.067698 -1.685608 4.159593 0.644463 -0.000000 -0.000005 -0.000000 6.852312 -6.899127 50.771808 7.585750 -7.151301 44.480115 8.379291 -7.046592 49.597658 -0.000001 0.000002 0.000001 3.888360 -4.210334 51.409867 4.702854 -9.360498 49.967273 3.003449 -7.510003 37.345640 -0.000001 0.000000 -0.000000 3.557239 -4.081473 59.042805 0.831049 -8.449470 40.017259 0.369256 -7.285155 34.109705 0.000003 -0.000002 0.000002 3.946027 -4.270997 57.912402 -0.839867 -11.480029 49.505109 -1.629201 -9.449905 43.463902 -0.000002 -0.000001 0.000000 -11.069724 11.155073 -4.498788 20.081279 3.851277 3.154063 12.141600 -0.347205 -9.805231 -2.325434 -0.031256 1.379554 0.000000 -0.000000 0.000001 -9.827668 -15.442674 -2.419796 26.559718 -11.313398 -3.979724 15.361352 -1.785435 12.041934 -0.927866 0.000002 -0.000002 0.000000 0.000001 -0.000003 
2.536121 108.990738 7.442087 3.911340 -2.895930 -1.697604 -0.087371 0.858489 0.316693 0.938433 1.711171 0.401619 0.932174 1.719878 0.386604 -3.728064 -2.145198 -1.728046 -13.642825 -14.751638 6.571683 -0.000000 0.000000 -0.000001 -6.179048 22.713021 19.337206 22.079855 19.575560 -50.119399 -0.295280 -17.518701 -1.040448 -18.352927 24.985481 11.506331 6.716432 14.687712 -4.929691 4.646308 13.336436 -5.830151 0.109502 4.263650 -2.527592 0.000001 0.000001 -0.000002 2.428778 3.407631 -47.447787 9.797461 8.829891 -56.231735 5.372619 6.806879 -36.249617 -0.000001 -0.000005 -0.000003 3.505670 4.233544 -51.258575 3.122387 9.047251 -41.127619 2.465031 7.721308 -39.795704 -0.000001 0.000000 0.000001 3.170524 3.945621 -56.285106 -0.041334 9.570254 -40.287789 -0.292182 7.997417 -33.896173 -0.000002 -0.000002 -0.000000 5.920489 6.360779 -47.299586 -0.927887 5.121171 -37.912577 -1.390517 8.247716 -35.399023 0.000001 0.000000 -0.000004 -2.159736 -10.543722 -9.322346 25.466731 -38.717405 58.494157 179.594251 156.993305 -178.923226 -4.021618 -10.844358 -15.350107 0.903289 -20.940843 3.679981 3.431354 0.609164 5.067699 -1.609563 3.740767 0.615815 -0.000001 0.000000 0.000002 6.942907 -6.973588 50.775701 7.509480 -7.122867 44.134493 8.401439 -7.053329 49.697443 0.000002 0.000001 0.000002 3.934838 -4.250159 51.430689 4.665284 -9.331671 49.741314 2.993248 -7.498521 37.272554 -0.000002 -0.000004 -0.000000 3.560392 -4.085816 59.086225 0.854158 -8.496758 40.263695 0.365884 -7.276059 34.064353 -0.000001 0.000000 0.000000 3.992813 -4.305153 57.945829 -0.806536 -11.566305 49.903930 -1.629461 -9.448662 43.458588 0.000002 0.000003 0.000000 -10.417104 11.056159 -4.770917 20.004260 2.907105 3.316954 10.120945 -0.208118 -10.103173 -2.655722 -0.032733 1.408839 0.000001 -0.000000 -0.000000 -9.832534 -15.185674 -2.760180 27.857485 -11.520228 -4.466274 15.227835 -1.040043 10.913015 -0.909527 0.000003 -0.000003 0.000000 -0.000005 0.000001 
2.649592 108.303490 7.620749 3.428227 -3.009269 -1.671346 0.115604 0.914507 0.248225 1.352311 1.810948 0.363963 1.345024 1.821219 0.347601 -3.070626 -2.140634 -1.718317 -15.122259 -14.814827 6.387733 -0.000000 0.000001 0.000000 -7.997262 24.427967 24.595957 23.689978 18.921186 -52.885666 -0.280585 -16.749461 -1.036373 -19.320916 25.727239 12.484382 6.772094 14.755222 -4.953409 4.683765 13.526050 -5.853303 0.110781 4.271761 -2.528690 0.000001 0.000007 0.000000 2.215176 3.183072 -47.119190 9.703459 8.807029 -55.829683 5.327732 6.776947 -36.026557 -0.000003 0.000001 -0.000001 3.449533 4.175941 -51.023678 3.107030 9.029513 -41.022215 2.446492 7.696027 -39.655593 0.000003 0.000002 -0.000001 3.256289 4.011066 -56.169669 -0.059527 9.520864 -40.059480 -0.300701 7.965256 -33.751291 -0.000002 0.000000 0.000001 5.879487 6.330797 -47.138947 -0.919139 5.160033 -38.073233 -1.393714 8.226375 -35.313003 -0.000000 0.000002 0.000001 -2.569025 -10.576923 -12.453194 30.253053 -40.017600 64.474875 179.615821 158.051137 -178.931149 -5.493962 -10.229437 -16.796999 1.063054 -21.147683 3.679544 3.431357 0.609160 5.067700 -1.542261 3.370394 0.590368 -0.000002 -0.000004 0.000004 7.022485 -7.042290 50.734082 7.436520 -7.095164 43.803243 8.450482 -7.068130 49.918390 -0.000001 0.000002 0.000001 3.960060 -4.269950 51.322164 4.613791 -9.291790 49.430608 2.976623 -7.479691 37.153149 0.000001 -0.000004 -0.000001 3.539395 -4.064081 58.938201 0.860742 -8.510201 40.333766 0.362729 -7.267524 34.021811 0.000001 -0.000001 -0.000002 4.031610 -4.332906 57.960466 -0.789080 -11.610810 50.110134 -1.628502 -9.453070 43.477518 0.000002 -0.000001 0.000000 -9.905028 10.856739 -5.100956 20.237753 2.318379 3.539794 8.179123 -0.054329 -10.050977 -4.075740 -0.097366 2.419327 -0.000002 -0.000000 -0.000001 -9.819199 -14.848123 -3.124127 29.263795 -11.723274 -4.996909 15.370606 0.184259 10.085337 -0.891826 -0.000013 0.000005 -0.000003 -0.000001 -0.000002 
2.762013 107.392166 7.732405 2.912720 -3.022167 -1.632362 0.350726 0.976574 0.177821 1.820179 1.919358 0.334599 1.811612 1.931975 0.316891 -2.467176 -2.153097 -1.669380 -16.482437 -14.880916 6.124997 -0.000000 0.000000 -0.000000 -9.525469 25.402054 29.051977 24.489189 18.875371 -55.003865 -0.265763 -15.966245 -1.032459 -19.759133 25.958663 13.123350 6.817625 14.809448 -4.976008 4.723035 13.723401 -5.877470 0.111414 4.276258 -2.529378 0.000000 0.000004 0.000001 1.999646 2.944617 -46.681399 9.613271 8.784447 -55.443313 5.288448 6.750542 -35.830889 0.000001 0.000002 0.000001 3.402940 4.124963 -50.751174 3.087819 9.007336 -40.890570 2.432650 7.677079 -39.550716 -0.000001 -0.000001 0.000001 3.304507 4.045958 -56.059324 -0.077755 9.470675 -39.827830 -0.308525 7.935478 -33.617337 -0.000001 -0.000001 -0.000003 5.796590 6.262574 -46.952312 -0.914217 5.181628 -38.162661 -1.395431 8.214938 -35.266866 0.000001 -0.000002 -0.000001 -2.824236 -10.201298 -15.217146 34.664159 -40.914507 70.121536 179.645696 159.541430 -178.941490 -7.504593 -8.830886 -17.971455 1.177976 -21.277779 3.730619 3.431351 0.609159 5.067702 -1.496013 3.116106 0.572815 0.000000 -0.000001 0.000001 7.075845 -7.091018 50.672996 7.370492 -7.069677 43.502711 8.524519 -7.090071 50.251273 -0.000001 -0.000001 -0.000001 3.965963 -4.272007 51.110125 4.554152 -9.245054 49.069254 2.955392 -7.455484 37.000047 -0.000002 0.000001 -0.000003 3.499337 -4.020493 58.618630 0.848331 -8.484944 40.201991 0.358772 -7.256765 33.968112 -0.000000 0.000002 0.000002 4.058118 -4.351224 57.952379 -0.789911 -11.608675 50.100233 -1.626168 -9.463669 43.523168 -0.000001 0.000002 -0.000000 -9.613747 10.571133 -5.471369 20.897831 2.190857 3.752191 6.234197 0.099587 -9.606601 -6.278714 -0.286487 4.128078 -0.000001 0.000000 -0.000000 -9.774021 -14.410352 -3.479219 30.826901 -10.833797 -5.550651 15.479884 0.698071 9.933274 -0.874861 -0.000016 0.000006 -0.000001 -0.000001 0.000001 
2.864982 106.281319 7.772973 2.391615 -2.926511 -1.568221 0.633060 1.034112 0.103533 2.352795 2.017111 0.294236 2.342995 2.032559 0.275769 -2.022269 -2.178487 -1.580528 -17.686005 -14.942036 5.863050 0.000000 0.000000 0.000000 -10.448052 25.751587 31.903383 24.888677 19.205218 -56.833587 -0.251601 -15.212710 -1.028886 -19.900834 25.962572 13.571384 6.844430 14.845737 -4.977527 4.757068 13.894471 -5.898515 0.111667 4.278445 -2.529753 0.000003 0.000003 -0.000005 1.782546 2.696407 -46.216222 9.526066 8.761983 -55.069059 5.252023 6.725885 -35.649056 0.000001 -0.000001 -0.000000 3.363642 4.079914 -50.471843 3.060971 8.976116 -40.705738 2.424951 7.666501 -39.492198 0.000002 -0.000002 0.000001 3.310282 4.045393 -55.943033 -0.097418 9.415823 -39.575110 -0.315691 7.907999 -33.493779 0.000000 -0.000000 -0.000003 5.677410 6.159472 -46.762361 -0.917548 5.167042 -38.102313 -1.395805 8.212197 -35.255818 0.000002 -0.000001 0.000004 -2.843039 -9.483191 -17.086884 38.300265 -41.348251 74.734011 179.680147 161.297158 -178.952500 -9.711807 -7.243138 -18.619343 1.228733 -21.316460 3.805874 3.431357 0.609164 5.067699 -1.483329 3.046374 0.567979 -0.000003 -0.000001 0.000001 7.078847 -7.096305 50.636816 7.310912 -7.046360 43.231139 8.618426 -7.117229 50.672750 -0.000002 -0.000004 0.000000 3.956931 -4.261262 50.881621 4.491709 -9.195415 48.688693 2.932413 -7.429146 36.833947 0.000001 0.000001 0.000000 3.455278 -3.969249 58.209222 0.817332 -8.421154 39.869983 0.353609 -7.242659 33.898007 -0.000003 0.000000 0.000000 4.066855 -4.356459 57.926022 -0.808318 -11.561738 49.882757 -1.622483 -9.480272 43.594553 -0.000000 0.000001 0.000001 -9.631934 10.236708 -5.836030 22.169933 2.461421 3.860539 4.035998 0.244715 -8.739830 -9.520434 -0.485317 5.335469 -0.000001 -0.000001 -0.000001 -9.712433 -13.854435 -3.787355 32.571594 -9.232197 -6.145875 15.136652 0.684555 10.383937 -0.954093 -0.000130 0.082315 -0.000002 0.000001 0.000001 
2.948950 104.983414 7.739186 1.878410 -2.710815 -1.464635 0.977534 1.074195 0.021285 2.957833 2.080578 0.219638 2.947317 2.098683 0.201703 -1.778534 -2.207416 -1.469859 -18.766016 -15.002936 5.698399 -0.000001 -0.000001 0.000000 -10.663032 25.651957 32.815391 25.098196 19.683041 -58.547596 -0.237348 -14.449274 -1.025495 -19.896548 25.727767 13.905603 6.848661 14.860393 -4.953741 4.778683 14.005301 -5.912275 0.110060 4.270068 -2.528830 0.000003 0.000000 -0.000003 1.533564 2.408309 -45.744611 9.431314 8.736897 -54.661806 5.213676 6.699741 -35.457199 0.000002 -0.000002 0.000002 3.310790 4.020751 -50.154424 3.019547 8.927512 -40.419086 2.424632 7.666059 -39.489773 0.000002 -0.000001 0.000004 3.270099 4.003671 -55.771780 -0.121842 9.346625 -39.256949 -0.322206 7.882708 -33.380036 -0.000001 0.000001 0.000003 5.525941 6.024412 -46.571495 -0.934829 5.089965 -37.783592 -1.395564 8.213927 -35.262747 0.000000 -0.000001 -0.000002 -2.654010 -8.595049 -17.840741 40.848561 -41.488362 77.875945 179.709995 162.846408 -178.961215 -11.639093 -6.091318 -18.750828 1.191828 -21.249162 3.865045 3.431354 0.609164 5.067699 -1.513925 3.214540 0.579548 -0.000002 -0.000003 -0.000001 7.006099 -7.033500 50.670964 7.253702 -7.023642 42.969809 8.725523 -7.147296 51.152424 -0.000000 0.000000 -0.000004 3.940280 -4.245249 50.755532 4.428667 -9.144650 48.302808 2.911122 -7.404622 36.679584 0.000001 -0.000003 0.000001 3.428367 -3.931035 57.825433 0.769870 -8.321587 39.353781 0.347627 -7.226371 33.816994 -0.000001 -0.000004 0.000002 4.052964 -4.345536 57.893121 -0.841694 -11.475296 49.483266 -1.617731 -9.501553 43.686197 -0.000000 -0.000001 0.000002 -10.061884 9.908336 -6.138474 24.286245 2.949118 3.768988 1.248101 0.365861 -7.427992 -12.847588 -0.603824 5.918999 -0.000001 -0.000002 -0.000001 -9.682146 -13.172740 -4.034851 34.571317 -7.654548 -6.791376 13.915514 0.635330 11.211990 -6.157849 -0.224574 3.308933 0.000002 -0.000000 0.000000 
3.002905 103.497971 7.630582 1.381778 -2.358723 -1.302376 1.386950 1.084370 -0.078261 3.626741 2.085757 0.088675 3.616501 2.105393 0.073038 -1.699249 -2.229000 -1.367064 -19.814874 -15.082555 5.713814 -0.000000 0.000001 -0.000000 -10.266781 25.204342 31.994853 25.164384 20.238856 -60.152533 -0.222597 -13.653587 -1.022151 -19.791938 25.212861 14.143060 6.832122 14.851225 -4.918069 4.782823 14.032321 -5.915762 0.103925 4.235863 -2.524754 0.000004 0.000001 -0.000000 1.204474 2.023565 -45.219988 9.312272 8.704366 -54.149105 5.168659 6.668806 -35.231413 0.000000 -0.000001 0.000002 3.216032 3.917338 -49.708157 2.955908 8.851867 -39.975516 2.432434 7.676785 -39.549022 0.000000 0.000001 0.000000 3.182748 3.915318 -55.470244 -0.155044 9.250397 -38.815562 -0.327985 7.860116 -33.278656 0.000000 0.000001 -0.000001 5.344624 5.859761 -46.359175 -0.970514 4.923906 -37.098493 -1.395530 8.214248 -35.264106 0.000001 -0.000000 0.000001 -2.365731 -7.735338 -17.622253 42.228065 -41.588260 79.529630 179.725705 163.672342 -178.965464 -12.896781 -5.707277 -18.648547 1.046443 -21.063405 3.870267 3.431358 0.609162 5.067701 -1.592282 3.645847 0.609083 -0.000000 -0.000002 -0.000003 6.839200 -6.886052 50.804320 7.192423 -6.998971 42.689396 8.839334 -7.178197 51.661130 0.000001 0.000002 0.000002 3.924116 -4.232291 50.836797 4.363138 -9.091101 47.899236 2.894649 -7.385576 36.559889 -0.000000 0.000000 0.000001 3.439112 -3.926303 57.574595 0.708299 -8.188855 38.669314 0.341912 -7.210643 33.738741 -0.000001 -0.000000 0.000001 4.014404 -4.317559 57.869030 -0.887167 -11.354430 48.926571 -1.612398 -9.525331 43.788640 -0.000000 0.000002 0.000000 -10.758093 9.723949 -6.733313 27.499790 3.392539 3.406153 -4.336160 0.473870 -2.847419 -11.892672 -0.147066 2.954381 0.000000 -0.000001 -0.000000 -9.741714 -12.385349 -4.243592 36.979966 -6.278864 -7.447456 11.498311 0.485707 12.292762 -12.366700 -0.449122 4.039576 -0.000002 -0.000001 -0.000000 
3.017269 101.838196 7.451378 0.913089 -1.851231 -1.058650 1.845263 1.055007 -0.207013 4.327299 2.013053 -0.114538 4.318563 2.032143 -0.126160 -1.683502 -2.235572 -1.299266 -20.937014 -15.209216 5.948959 0.000000 0.000001 -0.000000 -9.452429 24.389701 30.047710 25.058986 20.926400 -61.589837 -0.207791 -12.849941 -1.019025 -19.591418 24.471567 14.295763 6.801301 14.817535 -4.897924 4.767182 13.964480 -5.907633 0.090240 4.158571 -2.515386 0.000002 -0.000001 0.000003 0.747087 1.473068 -44.547378 9.152331 8.658872 -53.458282 5.114155 6.631026 -34.957332 -0.000000 0.000001 0.000003 3.054790 3.739201 -49.010518 2.865034 8.741721 -39.334790 2.448234 7.698423 -39.668800 0.000002 -0.000001 -0.000000 3.049705 3.775640 -54.958537 -0.200031 9.115977 -38.201395 -0.332630 7.841887 -33.196782 -0.000001 0.000003 0.000002 5.134616 5.666897 -46.085721 -1.024521 4.651721 -35.979842 -1.396483 8.207684 -35.237598 0.000002 -0.000001 -0.000000 -2.086103 -7.045817 -16.845929 42.527695 -41.863196 79.993318 179.722249 163.490195 -178.964562 -13.334315 -6.011331 -18.689809 0.782641 -20.753132 3.798358 3.431354 0.609162 5.067700 -1.716292 4.329659 0.655447 -0.000001 0.000001 -0.000000 6.573032 -6.652253 51.037455 7.120434 -6.969555 42.359334 8.954947 -7.208499 52.176515 -0.000001 -0.000002 -0.000002 3.913881 -4.228327 51.173440 4.289422 -9.029893 47.442340 2.885067 -7.374484 36.490251 -0.000001 -0.000002 -0.000001 3.500488 -3.967557 57.517904 0.634483 -8.023824 37.823802 0.337528 -7.198594 33.678819 -0.000000 -0.000002 -0.000000 3.953423 -4.274562 57.867951 -0.942743 -11.201436 48.225189 -1.607037 -9.548869 43.890119 -0.000000 0.000002 0.000001 -11.660757 9.597124 -7.124218 31.013659 3.851437 2.744855 -9.860192 0.130621 1.242416 -10.649863 -0.005274 0.565768 -0.000000 -0.000001 0.000000 -9.908795 -11.558864 -4.461555 39.813965 -5.255364 -8.032832 7.833968 0.177719 13.446751 -18.097826 -0.468801 2.892512 0.000002 -0.000001 0.000000 
2.986888 100.051750 7.212408 0.490071 -1.176145 -0.711944 2.318434 0.981946 -0.375839 5.005071 1.853298 -0.395301 4.998880 1.869243 -0.401865 -1.611031 -2.226243 -1.278339 -22.182144 -15.410498 6.386372 -0.000001 -0.000001 -0.000000 -8.420198 23.107956 27.716962 24.681315 21.813459 -62.752575 -0.192467 -12.013600 -1.015981 -19.324799 23.552108 14.371282 6.765125 14.759885 -4.927008 4.731275 13.798446 -5.887490 0.066694 4.024619 -2.499113 0.000005 0.000003 -0.000005 0.132575 0.691666 -43.621987 8.941804 8.595791 -52.545359 5.050407 6.586332 -34.635459 -0.000002 0.000000 0.000004 2.814325 3.462322 -47.951476 2.747154 8.594924 -38.490428 2.470858 7.729228 -39.839640 0.000001 -0.000002 0.000009 2.874460 3.580991 -54.177576 -0.256905 8.938623 -37.394657 -0.335566 7.830242 -33.144562 -0.000001 -0.000001 0.000002 4.896020 5.445447 -45.701076 -1.090240 4.274241 -34.436246 -1.399034 8.190467 -35.168285 -0.000001 -0.000000 0.000000 -1.870915 -6.560096 -16.009615 41.861632 -42.441313 79.665837 179.701389 162.396354 -178.958770 -13.077940 -6.630697 -19.166009 0.407956 -20.324596 3.646958 3.431356 0.609163 5.067698 -1.877040 5.218122 0.714855 0.000002 -0.000004 -0.000002 6.219091 -6.347025 51.340831 7.033186 -6.933257 41.958381 9.068972 -7.237289 52.683827 -0.000002 0.000001 -0.000000 3.909109 -4.233486 51.734093 4.200402 -8.954678 46.886827 2.882962 -7.372121 36.475160 -0.000001 0.000000 0.000001 3.612999 -4.054070 57.651264 0.549659 -7.825534 36.815707 0.335175 -7.192246 33.647127 -0.000002 0.000001 -0.000002 3.876537 -4.221548 57.898537 -1.007215 -11.015991 47.379786 -1.602346 -9.569393 43.978591 -0.000000 0.000002 0.000001 -12.839305 9.522262 -7.358420 34.856764 4.190653 1.893665 -15.186748 -0.545521 4.651828 -10.397085 0.000003 0.000010 0.000000 -0.000001 0.000000 -10.149924 -10.798754 -4.747938 42.896747 -4.677851 -8.450783 3.185920 -0.301647 14.467128 -21.641345 -0.353029 1.840575 -0.000001 -0.000002 0.000000 
2.916901 98.219147 6.933350 0.135650 -0.342964 -0.250073 2.761527 0.869622 -0.591587 5.593340 1.614177 -0.745231 5.590139 1.624722 -0.746769 -1.397368 -2.207638 -1.297668 -23.492431 -15.701678 6.958134 0.000000 -0.000000 -0.000000 -7.318274 21.257350 25.606540 23.826635 22.851776 -63.431106 -0.173277 -10.956825 -1.012511 -19.098013 22.327033 14.334214 6.732571 14.680380 -5.035954 4.675119 13.532449 -5.855190 0.032531 3.828813 -2.475301 -0.000001 0.000003 -0.000001 -0.632934 -0.365253 -42.373831 8.682479 8.513075 -51.414833 4.980149 6.536413 -34.279442 -0.000001 -0.000000 0.000004 2.496433 3.072261 -46.478150 2.608778 8.416703 -37.478956 2.498073 7.766037 -40.044173 0.000000 0.000000 -0.000003 2.661480 3.329013 -53.110024 -0.322341 8.722796 -36.418453 -0.336354 7.827153 -33.130680 -0.000001 0.000005 -0.000004 4.628567 5.193002 -45.156249 -1.156184 3.814752 -32.567527 -1.403223 8.161463 -35.051476 0.000001 -0.000000 -0.000003 -1.725244 -6.204952 -15.505670 40.285422 -43.346498 78.878979 179.670599 160.806490 -178.949563 -12.424649 -7.120603 -20.193973 -0.049987 -19.801741 3.433585 3.431354 0.609166 5.067703 -2.059862 6.231880 0.781569 0.000000 -0.000000 0.000004 5.804971 -5.998522 51.662728 6.929804 -6.889309 41.481706 9.178969 -7.264054 53.172159 0.000001 0.000001 -0.000001 3.902277 -4.240856 52.415374 4.090810 -8.860007 46.196599 2.887417 -7.377414 36.508058 0.000001 -0.000000 0.000001 3.762969 -4.171544 57.911159 0.455432 -7.592987 35.643670 0.334787 -7.191304 33.642281 0.000002 0.000002 0.000003 3.792995 -4.165250 57.961259 -1.079093 -10.797726 46.390939 -1.598858 -9.584492 44.043751 -0.000001 0.000001 0.000003 -14.296039 9.478600 -7.500039 38.924603 4.384653 0.966667 -20.117176 -1.419326 7.223603 -8.935343 0.000015 0.000007 0.000001 0.000000 -0.000000 -10.429261 -10.207930 -5.153812 45.960244 -4.573754 -8.637152 -1.959818 -0.898800 15.182718 -23.546995 -0.222146 1.063746 -0.000001 -0.000000 -0.000000 
2.817734 96.450851 6.637430 -0.127166 0.609417 0.295735 3.128585 0.729302 -0.830713 6.028293 1.324375 -1.140848 6.027766 1.328522 -1.138409 -1.031765 -2.191334 -1.340374 -24.697734 -16.077878 7.567658 -0.000000 0.000001 0.000000 -6.210377 18.803328 23.993628 22.286964 23.775631 -63.343898 -0.145289 -9.405332 -1.008058 -19.104065 20.507245 14.100344 6.710464 14.582807 -5.243363 4.598855 13.164454 -5.810653 -0.010995 3.576950 -2.444649 0.000003 0.000004 0.000003 -1.502898 -1.705416 -40.802191 8.388186 8.412339 -50.123323 4.907473 6.484101 -33.909502 0.000001 -0.000002 0.000003 2.115678 2.565617 -44.624293 2.461428 8.219415 -36.375795 2.526824 7.804635 -40.259324 -0.000000 0.000003 -0.000000 2.415673 3.019430 -51.791289 -0.390464 8.482444 -35.337838 -0.334840 7.833161 -33.157669 -0.000001 -0.000001 0.000000 4.333355 4.906504 -44.416737 -1.210454 3.316465 -30.551310 -1.408874 8.121818 -34.891875 0.000001 0.000002 -0.000003 -1.625092 -5.853513 -15.508477 37.815011 -44.493970 77.832861 179.639344 159.223362 -178.939331 -11.650897 -7.147995 -21.694812 -0.546633 -19.227457 3.189118 3.431353 0.609160 5.067701 -2.246748 7.271750 0.848790 -0.000000 -0.000003 0.000001 5.369853 -5.641177 51.944541 6.813433 -6.838603 40.943087 9.281946 -7.288232 53.628538 -0.000000 -0.000003 0.000001 3.880537 -4.237974 53.075443 3.959629 -8.743533 45.360738 2.896472 -7.387996 36.574191 -0.000000 -0.000001 -0.000001 3.925355 -4.296999 58.201469 0.354839 -7.327929 34.320328 0.335331 -7.192959 33.650433 -0.000004 0.000002 -0.000001 3.712249 -4.112252 58.048412 -1.155549 -10.549954 45.276067 -1.597045 -9.592406 44.077905 -0.000001 0.000000 0.000001 -16.333436 9.393303 -7.357097 43.653426 4.243837 0.022327 -24.727074 -2.076396 7.549990 -5.857431 0.000010 0.000005 -0.000000 0.000001 -0.000000 -10.725750 -9.860957 -5.662389 48.732396 -4.912441 -8.597843 -7.028711 -1.509606 15.503727 -24.487917 -0.147234 0.676328 0.000000 0.000001 -0.000000 
2.695396 94.881973 6.345823 -0.282907 1.605073 0.871316 3.383316 0.582451 -1.065283 6.264587 1.031708 -1.544588 6.265900 1.030222 -1.539736 -0.578415 -2.188820 -1.393442 -25.569129 -16.511873 8.116352 0.000001 0.000001 -0.000000 -5.088460 15.807833 22.805775 20.119873 24.167730 -62.351486 -0.108749 -7.359718 -1.003378 -19.532398 17.948933 13.596908 6.702254 14.472865 -5.549790 4.503633 12.696488 -5.754341 -0.060642 3.286493 -2.409297 0.000001 0.000005 -0.000001 -2.399774 -3.285392 -38.988516 8.081645 8.299469 -48.767407 4.836210 6.432088 -33.545108 -0.000001 -0.000004 0.000001 1.695053 1.951370 -42.514103 2.318723 8.020329 -35.278993 2.553801 7.840558 -40.460183 0.000003 -0.000000 -0.000001 2.143158 2.655745 -50.307632 -0.454655 8.238023 -34.245578 -0.331386 7.846780 -33.218717 -0.000001 0.000001 -0.000001 4.015371 4.585181 -43.476234 -1.246153 2.833444 -28.604390 -1.415484 8.074446 -34.701333 0.000001 0.000002 -0.000001 -1.534848 -5.398672 -15.972532 34.502345 -45.711208 76.608577 179.614263 157.974230 -178.930589 -10.849866 -6.583217 -23.417153 -1.029176 -18.658443 2.948640 3.431353 0.609161 5.067699 -2.419328 8.235642 0.910033 0.000001 -0.000003 0.000000 4.956366 -5.307909 52.137238 6.690379 -6.783578 40.371271 9.373516 -7.309002 54.033695 0.000001 0.000000 -0.000001 3.829772 -4.210491 53.579463 3.811012 -8.607365 44.400652 2.907513 -7.400865 36.654791 0.000001 0.000003 -0.000001 4.070221 -4.405822 58.427924 0.252657 -7.037572 32.884612 0.335258 -7.192772 33.649473 -0.000001 -0.000000 -0.000001 3.641429 -4.067029 58.146432 -1.231963 -10.282737 44.082137 -1.597103 -9.592181 44.076935 -0.000000 0.000003 0.000000 -18.154948 9.301644 -7.304943 47.610650 3.827462 -0.825458 -28.365105 -2.660160 7.901076 -3.614654 0.000006 0.000005 -0.000000 -0.000001 -0.000000 -11.036256 -9.767131 -6.202801 50.997344 -5.621584 -8.396200 -11.482760 -2.021548 15.429150 -25.050952 -0.159956 0.719340 -0.000000 0.000002 -0.000000 
2.559505 93.641464 6.081568 -0.330450 2.538560 1.417288 3.506997 0.459180 -1.277712 6.286554 0.793094 -1.909005 6.288869 0.788264 -1.903117 -0.142848 -2.205978 -1.458205 -25.907845 -16.956399 8.526500 -0.000001 -0.000000 -0.000000 -3.930527 12.420767 21.752650 17.778824 23.787114 -60.637436 -0.075357 -5.474453 -1.000250 -20.371475 14.982754 12.861820 6.707815 14.357898 -5.935592 4.393265 12.142907 -5.688217 -0.111670 2.984496 -2.372541 0.000004 -0.000001 -0.000000 -3.238220 -5.006151 -37.081917 7.788702 8.183818 -47.460591 4.769083 6.382472 -33.200399 -0.000002 -0.000000 -0.000002 1.261060 1.252444 -40.337093 2.192843 7.837658 -34.286293 2.575941 7.869879 -40.624486 0.000001 0.000002 0.000001 1.852683 2.247609 -48.780870 -0.509619 8.011665 -33.239502 -0.326876 7.864508 -33.298299 -0.000003 -0.000001 -0.000003 3.685626 4.234263 -42.365983 -1.263712 2.417043 -26.929923 -1.422434 8.023334 -34.495843 0.000001 0.000001 -0.000002 -1.422406 -4.802088 -16.716395 30.493516 -46.774737 75.212131 179.595726 157.065172 -178.923772 -9.891494 -5.508893 -25.022589 -1.448291 -18.153553 2.742598 3.431353 0.609163 5.067698 -2.562431 9.037555 0.960203 0.000001 -0.000003 -0.000001 4.600315 -5.023716 52.213924 6.568373 -6.727560 39.802012 9.448027 -7.325405 54.362746 -0.000000 0.000002 -0.000001 3.739383 -4.147073 53.838580 3.653575 -8.457915 43.367033 2.918007 -7.413078 36.731330 -0.000000 0.000002 -0.000002 4.171442 -4.478965 58.526545 0.155121 -6.735676 31.406105 0.332911 -7.186139 33.616583 -0.000002 -0.000002 -0.000001 3.584080 -4.031337 58.239855 -1.302899 -10.013211 42.885880 -1.599033 -9.583759 44.040575 0.000001 0.000000 0.000004 -19.963328 9.258882 -7.288741 51.002249 3.405594 -1.540609 -30.565660 -3.086832 8.239791 -1.995866 0.000007 0.000002 0.000000 -0.000001 -0.000000 -11.367985 -9.858121 -6.691038 52.642751 -6.589989 -8.113411 -14.910759 -2.354611 15.026773 -25.608515 -0.259989 1.152674 -0.000000 0.000001 0.000000 
2.428763 92.814880 5.853394 -0.287540 3.305731 1.855062 3.501747 0.384217 -1.434366 6.111573 0.658104 -2.184038 6.114342 0.652825 -2.177781 0.175229 -2.239507 -1.549761 -25.624397 -17.350742 8.754178 -0.000000 0.000000 0.000001 -2.758935 8.853128 20.521389 15.799339 22.852076 -58.535076 -0.065890 -4.937499 -0.999567 -21.278896 12.317630 12.112637 6.724022 14.246271 -6.364334 4.274934 11.536545 -5.616395 -0.158603 2.703300 -2.338320 0.000002 -0.000001 0.000002 -3.952176 -6.725896 -35.263611 7.532328 8.076213 -46.307241 4.707659 6.336510 -32.883556 0.000001 -0.000001 -0.000002 0.838829 0.506058 -38.302444 2.092056 7.686328 -33.472995 2.591147 7.889863 -40.736724 -0.000001 -0.000002 -0.000001 1.556324 1.812734 -47.342804 -0.552462 7.821776 -32.399118 -0.322429 7.881843 -33.376218 -0.000002 0.000003 0.000001 3.361176 3.867878 -41.155233 -1.268883 2.103113 -25.668893 -1.429096 7.972843 -34.292966 -0.000002 -0.000001 -0.000002 -1.272292 -4.092509 -17.528798 26.031666 -47.430353 73.627677 179.578227 156.217669 -178.917092 -8.535768 -4.162598 -26.225406 -1.769105 -17.759149 2.590409 3.431355 0.609158 5.067700 -2.666844 9.624291 0.996469 0.000001 -0.000000 0.000004 4.322377 -4.801506 52.174435 6.454741 -6.674063 39.269459 9.499845 -7.336551 54.591407 0.000000 0.000003 -0.000002 3.606001 -4.042445 53.828991 3.498087 -8.304795 42.328342 2.925920 -7.422243 36.788830 0.000002 -0.000004 0.000003 4.214404 -4.506830 58.476036 0.068291 -6.441456 29.977530 0.327164 -7.169934 33.536400 0.000002 0.000002 -0.000002 3.540423 -4.004545 58.315110 -1.363341 -9.762634 41.780554 -1.602652 -9.568050 43.972813 -0.000002 -0.000003 -0.000000 -21.553762 9.276466 -7.257323 53.566325 3.046446 -2.086826 -31.460425 -3.351777 8.539749 -1.670496 0.000010 0.000001 0.000000 -0.000000 0.000000 -11.764641 -10.025691 -7.043733 53.784738 -7.739979 -7.822702 -17.323223 -2.521321 14.454519 -25.388010 -0.393584 1.856765 -0.000000 0.000001 -0.000000 
2.318326 92.449928 5.656349 -0.191274 3.826591 2.121621 3.389377 0.370811 -1.506727 5.785076 0.651768 -2.326272 5.788151 0.648477 -2.319533 0.317295 -2.277159 -1.684961 -24.770393 -17.631408 8.790314 -0.000001 -0.000001 0.000000 -1.652505 5.347632 18.931934 14.360782 21.831433 -56.240495 -0.097259 -6.712145 -1.002179 -21.719015 10.532638 11.643932 6.745985 14.145662 -6.790579 4.158548 10.926831 -5.544783 -0.196475 2.474128 -2.310421 0.000008 -0.000002 -0.000003 -4.512137 -8.292743 -33.701646 7.327865 7.986013 -45.380535 4.652650 6.294883 -32.598806 -0.000002 -0.000002 -0.000001 0.448219 -0.240043 -36.585874 2.019586 7.574481 -32.877198 2.598421 7.899413 -40.790412 0.000000 -0.000000 0.000001 1.268549 1.376258 -46.105601 -0.582748 7.678850 -31.768812 -0.319149 7.894606 -33.433564 0.000002 0.000000 -0.000001 3.062451 3.508801 -39.938705 -1.268603 1.904470 -24.871208 -1.434992 7.927079 -34.109203 0.000001 0.000001 -0.000001 -1.085849 -3.323315 -18.236281 21.409720 -47.399915 71.866841 179.553584 155.043095 -178.907298 -6.638500 -2.829382 -26.917185 -1.978152 -17.497362 2.497791 3.431351 0.609158 5.067698 -2.730829 9.984674 1.018534 -0.000001 -0.000001 -0.000002 4.123494 -4.640405 52.040676 6.354816 -6.625938 38.799217 9.525590 -7.342002 54.705000 0.000001 -0.000000 -0.000001 3.433990 -3.898313 53.586485 3.354934 -8.158745 41.355354 2.929854 -7.426776 36.817325 -0.000000 0.000002 -0.000000 4.199329 -4.490554 58.292892 -0.003313 -6.175466 28.695756 0.317886 -7.143575 33.406035 -0.000002 -0.000002 -0.000000 3.508979 -3.985070 58.363502 -1.410321 -9.551159 40.852304 -1.607488 -9.546904 43.881643 -0.000000 -0.000001 0.000001 -22.402327 9.322789 -7.214672 54.675207 2.698134 -2.404919 -31.733373 -3.495861 8.761357 -1.622723 -0.000004 0.000004 0.000000 0.000001 -0.000000 -12.259828 -10.173752 -7.212714 54.624124 -8.995236 -7.565820 -18.936100 -2.582432 13.870867 -23.132760 -0.433163 2.706469 -0.000000 0.000000 0.000000 
2.235848 92.570679 5.480347 -0.092248 4.061586 2.191221 3.205044 0.418226 -1.486790 5.369162 0.764155 -2.308161 5.372483 0.764089 -2.300416 0.276472 -2.302232 -1.865764 -23.512737 -17.743974 8.653809 -0.000000 0.000000 0.000000 -0.709986 2.152535 17.000165 13.205187 20.944813 -53.826522 -0.170100 -10.782100 -1.011972 -21.265560 9.683647 11.575237 6.768445 14.061549 -7.171520 4.054189 10.368494 -5.479764 -0.221735 2.320028 -2.291668 0.000003 0.000001 -0.000000 -4.924913 -9.586080 -32.509641 7.180657 7.918613 -44.709295 4.604445 6.258066 -32.348380 -0.000002 -0.000001 -0.000001 0.101677 -0.936414 -35.287322 1.973815 7.502468 -32.495776 2.598157 7.899057 -40.788435 0.000004 0.000001 0.000000 1.003487 0.966343 -45.136124 -0.601928 7.583993 -31.351357 -0.317762 7.899990 -33.457781 0.000001 0.000002 -0.000003 2.808054 3.184019 -38.812280 -1.267483 1.810606 -24.494291 -1.439747 7.889252 -33.957392 0.000005 0.000000 -0.000001 -0.867537 -2.524154 -18.709587 16.887154 -46.417173 69.972214 179.514939 153.243859 -178.890974 -4.310028 -1.732051 -27.193804 -2.084179 -17.361747 2.457778 3.431355 0.609163 5.067699 -2.759854 10.148268 1.028475 0.000002 0.000001 0.000000 3.986281 -4.526560 51.845394 6.271422 -6.585001 38.405460 9.525814 -7.342054 54.705966 -0.000001 -0.000000 -0.000004 3.232819 -3.721730 53.182616 3.232017 -8.029256 40.506198 2.929149 -7.425972 36.812315 0.000000 0.000000 0.000005 4.139513 -4.439951 58.014445 -0.057906 -5.954580 27.637597 0.305816 -7.109055 33.235298 -0.000000 -0.000001 -0.000003 3.488429 -3.971756 58.382299 -1.443218 -9.392139 40.156885 -1.612936 -9.522863 43.778029 -0.000001 0.000001 -0.000001 -22.467458 9.408565 -7.135651 54.355465 2.405077 -2.479989 -31.407433 -3.512461 8.879984 -1.604891 -0.000001 0.000006 0.000000 -0.000000 -0.000000 -12.818990 -10.256649 -7.207143 54.956552 -9.923121 -7.325072 -18.636270 -2.394330 13.109571 -22.479635 -0.474269 3.535668 -0.000000 0.000002 -0.000000 
2.183243 93.174210 5.312436 -0.043831 4.023609 2.067823 2.987686 0.508282 -1.382667 4.928507 0.951949 -2.124728 4.931830 0.955036 -2.115585 0.085775 -2.300639 -2.067815 -22.068871 -17.652311 8.383219 -0.000001 -0.000000 -0.000000 -0.000493 -0.505105 14.914181 11.927141 19.917054 -51.429825 -0.269530 -16.165528 -1.033426 -19.788583 9.371201 11.765022 6.786968 13.995904 -7.478048 3.968980 9.903977 -5.426025 -0.233186 2.249713 -2.283094 -0.000000 0.000002 -0.000003 -5.219090 -10.550184 -31.720597 7.086303 7.874298 -44.277203 4.562997 6.226130 -32.132434 -0.000000 -0.000000 -0.000003 -0.195402 -1.544606 -34.412143 1.949482 7.463753 -32.291430 2.591623 7.890518 -40.740436 0.000001 -0.000001 0.000002 0.771878 0.606298 -44.442070 -0.612539 7.529849 -31.113448 -0.318473 7.897212 -33.445271 -0.000002 0.000000 -0.000000 2.610005 2.916905 -37.845382 -1.267215 1.794050 -24.427792 -1.443246 7.861018 -33.844093 -0.000002 -0.000001 0.000000 -0.612962 -1.681699 -18.837235 12.592845 -44.303459 67.943867 179.459027 150.737712 -178.865497 -1.886076 -0.971123 -27.264469 -2.113191 -17.322422 2.454374 3.431352 0.609157 5.067697 -2.764316 10.173431 1.030005 -0.000004 -0.000006 -0.000002 3.881418 -4.437164 51.619377 6.205095 -6.551911 38.091238 9.505450 -7.337745 54.616153 0.000000 -0.000000 -0.000002 3.013012 -3.521706 52.694401 3.133484 -7.922562 39.815707 2.923887 -7.419870 36.774005 0.000001 0.000001 -0.000002 4.055389 -4.369669 57.679704 -0.096385 -5.787198 26.839298 0.292252 -7.070029 33.042509 0.000000 -0.000001 -0.000001 3.478842 -3.964662 58.374007 -1.463567 -9.288601 39.705204 -1.618360 -9.498710 43.673971 0.000001 -0.000001 0.000002 -21.691002 9.537566 -7.036975 52.600687 2.172556 -2.298661 -30.478558 -3.404025 8.886051 -1.630560 0.000000 0.000002 0.000000 -0.000001 0.000000 -13.409779 -10.281976 -7.068992 54.804021 -10.411406 -7.088644 -16.315538 -1.995899 12.210757 -23.571519 -0.610756 4.329004 0.000000 -0.000001 0.000000 
2.155031 94.229263 5.138506 -0.086472 3.772335 1.781732 2.770644 0.611853 -1.221262 4.517482 1.151893 -1.795871 4.520320 1.157140 -1.785464 -0.204418 -2.267147 -2.242219 -20.637422 -17.344429 8.027378 -0.000001 -0.000000 0.000001 0.462676 -2.455435 12.926863 10.324394 18.170653 -49.311702 -0.375822 -21.621585 -1.066141 -17.429331 9.105469 12.001850 6.799345 13.946912 -7.703393 3.905218 9.551286 -5.385483 -0.232561 2.253636 -2.283568 0.000003 0.000000 -0.000003 -5.429328 -11.204463 -31.287823 7.033473 7.849118 -44.034646 4.527944 6.198940 -31.949405 0.000000 0.000002 -0.000003 -0.441929 -2.044496 -33.887482 1.939671 7.448057 -32.208764 2.580697 7.876126 -40.659566 -0.000001 -0.000001 0.000003 0.579463 0.309005 -43.981842 -0.617428 7.504614 -31.002608 -0.321013 7.887374 -33.401070 -0.000001 -0.000002 -0.000000 2.470815 2.719917 -37.065002 -1.267627 1.820603 -24.534425 -1.445501 7.842348 -33.769230 -0.000001 -0.000001 0.000001 -0.313045 -0.760010 -18.514085 8.485428 -41.024285 65.659414 179.386845 147.673102 -178.829475 0.302784 -0.515613 -27.300806 -2.099199 -17.337587 2.469658 3.431354 0.609160 5.067701 -2.756369 10.128718 1.027262 -0.000002 -0.000001 0.000001 3.777170 -4.346796 51.381283 6.154779 -6.526519 37.852400 9.473074 -7.330821 54.473310 0.000000 0.000001 -0.000002 2.782861 -3.305907 52.177820 3.059685 -7.840905 39.292521 2.914583 -7.409107 36.706427 0.000001 0.000000 -0.000001 3.967217 -4.294317 57.314112 -0.121520 -5.671576 26.289506 0.278765 -7.030784 32.848828 -0.000001 -0.000000 0.000001 3.481978 -3.965360 58.344528 -1.474038 -9.233456 39.465031 -1.623188 -9.477052 43.580726 -0.000000 0.000000 0.000001 -20.003590 9.710175 -6.978115 49.366852 1.935804 -1.841763 -28.919311 -3.168945 8.792650 -1.765897 0.000002 0.000001 0.000000 0.000000 -0.000000 -13.925402 -10.314856 -6.837340 54.061299 -10.469623 -6.833107 -12.007870 -1.458200 11.197265 -26.371821 -0.930722 5.038208 0.000000 -0.000000 0.000000 
2.138444 95.668663 4.949236 -0.232485 3.396919 1.373276 2.575061 0.698025 -1.034715 4.171120 1.301773 -1.362857 4.172932 1.307891 -1.351909 -0.545308 -2.208000 -2.329623 -19.349991 -16.836778 7.638722 -0.000000 0.000001 -0.000000 0.712263 -3.620266 11.276811 8.488235 15.215170 -47.739686 -0.474009 -26.329572 -1.104573 -14.486213 8.627203 12.183227 6.805557 13.909474 -7.863216 3.859280 9.294411 -5.356046 -0.223866 2.307088 -2.290089 -0.000001 -0.000001 0.000002 -5.586636 -11.631039 -31.101089 7.007138 7.836447 -43.913485 4.497961 6.175514 -31.792386 -0.000000 -0.000000 -0.000001 -0.642064 -2.442643 -33.587325 1.937413 7.444450 -32.189705 2.566993 7.858034 -40.558094 -0.000000 -0.000000 0.000003 0.424406 0.070702 -43.674866 -0.619249 7.495101 -30.960838 -0.324788 7.872637 -33.334889 -0.000001 0.000001 -0.000001 2.382493 2.589162 -36.445148 -1.268124 1.858905 -24.688236 -1.446816 7.831375 -33.725220 -0.000002 -0.000000 -0.000003 0.029802 0.259948 -17.662412 4.466898 -36.680558 62.926827 179.302547 144.337443 -178.783316 2.174469 -0.223848 -27.322526 -2.074577 -17.366789 2.487279 3.431355 0.609164 5.067701 -2.746778 10.074707 1.023968 0.000003 -0.000003 -0.000001 3.647908 -4.234153 51.136441 6.118539 -6.508076 37.680118 9.438394 -7.323309 54.320153 -0.000000 0.000001 -0.000001 2.547079 -3.078818 51.660330 3.007668 -7.782441 38.920631 2.902198 -7.394707 36.616187 0.000000 -0.000000 -0.000000 3.889618 -4.224736 56.928035 -0.137117 -5.597003 25.935531 0.266539 -6.994776 32.671336 0.000000 0.000000 -0.000002 3.499535 -3.975381 58.300890 -1.477931 -9.212614 39.374306 -1.627045 -9.459667 43.505894 -0.000001 0.000000 -0.000001 -17.789912 9.951487 -6.943607 45.178826 1.697181 -1.171788 -26.183385 -2.782732 8.637459 -3.566110 -0.000003 0.000004 -0.000000 0.000000 0.000000 -14.301690 -10.424516 -6.536574 52.871432 -10.501330 -6.554721 -6.754231 -0.960771 10.361590 -27.775634 -1.207528 5.657375 0.000000 -0.000003 0.000000 
2.116916 97.391197 4.735703 -0.460356 2.991713 0.885078 2.408243 0.742363 -0.849139 3.902121 1.360060 -0.879884 3.902639 1.365992 -0.869434 -0.901444 -2.138407 -2.281733 -18.258352 -16.175380 7.264874 0.000001 -0.000001 -0.000001 0.798579 -4.034298 10.069661 6.619869 10.892487 -46.799176 -0.557928 -30.078422 -1.143052 -11.304264 7.994041 12.303199 6.807332 13.876542 -7.988862 3.822358 9.086237 -5.332244 -0.212267 2.378147 -2.298773 0.000003 0.000002 -0.000003 -5.715643 -11.944888 -31.018956 6.991855 7.829082 -43.843244 4.470296 6.153793 -31.647193 0.000001 -0.000000 -0.000001 -0.806365 -2.772008 -33.367209 1.936953 7.443695 -32.185767 2.551691 7.837778 -40.444624 0.000001 -0.000000 -0.000003 0.296678 -0.129380 -43.420575 -0.620345 7.489317 -30.935494 -0.329281 7.855089 -33.256065 -0.000000 -0.000000 0.000001 2.328072 2.504552 -35.914340 -1.268434 1.886895 -24.800623 -1.447622 7.824592 -33.698050 0.000001 -0.000000 -0.000000 0.387822 1.344612 -16.277012 0.539973 -31.435775 59.656935 179.211774 141.029609 -178.729317 3.913290 0.072448 -27.183477 -2.062976 -17.380849 2.494432 3.431354 0.609162 5.067700 -2.742694 10.051697 1.022558 -0.000002 0.000004 0.000002 3.479777 -4.086838 50.882235 6.093748 -6.495377 37.562089 9.409361 -7.316951 54.192008 0.000003 -0.000002 -0.000003 2.307517 -2.841962 51.147663 2.972329 -7.742293 38.666480 2.887830 -7.377926 36.511172 0.000000 -0.000000 0.000003 3.829286 -4.166234 56.523920 -0.147128 -5.547835 25.702473 0.256093 -6.963754 32.518630 -0.000000 -0.000000 -0.000002 3.530793 -3.994639 58.249622 -1.478482 -9.209657 39.361421 -1.629832 -9.447007 43.451437 -0.000000 -0.000000 -0.000003 -15.813305 10.298795 -6.837348 41.071013 1.471183 -0.421136 -21.543622 -2.210847 8.488797 -6.434606 0.000002 0.000005 -0.000000 0.000001 0.000000 -14.564432 -10.642791 -6.193050 51.423576 -10.928455 -6.254590 -1.450595 -0.573353 9.996585 -25.774436 -1.201222 6.182249 -0.000000 0.000001 -0.000000 
2.063233 99.281494 4.490346 -0.721732 2.629163 0.366427 2.266956 0.735019 -0.683899 3.704289 1.316426 -0.402855 3.703640 1.321628 -0.393862 -1.258595 -2.076320 -2.081935 -17.350736 -15.430038 6.937685 0.000002 0.000001 -0.000000 0.769813 -3.842112 9.245679 4.854179 5.362442 -46.288042 -0.629500 -33.069628 -1.179582 -8.192177 7.449438 12.356499 6.807896 13.841580 -8.117473 3.783827 8.867345 -5.307305 -0.202999 2.434766 -2.305669 0.000001 0.000003 0.000000 -5.834854 -12.256081 -30.913487 6.975560 7.821192 -43.768149 4.441713 6.131220 -31.496936 0.000000 -0.000000 -0.000002 -0.949184 -3.077060 -33.108485 1.934784 7.440214 -32.167462 2.535386 7.816057 -40.323186 0.000001 -0.000002 -0.000001 0.181858 -0.319738 -43.132624 -0.622263 7.479300 -30.891477 -0.334056 7.836196 -33.171264 0.000000 0.000001 -0.000003 2.285953 2.436390 -35.386892 -1.268504 1.894648 -24.831771 -1.448443 7.817776 -33.670691 0.000000 -0.000001 -0.000000 0.710351 2.392755 -14.463218 -3.169376 -25.440481 55.999188 179.119921 137.966693 -178.670577 5.728593 0.444707 -26.672775 -2.075966 -17.365519 2.484908 3.431354 0.609161 5.067698 -2.746748 10.074497 1.023955 -0.000003 -0.000003 -0.000002 3.273172 -3.903908 50.614902 6.077760 -6.487157 37.485919 9.390799 -7.312844 54.109896 -0.000002 -0.000002 0.000000 2.065841 -2.596095 50.634132 2.948172 -7.714596 38.491893 2.872639 -7.360134 36.400021 0.000001 0.000002 0.000001 3.785383 -4.118748 56.102931 -0.154858 -5.509150 25.519270 0.247492 -6.937980 32.391875 0.000001 0.000001 0.000003 3.572335 -4.021029 58.195582 -1.478222 -9.211004 39.367308 -1.631698 -9.438489 43.414810 -0.000001 -0.000000 0.000001 -13.629798 10.709467 -6.789716 36.368958 1.164551 0.398305 -15.810329 -1.463384 8.277006 -10.099759 0.000006 0.000006 -0.000000 0.000001 0.000000 -14.628175 -11.004380 -5.807132 49.480561 -11.721107 -5.911957 3.985418 -0.218447 9.961438 -22.278704 -1.084499 6.515189 -0.000001 -0.000000 0.000000 
1.993710 101.200279 4.209122 -0.956721 2.348107 -0.161149 2.142740 0.677433 -0.516485 3.560211 1.191372 0.022140 3.558814 1.195861 0.029129 -1.628336 -2.035969 -1.755266 -16.577277 -14.682438 6.669461 0.000000 0.000001 -0.000000 0.670589 -3.262539 8.595432 3.266730 -1.044215 -45.763842 -0.695234 -35.650862 -1.215868 -5.380171 7.224204 12.299679 6.810701 13.800254 -8.280401 3.734551 8.585004 -5.275195 -0.199996 2.453055 -2.307891 0.000001 0.000002 -0.000003 -5.955570 -12.641428 -30.701188 6.951076 7.809287 -43.655301 4.409256 6.105461 -31.325945 -0.000003 0.000001 0.000004 -1.085728 -3.400450 -32.740812 1.929654 7.432013 -32.124224 2.518149 7.792991 -40.194396 0.000002 0.000000 0.000002 0.065366 -0.527358 -42.758279 -0.625631 7.461409 -30.812968 -0.339028 7.816548 -33.083145 -0.000001 -0.000000 -0.000004 2.235188 2.353912 -34.792806 -1.268384 1.882738 -24.783970 -1.449782 7.806639 -33.626039 -0.000001 -0.000001 0.000001 0.945587 3.252081 -12.425812 -6.520814 -18.816673 52.317934 179.030432 135.240778 -178.609898 7.596635 0.820028 -25.673619 -2.114366 -17.319707 2.458440 3.431354 0.609161 5.067698 -2.757678 10.136120 1.027727 -0.000002 0.000002 0.000002 3.040072 -3.694456 50.336076 6.067998 -6.482110 37.439354 9.383482 -7.311233 54.077637 -0.000000 0.000003 0.000001 1.825087 -2.343360 50.115895 2.930469 -7.694230 38.363636 2.857867 -7.342750 36.291595 0.000003 -0.000001 -0.000001 3.752231 -4.078785 55.671868 -0.162405 -5.470833 25.337849 0.240446 -6.916701 32.287254 0.000001 0.000000 -0.000003 3.618228 -4.050592 58.142122 -1.478623 -9.208831 39.357859 -1.632927 -9.432865 43.390580 0.000001 0.000001 -0.000001 -11.547455 11.173199 -6.712920 31.492114 0.648663 1.130395 -8.984701 -0.668171 8.049678 -11.905618 0.000014 0.000009 0.000000 0.000000 -0.000000 -14.534028 -11.492701 -5.389506 47.195583 -12.689978 -5.532323 8.929267 -0.044300 10.288962 -17.356672 -0.832901 6.221017 -0.000002 -0.000002 0.000001 
1.908266 103.048370 3.891077 -1.112071 2.135866 -0.649775 2.028586 0.589334 -0.343785 3.450820 1.026707 0.367165 3.449110 1.030969 0.372105 -2.049442 -2.023863 -1.364104 -15.871145 -14.010359 6.455231 0.000000 -0.000001 -0.000000 0.548622 -2.535350 7.836278 1.978453 -7.955108 -44.677439 -0.762930 -38.147597 -1.255732 -3.004134 7.414505 12.092821 6.818270 13.751252 -8.494354 3.669593 8.208265 -5.232549 -0.205019 2.422394 -2.304165 0.000003 0.000001 -0.000006 -6.080990 -13.131455 -30.356649 6.916159 7.792196 -43.494283 4.371050 6.074931 -31.124219 0.000002 0.000000 0.000001 -1.228149 -3.772557 -32.246372 1.922119 7.419855 -32.060321 2.499829 7.768402 -40.057400 0.000001 0.000001 0.000002 -0.063205 -0.770168 -42.285585 -0.630493 7.435607 -30.699788 -0.344135 7.796097 -32.991388 -0.000004 -0.000001 -0.000001 2.160752 2.233200 -34.100133 -1.268122 1.858137 -24.685157 -1.452025 7.787489 -33.549251 0.000001 -0.000001 0.000000 1.064070 3.762786 -10.414595 -9.478441 -11.672640 49.028645 178.944427 132.840622 -178.548808 9.247531 1.044211 -24.268552 -2.172193 -17.250459 2.418733 3.431353 0.609160 5.067699 -2.771969 10.216619 1.032630 -0.000001 -0.000001 -0.000001 2.798427 -3.473428 50.054621 6.061824 -6.478921 37.409909 9.385021 -7.311566 54.084392 -0.000000 0.000003 0.000004 1.589657 -2.087968 49.598119 2.915911 -7.677406 38.258000 2.844576 -7.327063 36.193951 0.000001 -0.000000 0.000001 3.722263 -4.041279 55.244578 -0.170451 -5.429141 25.140661 0.234515 -6.898712 32.198950 -0.000000 0.000002 0.000001 3.661336 -4.078456 58.091558 -1.480017 -9.201415 39.325535 -1.633856 -9.428597 43.372258 -0.000003 0.000000 -0.000001 -10.356569 11.653080 -6.253722 27.685926 0.200921 1.651643 -1.856448 0.126987 5.702821 -13.642523 -0.020518 1.120164 0.000000 -0.000000 0.000000 -14.349778 -12.062813 -4.963297 44.874565 -12.589695 -5.110092 12.800138 -1.022283 11.189528 -11.068929 -0.476242 4.760727 0.000001 -0.000000 -0.000001 
1.819089 104.722939 3.535196 -1.158929 1.945424 -1.077489 1.922790 0.495230 -0.141759 3.363925 0.871468 0.624738 3.362143 0.876301 0.627969 -2.581468 -2.038212 -0.990425 -15.162776 -13.472443 6.278263 -0.000000 0.000000 -0.000001 0.451353 -1.868005 6.717312 1.211013 -15.025622 -42.510954 -0.839498 -40.780085 -1.303581 -1.109823 7.970373 11.752940 6.831192 13.696070 -8.758113 3.589197 7.734839 -5.179199 -0.217466 2.346273 -2.294870 0.000000 0.000001 0.000001 -6.209023 -13.713381 -29.908890 6.872297 7.770563 -43.291569 4.326856 6.039336 -30.890203 0.000001 -0.000000 -0.000002 -1.382988 -4.206588 -31.650277 1.913483 7.405902 -31.986971 2.480481 7.742300 -39.912169 0.000002 0.000000 0.000003 -0.207775 -1.053250 -41.738613 -0.636353 7.403955 -30.561043 -0.349485 7.774567 -32.894905 -0.000002 -0.000003 -0.000000 2.056796 2.062562 -33.324250 -1.267745 1.829615 -24.570627 -1.455496 7.757571 -33.429340 0.000000 -0.000000 0.000000 1.066098 3.812722 -8.650742 -12.140588 -4.109642 46.420131 178.861481 130.713715 -178.487596 10.363988 0.995730 -22.745375 -2.241207 -17.167566 2.371367 3.431353 0.609162 5.067701 -2.785543 10.293214 1.037295 -0.000000 -0.000001 0.000001 2.565774 -3.256648 49.784170 6.056439 -6.476131 37.384176 9.390879 -7.312862 54.110316 -0.000002 0.000002 -0.000002 1.363661 -1.835108 49.094648 2.902475 -7.661812 38.160212 2.833582 -7.314041 36.113020 0.000001 0.000001 -0.000000 3.688116 -4.001140 54.838018 -0.178715 -5.385598 24.934838 0.229332 -6.882908 32.121362 -0.000002 0.000003 -0.000001 3.695174 -4.100156 58.045659 -1.481863 -9.191468 39.282330 -1.634784 -9.424305 43.353738 -0.000003 0.000005 -0.000003 -10.277816 12.101380 -5.310318 25.286743 0.371506 1.918051 5.057321 0.477931 0.822667 -16.217767 -0.219257 3.605733 0.000000 0.000000 -0.000000 -14.206196 -12.651618 -4.567628 42.608243 -12.352779 -4.665038 15.285381 -1.852303 12.376024 -3.321019 -0.102179 2.244458 0.000001 0.000003 -0.000001 
1.742829 106.159180 3.153772 -1.104198 1.708442 -1.411930 1.831700 0.421897 0.086659 3.299747 0.767930 0.803096 3.297855 0.774235 0.805104 -3.286223 -2.071061 -0.709906 -14.393732 -13.098004 6.115226 -0.000001 0.000000 0.000000 0.410098 -1.397579 5.120030 1.236722 -21.962695 -38.897470 -0.928863 -43.611424 -1.362716 0.326412 8.748380 11.361605 6.847823 13.637770 -9.054071 3.498179 7.188687 -5.117958 -0.234864 2.239487 -2.281846 0.000007 -0.000000 -0.000002 -6.337239 -14.345815 -29.424083 6.822817 7.745913 -43.062543 4.278126 5.999721 -30.631203 0.000001 0.000002 -0.000000 -1.550967 -4.699009 -31.003390 1.905140 7.392402 -31.916077 2.460395 7.715010 -39.760754 0.000002 -0.000001 -0.000001 -0.366086 -1.369574 -41.164795 -0.642682 7.369289 -30.409150 -0.355056 7.752054 -32.794023 0.000001 -0.000000 -0.000006 1.926945 1.843991 -32.522048 -1.267390 1.804388 -24.469298 -1.460255 7.715544 -33.261034 0.000003 0.000000 0.000002 0.972132 3.380350 -7.264771 -14.686956 3.782153 44.570908 178.781677 128.826425 -178.426821 10.768142 0.673412 -21.516278 -2.314010 -17.079598 2.322080 3.431354 0.609161 5.067700 -2.795299 10.348198 1.040662 0.000000 0.000000 0.000001 2.354723 -3.056407 49.537456 6.048873 -6.472212 37.348031 9.396150 -7.314023 54.133631 -0.000002 0.000001 -0.000001 1.149077 -1.588764 48.622153 2.888824 -7.645899 38.060546 2.825211 -7.304106 36.051275 -0.000001 0.000001 0.000002 3.643459 -3.953580 54.465735 -0.186383 -5.344193 24.739399 0.224562 -6.868327 32.049751 -0.000000 0.000000 0.000003 3.715405 -4.112626 58.006078 -1.483273 -9.183711 39.248497 -1.635988 -9.418842 43.330290 0.000004 -0.000003 -0.000002 -10.358458 12.474889 -4.281877 22.900163 1.235730 1.998102 11.799909 0.136428 -4.835551 -18.448032 -0.734926 6.483812 0.000000 -0.000000 0.000001 -14.199993 -13.190641 -4.252886 40.565593 -12.094021 -4.211722 16.327070 -2.143993 13.557613 -0.716080 0.000003 -0.000002 0.000003 -0.000001 0.000000 
1.688738 107.324905 2.760177 -0.992544 1.364075 -1.615015 1.770063 0.388387 0.310518 3.272179 0.740840 0.916582 3.269904 0.749372 0.917822 -4.199764 -2.111931 -0.566338 -13.535001 -12.884468 5.939658 -0.000001 -0.000001 -0.000000 0.426589 -1.174255 3.115406 2.252138 -28.533773 -33.723065 -1.030090 -46.527775 -1.433460 1.376179 9.575359 11.021560 6.864462 13.579757 -9.353220 3.403855 6.610931 -5.053527 -0.253730 2.123024 -2.267637 0.000001 -0.000001 -0.000004 -6.467562 -14.978502 -28.981698 6.771507 7.720088 -42.824521 4.227682 5.958345 -30.362165 -0.000003 -0.000001 -0.000002 -1.729030 -5.233505 -30.365833 1.898063 7.380879 -31.855664 2.440142 7.687334 -39.607492 0.000002 0.000001 0.000002 -0.532176 -1.703506 -40.619429 -0.648977 7.334232 -30.255672 -0.360642 7.729187 -32.691638 -0.000002 -0.000001 0.000000 1.781160 1.591191 -31.775403 -1.267087 1.786453 -24.397308 -1.466177 7.661822 -33.045948 -0.000001 0.000001 0.000001 0.810435 2.546948 -6.273196 -17.300719 11.925915 43.377961 178.706968 127.188299 -178.368464 10.478344 0.206536 -20.961318 -2.385384 -16.992466 2.275679 3.431355 0.609154 5.067696 -2.799767 10.373438 1.042190 -0.000003 -0.000003 0.000000 2.171382 -2.879646 49.321544 6.036414 -6.465749 37.288557 9.396815 -7.314163 54.136510 -0.000001 -0.000002 -0.000001 0.944967 -1.350227 48.193019 2.873865 -7.628418 37.951366 2.819213 -7.296970 36.006927 -0.000000 -0.000000 -0.000003 3.583247 -3.894255 54.131988 -0.192871 -5.308636 24.571607 0.219932 -6.854111 31.980069 -0.000001 -0.000002 -0.000002 3.720744 -4.114984 57.973990 -1.483548 -9.182232 39.242060 -1.637578 -9.411533 43.298847 0.000001 -0.000001 -0.000002 -10.591352 12.801748 -3.574790 21.304770 2.396292 1.949310 15.816775 -0.342910 -8.442367 -17.154592 -0.855135 6.940127 -0.000001 0.000002 -0.000002 -14.369024 -13.618152 -4.063648 38.828727 -11.849860 -3.783730 16.191016 -1.765875 14.563737 -0.713000 -0.000003 -0.000002 -0.000003 -0.000002 -0.000000 
1.655468 108.214203 2.365235 -0.896758 0.885015 -1.662049 1.758848 0.399291 0.491473 3.305034 0.791888 0.975847 3.302014 0.803024 0.976739 -5.305927 -2.151933 -0.555888 -12.605055 -12.801450 5.725185 -0.000000 -0.000000 0.000000 0.477782 -1.168495 0.949246 4.253395 -34.591213 -27.186904 -1.136136 -49.281109 -1.511304 2.146083 10.297456 10.799856 6.875999 13.524801 -9.621503 3.313763 6.047063 -4.990958 -0.270526 2.018840 -2.254909 0.000005 0.000001 -0.000000 -6.606801 -15.570198 -28.650608 6.721491 7.694685 -42.592175 4.179245 5.918218 -30.102836 -0.000000 -0.000001 0.000000 -1.912749 -5.786551 -29.794682 1.892530 7.371892 -31.808584 2.420429 7.660275 -39.457849 0.000002 0.000001 0.000001 -0.699102 -2.036195 -40.152404 -0.654869 7.300863 -30.109605 -0.365994 7.707156 -32.593065 0.000004 0.000001 -0.000004 1.631253 1.324311 -31.170258 -1.266926 1.776821 -24.358574 -1.472842 7.598835 -32.793920 0.000001 0.000001 -0.000002 0.612407 1.474449 -5.594983 -20.110647 20.246825 42.652172 178.640866 125.835293 -178.315749 9.675059 -0.212783 -21.242872 -2.452385 -16.909574 2.235231 3.431352 0.609159 5.067699 -2.799258 10.370520 1.042018 -0.000003 -0.000005 -0.000000 2.016449 -2.728024 49.135896 6.017318 -6.455797 37.197354 9.390652 -7.312821 54.109339 -0.000000 0.000001 -0.000005 0.748247 -1.117938 47.810942 2.856867 -7.608491 37.826960 2.814797 -7.291686 35.974251 0.000001 0.000000 0.000002 3.503804 -3.819565 53.829684 -0.197926 -5.280543 24.439035 0.215240 -6.839590 31.908861 -0.000001 0.000001 0.000001 3.712392 -4.108027 57.949688 -1.482280 -9.189115 39.272068 -1.639626 -9.402079 43.258228 0.000002 -0.000001 0.000003 -11.052219 13.018925 -3.089485 20.688057 3.711330 1.837800 17.625797 -0.725079 -10.971312 -13.618148 -0.731386 6.429252 -0.000001 -0.000004 0.000000 -14.679584 -13.896313 -4.008106 37.388927 -11.646722 -3.435651 15.370794 -0.795040 15.378210 -0.709947 0.000006 0.000013 0.000000 -0.000001 0.000001 
1.630856 108.837799 1.975954 -0.898100 0.288480 -1.542268 1.819610 0.444849 0.591254 3.423219 0.900711 0.982951 3.419206 0.914332 0.983991 -6.526407 -2.187167 -0.628210 -11.674258 -12.798013 5.450599 0.000001 -0.000000 0.000000 0.535733 -1.302088 -1.041535 6.999506 -40.105085 -19.774940 -1.234633 -51.591216 -1.586481 2.767538 10.804978 10.700857 6.876665 13.474289 -9.825761 3.233541 5.534405 -4.934339 -0.282275 1.945775 -2.245988 0.000003 0.000001 -0.000001 -6.763662 -16.099587 -28.470822 6.675021 7.670836 -42.375815 4.136805 5.882775 -29.874821 -0.000001 -0.000000 0.000000 -2.098689 -6.333054 -29.336851 1.888438 7.365229 -31.773599 2.401970 7.634804 -39.317298 0.000000 0.000000 -0.000000 -0.861194 -2.350012 -39.800441 -0.660136 7.270685 -29.977591 -0.370779 7.687389 -32.504573 0.000002 0.000001 -0.000003 1.486616 1.063567 -30.777102 -1.266890 1.774541 -24.349419 -1.479694 7.530953 -32.522448 -0.000000 -0.000001 0.000002 0.412822 0.360092 -5.095669 -23.172395 28.647410 42.220128 178.586853 124.791258 -178.271981 8.629490 -0.419031 -22.200294 -2.513412 -16.832880 2.202093 3.431353 0.609167 5.067700 -2.795358 10.348545 1.040690 -0.000004 -0.000001 0.000000 1.887775 -2.600121 48.973669 5.991471 -6.442278 37.073840 9.377768 -7.309952 54.052433 0.000000 0.000001 0.000002 0.555720 -0.889088 47.469521 2.837736 -7.585902 37.686358 2.810847 -7.286996 35.945165 0.000000 0.000001 -0.000002 3.403815 -3.727411 53.542775 -0.201703 -5.259269 24.338684 0.210320 -6.824334 31.834012 -0.000000 -0.000000 0.000001 3.692955 -4.093584 57.932135 -1.479552 -9.203892 39.336299 -1.642058 -9.390758 43.209553 0.000001 -0.000000 0.000001 -11.529633 13.106028 -2.819929 20.793264 4.966276 1.715639 17.804406 -0.950933 -12.806452 -8.786102 -0.556936 5.665031 -0.000001 -0.000000 0.000000 -15.053665 -14.014834 -4.064889 36.195594 -11.496477 -3.223395 14.400112 0.527982 16.059228 -0.706812 -0.000019 0.000012 0.000005 -0.000000 -0.000000 
1.594488 109.223480 1.597401 -1.061639 -0.370943 -1.242073 1.965781 0.505217 0.562785 3.640982 1.032589 0.933849 3.635989 1.048123 0.935694 -7.737087 -2.219707 -0.705760 -10.844704 -12.811575 5.106282 -0.000001 0.000000 0.000000 0.583992 -1.495179 -2.549410 10.093511 -45.151789 -12.126687 -1.312342 -53.263161 -1.647575 3.381489 11.029349 10.688572 6.860993 13.428233 -9.939000 3.165529 5.091711 -4.885612 -0.286858 1.917212 -2.242495 0.000002 0.000004 0.000001 -6.944249 -16.567601 -28.445141 6.633344 7.649270 -42.181462 4.104069 5.855212 -29.698513 -0.000000 -0.000000 0.000001 -2.285451 -6.851370 -29.025500 1.885393 7.360272 -31.747641 2.385299 7.611643 -39.189798 0.000001 -0.000000 0.000001 -1.014787 -2.631369 -39.584945 -0.664593 7.244838 -29.864681 -0.374693 7.671045 -32.431480 -0.000000 -0.000000 -0.000000 1.351839 0.823683 -30.637961 -1.266969 1.778285 -24.364468 -1.486154 7.463841 -32.254264 0.000001 -0.000001 -0.000000 0.246333 -0.614662 -4.639206 -26.490575 36.984122 41.994906 178.545871 124.033886 -178.238390 7.608206 -0.317468 -23.408474 -2.567133 -16.764231 2.176525 3.431352 0.609162 5.067703 -2.790189 10.319449 1.038904 -0.000001 -0.000003 -0.000001 1.782963 -2.493770 48.825529 5.960712 -6.426089 36.926533 9.360352 -7.306049 53.975321 0.000001 0.000000 -0.000002 0.366247 -0.661550 47.153980 2.817316 -7.561704 37.536008 2.806345 -7.281631 35.911820 0.000001 0.000000 0.000001 3.285459 -3.618356 53.252113 -0.204612 -5.242768 24.260938 0.205188 -6.808348 31.755684 0.000000 0.000002 0.000001 3.664680 -4.073061 57.918816 -1.475857 -9.223743 39.422715 -1.644715 -9.378374 43.156335 -0.000000 0.000000 0.000001 -11.843496 13.076029 -2.814317 21.418027 5.838111 1.626720 16.737457 -0.969863 -13.906369 -3.858246 -0.281496 4.083367 -0.000002 -0.000002 0.000000 -15.386516 -13.986481 -4.213685 35.245596 -10.379963 -3.169331 13.655401 0.906737 16.876603 -0.703696 -0.000002 0.000005 0.000003 0.000001 -0.000002 
1.536279 109.381371 1.237014 -1.414314 -1.024251 -0.825402 2.193102 0.560730 0.437556 3.951515 1.150826 0.826731 3.945865 1.167475 0.830123 -8.806693 -2.254714 -0.715604 -10.208480 -12.781141 4.698880 0.000001 -0.000001 -0.000000 0.619219 -1.711717 -3.403860 13.124703 -49.829911 -4.846302 -1.361989 -54.267335 -1.687298 4.116774 10.916142 10.739141 6.824639 13.385357 -9.944288 3.108328 4.713352 -4.844087 -0.283151 1.940387 -2.245328 0.000003 0.000001 -0.000000 -7.149064 -16.991873 -28.543087 6.596951 7.630282 -42.011442 4.084051 5.838293 -29.590422 -0.000002 -0.000000 -0.000000 -2.473852 -7.327103 -28.877278 1.883110 7.356542 -31.728093 2.370631 7.591197 -39.077360 -0.000000 0.000001 -0.000000 -1.158087 -2.871361 -39.514181 -0.668068 7.224360 -29.775066 -0.377634 7.658744 -32.376589 0.000000 0.000000 -0.000002 1.226625 0.611256 -30.761376 -1.267098 1.787420 -24.401298 -1.491703 7.403352 -32.012714 0.000001 0.000000 -0.000001 0.137881 -1.325935 -4.130679 -30.078971 45.061067 42.021366 178.515108 123.483905 -178.212995 6.782415 0.138799 -24.371421 -2.611205 -16.706805 2.159416 3.431355 0.609155 5.067700 -2.785489 10.292907 1.037298 -0.000001 0.000005 0.000003 1.701539 -2.408457 48.683379 5.928186 -6.408873 36.770614 9.341742 -7.301868 53.893068 -0.000000 0.000001 0.000001 0.182245 -0.435845 46.844067 2.797405 -7.537974 37.388848 2.800633 -7.274779 35.869439 0.000001 0.000000 -0.000001 3.155111 -3.496638 52.942401 -0.207082 -5.228622 24.194318 0.200057 -6.792249 31.676942 -0.000001 0.000001 0.000000 3.628303 -4.046834 57.906112 -1.471927 -9.244610 39.513642 -1.647325 -9.366221 43.104057 -0.000001 0.000000 0.000003 -11.938811 12.928367 -3.012111 22.419661 6.090048 1.616700 14.925924 -0.828275 -14.395196 -0.741229 -0.016159 0.987643 -0.000001 0.000001 0.000001 -15.605758 -13.865002 -4.382067 34.458069 -9.141277 -3.274724 13.309538 0.907535 17.558982 -0.700568 0.000007 0.000010 -0.000001 0.000001 0.000002 
1.453131 109.320312 0.907553 -1.934414 -1.616829 -0.367702 2.476206 0.598284 0.264913 4.323156 1.229460 0.671614 4.317356 1.246488 0.677136 -9.641211 -2.294255 -0.622545 -9.803105 -12.664972 4.251875 -0.000000 -0.000002 -0.000001 0.645431 -1.983165 -3.635969 15.795277 -54.154036 1.662815 -1.386977 -54.754628 -1.707491 5.064902 10.392590 10.884029 6.765227 13.343333 -9.838000 3.057056 4.369287 -4.806424 -0.270933 2.016295 -2.254585 0.000002 0.000001 -0.000001 -7.373071 -17.395681 -28.716383 6.565849 7.613940 -41.865880 4.078588 5.833638 -29.560902 0.000000 -0.000002 0.000003 -2.666079 -7.755309 -28.890488 1.881504 7.353929 -31.714368 2.357984 7.573494 -38.980187 0.000000 -0.000000 -0.000001 -1.290418 -3.065091 -39.587432 -0.670528 7.209868 -29.711791 -0.379629 7.650384 -32.339084 0.000000 0.000001 -0.000000 1.107608 0.426118 -31.126586 -1.267370 1.802635 -24.462300 -1.496023 7.354093 -31.816008 0.000000 -0.000000 -0.000000 0.092662 -1.731147 -3.563779 -34.064783 52.647470 42.534494 178.488443 123.019794 -178.190865 6.185970 0.983991 -24.730380 -2.641322 -16.665738 2.154550 3.431352 0.609161 5.067699 -2.781685 10.271482 1.036003 -0.000001 -0.000001 0.000001 1.646017 -2.346561 48.542527 5.897126 -6.392307 36.621500 9.325152 -7.298119 53.819719 -0.000001 -0.000000 -0.000000 0.010003 -0.215888 46.517406 2.779794 -7.516862 37.258279 2.793665 -7.266432 35.817819 0.000002 0.000001 0.000002 3.022703 -3.369918 52.608361 -0.209521 -5.214569 24.128147 0.195251 -6.777152 31.603101 -0.000001 0.000001 -0.000000 3.582452 -4.013702 57.889999 -1.468547 -9.262548 39.591728 -1.649563 -9.355607 43.058551 -0.000002 -0.000000 0.000000 -11.814141 12.657445 -3.331923 23.639292 5.648614 1.730131 12.889675 -0.616916 -14.505035 0.073234 0.000002 -0.000007 0.000002 -0.000001 -0.000001 -15.672555 -13.703362 -4.500897 33.791053 -8.337200 -3.504503 13.328355 0.930835 17.902447 -0.697417 0.000000 0.000005 0.000000 0.000001 0.000000 
1.347570 109.048401 0.627292 -2.558827 -2.127357 0.072381 2.773516 0.613940 0.086684 4.705319 1.260852 0.495693 4.699831 1.277801 0.503522 -10.213127 -2.330963 -0.450481 -9.587963 -12.454385 3.802178 0.000000 -0.000000 0.000000 0.672786 -2.399101 -3.482978 18.014306 -58.002608 7.303917 -1.400313 -55.010589 -1.718309 6.253599 9.360517 11.211201 6.682862 13.299229 -9.631117 3.004585 4.012051 -4.767404 -0.250975 2.139985 -2.269694 0.000001 0.000001 -0.000001 -7.608523 -17.795701 -28.921138 6.540028 7.600315 -41.745020 4.088069 5.841666 -29.612060 -0.000002 0.000001 -0.000001 -2.864159 -8.139299 -29.044686 1.880755 7.352692 -31.707975 2.347237 7.558404 -38.897367 0.000002 -0.000002 0.000002 -1.411512 -3.210186 -39.798300 -0.671917 7.201653 -29.675949 -0.380895 7.644958 -32.314971 -0.000000 -0.000001 0.000000 0.991295 0.265938 -31.693809 -1.267688 1.825515 -24.554197 -1.499087 7.318035 -31.672202 0.000001 0.000000 -0.000001 0.094159 -1.868974 -3.034410 -38.848856 59.503891 44.072899 178.458486 122.511546 -178.165826 5.733137 2.222325 -24.369521 -2.650883 -16.648282 2.170217 3.431354 0.609158 5.067699 -2.777449 10.247540 1.034517 -0.000002 -0.000003 0.000000 1.622109 -2.313812 48.402443 5.869065 -6.377278 36.486577 9.311805 -7.295080 53.760641 -0.000002 -0.000000 -0.000002 -0.141132 -0.009159 46.155236 2.765033 -7.499117 37.148695 2.786025 -7.257292 35.761262 -0.000002 -0.000001 -0.000000 2.899500 -3.248073 52.258126 -0.212284 -5.198496 24.052494 0.191105 -6.764061 31.539054 0.000001 0.000001 -0.000000 3.524374 -3.971564 57.866845 -1.466104 -9.275311 39.647353 -1.651304 -9.347484 43.023679 -0.000000 0.000001 0.000002 -11.518424 12.264269 -3.702692 24.954977 4.616369 1.993214 11.027851 -0.411638 -14.480517 -0.217870 0.000003 -0.000008 -0.000002 -0.000001 0.000001 -15.594249 -13.524974 -4.524626 33.257991 -7.977504 -3.805775 13.535978 0.950700 17.836728 -0.694238 0.000012 -0.000007 -0.000001 -0.000001 0.000003 
1.228247 108.568291 0.417294 -3.205865 -2.569017 0.445217 3.039406 0.612188 -0.054038 5.043054 1.254637 0.340611 5.038103 1.271353 0.350436 -10.563427 -2.345871 -0.281374 -9.456498 -12.173878 3.393835 -0.000001 -0.000000 -0.000000 0.718233 -3.066512 -3.325915 19.955422 -61.153586 12.324441 -1.419405 -55.370766 -1.733872 7.626903 7.733406 11.822690 6.580503 13.249703 -9.348686 2.943422 3.589069 -4.721283 -0.225009 2.300064 -2.289238 -0.000002 0.000003 0.000003 -7.848830 -18.191032 -29.138963 6.520365 7.589876 -41.652812 4.111079 5.861134 -29.736233 0.000003 0.000001 -0.000002 -3.068400 -8.487560 -29.304616 1.881172 7.353384 -31.711527 2.338158 7.545641 -38.827494 0.000001 -0.000001 0.000002 -1.521063 -3.306548 -40.135039 -0.672325 7.199240 -29.665383 -0.381792 7.641182 -32.297987 0.000001 0.000001 0.000001 0.876963 0.130925 -32.417427 -1.268113 1.857960 -24.684387 -1.501067 7.294131 -31.576811 0.000002 0.000000 0.000001 0.113369 -1.833808 -2.736126 -45.303159 65.390175 47.634228 178.418502 121.855479 -178.132167 5.275200 3.766221 -23.386156 -2.632309 -16.661954 2.218443 3.431353 0.609159 5.067699 -2.769693 10.203855 1.031857 0.000002 0.000000 0.000001 1.638382 -2.318875 48.266372 5.842607 -6.363014 36.359313 9.299474 -7.292245 53.706051 0.000001 -0.000001 0.000001 -0.259645 0.172743 45.749662 2.751504 -7.482785 37.047971 2.778671 -7.248420 35.706467 0.000000 0.000000 0.000000 2.794650 -3.140320 51.913170 -0.215714 -5.178423 23.957903 0.187673 -6.753171 31.485806 0.000000 0.000000 -0.000000 3.451459 -3.918351 57.834237 -1.464448 -9.283945 39.685014 -1.652540 -9.341686 42.998797 -0.000000 -0.000001 -0.000001 -11.145556 11.762009 -4.056677 26.329934 3.216517 2.398068 9.514317 -0.245277 -14.476927 -0.598863 -0.000002 0.000009 -0.000001 -0.000001 0.000000 -15.419140 -13.320471 -4.416214 32.913524 -7.986567 -4.131666 13.696520 0.932693 17.347653 -0.691036 0.000005 0.000008 -0.000002 -0.000001 0.000001 
1.105408 107.879120 0.295153 -3.803533 -2.973203 0.716902 3.239050 0.601385 -0.122055 5.294742 1.228696 0.251154 5.290267 1.245182 0.262325 -10.777524 -2.313094 -0.227938 -9.282330 -11.867466 3.069572 -0.000000 0.000001 -0.000000 0.794508 -4.052899 -3.565979 21.993165 -63.391361 17.211290 -1.460614 -56.126530 -1.767706 9.046267 5.503495 12.773521 6.463804 13.192022 -9.026901 2.868175 3.058401 -4.663568 -0.195901 2.478004 -2.310949 0.000004 0.000000 -0.000003 -8.091353 -18.557235 -29.387657 6.509267 7.583982 -41.600742 4.144425 5.889136 -29.915791 0.000004 -0.000001 0.000002 -3.276141 -8.807409 -29.629364 1.882981 7.356321 -31.726942 2.330630 7.535022 -38.769329 -0.000000 -0.000001 0.000001 -1.618619 -3.356817 -40.577556 -0.671988 7.201160 -29.673798 -0.382652 7.637608 -32.282056 -0.000001 0.000003 0.000001 0.768382 0.026901 -33.256150 -1.268545 1.900719 -24.856126 -1.502345 7.278424 -31.514172 0.000005 -0.000002 -0.000000 0.123227 -1.728055 -2.900931 -54.813204 70.022102 54.675500 178.363833 120.995189 -178.085804 4.669949 5.406191 -21.985675 -2.580458 -16.710843 2.310696 3.431356 0.609162 5.067700 -2.754492 10.118133 1.026625 -0.000001 -0.000003 0.000001 1.704182 -2.371619 48.141687 5.813412 -6.347172 36.218666 9.282202 -7.288287 53.629617 0.000001 -0.000000 -0.000001 -0.333700 0.314110 45.313169 2.735194 -7.462986 36.926233 2.772340 -7.240820 35.659519 -0.000002 -0.000001 0.000000 2.711662 -3.051936 51.604852 -0.220056 -5.152643 23.836650 0.184601 -6.743406 31.438049 0.000003 0.000001 0.000000 3.363004 -3.853432 57.791713 -1.462602 -9.293523 39.726723 -1.653574 -9.336765 42.977654 -0.000002 0.000001 0.000001 -10.789902 11.178063 -4.343295 27.789929 1.698879 2.901876 8.276463 -0.110963 -14.493252 -1.019404 0.000007 0.000000 -0.000001 -0.000001 0.000000 -15.217248 -13.054664 -4.149664 32.856960 -8.267513 -4.451894 13.551275 0.847881 16.485841 -0.687845 -0.000001 -0.000004 0.000002 -0.000001 0.000001 
0.985493 106.979095 0.267932 -4.311298 -3.365558 0.878022 3.359892 0.588201 -0.102836 5.445939 1.197279 0.258659 5.441718 1.213473 0.270447 -10.948309 -2.210927 -0.386305 -8.980463 -11.581457 2.859959 -0.000000 0.000001 0.000000 0.889742 -5.339084 -4.469597 24.423764 -64.637345 22.364317 -1.536789 -57.449903 -1.831008 10.325027 2.794674 14.029903 6.340560 13.124553 -8.707857 2.777572 2.403114 -4.592490 -0.167890 2.648265 -2.331714 0.000001 0.000006 0.000002 -8.336618 -18.847799 -29.714745 6.511149 7.584958 -41.609598 4.183227 5.921520 -30.124150 -0.000000 -0.000002 0.000002 -3.481761 -9.099978 -29.983950 1.886086 7.361421 -31.753631 2.324511 7.526344 -38.721907 0.000005 -0.000000 0.000000 -1.703779 -3.367979 -41.092047 -0.671333 7.205148 -29.691160 -0.383629 7.633392 -32.263276 -0.000001 -0.000000 0.000001 0.673327 -0.036134 -34.174640 -1.268923 1.952405 -25.063639 -1.503351 7.265486 -31.462590 -0.000001 0.000000 -0.000000 0.109111 -1.608656 -3.699863 -68.501313 73.020630 66.297661 178.291515 119.919735 -178.023785 3.833100 6.862964 -20.386737 -2.497672 -16.790152 2.450829 3.431354 0.609164 5.067702 -2.728418 9.971254 1.017633 -0.000000 0.000000 0.000001 1.826872 -2.480204 48.040668 5.775613 -6.326554 36.036293 9.251531 -7.281167 53.493768 0.000001 -0.000001 0.000002 -0.352972 0.395825 44.885592 2.710860 -7.433348 36.744133 2.767466 -7.234911 35.623149 -0.000005 -0.000000 -0.000001 2.646496 -2.981876 51.367896 -0.225373 -5.120744 23.686466 0.181161 -6.732400 31.384309 0.000002 -0.000000 0.000000 3.261544 -3.778582 57.741060 -1.458948 -9.312449 39.809238 -1.654972 -9.330099 42.949053 -0.000000 -0.000002 0.000002 -10.515667 10.547653 -4.542498 29.395778 0.257028 3.438054 7.039684 0.022516 -14.372526 -3.572222 -0.080053 2.184798 -0.000000 0.000001 -0.000000 -15.057388 -12.686803 -3.721448 33.213957 -8.752460 -4.749823 12.827004 0.681060 15.348880 -2.900650 0.083484 -2.155895 -0.000002 -0.000001 0.000001 
0.869151 105.866486 0.327546 -4.728271 -3.746970 0.944988 3.415092 0.573903 -0.007472 5.513869 1.163103 0.365744 5.509719 1.178710 0.377561 -11.142240 -2.035422 -0.786328 -8.556338 -11.352801 2.772324 -0.000001 0.000001 -0.000000 0.963883 -6.803752 -6.038143 27.148448 -65.053474 27.727865 -1.656830 -59.357773 -1.932659 11.297106 -0.142007 15.478996 6.219750 13.047567 -8.433148 2.675199 1.639693 -4.509893 -0.146102 2.779592 -2.347745 0.000000 0.000003 -0.000003 -8.582733 -19.003490 -30.173491 6.531750 7.595911 -41.706160 4.221489 5.953240 -30.329083 -0.000003 -0.000001 -0.000001 -3.677829 -9.357794 -30.348518 1.890027 7.367826 -31.787168 2.319665 7.519482 -38.684395 0.000003 0.000001 0.000001 -1.776426 -3.352521 -41.626656 -0.670769 7.208393 -29.705357 -0.384774 7.628603 -32.241887 0.000004 0.000000 0.000001 0.600745 -0.049890 -35.134855 -1.269078 2.008447 -25.288787 -1.504593 7.250152 -31.401371 0.000001 -0.000001 0.000001 0.074572 -1.456164 -5.135061 -85.091214 74.086898 81.098927 178.199349 118.643063 -177.943777 2.752302 7.891496 -18.774803 -2.398335 -16.882134 2.627660 3.431355 0.609162 5.067700 -2.690230 9.756241 1.004418 -0.000001 -0.000003 -0.000002 2.008252 -2.647507 47.981293 5.724350 -6.298313 35.788432 9.199222 -7.268883 53.261979 -0.000001 0.000001 0.000001 -0.310764 0.398241 44.533766 2.674143 -7.388185 36.467862 2.763717 -7.230405 35.595312 0.000001 0.000000 -0.000001 2.588216 -2.922525 51.231968 -0.231343 -5.084146 23.514429 0.176409 -6.717186 31.310007 -0.000002 0.000000 -0.000001 3.152961 -3.698112 57.686487 -1.451588 -9.350026 39.973149 -1.657368 -9.318724 42.900200 0.000003 -0.000000 -0.000002 -10.360105 9.903416 -4.665696 31.235831 -1.000387 3.931016 5.418515 0.190142 -13.866246 -7.202731 -0.448645 5.127063 -0.000001 -0.000000 0.000000 -14.996927 -12.195566 -3.160806 34.113988 -9.420221 -5.010250 11.248910 0.433817 14.047508 -7.329181 0.363336 -4.471958 0.000004 -0.000002 0.000000 
0.753350 104.541306 0.449948 -5.086704 -4.089912 0.956630 3.438193 0.554663 0.129723 5.541007 1.117902 0.539848 5.536917 1.132383 0.551323 -11.379889 -1.810023 -1.363288 -8.117667 -11.201859 2.785459 -0.000001 0.000001 0.000000 0.979721 -8.249257 -7.972471 29.716258 -65.064498 32.787739 -1.825672 -61.721004 -2.078951 11.902006 -3.000076 16.989322 6.110204 12.963503 -8.236791 2.568760 0.817250 -4.421105 -0.136083 2.839736 -2.355086 0.000004 0.000003 -0.000000 -8.816741 -18.968554 -30.789403 6.576109 7.619324 -41.913896 4.253146 5.979289 -30.498140 -0.000000 -0.000003 0.000001 -3.856725 -9.567932 -30.717150 1.893748 7.373905 -31.819044 2.316005 7.514279 -38.655971 0.000001 -0.000000 0.000001 -1.836761 -3.328100 -42.111296 -0.670804 7.208231 -29.704653 -0.385776 7.624380 -32.222930 -0.000000 0.000001 0.000001 0.556460 -0.015555 -36.078897 -1.269052 2.061381 -25.501251 -1.506234 7.229115 -31.317524 -0.000000 -0.000001 -0.000000 0.045539 -1.191629 -6.984813 -100.663799 73.486681 94.964806 178.084123 117.181498 -177.842403 1.471669 8.364663 -17.285115 -2.310589 -16.955489 2.811140 3.431355 0.609158 5.067700 -2.641967 9.484858 0.987688 -0.000000 -0.000001 0.000000 2.241795 -2.867885 47.986174 5.658197 -6.261472 35.467752 9.120914 -7.250043 52.914459 -0.000000 0.000001 -0.000000 -0.206006 0.306964 44.339922 2.623536 -7.325234 36.084521 2.760354 -7.226323 35.570194 0.000002 -0.000001 -0.000000 2.522343 -2.862228 51.213848 -0.237385 -5.046417 23.337221 0.169620 -6.695380 31.203473 -0.000000 -0.000001 0.000001 3.045392 -3.618135 57.634564 -1.439120 -9.412546 40.246012 -1.661183 -9.300348 42.821386 -0.000001 -0.000000 0.000000 -10.348074 9.268987 -4.753722 33.405625 -2.015352 4.311463 3.048961 0.398857 -12.734102 -12.178483 -0.646624 6.087566 0.000001 -0.000000 0.000000 -15.078891 -11.596528 -2.534507 35.654021 -10.281076 -5.206835 8.603126 0.126783 12.670070 -11.737858 0.538195 -5.419440 -0.000001 0.000001 0.000001 
0.636127 103.009415 0.598290 -5.434402 -4.352985 0.966212 3.471252 0.525546 0.260862 5.580253 1.050956 0.720375 5.576400 1.063682 0.731332 -11.634721 -1.584454 -1.969479 -7.840698 -11.127886 2.855970 -0.000000 0.000000 0.000000 0.942314 -9.462819 -9.765771 31.691818 -65.244077 36.936396 -2.042957 -64.309325 -2.271791 12.243910 -5.525978 18.476333 6.019269 12.876700 -8.139495 2.467771 0.007155 -4.333762 -0.142252 2.802702 -2.350552 0.000003 0.000005 -0.000002 -9.008404 -18.709220 -31.532856 6.645770 7.655695 -42.239386 4.273155 5.995669 -30.604732 0.000000 -0.000002 -0.000001 -4.011467 -9.720229 -31.083313 1.895878 7.377371 -31.837230 2.313323 7.510495 -38.635255 0.000002 -0.000001 0.000002 -1.884956 -3.314903 -42.465386 -0.671746 7.202707 -29.680468 -0.386185 7.622570 -32.214888 -0.000001 0.000001 0.000001 0.539027 0.049805 -36.912210 -1.268886 2.101700 -25.663167 -1.508297 7.202102 -31.209842 -0.000000 -0.000002 0.000000 0.063829 -0.738664 -8.854072 -112.812028 72.077921 105.290576 177.940717 115.545012 -177.714405 0.068703 8.289082 -15.990465 -2.272286 -16.970792 2.955442 3.431353 0.609162 5.067700 -2.589130 9.188020 0.969304 0.000001 0.000001 -0.000001 2.512034 -3.126122 48.078767 5.580444 -6.217498 35.089578 9.018735 -7.224733 52.460426 -0.000000 -0.000000 -0.000001 -0.044498 0.119518 44.379793 2.561532 -7.246881 35.610407 2.756402 -7.221572 35.540842 0.000002 0.000000 0.000000 2.436187 -2.790224 51.312862 -0.242796 -5.012008 23.175621 0.160696 -6.666332 31.061798 -0.000001 0.000000 -0.000000 2.947238 -3.545236 57.593166 -1.421290 -9.499221 40.624893 -1.666551 -9.274346 42.709832 -0.000000 0.000000 -0.000001 -10.515210 8.719698 -5.046646 36.270309 -2.738827 4.534719 -1.370409 0.714506 -9.409320 -14.315411 -0.437968 5.022189 0.000000 -0.000000 -0.000001 -15.340724 -10.941261 -1.940867 37.868997 -11.346659 -5.300831 4.840366 -0.199573 11.263363 -15.414197 0.649654 -5.277279 0.000000 -0.000002 0.000000 
0.520980 101.293343 0.729372 -5.813467 -4.507380 1.030484 3.550992 0.485933 0.337315 5.677411 0.960287 0.838274 5.674037 0.970826 0.848685 -11.847575 -1.419830 -2.426249 -7.905462 -11.112816 2.935324 -0.000001 0.000001 0.000000 0.899788 -10.290262 -10.897169 32.883020 -66.089061 39.776570 -2.300409 -66.853400 -2.505472 12.575097 -7.606677 19.914053 5.951587 12.792900 -8.144610 2.381182 -0.713455 -4.256107 -0.166337 2.657570 -2.332842 0.000001 -0.000001 0.000001 -9.112820 -18.227468 -32.312505 6.736140 7.702151 -42.660293 4.278552 6.000076 -30.633487 -0.000001 -0.000002 -0.000000 -4.134754 -9.817672 -31.414250 1.894739 7.375500 -31.827408 2.311385 7.507717 -38.620120 0.000000 0.000002 0.000000 -1.920362 -3.330730 -42.613694 -0.673749 7.190662 -29.627926 -0.385584 7.625169 -32.226468 0.000001 0.000001 0.000002 0.537862 0.112376 -37.497732 -1.268772 2.120221 -25.737626 -1.510568 7.171649 -31.088402 0.000001 0.000001 0.000001 0.159295 -0.091847 -10.318393 -122.026520 70.703516 112.429046 177.762053 113.747102 -177.552543 -1.361840 7.765251 -14.897621 -2.320727 -16.890909 3.009819 3.431354 0.609162 5.067700 -2.539644 8.910255 0.952014 -0.000000 -0.000001 0.000000 2.796357 -3.399158 48.276863 5.498181 -6.170256 34.687993 8.902459 -7.194886 51.942677 -0.000001 0.000000 -0.000000 0.160674 -0.149765 44.696696 2.493980 -7.159981 35.088225 2.751212 -7.215292 35.502125 -0.000002 -0.000001 0.000001 2.324492 -2.701897 51.511535 -0.247125 -4.983980 23.044020 0.150192 -6.631905 30.894028 -0.000002 -0.000000 -0.000000 2.865010 -3.484716 57.570558 -1.399801 -9.599955 41.066137 -1.673151 -9.242161 42.571855 -0.000000 -0.000001 0.000001 -10.603001 8.272904 -5.621947 39.324172 -2.897712 4.528726 -7.564978 0.698660 -3.882051 -13.191214 -0.067307 1.998164 0.000000 0.000000 -0.000000 -15.818517 -10.296958 -1.489078 40.755353 -12.104863 -5.250008 0.163259 -0.989420 9.844476 -18.694204 0.594176 -3.691144 0.000000 -0.000001 0.000000 
0.417645 99.446213 0.804834 -6.243485 -4.561326 1.191317 3.697649 0.442740 0.326611 5.857362 0.859683 0.840494 5.854620 0.868130 0.850507 -11.952093 -1.364637 -2.594892 -8.427654 -11.137716 2.989534 -0.000001 0.000000 -0.000000 0.900523 -10.686200 -11.038536 33.281610 -67.814284 41.185791 -2.576912 -69.102349 -2.761119 13.191257 -9.283527 21.288151 5.908520 12.718189 -8.237186 2.315324 -1.279077 -4.195140 -0.206102 2.415863 -2.303361 0.000002 -0.000001 0.000002 -9.083539 -17.563049 -32.995111 6.835392 7.752208 -43.120815 4.269021 5.992271 -30.582667 -0.000001 -0.000001 0.000000 -4.216369 -9.883570 -31.625979 1.888501 7.365329 -31.774156 2.309693 7.505328 -38.607040 0.000003 -0.000001 -0.000000 -1.940854 -3.385446 -42.506077 -0.676921 7.171562 -29.544516 -0.383682 7.633267 -32.262651 -0.000002 0.000001 0.000001 0.535635 0.128386 -37.670583 -1.268841 2.110530 -25.698655 -1.512681 7.142046 -30.970506 -0.000000 -0.000000 -0.000000 0.318959 0.657734 -11.094272 -129.635092 69.819512 117.663792 177.540181 111.822389 -177.348553 -2.718514 6.936405 -13.971993 -2.479164 -16.693619 2.934055 3.431355 0.609159 5.067699 -2.502025 8.699469 0.938832 -0.000001 -0.000005 0.000001 3.068875 -3.660518 48.584963 5.420007 -6.124661 34.304936 8.787658 -7.164304 51.430283 -0.000002 0.000000 0.000000 0.389577 -0.470094 45.282027 2.428195 -7.073728 34.573683 2.744651 -7.207298 35.453009 0.000001 -0.000000 0.000000 2.193237 -2.602282 51.781843 -0.250495 -4.961893 22.940293 0.139404 -6.596180 30.720056 -0.000001 0.000000 -0.000000 2.801910 -3.439511 57.573201 -1.378437 -9.696396 41.489386 -1.680234 -9.207092 42.421659 -0.000001 0.000002 -0.000001 -10.719466 7.828158 -6.217913 42.131079 -2.358499 4.260503 -13.392351 0.095201 1.097314 -11.930153 0.000009 0.000006 0.000000 0.000000 0.000000 -16.475142 -9.840329 -1.010191 44.290973 -12.321295 -5.042322 -6.223866 -2.513975 6.473687 -17.558833 0.087266 -0.645232 -0.000000 0.000002 0.000000 
0.339478 97.551918 0.800407 -6.716092 -4.568795 1.456813 3.909929 0.408805 0.225257 6.118497 0.776929 0.709086 6.116391 0.784158 0.719148 -11.903695 -1.433471 -2.432035 -9.412661 -11.199897 3.010563 0.000001 -0.000000 -0.000000 0.954589 -10.715860 -10.173756 32.943133 -70.285461 41.274065 -2.836142 -70.860829 -3.004157 14.288821 -10.686507 22.548404 5.888375 12.658219 -8.386949 2.273321 -1.648405 -4.155303 -0.255241 2.113627 -2.266482 0.000001 -0.000001 -0.000000 -8.890166 -16.781211 -33.445008 6.926065 7.797043 -43.539973 4.246509 5.973834 -30.462678 0.000000 0.000001 -0.000000 -4.240750 -9.959999 -31.574943 1.875429 7.343975 -31.662291 2.307604 7.502373 -38.590873 0.000000 -0.000000 -0.000000 -1.943049 -3.476816 -42.135263 -0.681364 7.144585 -29.426695 -0.380598 7.646231 -32.320612 -0.000000 0.000002 0.000000 0.515378 0.056778 -37.274924 -1.269027 2.071127 -25.540376 -1.514397 7.117760 -30.873702 0.000000 -0.000003 -0.000001 0.489682 1.355218 -11.124535 -136.594686 69.514694 122.011248 177.269090 109.840070 -177.095754 -3.904519 5.963302 -13.191202 -2.745447 -16.381515 2.713046 3.431354 0.609162 5.067700 -2.483521 8.595744 0.932338 -0.000002 -0.000001 0.000000 3.304722 -3.885621 48.988886 5.353188 -6.085118 33.976349 8.691808 -7.137919 51.001480 -0.000000 -0.000000 -0.000001 0.617386 -0.800667 46.071736 2.370575 -6.996850 34.118120 2.737047 -7.198055 35.396199 0.000000 0.000000 0.000001 2.059901 -2.506098 52.095062 -0.253662 -4.940877 22.841749 0.129900 -6.564311 30.565056 -0.000001 0.000001 0.000000 2.757825 -3.409865 57.604422 -1.362482 -9.766347 41.796885 -1.686962 -9.173364 42.277266 -0.000001 -0.000001 0.000001 -11.407761 7.353290 -6.691065 45.448905 -1.181068 3.779140 -18.775997 -0.699582 3.912976 -11.665782 0.000009 0.000006 -0.000000 0.000000 -0.000000 -17.712789 -9.271695 -1.186519 48.632948 -12.585553 -4.717975 -12.190559 -3.980065 5.967465 -14.294140 0.000589 -0.007323 0.000000 -0.000003 0.000000 
0.300858 95.729904 0.719289 -7.201817 -4.619875 1.803513 4.166918 0.399483 0.047914 6.435894 0.743365 0.467148 6.434282 0.750967 0.478120 -11.701559 -1.600894 -2.001090 -10.744578 -11.308915 3.011762 0.000001 -0.000001 -0.000000 1.037729 -10.510608 -8.574625 31.976265 -73.102313 40.338254 -3.029440 -71.996683 -3.187048 15.863510 -11.935466 23.604014 5.887490 12.617776 -8.555311 2.255324 -1.808921 -4.137996 -0.304593 1.806184 -2.228943 0.000002 0.000000 -0.000003 -8.529844 -15.950233 -33.564578 6.989368 7.827871 -43.831725 4.214404 5.947387 -30.291203 -0.000000 0.000001 0.000000 -4.186397 -10.095171 -31.079540 1.854033 7.308807 -31.478447 2.304243 7.497583 -38.564703 0.000001 -0.000000 -0.000000 -1.923672 -3.589974 -41.544441 -0.687278 7.107985 -29.267022 -0.376996 7.661359 -32.388248 -0.000002 0.000002 0.000000 0.469626 -0.125697 -36.215381 -1.269081 2.006625 -25.281375 -1.515518 7.101531 -30.809067 0.000000 -0.000001 -0.000000 0.614971 1.847229 -10.583100 -143.313789 69.683325 126.042276 176.950039 107.910227 -176.794406 -4.837646 5.026649 -12.595326 -3.089214 -15.985646 2.363717 3.431353 0.609161 5.067701 -2.488461 8.623417 0.934060 -0.000000 -0.000003 -0.000001 3.483490 -4.055787 49.454982 5.301770 -6.054320 33.722754 8.629515 -7.120405 50.722525 0.000000 0.000002 -0.000001 0.818388 -1.101196 46.961509 2.325055 -6.935121 33.754546 2.728964 -7.188249 35.335833 0.000001 -0.000000 -0.000000 1.949263 -2.433990 52.430868 -0.257769 -4.913189 22.711902 0.122970 -6.540929 30.451411 -0.000001 0.000001 0.000000 2.730480 -3.394175 57.662977 -1.356830 -9.790660 41.903938 -1.692546 -9.144944 42.155665 -0.000001 -0.000001 0.000000 -12.853345 6.853561 -6.957092 49.587641 0.236189 3.153050 -23.616352 -1.201232 3.777547 -9.171627 0.000006 0.000006 -0.000000 0.000000 -0.000000 -19.066827 -8.818467 -1.469156 52.923717 -12.814491 -4.306850 -18.089044 -5.205139 4.536830 -10.068653 -0.001269 0.248718 -0.000000 0.000001 0.000000 
0.288036 94.109016 0.573316 -7.664516 -4.805158 2.151346 4.434738 0.421303 -0.151773 6.770022 0.779219 0.169896 6.768685 0.789057 0.182974 -11.391566 -1.814146 -1.434675 -12.214032 -11.459054 3.009661 -0.000001 -0.000001 -0.000000 1.120640 -10.199779 -6.664575 30.638972 -75.773791 38.844293 -3.109203 -72.428200 -3.262859 17.701994 -13.063116 24.339857 5.902030 12.600429 -8.705562 2.259323 -1.773043 -4.141869 -0.344397 1.555191 -2.198254 0.000003 0.000003 0.000000 -8.026081 -15.119419 -33.319825 7.011040 7.838327 -43.931463 4.176329 5.915806 -30.087209 -0.000000 -0.000001 0.000001 -4.028950 -10.321811 -29.973916 1.823425 7.258027 -31.213620 2.298588 7.489517 -38.520727 0.000001 -0.000002 0.000001 -1.881566 -3.701424 -40.820527 -0.694996 7.059248 -29.054488 -0.373911 7.674328 -32.446202 -0.000000 -0.000001 -0.000000 0.406167 -0.412461 -34.504657 -1.268745 1.927311 -24.962982 -1.516071 7.093481 -30.777007 -0.000001 0.000001 0.000000 0.666870 2.038469 -9.764603 -149.801553 70.199127 130.014768 176.602724 106.185358 -176.462841 -5.450699 4.328308 -12.292896 -3.459480 -15.560269 1.931828 3.431354 0.609161 5.067698 -2.517761 8.787633 0.944366 0.000001 -0.000001 0.000001 3.591083 -4.159948 49.935083 5.266549 -6.033053 33.548670 8.608700 -7.114445 50.629167 -0.000000 -0.000001 0.000000 0.972272 -1.342058 47.835800 2.292516 -6.890521 33.492813 2.720706 -7.178153 35.273907 0.000001 -0.000001 -0.000000 1.886370 -2.406549 52.782339 -0.263841 -4.871568 22.516762 0.119339 -6.528591 30.391446 -0.000000 0.000000 0.000000 2.717424 -3.390264 57.743095 -1.363970 -9.759880 41.768454 -1.696509 -9.124605 42.068699 0.000001 -0.000003 0.000005 -14.187473 6.455983 -7.310788 53.157303 1.746112 2.427515 -27.450998 -1.545576 3.538872 -6.972809 0.000005 0.000005 -0.000000 0.000000 0.000000 -20.417855 -8.450836 -1.757632 56.715326 -13.040424 -3.886890 -22.980271 -5.997781 2.497883 -10.235096 0.000000 0.000017 -0.000001 0.000001 0.000000 
0.299295 92.830986 0.408119 -8.073764 -5.191082 2.415168 4.675495 0.473365 -0.329299 7.076371 0.881597 -0.114779 7.075068 0.895115 -0.098471 -11.046877 -2.016840 -0.870080 -13.576973 -11.605458 3.004427 -0.000000 -0.000001 -0.000000 1.185730 -9.853078 -4.848150 29.391329 -77.902979 37.372661 -3.049478 -72.106915 -3.206064 19.461340 -13.990710 24.609585 5.929637 12.608596 -8.813537 2.282263 -1.569238 -4.163849 -0.366921 1.412025 -2.180761 0.000002 0.000001 0.000001 -7.417684 -14.307037 -32.743138 6.986678 7.826593 -43.819389 4.135337 5.881525 -29.866942 -0.000002 -0.000001 0.000001 -3.749914 -10.634225 -28.181294 1.783787 7.191491 -30.867766 2.289787 7.476932 -38.452196 0.000000 0.000001 0.000000 -1.819131 -3.785973 -40.073864 -0.704696 6.996281 -28.780177 -0.372459 7.680403 -32.473346 -0.000001 -0.000002 -0.000000 0.345385 -0.762292 -32.288459 -1.267977 1.847335 -24.641845 -1.516224 7.091087 -30.767472 0.000001 -0.000001 -0.000003 0.646199 1.909105 -8.965925 -155.907455 70.996634 134.071395 176.282552 104.859352 -176.154731 -5.679933 4.062768 -12.409729 -3.799579 -15.169973 1.479646 3.431357 0.609158 5.067697 -2.569092 9.075536 0.962294 -0.000001 0.000001 0.000000 3.620119 -4.194000 50.376484 5.246660 -6.020968 33.450168 8.628270 -7.120038 50.716924 -0.000000 0.000001 0.000001 1.070057 -1.510691 48.598825 2.271733 -6.861821 33.324893 2.711804 -7.167265 35.207098 0.000001 -0.000001 0.000000 1.889023 -2.438020 53.154632 -0.272058 -4.813511 22.244767 0.118895 -6.527035 30.383926 -0.000000 0.000001 0.000000 2.717821 -3.396889 57.835597 -1.382586 -9.677967 41.408425 -1.698640 -9.113554 42.021445 -0.000001 0.000001 -0.000002 -14.981719 6.283225 -7.869343 55.698967 3.607612 1.754526 -31.098111 -2.152467 4.612779 -4.246458 0.000003 0.000004 -0.000000 -0.000000 0.000000 -21.603601 -8.098591 -1.998808 59.711167 -12.963935 -3.522438 -26.486109 -6.659284 0.546966 -7.980785 0.000008 0.000017 -0.000000 0.000000 -0.000000 
0.320902 92.008781 0.243887 -8.410395 -5.791670 2.529444 4.854877 0.542356 -0.460597 7.312758 1.021264 -0.328470 7.311272 1.038901 -0.308486 -10.735989 -2.170028 -0.393547 -14.622008 -11.671177 2.973272 -0.000001 0.000001 0.000001 1.223674 -9.462526 -3.382369 28.650851 -79.303189 36.328741 -2.860549 -71.011667 -3.027183 20.787474 -14.560246 24.210111 5.970396 12.643031 -8.875069 2.320805 -1.231355 -4.200283 -0.368401 1.402552 -2.179594 -0.000003 0.000003 -0.000000 -6.745635 -13.501136 -31.917477 6.924545 7.796296 -43.532972 4.093914 5.846636 -29.643632 -0.000000 -0.000004 0.000001 -3.350836 -10.976110 -25.781297 1.737108 7.111909 -30.455889 2.277493 7.459315 -38.356235 0.000001 0.000002 0.000002 -1.741973 -3.824090 -39.411499 -0.716043 6.919902 -28.447700 -0.373471 7.676165 -32.454412 -0.000002 -0.000001 -0.000000 0.310185 -1.106074 -29.833068 -1.267015 1.781877 -24.378992 -1.516277 7.090395 -30.764685 -0.000000 0.000000 -0.000003 0.564338 1.491366 -8.393394 -161.520983 72.044262 138.375821 176.089995 104.159558 -175.968513 -5.455705 4.359890 -13.008936 -4.062470 -14.872722 1.069680 3.431356 0.609158 5.067697 -2.637687 9.460782 0.986202 -0.000000 -0.000003 -0.000001 3.569889 -4.159193 50.734027 5.241736 -6.017969 33.425774 8.678825 -7.134309 50.943458 0.000001 0.000003 -0.000001 1.116978 -1.611965 49.194960 2.260729 -6.846565 33.235660 2.701017 -7.153989 35.125863 0.000000 0.000001 0.000001 1.963087 -2.531966 53.558467 -0.281471 -4.744344 21.921142 0.120790 -6.533514 30.415392 -0.000000 0.000000 0.000000 2.733476 -3.414487 57.929799 -1.408030 -9.561795 40.898944 -1.699035 -9.111596 42.013064 -0.000001 0.000001 -0.000003 -15.488122 6.255395 -8.303201 57.358699 5.356033 1.261540 -33.353443 -2.585129 5.352911 -3.068186 0.000001 0.000004 -0.000000 -0.000000 -0.000000 -22.488859 -7.778674 -2.064894 61.730772 -12.912390 -3.298111 -28.474435 -6.964791 -0.998413 -6.717533 0.000011 0.000010 -0.000000 -0.000001 0.000000 
0.335775 91.738068 0.107183 -8.662865 -6.559536 2.449586 4.946944 0.605752 -0.526221 7.443918 1.150892 -0.439264 7.442078 1.171924 -0.416323 -10.497216 -2.261136 -0.020511 -15.218522 -11.582905 2.883470 0.000000 -0.000000 -0.000000 1.228057 -8.969005 -2.329252 28.253064 -80.010093 35.424865 -2.584357 -69.157113 -2.768077 21.427842 -14.601367 22.893216 6.026401 12.702434 -8.906462 2.372197 -0.789546 -4.247895 -0.350139 1.518726 -2.193809 0.000002 0.000001 -0.000000 -6.044952 -12.669826 -30.955292 6.844559 7.756788 -43.163264 4.054662 5.813290 -29.431384 0.000000 -0.000001 0.000000 -2.867454 -11.248275 -23.042623 1.687697 7.026141 -30.014115 2.262267 7.437417 -38.237148 0.000000 0.000000 -0.000000 -1.656635 -3.805603 -38.914183 -0.727917 6.836445 -28.084891 -0.377069 7.661078 -32.386954 -0.000000 0.000001 0.000000 0.315415 -1.364588 -27.476103 -1.266330 1.744549 -24.228993 -1.516449 7.087864 -30.754651 0.000000 0.000000 0.000001 0.430050 0.833472 -8.129663 -166.611769 73.276721 143.092313 176.136481 104.322752 -176.013538 -4.718014 5.233057 -14.034155 -4.220801 -14.705080 0.750635 3.431353 0.609163 5.067702 -2.717255 9.908388 1.013773 -0.000000 -0.000001 -0.000001 3.446432 -4.061475 50.979733 5.253376 -6.025068 33.483503 8.745195 -7.152725 51.240448 0.000001 0.000002 0.000000 1.129890 -1.663573 49.611178 2.258072 -6.842842 33.214008 2.686469 -7.136077 35.016314 0.000001 0.000001 -0.000000 2.101882 -2.680730 54.001070 -0.290186 -4.677587 21.608909 0.123868 -6.543950 30.466083 -0.000001 -0.000002 0.000000 2.768313 -3.445026 58.015429 -1.434322 -9.436098 40.348933 -1.697843 -9.117774 42.039459 -0.000001 -0.000001 -0.000001 -15.766124 6.304027 -8.416287 58.130832 6.585974 1.022944 -33.694566 -2.576797 5.125454 -2.799278 0.000003 0.000003 -0.000000 0.000000 0.000000 -22.852203 -7.562040 -1.902453 62.500889 -12.888535 -3.248778 -29.037385 -6.944015 -2.000251 -6.357085 -0.000001 0.000012 -0.000001 0.000003 -0.000000 
0.336144 92.062325 0.013433 -8.819012 -7.402408 2.178503 4.936655 0.640073 -0.524757 7.444871 1.222566 -0.448314 7.442641 1.245428 -0.424273 -10.333749 -2.300147 0.285223 -15.331591 -11.309268 2.719010 -0.000001 -0.000001 -0.000001 1.197271 -8.312183 -1.590323 27.251147 -80.211693 33.545767 -2.273192 -66.607581 -2.480529 21.323352 -13.994346 20.462046 6.100014 12.782855 -8.936766 2.434725 -0.264891 -4.304436 -0.318226 1.720579 -2.218479 0.000005 0.000002 0.000002 -5.343546 -11.774319 -29.984947 6.774144 7.721430 -42.836826 4.021288 5.784762 -29.250473 -0.000001 -0.000002 0.000000 -2.371215 -11.336377 -20.399041 1.642221 6.945863 -29.602385 2.245846 7.413702 -38.108364 0.000001 0.000000 0.000003 -1.567960 -3.728478 -38.626123 -0.738407 6.759352 -27.750002 -0.382496 7.638235 -32.284901 -0.000001 0.000002 0.000000 0.364324 -1.471933 -25.553490 -1.266344 1.745229 -24.231761 -1.516814 7.082384 -30.732805 0.000000 -0.000000 -0.000003 0.249078 -0.017421 -8.141482 -171.082647 74.570755 148.206007 176.454754 105.544618 -176.320705 -3.459649 6.573417 -15.314546 -4.269254 -14.675443 0.548923 3.431354 0.609162 5.067700 -2.800735 10.378896 1.042530 -0.000001 -0.000009 -0.000000 3.263385 -3.911894 51.106580 5.284965 -6.044186 33.639679 8.810377 -7.170448 51.531807 0.000000 0.000003 -0.000002 1.130635 -1.688254 49.862587 2.263436 -6.850315 33.257642 2.666421 -7.111317 34.865032 0.000001 -0.000001 0.000003 2.289798 -2.868507 54.478668 -0.295958 -4.631654 21.394213 0.126976 -6.554456 30.517162 0.000000 -0.000002 0.000000 2.826771 -3.490999 58.084181 -1.456404 -9.325526 39.866213 -1.695273 -9.130917 42.095692 0.000000 0.000001 -0.000001 -15.423119 6.510595 -8.426306 57.583303 7.621901 1.066987 -33.148424 -2.622700 5.544046 -3.294344 0.000002 0.000005 0.000000 0.000000 -0.000000 -22.565765 -7.532792 -1.559992 61.862867 -12.888975 -3.383003 -28.269940 -6.555736 -2.360910 -6.767394 0.000004 0.000014 -0.000000 0.000000 -0.000000 
0.323390 92.962143 -0.035327 -8.859677 -8.217532 1.766337 4.821015 0.630589 -0.471334 7.304489 1.207628 -0.384536 7.302010 1.230506 -0.361761 -10.229250 -2.308866 0.572400 -15.008434 -10.878959 2.502585 -0.000001 -0.000001 0.000000 1.136094 -7.473015 -0.995109 24.385205 -80.120585 29.300514 -1.970193 -63.492776 -2.206715 20.659046 -12.712974 16.931443 6.191368 12.877701 -8.994184 2.507779 0.331738 -4.368744 -0.281975 1.947580 -2.246197 0.000001 0.000001 0.000002 -4.664194 -10.779703 -29.150062 6.742151 7.705221 -42.688296 3.999342 5.765896 -29.131201 -0.000001 0.000001 -0.000000 -1.948844 -11.144209 -18.365533 1.609319 6.886890 -29.301153 2.231025 7.392195 -37.991739 -0.000000 0.000000 0.000001 -1.476790 -3.593338 -38.560605 -0.745116 6.708192 -27.527988 -0.388200 7.613982 -32.176546 -0.000001 0.000001 0.000001 0.453151 -1.394375 -24.326564 -1.267144 1.789330 -24.408827 -1.517224 7.076208 -30.708257 0.000001 -0.000000 0.000003 0.031227 -1.004591 -8.317022 -174.510008 75.803304 153.262000 176.948700 107.902885 -176.793136 -1.763776 8.197274 -16.634079 -4.220373 -14.767007 0.467898 3.431354 0.609161 5.067697 -2.880728 10.830597 1.069935 0.000002 0.000002 0.000001 3.043153 -3.727933 51.124707 5.339633 -6.077021 33.909560 8.859531 -7.183574 51.751165 0.000001 -0.000001 0.000002 1.138747 -1.705962 49.969746 2.277388 -6.869647 33.370614 2.640024 -7.078433 34.664822 0.000001 0.000000 0.000002 2.507741 -3.076339 54.971712 -0.296881 -4.624190 21.359400 0.129423 -6.562711 30.557255 0.000000 0.000001 0.000001 2.911641 -3.553851 58.130183 -1.471519 -9.246801 39.523112 -1.691556 -9.150019 42.177364 -0.000002 -0.000001 0.000001 -14.885540 6.765963 -8.117128 56.125324 7.914348 1.371118 -30.601167 -2.285225 5.163649 -5.137632 0.000005 0.000005 0.000000 -0.000000 -0.000000 -21.645462 -7.753063 -1.162793 59.820709 -12.910559 -3.672533 -26.199369 -5.704089 -2.022659 -7.931433 0.000011 0.000016 -0.000000 0.000002 -0.000001 
0.306380 94.351936 -0.048581 -8.761068 -8.932346 1.290139 4.609344 0.578444 -0.390339 7.028816 1.110159 -0.290387 7.026320 1.131590 -0.270838 -10.171840 -2.309753 0.868792 -14.350366 -10.370946 2.294615 -0.000001 0.000001 0.000001 1.051798 -6.486133 -0.401294 18.695351 -79.809702 21.705308 -1.702456 -60.031147 -1.971840 19.808213 -10.856068 12.643830 6.296383 12.978538 -9.091907 2.591596 0.996341 -4.440436 -0.251613 2.136071 -2.269211 0.000001 0.000004 0.000001 -4.024835 -9.661124 -28.613476 6.772922 7.720816 -42.831181 3.995902 5.762942 -29.112517 -0.000000 -0.000002 0.000001 -1.665683 -10.616103 -17.414786 1.598246 6.866894 -29.199185 2.221173 7.377816 -37.913892 0.000000 -0.000001 0.000000 -1.379210 -3.397540 -38.717313 -0.745536 6.704938 -27.513902 -0.392342 7.596261 -32.097395 -0.000002 0.000001 0.000002 0.577785 -1.136797 -23.931955 -1.268332 1.877666 -24.763566 -1.517313 7.074838 -30.702749 0.000000 -0.000002 -0.000001 -0.202594 -2.042397 -8.512944 -175.979578 76.959102 157.212882 177.470322 111.276090 -177.283721 0.204265 9.898988 -17.833535 -4.096681 -14.948236 0.493834 3.431354 0.609162 5.067700 -2.949677 11.220570 1.093410 -0.000001 -0.000003 0.000000 2.816931 -3.534527 51.051682 5.417779 -6.123344 34.293994 8.882756 -7.189718 51.854858 -0.000001 0.000000 0.000001 1.166161 -1.728146 49.938737 2.300206 -6.901115 33.554858 2.607778 -7.037968 34.419123 0.000002 0.000002 -0.000001 2.737979 -3.286820 55.444242 -0.291704 -4.665581 21.552834 0.131123 -6.568449 30.585143 -0.000000 -0.000001 -0.000000 3.022168 -3.632852 58.149403 -1.479571 -9.203758 39.335780 -1.686828 -9.174094 42.280353 0.000001 0.000000 0.000002 -14.144377 7.112578 -7.649954 53.769790 7.678776 1.859946 -26.466911 -1.802322 4.603376 -8.332174 0.000008 0.000005 0.000000 0.000000 -0.000000 -20.250136 -8.243691 -0.852584 56.549011 -12.950606 -4.049059 -22.786057 -4.285072 -1.006938 -9.946690 0.000005 0.000022 -0.000001 0.000000 -0.000001 
0.297502 96.093506 -0.041502 -8.503900 -9.531888 0.823071 4.321883 0.501709 -0.304640 6.641664 0.967526 -0.204853 6.639399 0.986675 -0.189352 -10.171349 -2.318083 1.168501 -13.482799 -9.882411 2.166975 -0.000002 -0.000000 -0.000000 0.949999 -5.419068 0.233565 10.244179 -79.090169 10.935829 -1.484900 -56.559051 -1.787770 19.131244 -8.645481 8.226149 6.405888 13.076691 -9.219757 2.686476 1.724950 -4.519110 -0.235251 2.237076 -2.281551 0.000003 0.000005 -0.000002 -3.434284 -8.406906 -28.550401 6.881492 7.775111 -43.334101 4.018442 5.782314 -29.234965 -0.000001 -0.000001 0.000003 -1.534016 -9.742392 -17.852555 1.617306 6.901338 -29.374769 2.219354 7.375129 -37.899350 -0.000000 0.000000 0.000001 -1.267279 -3.132226 -39.100528 -0.737244 6.768058 -27.787832 -0.393250 7.592344 -32.079930 -0.000002 -0.000001 -0.000000 0.736106 -0.735850 -24.367627 -1.269068 2.007309 -25.284189 -1.516626 7.085243 -30.744218 0.000001 0.000000 0.000001 -0.419518 -3.014096 -8.601126 -174.164551 78.188618 158.507818 177.918150 115.303797 -177.694092 2.247606 11.451715 -18.887058 -3.922023 -15.185525 0.606236 3.431354 0.609162 5.067700 -2.999952 11.505399 1.110463 0.000001 -0.000007 -0.000000 2.622483 -3.362663 50.901609 5.514790 -6.179864 34.769221 8.876599 -7.188077 51.827318 0.000000 0.000003 0.000001 1.215816 -1.756289 49.751941 2.330846 -6.943044 33.801018 2.571778 -6.992340 34.143330 -0.000000 0.000001 -0.000002 2.966471 -3.486283 55.845215 -0.280157 -4.754161 21.967031 0.132529 -6.573185 30.608209 -0.000002 0.000001 -0.000000 3.153306 -3.724430 58.139383 -1.482682 -9.187022 39.262916 -1.681265 -9.201890 42.399390 0.000002 -0.000000 0.000001 -13.346124 7.552243 -7.100105 50.716873 7.042969 2.428217 -20.845888 -1.239448 3.869058 -12.113316 0.000010 0.000007 -0.000001 0.000000 -0.000000 -18.613777 -8.982391 -0.724042 52.330007 -12.971365 -4.416784 -17.997122 -2.276764 0.518107 -12.506037 0.000009 0.000016 0.000000 0.000003 -0.000001 
0.304322 98.061539 -0.011199 -8.082632 -10.060026 0.414846 3.985908 0.430712 -0.230407 6.180473 0.836987 -0.150552 6.178520 0.853719 -0.138644 -10.260560 -2.338177 1.439473 -12.531429 -9.489683 2.167576 0.000001 0.000001 0.000000 0.835065 -4.335528 0.832000 0.923416 -77.586584 -0.891122 -1.325495 -53.533862 -1.658044 18.731683 -6.336233 4.386786 6.507278 13.164832 -9.345936 2.791540 2.505291 -4.603571 -0.236610 2.228658 -2.280511 -0.000000 0.000001 0.000002 -2.886069 -7.022155 -29.118288 7.070916 7.866985 -44.206555 4.072562 5.828540 -29.528339 -0.000002 -0.000001 0.000001 -1.506178 -8.557871 -19.733989 1.672180 6.998955 -29.874390 2.227478 7.386986 -37.963575 -0.000001 -0.000002 0.000000 -1.131107 -2.785265 -39.727744 -0.717984 6.906360 -28.388894 -0.389937 7.606600 -32.143587 -0.000001 0.000002 0.000001 0.925828 -0.244654 -25.513782 -1.268328 2.172528 -25.947643 -1.514697 7.113427 -30.856466 -0.000002 -0.000000 0.000000 -0.583368 -3.796874 -8.494307 -167.228029 79.714202 155.017413 178.256777 119.426636 -177.993746 4.182997 12.560095 -19.892467 -3.714317 -15.453154 0.788524 3.431356 0.609160 5.067699 -3.024300 11.643448 1.118707 -0.000002 -0.000003 -0.000000 2.498794 -3.245273 50.677941 5.620650 -6.240317 35.285324 8.843423 -7.179290 51.679315 0.000001 0.000002 -0.000003 1.283483 -1.784484 49.373020 2.366235 -6.990979 34.083491 2.535223 -6.945538 33.861445 0.000001 0.000001 -0.000000 3.182015 -3.664350 56.112292 -0.263310 -4.875197 22.533795 0.134347 -6.579292 30.637913 -0.000001 -0.000000 0.000001 3.296378 -3.822669 58.098463 -1.484278 -9.178228 39.224704 -1.675284 -9.231711 42.527101 0.000001 -0.000001 0.000000 -12.455780 8.060269 -6.529340 46.914896 6.215450 2.952679 -13.984566 -0.709220 2.922085 -12.569910 0.004165 -0.475355 0.000000 -0.000000 -0.000000 -16.815902 -9.910549 -0.800390 47.300146 -12.539584 -4.638466 -11.917346 -0.147483 2.161873 -12.568240 -0.010807 0.725189 -0.000000 0.000001 -0.000000 
0.337130 100.091011 0.006403 -7.510083 -10.591600 0.104139 3.629844 0.394731 -0.192523 5.687833 0.774238 -0.129671 5.686093 0.788884 -0.120071 -10.480206 -2.363229 1.640655 -11.608013 -9.220796 2.297668 -0.000001 -0.000001 -0.000000 0.712457 -3.267085 1.232809 -6.425232 -75.040816 -10.663939 -1.228875 -51.462508 -1.582035 18.358252 -4.077182 1.674797 6.587572 13.238349 -9.428428 2.903669 3.310269 -4.690947 -0.254291 2.119510 -2.267191 0.000002 0.000005 -0.000002 -2.356661 -5.534140 -30.405666 7.331405 7.987619 -45.396644 4.159816 5.902032 -29.998580 -0.000000 -0.000004 0.000004 -1.496866 -7.140459 -22.846638 1.764349 7.158502 -30.696806 2.245751 7.413552 -38.107551 0.000000 0.000002 -0.000001 -0.961668 -2.348823 -40.622161 -0.686107 7.115208 -29.298633 -0.382270 7.639215 -32.289258 0.000001 0.000000 0.000003 1.141664 0.283653 -27.174575 -1.265022 2.365815 -26.724053 -1.511265 7.161915 -31.049668 0.000001 -0.000002 -0.000002 -0.668055 -4.301058 -8.146472 -151.596704 81.535670 142.856945 178.487910 123.010860 -178.190401 5.839790 12.843522 -20.964188 -3.481756 -15.737844 1.035536 3.431355 0.609157 5.067696 -3.016645 11.599998 1.116097 -0.000001 -0.000001 0.000000 2.478075 -3.210817 50.373953 5.721617 -6.296814 35.775243 8.789911 -7.164911 51.440245 -0.000001 0.000003 -0.000004 1.361258 -1.804140 48.762793 2.401485 -7.038248 34.363095 2.501466 -6.901931 33.599746 -0.000001 0.000001 0.000001 3.373785 -3.812179 56.178832 -0.243966 -5.004465 23.140134 0.137175 -6.588763 30.683966 -0.000003 -0.000001 -0.000000 3.440842 -3.920453 58.025756 -1.488081 -9.157305 39.133726 -1.669266 -9.261240 42.653722 0.000005 -0.000000 -0.000003 -11.521181 8.627293 -6.046457 42.526667 5.358251 3.363372 -6.177601 -0.254794 1.978872 -18.156323 -0.000001 0.000178 0.000000 0.000000 -0.000000 -14.996611 -10.959416 -0.966365 41.904402 -9.587212 -4.649739 -4.884985 -0.257438 3.188086 -17.789743 0.000541 -0.004695 0.000000 0.000001 -0.000000 
0.396811 102.045692 0.011433 -6.816992 -11.189790 -0.124466 3.277626 0.410011 -0.175530 5.202427 0.813198 -0.129120 5.200624 0.826349 -0.120454 -10.855190 -2.378015 1.738046 -10.805528 -9.051915 2.514372 -0.000002 -0.000002 -0.000001 0.589397 -2.207911 1.267110 -10.399049 -71.488134 -16.740368 -1.197663 -50.750317 -1.557974 17.522065 -1.868831 0.334449 6.637307 13.295481 -9.431737 3.016942 4.096620 -4.776630 -0.282668 1.943413 -2.245693 0.000003 0.000003 -0.000001 -1.814238 -3.998289 -32.378563 7.641548 8.122799 -46.799739 4.275774 5.997816 -30.618737 -0.000002 0.000000 -0.000003 -1.422666 -5.607197 -26.761410 1.890145 7.368006 -31.788202 2.272497 7.452131 -38.317102 -0.000000 0.000001 -0.000001 -0.754238 -1.828666 -41.791537 -0.641351 7.376525 -30.440893 -0.371090 7.686157 -32.499099 0.000000 0.000000 -0.000001 1.375009 0.806840 -29.123240 -1.258346 2.578865 -27.580316 -1.506259 7.228552 -31.315304 0.000003 -0.000001 0.000001 -0.666151 -4.499472 -7.536808 -120.792237 82.804822 115.280889 178.624487 125.512868 -178.302553 7.027925 11.930475 -22.096468 -3.222588 -16.038106 1.354709 3.431356 0.609161 5.067699 -2.973441 11.355162 1.101477 -0.000000 -0.000007 -0.000000 2.577263 -3.276536 49.979984 5.803721 -6.341899 36.171924 8.724610 -7.147038 51.148367 0.000002 0.000001 -0.000002 1.441142 -1.809026 47.899181 2.431112 -7.077599 34.596687 2.473238 -6.865112 33.379636 0.000004 -0.000000 -0.000002 3.529606 -3.921351 55.985619 -0.226261 -5.115339 23.661083 0.141267 -6.602348 30.750109 -0.000001 0.000001 0.000000 3.576568 -4.011038 57.921596 -1.496647 -9.109760 38.927044 -1.663735 -9.288044 42.768606 0.000001 -0.000001 0.000001 -10.745418 9.184125 -5.623845 38.203714 4.789166 3.642909 1.183051 0.062717 0.567794 -21.683771 -0.227019 1.267630 0.000000 0.000000 0.000000 -13.401587 -12.044419 -1.043742 36.734772 -7.067835 -4.502687 1.212368 -0.313993 3.851723 -19.826902 0.215321 -1.419520 -0.000000 0.000000 -0.000000 
0.476481 103.833878 0.015014 -6.049092 -11.882069 -0.285574 2.946824 0.477569 -0.171332 4.753297 0.955515 -0.131152 4.751095 0.967702 -0.122543 -11.372775 -2.364182 1.714822 -10.198583 -8.926466 2.755045 -0.000001 -0.000002 -0.000000 0.474051 -1.129179 0.843133 -11.535799 -67.121205 -19.504035 -1.232250 -51.538224 -1.584648 15.734992 0.326858 0.303220 6.653573 13.336784 -9.341546 3.123053 4.811257 -4.854836 -0.314087 1.746630 -2.221659 0.000003 -0.000000 -0.000001 -1.237120 -2.497575 -34.852765 7.971488 8.256868 -48.277338 4.409797 6.105895 -31.328811 -0.000003 -0.000004 0.000002 -1.238494 -4.097314 -30.933701 2.040712 7.607340 -33.051791 2.304527 7.498000 -38.567046 0.000001 0.000001 -0.000000 -0.511290 -1.249804 -43.203095 -0.585965 7.663110 -31.699475 -0.357880 7.740651 -32.742974 -0.000004 0.000001 -0.000000 1.615802 1.297097 -31.138682 -1.247837 2.803172 -28.482575 -1.500016 7.307029 -31.628270 -0.000001 -0.000002 -0.000002 -0.588698 -4.430686 -6.652617 -80.914403 81.522590 78.207544 178.679484 126.615602 -178.346662 7.548764 9.653602 -23.108437 -2.928535 -16.359445 1.761105 3.431353 0.609160 5.067699 -2.895155 10.912037 1.074840 -0.000001 -0.000003 0.000001 2.791712 -3.443411 49.494252 5.856720 -6.370610 36.427209 8.655827 -7.127833 50.840421 0.000001 0.000001 -0.000001 1.517040 -1.797665 46.793937 2.450695 -7.103410 34.750384 2.451878 -6.837074 33.212403 0.000000 -0.000001 -0.000000 3.636908 -3.984197 55.497251 -0.214259 -5.186966 23.998194 0.146357 -6.619264 30.832451 -0.000000 0.000001 0.000000 3.695560 -4.089141 57.788113 -1.510297 -9.031676 38.588134 -1.659214 -9.309859 42.862193 -0.000003 -0.000002 -0.000000 -10.472305 9.689488 -5.277946 34.944416 4.840094 3.846902 6.269602 0.188118 -1.128666 -19.240394 -0.403697 2.642006 0.000000 0.000000 -0.000000 -12.501732 -12.854565 -1.505579 32.373403 -5.588976 -4.264949 7.398331 -0.076632 7.616173 -19.606452 0.780590 -5.043701 0.000000 0.000002 -0.000000 
0.565563 105.407196 0.035650 -5.263784 -12.646121 -0.396644 2.649738 0.583097 -0.171231 4.359054 1.173016 -0.123636 4.356144 1.184624 -0.114897 -11.972209 -2.306969 1.575156 -9.844796 -8.784889 2.968753 0.000000 -0.000001 0.000000 0.373912 0.000788 0.001265 -11.145962 -62.135904 -20.225111 -1.330479 -53.635584 -1.662016 12.748206 2.452305 1.301376 6.640893 13.364525 -9.171423 3.213417 5.404107 -4.919998 -0.341481 1.573802 -2.200517 0.000003 -0.000002 -0.000000 -0.632196 -1.129095 -37.513865 8.288238 8.376433 -49.682458 4.546565 6.213391 -32.046667 0.000000 -0.000002 0.000002 -0.952336 -2.741867 -34.824590 2.203256 7.853056 -34.369379 2.338372 7.545934 -38.829076 -0.000001 -0.000001 -0.000000 -0.244731 -0.654689 -44.768096 -0.524812 7.945872 -32.947914 -0.344317 7.795405 -32.988314 -0.000000 0.000001 0.000000 1.853972 1.738284 -33.028766 -1.233606 3.030243 -29.396888 -1.492986 7.388981 -31.955296 0.000001 -0.000001 0.000002 -0.458795 -4.177314 -5.496345 -53.922878 77.301069 53.503197 178.663091 126.280717 -178.333589 7.297756 6.219507 -23.724954 -2.590187 -16.708258 2.267858 3.431357 0.609161 5.067699 -2.787037 10.301607 1.037820 -0.000001 0.000001 0.000000 3.094577 -3.694420 48.930649 5.877159 -6.381631 36.525529 8.589701 -7.109008 50.543960 -0.000003 0.000001 -0.000001 1.585225 -1.773593 45.499172 2.458372 -7.113491 34.810455 2.437370 -6.817906 33.098362 -0.000003 0.000000 -0.000000 3.686604 -3.996070 54.719060 -0.210174 -5.210671 24.109854 0.151891 -6.637518 30.921448 0.000000 0.000001 -0.000000 3.793037 -4.151732 57.630001 -1.527212 -8.930829 38.150790 -1.655991 -9.325244 42.928203 0.000002 -0.000002 0.000001 -10.361236 10.084787 -5.035947 32.133701 5.217256 4.014407 10.194877 0.167860 -2.824770 -14.876509 -0.462067 4.063294 -0.000000 -0.000000 -0.000000 -11.877048 -13.570959 -1.708101 28.777322 -5.162832 -3.992640 11.617669 0.225219 9.801950 -15.941894 0.759000 -6.374696 0.000001 -0.000002 -0.000000 
0.654237 106.752365 0.091425 -4.524157 -13.419985 -0.475470 2.395589 0.704127 -0.167510 4.029829 1.420787 -0.105250 4.026030 1.432031 -0.096686 -12.551304 -2.201394 1.342308 -9.783100 -8.590625 3.138765 -0.000001 -0.000001 -0.000001 0.292818 1.201948 -1.085874 -10.400607 -56.702137 -20.154758 -1.487202 -56.599250 -1.789686 8.703605 4.348574 2.920720 6.609975 13.381828 -8.958614 3.281798 5.843996 -4.968511 -0.359919 1.456539 -2.186196 0.000000 0.000001 -0.000001 -0.039049 0.020500 -39.988220 8.561949 8.472708 -50.887095 4.669657 6.307810 -32.686939 -0.000001 0.000000 0.000001 -0.612441 -1.632975 -38.011943 2.363627 8.083843 -35.627202 2.370973 7.591700 -39.080160 0.000002 -0.000001 0.000003 0.024993 -0.093870 -46.345846 -0.463937 8.201026 -34.080684 -0.331890 7.844815 -33.209971 -0.000002 -0.000002 0.000002 2.079550 2.120971 -34.642504 -1.216249 3.251250 -30.288074 -1.485862 7.466874 -32.266415 0.000001 0.000000 -0.000000 -0.303329 -3.831197 -4.109565 -38.873250 71.412339 40.201947 178.582071 124.701182 -178.268088 6.385581 2.203257 -23.724052 -2.203169 -17.085757 2.875853 3.431355 0.609157 5.067699 -2.658980 9.580466 0.993601 0.000000 -0.000003 -0.000001 3.442576 -3.997071 48.320084 5.869115 -6.377286 36.486881 8.529446 -7.091515 50.273392 -0.000003 0.000002 0.000001 1.643500 -1.742827 44.102118 2.455381 -7.109580 34.787106 2.428697 -6.806427 33.030084 -0.000000 0.000001 0.000000 3.677653 -3.957823 53.708001 -0.213423 -5.191836 24.021058 0.157154 -6.654801 31.005589 0.000001 0.000000 -0.000001 3.867478 -4.198068 57.454820 -1.544376 -8.823202 37.684947 -1.654181 -9.333782 42.964830 0.000001 0.000001 -0.000002 -10.313587 10.356886 -4.885520 29.844802 5.709887 4.167156 12.674713 0.059175 -4.458062 -9.384709 -0.360893 4.712758 -0.000000 0.000000 -0.000000 -11.502604 -14.103899 -1.851301 26.018579 -5.774339 -3.750083 14.483964 0.555342 11.654272 -11.897797 0.582501 -5.593187 0.000001 -0.000005 0.000001 
0.736302 107.873566 0.195284 -3.888509 -14.128099 -0.538548 2.190545 0.818990 -0.155030 3.768324 1.654322 -0.084032 3.763624 1.665283 -0.076043 -12.989721 -2.054868 1.051071 -10.027420 -8.343601 3.286853 0.000001 -0.000002 -0.000000 0.227573 2.475728 -2.175522 -9.984813 -50.965878 -20.160668 -1.694266 -59.911885 -1.964787 4.127785 5.879629 4.696137 6.574476 13.392541 -8.751191 3.326942 6.130288 -5.000183 -0.367314 1.409480 -2.180443 0.000000 0.000002 -0.000002 0.486510 0.899879 -41.944974 8.771923 8.542250 -51.805585 4.765609 6.379895 -33.182524 0.000002 -0.000001 0.000003 -0.277937 -0.806752 -40.265072 2.509519 8.284682 -36.738864 2.400844 7.633195 -39.308521 0.000003 -0.000000 -0.000003 0.273661 0.387149 -47.770186 -0.408697 8.414935 -35.035489 -0.321262 7.886434 -33.396872 -0.000001 -0.000001 0.000000 2.282224 2.439021 -35.876740 -1.196978 3.456795 -31.118140 -1.479154 7.536356 -32.544065 -0.000000 -0.000000 -0.000001 -0.145125 -3.459332 -2.595894 -29.660090 64.601036 32.249285 178.439389 122.195240 -178.149775 5.140757 -1.657400 -23.037016 -1.773387 -17.483829 3.566308 3.431353 0.609157 5.067699 -2.523620 8.820520 0.946417 0.000001 -0.000003 0.000000 3.787233 -4.310453 47.704534 5.842147 -6.362753 36.357070 8.475435 -7.075563 50.030541 -0.000001 0.000000 -0.000001 1.690564 -1.711115 42.709497 2.445409 -7.096473 34.709000 2.424571 -6.800967 32.997627 0.000001 -0.000000 -0.000000 3.619585 -3.877915 52.569360 -0.221068 -5.146582 23.808151 0.161578 -6.669213 31.075780 -0.000000 0.000000 -0.000000 3.920340 -4.229318 57.273001 -1.558957 -8.726950 37.269019 -1.653704 -9.336081 42.974635 -0.000001 0.000000 0.000000 -10.222497 10.530508 -4.802771 28.074613 6.053387 4.286274 13.685506 -0.065095 -5.957270 -4.365862 -0.174225 3.289332 -0.000002 0.000000 0.000000 -11.299277 -14.474523 -1.954193 24.259790 -7.108178 -3.587591 15.766218 0.781744 12.974735 -5.847007 0.307753 -4.107126 -0.000001 0.000002 -0.000001 
0.809445 108.775711 0.354680 -3.394851 -14.710378 -0.597582 2.034848 0.913302 -0.133003 3.568246 1.843544 -0.071175 3.562780 1.854257 -0.063960 -13.182033 -1.884611 0.736048 -10.558151 -8.078559 3.459532 -0.000001 -0.000000 -0.000000 0.167304 3.803005 -3.038323 -10.079562 -45.025806 -20.660644 -1.941084 -63.152482 -2.180825 -0.249717 7.043493 6.211635 6.547144 13.400890 -8.591680 3.353274 6.295790 -5.018531 -0.363662 1.432782 -2.183296 0.000001 -0.000000 -0.000002 0.901218 1.506355 -43.191770 8.910258 8.586024 -52.408209 4.827377 6.425613 -33.499906 -0.000000 -0.000001 -0.000001 0.008820 -0.245384 -41.566554 2.632999 8.448382 -37.657702 2.427959 7.670623 -39.515042 -0.000001 0.000000 0.000003 0.481382 0.759642 -48.891553 -0.361928 8.585317 -35.799494 -0.312278 7.921076 -33.552556 0.000000 -0.000000 0.000002 2.452088 2.688762 -36.681329 -1.177606 3.636960 -31.846973 -1.473037 7.596787 -32.785717 -0.000001 0.000000 0.000001 0.002278 -3.079884 -1.109382 -23.495221 57.135137 26.996731 178.233363 119.102503 -177.973420 3.964601 -4.741942 -21.768120 -1.320153 -17.883696 4.299273 3.431354 0.609160 5.067699 -2.393509 8.092054 0.900606 -0.000002 -0.000001 -0.000000 4.087441 -4.595401 47.127182 5.807359 -6.343894 36.189494 8.426190 -7.060826 49.808970 -0.000001 0.000000 -0.000001 1.725695 -1.682021 41.427290 2.432771 -7.079785 34.609764 2.424040 -6.800253 32.993359 0.000000 -0.000000 -0.000000 3.530849 -3.772165 51.438230 -0.229644 -5.094604 23.563546 0.164878 -6.679937 31.128229 0.000000 0.000000 0.000000 3.955458 -4.248522 57.096939 -1.569326 -8.655269 36.959557 -1.654264 -9.333447 42.963430 -0.000000 -0.000001 0.000000 -10.014757 10.651609 -4.756207 26.762957 6.036417 4.335049 13.502052 -0.153030 -7.306878 -0.429860 -0.000016 0.030374 0.000001 -0.000000 -0.000001 -11.183217 -14.713103 -2.047403 23.524450 -8.630567 -3.529990 15.615926 0.833761 13.663447 -0.606471 0.000008 -0.000010 -0.000001 0.000004 0.000000 
0.873998 109.456940 0.573192 -3.046904 -15.141928 -0.655855 1.919113 0.982308 -0.104740 3.412111 1.979033 -0.073965 3.406075 1.989541 -0.067468 -13.068678 -1.710886 0.420297 -11.318261 -7.850963 3.703446 0.000000 -0.000002 -0.000000 0.097871 5.144329 -3.538737 -10.509324 -38.916058 -21.701184 -2.216260 -66.075858 -2.428557 -3.762209 7.946535 7.223204 6.536580 13.411085 -8.503285 3.369581 6.397817 -5.029847 -0.349938 1.520035 -2.193963 0.000002 0.000005 0.000000 1.197153 1.884477 -43.727848 8.982412 8.608248 -52.721783 4.855497 6.446228 -33.643914 -0.000002 0.000000 0.000003 0.234504 0.107942 -42.080382 2.731688 8.575336 -38.378522 2.453658 7.705825 -39.709852 0.000001 0.000001 0.000000 0.640323 1.018462 -49.621529 -0.323576 8.718612 -36.399547 -0.304311 7.951559 -33.689720 -0.000000 0.000001 0.000000 2.582059 2.870578 -37.064776 -1.160172 3.783125 -32.439270 -1.467428 7.650055 -32.998918 0.000002 -0.000000 -0.000002 0.135493 -2.657401 0.195051 -19.122375 49.082248 23.414312 177.957505 115.726846 -177.729473 3.150104 -6.745114 -20.163289 -0.875585 -18.258265 5.018178 3.431357 0.609158 5.067699 -2.277980 7.446801 0.859575 -0.000001 -0.000003 0.000001 4.319613 -4.825217 46.623158 5.773170 -6.325204 36.024456 8.379863 -7.046759 49.600212 -0.000000 0.000000 -0.000000 1.749533 -1.657352 40.342188 2.420437 -7.063463 34.512625 2.426562 -6.803583 33.013245 0.000001 0.000000 -0.000000 3.433649 -3.660917 50.448805 -0.236747 -5.050460 23.356126 0.167187 -6.687452 31.164852 -0.000000 0.000000 0.000000 3.978604 -4.260050 56.939606 -1.575498 -8.611307 36.769920 -1.655469 -9.327723 42.938797 -0.000001 -0.000000 -0.000002 -9.681803 10.762412 -4.717537 25.827609 5.571604 4.290047 12.614681 -0.191576 -8.554051 0.235799 -0.000001 0.000002 0.000002 0.000000 -0.000000 -11.091841 -14.839645 -2.155586 23.705432 -9.812379 -3.594589 14.526515 0.735633 13.740929 -0.602901 -0.000011 -0.000000 -0.000001 0.000004 0.000001 
0.931862 109.910645 0.851571 -2.810013 -15.436058 -0.709100 1.823422 1.029512 -0.073608 3.272190 2.069506 -0.091404 3.265716 2.079901 -0.085498 -12.652643 -1.549717 0.110079 -12.220204 -7.714945 4.039960 -0.000001 -0.000001 -0.000001 0.009591 6.443988 -3.663563 -10.948046 -32.628128 -23.101158 -2.508672 -68.587038 -2.697643 -6.006774 8.683715 7.698952 6.545382 13.426859 -8.483096 3.386041 6.500354 -5.041240 -0.326844 1.666258 -2.211849 0.000002 -0.000001 -0.000000 1.406291 2.114810 -43.734514 9.004859 8.615080 -52.819192 4.856933 6.447280 -33.651266 -0.000001 0.000001 0.000001 0.411400 0.330304 -42.083592 2.808451 8.671817 -38.931303 2.479705 7.741216 -39.906248 -0.000001 -0.000002 0.000001 0.757872 1.182760 -49.966413 -0.291651 8.825706 -36.883213 -0.296594 7.980834 -33.821454 -0.000002 -0.000000 -0.000002 2.671464 2.991711 -37.100553 -1.146266 3.891400 -32.878523 -1.462186 7.698258 -33.191806 -0.000000 0.000002 0.000001 0.259273 -2.122756 1.227863 -15.789466 40.464971 21.013673 177.601789 112.326402 -177.405476 2.794817 -7.722584 -18.541580 -0.479885 -18.577076 5.659952 3.431353 0.609162 5.067699 -2.180904 6.905853 0.824855 -0.000000 -0.000001 0.000001 4.482138 -4.992662 46.214887 5.742424 -6.308307 35.875879 8.335530 -7.033127 49.400296 -0.000000 0.000000 0.000000 1.764846 -1.639050 39.509642 2.408723 -7.047887 34.420260 2.431796 -6.810542 33.054499 -0.000000 0.000000 -0.000000 3.347328 -3.563371 49.702320 -0.241888 -5.017934 23.203362 0.168876 -6.692834 31.191118 0.000000 -0.000000 0.000000 3.996660 -4.269073 56.812516 -1.578784 -8.587488 36.667229 -1.656929 -9.320723 42.908713 0.000001 0.000001 0.000001 -9.286682 10.881854 -4.668500 25.198485 4.706351 4.158860 11.574831 -0.200289 -9.789067 0.546207 0.000000 -0.000000 -0.000001 0.000000 -0.000000 -10.996797 -14.856295 -2.291374 24.609715 -10.331028 -3.791286 13.148170 0.572939 13.349240 -0.599343 -0.000026 0.000002 -0.000001 0.000008 -0.000001 
0.985629 110.129532 1.187807 -2.622592 -15.631719 -0.749431 1.721354 1.063284 -0.038609 3.116804 2.133462 -0.114138 3.109859 2.143850 -0.108892 -11.995125 -1.409008 -0.201468 -13.165223 -7.701160 4.448631 0.000002 -0.000000 -0.000000 -0.096811 7.638837 -3.499963 -11.104117 -26.152658 -24.605897 -2.803688 -70.656613 -2.973589 -6.898667 9.263722 7.743196 6.570047 13.451108 -8.503715 3.410764 6.653720 -5.058298 -0.293960 1.872812 -2.237056 -0.000002 0.000001 0.000002 1.587935 2.298050 -43.512833 9.001213 8.613974 -52.803387 4.842590 6.436793 -33.577828 -0.000000 -0.000001 -0.000005 0.566418 0.502890 -41.889485 2.870394 8.748286 -39.372830 2.507474 7.778725 -40.114777 0.000001 0.000002 -0.000000 0.854115 1.292289 -50.039298 -0.263433 8.917753 -37.299933 -0.288849 8.009928 -33.952508 -0.000001 0.000000 -0.000001 2.729003 3.068886 -36.930092 -1.136011 3.967257 -33.186571 -1.457331 7.741526 -33.365116 0.000001 0.000001 -0.000000 0.382765 -1.415362 1.998076 -12.949554 31.361145 19.464724 177.157758 109.122770 -176.991006 2.838479 -8.003266 -17.187529 -0.172422 -18.813486 6.168016 3.431353 0.609160 5.067699 -2.100478 6.458442 0.795881 -0.000002 -0.000001 -0.000000 4.593527 -5.111094 45.912836 5.712473 -6.291744 35.730933 8.294139 -7.020248 49.213391 0.000001 -0.000000 0.000002 1.776876 -1.631257 38.950329 2.395524 -7.030293 34.316008 2.439012 -6.820073 33.111231 0.000001 -0.000000 -0.000001 3.283337 -3.492081 49.245258 -0.246281 -4.989551 23.070087 0.170200 -6.697167 31.212267 -0.000001 0.000001 0.000000 4.016433 -4.280772 56.724035 -1.581220 -8.569537 36.589901 -1.658286 -9.314238 42.880938 -0.000000 -0.000001 -0.000001 -8.931645 11.000704 -4.605074 24.824609 3.585282 3.976474 10.825669 -0.212098 -11.092323 0.535996 -0.000004 -0.000004 0.000003 -0.000001 -0.000002 -10.900409 -14.755628 -2.452587 26.013809 -10.131304 -4.115881 12.055444 0.428628 12.698683 -0.595777 0.000005 0.000002 0.000001 0.000002 0.000002 
1.037130 110.107071 1.576941 -2.419129 -15.772975 -0.769030 1.588199 1.092566 0.005698 2.920652 2.189352 -0.128057 2.913002 2.199855 -0.123925 -11.193192 -1.289229 -0.524318 -14.068719 -7.803837 4.866461 -0.000003 0.000000 -0.000000 -0.210372 8.670859 -3.179665 -10.827273 -19.507836 -26.001707 -3.074341 -72.242235 -3.229697 -6.602308 9.633299 7.481748 6.602115 13.485024 -8.521219 3.447460 6.879603 -5.083434 -0.249762 2.147546 -2.270625 0.000002 0.000005 -0.000000 1.810190 2.535669 -43.397475 8.998779 8.613223 -52.792827 4.824977 6.423859 -33.487612 -0.000001 0.000002 -0.000004 0.731118 0.699599 -41.788579 2.928142 8.818468 -39.780569 2.537743 7.819220 -40.340808 0.000001 0.000002 -0.000001 0.955449 1.399789 -50.047552 -0.236331 9.003826 -37.690739 -0.281516 8.037131 -34.075141 -0.000001 0.000001 0.000001 2.773252 3.129037 -36.758043 -1.127249 4.029786 -33.440729 -1.453139 7.777900 -33.510848 0.000001 -0.000001 -0.000001 0.512417 -0.531156 2.591303 -10.244560 21.950338 18.508727 176.628692 106.302701 -176.487730 3.161103 -8.030910 -16.237414 0.018867 -18.951294 6.504190 3.431352 0.609164 5.067701 -2.030686 6.070659 0.770596 -0.000002 -0.000001 -0.000001 4.685311 -5.208681 45.719640 5.678162 -6.272629 35.564624 8.258559 -7.009068 49.052653 0.000001 0.000001 0.000001 1.793227 -1.641282 38.653902 2.378120 -7.006985 34.178021 2.446573 -6.830048 33.170646 0.000001 -0.000000 -0.000000 3.243154 -3.449301 49.065443 -0.251922 -4.952434 22.895931 0.171283 -6.700699 31.229541 -0.000001 0.000001 0.000000 4.043137 -4.298954 56.678105 -1.584596 -8.544344 36.481413 -1.659188 -9.309965 42.862634 0.000001 -0.000001 -0.000001 -8.706889 11.090090 -4.538922 24.666842 2.392209 3.788945 10.576949 -0.254463 -12.470829 0.247464 -0.000003 0.000001 0.000001 -0.000001 -0.000002 -10.820009 -14.533458 -2.624312 27.706930 -9.376048 -4.547589 11.584086 0.344261 11.979380 -0.592224 0.000003 -0.000008 0.000003 0.000003 0.000001 
1.085889 109.836983 2.010970 -2.155607 -15.890944 -0.762951 1.410126 1.123290 0.064943 2.675038 2.248381 -0.119632 2.666267 2.259067 -0.117474 -10.349650 -1.187053 -0.861336 -14.881311 -7.983590 5.204948 -0.000001 0.000000 0.000000 -0.316088 9.499035 -2.822002 -10.120897 -12.749139 -27.166094 -3.274977 -73.263969 -3.420995 -5.415990 9.749097 6.998092 6.630132 13.527769 -8.486341 3.494549 7.166781 -5.115499 -0.192019 2.501679 -2.313840 0.000001 0.000003 0.000000 2.136441 2.909542 -43.679405 9.026296 8.621550 -52.912168 4.817334 6.418202 -33.448352 -0.000002 0.000000 -0.000001 0.937235 0.980669 -42.019416 2.995056 8.898547 -40.248881 2.570835 7.863126 -40.586610 0.000001 -0.000000 -0.000001 1.088583 1.560571 -50.256255 -0.208057 9.091453 -38.089609 -0.275684 8.058720 -34.172505 -0.000002 -0.000001 -0.000002 2.830428 3.206750 -36.832615 -1.115172 4.112914 -33.778964 -1.449937 7.805302 -33.620698 0.000002 -0.000000 0.000000 0.642939 0.446667 3.092863 -7.533742 12.507464 17.981982 176.045544 104.007409 -175.925456 3.672408 -8.201654 -15.627674 0.086339 -18.989910 6.656859 3.431352 0.609162 5.067700 -1.964220 5.701895 0.746416 -0.000003 -0.000001 0.000001 4.792092 -5.318133 45.635824 5.636626 -6.249329 35.362919 8.233040 -7.000970 48.937247 0.000001 0.000001 0.000001 1.822977 -1.678744 38.588318 2.355942 -6.977076 34.001498 2.452014 -6.837269 33.213564 0.000002 0.000000 0.000000 3.219845 -3.427897 49.108387 -0.259974 -4.898265 22.641910 0.171857 -6.702520 31.238396 -0.000002 0.000001 0.000001 4.078893 -4.325102 56.673696 -1.589326 -8.508617 36.327478 -1.659295 -9.309451 42.860393 0.000000 -0.000002 0.000001 -8.654783 11.116837 -4.493867 24.703491 1.293821 3.636146 10.757212 -0.332575 -13.819755 -0.252743 -0.000002 0.000002 0.000001 0.000000 0.000002 -10.766302 -14.195676 -2.786045 29.517605 -8.355761 -5.055940 11.775064 0.319737 11.307303 -0.588627 0.000006 -0.000007 0.000001 -0.000003 0.000002 
1.127423 109.319290 2.478494 -1.825662 -15.996452 -0.722614 1.190770 1.157331 0.131000 2.393587 2.311556 -0.081060 2.383208 2.322511 -0.081966 -9.547056 -1.099005 -1.203247 -15.597717 -8.183568 5.380613 0.000000 -0.000001 -0.000000 -0.402919 10.108040 -2.496881 -9.085711 -5.970265 -28.065995 -3.355457 -73.642266 -3.498015 -3.679139 9.638593 6.345643 6.641550 13.576128 -8.355218 3.546208 7.478214 -5.150381 -0.118361 2.945969 -2.368033 0.000001 0.000006 0.000001 2.618841 3.464727 -44.558624 9.112964 8.647358 -53.287879 4.834135 6.430563 -33.534542 -0.000001 0.000000 0.000003 1.216696 1.390317 -42.765430 3.086980 9.006359 -40.884805 2.607524 7.911331 -40.857433 0.000002 0.000000 0.000003 1.277159 1.821012 -50.934356 -0.175883 9.188719 -38.533468 -0.272301 8.071069 -34.228294 -0.000002 0.000002 -0.000000 2.929399 3.337738 -37.408417 -1.092293 4.261627 -34.384767 -1.447533 7.825531 -33.701752 0.000000 -0.000003 -0.000002 0.754902 1.351211 3.517005 -4.852637 3.364773 17.857075 175.478748 102.313577 -175.373986 4.369053 -8.747349 -15.145782 0.045762 -18.945749 6.642116 3.431355 0.609158 5.067699 -1.895663 5.321928 0.721351 -0.000001 -0.000005 0.000000 4.941845 -5.465882 45.663407 5.591773 -6.223954 35.144708 8.221995 -6.997448 48.887267 0.000000 0.000004 -0.000004 1.875492 -1.753631 38.712457 2.333108 -6.946143 33.819255 2.452857 -6.838359 33.220087 0.000000 0.000001 -0.000001 3.202699 -3.416494 49.307399 -0.269331 -4.832980 22.336047 0.171330 -6.700874 31.230333 0.000000 0.000000 0.000001 4.122183 -4.357806 56.705706 -1.593735 -8.474585 36.180987 -1.658337 -9.313991 42.879883 0.000001 0.000003 0.000000 -8.744312 11.060583 -4.508104 24.916183 0.397525 3.538027 11.066089 -0.417311 -14.929373 -0.897921 0.000002 -0.000007 -0.000000 -0.000000 -0.000001 -10.712854 -13.754601 -2.922490 31.302904 -7.381703 -5.613905 12.415665 0.332140 10.730470 -0.585044 0.000005 0.000005 0.000002 -0.000006 0.000001 
1.156549 108.557564 2.964297 -1.461676 -16.081651 -0.651475 0.952213 1.191648 0.194050 2.111170 2.370721 -0.014030 2.098767 2.382093 -0.018971 -8.833416 -1.023528 -1.529996 -16.252888 -8.350385 5.348153 0.000001 0.000001 -0.000000 -0.469127 10.512398 -2.214775 -7.844498 0.702834 -28.738752 -3.297023 -73.368881 -3.442032 -1.725905 9.421093 5.591778 6.624773 13.624626 -8.097840 3.594430 7.765853 -5.182702 -0.026428 3.489137 -2.434247 0.000000 0.000005 -0.000000 3.294851 4.200286 -46.129906 9.287543 8.697471 -54.042379 4.892471 6.473216 -33.832949 0.000001 -0.000002 -0.000002 1.603277 1.954863 -44.162139 3.221018 9.159296 -41.797995 2.649933 7.966482 -41.168610 0.000005 0.000001 -0.000001 1.540520 2.207591 -52.293154 -0.135742 9.306654 -39.073484 -0.271577 8.073685 -34.240066 -0.000002 0.000000 -0.000000 3.095563 3.548886 -38.694459 -1.048181 4.522669 -35.451127 -1.444806 7.848192 -33.792597 -0.000001 -0.000000 0.000001 0.823736 1.969150 3.757886 -2.299649 -5.129289 18.261091 175.021753 101.216730 -174.926896 5.355238 -9.689300 -14.552010 -0.067795 -18.849522 6.498022 3.431355 0.609164 5.067701 -1.823620 4.923211 0.694856 0.000000 -0.000001 -0.000000 5.149416 -5.664520 45.807060 5.555938 -6.203508 34.970114 8.228715 -6.999593 48.917651 -0.000001 0.000001 -0.000001 1.959472 -1.874797 38.990777 2.319474 -6.927519 33.709770 2.447732 -6.831612 33.179864 -0.000002 -0.000001 0.000002 3.183347 -3.406504 49.617284 -0.276417 -4.781810 22.096495 0.169274 -6.694201 31.197753 -0.000005 0.000001 -0.000000 4.168441 -4.393471 56.767270 -1.594295 -8.470041 36.161371 -1.656121 -9.324575 42.925335 0.000002 -0.000001 -0.000001 -8.924370 10.920271 -4.604307 25.354376 -0.262364 3.487422 11.058647 -0.444886 -15.535576 -4.861307 -0.185793 3.299622 0.000000 0.000000 0.000001 -10.594964 -13.226065 -3.009005 32.965949 -6.678301 -6.213818 13.116595 0.351716 10.275415 -0.581418 -0.000001 -0.000001 -0.000002 -0.000002 0.000001 
1.169735 107.558395 3.447792 -1.120268 -16.128153 -0.563739 0.730466 1.219262 0.245246 1.876030 2.411425 0.068350 1.861472 2.423506 0.058952 -8.218842 -0.961043 -1.815966 -16.912049 -8.450079 5.121776 -0.000000 0.000002 0.000000 -0.523725 10.757165 -1.931297 -6.486550 7.135845 -29.285023 -3.133774 -72.557154 -3.286235 0.133077 9.270290 4.835381 6.571089 13.666062 -7.703532 3.631752 7.986431 -5.207519 0.086240 4.138964 -2.513476 0.000004 -0.000002 -0.000003 4.182164 5.070183 -48.390097 9.575818 8.774864 -55.282656 5.012259 6.559297 -34.442335 -0.000002 0.000002 -0.000001 2.132654 2.678933 -46.298075 3.413800 9.370772 -43.083539 2.702307 8.033718 -41.549885 0.000001 -0.000001 0.000002 1.892346 2.720029 -54.432496 -0.081580 9.460104 -39.779029 -0.272208 8.071380 -34.229677 -0.000001 0.000000 0.000001 3.344726 3.848785 -40.799677 -0.968855 4.931927 -37.131572 -1.439300 7.892682 -33.971158 -0.000000 0.000000 0.000002 0.830885 2.099317 3.616076 0.082313 -12.661722 19.457607 174.736183 100.624519 -174.646708 6.814593 -10.862784 -13.695878 -0.210321 -18.739051 6.273841 3.431356 0.609164 5.067701 -1.751337 4.523607 0.668146 -0.000000 -0.000002 0.000003 5.414341 -5.910107 46.071764 5.547798 -6.198841 34.930387 8.254292 -7.007718 49.033436 0.000002 -0.000001 -0.000000 2.082270 -2.048681 39.406715 2.329054 -6.940582 33.786596 2.437898 -6.818645 33.102672 -0.000006 0.000000 -0.000001 3.161333 -3.398079 50.038748 -0.275854 -4.786028 22.116117 0.165686 -6.682556 31.140960 0.000005 0.000001 0.000000 4.211650 -4.427331 56.852384 -1.586357 -8.531189 36.424678 -1.652526 -9.341698 42.998831 -0.000002 0.000001 0.000001 -9.167594 10.714566 -4.779512 26.147199 -0.707396 3.447960 10.270269 -0.345795 -15.385141 -10.388363 -0.653158 6.079665 -0.000002 -0.000000 0.000000 -10.331809 -12.623128 -3.014335 34.467187 -6.317082 -6.864113 13.411356 0.351422 9.980807 -0.577811 -0.000003 0.000006 -0.000000 -0.000004 0.000001 
1.167204 106.328262 3.901655 -0.860072 -16.111902 -0.482356 0.566300 1.229791 0.284453 1.737255 2.415942 0.141643 1.720935 2.429095 0.128281 -7.679574 -0.913233 -2.035471 -17.660381 -8.473646 4.773545 -0.000001 0.000000 0.000000 -0.584885 10.912926 -1.553862 -5.045755 13.218517 -29.881046 -2.930500 -71.432167 -3.093271 1.624740 9.316270 4.185481 6.476660 13.692730 -7.183879 3.653072 8.111647 -5.221627 0.222685 4.904129 -2.606788 -0.000000 0.000000 0.000002 5.270427 5.994760 -51.252630 9.996064 8.875931 -57.079143 5.214500 6.700318 -35.461304 0.000000 -0.000002 -0.000001 2.837472 3.539415 -49.199970 3.678277 9.645883 -44.799228 2.770759 8.120235 -42.043462 -0.000001 -0.000001 0.000002 2.336775 3.330434 -57.310512 -0.005646 9.665499 -40.729200 -0.271256 8.074900 -34.245517 -0.000001 0.000001 -0.000005 3.677629 4.223677 -43.695118 -0.837146 5.502040 -39.492864 -1.427332 7.986419 -34.347485 -0.000000 -0.000003 -0.000002 0.762863 1.614430 2.868523 2.357608 -19.024466 21.786755 174.603008 100.369049 -174.515814 8.925413 -11.994408 -12.576736 -0.341521 -18.649439 6.017593 3.431352 0.609158 5.067698 -1.685564 4.160369 0.643713 -0.000000 0.000001 -0.000001 5.723008 -6.185252 46.459063 5.586811 -6.221119 35.120624 8.297236 -7.021228 49.227427 -0.000001 0.000000 -0.000003 2.249930 -2.279497 39.971855 2.377054 -7.005541 34.169527 2.427945 -6.805432 33.024170 -0.000003 -0.000001 0.000001 3.146434 -3.402850 50.623494 -0.260994 -4.891261 22.609046 0.161471 -6.668861 31.074164 0.000001 0.000001 -0.000002 4.246697 -4.455677 56.959263 -1.564286 -8.690406 37.111198 -1.647527 -9.365207 43.099767 -0.000001 0.000000 -0.000004 -9.500289 10.472362 -5.000904 27.476746 -0.973786 3.359842 8.334778 -0.096706 -14.296941 -16.338682 -0.906666 7.043592 0.000001 -0.000000 -0.000001 -9.871603 -11.959011 -2.904649 35.843832 -6.236318 -7.574072 12.843942 0.308440 9.892761 -0.574160 0.000010 -0.000016 0.000005 -0.000004 0.000003 
1.149699 104.880905 4.291039 -0.719508 -16.004400 -0.407962 0.494396 1.211798 0.301185 1.730706 2.365911 0.172563 1.713685 2.380299 0.156736 -7.165872 -0.881840 -2.167265 -18.592024 -8.432844 4.407942 0.000001 -0.000001 0.000001 -0.676119 11.060767 -0.946539 -3.501186 18.885878 -30.792245 -2.742196 -70.257477 -2.915757 2.533503 9.537486 3.734992 6.343928 13.697531 -6.572938 3.656231 8.130115 -5.223733 0.386441 5.793469 -2.715393 0.000003 -0.000002 -0.000003 6.513979 6.880477 -54.558912 10.552822 8.988822 -59.440937 5.516906 6.901380 -36.963054 -0.000000 0.000002 0.000002 3.735721 4.481902 -52.806631 4.020081 9.977936 -46.943501 2.862309 8.233535 -42.695335 0.000002 0.000002 -0.000001 2.863768 3.990580 -60.749752 0.100541 9.936186 -41.991788 -0.264687 8.098847 -34.353656 -0.000001 -0.000001 -0.000000 4.077754 4.641621 -47.210042 -0.636607 6.214930 -42.486372 -1.403675 8.158448 -35.039328 -0.000000 0.000000 -0.000002 0.599790 0.510548 1.354166 4.673427 -24.188500 25.567942 174.537220 100.247390 -174.451146 11.736425 -12.804625 -11.347435 -0.435235 -18.603113 5.765977 3.431357 0.609161 5.067698 -1.634257 3.877357 0.624579 -0.000000 -0.000004 -0.000002 6.053314 -6.465086 46.962888 5.686800 -6.277457 35.606555 8.353610 -7.038708 49.481811 0.000001 0.000001 0.000003 2.467083 -2.568033 40.725546 2.476023 -7.136620 34.948377 2.425251 -6.801876 33.003078 0.000003 -0.000001 0.000001 3.156538 -3.440591 51.455514 -0.223683 -5.130983 23.734619 0.158538 -6.659299 31.027517 -0.000000 -0.000000 -0.000001 4.270933 -4.476697 57.091704 -1.521926 -8.962909 38.289815 -1.641276 -9.394363 43.225030 0.000001 0.000002 -0.000004 -10.084551 10.282471 -5.433579 29.987327 -1.209426 3.161607 3.742266 0.468653 -10.580955 -18.535556 -0.609647 5.785496 -0.000000 -0.000000 0.000000 -9.219309 -11.251740 -2.676058 37.175265 -6.339776 -8.326468 11.064427 0.198634 10.014405 -5.319543 -0.201002 3.147831 0.000001 -0.000001 -0.000000 
1.117195 103.237900 4.575910 -0.702535 -15.772244 -0.313036 0.532924 1.155007 0.277229 1.867160 2.245643 0.124376 1.851097 2.260766 0.108280 -6.614705 -0.867313 -2.199012 -19.791945 -8.351942 4.123853 -0.000001 -0.000000 -0.000000 -0.821653 11.262667 0.055168 -1.781351 24.109967 -32.358243 -2.595128 -69.236344 -2.778097 2.725094 9.726416 3.556335 6.181809 13.675360 -5.923649 3.641114 8.041511 -5.213726 0.580499 6.810290 -2.839919 0.000002 0.000002 -0.000005 7.831470 7.644235 -58.087945 11.230949 9.094794 -62.295355 5.927601 7.156618 -38.964218 0.000000 0.000003 0.000000 4.814373 5.425607 -56.945527 4.433707 10.348066 -49.443272 2.982948 8.378865 -43.540919 0.000000 -0.000001 0.000002 3.447219 4.645251 -64.481658 0.244163 10.276363 -43.596814 -0.248352 8.157633 -34.619350 0.000000 0.000002 -0.000002 4.514468 5.064130 -51.069587 -0.358741 7.022935 -45.947714 -1.361800 8.430549 -36.136885 -0.000002 -0.000001 0.000000 0.312642 -1.070630 -0.964766 7.216410 -28.331816 30.995006 174.444835 100.081116 -174.360250 15.042636 -13.104726 -10.279028 -0.484584 -18.604334 5.538953 3.431355 0.609161 5.067699 -1.604025 3.710684 0.613258 0.000004 -0.000003 -0.000001 6.380018 -6.724279 47.567148 5.851023 -6.367562 36.399827 8.418322 -7.058441 49.773480 0.000002 -0.000001 0.000001 2.736165 -2.909920 41.723522 2.632392 -7.336329 36.151891 2.438521 -6.819420 33.107368 -0.000001 -0.000001 0.000002 3.211572 -3.531460 52.612865 -0.154500 -5.510991 25.527919 0.159510 -6.662468 31.042964 0.000000 0.000002 0.000001 4.284721 -4.490993 57.257783 -1.453969 -9.337913 39.920291 -1.634015 -9.427943 43.369413 0.000001 0.000003 -0.000003 -10.517002 10.160821 -6.117950 32.863223 -1.185069 2.777707 -2.969757 0.761060 -4.295756 -16.917643 -0.098824 2.371113 0.000001 -0.000000 0.000000 -8.463941 -10.537904 -2.366169 38.568176 -6.613327 -9.060760 7.903431 -0.004659 10.253970 -12.138589 -0.473807 4.322666 0.000001 0.000002 -0.000001 
1.067354 101.442314 4.719991 -0.777296 -15.386528 -0.140539 0.677288 1.055166 0.185401 2.126535 2.047176 -0.034505 2.113256 2.061603 -0.048626 -5.969012 -0.867593 -2.132686 -21.306046 -8.260638 3.981648 -0.000002 0.000000 0.000000 -1.041098 11.521560 1.602749 0.233563 28.867774 -34.927600 -2.489947 -68.441371 -2.680271 2.162331 9.571592 3.711778 6.004058 13.623770 -5.299765 3.608215 7.847588 -5.191886 0.805117 7.942050 -2.979103 0.000004 -0.000001 -0.000005 9.117100 8.234649 -61.573274 11.993343 9.173495 -65.483544 6.438524 7.447281 -41.399054 0.000000 -0.000000 -0.000000 6.016018 6.281601 -61.331294 4.900418 10.728493 -52.157459 3.135540 8.556549 -44.590115 -0.000001 0.000000 -0.000000 4.049927 5.247242 -68.216740 0.428203 10.676655 -45.514263 -0.219029 8.260516 -35.085241 -0.000001 -0.000003 0.000001 4.952465 5.458769 -54.964574 -0.010630 7.859127 -49.626136 -1.294719 8.808080 -37.667076 -0.000000 0.000002 0.000000 -0.116058 -2.860890 -3.981519 10.210365 -31.764908 38.074746 174.264244 99.771189 -174.182473 18.326299 -12.859911 -9.681093 -0.500426 -18.639673 5.339849 3.431353 0.609162 5.067700 -1.598148 3.678267 0.611050 0.000001 0.000001 -0.000000 6.678854 -6.941968 48.245793 6.070892 -6.483601 37.453114 8.486887 -7.078970 50.082085 0.000001 -0.000001 0.000001 3.055282 -3.292977 43.015674 2.844319 -7.593681 37.734729 2.475087 -6.867509 33.393949 0.000001 -0.000000 0.000001 3.325609 -3.685736 54.123754 -0.046520 -6.002140 27.864967 0.167148 -6.687327 31.164258 -0.000000 0.000000 0.000000 4.290343 -4.500570 57.465742 -1.359663 -9.778493 41.850372 -1.625982 -9.464481 43.526586 -0.000001 0.000000 -0.000002 -10.838866 9.990868 -6.732996 35.426969 -0.708001 2.205475 -9.273794 0.304121 1.403893 -15.124979 0.000017 0.000010 -0.000000 -0.000001 0.000001 -7.786863 -9.804293 -2.267455 40.185934 -7.087904 -9.303393 3.421976 -0.330860 10.260531 -17.656772 -0.677396 4.538470 -0.000001 -0.000004 0.000001 
0.999600 99.559677 4.698602 -0.887978 -14.841753 0.168396 0.899636 0.916325 0.007103 2.460786 1.777085 -0.319631 2.451655 1.788485 -0.330199 -5.200094 -0.877795 -1.989112 -23.105654 -8.189443 3.989186 -0.000000 0.000000 -0.000000 -1.339576 11.749892 3.762436 2.693353 33.104762 -38.749251 -2.411612 -67.811013 -2.607780 0.899362 8.811538 4.261868 5.825963 13.543189 -4.763629 3.557354 7.545068 -5.157884 1.055167 9.150785 -3.128760 0.000003 0.000003 -0.000000 10.263485 8.642280 -64.735536 12.784359 9.210697 -68.778222 7.021432 7.745026 -44.113036 0.000000 -0.000001 0.000001 7.239858 6.979297 -65.599992 5.389255 11.089382 -54.898701 3.318104 8.760630 -45.817356 0.000001 0.000001 0.000001 4.634440 5.768054 -71.716945 0.648632 11.113566 -47.646986 -0.175470 8.407720 -35.754107 -0.000001 0.000000 0.000001 5.364069 5.807199 -58.628923 0.382198 8.653632 -53.235065 -1.196995 9.274713 -39.572128 -0.000001 0.000001 0.000000 -0.659104 -4.531709 -7.460625 13.919056 -34.740801 46.626805 173.977486 99.316210 -173.899826 20.839431 -12.178594 -9.779307 -0.504455 -18.684911 5.160168 3.431354 0.609153 5.067696 -1.615869 3.775933 0.617689 -0.000000 -0.000000 -0.000003 6.929052 -7.104015 48.965647 6.328775 -6.613215 38.676380 8.557283 -7.099633 50.398456 0.000001 0.000001 0.000004 3.414923 -3.695518 44.620748 3.101080 -7.886892 39.586578 2.538623 -6.949918 33.887727 -0.000000 -0.000000 -0.000003 3.499635 -3.896505 55.934120 0.098104 -6.545581 30.481782 0.183678 -6.740428 31.423545 0.000000 -0.000001 -0.000002 4.290067 -4.507290 57.718281 -1.246116 -10.230833 43.851092 -1.617537 -9.502398 43.689855 -0.000000 -0.000002 0.000001 -11.471692 9.757017 -7.275216 38.180559 0.071574 1.489590 -14.976426 -0.642317 6.055580 -14.732165 0.000016 0.000007 0.000000 0.000000 0.000000 -7.354702 -9.184811 -2.295485 41.986877 -8.026493 -9.277162 -1.978608 -0.665356 9.972676 -21.127903 -0.835602 4.846429 -0.000001 -0.000000 -0.000000 
0.921032 97.682709 4.515304 -0.976027 -14.183109 0.656853 1.155412 0.754783 -0.268846 2.805734 1.461801 -0.720231 2.801113 1.467572 -0.726767 -4.323352 -0.891330 -1.807318 -25.064282 -8.163768 4.110611 -0.000001 -0.000000 -0.000000 -1.687864 11.774680 6.435408 5.712839 36.706526 -43.850576 -2.341393 -67.215072 -2.543074 -0.940460 7.363962 5.265131 5.660575 13.436433 -4.362645 3.487544 7.124270 -5.110756 1.318011 10.369460 -3.280975 0.000000 0.000007 0.000000 11.187888 8.894063 -67.329532 13.540106 9.204303 -71.922643 7.629588 8.019812 -46.882521 0.000001 -0.000000 0.000001 8.363003 7.487581 -69.378821 5.862572 11.405834 -57.468979 3.522825 8.979285 -47.160540 0.000000 0.000002 0.000001 5.174149 6.199909 -74.842337 0.892583 11.553741 -49.843333 -0.119067 8.589404 -36.583487 -0.000001 0.000001 0.000000 5.737732 6.105730 -61.894799 0.781124 9.349598 -56.509474 -1.068702 9.793506 -41.711156 0.000000 -0.000002 -0.000000 -1.229406 -5.790723 -11.067521 18.523130 -37.242662 56.278758 173.601388 98.779842 -173.528537 21.854413 -11.216368 -10.614744 -0.519684 -18.714993 4.986588 3.431353 0.609164 5.067701 -1.653101 3.981276 0.631604 -0.000000 0.000000 0.000002 7.114316 -7.202931 49.690070 6.603777 -6.743971 39.967477 8.631099 -7.120830 50.729591 -0.000001 -0.000001 -0.000001 3.794912 -4.087817 46.505423 3.384818 -8.189649 41.559813 2.627433 -7.062655 34.568957 0.000001 -0.000000 -0.000001 3.717862 -4.139417 57.903721 0.263593 -7.069790 33.043287 0.210035 -6.823444 31.829716 0.000001 -0.000000 0.000001 4.284448 -4.511580 58.007888 -1.128520 -10.639585 45.678434 -1.609003 -9.540188 43.852690 0.000001 -0.000001 0.000005 -13.061380 9.435446 -7.522131 42.062825 0.979864 0.646112 -20.253678 -1.595309 7.884466 -12.039497 0.000009 0.000009 -0.000001 0.000000 0.000000 -7.306665 -8.809584 -2.361546 43.870882 -9.589972 -9.248737 -7.681996 -0.931425 9.430281 -22.946353 -0.987680 5.430949 -0.000001 -0.000003 0.000000 
0.839320 95.919838 4.193809 -1.002423 -13.512750 1.287217 1.394959 0.591327 -0.601299 3.098876 1.147283 -1.194196 3.098074 1.145529 -1.197254 -3.397007 -0.902109 -1.635528 -26.965085 -8.195316 4.290360 0.000000 -0.000001 0.000000 -2.003971 11.396615 9.322118 9.255006 39.493185 -49.943368 -2.267784 -66.557427 -2.475596 -3.185780 5.355990 6.763609 5.515697 13.308234 -4.118556 3.397918 6.574153 -5.049435 1.573875 11.509810 -3.424854 0.000002 -0.000001 0.000000 11.851465 9.035673 -69.194481 14.201987 9.164989 -74.681029 8.206155 8.248657 -49.458721 -0.000001 -0.000002 0.000003 9.275096 7.817498 -72.372473 6.284284 11.662824 -59.699357 3.736763 9.197087 -48.530601 0.000002 -0.000001 0.000000 5.658307 6.550703 -77.556108 1.139714 11.961861 -51.928320 -0.054060 8.787908 -37.494569 -0.000000 0.000004 -0.000000 6.078085 6.360623 -64.705722 1.145740 9.913235 -59.255217 -0.918211 10.315003 -43.887555 0.000001 0.000000 0.000000 -1.704505 -6.467132 -14.414933 23.824762 -38.940777 66.369850 173.156729 98.220210 -173.088960 20.995682 -10.067584 -12.054380 -0.561843 -18.712883 4.807925 3.431355 0.609160 5.067700 -1.704068 4.262489 0.650595 -0.000002 -0.000003 0.000001 7.223153 -7.236570 50.383310 6.877859 -6.866851 41.241577 8.713175 -7.143872 51.097127 0.000001 0.000002 -0.000005 4.163770 -4.437201 48.578170 3.674272 -8.477845 43.503790 2.734106 -7.194495 35.374287 0.000001 -0.000000 0.000002 3.949682 -4.380363 59.836009 0.424073 -7.512320 35.239582 0.245521 -6.932034 32.362642 0.000001 0.000001 -0.000005 4.271630 -4.511856 58.315752 -1.025057 -10.963027 47.139196 -1.600746 -9.576367 44.008729 -0.000000 0.000001 -0.000002 -15.180739 9.077474 -7.637899 46.354964 1.603612 -0.266074 -24.807766 -2.281081 8.002562 -8.681387 0.000013 0.000005 -0.000000 -0.000001 -0.000000 -7.817192 -8.705733 -2.480873 46.137743 -11.990502 -9.272783 -14.105746 -1.210261 8.910343 -20.589057 -0.736504 5.823506 -0.000000 0.000003 0.000000 
0.760745 94.427315 3.784958 -0.961343 -13.003157 2.012624 1.579051 0.469934 -0.978488 3.296862 0.890188 -1.672476 3.298658 0.880644 -1.673161 -2.502546 -0.906250 -1.515576 -28.542461 -8.274646 4.478648 -0.000001 0.000000 0.000000 -2.169889 10.486207 11.978297 13.018849 41.256620 -56.403241 -2.194190 -65.863951 -2.408483 -5.633057 3.049963 8.749364 5.393177 13.164945 -4.023684 3.289204 5.891127 -4.973716 1.799252 12.480301 -3.548626 0.000001 0.000006 0.000001 12.263699 9.112368 -70.289101 14.729037 9.110996 -76.884851 8.697747 8.420687 -51.622822 0.000001 0.000003 0.000000 9.909662 8.006244 -74.433926 6.628269 11.856275 -61.482392 3.944205 9.398527 -49.828853 -0.000000 -0.000002 -0.000003 6.088360 6.834882 -79.889888 1.366862 12.308959 -53.743186 0.013065 8.982284 -38.392172 -0.000001 0.000001 -0.000000 6.397679 6.581231 -67.087696 1.445701 10.335631 -61.377719 -0.761754 10.789617 -45.894783 0.000001 -0.000000 -0.000000 -1.978862 -6.543163 -17.116691 29.013441 -39.425262 75.847844 172.605410 97.618068 -172.543023 18.468087 -8.745670 -13.898196 -0.635035 -18.674224 4.619414 3.431353 0.609163 5.067698 -1.763055 4.588322 0.672480 -0.000001 -0.000001 -0.000000 7.249525 -7.207043 51.013634 7.139552 -6.977425 42.447105 8.809676 -7.170250 51.528627 0.000001 0.000000 -0.000000 4.482622 -4.715175 50.700426 3.949210 -8.734148 45.293959 2.847109 -7.330054 36.212512 0.000001 0.000000 0.000001 4.158272 -4.586844 61.532423 0.554416 -7.836932 36.873401 0.287628 -7.056603 32.976205 -0.000001 -0.000000 0.000001 4.248243 -4.505151 58.615235 -0.949573 -11.182238 48.137449 -1.593057 -9.609562 44.151931 -0.000000 -0.000001 0.000001 -17.054467 8.819612 -7.889694 49.795187 2.004050 -1.134039 -28.259127 -2.794641 8.094198 -6.422361 0.000011 0.000007 0.000000 -0.000000 0.000000 -8.638295 -8.840828 -2.673767 48.572057 -13.222541 -9.301806 -20.758640 -3.071926 7.805034 -17.656290 -0.169450 2.772959 -0.000000 -0.000002 -0.000000 
0.703799 93.339294 3.358313 -0.881135 -12.811199 2.675508 1.688219 0.406547 -1.308285 3.384773 0.742427 -2.073543 3.388118 0.726895 -2.072931 -1.717597 -0.902254 -1.468007 -29.543051 -8.370828 4.645776 0.000000 -0.000001 -0.000001 -2.098330 9.063785 13.961433 16.451781 41.834748 -62.383342 -2.137841 -65.305358 -2.357333 -8.058755 0.716573 11.118933 5.290433 13.014346 -4.045529 3.164906 5.087710 -4.885175 1.973128 13.208801 -3.642407 0.000002 -0.000001 0.000003 12.472546 9.157609 -70.696706 15.104661 9.060097 -78.461231 9.067333 8.536566 -53.232889 -0.000000 0.000003 0.000002 10.258277 8.095709 -75.592033 6.883637 11.990979 -62.786992 4.129643 9.571000 -50.966520 0.000001 0.000000 0.000003 6.468905 7.065749 -81.890171 1.554524 12.578272 -55.180583 0.075191 9.153738 -39.188511 -0.000000 -0.000000 0.000002 6.705761 6.774365 -69.097568 1.668099 10.628185 -62.884903 -0.618800 11.179523 -47.565335 0.000003 -0.000003 -0.000000 -2.006139 -6.120106 -18.844613 32.874776 -38.535152 83.453997 171.762729 96.851379 -171.707240 15.013015 -7.244637 -15.970543 -0.732566 -18.606115 4.423524 3.431353 0.609162 5.067694 -1.825696 4.934708 0.695642 0.000001 -0.000001 0.000001 7.193892 -7.120293 51.556153 7.383773 -7.074849 43.563257 8.925123 -7.200788 52.043658 -0.000000 0.000001 0.000004 4.713425 -4.903482 52.713901 4.194213 -8.949405 46.848100 2.953577 -7.454129 36.989405 0.000001 0.000000 0.000002 4.312759 -4.737664 62.850083 0.641541 -8.039908 37.905904 0.332483 -7.184618 33.609343 -0.000001 0.000001 0.000003 4.211026 -4.488549 58.878942 -0.906338 -11.302301 48.687204 -1.586321 -9.638378 44.276353 -0.000000 0.000000 0.000002 -18.427534 8.735429 -8.150396 52.066040 2.331444 -1.867659 -30.687955 -3.122052 8.137566 -4.608542 0.000002 0.000003 -0.000000 0.000000 -0.000000 -9.484463 -9.120044 -2.924137 50.405143 -13.637180 -9.276726 -25.715196 -4.963840 5.963805 -15.265662 -0.005509 0.494727 0.000000 -0.000001 -0.000000 
0.699609 92.719055 2.951161 -0.810701 -13.057835 3.124065 1.724835 0.409950 -1.513580 3.372672 0.735221 -2.323818 3.376996 0.717203 -2.322587 -1.095784 -0.889660 -1.485786 -29.781698 -8.438272 4.781072 0.000001 0.000000 -0.000000 -1.800177 7.312899 14.991881 18.956241 41.166797 -67.080893 -2.121642 -65.140757 -2.342682 -10.214955 -1.464897 13.636409 5.203186 12.865396 -4.138145 3.031595 4.196626 -4.787543 2.083066 13.660876 -3.701039 0.000003 0.000003 -0.000001 12.545436 9.191095 -70.595920 15.336133 9.023514 -79.435804 9.301599 8.604209 -54.246725 -0.000001 -0.000005 0.000002 10.363959 8.119496 -76.024944 7.054749 12.077158 -63.652835 4.281038 9.706798 -51.880450 0.000003 0.000000 0.000001 6.799019 7.250925 -83.574604 1.692109 12.766683 -56.202823 0.126319 9.289434 -39.822096 -0.000003 0.000001 -0.000000 6.999940 6.941283 -70.777084 1.816946 10.815289 -63.866285 -0.505119 11.466195 -48.807466 0.000001 -0.000001 0.000001 -1.804800 -5.347281 -19.379747 34.403157 -36.449246 88.220171 170.144056 95.743345 -170.098608 11.589618 -5.598093 -18.112863 -0.842325 -18.521462 4.227502 3.431353 0.609162 5.067698 -1.889174 5.286040 0.718965 0.000000 -0.000001 0.000000 7.064195 -6.985865 51.995361 7.608672 -7.159732 44.583845 9.059256 -7.234878 52.640609 0.000003 -0.000000 -0.000001 4.828610 -4.996271 54.474502 4.400275 -9.121514 48.128088 3.042936 -7.555689 37.632478 0.000001 0.000000 -0.000003 4.398244 -4.826683 63.738362 0.688480 -8.145174 38.444830 0.375648 -7.303701 34.200844 -0.000000 0.000000 -0.000003 4.158567 -4.460377 59.086054 -0.890044 -11.346629 48.890702 -1.580816 -9.661671 44.377016 -0.000000 -0.000001 0.000003 -19.249587 8.871183 -8.257881 53.226390 2.602796 -2.414464 -32.065088 -3.304809 8.159934 -3.409839 0.000003 0.000002 -0.000000 0.000000 -0.000000 -10.280049 -9.337302 -3.325477 51.561040 -13.887071 -9.046954 -28.828364 -5.901731 4.119504 -14.992933 0.000001 0.000020 -0.000001 0.000004 0.000000 
0.754953 92.599136 2.586187 -0.798622 -13.789089 3.254481 1.704352 0.477173 -1.549713 3.282359 0.869827 -2.376786 3.287280 0.853478 -2.375172 -0.660600 -0.867771 -1.539636 -29.175641 -8.426649 4.881679 0.000002 0.000001 -0.000000 -1.383671 5.523926 15.038357 20.170320 39.286247 -70.030018 -2.168882 -65.615961 -2.385483 -11.810878 -3.411664 15.938805 5.128181 12.727334 -4.255906 2.897736 3.268369 -4.686392 2.128756 13.846929 -3.725250 -0.000002 0.000004 0.000002 12.548392 9.222176 -70.205213 15.448805 9.004278 -79.911048 9.410099 8.634044 -54.714600 -0.000002 -0.000000 0.000000 10.300214 8.101406 -75.991196 7.157028 12.127132 -64.167353 4.391776 9.803382 -52.540943 0.000001 -0.000001 0.000003 7.069045 7.392300 -84.917406 1.779388 12.882556 -56.838683 0.163085 9.384221 -40.266462 -0.000003 0.000003 0.000003 7.265107 7.078598 -72.132467 1.908131 10.926650 -64.457287 -0.427625 11.651498 -49.617168 0.000001 0.000000 -0.000003 -1.434311 -4.357396 -18.657142 33.253073 -33.477073 89.808327 166.323453 94.164840 -166.292348 8.963740 -3.899238 -20.105236 -0.953824 -18.431248 4.039125 3.431353 0.609162 5.067701 -1.951560 5.631632 0.741793 -0.000001 -0.000001 -0.000001 6.875683 -6.816298 52.327725 7.811539 -7.232453 45.499100 9.205603 -7.270383 53.290218 -0.000000 0.000001 0.000001 4.818185 -4.998479 55.883481 4.564467 -9.253167 49.131818 3.109584 -7.629916 38.106732 0.000003 0.000000 0.000001 4.418704 -4.861270 64.241194 0.709672 -8.191842 38.684580 0.413263 -7.404374 34.702788 -0.000001 -0.000000 -0.000004 4.091900 -4.420846 59.227480 -0.889715 -11.347515 48.894804 -1.576781 -9.678667 44.450444 -0.000002 -0.000001 -0.000003 -19.450823 9.219561 -8.132487 53.274010 2.893077 -2.733399 -32.441233 -3.343012 8.135367 -2.811654 -0.000004 0.000003 0.000000 -0.000000 0.000000 -10.863844 -9.494414 -3.663993 51.929215 -14.008400 -8.843298 -30.083667 -5.842040 2.735401 -15.305902 0.000019 0.000021 0.000000 0.000003 -0.000000 
0.867107 92.972687 2.274674 -0.873038 -14.965913 3.038677 1.643404 0.594593 -1.412991 3.133258 1.118729 -2.223870 3.138009 1.107525 -2.221867 -0.409837 -0.835410 -1.591225 -27.754704 -8.290676 4.940367 0.000000 0.000000 -0.000000 -0.984268 4.001446 14.296517 20.106101 36.291073 -71.228150 -2.303287 -66.879320 -2.508102 -12.532502 -5.051028 17.618862 5.064552 12.608511 -4.364870 2.772123 2.363105 -4.588155 2.121087 13.815820 -3.721209 0.000000 0.000005 -0.000001 12.530009 9.253502 -69.721745 15.477062 8.999287 -80.030378 9.417986 8.636160 -54.748594 -0.000002 0.000000 -0.000001 10.145579 8.059557 -75.746572 7.210627 12.152883 -64.436005 4.461061 9.862655 -52.950898 0.000003 -0.000000 -0.000001 7.264441 7.488984 -85.867909 1.824363 12.941211 -57.162772 0.185037 9.439785 -40.527597 -0.000002 0.000006 0.000001 7.479674 7.181703 -73.144639 1.961677 10.990902 -64.800805 -0.383707 11.753308 -50.064392 0.000000 0.000001 0.000001 -0.968397 -3.237561 -16.798461 29.753148 -29.811986 88.451305 152.854525 92.161348 -152.842148 7.424370 -2.285273 -21.617573 -1.064556 -18.337656 3.862388 3.431356 0.609161 5.067704 -2.010867 5.960671 0.763392 0.000002 -0.000003 -0.000002 6.648517 -6.625864 52.563667 7.986923 -7.292382 46.286290 9.352383 -7.304266 53.940159 0.000000 0.000002 -0.000001 4.690916 -4.922550 56.905738 4.688675 -9.349644 49.882094 3.153411 -7.678091 38.416460 -0.000000 -0.000001 -0.000000 4.391739 -4.857169 64.466939 0.722309 -8.219419 38.826443 0.442743 -7.481444 35.088345 0.000000 -0.000000 -0.000001 4.013669 -4.371599 59.306485 -0.893847 -11.336337 48.843444 -1.574296 -9.689089 44.495564 -0.000000 -0.000000 -0.000002 -19.049690 9.732260 -7.786358 52.279091 3.258654 -2.814217 -31.813440 -3.236624 8.050303 -2.864150 0.000004 0.000004 0.000000 -0.000002 -0.000000 -11.138206 -9.623838 -3.846522 51.454571 -14.012578 -8.790742 -29.543211 -4.859916 2.022388 -15.478896 0.000007 0.000022 -0.000000 0.000000 -0.000001 
1.020572 93.798576 2.013668 -1.029603 -16.482513 2.526916 1.552055 0.741711 -1.135656 2.935643 1.435791 -1.893747 2.938782 1.431526 -1.891326 -0.322617 -0.791869 -1.606958 -25.652362 -7.999146 4.939643 -0.000001 -0.000001 -0.000001 -0.692190 2.972735 13.093900 19.069359 32.345775 -71.035313 -2.557955 -68.961695 -2.743485 -12.148722 -6.237918 18.378516 5.013580 12.515038 -4.448143 2.662153 1.540461 -4.499166 2.077576 13.638406 -3.698132 0.000000 0.000000 0.000002 12.513718 9.283395 -69.276225 15.455647 9.003071 -79.939912 9.356492 8.619408 -54.483562 -0.000002 -0.000001 -0.000001 9.963093 8.008340 -75.478112 7.234386 12.164214 -64.555048 4.492954 9.889653 -53.138851 0.000002 0.000004 0.000000 7.373660 7.540791 -86.387966 1.838885 12.960011 -57.266942 0.194020 9.462304 -40.633605 -0.000000 -0.000000 -0.000002 7.625504 7.248041 -73.797851 1.995466 11.031065 -65.016379 -0.364177 11.797828 -50.260459 -0.000003 0.000000 -0.000002 -0.479463 -2.039289 -14.107703 24.689343 -25.452697 84.742403 58.405303 91.158184 -58.414981 6.740718 -0.894385 -22.278148 -1.182608 -18.230791 3.694519 3.431354 0.609161 5.067703 -2.064579 6.258935 0.782893 -0.000003 -0.000006 -0.000002 6.403664 -6.428043 52.726987 8.127407 -7.338458 46.914524 9.485826 -7.333556 54.529526 0.000004 0.000002 0.000002 4.470308 -4.785195 57.571569 4.777941 -9.417381 50.416717 3.178722 -7.705655 38.594462 -0.000001 0.000001 0.000001 4.339496 -4.832378 64.543218 0.738960 -8.255452 39.012128 0.463216 -7.534056 35.352127 -0.000001 0.000000 0.000004 3.926654 -4.314661 59.335848 -0.893968 -11.336009 48.841962 -1.573258 -9.693402 44.514146 -0.000000 -0.000003 -0.000001 -18.156425 10.336728 -7.303025 50.372440 3.732300 -2.677635 -30.128600 -2.986692 7.902650 -3.672125 0.000003 0.000005 0.000000 -0.000000 0.000000 -11.098522 -9.787088 -3.890585 50.156224 -13.899299 -8.848357 -27.382488 -3.091511 1.906284 -15.426952 -0.000009 0.000017 -0.000000 -0.000001 -0.000000 
1.193026 95.010727 1.790092 -1.231654 -18.203299 1.826118 1.433207 0.896534 -0.770867 2.692969 1.770441 -1.441436 2.692706 1.772991 -1.438715 -0.365326 -0.738051 -1.566617 -23.081480 -7.542798 4.854827 -0.000000 0.000001 0.000000 -0.531676 2.529542 11.771971 17.463829 27.695698 -69.950037 -2.997979 -71.820860 -3.157178 -10.651413 -6.763527 18.173656 4.977599 12.450008 -4.504539 2.572984 0.850373 -4.424669 2.016577 13.388326 -3.665648 0.000002 0.000002 -0.000002 12.500269 9.307702 -68.919566 15.412991 9.010497 -79.759869 9.254839 8.591066 -54.044715 -0.000001 0.000001 0.000002 9.791033 7.958089 -75.277441 7.242439 12.168032 -64.595387 4.494799 9.891224 -53.149711 0.000001 0.000002 -0.000000 7.396274 7.550832 -86.487359 1.834580 12.954440 -57.236090 0.193105 9.459984 -40.622779 -0.000001 0.000003 -0.000002 7.696693 7.279423 -74.109301 2.021776 11.062138 -65.183705 -0.358145 11.811520 -50.320889 0.000001 -0.000001 -0.000002 -0.028792 -0.806946 -11.003816 19.017962 -20.305172 79.486743 16.269908 93.517454 -16.305075 6.345552 0.164711 -21.858779 -1.325602 -18.090096 3.525175 3.431357 0.609161 5.067698 -2.109575 6.508982 0.799160 -0.000003 -0.000001 -0.000002 6.158070 -6.233171 52.850931 8.227276 -7.370190 47.359678 9.594362 -7.356318 55.008165 0.000004 0.000003 0.000001 4.187068 -4.605437 57.962556 4.839335 -9.463207 50.782337 3.191628 -7.719634 38.684836 0.000002 0.000000 0.000002 4.280039 -4.801664 64.576331 0.764415 -8.309988 39.293720 0.475202 -7.564537 35.505270 -0.000001 -0.000001 0.000001 3.832212 -4.251420 59.332638 -0.885933 -11.357683 48.941526 -1.573456 -9.692592 44.510707 0.000004 -0.000001 -0.000001 -16.936632 10.954856 -6.794238 47.716101 4.313243 -2.369043 -27.309354 -2.599300 7.706055 -5.363017 -0.000002 0.000003 -0.000000 -0.000001 -0.000000 -10.806598 -10.068063 -3.852585 48.109141 -13.641293 -8.928974 -23.764600 -0.789201 2.158890 -14.952244 -0.000006 0.000029 -0.000000 -0.000000 -0.000000 
1.356846 96.539719 1.583541 -1.421689 -20.003411 1.081057 1.287278 1.044375 -0.390018 2.409117 2.080460 -0.932271 2.403991 2.088197 -0.929578 -0.498197 -0.676841 -1.465621 -20.297166 -6.938621 4.664558 0.000000 0.000001 0.000001 -0.484860 2.625582 10.587739 15.625403 22.641975 -68.407118 -3.783675 -75.404435 -3.910200 -8.303137 -6.427468 17.245594 4.958408 12.413310 -4.542377 2.507336 0.328269 -4.368380 1.953364 13.126853 -3.631819 0.000003 0.000006 0.000001 12.477637 9.322220 -68.640976 15.368235 9.018139 -79.571034 9.136062 8.556892 -53.530764 0.000003 -0.000002 0.000000 9.645599 7.914319 -75.156533 7.243278 12.168413 -64.599533 4.475546 9.874950 -53.036422 0.000001 0.000002 -0.000001 7.346595 7.526866 -86.240762 1.820437 12.936092 -57.134515 0.185563 9.441102 -40.533884 -0.000002 -0.000000 -0.000000 7.703383 7.282513 -74.144142 2.046600 11.091255 -65.340909 -0.356612 11.814975 -50.336104 0.000003 0.000003 0.000001 0.343756 0.401795 -7.907557 13.534978 -14.357343 73.577257 8.956740 96.312013 -9.017500 5.641389 0.801311 -20.469703 -1.515591 -17.889877 3.338205 3.431355 0.609163 5.067698 -2.142619 6.692791 0.811076 0.000001 -0.000001 -0.000001 5.921626 -6.046898 52.970374 8.286117 -7.388508 47.621616 9.672559 -7.372148 55.352413 0.000001 -0.000001 0.000000 3.871944 -4.402871 58.186259 4.881112 -9.494065 51.030177 3.197614 -7.726107 38.726790 0.000002 0.000000 0.000002 4.223312 -4.773560 64.629593 0.796430 -8.377580 39.643828 0.480168 -7.577060 35.568149 0.000004 -0.000002 -0.000000 3.729880 -4.182005 59.313233 -0.869609 -11.401584 49.143382 -1.574483 -9.688266 44.491955 0.000002 0.000002 0.000001 -15.485712 11.527204 -6.402515 44.341370 5.009379 -1.921889 -23.344543 -2.060674 7.457851 -7.807214 0.000005 0.000005 -0.000000 0.000001 0.000000 -10.308142 -10.543000 -3.792986 45.641537 -11.397509 -8.890561 -18.915509 -0.089260 1.949954 -16.225529 -0.063601 1.669080 -0.000001 -0.000001 0.000000 
1.502885 98.251129 1.350989 -1.538725 -21.780135 0.393487 1.116012 1.169389 -0.019862 2.094276 2.340055 -0.426242 2.083656 2.350852 -0.424105 -0.684795 -0.612427 -1.313168 -17.550970 -6.228475 4.363355 -0.000002 -0.000001 -0.000001 -0.521367 3.125543 9.662173 13.756046 17.474535 -66.671368 -5.415879 -79.676752 -5.503709 -5.533914 -5.110351 16.009075 4.956029 12.402270 -4.571708 2.466132 -0.006257 -4.332297 1.897972 12.896047 -3.602052 0.000002 0.000006 0.000002 12.433220 9.324591 -68.404973 15.331270 9.024342 -79.415286 9.016487 8.521290 -53.012189 0.000004 0.000000 0.000001 9.531038 7.879246 -75.090219 7.240978 12.167325 -64.587922 4.444644 9.848685 -52.853933 -0.000001 -0.000000 -0.000002 7.251739 7.481135 -85.779451 1.802322 12.912561 -57.004342 0.174409 9.412977 -40.401552 0.000000 0.000002 -0.000002 7.669447 7.268164 -74.011773 2.070884 11.119630 -65.494397 -0.354451 11.819873 -50.357656 -0.000004 0.000002 -0.000001 0.625445 1.519812 -5.121865 8.613705 -7.766337 67.825889 6.151876 99.129008 -6.238111 4.274814 0.953565 -18.613599 -1.771234 -17.607965 3.116291 3.431349 0.609160 5.067699 -2.160930 6.794696 0.817671 -0.000002 0.000001 -0.000002 5.697147 -5.870535 53.112258 8.311165 -7.396206 47.732849 9.722337 -7.381953 55.571259 0.000002 0.000005 -0.000001 3.550788 -4.196234 58.347349 4.911942 -9.516610 51.212431 3.200245 -7.728940 38.745259 -0.000000 0.000001 0.000001 4.171468 -4.750364 64.722879 0.828829 -8.444878 39.993391 0.479824 -7.576221 35.563962 -0.000000 -0.000003 -0.000001 3.618143 -4.105937 59.289669 -0.847161 -11.460958 49.417102 -1.575930 -9.682167 44.465577 0.000003 -0.000001 -0.000000 -14.053944 12.011834 -6.155705 40.544590 5.718726 -1.381820 -18.300133 -1.385563 7.168104 -11.564219 0.000006 0.000006 0.000000 -0.000001 -0.000000 -9.727151 -11.235805 -3.770800 42.579939 -8.688208 -8.671700 -13.127247 -0.118103 2.030039 -17.742169 -0.314245 3.739807 0.000000 -0.000000 -0.000001 
1.632708 100.024521 1.082980 -1.535537 -23.471966 -0.165728 0.925409 1.265152 0.330193 1.766724 2.542914 0.032885 1.750800 2.554954 0.033795 -0.902577 -0.549154 -1.129322 -15.047211 -5.472276 3.969984 0.000001 -0.000001 -0.000000 -0.611723 3.875430 8.981373 11.935184 12.413379 -64.822197 -10.438469 -84.576976 -10.481999 -2.764166 -2.859232 14.874467 4.968317 12.412205 -4.598303 2.448720 -0.149233 -4.316919 1.856034 12.720085 -3.579398 -0.000001 -0.000003 0.000001 12.363553 9.315070 -68.187090 15.305172 9.028652 -79.305217 8.907403 8.487814 -52.537825 0.000001 0.000001 0.000000 9.450654 7.854342 -75.061641 7.237315 12.165589 -64.569692 4.410959 9.819884 -52.654704 0.000001 0.000000 -0.000000 7.145249 7.428873 -85.263943 1.783907 12.888505 -56.871468 0.162116 9.381737 -40.254710 -0.000003 -0.000001 0.000001 7.626131 7.249791 -73.846783 2.093101 11.145392 -65.634259 -0.350138 11.829572 -50.400540 0.000001 -0.000003 -0.000001 0.824691 2.490602 -2.781159 4.172776 -0.801003 62.813521 4.707056 101.850360 -4.817892 2.235270 0.681732 -17.020024 -2.100138 -17.234143 2.846968 3.431353 0.609162 5.067700 -2.162491 6.803278 0.818219 0.000001 0.000002 0.000001 5.483579 -5.703497 53.287695 8.315879 -7.397651 47.753903 9.751737 -7.387673 55.700524 0.000002 0.000002 0.000003 3.242835 -4.001221 58.522277 4.939913 -9.536959 51.377475 3.200933 -7.729694 38.750078 0.000002 0.000000 0.000000 4.122201 -4.730496 64.846608 0.855344 -8.499182 40.276304 0.475948 -7.566412 35.514661 -0.000000 -0.000001 -0.000001 3.496097 -4.022879 59.268386 -0.821741 -11.527217 49.723111 -1.577422 -9.675958 44.438802 -0.000001 0.000001 -0.000001 -12.846083 12.384566 -6.001269 36.639508 6.248198 -0.817821 -12.236708 -0.666226 6.857709 -14.269664 0.000007 0.000011 0.000000 0.000000 0.000000 -9.070945 -12.141779 -3.795446 38.843887 -6.545896 -8.196801 -6.584874 -0.199233 2.692981 -19.091294 -0.842853 6.181422 -0.000000 0.000001 -0.000000 
1.745706 101.755905 0.772788 -1.394358 -25.061711 -0.544603 0.728158 1.338585 0.645751 1.452231 2.701048 0.421451 1.431522 2.713289 0.420426 -1.149106 -0.490389 -0.942481 -12.912951 -4.738943 3.527405 0.000001 0.000001 -0.000000 -0.729228 4.756292 8.435629 10.151004 7.595056 -62.796718 -99.693646 -89.000035 -99.689063 -0.275577 0.021647 14.107260 4.990855 12.437229 -4.621534 2.453157 -0.112877 -4.320818 1.830282 12.611551 -3.565451 0.000003 0.000003 -0.000000 12.277402 9.296528 -67.992457 15.288583 9.031364 -79.235399 8.816536 8.459164 -52.141790 -0.000001 -0.000000 0.000001 9.412636 7.842386 -75.087650 7.233625 12.163843 -64.551250 4.382287 9.795192 -52.484594 -0.000001 -0.000000 0.000001 7.059266 7.386025 -84.848742 1.767552 12.867000 -56.753005 0.150626 9.352343 -40.116812 -0.000002 -0.000001 -0.000000 7.604341 7.241129 -73.782914 2.111361 11.166484 -65.748917 -0.344593 11.842107 -50.455748 0.000002 0.000000 0.000001 0.958779 3.285803 -0.878526 -0.138045 6.265098 58.844607 3.859303 104.348481 -3.992790 -0.247413 0.251152 -16.321847 -2.493221 -16.776307 2.528671 3.431353 0.609164 5.067699 -2.146059 6.711877 0.812328 0.000003 -0.000003 -0.000001 5.281031 -5.546404 53.488554 8.316494 -7.397825 47.756618 9.771661 -7.391499 55.788073 -0.000001 0.000001 0.000004 2.961554 -3.829198 58.745187 4.971456 -9.559763 51.563386 3.199666 -7.728336 38.741202 0.000001 -0.000002 0.000002 4.072777 -4.711310 64.979169 0.872766 -8.534542 40.460849 0.470033 -7.551406 35.439225 -0.000000 -0.000002 -0.000000 3.365133 -3.933774 59.250778 -0.795790 -11.593752 50.031091 -1.578585 -9.671003 44.417355 0.000003 0.000003 -0.000005 -12.718667 12.584032 -5.398121 34.125141 6.683134 -0.368991 -5.920817 0.103371 3.825848 -15.467523 0.000012 0.000011 -0.000000 -0.000000 -0.000000 -8.674916 -13.153910 -3.874132 35.397667 -5.832926 -7.565947 -1.451995 -0.282820 4.242347 -16.946632 -0.862115 6.332640 0.000000 -0.000001 0.000000 
1.847032 103.331482 0.421166 -1.138471 -26.557191 -0.783243 0.544092 1.398259 0.974329 1.183124 2.840908 0.732874 1.157870 2.853209 0.729330 -1.439325 -0.438133 -0.786541 -11.188334 -4.098411 3.094567 -0.000000 -0.000001 0.000000 -0.849899 5.698862 7.875661 8.317750 3.097201 -60.474126 -170.750904 -83.888937 -170.692930 1.827126 2.980251 13.762600 5.017676 12.470380 -4.636151 2.475698 0.071767 -4.340741 1.822506 12.578739 -3.561201 0.000001 0.000004 0.000001 12.192128 9.273361 -67.852151 15.278028 9.033088 -79.190880 8.748777 8.437351 -51.845896 -0.000001 -0.000003 0.000001 9.428827 7.846949 -75.215102 7.231482 12.162830 -64.540527 4.364547 9.779834 -52.379109 0.000003 0.000001 -0.000000 7.018036 7.365340 -84.651418 1.754965 12.850415 -56.661682 0.141394 9.328560 -40.005388 -0.000002 0.000000 0.000000 7.628275 7.253104 -73.927563 2.125208 11.182428 -65.835654 -0.339490 11.853527 -50.506271 0.000000 -0.000000 -0.000001 1.045295 3.909592 0.652099 -4.705831 13.205432 56.018022 3.340595 106.458252 -3.493275 -2.881295 0.066017 -16.758569 -2.924953 -16.261960 2.173186 3.431353 0.609162 5.067700 -2.111486 6.519604 0.799867 -0.000000 -0.000004 0.000003 5.094565 -5.403575 53.691407 8.326801 -7.400979 47.802435 9.791699 -7.395318 55.876173 0.000002 0.000003 -0.000000 2.716309 -3.686495 59.007917 5.010393 -9.587682 51.792037 3.196091 -7.724427 38.716077 -0.000001 0.000003 -0.000005 4.022563 -4.691413 65.100473 0.881999 -8.553110 40.557902 0.463252 -7.534178 35.352755 0.000000 -0.000004 0.000004 3.229626 -3.841546 59.234734 -0.770480 -11.657593 50.327276 -1.579314 -9.668002 44.404327 -0.000001 -0.000001 0.000001 -13.227135 12.643612 -4.545648 32.364121 7.057260 0.015923 0.642433 0.510683 -0.387448 -18.341394 -0.076506 2.114937 -0.000000 0.000000 -0.000001 -8.596397 -14.188190 -3.979860 32.418690 -6.425211 -6.823046 2.708290 -0.273137 6.334552 -12.916154 -0.589707 5.231762 -0.000000 -0.000003 0.000000 
1.938159 104.693741 0.040402 -0.835849 -28.000367 -0.865342 0.403824 1.470197 1.274769 0.996390 2.997970 0.970347 0.966143 3.010808 0.964060 -1.793870 -0.393636 -0.696087 -9.837079 -3.615660 2.732956 0.000000 0.000001 -0.000000 -0.952343 6.661806 7.166678 6.282277 -1.034957 -57.780532 -175.360053 -77.991212 -175.248734 3.576409 5.388568 13.694343 5.042015 12.504005 -4.635990 2.510382 0.352710 -4.371006 1.834877 12.630875 -3.567925 0.000003 0.000001 -0.000001 12.126337 9.250357 -67.803185 15.268878 9.034574 -79.152399 8.705868 8.423356 -51.658288 -0.000001 -0.000003 0.000001 9.507265 7.869938 -75.492606 7.232635 12.163377 -64.546367 4.361252 9.776975 -52.359411 -0.000001 0.000002 -0.000000 7.034565 7.373890 -84.734500 1.747283 12.840256 -56.605927 0.135244 9.312639 -39.930819 -0.000002 0.000001 0.000000 7.711254 7.291309 -74.343010 2.136213 11.195069 -65.904584 -0.336175 11.860983 -50.539175 0.000000 -0.000002 0.000001 1.100004 4.391695 1.855035 -9.821059 19.817364 54.356694 3.034423 108.012427 -3.201301 -5.435196 0.477936 -18.078133 -3.358902 -15.733455 1.803564 3.431354 0.609166 5.067702 -2.060059 6.233777 0.781251 -0.000004 -0.000004 -0.000001 4.935016 -5.282968 53.867588 8.354215 -7.409323 47.924220 9.817252 -7.400156 55.988290 0.000002 0.000000 -0.000001 2.513910 -3.574869 59.274151 5.057045 -9.620845 52.065272 3.190221 -7.718101 38.674997 0.000002 0.000003 -0.000002 3.973874 -4.671188 65.197782 0.886638 -8.562434 40.606755 0.456473 -7.516808 35.265571 -0.000001 -0.000000 -0.000001 3.096466 -3.750513 59.216722 -0.746004 -11.718441 50.610264 -1.579564 -9.666932 44.399751 -0.000002 0.000003 0.000003 -13.897082 12.586364 -3.624851 30.821290 7.259428 0.378198 7.265482 0.364496 -5.097076 -20.987486 -0.391306 4.707829 0.000001 0.000000 -0.000000 -8.712443 -15.154115 -4.154845 29.895458 -7.950581 -6.028578 6.221760 -0.140549 8.567163 -8.746421 -0.307457 3.148745 0.000001 -0.000001 0.000001 
2.026608 105.818428 -0.351742 -0.589938 -29.431476 -0.835587 0.341671 1.572424 1.538547 0.928560 3.210060 1.139655 0.892076 3.224307 1.131046 -2.222890 -0.358454 -0.698873 -8.771933 -3.344571 2.491539 0.000001 -0.000001 0.000000 -1.016996 7.597213 6.228657 3.844944 -4.790247 -54.773257 -176.905697 -72.322899 -176.742824 5.029286 6.790995 13.654448 5.057377 12.530067 -4.617844 2.548665 0.658481 -4.403971 1.870277 12.779948 -3.587095 0.000001 -0.000002 -0.000003 12.092221 9.231270 -67.865518 15.256238 9.036599 -79.099096 8.686067 8.416825 -51.571746 -0.000001 0.000001 -0.000001 9.643628 7.908915 -75.935564 7.238658 12.166240 -64.576433 4.373129 9.787264 -52.430134 0.000002 -0.000000 0.000000 7.110089 7.412006 -85.102893 1.744836 12.837001 -56.588063 0.132316 9.305042 -39.895166 0.000000 -0.000000 -0.000000 7.854490 7.354929 -75.036902 2.147928 11.208468 -65.977776 -0.334944 11.863758 -50.551483 0.000000 -0.000001 0.000001 1.136978 4.776463 2.722645 -15.657985 25.860845 53.901753 2.881056 108.903043 -3.056090 -7.788910 1.622284 -19.664919 -3.757817 -15.238005 1.446829 3.431356 0.609158 5.067697 -1.995260 5.874009 0.757739 -0.000004 -0.000001 0.000001 4.815255 -5.193402 53.995955 8.398002 -7.422493 48.118478 9.847958 -7.405871 56.123162 0.000005 0.000000 0.000001 2.358864 -3.493045 59.501664 5.108398 -9.656930 52.364902 3.182724 -7.710001 38.622551 -0.000002 0.000001 0.000003 3.930798 -4.652347 65.265381 0.890620 -8.570414 40.648536 0.449988 -7.500159 35.182072 0.000003 -0.000003 0.000001 2.973107 -3.665573 59.193657 -0.722576 -11.775839 50.877840 -1.579558 -9.666984 44.400003 0.000001 0.000001 0.000001 -14.298640 12.427492 -2.758766 29.088977 7.209832 0.740319 13.619097 -0.366750 -9.802790 -23.035062 -1.088457 7.737594 -0.000001 0.000001 0.000000 -8.957098 -15.990132 -4.413945 28.045452 -9.970092 -5.287100 8.873138 0.065899 10.649415 -3.631546 -0.057276 1.046854 -0.000001 -0.000002 0.000000 
2.115255 106.708298 -0.741291 -0.515208 -30.887369 -0.739157 0.387678 1.720083 1.739730 1.006381 3.509558 1.246177 0.961768 3.526363 1.236669 -2.712426 -0.335151 -0.807351 -7.888133 -3.318931 2.393069 -0.000000 0.000001 -0.000000 -1.027741 8.430158 5.058561 0.822361 -8.211864 -51.661457 -177.654614 -67.206951 -177.444599 6.140133 7.069360 13.454637 5.058725 12.541320 -4.582942 2.580054 0.906079 -4.430683 1.932258 13.039057 -3.620479 0.000004 0.000006 0.000003 12.091781 9.217958 -68.028650 15.235668 9.039889 -79.012557 8.684690 8.416388 -51.565630 0.000001 -0.000005 -0.000000 9.816441 7.956111 -76.503064 7.250417 12.171798 -64.635262 4.398292 9.808993 -52.579609 0.000001 0.000001 0.000001 7.236546 7.474260 -85.714592 1.746889 12.839753 -56.603082 0.132102 9.304445 -39.892341 -0.000001 -0.000000 0.000000 8.047977 7.437443 -75.964073 2.165019 11.227993 -66.084409 -0.335133 11.863309 -50.549489 0.000000 -0.000004 0.000001 1.167885 5.111079 3.223958 -22.279107 31.027388 54.693897 2.845268 109.122804 -3.022335 -9.946075 3.382187 -20.805227 -4.093223 -14.815427 1.125023 3.431357 0.609160 5.067702 -1.923213 5.474601 0.731445 0.000003 -0.000001 -0.000001 4.744058 -5.140519 54.073447 8.450174 -7.437986 48.349840 9.878433 -7.411479 56.256877 -0.000000 0.000002 0.000001 2.252813 -3.438712 59.665001 5.158674 -9.691934 52.657371 3.174562 -7.701094 38.565020 0.000001 0.000002 -0.000002 3.897485 -4.636898 65.301765 0.895594 -8.580355 40.700551 0.443619 -7.483662 35.099512 -0.000001 0.000004 0.000000 2.865460 -3.590592 59.163932 -0.701751 -11.826257 51.113331 -1.579661 -9.666507 44.397883 0.000004 -0.000001 -0.000000 -14.857745 12.290912 -2.321951 28.753426 6.220577 1.025588 16.278100 -0.667559 -11.084132 -20.194668 -0.981778 7.373275 0.000000 0.000001 -0.000000 -9.250447 -16.660225 -4.780673 27.028312 -11.303742 -4.682809 10.629906 -0.332085 12.461608 -0.496529 0.000000 -0.000009 -0.000000 0.000001 -0.000002 
2.202160 107.376373 -1.119998 -0.701651 -32.391233 -0.621397 0.555896 1.920598 1.851000 1.235201 3.914863 1.297374 1.180184 3.935557 1.289668 -3.220229 -0.326851 -1.012804 -7.095993 -3.540338 2.424938 -0.000000 0.000001 -0.000000 -0.977733 9.065211 3.730179 -2.847077 -11.387389 -48.751001 -178.078878 -62.855096 -177.828087 6.754324 6.431248 13.091473 5.043364 12.532666 -4.536090 2.594179 1.016471 -4.442601 2.023971 13.418692 -3.669578 0.000000 0.000003 0.000003 12.117111 9.210352 -68.252646 15.204836 9.044754 -78.882736 8.695429 8.419923 -51.612628 -0.000000 -0.000001 0.000000 9.989041 8.000725 -77.098991 7.268421 12.180314 -64.725263 4.432648 9.838450 -52.783053 0.000002 0.000003 0.000002 7.399990 7.552232 -86.499667 1.752042 12.846565 -56.640518 0.133595 9.308335 -39.910605 -0.000001 -0.000001 0.000001 8.273407 7.529006 -77.039077 2.192342 11.259002 -66.254290 -0.335631 11.862175 -50.544506 0.000001 -0.000000 -0.000002 1.200746 5.432472 3.364425 -29.574070 35.009787 56.643298 2.905328 108.756371 -3.079008 -12.006962 5.467978 -20.973779 -4.351972 -14.488144 0.848297 3.431353 0.609168 5.067700 -1.852510 5.083063 0.705485 -0.000000 -0.000002 0.000002 4.720117 -5.122951 54.118679 8.498625 -7.452160 48.564342 9.899615 -7.415358 56.349826 -0.000002 -0.000000 0.000001 2.193851 -3.409990 59.768527 5.200614 -9.720792 52.900481 3.166159 -7.691984 38.506096 0.000004 0.000002 -0.000002 3.876353 -4.625947 65.305775 0.899654 -8.588434 40.742936 0.436583 -7.465448 35.008247 -0.000001 0.000001 0.000000 2.776007 -3.527325 59.127650 -0.686918 -11.861731 51.279373 -1.580521 -9.662930 44.382388 -0.000001 -0.000004 0.000001 -15.213475 12.098078 -2.078696 28.925431 4.763098 1.311740 17.346848 -0.777451 -11.409535 -15.786396 -0.771843 6.610166 -0.000001 0.000002 -0.000001 -9.521555 -17.146976 -5.263124 26.806676 -11.169038 -4.290086 11.685856 -1.636492 13.950877 -0.492778 -0.000012 0.000012 -0.000000 -0.000003 0.000001 
2.282990 107.831314 -1.483181 -1.178559 -33.945832 -0.529335 0.834598 2.171140 1.864527 1.589629 4.421755 1.307885 1.521911 4.447720 1.305869 -3.685047 -0.335008 -1.285363 -6.342658 -3.965683 2.537519 -0.000000 -0.000000 -0.000001 -0.874904 9.413716 2.374564 -7.010844 -14.378206 -46.341969 -178.339654 -59.336046 -178.055355 6.762465 5.240030 12.754388 5.011895 12.503051 -4.484021 2.583527 0.933134 -4.433609 2.146988 13.920866 -3.734910 0.000000 0.000001 0.000001 12.154621 9.207220 -68.481765 15.164975 9.050949 -78.714986 8.712574 8.425546 -51.687682 -0.000001 -0.000001 -0.000002 10.118600 8.032273 -77.597123 7.293198 12.191953 -64.848965 4.470803 9.870920 -53.008302 -0.000001 -0.000001 -0.000001 7.584636 7.637018 -87.380475 1.758774 12.855437 -56.689348 0.135719 9.313882 -39.936604 -0.000000 0.000000 0.000000 8.508407 7.619364 -78.156755 2.233773 11.305741 -66.511091 -0.335356 11.862812 -50.547259 0.000000 0.000003 0.000000 1.238608 5.752637 3.232104 -37.182997 37.671249 59.423131 3.049056 107.932070 -3.215193 -14.089980 7.545327 -20.033114 -4.536424 -14.258053 0.614149 3.431355 0.609161 5.067699 -1.792672 4.752070 0.683453 0.000002 -0.000002 0.000002 4.730275 -5.130812 54.166327 8.530572 -7.461399 48.705696 9.900646 -7.415552 56.354364 0.000001 0.000002 -0.000000 2.176409 -3.405613 59.844984 5.226672 -9.738608 53.051165 3.157150 -7.682153 38.442671 0.000001 0.000001 0.000001 3.866865 -4.618976 65.274287 0.897688 -8.584524 40.722349 0.427746 -7.442423 34.892974 0.000002 0.000000 -0.000000 2.703309 -3.474832 59.085829 -0.682969 -11.871173 51.323510 -1.582870 -9.652990 44.339560 0.000004 -0.000003 0.000001 -15.226980 11.883682 -2.047619 29.326647 3.270676 1.641371 17.125745 -0.689778 -10.826074 -10.471173 -0.528084 5.557944 -0.000000 -0.000003 -0.000000 -9.727188 -17.437990 -5.837663 27.039387 -11.147921 -4.175754 12.387116 -1.968175 14.662659 -0.489024 -0.000019 0.000010 -0.000001 0.000001 -0.000000 
2.349791 108.071587 -1.828608 -1.892521 -35.531744 -0.481431 1.184206 2.458144 1.779945 2.011791 4.997315 1.301709 1.929563 5.029477 1.309662 -4.047460 -0.356532 -1.580189 -5.615740 -4.500575 2.651300 -0.000000 -0.000001 -0.000000 -0.740324 9.421380 1.146753 -11.309393 -17.130929 -44.621090 -178.509398 -56.571516 -178.198420 6.264582 3.793623 12.713070 4.968852 12.456565 -4.434429 2.546181 0.638793 -4.401843 2.299679 14.533297 -3.815175 -0.000000 0.000003 -0.000000 12.190449 9.207223 -68.661733 15.122128 9.057471 -78.534697 8.732597 8.432091 -51.775248 -0.000001 -0.000001 0.000001 10.168607 8.043487 -77.878213 7.325812 12.207172 -65.011673 4.507228 9.901689 -53.222726 -0.000000 0.000001 0.000002 7.775848 7.721247 -88.286697 1.766258 12.865310 -56.743665 0.137646 9.318844 -39.959800 0.000000 -0.000003 0.000000 8.731342 7.700441 -79.214799 2.291346 11.369921 -66.865612 -0.333666 11.866580 -50.563972 -0.000000 0.000002 0.000000 1.277647 6.047244 2.997158 -44.575625 39.187763 62.568972 3.274723 106.770227 -3.430234 -16.235013 9.348187 -18.267146 -4.659138 -14.111774 0.413284 3.431356 0.609161 5.067702 -1.751874 4.526521 0.668342 -0.000000 0.000001 -0.000001 4.752926 -5.148153 54.254074 8.535615 -7.462852 48.728018 9.870364 -7.410018 56.221486 0.000003 -0.000000 -0.000000 2.192660 -3.424325 59.939514 5.230073 -9.740919 53.070802 3.145869 -7.669827 38.363233 -0.000000 -0.000000 -0.000001 3.865461 -4.613624 65.200241 0.883215 -8.555544 40.570685 0.415776 -7.410990 34.735938 -0.000003 0.000000 -0.000000 2.643152 -3.430363 59.038905 -0.694384 -11.843882 51.195854 -1.587554 -9.633153 44.253762 0.000001 -0.000002 0.000001 -14.897283 11.694274 -2.205266 29.734815 2.259487 2.043876 16.047605 -0.466692 -9.430410 -5.530783 -0.244178 3.843110 -0.000000 -0.000004 0.000001 -9.854366 -17.515675 -6.452402 27.518139 -11.231807 -4.343384 13.000722 -1.205513 14.579455 -0.485255 -0.000032 -0.000002 -0.000000 0.000001 -0.000001 
2.397089 108.092491 -2.151063 -2.710544 -37.103343 -0.489969 1.542662 2.752933 1.638610 2.420863 5.579388 1.307633 2.323527 5.617624 1.328805 -4.273612 -0.381906 -1.847330 -4.929885 -5.006763 2.671437 -0.000000 0.000002 0.000000 -0.598720 9.076866 0.189383 -15.315553 -19.448749 -43.582010 -178.627574 -54.375652 -178.295067 5.578480 2.212110 13.129339 4.923051 12.402636 -4.397806 2.486984 0.163652 -4.350613 2.475613 15.224826 -3.906631 0.000004 0.000001 0.000001 12.214699 9.209624 -68.752609 15.086549 9.062782 -78.385102 8.754529 8.439228 -51.871086 -0.000003 0.000001 0.000001 10.119009 8.030748 -77.861363 7.367863 12.226647 -65.221149 4.537384 9.926975 -53.399778 0.000000 -0.000001 0.000002 7.961827 7.799776 -89.162772 1.774918 12.876714 -56.806499 0.138961 9.322218 -39.975564 -0.000001 0.000001 -0.000000 8.925000 7.767252 -80.132387 2.364306 11.450092 -67.311432 -0.330611 11.873408 -50.594073 0.000000 0.000000 -0.000000 1.306316 6.255886 2.857626 -51.307722 40.005402 65.758165 3.592320 105.363714 -3.735043 -18.351883 10.736815 -16.240527 -4.733592 -14.032158 0.240421 3.431354 0.609164 5.067701 -1.734251 4.429211 0.661813 -0.000002 -0.000001 -0.000001 4.765950 -5.158742 54.407733 8.507060 -7.454608 48.601721 9.798410 -7.396596 55.905604 0.000001 0.000001 -0.000001 2.234735 -3.463975 60.086950 5.205297 -9.724005 52.927525 3.129747 -7.652122 38.249380 -0.000001 0.000001 -0.000000 3.866069 -4.606128 65.073159 0.851003 -8.490346 40.230159 0.399505 -7.367863 34.520589 -0.000001 -0.000002 0.000003 2.590791 -3.390586 58.985295 -0.723193 -11.774339 50.870914 -1.595289 -9.599995 44.110608 0.000004 -0.000002 0.000002 -14.355149 11.561206 -2.447686 30.005909 2.105470 2.525599 14.604362 -0.204795 -7.454795 -2.421770 -0.020371 1.123961 0.000002 0.000000 0.000000 -9.890436 -17.380851 -7.000898 28.000678 -11.386984 -4.747498 13.652472 0.569083 13.816475 -0.481496 -0.000038 0.000008 -0.000001 0.000002 -0.000000 
2.420629 107.901276 -2.442768 -3.450402 -38.594158 -0.540462 1.840935 3.013529 1.501907 2.733188 6.085112 1.349047 2.622155 6.127837 1.384095 -4.369541 -0.396554 -2.041380 -4.307344 -5.327921 2.506061 -0.000000 0.000003 -0.000000 -0.467262 8.396226 -0.398876 -18.735489 -21.037785 -43.000279 -178.716940 -52.542091 -178.366319 5.083450 0.516543 13.900998 4.887259 12.354689 -4.390635 2.416339 -0.417799 -4.287948 2.662817 15.944856 -4.002888 0.000002 0.000002 -0.000003 12.223193 9.214531 -68.732521 15.070449 9.065158 -78.317490 8.779025 8.447146 -51.978074 0.000002 0.000001 0.000001 9.969751 7.993307 -77.514990 7.420793 12.250906 -65.484316 4.558692 9.944738 -53.524422 -0.000001 0.000000 -0.000002 8.133441 7.869306 -89.966924 1.786436 12.891818 -56.889745 0.139804 9.324439 -39.985997 -0.000002 0.000000 0.000000 9.078539 7.817852 -80.858628 2.448840 11.541398 -67.823389 -0.326911 11.881672 -50.630673 0.000001 -0.000001 -0.000000 1.309402 6.299266 2.960774 -57.206113 40.610621 68.980976 4.021198 103.794615 -4.149634 -20.241348 11.690516 -14.562032 -4.765212 -14.010677 0.103781 3.431358 0.609164 5.067699 -1.738237 4.451239 0.663288 -0.000001 0.000002 0.000002 4.756316 -5.153178 54.629735 8.441765 -7.435503 48.312561 9.676443 -7.372920 55.369441 -0.000000 0.000001 -0.000000 2.297443 -3.521217 60.291316 5.148204 -9.684669 52.596527 3.105808 -7.625747 38.079964 0.000000 0.000001 0.000000 3.861760 -4.591952 64.879796 0.799378 -8.383741 39.675783 0.378210 -7.310683 34.235538 0.000002 0.000000 0.000001 2.543665 -3.353368 58.920381 -0.767343 -11.665471 50.363950 -1.606483 -9.551320 43.900645 0.000003 -0.000000 0.000001 -13.781164 11.497758 -2.630974 30.055069 2.865328 3.066306 13.197887 0.021101 -5.238083 -1.141346 0.000005 0.000006 -0.000001 -0.000001 -0.000001 -9.792939 -17.067043 -7.350023 28.511578 -9.040003 -5.285628 14.222527 0.643286 13.243441 -0.477758 0.000002 0.000001 -0.000000 -0.000001 0.000001 
2.419619 107.487450 -2.701228 -3.933327 -39.932199 -0.597467 2.022966 3.194665 1.436407 2.887738 6.428831 1.433847 2.766941 6.473095 1.480130 -4.377726 -0.385860 -2.128768 -3.766538 -5.330105 2.084241 -0.000000 0.000002 -0.000000 -0.349035 7.399241 -0.585189 -21.547741 -21.589014 -42.471510 -178.787660 -50.974607 -178.421357 5.018361 -1.224914 14.674692 4.876788 12.327740 -4.437389 2.347363 -1.001782 -4.225038 2.844555 16.629059 -4.095317 0.000002 0.000001 0.000003 12.216345 9.222892 -68.593124 15.084138 9.063148 -78.375021 8.806658 8.456006 -52.098651 0.000001 -0.000001 -0.000001 9.735787 7.932022 -76.843228 7.484725 12.279788 -65.801428 4.570855 9.954855 -53.595671 0.000001 -0.000001 0.000002 8.283048 7.927694 -90.664682 1.803068 12.913521 -57.009588 0.140820 9.327054 -39.998254 0.000001 0.000001 -0.000004 9.187002 7.852332 -81.370619 2.538595 11.636574 -68.361765 -0.323652 11.888935 -50.662761 0.000001 -0.000001 -0.000002 1.277560 6.109627 3.340652 -62.329431 41.293794 72.441847 4.580709 102.166625 -4.694430 -21.667124 12.256098 -13.672123 -4.746260 -14.055111 0.028494 3.431357 0.609160 5.067699 -1.756327 4.551104 0.669998 -0.000002 -0.000001 0.000000 4.727023 -5.134094 54.896508 8.339156 -7.404745 47.857295 9.499644 -7.336505 54.590577 0.000000 0.000000 -0.000001 2.379960 -3.592124 60.517812 5.056041 -9.620131 52.059408 3.071579 -7.587771 37.836902 -0.000001 0.000000 0.000000 3.846299 -4.566997 64.607360 0.731119 -8.238531 38.925002 0.351908 -7.238723 33.877790 0.000001 -0.000000 0.000001 2.503043 -3.319034 58.836643 -0.820903 -11.529378 49.732998 -1.620988 -9.486925 43.623281 -0.000001 -0.000001 -0.000001 -13.432601 11.496330 -2.586558 30.030224 4.266406 3.618308 11.966294 0.178979 -3.190901 -1.148738 -0.000002 0.000005 0.000001 -0.000002 -0.000000 -9.637941 -16.609212 -7.424898 28.874854 -6.167647 -5.904464 14.453228 0.610125 12.699901 -1.455149 0.017011 -0.992513 0.000002 -0.000003 -0.000001 
2.390647 106.859444 -2.937146 -4.045877 -41.061745 -0.566012 2.067582 3.261518 1.436559 2.867929 6.544778 1.550471 2.743682 6.587128 1.602753 -4.356608 -0.341674 -2.092615 -3.325072 -4.943397 1.370758 0.000000 0.000001 0.000000 -0.233977 6.103212 -0.407491 -23.982521 -20.888093 -41.501455 -178.836250 -49.832766 -178.458431 5.391217 -2.881466 15.061055 4.906743 12.334978 -4.568101 2.292638 -1.477581 -4.173728 3.002119 17.210893 -4.174822 0.000003 0.000001 0.000001 12.195967 9.235743 -68.331248 15.132042 9.055976 -78.576429 8.836223 8.465428 -52.227687 -0.000002 0.000000 0.000001 9.436483 7.847793 -75.856996 7.557358 12.312105 -66.160798 4.576193 9.959278 -53.626827 0.000003 -0.000001 0.000002 8.403087 7.973030 -91.222545 1.826714 12.944260 -57.179663 0.142745 9.332022 -40.021565 0.000003 0.000001 -0.000000 9.249300 7.871673 -81.664125 2.626112 11.727608 -68.881522 -0.321967 11.892697 -50.679461 0.000003 0.000002 -0.000002 1.214691 5.663459 3.907605 -66.803184 42.071981 76.315746 5.268176 100.622039 -5.367898 -22.442248 12.490956 -13.733270 -4.657216 -14.188218 0.050540 3.431355 0.609162 5.067700 -1.776796 4.664310 0.677573 -0.000002 -0.000003 -0.000001 4.698786 -5.116500 55.165375 8.200295 -7.361715 47.239555 9.268535 -7.285135 53.569081 -0.000001 0.000001 -0.000003 2.485961 -3.672985 60.700301 4.927748 -9.528126 51.305844 3.025926 -7.536534 37.510665 -0.000000 0.000000 -0.000001 3.816169 -4.528697 64.246972 0.652537 -8.064815 38.033164 0.321381 -7.153357 33.454550 -0.000001 -0.000000 0.000003 2.474109 -3.290503 58.725434 -0.876077 -11.384225 49.063643 -1.638072 -9.409283 43.289134 0.000001 0.000001 -0.000001 -13.442955 11.554174 -2.240819 30.089401 5.818701 4.109915 10.856394 0.262026 -1.734719 -1.367135 0.000008 -0.000002 -0.000003 -0.000002 0.000000 -9.518844 -16.031364 -7.253803 29.148949 -3.267245 -6.546769 14.004986 0.527849 12.304891 -7.401986 0.189451 -2.138774 -0.000000 -0.000003 0.000001 
2.337295 106.025330 -3.170016 -3.789218 -41.955738 -0.381215 1.994806 3.199632 1.471768 2.710637 6.405860 1.672164 2.590657 6.443481 1.724553 -4.353429 -0.266437 -1.936563 -3.009298 -4.186796 0.376225 -0.000000 0.000000 0.000000 -0.107160 4.547265 0.045553 -26.347969 -18.979445 -39.633733 -178.844774 -49.626532 -178.464879 6.086995 -4.376434 14.927816 4.988475 12.384361 -4.809938 2.261720 -1.751632 -4.144179 3.119258 17.637080 -4.233499 0.000002 -0.000002 -0.000003 12.161620 9.253507 -67.941510 15.210348 9.043906 -78.905904 8.864140 8.474260 -52.349316 -0.000000 0.000001 -0.000003 9.085180 7.739600 -74.546911 7.633771 12.345505 -66.537770 4.578879 9.961511 -53.642585 0.000003 0.000002 -0.000002 8.485492 8.003404 -91.604380 1.858120 12.984761 -57.404421 0.146234 9.341086 -40.064025 -0.000003 0.000002 -0.000003 9.266289 7.876881 -81.743875 2.704776 11.808048 -69.344773 -0.322433 11.891688 -50.674953 0.000000 -0.000001 0.000001 1.135372 5.002766 4.496570 -70.678060 42.790879 80.551331 6.018166 99.327432 -6.106206 -22.500216 12.434517 -14.632354 -4.474330 -14.437529 0.203207 3.431351 0.609158 5.067700 -1.786993 4.720662 0.681343 -0.000001 0.000000 0.000001 4.704348 -5.123070 55.387517 8.027831 -7.305974 46.469486 8.990535 -7.217600 52.334976 -0.000001 0.000001 -0.000001 2.620802 -3.760802 60.761581 4.764775 -9.407483 50.338115 2.969480 -7.472356 37.104395 0.000001 0.000001 -0.000003 3.771487 -4.476707 63.796877 0.571204 -7.876870 37.075886 0.288136 -7.058053 32.983363 -0.000001 0.000001 -0.000002 2.463970 -3.272226 58.579527 -0.925820 -11.248628 48.441232 -1.656385 -9.323348 42.920065 0.000001 0.000000 -0.000001 -13.864218 11.659347 -1.585921 30.478783 7.012612 4.458308 9.624947 0.276777 -1.204978 -3.227272 0.036000 -1.415446 0.000002 0.000001 -0.000000 -9.559048 -15.352964 -6.927361 29.542566 -0.773497 -7.167843 12.588711 0.378789 12.041575 -14.145203 0.305645 -2.210461 -0.000000 0.000004 -0.000000 
2.273625 104.996651 -3.423002 -3.289792 -42.619038 -0.045656 1.859673 3.017385 1.502311 2.496772 6.029540 1.767031 2.388726 6.061076 1.815100 -4.383896 -0.171656 -1.688009 -2.853602 -3.163426 -0.839571 -0.000000 -0.000001 -0.000000 0.038953 2.829485 0.679321 -28.815445 -16.333660 -36.599541 -178.779191 -51.167669 -178.414814 7.056529 -5.741060 14.544473 5.125471 12.476171 -5.174056 2.259982 -1.767154 -4.142480 3.186901 17.880617 -4.267293 -0.000001 -0.000002 -0.000003 12.107925 9.275040 -67.412854 15.307385 9.028275 -79.314575 8.884887 8.480781 -52.439809 0.000001 -0.000000 -0.000001 8.684161 7.602735 -72.876056 7.707394 12.377164 -66.900071 4.584257 9.965960 -53.673918 0.000001 0.000000 0.000002 8.522035 8.016676 -91.773482 1.896226 13.033466 -57.675634 0.151776 9.355340 -40.130879 -0.000001 -0.000000 -0.000000 9.239796 7.868739 -81.619278 2.771120 11.874857 -69.732523 -0.324654 11.886746 -50.653117 0.000000 -0.000002 0.000002 1.055501 4.235101 4.944796 -73.884670 43.303755 84.829180 6.671922 98.430792 -6.751873 -21.921017 12.119095 -16.063196 -4.180493 -14.819957 0.501267 3.431353 0.609161 5.067698 -1.776699 4.663746 0.677546 -0.000000 -0.000003 -0.000001 4.777071 -5.176257 55.522181 7.826423 -7.237636 45.566060 8.680666 -7.134828 50.951674 -0.000001 0.000001 -0.000003 2.786838 -3.852981 60.636794 4.571925 -9.259034 49.177068 2.904830 -7.397746 36.635250 0.000001 -0.000000 0.000001 3.715742 -4.413076 63.263377 0.493686 -7.689055 36.126513 0.254166 -6.957984 32.490260 -0.000001 -0.000000 -0.000000 2.478880 -3.268593 58.396260 -0.966149 -11.135129 47.922376 -1.674405 -9.235980 42.545440 -0.000001 0.000002 0.000000 -14.644069 11.790426 -0.690158 31.414837 7.498736 4.599649 7.961742 0.247306 -1.726240 -6.881822 0.228843 -3.019284 0.000000 -0.000002 0.000001 -9.867667 -14.600965 -6.561411 30.324428 0.954990 -7.723107 10.088025 0.150676 11.744200 -19.528511 0.390642 -2.199506 -0.000000 0.000001 -0.000000 
2.222556 103.795464 -3.716934 -2.758005 -43.080937 0.376455 1.733625 2.740623 1.487934 2.324719 5.467395 1.809304 2.234734 5.492959 1.851197 -4.428085 -0.070594 -1.398705 -2.879338 -2.025025 -2.175827 0.000000 0.000001 0.000000 0.196738 1.117210 1.438557 -31.277851 -13.842361 -32.444635 -178.577878 -55.328791 -178.254755 8.350421 -6.962452 14.367272 5.310425 12.602491 -5.643304 2.288443 -1.514745 -4.169726 3.205661 17.947961 -4.276618 0.000003 0.000002 0.000002 12.024335 9.297203 -66.730211 15.406666 9.011576 -79.733258 8.892795 8.483252 -52.474161 0.000004 -0.000001 -0.000001 8.228258 7.428731 -70.801488 7.772388 12.404645 -67.219068 4.597483 9.976889 -53.751058 0.000003 -0.000002 0.000004 8.505962 8.010852 -91.699265 1.938362 13.086804 -57.973799 0.159568 9.375250 -40.224258 -0.000002 -0.000001 -0.000000 9.173338 7.848083 -81.307070 2.825998 11.929410 -70.051226 -0.327058 11.881385 -50.629412 -0.000002 -0.000000 0.000001 0.986221 3.509178 5.156834 -76.293841 43.593177 88.686243 7.026696 98.013030 -7.102893 -20.892546 11.598471 -17.649356 -3.775933 -15.328293 0.930406 3.431356 0.609159 5.067703 -1.740960 4.466206 0.664287 -0.000001 -0.000002 0.000002 4.937539 -5.290060 55.546145 7.603655 -7.157902 44.561206 8.360331 -7.040790 49.512192 -0.000001 0.000000 -0.000001 2.978038 -3.945938 60.291856 4.357911 -9.086783 47.866871 2.836226 -7.317172 36.132428 0.000001 -0.000000 0.000001 3.654176 -4.341326 62.659657 0.423953 -7.511979 35.237851 0.221675 -6.859434 32.006198 0.000000 -0.000001 0.000001 2.521092 -3.281986 58.180269 -0.996927 -11.046219 47.517179 -1.690674 -9.154401 42.196185 -0.000000 -0.000002 0.000003 -15.633873 11.922153 0.309574 32.961236 7.190208 4.514586 5.637744 0.227813 -3.119332 -11.011105 0.262470 -2.412712 -0.000001 -0.000000 0.000000 -10.502049 -13.810312 -6.260767 31.716543 1.699730 -8.164803 6.608128 -0.138402 11.188027 -23.357604 0.396459 -1.908824 -0.000000 -0.000001 0.000000 
2.210320 102.461647 -4.063087 -2.409412 -43.376575 0.789861 1.678887 2.402185 1.402016 2.275462 4.783603 1.787850 2.207083 4.803899 1.823901 -4.443183 0.030162 -1.138468 -3.062625 -0.918992 -3.514562 0.000000 -0.000002 0.000000 0.347649 -0.396170 2.326080 -33.331750 -12.510413 -27.535940 -178.092606 -62.688467 -177.840245 9.918413 -7.734126 14.486898 5.524461 12.748935 -6.166750 2.343948 -1.031232 -4.221848 3.185647 17.876123 -4.266660 -0.000000 0.000004 -0.000003 11.897974 9.315039 -65.880877 15.491706 8.996706 -80.092171 8.883657 8.480390 -52.434389 0.000001 -0.000003 -0.000000 7.715387 7.208419 -68.318182 7.826364 12.427125 -67.483403 4.622372 9.997395 -53.896196 -0.000002 0.000001 0.000002 8.433831 7.984458 -91.365405 1.981067 13.140224 -58.273706 0.169583 9.400733 -40.344012 0.000000 -0.000000 0.000000 9.073427 7.816302 -80.837413 2.874412 11.977084 -70.331079 -0.327080 11.881296 -50.629020 0.000001 -0.000000 -0.000001 0.935305 2.972511 5.124807 -77.816632 43.767497 91.711450 6.985920 98.058751 -7.062533 -19.623123 10.958742 -19.070600 -3.284456 -15.925885 1.445969 3.431354 0.609165 5.067697 -1.681247 4.136565 0.642106 0.000001 -0.000000 0.000003 5.184007 -5.464157 55.456423 7.370074 -7.069523 43.500799 8.054222 -6.942688 48.126578 0.000000 -0.000001 0.000005 3.177215 -4.033172 59.729929 4.134886 -8.898359 46.475073 2.768654 -7.236351 35.632007 0.000001 0.000000 -0.000002 3.591630 -4.265176 62.002675 0.363235 -7.350808 34.434044 0.192594 -6.768712 31.561891 -0.000001 -0.000000 -0.000002 2.587529 -3.311732 57.944340 -1.021239 -10.974405 47.190921 -1.704203 -9.084637 41.897822 -0.000001 -0.000001 0.000001 -16.649134 12.029713 1.246198 35.004026 6.273429 4.232219 2.616221 0.284563 -4.910833 -14.128372 0.153017 -1.111210 -0.000001 0.000001 -0.000000 -11.432737 -13.019645 -6.081718 33.779513 1.413173 -8.457620 2.451459 -0.425724 10.211219 -25.720857 0.273019 -1.190865 0.000000 -0.000001 -0.000000 
2.257406 101.060806 -4.457313 -2.383508 -43.528345 1.115567 1.726257 2.031930 1.237502 2.383133 4.034117 1.709904 2.336778 4.049173 1.741262 -4.385361 0.135232 -0.979340 -3.316835 0.059914 -4.756274 -0.000000 0.000000 -0.000000 0.474315 -1.573700 3.366378 -34.433173 -12.990376 -22.392154 -176.721323 -73.257904 -176.566988 11.382937 -7.476589 14.157149 5.739841 12.898312 -6.665842 2.419927 -0.387915 -4.291179 3.142736 17.721821 -4.245254 0.000005 -0.000001 -0.000005 11.718891 9.322672 -64.864804 15.550198 8.986156 -80.339362 8.856437 8.471829 -52.315704 0.000003 0.000000 -0.000001 7.158349 6.937951 -65.505462 7.872444 12.446122 -67.708758 4.660334 10.028442 -54.116801 0.000001 -0.000000 0.000002 8.307038 7.936886 -90.776766 2.021101 13.189778 -58.553251 0.181794 9.431622 -40.489139 -0.000003 -0.000001 0.000001 8.950264 7.775876 -80.257311 2.924140 12.025530 -70.617148 -0.321860 11.892938 -50.680571 0.000001 -0.000002 -0.000001 0.909624 2.725069 4.903256 -78.459100 43.969555 93.686768 6.647818 98.460838 -6.728061 -18.256568 10.294109 -20.152343 -2.752968 -16.552555 1.982581 3.431355 0.609160 5.067700 -1.604940 3.715744 0.613602 -0.000002 0.000002 0.000002 5.489974 -5.682131 55.266107 7.138362 -6.976932 42.441641 7.785792 -6.849890 46.902690 0.000000 -0.000001 0.000000 3.357548 -4.103722 58.986251 3.916792 -8.704768 45.085563 2.706895 -7.161221 35.170119 0.000003 -0.000000 0.000001 3.530562 -4.187275 61.310660 0.310861 -7.205826 33.714838 0.168342 -6.691133 31.182894 0.000003 0.000000 -0.000005 2.670027 -3.353911 57.708234 -1.043698 -10.906834 46.884440 -1.714467 -9.030170 41.665257 0.000001 -0.000000 0.000003 -17.546450 12.088892 1.961345 37.322384 5.132309 3.816204 -0.910839 0.440444 -6.489202 -16.018134 -0.044166 0.289304 -0.000000 -0.000001 -0.000000 -12.786870 -12.224060 -6.018823 37.022412 -0.088279 -8.695157 -3.349552 -0.735032 8.912404 -22.726223 -0.000461 0.002991 -0.000000 -0.000001 0.000000 
2.371357 99.684738 -4.875868 -2.696194 -43.543689 1.327339 1.865070 1.651755 1.008163 2.623538 3.258343 1.599877 2.596557 3.267092 1.627184 -4.229531 0.257276 -0.973229 -3.512167 0.891453 -5.852384 0.000000 -0.000001 -0.000000 0.570664 -2.404326 4.554560 -34.207527 -15.302270 -17.463844 -164.275380 -86.367039 -164.240040 12.222270 -5.797044 12.043384 5.925985 13.035004 -7.052429 2.507464 0.329292 -4.368484 3.094192 17.546295 -4.220966 0.000003 0.000002 -0.000003 11.485924 9.315090 -63.705161 15.576958 8.981204 -80.452464 8.813450 8.458190 -52.128332 0.000002 -0.000003 -0.000001 6.590784 6.626691 -62.550135 7.919486 12.465263 -67.938321 4.709556 10.068331 -54.401818 -0.000001 -0.000004 0.000001 8.132187 7.868843 -89.961316 2.056895 13.233622 -58.801577 0.196098 9.467526 -40.658214 -0.000000 0.000000 -0.000002 8.816574 7.730489 -79.625806 2.983215 12.082424 -70.955010 -0.308930 11.921621 -50.807537 0.000001 -0.000001 0.000000 0.913022 2.786083 4.563363 -78.314020 44.289180 94.623583 6.201704 99.056990 -6.287295 -16.842512 9.668058 -20.891324 -2.242277 -17.139193 2.470940 3.431356 0.609158 5.067701 -1.523239 3.265712 0.582912 -0.000000 -0.000002 0.000003 5.810572 -5.914623 54.997161 6.921599 -6.885769 41.443829 7.572863 -6.771692 45.925461 -0.000000 -0.000001 0.000001 3.489234 -4.143128 58.115327 3.717037 -8.518799 43.785723 2.654640 -7.096668 34.775741 -0.000002 -0.000000 -0.000000 3.470895 -4.108723 60.602260 0.265395 -7.075080 33.069293 0.149655 -6.630130 30.885402 -0.000000 -0.000001 -0.000001 2.757805 -3.402528 57.494763 -1.068211 -10.831626 46.544106 -1.721611 -8.991650 41.500789 -0.000002 -0.000001 -0.000002 -18.276362 12.148514 2.146744 39.991775 4.353255 3.349722 -6.057563 0.688363 -5.918066 -13.539314 -0.002729 0.029105 0.000000 -0.000001 0.000000 -14.113368 -11.506630 -6.045206 40.527170 -2.347728 -8.821585 -9.661074 -0.931883 7.566846 -16.385936 -0.073620 1.458971 -0.000000 -0.000002 0.000000 
2.548148 98.436668 -5.273457 -3.241480 -43.441677 1.456249 2.049673 1.278195 0.752180 2.926184 2.488806 1.494048 2.913645 2.489531 1.517011 -3.978623 0.408051 -1.132636 -3.530198 1.615402 -6.815820 -0.000000 -0.000000 -0.000000 0.646554 -3.009879 5.800019 -32.708321 -18.879693 -13.075864 -184.923697 -101.325761 -185.020577 12.388619 -2.927021 7.292631 6.057412 13.148179 -7.253335 2.597421 1.041735 -4.445332 3.054263 17.401338 -4.201000 0.000003 0.000003 0.000001 11.210323 9.289992 -62.455421 15.574057 8.981744 -80.440156 8.759888 8.440958 -51.894480 0.000001 0.000003 0.000001 6.062518 6.301858 -59.727853 7.979458 12.489371 -68.230564 4.765052 10.112844 -54.721840 0.000002 -0.000001 0.000001 7.920038 7.782411 -88.966260 2.089135 13.272849 -59.024412 0.212428 9.508033 -40.849162 -0.000002 -0.000002 0.000000 8.684603 7.684076 -79.000447 3.057315 12.152859 -71.376303 -0.287176 11.969436 -51.019625 0.000002 -0.000002 -0.000002 0.942099 3.088017 4.153027 -77.529826 44.736253 94.718891 5.791492 99.684214 -5.882775 -15.373019 9.089268 -21.411547 -1.811677 -17.625129 2.856199 3.431354 0.609164 5.067701 -1.448372 2.853765 0.554591 -0.000001 -0.000003 -0.000001 6.094513 -6.126380 54.673516 6.731219 -6.802014 40.561444 7.424668 -6.714812 45.241769 0.000000 0.000001 -0.000001 3.548624 -4.137183 57.176818 3.546141 -8.352725 42.651287 2.613891 -7.045646 34.465783 0.000000 0.000000 -0.000001 3.411229 -4.029862 59.898232 0.225935 -6.957492 32.491084 0.136606 -6.586841 30.674622 -0.000000 -0.000001 -0.000000 2.840535 -3.451314 57.324951 -1.096178 -10.743840 46.147804 -1.726071 -8.967273 41.396827 0.000000 -0.000001 0.000002 -18.910159 12.051871 2.101397 42.541065 4.148188 2.901445 -10.622873 0.828852 -5.673454 -10.299739 -0.000699 0.020657 0.000000 0.000001 0.000000 -15.078527 -10.951301 -6.105034 43.417778 -4.746141 -8.847260 -15.113327 -0.925713 6.045942 -13.936968 0.000023 0.000022 -0.000000 0.000001 -0.000000 
2.777944 97.428253 -5.589919 -3.840404 -43.302747 1.568284 2.220593 0.933311 0.526702 3.205047 1.771594 1.432192 3.201318 1.763475 1.450124 -3.660819 0.589194 -1.425010 -3.324186 2.291002 -7.699307 -0.000000 -0.000003 -0.000000 0.726473 -3.578562 6.928620 -30.453546 -22.764389 -9.520949 -182.008313 -116.073792 -182.240758 12.403425 0.330065 0.439531 6.121046 13.233473 -7.232660 2.682657 1.696062 -4.515998 3.032101 17.320607 -4.189870 0.000003 0.000005 -0.000000 10.915021 9.249312 -61.195927 15.549306 8.986302 -80.335620 8.701924 8.422063 -51.641018 0.000004 -0.000003 -0.000001 5.625854 6.005491 -57.341747 8.063132 12.522430 -68.637370 4.819387 10.155896 -55.033778 0.000001 0.000001 0.000002 7.683437 7.680929 -87.848575 2.121039 13.311351 -59.243872 0.230438 9.552339 -41.058337 -0.000003 0.000002 0.000003 8.562278 7.639603 -78.419383 3.147837 12.237475 -71.887031 -0.257374 12.034238 -51.307555 -0.000003 0.000000 -0.000000 0.985808 3.501798 3.685530 -76.286390 45.269555 94.268406 5.477363 100.226332 -5.573528 -13.855764 8.515290 -21.870399 -1.502281 -17.972273 3.110621 3.431356 0.609160 5.067700 -1.390744 2.536978 0.532712 -0.000001 0.000000 0.000002 6.297615 -6.285092 54.316321 6.575308 -6.730799 39.834459 7.341345 -6.681963 44.856031 -0.000002 -0.000000 -0.000002 3.526414 -4.077605 56.224041 3.410269 -8.215808 41.733429 2.584849 -7.008971 34.243672 -0.000001 -0.000001 0.000001 3.351237 -3.951836 59.223177 0.192590 -6.854914 31.988371 0.128715 -6.560356 30.545750 -0.000000 0.000001 -0.000003 2.911030 -3.495525 57.213127 -1.126038 -10.647669 45.714811 -1.728433 -8.954127 41.340833 0.000003 0.000001 0.000000 -19.402863 11.824597 1.786621 44.592119 4.500042 2.523514 -13.844242 0.868654 -5.538208 -8.041349 -0.000021 0.008912 -0.000000 -0.000001 -0.000000 -15.687929 -10.558579 -6.236042 45.479723 -6.856555 -8.866742 -19.393800 -0.792890 4.757124 -13.653685 0.000006 0.000018 -0.000000 -0.000004 -0.000001 
3.056215 96.744637 -5.761539 -4.314384 -43.304338 1.724762 2.331679 0.651186 0.395587 3.394851 1.183413 1.446952 3.395378 1.167993 1.459755 -3.319332 0.788269 -1.784610 -2.948071 2.955040 -8.548863 0.000000 0.000001 -0.000000 0.836479 -4.261984 7.732717 -28.266605 -25.800421 -7.098635 -181.223251 -128.664481 -181.577683 12.589971 3.169833 -6.804972 6.119675 13.292934 -7.003250 2.759884 2.273076 -4.578414 3.031294 17.317574 -4.189451 0.000001 -0.000000 -0.000001 10.628573 9.199287 -60.016749 15.513846 8.992723 -80.185717 8.644783 8.403145 -51.390982 0.000002 -0.000001 -0.000001 5.319920 5.781596 -55.639121 8.174844 12.565516 -69.178751 4.864179 10.191044 -55.289896 -0.000002 0.000001 0.000001 7.434628 7.568294 -86.663482 2.157338 13.354722 -59.492068 0.249680 9.599131 -41.279642 0.000002 0.000001 0.000002 8.450463 7.597759 -77.887038 3.250544 12.331683 -72.461709 -0.222228 12.109513 -51.643019 0.000006 -0.000003 -0.000001 1.029990 3.885043 3.151758 -74.777539 45.842030 93.564480 5.261039 100.635925 -5.360879 -12.373862 7.880921 -22.358455 -1.325889 -18.172533 3.237311 3.431354 0.609158 5.067699 -1.356769 2.350369 0.519778 -0.000001 -0.000001 0.000001 6.393348 -6.369168 53.942112 6.457813 -6.675522 39.283857 7.315846 -6.671774 44.737773 -0.000002 0.000001 -0.000001 3.431132 -3.966610 55.296368 3.310805 -8.112697 41.051899 2.566374 -6.985456 34.101782 0.000002 0.000002 -0.000002 3.293788 -3.878017 58.604253 0.166402 -6.772073 31.583573 0.125161 -6.548346 30.487424 0.000001 -0.000002 0.000004 2.966703 -3.533072 57.163591 -1.154234 -10.554348 45.295766 -1.729257 -8.949607 41.321497 0.000004 0.000005 -0.000000 -19.819505 11.535355 1.272843 46.103644 5.384426 2.207974 -15.639393 0.856664 -5.543966 -7.484684 0.000004 0.000007 0.000000 -0.000001 -0.000000 -15.984898 -10.312479 -6.484406 46.576627 -8.266865 -8.943198 -22.417034 -0.623528 3.881907 -10.927002 0.000017 0.000018 0.000000 -0.000002 0.000000 
3.399900 96.427383 -5.750829 -4.546211 -43.715038 1.969397 2.371511 0.479611 0.396545 3.476618 0.828726 1.552252 3.478665 0.809960 1.561213 -3.000375 0.982264 -2.135616 -2.534616 3.600763 -9.358265 0.000000 -0.000001 0.000000 0.981302 -5.091803 8.043480 -26.948288 -26.906859 -5.998815 -180.921643 -136.608100 -181.357833 12.736156 5.513648 -12.634133 6.070525 13.333531 -6.622984 2.830115 2.785277 -4.633927 3.050851 17.388866 -4.199269 0.000005 0.000002 -0.000003 10.375224 9.148005 -58.989004 15.479350 8.998889 -80.040009 8.591219 8.385158 -51.156095 0.000002 -0.000002 -0.000000 5.159927 5.658794 -54.737631 8.308772 12.615608 -69.825242 4.892085 10.212763 -55.449122 -0.000001 -0.000000 -0.000000 7.183060 7.448022 -85.454464 2.202629 13.408327 -59.800157 0.269392 9.646576 -41.504392 0.000002 -0.000001 -0.000001 8.342001 7.556061 -77.369924 3.355689 12.426109 -73.044454 -0.186079 12.185736 -51.983859 -0.000003 0.000001 0.000000 1.062704 4.133848 2.549658 -73.192164 46.430796 92.806828 5.119229 100.922622 -5.221703 -11.094635 7.140672 -22.846474 -1.264040 -18.247525 3.263821 3.431357 0.609162 5.067700 -1.347772 2.300949 0.516348 0.000000 0.000001 0.000000 6.377164 -6.372042 53.561927 6.378376 -6.637365 38.910246 7.337209 -6.680287 44.836818 0.000003 0.000004 -0.000005 3.286100 -3.817524 54.414925 3.244790 -8.042879 40.594994 2.556520 -6.972876 34.025929 0.000003 -0.000001 0.000002 3.244974 -3.814079 58.065685 0.148542 -6.714374 31.302224 0.125071 -6.547984 30.485692 0.000001 0.000000 0.000002 3.008942 -3.564209 57.169704 -1.177116 -10.476707 44.947887 -1.728804 -8.952151 41.332364 -0.000004 0.000005 -0.000002 -20.163495 11.350095 0.623869 47.056534 6.762319 1.875018 -16.259936 0.799758 -5.305596 -7.576964 0.000002 0.000007 0.000000 -0.000001 -0.000000 -16.134326 -10.163583 -6.856088 46.815489 -8.612427 -9.209789 -24.071919 -0.527388 3.462822 -9.108552 0.000013 0.000017 -0.000000 0.000002 0.000000 
3.824094 96.487328 -5.541715 -4.502363 -44.824766 2.308955 2.368118 0.467232 0.543982 3.481021 0.810118 1.734025 3.482465 0.793643 1.742065 -2.742381 1.146162 -2.414831 -2.232300 4.185080 -10.055410 0.000000 -0.000003 0.000000 1.130372 -5.953326 7.790401 -26.852534 -25.506973 -6.130835 -180.872999 -138.129115 -181.325362 12.631544 7.995372 -16.113458 5.999564 13.365175 -6.177296 2.897351 3.265608 -4.686097 3.086862 17.519703 -4.217314 0.000001 0.000002 -0.000002 10.165476 9.101914 -58.134213 15.456182 9.002982 -79.942228 8.540370 8.367872 -50.932919 -0.000000 -0.000001 -0.000000 5.134109 5.638604 -54.589949 8.448537 12.666043 -70.497080 4.898786 10.217952 -55.487234 0.000001 0.000002 0.000002 6.934520 7.322723 -84.248321 2.259909 13.475265 -60.186923 0.288647 9.692372 -41.721825 0.000000 0.000001 0.000000 8.224077 7.509417 -76.805894 3.449005 12.508330 -73.557442 -0.153991 12.252364 -52.282663 0.000004 -0.000001 0.000002 1.077764 4.216594 1.913672 -71.699084 47.045981 92.059175 5.027553 101.116443 -5.131755 -10.223825 6.305192 -23.214292 -1.276271 -18.241058 3.230068 3.431356 0.609159 5.067702 -1.360072 2.368535 0.521024 -0.000001 0.000001 0.000000 6.264680 -6.302076 53.181000 6.332664 -6.615119 38.694739 7.393792 -6.702712 45.098947 0.000002 0.000003 -0.000003 3.121418 -3.650627 53.581553 3.206023 -8.001338 40.324791 2.553209 -6.968634 34.000412 -0.000000 0.000001 -0.000002 3.212376 -3.766355 57.619619 0.139415 -6.684482 31.156635 0.127593 -6.556555 30.527367 -0.000000 0.000001 -0.000001 3.041269 -3.590433 57.215706 -1.192653 -10.422935 44.707461 -1.727081 -8.961607 41.372689 0.000003 -0.000001 0.000002 -20.457410 11.398989 0.064578 47.465624 8.372960 1.410461 -15.427468 0.759966 -5.232493 -8.014556 0.000014 0.000007 0.000000 0.000002 -0.000000 -16.260356 -9.970051 -7.591191 46.364700 -7.594642 -9.301976 -24.421328 -0.441310 3.278277 -8.187688 0.000011 0.000010 0.000000 -0.000004 -0.000000 
4.336241 96.876213 -5.151962 -4.216062 -46.833900 2.734256 2.373569 0.639156 0.817126 3.468235 1.181767 1.948720 3.465232 1.172970 1.960268 -2.567107 1.262824 -2.585395 -2.132791 4.656939 -10.535218 0.000000 -0.000002 0.000000 1.229964 -6.618513 7.023778 -27.719290 -21.917003 -7.136623 -181.036705 -133.292658 -181.438224 12.396811 11.129612 -17.342369 5.933427 13.397736 -5.754596 2.966583 3.750157 -4.738832 3.133648 17.689012 -4.240704 0.000002 0.000004 0.000002 9.990580 9.062157 -57.405875 15.452036 9.003710 -79.924681 8.488250 8.349896 -50.703902 0.000002 -0.000002 -0.000001 5.207149 5.695442 -55.000802 8.570919 12.708731 -71.083111 4.884043 10.206527 -55.403247 0.000002 0.000001 0.000001 6.691620 7.193778 -83.056862 2.329232 13.555071 -60.651035 0.306401 9.734176 -41.920583 0.000001 0.000000 0.000000 8.082235 7.451528 -76.123544 3.514740 12.565336 -73.916430 -0.130843 12.299923 -52.496451 0.000003 -0.000000 -0.000000 1.076574 4.175673 1.329601 -70.441127 47.730523 91.267501 4.977020 101.226095 -5.082213 -9.934549 5.446190 -23.344197 -1.313907 -18.206522 3.175940 3.431355 0.609162 5.067701 -1.386320 2.512681 0.531034 -0.000001 -0.000001 0.000001 6.084917 -6.178591 52.799746 6.312930 -6.605461 38.601647 7.475297 -6.734462 45.475645 0.000001 0.000002 -0.000000 2.964281 -3.486084 52.782858 3.186149 -7.979896 40.185838 2.554621 -6.970448 34.011306 0.000001 -0.000002 0.000004 3.201852 -3.739162 57.258838 0.137867 -6.679394 31.131879 0.132120 -6.571785 30.601406 0.000003 -0.000000 -0.000001 3.066928 -3.612858 57.280558 -1.201242 -10.392819 44.572913 -1.724006 -8.978470 41.444673 0.000001 0.000002 -0.000001 -20.731975 11.776966 -0.199847 47.461475 9.856991 0.725665 -13.032667 0.761439 -5.560409 -9.761191 -0.000037 0.002057 0.000000 -0.000001 -0.000000 -16.490903 -9.712153 -8.641038 45.382085 -5.190485 -9.330121 -23.512031 -0.382911 3.280979 -8.156129 0.000002 0.000012 0.000000 0.000002 0.000000 
4.915530 97.512436 -4.633573 -3.750677 -49.751013 3.245899 2.433848 0.980476 1.151629 3.494511 1.908278 2.134326 3.480464 1.910628 2.154736 -2.473914 1.329892 -2.640513 -2.223908 4.992777 -10.723557 0.000000 -0.000002 -0.000000 1.234716 -6.822051 5.899205 -28.967068 -17.316073 -8.627328 -181.442623 -124.200133 -181.752877 12.393545 14.668854 -17.031509 5.892136 13.438074 -5.423273 3.041263 4.262304 -4.794725 3.184583 17.872348 -4.266122 0.000002 -0.000001 0.000001 9.824522 9.023818 -56.695829 15.471092 9.000357 -80.005100 8.428974 8.329188 -50.443020 0.000002 -0.000001 0.000001 5.329154 5.788526 -55.690135 8.653064 12.736634 -71.475437 4.851675 10.181247 -55.218514 0.000002 -0.000000 0.000001 6.455366 7.061997 -81.884228 2.407784 13.643851 -61.171652 0.321680 9.769833 -42.090365 -0.000002 -0.000002 -0.000002 7.905566 7.376562 -75.266458 3.539519 12.586604 -74.051053 -0.120037 12.321922 -52.595523 0.000000 -0.000001 -0.000001 1.067991 4.097922 0.930133 -69.537282 48.559367 90.331055 4.981534 101.216123 -5.086651 -10.308327 4.664320 -23.212376 -1.334168 -18.192108 3.132197 3.431355 0.609162 5.067700 -1.417517 2.684121 0.542911 -0.000000 -0.000003 -0.000000 5.871529 -6.025753 52.416436 6.309063 -6.603559 38.583339 7.572969 -6.771738 45.925915 0.000005 0.000004 -0.000000 2.831395 -3.337472 51.999449 3.176042 -7.968953 40.114995 2.559342 -6.976481 34.047653 0.000001 0.000002 -0.000002 3.214664 -3.732363 56.956142 0.141011 -6.689713 31.182088 0.138083 -6.591746 30.698494 0.000002 0.000001 -0.000001 3.087306 -3.631203 57.342846 -1.205490 -10.377851 44.506155 -1.719513 -9.003046 41.549424 -0.000000 0.000002 -0.000001 -20.902064 12.574399 -0.223214 47.163863 10.911177 -0.173301 -9.918991 0.733822 -5.236733 -12.742486 -0.001725 0.033783 0.000000 0.000001 -0.000000 -16.906574 -9.421998 -9.864653 44.022700 -1.616364 -9.389325 -21.490372 -0.358934 3.401553 -8.910191 0.000013 0.000012 -0.000000 0.000003 -0.000001 
5.513800 98.301476 -4.056615 -3.166439 -53.340618 3.850362 2.560141 1.429031 1.461501 3.582876 2.853581 2.233074 3.550592 2.867988 2.267175 -2.440408 1.361207 -2.601421 -2.388938 5.219939 -10.634236 -0.000000 -0.000002 0.000000 1.133799 -6.362150 4.631724 -30.098482 -13.189412 -10.335102 -182.209339 -113.990222 -182.422263 13.183159 17.741908 -16.056682 5.884467 13.487709 -5.217631 3.121705 4.802439 -4.853846 3.232286 18.043099 -4.289895 0.000002 0.000002 -0.000002 9.633688 8.977812 -55.870213 15.514134 8.992676 -80.186885 8.356697 8.303540 -50.124330 0.000000 -0.000002 -0.000001 5.449459 5.878121 -56.380647 8.680779 12.745895 -71.607560 4.808008 10.146903 -54.968509 0.000001 0.000000 0.000001 6.226945 6.928317 -80.736196 2.490949 13.736103 -61.717193 0.333725 9.797687 -42.223150 -0.000003 0.000001 0.000001 7.690590 7.280988 -74.213175 3.516451 12.566800 -73.925671 -0.122901 12.316101 -52.569241 0.000006 -0.000000 -0.000001 1.064102 4.069653 0.859417 -69.084317 49.630265 89.194942 5.073745 101.018006 -5.177062 -11.301713 4.043142 -22.913512 -1.310587 -18.228399 3.116642 3.431354 0.609160 5.067701 -1.445468 2.837809 0.553509 0.000000 -0.000001 -0.000001 5.654705 -5.866314 52.031609 6.310038 -6.604032 38.587984 7.678817 -6.811133 46.412501 -0.000001 0.000001 0.000003 2.726334 -3.208894 51.219237 3.167125 -7.959265 40.052342 2.566259 -6.985307 34.100935 0.000001 -0.000000 0.000000 3.245993 -3.740783 56.673348 0.144683 -6.701760 31.240705 0.144955 -6.614590 30.809737 0.000001 -0.000002 0.000002 3.101476 -3.643917 57.385624 -1.208939 -10.365576 44.451312 -1.713645 -9.034617 41.684177 -0.000001 0.000001 0.000001 -21.157534 13.571530 0.263927 46.965812 11.087306 -1.171382 -6.125177 0.765274 -6.040576 -15.445223 -0.089745 1.155766 -0.000000 -0.000001 -0.000000 -17.498272 -9.133703 -11.102698 42.421472 2.686907 -9.487681 -18.582790 -0.368929 3.595030 -10.292039 -0.000006 0.000008 0.000000 0.000001 -0.000000 
6.067855 99.146179 -3.490491 -2.505099 -57.161191 4.529542 2.719351 1.887070 1.690288 3.713616 3.811714 2.216466 3.659876 3.836319 2.266437 -2.432005 1.383581 -2.512628 -2.451327 5.415242 -10.382872 -0.000000 -0.000002 0.000000 0.952914 -5.202807 3.432392 -30.900018 -10.624860 -12.059668 -183.555323 -105.486323 -183.689960 15.346180 19.521943 -15.108867 5.907120 13.542288 -5.135704 3.204457 5.346036 -4.913592 3.268638 18.172666 -4.307954 -0.000001 0.000001 0.000003 9.391996 8.914806 -54.826314 15.579086 8.980816 -80.461432 8.267598 8.271297 -49.730706 -0.000001 -0.000002 -0.000001 5.532258 5.938534 -56.880924 8.654131 12.736981 -71.480477 4.759530 10.108425 -54.690028 0.000000 -0.000003 0.000001 6.009200 6.794911 -79.627547 2.574379 13.826847 -62.258834 0.341953 9.816661 -42.313763 -0.000001 -0.000001 -0.000001 7.443292 7.165036 -72.988262 3.448121 12.507557 -73.552565 -0.138245 12.284742 -52.428146 0.000000 -0.000000 -0.000001 1.071740 4.135972 1.215630 -69.150604 51.030034 87.927457 5.293005 100.573463 -5.392322 -12.733623 3.616968 -22.604301 -1.236778 -18.322327 3.134168 3.431353 0.609162 5.067701 -1.464709 2.943513 0.560787 -0.000001 -0.000003 0.000001 5.456414 -5.717664 51.652510 6.306171 -6.602144 38.569744 7.784631 -6.849490 46.897383 -0.000001 0.000003 -0.000001 2.642553 -3.096751 50.449488 3.152789 -7.943665 39.951692 2.574485 -6.995800 34.164142 0.000003 0.000002 -0.000002 3.286034 -3.755764 56.377041 0.144773 -6.702037 31.242149 0.152166 -6.638432 30.925809 -0.000000 0.000000 0.000001 3.107592 -3.649180 57.400193 -1.214485 -10.345873 44.363352 -1.706734 -9.071342 41.841029 0.000002 0.000000 0.000002 -21.545405 14.465156 1.384652 46.996387 10.455380 -2.084478 -1.989430 0.703760 -9.234090 -16.805879 -0.390080 4.135908 -0.000000 -0.000002 0.000000 -18.125662 -8.903563 -12.161051 40.593795 6.732699 -9.589710 -15.144196 -0.049957 3.937980 -10.734138 0.000002 0.000018 -0.000000 0.000002 -0.000000 
6.527647 99.919380 -3.017240 -1.803583 -60.696435 5.254872 2.853033 2.250887 1.807527 3.839737 4.567231 2.098667 3.768743 4.598240 2.162215 -2.418787 1.428916 -2.433156 -2.246128 5.676572 -10.146502 0.000000 0.000003 0.000000 0.736795 -3.540310 2.446030 -31.429559 -9.929166 -13.568729 -185.369271 -100.410734 -185.457900 18.952735 19.818298 -14.388418 5.947408 13.592823 -5.148100 3.282879 5.850899 -4.969276 3.285231 18.231611 -4.316190 0.000001 0.000001 0.000002 9.095939 8.830275 -53.550852 15.661895 8.965250 -80.811813 8.161310 8.231932 -49.259843 0.000001 0.000000 0.000001 5.568880 5.965028 -57.138368 8.588186 12.714642 -71.165681 4.710680 10.069251 -54.408290 0.000000 0.000002 0.000003 5.806738 6.665608 -78.584311 2.655589 13.913484 -62.780585 0.346113 9.826181 -42.359204 0.000001 0.000002 0.000002 7.178082 7.033440 -71.660610 3.346131 12.417625 -72.991814 -0.162803 12.234185 -52.200940 -0.000002 -0.000001 0.000000 1.085716 4.277111 1.986791 -69.769713 52.771852 86.753258 5.670100 99.886776 -5.763197 -14.297516 3.361621 -22.410718 -1.123505 -18.460506 3.179841 3.431353 0.609166 5.067699 -1.473208 2.990372 0.564017 -0.000003 -0.000002 0.000003 5.290128 -5.591080 51.295305 6.291280 -6.594804 38.499345 7.881711 -6.883779 47.341025 -0.000001 0.000002 -0.000001 2.570072 -2.995002 49.722189 3.129742 -7.918467 39.789332 2.583189 -7.006864 34.230992 0.000002 -0.000001 0.000001 3.322922 -3.768026 56.054369 0.138822 -6.682529 31.147124 0.159148 -6.661295 31.037274 -0.000003 -0.000001 0.000001 3.104878 -3.646512 57.387878 -1.222583 -10.316833 44.234013 -1.699224 -9.110566 42.008655 0.000004 0.000000 -0.000001 -21.761560 15.195646 2.534517 46.859845 9.290763 -2.679026 1.335514 0.472413 -11.671341 -16.510736 -0.655566 6.232743 -0.000000 -0.000002 0.000001 -18.729262 -8.756343 -12.833874 38.211244 6.931039 -9.661038 -11.674111 3.468109 4.944297 -10.133355 -0.001062 0.225873 -0.000000 -0.000001 -0.000000 
6.869862 100.600952 -2.692929 -1.133035 -63.517385 6.024422 2.915497 2.441080 1.753259 3.917937 4.958681 1.927393 3.840615 4.991381 1.997844 -2.392768 1.524358 -2.420885 -1.690963 6.080957 -10.088942 0.000000 -0.000002 -0.000000 0.533286 -1.787721 1.717750 -31.852673 -10.713386 -14.545900 -185.992704 -99.352184 -186.071770 23.174378 19.184331 -13.663129 5.988344 13.628626 -5.212574 3.349150 6.269986 -5.015655 3.274148 18.192250 -4.310703 0.000002 0.000005 -0.000001 8.772612 8.729199 -52.153364 15.757053 8.946726 -81.214747 8.041049 8.186160 -48.725381 0.000004 -0.000003 -0.000002 5.580644 5.973540 -57.247374 8.507827 12.686904 -70.781223 4.662410 10.030129 -54.128860 -0.000001 0.000001 0.000000 5.625208 6.545214 -77.639880 2.733975 13.995638 -63.279626 0.345918 9.825745 -42.357056 -0.000003 0.000000 -0.000001 6.914799 6.895233 -70.330472 3.227591 12.310818 -72.333909 -0.192316 12.172691 -51.925379 -0.000001 -0.000002 0.000000 1.091431 4.404312 3.016632 -70.953289 54.730429 86.031669 6.205030 99.052339 -6.290583 -15.619891 3.205466 -22.364544 -0.989771 -18.620091 3.243076 3.431356 0.609160 5.067699 -1.471901 2.983188 0.563512 0.000001 -0.000001 -0.000001 5.164358 -5.494323 50.983448 6.264073 -6.581354 38.370667 7.961632 -6.911412 47.705385 0.000001 0.000001 -0.000001 2.502591 -2.901065 49.088901 3.098484 -7.884029 39.568228 2.591634 -7.017560 34.295630 0.000001 -0.000001 -0.000000 3.346442 -3.770589 55.721701 0.127252 -6.644194 30.960629 0.165335 -6.681451 31.135537 0.000001 0.000000 -0.000002 3.095397 -3.638017 57.359287 -1.230608 -10.287755 44.104464 -1.691684 -9.149461 42.174898 -0.000001 -0.000002 0.000001 -21.740919 15.674832 3.295416 46.687871 8.027001 -2.822656 2.623722 0.372201 -11.981714 -13.440078 -0.527719 5.639450 -0.000000 0.000004 -0.000000 -19.140215 -8.685303 -13.210326 36.104206 7.099451 -9.696178 -8.619555 5.948340 5.363390 -10.647870 -0.033857 1.283748 -0.000000 0.000000 -0.000000 
7.102598 101.185486 -2.533791 -0.630880 -65.388980 6.712490 2.896663 2.420908 1.552102 3.935738 4.917942 1.755362 3.865154 4.947903 1.824019 -2.377169 1.683069 -2.511607 -0.830018 6.651125 -10.289945 -0.000000 -0.000005 0.000000 0.388950 -0.454207 1.200516 -32.220355 -12.290404 -14.597315 -184.576163 -102.158211 -184.680583 26.514236 18.461257 -12.754974 6.014379 13.640817 -5.288853 3.396676 6.566356 -5.048587 3.229634 18.033648 -4.288566 0.000003 0.000001 0.000001 8.475526 8.629065 -50.855263 15.856660 8.926590 -81.637296 7.912680 8.135910 -48.152851 -0.000001 -0.000000 0.000004 5.610885 5.995088 -57.410370 8.438379 12.662452 -70.448402 4.612468 9.989242 -53.838505 -0.000001 0.000003 0.000005 5.469811 6.438902 -76.826651 2.809001 14.072912 -63.753102 0.340996 9.814405 -42.302923 -0.000001 0.000005 0.000003 6.674365 6.762326 -69.108769 3.109403 12.201756 -71.670828 -0.223137 12.107583 -51.634458 0.000001 -0.000000 0.000000 1.075659 4.374711 4.036923 -72.717431 56.631738 86.175862 6.830886 98.238297 -6.909147 -16.368596 3.063099 -22.409972 -0.851205 -18.783387 3.312325 3.431358 0.609165 5.067695 -1.462607 2.932047 0.559998 -0.000003 -0.000001 0.000001 5.088698 -5.436299 50.743313 6.228175 -6.563483 38.200644 8.017298 -6.930284 47.958757 -0.000003 0.000001 -0.000000 2.442117 -2.819986 48.607140 3.062862 -7.844456 39.315143 2.599003 -7.026890 34.352139 0.000001 -0.000000 -0.000003 3.350992 -3.760683 55.421678 0.113409 -6.597764 30.735001 0.170315 -6.697567 31.214135 0.000000 0.000003 -0.000001 3.084574 -3.628567 57.331187 -1.233337 -10.277763 44.059884 -1.684562 -9.185432 42.328987 0.000001 0.000001 0.000003 -21.294462 15.766049 3.647187 46.066064 7.300238 -2.426370 2.861561 0.346394 -11.459655 -8.526970 -0.328190 4.499521 -0.000001 -0.000002 -0.000000 -19.229906 -8.739442 -13.365664 34.300650 7.232877 -9.696703 -6.219205 7.081910 5.347028 -10.991033 -0.086297 2.050244 -0.000000 0.000002 -0.000000 
7.253518 101.644936 -2.525273 -0.458290 -66.315393 7.146901 2.825354 2.204619 1.252770 3.917440 4.475478 1.610922 3.863359 4.499269 1.670380 -2.421749 1.897925 -2.700157 0.166333 7.348511 -10.713231 0.000000 0.000001 -0.000000 0.342846 0.047306 0.799749 -32.349832 -14.083170 -13.356619 -182.976916 -108.298783 -183.137234 27.491452 18.084625 -11.804097 6.016226 13.625461 -5.348967 3.422265 6.724694 -5.066199 3.149862 17.747413 -4.248802 0.000001 0.000004 0.000001 8.268936 8.556670 -49.930749 15.948741 8.907278 -82.028400 7.782908 8.083599 -47.571892 0.000003 -0.000003 0.000001 5.709330 6.064286 -57.864809 8.395961 12.647291 -70.244712 4.556826 9.943185 -53.513620 0.000002 -0.000001 -0.000001 5.343905 6.350723 -76.167660 2.876769 14.141598 -64.177311 0.330533 9.790322 -42.188006 -0.000004 -0.000001 -0.000001 6.474819 6.647240 -68.094889 3.002572 12.100938 -71.065455 -0.253931 12.041723 -51.340715 0.000001 0.000001 -0.000001 1.033303 4.029298 4.772067 -75.060214 58.140571 87.499388 7.377749 97.638224 -7.450571 -16.367059 2.885672 -22.464060 -0.710384 -18.949443 3.379301 3.431351 0.609165 5.067698 -1.445767 2.839380 0.553604 0.000002 -0.000004 0.000004 5.078852 -5.430993 50.598489 6.190575 -6.544623 38.022386 8.043711 -6.939178 48.078808 0.000001 -0.000001 -0.000003 2.399487 -2.765052 48.324357 3.028684 -7.806172 39.071284 2.604525 -7.033859 34.394305 -0.000003 -0.000001 0.000003 3.337086 -3.740650 55.211445 0.102542 -6.560792 30.555562 0.173806 -6.708870 31.269269 0.000000 0.000002 -0.000001 3.080058 -3.624770 57.322028 -1.224256 -10.310781 44.206962 -1.678331 -9.216569 42.462193 -0.000001 -0.000000 0.000002 -20.378969 15.525356 3.580685 44.884127 7.598783 -1.522336 2.361186 0.369364 -10.286711 -3.806615 -0.031619 1.413663 -0.000001 0.000003 -0.000000 -19.040303 -8.945321 -13.389257 32.914630 7.315117 -9.676904 -4.659028 6.874030 5.069253 -11.117241 -0.121660 2.433313 -0.000000 -0.000000 -0.000000 
7.356829 101.939209 -2.621656 -0.686491 -66.511358 7.208505 2.748007 1.846294 0.917816 3.905104 3.738911 1.488225 3.870936 3.754143 1.534632 -2.583141 2.140961 -2.933707 1.049879 8.093555 -11.227665 0.000001 -0.000002 0.000000 0.407203 -0.421849 0.424575 -31.932039 -15.760016 -10.683057 -181.935066 -116.918878 -182.175461 25.375971 17.844212 -11.077962 5.993163 13.585338 -5.380529 3.427399 6.756274 -5.069714 3.038409 17.343546 -4.193026 0.000002 0.000005 -0.000000 8.206296 8.537440 -49.617182 16.014702 8.893058 -82.308868 7.657352 8.031521 -47.007558 0.000003 -0.000004 -0.000002 5.914912 6.204473 -58.798353 8.380457 12.641694 -70.170085 4.491884 9.888755 -53.132506 0.000004 0.000002 0.000003 5.248645 6.282939 -75.671550 2.926955 14.191780 -64.489355 0.313371 9.750472 -41.998024 0.000000 0.000002 0.000003 6.328730 6.560336 -67.358349 2.909518 12.011338 -70.533171 -0.286492 11.970953 -51.026199 0.000000 -0.000004 -0.000003 0.961178 3.255841 5.073692 -77.841323 59.019009 90.004285 7.594591 97.423749 -7.665448 -15.650378 2.690044 -22.483420 -0.553759 -19.137111 3.441003 3.431359 0.609160 5.067701 -1.418689 2.690522 0.543348 -0.000003 0.000000 0.000001 5.158008 -5.498219 50.564867 6.159496 -6.528910 37.874861 8.037999 -6.937262 48.052874 0.000003 0.000004 -0.000003 2.391687 -2.754582 48.265822 3.001920 -7.775932 38.879380 2.607289 -7.037354 34.415414 -0.000002 -0.000001 0.000001 3.311158 -3.717540 55.146145 0.100081 -6.552384 30.514741 0.175761 -6.715064 31.299704 0.000000 -0.000003 0.000001 3.089492 -3.633022 57.346781 -1.196821 -10.408357 44.642304 -1.673345 -9.241190 42.567733 -0.000001 0.000002 -0.000001 -19.080535 15.092307 3.255500 43.109733 9.037658 -0.243867 1.607456 0.388290 -8.666687 -2.341556 -0.000020 0.000006 0.000000 -0.000004 0.000001 -18.734451 -9.311015 -13.333653 32.087737 7.325811 -9.662306 -4.018999 5.625989 4.642166 -11.019911 -0.118652 2.400509 0.000000 0.000001 -0.000000 
7.445539 102.034729 -2.751952 -1.224051 -66.322086 6.916828 2.699188 1.420701 0.602375 3.926767 2.859128 1.361345 3.909948 2.864659 1.394503 -2.894037 2.368445 -3.123554 1.577575 8.798286 -11.668210 -0.000000 -0.000001 0.000000 0.551385 -1.655963 0.049488 -30.840445 -17.050871 -6.845589 -181.316333 -126.654534 -181.650739 20.541488 17.322355 -10.782980 5.952410 13.529888 -5.384088 3.417522 6.695436 -5.062933 2.904785 16.852686 -4.125777 0.000002 0.000004 0.000001 8.310919 8.581320 -50.028701 16.028835 8.889973 -82.369015 7.539135 7.981172 -46.474202 0.000001 0.000000 0.000001 6.241785 6.415846 -60.279609 8.374318 12.639494 -70.140667 4.416131 9.824320 -52.685375 0.000002 0.000000 0.000001 5.183459 6.236079 -75.334282 2.942390 14.207122 -64.584896 0.287981 9.690763 -41.714223 0.000001 0.000000 0.000001 6.242290 6.507995 -66.929891 2.824829 11.928283 -70.044505 -0.325638 11.884531 -50.643295 -0.000002 -0.000000 0.000001 0.851842 2.063306 5.011327 -80.650423 59.265790 93.234807 7.293925 97.724462 -7.367530 -14.425095 2.525689 -22.491371 -0.357288 -19.377209 3.499587 3.431357 0.609159 5.067697 -1.375378 2.452577 0.526852 0.000000 -0.000002 0.000003 5.352605 -5.659282 50.648240 6.142640 -6.520354 37.794783 7.999210 -6.924178 47.876433 -0.000002 -0.000001 0.000001 2.437049 -2.806323 48.431324 2.987183 -7.759226 38.773536 2.606474 -7.036306 34.409134 0.000003 0.000001 -0.000001 3.284178 -3.701891 55.265936 0.110329 -6.587384 30.684563 0.176168 -6.716423 31.306240 0.000002 0.000002 -0.000001 3.117816 -3.657308 57.413211 -1.145825 -10.582445 45.421827 -1.669906 -9.258073 42.640075 -0.000001 0.000001 0.000000 -17.592851 14.644434 2.907157 40.846106 11.335934 1.210519 1.061850 0.368697 -6.762694 -2.374905 0.000017 0.000006 -0.000004 0.000002 0.000001 -18.519815 -9.813769 -13.221843 31.904736 7.251958 -9.681262 -4.253955 3.839813 4.116284 -10.720013 -0.081765 1.989496 0.000000 -0.000001 0.000000 
7.535528 101.939796 -2.843668 -1.857859 -66.112645 6.431824 2.680199 1.005379 0.319740 3.971219 1.995370 1.209220 3.965935 1.991266 1.231261 -3.331886 2.532801 -3.174978 1.601933 9.392676 -11.904011 0.000000 0.000000 -0.000000 0.714599 -3.185574 -0.269099 -29.482617 -17.559873 -2.620346 -180.959974 -135.460560 -181.384061 14.186674 16.459649 -10.929882 5.905880 13.472867 -5.366694 3.400383 6.589423 -5.051130 2.762959 16.323660 -4.053924 0.000004 0.000002 -0.000003 8.565081 8.674634 -51.109100 15.961428 8.904581 -82.082235 7.428509 7.932853 -45.973153 0.000000 0.000001 0.000003 6.672658 6.673979 -62.229164 8.347861 12.629877 -70.013353 4.330631 9.750328 -52.177045 0.000003 0.000002 0.000001 5.147348 6.209810 -75.146083 2.902897 14.167767 -64.339877 0.253037 9.607279 -41.318273 -0.000002 0.000002 -0.000001 6.215867 6.491957 -66.802631 2.739450 11.843083 -69.547787 -0.377114 11.768389 -50.130744 -0.000001 0.000000 0.000002 0.709330 0.632700 4.846389 -82.824807 59.140361 96.348192 6.512387 98.633403 -6.594129 -12.951272 2.396231 -22.546943 -0.098931 -19.696556 3.559733 3.431354 0.609166 5.067699 -1.308048 2.082915 0.501129 0.000002 0.000001 0.000004 5.683260 -5.928417 50.843580 6.146687 -6.522426 37.813918 7.928145 -6.899888 47.552822 0.000001 0.000000 0.000001 2.550182 -2.931380 48.799495 2.987543 -7.759633 38.776067 2.601541 -7.030055 34.371363 0.000003 -0.000002 0.000001 3.269489 -3.705399 55.588260 0.135770 -6.672466 31.098148 0.175241 -6.713438 31.291672 -0.000001 -0.000004 -0.000001 3.165799 -3.697865 57.519482 -1.068461 -10.830808 46.540346 -1.668247 -9.266289 42.675309 -0.000000 0.000001 0.000001 -16.102886 14.347249 2.726151 38.428471 12.086897 2.614294 0.975151 2.166792 -4.786197 -2.457221 -0.000011 -0.000007 -0.000002 -0.000003 -0.000000 -18.521443 -10.396660 -13.085385 32.253413 7.109317 -9.739554 -5.177773 2.064317 3.526245 -10.253846 -0.034815 1.295883 -0.000000 -0.000000 0.000000 
7.620481 101.713104 -2.838574 -2.354171 -66.147028 5.940680 2.654904 0.663188 0.075274 3.984246 1.283549 1.033609 3.984600 1.271396 1.047554 -3.804494 2.598973 -3.025473 1.134154 9.837674 -11.880977 0.000001 0.000000 0.000000 0.842274 -4.475628 -0.396344 -28.855227 -16.905850 0.766438 -180.790354 -140.887214 -181.272565 7.716259 15.634281 -11.105264 5.865590 13.428124 -5.335232 3.383455 6.484244 -5.039454 2.628580 15.814422 -3.985338 0.000001 -0.000001 -0.000000 8.911289 8.784710 -52.646494 15.785884 8.940952 -81.337007 7.323251 7.885803 -45.494756 0.000002 -0.000003 -0.000000 7.161773 6.940352 -64.442213 8.269184 12.600961 -69.634359 4.238098 9.668724 -51.622560 -0.000000 -0.000001 0.000001 5.140356 6.204139 -75.101243 2.793015 14.056521 -63.652473 0.208224 9.497681 -40.800357 -0.000002 -0.000004 -0.000001 6.245242 6.509712 -66.942377 2.646409 11.748513 -69.001494 -0.444779 11.611122 -49.440253 -0.000001 0.000001 0.000001 0.573227 -0.699205 4.892404 -83.590307 59.028701 98.336583 5.482818 100.216429 -5.578923 -11.413412 2.206689 -22.677638 0.227470 -20.101122 3.624307 3.431357 0.609158 5.067699 -1.209799 1.544108 0.463367 -0.000003 -0.000004 -0.000001 6.153699 -6.303604 51.135885 6.177999 -6.538273 37.962755 7.828021 -6.864929 47.095838 0.000004 0.000001 -0.000000 2.737626 -3.130281 49.335877 3.005193 -7.779658 38.902903 2.592555 -7.018722 34.302689 -0.000000 -0.000001 0.000003 3.280025 -3.738060 56.106101 0.176852 -6.805343 31.746128 0.173250 -6.707057 31.260461 0.000000 -0.000002 0.000003 3.229815 -3.751215 57.654576 -0.965788 -11.136191 47.927256 -1.668367 -9.265642 42.672491 0.000001 0.000000 -0.000001 -14.734443 14.305435 2.772819 36.078429 12.143643 3.790189 1.452492 4.367281 -2.918622 -3.148245 0.008045 -0.655284 -0.000001 -0.000003 -0.000001 -18.710967 -10.990474 -12.941888 32.819038 6.947580 -9.805005 -6.501340 0.722999 2.930083 -9.670298 -0.004065 0.442303 -0.000000 -0.000000 0.000000 
7.692820 101.397408 -2.687721 -2.541241 -66.505470 5.569822 2.567306 0.435003 -0.104531 3.889003 0.810269 0.860503 3.891051 0.793112 0.869320 -4.168778 2.559950 -2.674026 0.352208 10.130643 -11.625929 0.000000 0.000002 0.000000 0.910569 -5.147448 -0.164773 -29.964091 -14.975159 2.028645 -180.788059 -140.966936 -181.271103 2.271499 15.255410 -10.567232 5.838991 13.405115 -5.291688 3.371723 6.411163 -5.031334 2.515125 15.378185 -3.927029 -0.000000 0.000001 -0.000001 9.267046 8.874214 -54.346323 15.488917 8.997202 -80.080409 7.219835 7.838545 -45.022998 0.000000 -0.000002 -0.000001 7.649965 7.179654 -66.657510 8.116244 12.543068 -68.894991 4.141495 9.581798 -51.038507 -0.000001 -0.000003 -0.000000 5.163927 6.220026 -75.204727 2.610478 13.865558 -62.491402 0.154918 9.363341 -40.168387 0.000001 -0.000000 -0.000001 6.322680 6.555737 -67.300784 2.545047 11.643317 -68.400185 -0.527924 11.410166 -48.563758 0.000001 -0.000001 0.000001 0.506290 -1.540097 5.340144 -82.170324 59.197325 98.202315 4.452182 102.506079 -4.568964 -9.858585 1.786834 -22.827039 0.603277 -20.566075 3.691129 3.431351 0.609154 5.067702 -1.077284 0.818433 0.411958 0.000001 -0.000001 0.000001 6.742081 -6.761045 51.501935 6.243990 -6.571380 38.275591 7.705273 -6.820790 46.533802 0.000000 0.000002 -0.000001 2.995424 -3.391912 50.000010 3.042965 -7.822208 39.173310 2.580518 -7.003462 34.210389 0.000000 -0.000001 -0.000001 3.325047 -3.805033 56.790277 0.232361 -6.976917 32.586515 0.170592 -6.698466 31.218561 -0.000000 0.000002 -0.000003 3.303250 -3.811459 57.800503 -0.843727 -11.469956 49.458633 -1.670134 -9.256959 42.635339 -0.000000 0.000000 -0.000002 -13.662722 14.500095 3.064269 34.111174 12.068954 4.633983 2.288070 6.016529 -1.409194 -5.544859 0.167593 -2.955826 -0.000000 -0.000005 -0.000000 -19.041818 -11.508241 -12.776519 33.411725 6.797291 -9.868883 -8.005300 -0.003247 2.436117 -9.566597 0.000040 0.000023 -0.000000 0.000002 -0.000000 
7.743489 101.036865 -2.373653 -2.366913 -67.056864 5.367593 2.370586 0.331288 -0.199248 3.620327 0.597127 0.727058 3.622404 0.578786 0.733180 -4.282899 2.442056 -2.184174 -0.454382 10.308267 -11.221719 0.000000 -0.000001 0.000000 0.919536 -5.121130 0.556061 -32.967599 -11.828541 0.441202 -180.969851 -135.172121 -181.390905 -1.463132 15.455801 -8.861430 5.825887 13.405032 -5.231349 3.366325 6.377500 -5.027591 2.430443 15.048683 -3.883255 0.000002 0.000002 -0.000001 9.549929 8.914953 -55.933437 15.079476 9.063828 -78.355343 7.114554 7.789411 -44.540978 0.000000 0.000002 0.000000 8.086831 7.372544 -68.644917 7.885976 12.451639 -67.774833 4.042865 9.491163 -50.436692 0.000001 0.000003 0.000001 5.220351 6.259085 -75.471814 2.370911 13.602376 -60.928006 0.096451 9.210743 -39.454222 -0.000001 -0.000000 0.000001 6.437256 6.622433 -67.826237 2.441829 11.533918 -67.781233 -0.620361 11.175468 -47.547839 0.000001 -0.000002 -0.000001 0.542387 -1.591989 6.163981 -77.898068 59.554270 95.110849 3.564814 105.476146 -3.708585 -8.229604 0.976447 -22.854119 0.985654 -21.038439 3.751300 3.431356 0.609163 5.067699 -0.912284 -0.083459 0.347200 0.000002 -0.000002 0.000003 7.399499 -7.256948 51.912160 6.353225 -6.625168 38.791704 7.569991 -6.770600 45.912231 0.000002 0.000003 -0.000000 3.308938 -3.695532 50.749238 3.105339 -7.891603 39.616791 2.567177 -6.986476 34.107946 0.000001 -0.000000 -0.000002 3.407101 -3.904274 57.592005 0.299974 -7.174948 33.562098 0.167661 -6.688935 31.172075 0.000001 -0.000004 -0.000002 3.378777 -3.872108 57.936301 -0.713366 -11.798235 50.982393 -1.673086 -9.242523 42.573416 -0.000000 -0.000002 0.000001 -12.997604 14.832248 3.547040 32.759503 12.023744 5.141484 3.147145 6.809006 -0.444801 -8.514510 0.594066 -5.495902 -0.000000 0.000001 -0.000000 -19.408292 -11.905485 -12.575429 33.896197 6.676438 -9.927918 -9.511949 -0.197336 2.146775 -9.936628 0.000009 0.000018 -0.000001 0.000003 -0.000000 
7.768819 100.673370 -1.910249 -1.937377 -67.498655 5.265642 2.050182 0.331813 -0.200855 3.155436 0.600893 0.663108 3.157323 0.584689 0.668133 -4.068173 2.294508 -1.656522 -0.985265 10.438307 -10.771353 -0.000000 -0.000004 -0.000000 0.877834 -4.617348 1.788564 -36.915660 -7.504910 -3.812053 -181.419974 -124.619083 -181.734340 -3.225607 16.159278 -6.294881 5.817910 13.419571 -5.144572 3.364248 6.364502 -5.026143 2.374785 14.830330 -3.854338 0.000002 0.000001 -0.000000 9.702927 8.893213 -57.239721 14.592467 9.126927 -76.312945 7.004560 7.736888 -44.035339 -0.000001 0.000001 -0.000000 8.449510 7.518235 -70.276779 7.596816 12.329443 -66.355602 3.943332 9.397697 -49.823382 0.000001 -0.000004 -0.000000 5.310397 6.322045 -75.918639 2.105190 13.292233 -59.134869 0.037807 9.051458 -38.712826 0.000000 -0.000000 0.000002 6.574825 6.700976 -68.469047 2.347460 11.431694 -67.208850 -0.712407 10.928348 -46.486773 0.000001 0.000001 -0.000002 0.656329 -0.778945 7.149910 -70.579309 59.562364 88.785622 2.863457 109.010591 -3.039469 -6.449101 -0.280418 -22.584966 1.318539 -21.451485 3.791846 3.431352 0.609162 5.067694 -0.721482 -1.124245 0.271239 0.000003 -0.000004 -0.000003 8.057906 -7.737056 52.333565 6.514107 -6.702186 39.547984 7.435456 -6.719034 45.291650 -0.000002 0.000001 -0.000001 3.655341 -4.015389 51.538996 3.198291 -7.993002 40.270826 2.554775 -6.970643 34.012433 0.000001 -0.000000 0.000002 3.519968 -4.026170 58.447459 0.376762 -7.387309 34.615819 0.164692 -6.679349 31.125292 -0.000001 -0.000004 0.000001 3.450427 -3.928056 58.042872 -0.588939 -12.089203 52.349090 -1.676487 -9.225702 42.501450 0.000003 -0.000003 -0.000000 -12.855780 15.163141 4.128625 32.309797 12.151436 5.424056 3.276801 6.801370 -0.088047 -12.338171 0.667775 -5.738967 -0.000000 -0.000002 -0.000001 -19.639283 -12.207767 -12.373121 34.185667 6.596620 -9.924454 -10.916048 -0.139911 2.089821 -9.274401 0.000005 0.000016 -0.000000 0.000000 -0.000000 
7.783128 100.331848 -1.341580 -1.503139 -67.450331 5.088800 1.630105 0.394056 -0.131359 2.525433 0.731691 0.676150 2.527309 0.719584 0.680671 -3.546294 2.166677 -1.186598 -1.035243 10.588328 -10.363475 -0.000000 -0.000002 0.000000 0.807017 -4.026104 3.406013 -40.282355 -2.085093 -9.919018 -182.517271 -111.346632 -182.705634 -3.006403 17.202583 -3.693280 5.800895 13.432891 -5.020557 3.359222 6.333065 -5.022668 2.341319 14.698343 -3.836906 0.000002 -0.000000 -0.000000 9.708759 8.808566 -58.239903 14.083661 9.174332 -74.187350 6.888352 7.680094 -43.498862 -0.000000 -0.000002 0.000002 8.747241 7.628652 -71.552372 7.283429 12.187352 -64.800143 3.843867 9.302251 -49.204413 -0.000001 0.000001 0.000001 5.430615 6.406685 -76.546552 1.849843 12.974112 -57.345210 -0.015764 8.900087 -38.011888 -0.000002 -0.000006 0.000001 6.718134 6.781952 -69.179899 2.271519 11.347890 -66.743734 -0.794291 10.695493 -45.494486 -0.000001 -0.000000 -0.000001 0.793460 0.715321 8.017881 -61.122762 58.464432 80.155753 2.335593 112.888486 -2.547424 -4.485342 -1.888147 -21.892037 1.550009 -21.744706 3.801371 3.431352 0.609164 5.067699 -0.514585 -2.250600 0.187596 -0.000003 -0.000005 -0.000001 8.645802 -8.150287 52.732858 6.731650 -6.802211 40.563431 7.316071 -6.671843 44.738798 -0.000001 -0.000002 0.000001 4.007918 -4.325859 52.322838 3.327586 -8.130259 41.167456 2.545398 -6.958618 33.940108 0.000001 0.000000 0.000000 3.649169 -4.155519 59.284949 0.459778 -7.603986 35.698861 0.161768 -6.669839 31.078935 -0.000001 -0.000003 -0.000000 3.514736 -3.976449 58.107684 -0.484550 -12.319150 53.440660 -1.679513 -9.210727 42.437253 -0.000000 -0.000001 0.000001 -13.424650 15.349938 4.704834 33.229335 12.805553 5.682591 1.345481 6.154533 -0.307306 -13.078468 0.263526 -3.584209 -0.000000 -0.000003 -0.000002 -19.630068 -12.477739 -12.185867 34.326308 6.543652 -9.891339 -12.127600 -0.229749 2.254281 -8.137195 -0.000006 0.000009 -0.000000 0.000001 0.000001 
7.806358 100.031448 -0.721347 -1.332720 -66.562803 4.645084 1.160098 0.467731 -0.028819 1.802421 0.884735 0.744948 1.804320 0.876876 0.748755 -2.831981 2.085804 -0.834067 -0.560218 10.774715 -10.042694 -0.000000 -0.000002 0.000000 0.752016 -3.709489 5.144628 -41.595203 4.279459 -17.147829 -187.641921 -97.368663 -187.703120 -0.964026 18.304494 -1.709945 5.759560 13.426259 -4.852678 3.343677 6.235609 -5.011856 2.318993 14.609911 -3.825253 0.000002 -0.000004 -0.000001 9.587040 8.670292 -59.024132 13.615208 9.201429 -72.235323 6.766096 7.618875 -42.932008 -0.000001 -0.000000 -0.000003 9.008652 7.719441 -72.567591 6.985485 12.042680 -63.303129 3.746407 9.206646 -48.591465 0.000002 -0.000004 -0.000000 5.571113 6.506533 -77.326655 1.635697 12.690310 -55.786758 -0.059948 8.770411 -37.414000 -0.000001 0.000002 0.000004 6.848000 6.856090 -69.905231 2.217989 11.287985 -66.413447 -0.859425 10.500184 -44.667415 0.000000 -0.000004 0.000000 0.917309 2.521460 8.534835 -51.538801 55.818075 71.326819 1.950431 116.805647 -2.198924 -2.367329 -3.626913 -20.761622 1.649394 -21.881264 3.778136 3.431360 0.609160 5.067699 -0.301617 -3.407769 0.099983 0.000005 0.000001 -0.000001 9.106958 -8.461772 53.079702 7.003434 -6.920702 41.821371 7.224587 -6.634810 44.313786 -0.000001 -0.000000 -0.000000 4.341062 -4.606254 53.053624 3.495852 -8.302543 42.313240 2.540393 -6.952216 33.901610 -0.000002 0.000002 -0.000000 3.775352 -4.275522 60.036120 0.545929 -7.816608 36.770491 0.158707 -6.659828 31.030113 0.000000 -0.000003 0.000003 3.570811 -4.016754 58.128434 -0.410257 -12.475835 54.190632 -1.681315 -9.201722 42.398683 -0.000001 0.000001 0.000001 -13.994872 15.392769 5.130525 34.029338 13.310642 5.964860 -0.707501 5.038637 -0.823402 -13.361653 0.062471 -1.738266 -0.000000 -0.000001 -0.000002 -19.304964 -12.804245 -12.015968 34.339340 6.078012 -9.874814 -13.063945 -0.432754 2.681262 -7.391557 0.000014 0.000009 -0.000000 0.000002 -0.000000 
7.848958 99.787750 -0.096976 -1.520688 -64.603529 3.895349 0.692695 0.510699 0.063578 1.070476 0.973580 0.823049 1.072344 0.969235 0.825621 -2.089810 2.046647 -0.618847 0.323483 10.921240 -9.787608 0.000000 0.000004 -0.000000 0.761545 -3.833889 6.677806 -40.191500 10.122066 -25.239444 -170.755959 -83.885569 -170.697929 2.478855 19.036750 -0.328618 5.683257 13.383943 -4.643195 3.311269 6.031228 -4.989218 2.296959 14.522558 -3.813730 0.000003 0.000002 0.000002 9.377841 8.494571 -59.724376 13.236955 9.211782 -70.661128 6.639738 7.554015 -42.343181 0.000001 -0.000005 0.000005 9.258684 7.801194 -73.446506 6.735584 11.913802 -62.032523 3.654027 9.114082 -48.004526 -0.000001 -0.000002 0.000004 5.715100 6.610846 -78.192040 1.479744 12.472707 -54.613940 -0.092769 8.671087 -36.957747 -0.000002 0.000001 -0.000002 6.945940 6.915151 -70.583072 2.183268 11.248725 -66.197907 -0.905954 10.354360 -44.052965 0.000000 -0.000004 0.000001 1.022639 4.225362 8.572593 -43.663637 51.871742 64.225546 1.676073 120.438611 -1.959081 -0.164954 -5.244562 -19.313861 1.616984 -21.856464 3.736087 3.431356 0.609159 5.067697 -0.090776 -4.551565 0.011678 -0.000002 0.000001 -0.000001 9.414612 -8.660472 53.348203 7.316880 -7.048700 43.258310 7.169412 -6.612058 44.056882 -0.000001 0.000000 -0.000001 4.634534 -4.843275 53.686025 3.699742 -8.502288 43.671902 2.540114 -6.951864 33.899359 -0.000002 -0.000002 -0.000001 3.880201 -4.372492 60.649512 0.631880 -8.017905 37.793523 0.155242 -6.648518 30.974911 -0.000000 -0.000001 0.000000 3.619560 -4.050214 58.113783 -0.369724 -12.559045 54.591141 -1.681253 -9.202058 42.400117 0.000000 0.000001 0.000000 -14.424057 15.271594 5.355940 34.413980 13.631674 6.379777 -2.771465 3.494816 -1.483925 -13.069961 0.001104 -0.227150 -0.000001 -0.000004 -0.000001 -18.617371 -13.275306 -11.864741 34.212349 4.737422 -9.878127 -13.663026 -0.553576 3.418454 -7.141519 0.000016 0.000009 0.000000 -0.000001 -0.000000 
7.908307 99.608406 0.497346 -1.924623 -61.500287 3.012967 0.263570 0.500488 0.102663 0.396976 0.954478 0.850652 0.398831 0.952857 0.851664 -1.481575 2.017639 -0.538676 1.401229 10.857742 -9.506311 0.000000 0.000001 0.000000 0.843766 -4.311329 7.726062 -36.376078 13.990538 -33.983070 -176.932185 -72.180059 -176.768000 6.526378 18.956828 1.110428 5.570471 13.298868 -4.405879 3.259265 5.699947 -4.952598 2.268825 14.410437 -3.799031 -0.000000 0.000006 0.000001 9.121250 8.300650 -60.431246 12.970976 9.212935 -69.554603 6.512832 7.487183 -41.748582 -0.000001 0.000002 -0.000001 9.497247 7.874403 -74.266819 6.550435 11.813745 -61.081658 3.570274 9.028525 -47.467380 0.000001 0.000001 -0.000001 5.841151 6.706456 -79.043102 1.382526 12.332004 -53.865191 -0.114748 8.602946 -36.645427 -0.000000 -0.000001 0.000003 6.997505 6.952823 -71.142260 2.157336 11.219245 -66.036530 -0.936501 10.255462 -43.637594 0.000000 -0.000001 0.000002 1.114718 5.502375 8.122090 -38.186635 47.375681 59.527844 1.485494 123.526990 -1.798322 2.041322 -6.568439 -17.763150 1.482427 -21.695247 3.706810 3.431353 0.609161 5.067700 0.112128 -5.651130 -0.074806 -0.000000 -0.000002 0.000002 9.575267 -8.759134 53.516509 7.649039 -7.174500 44.766399 7.152917 -6.605203 43.979957 0.000003 0.000000 -0.000001 4.875072 -5.030873 54.179256 3.928230 -8.715162 45.159158 2.543782 -6.956563 33.927742 0.000001 -0.000001 -0.000001 3.952015 -4.439320 61.101704 0.713864 -8.201003 38.731667 0.151406 -6.635898 30.913518 0.000001 0.000002 0.000002 3.662511 -4.078808 58.080896 -0.360009 -12.578763 54.686268 -1.678897 -9.213750 42.450199 -0.000001 -0.000000 0.000001 -14.676944 14.998879 5.409794 34.232512 13.769802 6.966329 -4.686524 1.412069 -2.262535 -13.380554 0.000004 0.000005 0.000000 0.000002 0.000000 -17.604838 -13.944170 -11.715427 33.979812 2.573636 -9.904461 -13.872621 -0.723392 4.419142 -7.414917 -0.000021 0.000008 -0.000000 0.000002 0.000001 
7.962502 99.501518 1.046996 -2.305100 -57.347573 2.239777 -0.114808 0.438302 0.059824 -0.181430 0.834619 0.771217 -0.179532 0.835345 0.770835 -1.126413 1.956853 -0.590173 2.452107 10.366806 -9.061803 -0.000000 0.000001 0.000001 0.949392 -4.870087 8.141593 -31.246818 15.044863 -42.694420 -178.101199 -62.583391 -177.847826 10.114999 17.816866 3.446691 5.430754 13.175828 -4.165028 3.189889 5.251203 -4.903146 2.233921 14.270984 -3.780710 0.000003 0.000001 0.000002 8.842377 8.105070 -61.136948 12.806003 9.211082 -68.868258 6.390296 7.421064 -41.171622 -0.000004 -0.000000 -0.000002 9.690557 7.929541 -75.011289 6.428309 11.745539 -60.449660 3.497721 8.953059 -46.997774 -0.000001 0.000002 -0.000000 5.927477 6.780246 -79.764691 1.330832 12.255528 -53.461117 -0.128778 8.558868 -36.443762 -0.000000 0.000001 -0.000001 6.995274 6.964921 -71.505790 2.128034 11.185675 -65.853385 -0.956702 10.188711 -43.357836 0.000001 0.000003 -0.000002 1.187796 6.189242 7.286192 -34.992746 43.163333 56.922390 1.357909 125.920002 -1.694187 4.187959 -7.581279 -16.345613 1.293406 -21.441154 3.734863 3.431355 0.609161 5.067696 0.302468 -6.681368 -0.157371 0.000002 -0.000003 0.000001 9.621043 -8.786815 53.565994 7.970363 -7.286839 46.212189 7.171145 -6.612782 44.064935 0.000001 0.000001 -0.000000 5.055473 -5.167963 54.497765 4.163372 -8.922965 46.654471 2.550084 -6.964638 33.976257 0.000000 0.000000 0.000001 3.988908 -4.476348 61.398838 0.787918 -8.359731 39.551136 0.147798 -6.623996 30.855458 -0.000001 0.000001 0.000001 3.701084 -4.104462 58.049511 -0.373598 -12.551138 54.553032 -1.674179 -9.237088 42.550163 -0.000001 -0.000001 -0.000001 -14.776414 14.618866 5.381930 33.772751 11.914756 7.635432 -6.318670 0.437011 -3.075153 -13.164949 0.000002 0.000008 0.000000 -0.000001 0.000000 -16.335658 -14.828518 -11.519278 33.618133 -0.331446 -9.961245 -13.639949 -0.924283 5.648308 -8.215397 0.000014 0.000009 -0.000000 0.000002 0.000001 
7.998028 99.457443 1.546508 -2.496029 -52.380038 1.730831 -0.445101 0.348710 -0.081546 -0.654245 0.665149 0.548322 -0.652314 0.668106 0.547072 -1.079531 1.829167 -0.779268 3.328637 9.258416 -8.325295 0.000000 -0.000003 0.000001 1.008749 -5.205641 7.918937 -26.193996 13.346992 -50.320210 -178.569586 -55.483645 -178.247966 12.255846 15.631129 7.093192 5.283134 13.031644 -3.950955 3.109915 4.723942 -4.845259 2.195192 14.115454 -3.760336 0.000003 0.000005 -0.000000 8.545769 7.915528 -61.724980 12.703786 9.208989 -68.442976 6.278111 7.359099 -40.640630 -0.000000 -0.000001 0.000001 9.779442 7.951920 -75.562676 6.352183 11.702126 -60.053789 3.436387 8.888269 -46.597654 0.000003 0.000000 -0.000001 5.957128 6.821557 -80.250112 1.303139 12.214052 -53.242899 -0.138843 8.526804 -36.297224 -0.000002 -0.000003 0.000001 6.939935 6.949155 -71.598435 2.085763 11.136885 -65.588059 -0.972943 10.133951 -43.128687 0.000003 -0.000000 -0.000000 1.224843 6.283127 6.238831 -33.809689 39.908870 55.742980 1.279964 127.532186 -1.632191 6.244308 -8.414262 -15.258074 1.099793 -21.142046 3.866868 3.431356 0.609161 5.067702 0.473548 -7.606955 -0.232805 -0.000000 -0.000003 -0.000001 9.593461 -8.776938 53.481676 8.251101 -7.377649 47.465802 7.215114 -6.630923 44.269670 -0.000001 -0.000000 -0.000001 5.171454 -5.255046 54.610525 4.383841 -9.108072 48.026875 2.557552 -6.974196 34.033853 0.000001 0.000000 0.000001 3.997460 -4.489562 61.565502 0.850668 -8.489674 40.226706 0.145703 -6.617084 30.821843 0.000001 -0.000001 0.000001 3.736143 -4.128371 58.033795 -0.401767 -12.493370 54.274975 -1.667353 -9.270546 42.693562 0.000000 -0.000001 0.000000 -14.893613 14.154953 5.382032 33.181308 8.000058 8.314806 -7.461818 0.564347 -3.896620 -12.520363 0.000004 0.000010 -0.000000 -0.000000 0.000000 -14.981685 -15.794360 -11.494198 33.261693 -3.715392 -9.607904 -13.012409 -1.097313 6.855838 -9.484683 -0.000011 0.000017 -0.000001 0.000002 0.000000 
8.004974 99.459953 2.004436 -2.463293 -46.918598 1.489408 -0.730464 0.270839 -0.307267 -1.021253 0.523924 0.177947 -1.019257 0.528498 0.176244 -1.325102 1.617823 -1.117957 3.991040 7.438242 -7.233870 -0.000000 0.000004 0.000000 0.985248 -5.133614 7.142762 -22.247629 9.728244 -56.003112 -178.787223 -50.984548 -178.421002 12.395912 12.586006 11.681096 5.151725 12.891815 -3.793431 3.028961 4.178743 -4.785604 2.153560 13.947440 -3.738354 0.000003 0.000005 -0.000000 8.218327 7.727943 -62.004539 12.614628 9.206502 -68.071906 6.182319 7.305136 -40.185257 -0.000001 -0.000000 0.000000 9.701539 7.927198 -75.739858 6.297224 11.670359 -59.767031 3.383404 8.831517 -46.249427 -0.000002 -0.000001 0.000002 5.921812 6.823587 -80.422848 1.276846 12.174359 -53.034571 -0.148875 8.494524 -36.149845 -0.000001 0.000001 -0.000002 6.839056 6.904879 -71.356981 2.027359 11.068724 -65.219175 -0.990613 10.073563 -42.876393 -0.000001 -0.000000 -0.000000 1.214004 5.893594 5.140839 -34.473116 38.062930 55.335744 1.249127 128.203853 -1.608048 8.194842 -9.237050 -14.641713 0.939753 -20.837502 4.137558 3.431357 0.609161 5.067702 0.614024 -8.366755 -0.295671 -0.000001 -0.000004 -0.000004 9.525886 -8.754880 53.255699 8.468250 -7.443294 48.429852 7.272914 -6.654465 44.538482 -0.000002 -0.000000 -0.000000 5.218809 -5.291400 54.490573 4.570031 -9.257562 49.165604 2.565171 -6.983918 34.092497 0.000000 -0.000000 0.000000 3.987630 -4.486289 61.622896 0.900069 -8.589268 40.747191 0.146979 -6.621283 30.842368 0.000003 0.000001 0.000001 3.767704 -4.150572 58.034949 -0.437944 -12.418069 53.913552 -1.658987 -9.310911 42.866701 0.000003 -0.000001 -0.000001 -15.152816 13.618876 5.447518 32.541801 3.235703 8.949589 -7.998654 0.708222 -4.840215 -11.589612 0.000016 0.000011 -0.000000 -0.000005 -0.000001 -13.623804 -16.791248 -11.409881 32.916860 -7.432683 -9.154888 -12.030737 -1.244435 8.109179 -11.125203 -0.000005 0.000033 0.000001 -0.000001 -0.000000 
7.990519 99.493164 2.423481 -2.271706 -41.311689 1.425441 -0.962857 0.249842 -0.586522 -1.277440 0.495379 -0.307790 -1.274928 0.499787 -0.310235 -1.780885 1.326713 -1.611772 4.488954 4.941966 -5.823282 0.000000 0.000000 -0.000001 0.929406 -4.667026 6.331101 -19.758670 5.470572 -59.804740 -178.873447 -48.920830 -178.486367 10.572796 9.014217 16.256011 5.060418 12.784733 -3.715074 2.956983 3.683539 -4.731565 2.102265 13.739221 -3.711242 0.000002 -0.000001 -0.000004 7.837095 7.527032 -61.771842 12.495626 9.202346 -67.576573 6.108318 7.262734 -39.831969 0.000001 0.000000 0.000001 9.417468 7.843014 -75.357204 6.239272 11.636469 -59.463791 3.333759 8.777723 -45.921189 0.000001 -0.000001 0.000002 5.823212 6.783866 -80.249067 1.235523 12.111297 -52.704755 -0.161389 8.454057 -35.965181 -0.000000 -0.000000 0.000002 6.704357 6.833057 -70.742790 1.956990 10.985325 -64.770882 -1.012254 9.998207 -42.562061 -0.000001 -0.000002 0.000002 1.160646 5.184050 4.042082 -36.874603 37.842434 55.236546 1.278705 127.558823 -1.631198 9.977930 -10.091843 -14.610412 0.831610 -20.552032 4.555600 3.431356 0.609159 5.067700 0.706730 -8.868109 -0.337592 -0.000001 -0.000001 -0.000001 9.431534 -8.729256 52.892930 8.609969 -7.483988 49.056604 7.332365 -6.678360 44.814353 -0.000001 -0.000000 0.000001 5.192511 -5.273984 54.118792 4.708922 -9.365119 50.003675 2.572547 -6.993325 34.149228 0.000003 -0.000000 -0.000000 3.966310 -4.470484 61.566758 0.935652 -8.659595 41.116424 0.153498 -6.642820 30.947164 0.000000 0.000001 -0.000002 3.794869 -4.169734 58.037429 -0.480120 -12.328612 53.485839 -1.649965 -9.353743 43.050583 0.000002 -0.000001 -0.000001 -15.601040 12.992696 5.542794 31.984249 -1.966961 9.507435 -7.952565 0.849105 -5.868162 -10.545955 0.000021 0.000010 -0.000001 -0.000001 -0.000001 -12.321370 -17.712472 -11.196573 32.600418 -11.287219 -8.667732 -10.782698 -1.347379 9.355253 -12.749106 0.000014 0.000023 -0.000001 -0.000000 0.000000 
7.975902 99.548721 2.804661 -2.031485 -35.884038 1.414021 -1.120717 0.325555 -0.870820 -1.407675 0.652743 -0.847685 -1.403550 0.654377 -0.852202 -2.318258 0.974962 -2.244926 4.912705 1.925819 -4.221617 -0.000000 -0.000003 0.000000 0.857898 -4.011163 5.300900 -18.667617 1.389445 -61.584544 -178.872300 -48.949551 -178.485520 7.313334 5.456388 19.902816 5.027933 12.734868 -3.727754 2.901900 3.297840 -4.689583 2.024302 13.420019 -3.669765 0.000005 0.000002 -0.000002 7.379238 7.290379 -60.874519 12.324846 9.194562 -66.865380 6.059708 7.234554 -39.599313 0.000000 -0.000001 -0.000000 8.928567 7.688414 -74.283628 6.161915 11.590579 -59.057559 3.282422 8.721434 -45.579676 0.000002 0.000000 0.000002 5.671316 6.704067 -79.738702 1.173634 12.015330 -52.205219 -0.176553 8.404140 -35.737821 -0.000000 -0.000001 -0.000000 6.548533 6.736751 -69.754195 1.883948 10.897328 -64.301177 -1.037451 9.908338 -42.187954 0.000000 -0.000000 0.000001 1.081705 4.326741 2.827595 -40.807440 39.195413 55.263563 1.404916 125.004797 -1.732180 11.427679 -10.788137 -15.283622 0.772364 -20.294977 5.093473 3.431354 0.609161 5.067702 0.730675 -8.997515 -0.348489 0.000000 -0.000005 -0.000007 9.301374 -8.689666 52.415684 8.675895 -7.502363 49.347492 7.383079 -6.698505 45.049390 0.000000 -0.000000 -0.000001 5.088766 -5.198404 53.491870 4.796353 -9.431193 50.526536 2.579832 -7.002576 34.205109 0.000000 0.000001 0.000001 3.932644 -4.439480 61.356313 0.958260 -8.703707 41.348603 0.166642 -6.685702 31.156284 -0.000001 0.000001 -0.000001 3.815542 -4.183172 58.011296 -0.531378 -12.217489 52.956714 -1.641344 -9.394097 43.223841 0.000002 -0.000002 -0.000000 -16.163602 12.281276 5.550573 31.457406 -6.629667 10.035633 -7.458805 0.557219 -6.931153 -9.490854 0.000015 0.000007 0.000000 -0.000002 -0.000000 -11.054919 -18.486452 -10.823685 32.516956 -13.471799 -8.131893 -9.433687 -3.009479 10.275883 -13.361196 0.000017 0.000012 -0.000001 0.000000 0.000001 
7.990601 99.593887 3.151750 -1.854665 -30.899052 1.344857 -1.176205 0.523175 -1.106467 -1.392866 1.045840 -1.368113 -1.385937 1.042268 -1.376671 -2.800085 0.587227 -2.970896 5.348702 -1.377884 -2.609056 -0.000000 -0.000001 0.000000 0.812770 -3.425901 4.140566 -18.626631 -2.067584 -61.717910 -178.799654 -50.698329 -178.430564 3.407619 2.548369 22.241826 5.064286 12.756816 -3.831999 2.868294 3.059284 -4.663651 1.895600 12.886034 -3.600746 0.000002 -0.000004 0.000000 6.831818 6.993667 -59.259705 12.105843 9.181523 -65.952798 6.038139 7.221974 -39.495910 -0.000001 -0.000002 -0.000000 8.278427 7.455423 -72.482008 6.059832 11.528853 -58.518827 3.226405 8.659247 -45.204559 0.000003 0.000003 0.000002 5.480902 6.589270 -78.937446 1.096819 11.893460 -51.575373 -0.192779 8.349994 -35.491490 0.000001 0.000001 0.000000 6.383301 6.621679 -68.436925 1.818964 10.817776 -63.879365 -1.063835 9.811603 -41.786247 0.000000 -0.000000 -0.000000 0.989219 3.472648 1.244245 -45.899995 41.730192 55.514896 1.710101 119.940226 -1.988346 12.322086 -10.970835 -16.747074 0.741556 -20.064620 5.685020 3.431353 0.609161 5.067703 0.666204 -8.648960 -0.319241 -0.000000 -0.000002 0.000004 9.112917 -8.612032 51.864123 8.673405 -7.501686 49.336505 7.418046 -6.712225 45.211160 0.000002 0.000003 -0.000000 4.909076 -5.061687 52.632990 4.836398 -9.461024 50.764821 2.587296 -7.012057 34.262415 0.000003 -0.000001 0.000001 3.877812 -4.384179 60.923860 0.969269 -8.725014 41.461004 0.186757 -6.750261 31.471541 0.000000 0.000000 0.000002 3.826562 -4.187231 57.920906 -0.598025 -12.068626 52.251869 -1.634149 -9.427275 43.366585 0.000000 -0.000000 -0.000001 -16.807984 11.499917 5.433709 30.433451 -6.852625 10.327398 -6.768151 -3.577526 -8.151972 -8.469991 0.000019 0.000005 -0.000000 0.000000 -0.000000 -9.837515 -19.086803 -10.286078 32.800112 -13.535733 -7.600693 -8.114872 -6.480333 10.947850 -13.879399 0.000003 0.000022 0.000000 -0.000002 -0.000001 
8.053566 99.614799 3.453453 -1.821941 -26.530171 1.133702 -1.108602 0.848313 -1.236043 -1.223365 1.692822 -1.803961 -1.213829 1.683326 -1.817997 -3.127723 0.185154 -3.715920 5.861240 -4.721817 -1.158219 -0.000000 0.000000 -0.000000 0.810912 -3.079265 2.957105 -19.223386 -4.971303 -60.723319 -178.653283 -53.863476 -178.315721 -0.352412 0.747786 23.403165 5.168858 12.851138 -4.019139 2.856539 2.975260 -4.654522 1.694575 12.033340 -3.491464 -0.000000 0.000003 0.000001 6.199688 6.617104 -56.995678 11.862024 9.162941 -64.935612 6.043479 7.225074 -39.521431 0.000001 0.000002 0.000000 7.537644 7.143984 -70.021173 5.938031 11.453489 -57.872049 3.166223 8.591468 -44.798309 0.000000 -0.000001 -0.000000 5.268014 6.447119 -77.914994 1.017778 11.764802 -50.915348 -0.207385 8.300492 -35.266685 0.000001 -0.000000 0.000001 6.218779 6.496185 -66.887660 1.770373 10.757468 -63.561488 -1.088733 9.717886 -41.397818 0.000000 0.000001 0.000001 0.881118 2.724256 -0.997329 -51.733321 44.705603 56.271798 2.438671 112.017589 -2.642409 12.573269 -10.354790 -18.889301 0.708087 -19.853395 6.233357 3.431361 0.609164 5.067695 0.501875 -7.760269 -0.245466 -0.000004 -0.000005 0.000000 8.844696 -8.469719 51.291189 8.612366 -7.484659 49.067177 7.433887 -6.718424 45.284475 -0.000001 0.000001 -0.000001 4.663848 -4.865818 51.598066 4.838505 -9.462594 50.777416 2.594992 -7.021820 34.321407 0.000001 0.000000 0.000002 3.789053 -4.292490 60.202872 0.970075 -8.726533 41.469002 0.212939 -6.832547 31.874270 0.000002 -0.000001 0.000001 3.823877 -4.177965 57.737092 -0.685799 -11.864436 51.291992 -1.629174 -9.449983 43.464247 -0.000000 -0.000001 -0.000000 -17.462758 10.667277 5.406706 29.879530 -7.049254 10.269330 -6.288636 -6.751247 -8.723530 -7.652650 0.000015 0.000003 0.000000 0.000004 -0.000000 -8.645941 -19.540013 -9.639589 33.060428 -13.565335 -7.126837 -6.846684 -9.460207 11.716519 -14.327778 -0.000080 0.061523 -0.000001 0.000001 -0.000000 
8.162694 99.630005 3.710294 -1.956847 -22.838614 0.760613 -0.917355 1.288113 -1.244135 -0.911929 2.574892 -2.116786 -0.903020 2.561223 -2.135913 -3.277352 -0.216877 -4.397653 6.496803 -7.901835 0.027471 -0.000000 -0.000000 -0.000000 0.837514 -2.951332 1.855897 -19.613491 -7.439100 -59.100090 -178.411808 -58.212705 -178.116703 -3.483079 0.209646 23.668795 5.329583 13.003103 -4.273788 2.862843 3.020358 -4.659439 1.414086 10.802769 -3.335451 0.000002 0.000002 0.000003 5.509320 6.153115 -54.265238 11.623633 9.140614 -63.939696 6.074474 7.243149 -39.670067 -0.000001 -0.000000 -0.000001 6.779811 6.765865 -67.064364 5.808284 11.371079 -57.177989 3.105657 8.522280 -44.386360 0.000002 -0.000001 0.000000 5.047436 6.286944 -76.754374 0.950410 11.652386 -50.342807 -0.217887 8.264455 -35.103102 -0.000001 0.000000 0.000000 6.063961 6.370562 -65.247916 1.741941 10.721865 -63.374402 -1.110296 9.634350 -41.052401 0.000000 0.000000 0.000000 0.746424 2.105752 -4.092820 -58.084434 47.227886 57.898195 4.997218 101.181944 -5.102031 12.387395 -8.959776 -21.241294 0.638171 -19.651708 6.629132 3.431358 0.609157 5.067699 0.240236 -6.344601 -0.130233 0.000001 -0.000001 -0.000002 8.490623 -8.246951 50.752270 8.500830 -7.452798 48.574137 7.430582 -6.717120 45.269107 -0.000000 0.000003 -0.000001 4.373311 -4.620725 50.472356 4.814360 -9.444631 50.633787 2.602394 -7.031161 34.377981 -0.000003 -0.000001 0.000002 3.656583 -4.154582 59.163222 0.962019 -8.710967 41.386958 0.243371 -6.925539 32.330721 0.000002 -0.000001 0.000001 3.803525 -4.152017 57.448557 -0.795204 -11.595230 50.038021 -1.626839 -9.460617 43.510047 -0.000003 -0.000001 -0.000001 -17.957648 9.922929 5.312938 29.673685 -7.167235 10.235733 -6.099488 -8.802293 -8.808355 -6.995357 0.000009 0.000005 -0.000000 -0.000001 0.000000 -7.365467 -19.917393 -8.913634 33.159339 -13.526051 -6.695474 -5.652095 -11.822224 12.529448 -15.238953 -0.009896 0.674043 0.000000 -0.000003 -0.000001 
8.302108 99.640213 3.933235 -2.210963 -19.758503 0.244067 -0.629521 1.810408 -1.144022 -0.498956 3.633624 -2.305180 -0.497321 3.619451 -2.326793 -3.305356 -0.610578 -4.952437 7.289805 -10.795362 0.957536 -0.000000 -0.000001 0.000000 0.859897 -2.852237 0.896425 -20.401485 -10.364950 -57.408334 -178.021873 -63.527617 -177.777407 -5.998299 0.877748 23.186346 5.523370 13.184255 -4.575278 2.879571 3.139594 -4.672364 1.069515 9.218635 -3.137221 -0.000000 0.000000 -0.000003 4.806706 5.614634 -51.336634 11.414318 9.117580 -63.063888 6.129777 7.275078 -39.934477 0.000002 0.000001 0.000001 6.060611 6.342718 -63.844790 5.684611 11.290464 -56.511459 3.050381 8.458189 -44.007295 0.000002 -0.000001 -0.000001 4.832012 6.119337 -75.545314 0.904882 11.574886 -49.950157 -0.222864 8.247164 -35.024783 0.000001 -0.000001 0.000001 5.927112 6.255569 -63.686385 1.732513 10.710012 -63.312199 -1.128198 9.563423 -40.759581 -0.000001 -0.000001 0.000000 0.570312 1.540601 -8.037008 -65.094291 48.641851 60.776205 -19.953928 87.111597 19.973252 12.163349 -7.108785 -23.066623 0.503562 -19.450029 6.776595 3.431353 0.609159 5.067699 -0.099857 -4.502434 0.015514 0.000001 -0.000004 -0.000001 8.067704 -7.949246 50.292831 8.343593 -7.406082 47.877034 7.410117 -6.709126 45.174468 0.000002 0.000003 -0.000003 4.064410 -4.344946 49.355357 4.775498 -9.415548 50.402148 2.608360 -7.038673 34.423494 0.000001 0.000000 0.000001 3.479347 -3.967690 57.835726 0.947165 -8.682133 41.234962 0.275488 -7.021106 32.801113 0.000002 -0.000000 0.000003 3.762460 -4.107413 57.067467 -0.918861 -11.267903 48.529457 -1.627094 -9.459473 43.505078 0.000003 -0.000002 -0.000001 -18.291436 9.315302 5.233868 29.728450 -7.226805 10.222273 -6.231644 -9.827810 -8.515308 -6.443587 0.000010 0.000007 0.000000 -0.000002 -0.000000 -5.950120 -20.260701 -8.120886 33.051057 -13.311460 -6.277060 -4.586671 -13.649774 13.338252 -15.936313 -0.037472 1.310466 0.000000 0.000001 -0.000001 
8.444089 99.635162 4.142581 -2.470005 -17.107191 -0.366781 -0.297216 2.366760 -0.979509 -0.046079 4.773430 -2.404553 -0.059731 4.762751 -2.425027 -3.316539 -0.990808 -5.357604 8.252435 -13.369211 1.759241 0.000000 0.000000 0.000001 0.847811 -2.548749 0.060446 -22.616869 -14.747647 -56.239259 -177.358498 -69.533675 -177.170012 -8.254919 2.601492 21.934470 5.718274 13.356849 -4.897764 2.896088 3.256563 -4.685128 0.697296 7.404439 -2.912907 0.000003 0.000004 0.000001 4.149917 5.041461 -48.520704 11.243048 9.096366 -62.346049 6.207876 7.319615 -40.306903 -0.000000 0.000001 -0.000002 5.410114 5.899511 -60.638549 5.579795 11.220479 -55.942600 3.005503 8.405566 -43.697484 0.000001 -0.000001 -0.000002 4.633237 5.955811 -74.379940 0.884997 11.540637 -49.777186 -0.222349 8.248978 -35.032942 -0.000004 -0.000001 -0.000001 5.815705 6.160709 -62.372106 1.737238 10.715945 -63.343393 -1.142892 9.503996 -40.514565 -0.000000 0.000001 0.000001 0.321811 0.863619 -12.573472 -73.115365 48.855684 65.131188 -2.734207 70.181758 2.907350 12.186658 -5.111689 -23.716782 0.288943 -19.240173 6.621462 3.431353 0.609162 5.067700 -0.485710 -2.407588 0.175809 0.000000 -0.000005 -0.000002 7.614484 -7.605358 49.938440 8.143641 -7.343695 46.986920 7.375446 -6.695490 45.014027 0.000001 0.000001 -0.000001 3.765549 -4.063216 48.338512 4.732457 -9.383025 50.144742 2.611435 -7.042561 34.447089 -0.000001 0.000002 -0.000002 3.267329 -3.738665 56.314056 0.928660 -8.645853 41.044174 0.306812 -7.111934 33.249535 0.000002 0.000001 0.000001 3.699829 -4.044256 56.626882 -1.043034 -10.908854 46.893627 -1.629629 -9.447953 43.455508 0.000004 -0.000001 0.000001 -18.563247 8.828318 5.229158 29.940756 -7.256157 10.219893 -6.646413 -10.120890 -8.016976 -5.933639 0.000011 0.000008 0.000000 -0.000001 -0.000000 -4.424298 -20.562406 -7.242109 32.740088 -13.035759 -5.846823 -3.679110 -14.945740 14.131273 -16.446530 -0.085842 1.987220 0.000000 -0.000003 0.000001 
8.559082 99.598846 4.360980 -2.588299 -14.628732 -1.008211 0.015799 2.898292 -0.814680 0.380667 5.872085 -2.475528 0.346385 5.867337 -2.492473 -3.408356 -1.353358 -5.636114 9.350544 -15.657901 2.631137 0.000001 0.000000 -0.000000 0.790906 -1.923951 -0.734265 -24.702342 -19.626602 -55.398496 -176.093383 -75.826493 -175.962421 -10.544537 5.171591 19.895571 5.877791 13.480886 -5.210328 2.900316 3.286524 -4.688349 0.343938 5.565462 -2.687544 -0.000002 -0.000000 -0.000001 3.599004 4.501029 -46.123434 11.104833 9.077658 -61.766043 6.306703 7.375020 -40.776216 0.000002 -0.000001 -0.000002 4.839513 5.460481 -57.740322 5.503239 11.168445 -55.524708 2.973756 8.367950 -43.477060 -0.000001 -0.000000 0.000000 4.462165 5.808789 -73.348479 0.888143 11.546092 -49.804766 -0.217543 8.265636 -35.108460 -0.000003 -0.000002 0.000001 5.735720 6.093072 -61.444990 1.749467 10.731280 -63.423907 -1.154667 9.455506 -40.314816 -0.000001 -0.000001 0.000001 -0.060711 -0.107322 -17.221335 -82.187304 48.314764 70.710039 -1.172476 50.107494 1.538038 12.396861 -2.998176 -22.985871 -0.002601 -19.017432 6.171721 3.431351 0.609162 5.067700 -0.877893 -0.271244 0.333575 -0.000000 0.000000 0.000002 7.180107 -7.259072 49.691002 7.905184 -7.264789 45.919918 7.329425 -6.677197 44.800785 -0.000000 -0.000000 -0.000000 3.500330 -3.800938 47.484093 4.694209 -9.353886 49.915343 2.610460 -7.041315 34.439576 0.000000 0.000002 -0.000001 3.038803 -3.483401 54.731272 0.910307 -8.609621 40.853981 0.335297 -7.192510 33.648500 0.000001 0.000001 0.000001 3.617328 -3.964743 56.170919 -1.153053 -10.558314 45.313531 -1.634069 -9.427629 43.368050 0.000002 -0.000004 -0.000000 -18.932931 8.377814 5.316436 30.223478 -7.282470 10.219642 -7.265290 -10.086022 -7.502609 -5.408016 -0.000003 0.000009 -0.000000 0.000001 -0.000000 -2.885628 -20.760085 -6.233652 32.315121 -12.724057 -5.398756 -2.931606 -15.919942 14.895972 -16.861348 -0.157543 2.697843 -0.000000 -0.000002 -0.000000 
8.625362 99.517067 4.605306 -2.443792 -12.063341 -1.625363 0.254707 3.343994 -0.715109 0.731718 6.799654 -2.583528 0.677949 6.800577 -2.597532 -3.618398 -1.694736 -5.840326 10.484689 -17.725596 3.754578 0.000000 -0.000000 -0.000000 0.708840 -1.068256 -1.574973 -26.611153 -24.683011 -54.621426 -173.140350 -81.801433 -173.063456 -12.776140 8.301055 17.268042 5.967970 13.522661 -5.479874 2.881465 3.152920 -4.673839 0.051968 3.943069 -2.489566 0.000005 0.000003 -0.000002 3.207846 4.079909 -44.403398 10.989930 9.061032 -61.283189 6.422374 7.438528 -41.323010 0.000001 -0.000000 0.000001 4.355100 5.052112 -55.438016 5.460066 11.138707 -55.288138 2.954664 8.345185 -43.344059 0.000000 0.000004 0.000003 4.329648 5.690840 -72.531404 0.907034 11.578551 -49.968725 -0.210267 8.290657 -35.222019 -0.000001 0.000000 0.000001 5.690767 6.056678 -60.991622 1.762522 10.747661 -63.509858 -1.162644 9.422334 -40.178427 0.000000 0.000003 -0.000000 -0.637899 -1.453695 -21.371735 -91.454935 47.635259 76.625973 -0.533706 28.943138 1.131060 12.439670 -0.778975 -21.208957 -0.347938 -18.783317 5.502220 3.431358 0.609155 5.067699 -1.238909 1.703642 0.474585 0.000001 -0.000004 -0.000001 6.808106 -6.953025 49.532781 7.636355 -7.169875 44.709028 7.274372 -6.655054 44.545227 -0.000000 0.000001 -0.000000 3.283064 -3.577505 46.813959 4.667362 -9.333276 49.753939 2.604947 -7.034376 34.397420 0.000001 -0.000000 0.000001 2.814715 -3.223211 53.222016 0.895202 -8.579538 40.696337 0.359212 -7.258822 33.977647 -0.000000 0.000001 0.000001 3.519604 -3.873377 55.741679 -1.239520 -10.255144 43.959224 -1.640277 -9.399059 43.245220 -0.000000 -0.000003 -0.000001 -19.548927 7.837680 5.470413 30.519372 -7.326167 10.215333 -7.998180 -10.128879 -7.138891 -4.826858 0.000007 0.000008 0.000000 0.000003 -0.000000 -1.473847 -20.759233 -5.049729 31.918410 -12.412332 -4.953610 -2.304250 -16.797694 15.612834 -17.325004 -0.254157 3.432648 -0.000000 0.000002 -0.000000 
8.637830 99.379990 4.883988 -1.986670 -9.223167 -2.190956 0.393181 3.651201 -0.728500 0.989886 7.443141 -2.776771 0.925199 7.446939 -2.791201 -3.902560 -2.012168 -6.023889 11.497907 -19.627477 5.199133 0.000000 0.000001 -0.000001 0.642248 -0.240268 -2.483274 -28.097498 -29.439977 -53.494325 -163.045754 -86.622973 -163.012764 -14.490540 11.573161 14.512036 5.965825 13.462633 -5.677268 2.832919 2.805643 -4.636129 -0.150055 2.755761 -2.344824 -0.000003 0.000008 0.000001 3.021633 3.866649 -43.537572 10.896464 9.046808 -60.889962 6.548653 7.506218 -41.916748 0.000003 -0.000005 0.000001 3.969577 4.710295 -53.981078 5.451048 11.132470 -55.238697 2.945509 8.334232 -43.280156 0.000005 -0.000001 -0.000002 4.245348 5.612711 -71.987516 0.932238 11.621585 -50.186509 -0.202124 8.318376 -35.347943 -0.000000 -0.000003 -0.000002 5.681898 6.052625 -61.032569 1.771060 10.758347 -63.566016 -1.164141 9.416018 -40.152353 -0.000001 -0.000001 -0.000001 -1.379990 -3.062476 -24.441700 -99.033611 47.224293 81.495249 -0.171076 10.742857 1.012044 12.087238 1.078782 -19.077663 -0.708696 -18.546694 4.738127 3.431354 0.609162 5.067700 -1.540791 3.362296 0.589506 -0.000000 -0.000005 0.000001 6.519182 -6.710719 49.436472 7.349587 -7.061526 43.407471 7.212092 -6.629674 44.255739 0.000000 0.000002 -0.000000 3.115908 -3.400257 46.311947 4.654212 -9.323134 49.674651 2.595529 -7.022495 34.325491 0.000002 -0.000001 0.000000 2.612700 -2.979060 51.886516 0.883143 -8.555383 40.569903 0.376937 -7.307199 34.218264 -0.000001 0.000001 0.000000 3.413999 -3.776572 55.368181 -1.301705 -10.017924 42.906757 -1.648400 -9.361146 43.082316 -0.000000 -0.000002 0.000001 -20.488438 7.085815 5.631173 30.815225 -7.396619 10.204613 -8.776570 -10.546125 -7.036774 -4.172738 0.000006 0.000007 -0.000000 -0.000000 0.000000 -0.343106 -20.476308 -3.684631 31.728636 -12.137568 -4.549984 -1.730612 -17.714960 16.240527 -18.003561 -0.378430 4.190595 0.000000 0.000001 -0.000000 
8.610598 99.182640 5.198031 -1.257978 -6.052296 -2.706662 0.442789 3.787231 -0.872604 1.174496 7.732146 -3.071892 1.111917 7.734707 -3.090766 -4.156643 -2.302171 -6.218171 12.217026 -21.382344 6.872936 0.000000 -0.000000 0.000000 0.624132 0.277112 -3.383998 -28.757077 -33.358555 -51.658807 -104.174769 -88.983349 -104.169489 -15.153528 14.413197 12.176562 5.866906 13.301108 -5.786222 2.754943 2.236480 -4.574424 -0.249812 2.147178 -2.270570 0.000004 0.000000 -0.000004 3.077971 3.928722 -43.599389 10.840462 9.037951 -60.654272 6.677778 7.573702 -42.520694 0.000001 -0.000005 -0.000003 3.705408 4.482060 -53.540067 5.472989 11.147627 -55.359018 2.943496 8.331843 -43.266124 0.000000 -0.000000 0.000007 4.215698 5.580898 -71.741589 0.955777 11.661426 -50.388641 -0.193785 8.346562 -35.475958 0.000003 0.000001 0.000002 5.707895 6.079601 -61.524350 1.771751 10.759174 -63.570490 -1.155268 9.453018 -40.304642 -0.000003 -0.000000 -0.000001 -2.103366 -4.624850 -26.017985 -102.695275 47.167360 83.741944 0.019708 -0.031530 0.997480 11.626067 1.816996 -17.398105 -1.042267 -18.321829 4.019294 3.431355 0.609159 5.067700 -1.769033 4.621346 0.674690 0.000001 -0.000005 -0.000000 6.299619 -6.524347 49.377189 7.059949 -6.944461 42.081519 7.144429 -6.601670 43.940366 -0.000001 0.000001 -0.000001 2.987983 -3.261519 45.937950 4.650168 -9.319989 49.650356 2.583880 -7.007760 34.236296 0.000001 -0.000002 0.000001 2.442837 -2.765645 50.770818 0.868495 -8.525889 40.415633 0.386580 -7.333250 34.348034 0.000000 0.000000 0.000001 3.309806 -3.682079 55.061276 -1.347436 -9.830675 42.080130 -1.658941 -9.311150 42.867725 0.000000 0.000000 -0.000001 -21.730180 6.053204 5.721153 31.141124 -7.492136 10.187480 -9.567223 -11.451297 -7.229334 -3.448236 -0.000003 0.000001 0.000000 -0.000003 -0.000000 0.373260 -19.893346 -2.210395 31.921743 -11.924847 -4.219625 -1.139978 -18.626568 16.705782 -19.041562 -0.538682 4.992054 -0.000000 0.000002 -0.000000 
8.572326 98.924988 5.541770 -0.371822 -2.654219 -3.184209 0.447533 3.749232 -1.135197 1.332737 7.659128 -3.453216 1.284506 7.656529 -3.478526 -4.270452 -2.558239 -6.426349 12.511568 -22.964527 8.554354 0.000000 0.000001 0.000001 0.658643 0.329222 -4.136353 -28.273198 -35.917110 -49.066556 -78.968748 -88.995753 -78.967280 -14.502807 16.189258 10.673283 5.688731 13.059299 -5.810773 2.655045 1.486171 -4.493321 -0.247965 2.158655 -2.271975 0.000004 -0.000002 -0.000003 3.406740 4.290016 -44.549065 10.857749 9.040706 -60.727041 6.803417 7.637736 -43.105416 0.000001 -0.000001 -0.000001 3.592258 4.415048 -54.163817 5.519481 11.179549 -55.613552 2.948423 8.337714 -43.300415 0.000001 0.000001 -0.000000 4.242146 5.595583 -71.778513 0.974079 11.692182 -50.545025 -0.184512 8.377628 -35.617179 0.000001 0.000001 0.000001 5.766482 6.134305 -62.373568 1.763569 10.748979 -63.516798 -1.131673 9.549512 -40.702132 0.000002 -0.000000 -0.000003 -2.536933 -5.730334 -25.972319 -100.948543 47.198923 82.113470 0.033955 -0.844309 0.997829 11.651047 0.939515 -16.805578 -1.316080 -18.122297 3.456548 3.431355 0.609159 5.067696 -1.922577 5.471023 0.731195 0.000002 -0.000001 0.000000 6.100821 -6.353732 49.340880 6.781483 -6.824482 40.795002 7.073388 -6.571813 43.608565 -0.000000 0.000001 0.000001 2.876481 -3.139096 45.646789 4.642008 -9.313715 49.601059 2.572169 -6.992836 34.146366 0.000001 -0.000002 -0.000000 2.306084 -2.587640 49.868174 0.839576 -8.466995 40.108527 0.386006 -7.331705 34.340258 0.000001 0.000001 0.000000 3.217370 -3.598207 54.815075 -1.390742 -9.641294 41.247499 -1.672430 -9.245685 42.586933 -0.000000 -0.000001 -0.000001 -23.171389 4.752759 5.671114 31.565200 -7.601872 10.163779 -10.372942 -12.755179 -7.669164 -2.671399 0.000001 0.000005 -0.000000 -0.000001 0.000000 0.605594 -19.088176 -0.782448 32.614724 -11.776319 -3.964618 -0.476858 -19.277333 16.903619 -20.522053 -0.754691 5.885289 -0.000000 0.000002 -0.000000 
8.556743 98.611679 5.901734 0.526626 0.726709 -3.624391 0.466384 3.568316 -1.482870 1.523153 7.286796 -3.884284 1.496312 7.276399 -3.914767 -4.183600 -2.770552 -6.635228 12.338067 -24.320260 9.997088 0.000000 -0.000001 0.000000 0.727755 -0.048098 -4.617778 -26.664913 -36.732091 -46.120548 -154.081773 -87.745603 -154.059657 -12.752088 16.420579 10.176236 5.467003 12.775190 -5.777601 2.546246 0.639180 -4.401917 -0.154302 2.730251 -2.341717 0.000008 0.000003 0.000001 4.021767 4.917490 -46.238991 10.995262 9.061834 -61.305633 6.924862 7.698059 -43.667650 0.000002 -0.000001 -0.000000 3.659909 4.537065 -55.751050 5.582759 11.222479 -55.958644 2.964336 8.356729 -43.411501 -0.000002 0.000001 0.000005 4.320454 5.650912 -72.050491 0.989794 11.718450 -50.678754 -0.172309 8.418177 -35.801724 -0.000002 -0.000000 0.000003 5.854811 6.211945 -63.458584 1.748315 10.729872 -63.416421 -1.089778 9.713898 -41.381288 0.000001 0.000001 -0.000002 -2.496280 -6.013401 -24.504791 -93.732346 46.615344 76.341421 -0.125348 8.198036 1.005297 12.534472 -1.644605 -17.415097 -1.519100 -17.953615 3.096550 3.431354 0.609162 5.067700 -2.010882 5.960715 0.763421 0.000001 -0.000005 0.000003 5.852207 -6.137876 49.326988 6.523496 -6.706601 39.591929 7.001371 -6.541029 43.271502 0.000001 0.000001 -0.000000 2.750517 -3.000738 45.404270 4.608123 -9.287386 49.396434 2.562282 -6.980232 34.070298 0.000000 0.000002 -0.000001 2.195172 -2.439222 49.137310 0.781026 -8.345161 39.475816 0.373303 -7.297387 34.169370 -0.000000 0.000000 0.000000 3.146759 -3.532728 54.613469 -1.446588 -9.375296 40.083375 -1.689198 -9.162038 42.228867 0.000000 -0.000003 0.000001 -24.771817 3.226430 5.529136 32.170956 -7.813505 10.127950 -10.586132 -14.198804 -8.986172 -1.873351 -0.000002 0.000004 -0.000000 -0.000003 -0.000000 0.383524 -18.205869 0.407769 33.812131 -11.669308 -3.763055 0.282978 -19.285218 16.712091 -22.441194 -1.060729 6.933539 -0.000000 -0.000003 0.000000 
8.592000 98.250183 6.256441 1.306730 3.771286 -4.012131 0.552410 3.304438 -1.873332 1.798403 6.736581 -4.324766 1.793530 6.717407 -4.356666 -3.910982 -2.929921 -6.831975 11.742489 -25.402425 11.050743 0.000001 -0.000001 0.000001 0.811105 -0.686564 -4.798095 -24.265579 -35.722750 -43.493494 -171.361400 -83.464174 -171.299532 -10.556955 14.940933 10.632446 5.245954 12.494459 -5.729898 2.443159 -0.195199 -4.311971 0.014407 3.726550 -2.463176 -0.000003 0.000007 0.000000 4.904550 5.724736 -48.436778 11.294983 9.103030 -62.563802 7.050148 7.758793 -44.245149 0.000002 -0.000003 -0.000000 3.927486 4.837495 -58.053794 5.656081 11.271567 -56.356956 2.999615 8.398603 -43.656650 0.000002 0.000001 0.000000 4.442400 5.737544 -72.499371 1.011562 11.754519 -50.862827 -0.154420 8.476632 -36.068224 -0.000000 -0.000000 -0.000000 5.969853 6.306361 -64.654318 1.730851 10.707879 -63.301148 -1.028137 9.941780 -42.327113 -0.000003 -0.000000 0.000001 -2.008437 -5.308019 -22.084559 -82.839451 44.631960 67.759411 -0.439036 24.607367 1.089728 14.154266 -5.492601 -18.796450 -1.665141 -17.809199 2.910191 3.431352 0.609166 5.067700 -2.049419 6.174672 0.777402 -0.000000 -0.000005 -0.000000 5.484711 -5.816181 49.345077 6.287804 -6.593094 38.482840 6.930723 -6.510360 42.940016 -0.000000 0.000002 -0.000001 2.577952 -2.811879 45.195266 4.522726 -9.220156 48.877954 2.555037 -6.970984 34.014526 -0.000000 -0.000001 0.000000 2.097998 -2.307789 48.526827 0.679380 -8.124952 38.341219 0.347746 -7.227191 33.820501 -0.000000 -0.000000 -0.000001 3.106809 -3.492422 54.438267 -1.522314 -8.960556 38.279601 -1.708886 -9.059974 41.792521 -0.000000 0.000001 -0.000001 -26.711186 1.615397 5.018341 33.828930 -7.782272 10.213695 -11.116869 -15.526697 -9.198486 -1.161895 -0.000006 0.000006 -0.000000 -0.000003 -0.000000 -0.216409 -17.381266 1.206756 35.507729 -11.639370 -3.609824 0.930853 -18.346943 16.044925 -24.346013 -1.393949 7.887346 0.000000 0.000001 0.000000 
8.693679 97.847450 6.581574 1.884891 6.178352 -4.331076 0.737445 3.031598 -2.266656 2.192729 6.158405 -4.744750 2.205839 6.130932 -4.773781 -3.526456 -3.034748 -7.011110 10.819629 -26.205628 11.725187 0.000000 -0.000001 -0.000001 0.896648 -1.409079 -4.769794 -21.432656 -33.161125 -41.695310 -175.476999 -77.690786 -175.363017 -8.753165 11.948852 11.781814 5.065620 12.258584 -5.714289 2.358011 -0.910597 -4.234842 0.235451 4.974445 -2.615382 -0.000003 0.000001 0.000000 5.990246 6.595447 -50.867154 11.775875 9.155344 -64.575887 7.196661 7.827848 -44.917032 -0.000000 -0.000002 0.000001 4.389511 5.264953 -60.723059 5.736786 11.324720 -56.793173 3.064552 8.474702 -44.104775 -0.000001 -0.000001 -0.000000 4.599802 5.847545 -73.087826 1.051589 11.820236 -51.199132 -0.128423 8.559935 -36.448707 -0.000000 -0.000004 0.000001 6.108005 6.411053 -65.855564 1.719083 10.693059 -63.223509 -0.948740 10.215087 -43.468314 -0.000003 -0.000001 0.000002 -1.269237 -3.742878 -19.271683 -71.293501 41.121096 58.755384 -0.953554 44.289491 1.379002 16.149193 -9.526810 -20.355996 -1.785730 -17.673313 2.810398 3.431355 0.609163 5.067698 -2.055352 6.207603 0.779528 0.000000 -0.000005 0.000001 4.956879 -5.352483 49.407871 6.068281 -6.482258 37.440642 6.862902 -6.480444 42.620995 -0.000000 0.000005 -0.000001 2.334343 -2.545616 45.021981 4.363110 -9.091050 47.899048 2.549741 -6.964199 33.973607 0.000001 0.000001 -0.000001 2.003010 -2.180440 47.995138 0.530456 -7.779257 36.581585 0.310322 -7.121996 33.299300 0.000001 0.000001 -0.000001 3.104343 -3.482642 54.275244 -1.608554 -8.354318 35.663727 -1.730530 -8.942526 41.291355 0.000002 0.000000 0.000001 -28.509409 0.090879 4.397485 35.858213 -7.681618 10.253575 -11.866090 -16.399542 -9.020159 -0.968420 0.000006 0.000002 0.000000 0.000000 0.000000 -1.144856 -16.675763 1.548786 37.783114 -11.846751 -3.541068 0.980726 -16.412939 14.985638 -25.209776 -1.470905 8.040541 0.000000 0.000002 -0.000000 
8.864374 97.406937 6.859396 2.235112 7.746397 -4.581138 1.026732 2.817872 -2.633757 2.715886 5.690423 -5.131957 2.741674 5.656106 -5.154922 -3.120619 -3.096688 -7.167499 9.657743 -26.781271 12.164281 0.000001 -0.000000 -0.000002 0.983075 -2.130941 -4.703377 -18.323681 -29.500297 -40.804090 -177.062354 -71.444742 -176.891436 -7.989273 7.984633 13.222574 4.950900 12.093627 -5.764373 2.297909 -1.431329 -4.178688 0.482468 6.301526 -2.777567 0.000003 0.000004 -0.000000 7.170104 7.417554 -53.268201 12.421339 9.199223 -67.267261 7.386921 7.914397 -45.784308 -0.000002 -0.000006 -0.000002 5.006761 5.745065 -63.389531 5.828243 11.383881 -57.284988 3.167807 8.593250 -44.809002 0.000000 -0.000004 -0.000002 4.789405 5.978379 -73.824708 1.122280 11.934172 -51.785313 -0.093042 8.670234 -36.953854 -0.000002 0.000003 0.000002 6.265792 6.520560 -66.995802 1.723331 10.698445 -63.251684 -0.857473 10.506146 -44.692622 0.000001 0.000000 -0.000002 -0.498921 -1.702323 -16.502917 -61.498484 36.628167 51.181326 -1.969228 63.449411 2.205003 18.385256 -12.649089 -21.586567 -1.914242 -17.529990 2.694730 3.431356 0.609161 5.067699 -2.044173 6.145616 0.775499 -0.000001 -0.000003 -0.000002 4.273474 -4.752237 49.523728 5.852402 -6.368301 36.406520 6.797760 -6.451309 42.313794 -0.000001 0.000003 -0.000000 2.011357 -2.192531 44.896124 4.118430 -8.884084 46.371271 2.544169 -6.957062 33.930744 0.000002 -0.000001 0.000000 1.905877 -2.051722 47.519743 0.344063 -7.298371 34.173567 0.264131 -6.987645 32.636232 -0.000001 -0.000003 -0.000001 3.143954 -3.507287 54.117341 -1.678544 -7.562823 32.275687 -1.752609 -8.816126 40.753102 -0.000000 0.000000 -0.000001 -30.034746 -1.250227 3.840733 38.041152 -7.577469 10.211050 -12.726676 -16.625454 -8.788774 -1.038324 0.000005 0.000005 0.000000 0.000002 -0.000000 -2.160625 -16.076056 1.484692 40.143300 -12.094539 -3.591626 0.950322 -13.583734 13.726328 -25.849927 -1.525987 8.138544 0.000001 0.000002 -0.000000 
9.100175 96.928581 7.085787 2.380810 8.411577 -4.778886 1.402759 2.707133 -2.965209 3.352738 5.423161 -5.491569 3.387150 5.383846 -5.506851 -2.761810 -3.140008 -7.284381 8.305265 -27.223245 12.554097 0.000000 -0.000001 0.000000 1.079899 -2.880399 -4.771716 -14.923340 -25.109310 -40.585459 -177.836365 -65.515031 -177.610559 -8.429581 3.810680 14.614358 4.905773 12.004138 -5.887762 2.264128 -1.730271 -4.146490 0.729343 7.565369 -2.932691 -0.000002 -0.000000 -0.000001 8.316555 8.111318 -55.449190 13.177808 9.212463 -70.415084 7.640922 8.024579 -46.933587 -0.000002 -0.000004 -0.000002 5.711087 6.208569 -65.755665 5.940148 11.454810 -57.883271 3.312380 8.754375 -45.779292 0.000002 -0.000001 0.000002 5.015615 6.133757 -74.770129 1.232384 12.106455 -52.679480 -0.048948 8.803119 -37.564541 -0.000002 0.000001 0.000001 6.440487 6.631653 -68.056613 1.754466 10.737562 -63.456801 -0.763301 10.785208 -45.875980 -0.000002 0.000001 -0.000002 0.154158 0.334767 -13.977875 -54.306421 31.739971 45.822964 -5.722874 80.207431 5.804844 20.937501 -14.457485 -22.040291 -2.067542 -17.374031 2.496284 3.431357 0.609158 5.067699 -2.028102 6.056359 0.769678 0.000001 -0.000001 0.000001 3.488646 -4.065383 49.690439 5.624757 -6.242641 35.305313 6.733086 -6.421937 42.008197 0.000003 0.000004 0.000003 1.622048 -1.767002 44.828359 3.795559 -8.592917 44.299900 2.535379 -6.945764 33.862848 0.000000 -0.000002 -0.000001 1.814828 -1.930021 47.095561 0.142847 -6.695742 31.211441 0.213544 -6.834382 31.883299 0.000002 0.000001 0.000001 3.228211 -3.568906 53.963993 -1.700455 -6.645256 28.370191 -1.773512 -8.689458 40.214832 -0.000000 0.000001 0.000005 -31.332342 -2.364677 3.467515 40.378142 -7.475085 10.038671 -13.686360 -16.200256 -8.476175 -1.111507 -0.000009 0.000001 0.000000 0.000002 -0.000000 -3.203210 -15.545674 1.087212 42.434548 -12.351237 -3.769295 0.879050 -10.224680 12.501726 -26.307051 -1.560124 8.194847 -0.000000 -0.000002 0.000000 
9.390696 96.406113 7.268536 2.374778 8.231432 -4.957552 1.833471 2.711462 -3.260217 4.067419 5.380877 -5.840378 4.108654 5.338304 -5.847306 -2.480319 -3.193476 -7.330110 6.776563 -27.630361 13.025046 -0.000000 -0.000000 0.000001 1.199770 -3.738035 -5.069438 -11.186978 -20.126365 -40.800576 -178.260465 -60.489467 -177.987203 -9.695510 0.120203 15.845325 4.914587 11.974660 -6.062145 2.252906 -1.830644 -4.135652 0.954555 8.670571 -3.069188 -0.000006 -0.000003 -0.000000 9.321129 8.639668 -57.329787 13.966723 9.182583 -73.699667 7.967353 8.157499 -48.397003 -0.000001 -0.000001 -0.000001 6.425563 6.611976 -67.666800 6.086221 11.544943 -58.658300 3.493040 8.948118 -46.967256 0.000000 -0.000004 0.000000 5.289231 6.320514 -76.010798 1.383748 12.333802 -53.874698 0.000969 8.948034 -38.233531 -0.000003 0.000002 -0.000001 6.631113 6.743743 -69.063847 1.821237 10.820599 -63.894227 -0.675923 11.027996 -46.913742 -0.000001 -0.000001 -0.000002 0.620014 1.971567 -11.695505 -49.389248 26.850751 42.737832 12.202684 94.657809 -12.248444 23.660525 -15.177917 -21.491469 -2.233578 -17.219185 2.221112 3.431352 0.609158 5.067699 -2.015583 5.986870 0.765122 -0.000002 -0.000003 -0.000001 2.691899 -3.372914 49.893162 5.371378 -6.095922 34.065886 6.665051 -6.390604 41.685935 0.000004 0.000004 -0.000000 1.200156 -1.306962 44.820651 3.419005 -8.224752 41.792893 2.520679 -6.926800 33.748938 0.000004 -0.000001 0.000000 1.752245 -1.839863 46.726632 -0.045313 -6.007096 27.888783 0.163331 -6.674961 31.103855 -0.000002 -0.000000 0.000001 3.357634 -3.668534 53.818725 -1.657079 -5.698387 24.344355 -1.791838 -8.571607 39.714917 -0.000003 0.000004 0.000001 -32.467970 -3.208079 3.260090 42.869413 -7.360363 9.866370 -14.757121 -15.206352 -8.132118 -1.168868 -0.000000 -0.000003 0.000000 -0.000002 -0.000000 -4.267766 -15.081821 0.429371 44.575730 -12.583080 -4.028690 0.806087 -6.742446 11.483980 -26.763577 -1.587927 8.247690 0.000000 0.000001 -0.000000 
9.728177 95.837280 7.420574 2.274922 7.335977 -5.134787 2.283194 2.810944 -3.537531 4.811322 5.525093 -6.197394 4.859585 5.480495 -6.195432 -2.276120 -3.278228 -7.269211 5.083860 -28.063639 13.598420 -0.000000 0.000001 0.000001 1.342914 -4.740186 -5.570728 -7.160594 -14.522954 -41.431668 -178.491708 -56.880559 -178.183707 -11.125168 -2.789713 16.874462 4.949039 11.977678 -6.242566 2.257196 -1.792221 -4.139808 1.145104 9.573503 -3.181397 0.000003 0.000004 0.000003 10.125304 9.001885 -58.941199 14.706058 9.113776 -76.788545 8.356894 8.303625 -50.125204 -0.000003 0.000002 0.000000 7.088214 6.940740 -69.133720 6.279461 11.660033 -59.674181 3.695763 9.156159 -48.270518 -0.000001 -0.000001 -0.000001 5.621103 6.542040 -77.612314 1.569507 12.599141 -55.293038 0.052170 9.091087 -38.896971 -0.000000 -0.000000 0.000001 6.837749 6.857711 -70.068356 1.927787 10.950337 -64.583660 -0.603013 11.220524 -47.742281 -0.000001 -0.000002 -0.000001 0.883953 2.993320 -9.575453 -45.975205 22.321876 41.540080 3.281539 106.737572 -3.436762 26.055683 -15.170948 -20.194274 -2.371480 -17.098591 1.955816 3.431353 0.609164 5.067701 -2.011931 5.966584 0.763791 0.000002 -0.000001 -0.000001 1.981658 -2.761818 50.108013 5.083913 -5.920414 32.640952 6.589325 -6.355182 41.326227 0.000002 0.000001 -0.000000 0.793125 -0.865720 44.863568 3.024078 -7.800993 39.038281 2.498700 -6.898313 33.578156 0.000005 0.000000 0.000000 1.750626 -1.817657 46.417354 -0.197443 -5.283212 24.451642 0.117372 -6.521853 30.358787 -0.000000 -0.000003 -0.000001 3.530015 -3.804850 53.686410 -1.557550 -4.826195 20.620840 -1.806804 -8.469920 39.284253 0.000005 0.000000 0.000001 -33.504373 -3.778044 3.225631 45.475259 -7.231152 9.697218 -15.919107 -13.808415 -7.762717 -1.195163 0.000003 0.000004 0.000000 -0.000002 -0.000000 -5.371759 -14.713182 -0.449588 46.524896 -12.772969 -4.297975 0.757257 -3.459577 10.734269 -27.463368 -1.630866 8.344100 0.000000 -0.000001 0.000001 
10.104904 95.224739 7.548665 2.123791 5.868228 -5.314390 2.720790 2.965265 -3.815795 5.533567 5.776495 -6.573237 5.590251 5.730322 -6.561440 -2.136749 -3.397515 -7.081948 3.267278 -28.518333 14.192741 -0.000000 -0.000001 -0.000001 1.489836 -5.808048 -6.140784 -3.025159 -8.316882 -42.699112 -178.582003 -55.251405 -178.258116 -12.193852 -5.081516 17.397467 4.978688 11.984900 -6.377966 2.268850 -1.688090 -4.151036 1.297554 10.276336 -3.269279 0.000002 0.000003 0.000001 10.728034 9.221230 -60.385504 15.332052 9.024221 -79.418530 8.781086 8.447788 -51.987008 0.000000 0.000001 0.000000 7.666225 7.199890 -70.296573 6.526813 11.800689 -60.959712 3.900287 9.356662 -49.556287 0.000000 -0.000000 -0.000001 6.013295 6.792273 -79.568193 1.774224 12.875776 -56.801390 0.099511 9.218840 -39.492072 -0.000002 -0.000001 0.000001 7.059515 6.973906 -71.116476 2.071189 11.119985 -65.496296 -0.548231 11.359627 -48.344379 0.000003 -0.000001 0.000000 0.973863 3.376047 -7.580098 -43.433422 18.568750 41.646604 1.956902 116.729709 -2.204663 27.586000 -14.687577 -18.805060 -2.424436 -17.055614 1.839992 3.431355 0.609165 5.067698 -2.019924 6.010984 0.766707 0.000003 -0.000001 0.000001 1.436580 -2.299346 50.310395 4.762530 -5.712211 31.021876 6.502700 -6.313946 40.913574 0.000001 0.000004 -0.000001 0.450654 -0.498179 44.939390 2.646230 -7.353587 36.256799 2.470114 -6.861015 33.355184 -0.000003 0.000000 -0.000000 1.843226 -1.901153 46.167567 -0.302513 -4.577768 21.142641 0.078094 -6.384881 29.694784 -0.000004 -0.000000 -0.000002 3.739602 -3.973391 53.571199 -1.432005 -4.108193 17.531853 -1.818181 -8.388654 38.940449 0.000001 -0.000000 -0.000001 -34.477801 -4.095520 3.342368 48.141803 -7.094217 9.534391 -17.144480 -12.145731 -7.375418 -1.181632 -0.000001 0.000001 0.000000 -0.000002 -0.000000 -6.534723 -14.472906 -1.522042 48.272072 -12.920456 -4.519992 0.724020 -0.567722 10.209041 -28.595977 -1.708080 8.520419 0.000001 -0.000002 0.000001 
10.515318 94.588974 7.659866 1.936442 3.939783 -5.483404 3.125275 3.129816 -4.110816 6.191252 6.044771 -6.961982 6.258031 5.997056 -6.939120 -2.051791 -3.533960 -6.779296 1.401312 -28.921784 14.673420 0.000000 0.000000 0.000001 1.611912 -6.751666 -6.592596 0.946693 -1.756311 -44.882754 -178.530271 -56.202054 -178.215673 -12.780428 -7.134596 16.821344 4.981296 11.976174 -6.430427 2.280833 -1.581809 -4.162484 1.416752 10.814645 -3.336950 0.000000 0.000001 0.000000 11.169730 9.333430 -61.768611 15.811753 8.935744 -81.446755 9.197914 8.574817 -53.798566 0.000000 -0.000004 -0.000001 8.154601 7.401885 -71.346421 6.824517 11.960477 -62.486395 4.085172 9.530259 -50.695440 0.000002 0.000001 -0.000000 6.451315 7.053687 -81.770752 1.976813 13.134912 -58.243878 0.138745 9.321707 -39.973255 -0.000001 0.000003 0.000003 7.291458 7.090324 -72.220754 2.240788 11.313599 -66.554463 -0.511555 11.450484 -48.739038 0.000003 0.000001 0.000000 0.947492 3.240912 -5.769494 -41.497651 15.938327 42.501822 1.445295 124.250184 -1.765171 28.047260 -13.902789 -17.970175 -2.340284 -17.126476 2.014306 3.431355 0.609162 5.067700 -2.040245 6.123674 0.774072 -0.000003 -0.000001 0.000001 1.095036 -2.016119 50.483765 4.416370 -5.473037 29.244230 6.404780 -6.266417 40.445430 -0.000002 -0.000001 -0.000001 0.211872 -0.246504 45.028804 2.311706 -6.916912 33.647479 2.437587 -6.818199 33.100032 0.000001 -0.000001 -0.000000 2.051655 -2.115099 45.973498 -0.362138 -3.935660 18.154424 0.046385 -6.269601 29.137874 -0.000001 -0.000001 0.000002 3.976140 -4.165624 53.475901 -1.314100 -3.580914 15.242670 -1.826283 -8.328445 38.686048 0.000001 0.000001 0.000001 -35.358353 -4.186053 3.574937 50.770934 -6.956347 9.381012 -18.394382 -10.305235 -6.978727 -1.128921 -0.000001 0.000005 0.000000 -0.000002 -0.000000 -7.728568 -14.358709 -2.743648 50.020767 -10.732552 -4.656871 0.621578 -0.452602 9.855844 -30.212686 -1.829029 8.785274 0.000000 0.000001 -0.000001 
10.950866 93.935944 7.737940 1.701224 1.621795 -5.647989 3.485489 3.262820 -4.406521 6.756129 6.255530 -7.339891 6.833984 6.206420 -7.304811 -2.017661 -3.655306 -6.403307 -0.423398 -29.156804 14.916440 -0.000000 -0.000001 -0.000000 1.687283 -7.358203 -6.770248 4.467038 4.699834 -48.059328 -178.282158 -60.181022 -178.005945 -13.161349 -9.200309 14.652622 4.949263 11.943899 -6.389491 2.288672 -1.512469 -4.169959 1.512839 11.241702 -3.390869 0.000002 0.000006 0.000001 11.503616 9.376892 -63.138235 16.143413 8.864334 -82.857066 9.562929 8.674457 -55.372050 -0.000003 0.000001 0.000001 8.564063 7.558983 -72.438787 7.156122 12.126717 -64.162790 4.233380 9.664542 -51.594136 0.000000 -0.000000 0.000000 6.902405 7.301605 -84.021941 2.155420 13.352469 -59.479125 0.167628 9.395785 -40.320758 -0.000002 0.000000 -0.000002 7.522664 7.201679 -73.344053 2.419584 11.510015 -67.646856 -0.490392 11.501929 -48.963229 -0.000000 -0.000002 0.000000 0.868513 2.792089 -4.281853 -40.183352 14.555266 43.702388 1.209296 129.102911 -1.577229 27.699692 -12.990706 -17.929219 -2.091786 -17.321710 2.564869 3.431356 0.609164 5.067702 -2.071257 6.296001 0.785301 -0.000003 0.000000 0.000002 0.950209 -1.903543 50.624426 4.061706 -5.210898 27.382498 6.298656 -6.213748 39.935983 -0.000001 0.000002 -0.000000 0.095955 -0.130324 45.117743 2.033345 -6.518900 31.346279 2.404896 -6.774766 32.842251 0.000003 0.000002 0.000001 2.375214 -2.458867 45.831734 -0.386425 -3.385449 15.604580 0.021900 -6.177462 28.693908 -0.000001 0.000001 -0.000002 4.225348 -4.369520 53.402049 -1.225006 -3.236457 13.735520 -1.831708 -8.286949 38.510843 -0.000000 0.000005 0.000003 -36.136550 -4.095072 3.913484 53.332661 -6.831224 9.229412 -19.643737 -8.318639 -6.576831 -1.047216 0.000006 0.000003 0.000000 0.000000 -0.000000 -8.951351 -14.313493 -4.039481 51.544504 -8.854687 -4.774969 0.420184 -0.451426 9.508656 -32.180641 -1.988866 9.113156 -0.000001 -0.000002 0.000001 
11.410814 93.278244 7.780972 1.388178 -1.056006 -5.824796 3.798541 3.339834 -4.678047 7.216062 6.366162 -7.673289 7.304545 6.316631 -7.625442 -2.034925 -3.726043 -6.011822 -2.127635 -29.102265 14.862599 0.000000 0.000001 0.000002 1.707079 -7.520642 -6.623317 7.284702 10.601175 -51.917258 -177.651827 -67.231423 -177.442031 -13.813523 -11.134566 10.936314 4.889592 11.892286 -6.275184 2.291063 -1.491510 -4.172220 1.597464 11.612848 -3.437915 0.000002 0.000004 0.000001 11.769569 9.384334 -64.453934 16.347124 8.816276 -83.727000 9.841721 8.743417 -56.566595 0.000003 -0.000001 -0.000001 8.906824 7.680469 -73.634548 7.494439 12.284123 -65.849471 4.336447 9.755393 -52.211701 0.000001 -0.000000 0.000001 7.321756 7.512669 -86.083613 2.293228 13.513771 -60.410523 0.185976 9.442163 -40.538768 0.000000 -0.000000 0.000000 7.737019 7.300838 -74.404987 2.587879 11.688058 -68.655088 -0.481790 11.522724 -49.053893 0.000000 -0.000001 0.000000 0.783581 2.253954 -3.265129 -39.596908 14.303702 45.015379 1.111040 131.476278 -1.502983 27.103915 -12.171914 -18.442619 -1.690069 -17.616123 3.486400 3.431355 0.609162 5.067700 -2.109031 6.505968 0.798949 -0.000001 -0.000003 0.000000 0.960686 -1.924307 50.739997 3.718125 -4.939207 25.535154 6.190350 -6.158826 39.413880 0.000002 0.000004 0.000000 0.099176 -0.144240 45.201161 1.811512 -6.175036 29.409596 2.375877 -6.735852 32.611968 -0.000001 -0.000001 -0.000000 2.786631 -2.901539 45.743071 -0.388071 -2.937871 13.533649 0.003644 -6.106788 28.354087 -0.000001 -0.000001 0.000003 4.470820 -4.571111 53.350461 -1.168455 -3.035226 12.850104 -1.835186 -8.259896 38.396615 -0.000001 -0.000000 0.000002 -36.764760 -3.844475 4.356396 55.800241 -6.730450 9.086911 -20.886558 -6.183618 -6.170894 -0.953305 0.000010 0.000004 0.000000 0.000000 -0.000000 -10.146969 -14.236946 -5.297293 52.847892 -7.312404 -4.945711 0.037497 -0.457731 9.104769 -34.260953 -2.171228 9.459551 0.000000 -0.000001 0.000000 
11.890336 92.640305 7.789343 0.962673 -4.087247 -6.042774 4.066152 3.355818 -4.904969 7.571449 6.368138 -7.932514 7.668422 6.320261 -7.872269 -2.103299 -3.719225 -5.656413 -3.661667 -28.676433 14.548062 -0.000000 -0.000001 0.000001 1.677959 -7.327448 -6.240962 9.248389 15.694272 -55.780700 -175.777473 -76.846520 -175.655800 -15.114133 -12.385769 6.398347 4.818598 11.832562 -6.129367 2.289069 -1.508956 -4.170331 1.680583 11.973086 -3.483790 0.000001 0.000001 -0.000001 11.981053 9.377567 -65.602225 16.452177 8.790206 -84.176781 10.018696 8.784036 -57.321912 -0.000000 -0.000001 0.000000 9.188589 7.772538 -74.891037 7.807275 12.419206 -67.390014 4.395131 9.806273 -52.560881 0.000000 0.000001 0.000001 7.665580 7.671996 -87.747235 2.381917 13.614770 -61.000720 0.195044 9.464859 -40.645694 -0.000001 -0.000003 -0.000001 7.916732 7.380845 -75.304051 2.728214 11.831744 -69.482019 -0.483339 11.519011 -49.037767 -0.000001 -0.000001 -0.000000 0.715673 1.811523 -2.806250 -39.789892 14.929417 46.333053 1.095894 131.863113 -1.491790 26.816701 -11.701130 -19.031417 -1.186699 -17.954378 4.678646 3.431353 0.609162 5.067700 -2.147369 6.719234 0.812785 -0.000000 -0.000005 0.000001 1.069975 -2.029270 50.843863 3.403853 -4.674273 23.803090 6.087225 -6.105328 38.914473 -0.000002 -0.000002 -0.000003 0.198545 -0.262616 45.283000 1.638675 -5.887902 27.824857 2.353117 -6.705090 32.430452 0.000001 0.000002 0.000000 3.236917 -3.387582 45.713322 -0.378142 -2.589167 11.920056 -0.009601 -6.054303 28.102147 -0.000001 -0.000001 0.000001 4.697098 -4.757218 53.321538 -1.135762 -2.924021 12.359023 -1.837409 -8.242275 38.322258 -0.000002 0.000000 0.000005 -37.175026 -3.430301 4.927652 58.114466 -6.659459 8.956345 -22.106604 -3.907653 -5.764595 -0.865306 -0.000002 0.000005 0.000000 -0.000001 0.000000 -11.243420 -14.021157 -6.397389 53.932642 -5.958985 -5.249481 -0.568182 -0.471338 8.636766 -36.184146 -2.353150 9.779986 -0.000000 -0.000001 0.000000 
12.384572 92.069023 7.775938 0.399307 -7.461471 -6.355222 4.288738 3.316547 -5.065266 7.828034 6.278332 -8.104978 7.930078 6.235039 -8.033662 -2.219245 -3.624101 -5.365678 -5.005248 -27.866065 14.102169 -0.000000 -0.000000 0.000001 1.629876 -7.046642 -5.822798 10.410097 19.871966 -58.866791 -152.245340 -87.883962 -152.224740 -17.147094 -12.353149 2.187529 4.753786 11.777023 -5.998660 2.285039 -1.544641 -4.166492 1.768409 12.349223 -3.531822 0.000002 -0.000001 0.000002 12.128678 9.367306 -66.448568 16.486366 8.781556 -84.323309 10.099148 8.801685 -57.664582 -0.000001 -0.000002 -0.000001 9.409423 7.839724 -76.099830 8.065602 12.523419 -68.649378 4.417405 9.825406 -52.692860 0.000001 0.000003 0.000001 7.904896 7.775934 -88.892726 2.422712 13.660539 -61.270007 0.196468 9.468355 -40.662186 0.000001 -0.000002 0.000000 8.047987 7.437257 -75.958247 2.829586 11.932978 -70.072031 -0.493537 11.494377 -48.930266 0.000001 -0.000003 -0.000001 0.671665 1.562125 -2.891780 -40.700343 16.160103 47.617466 1.136023 130.850742 -1.521610 27.172635 -11.763170 -19.283453 -0.661780 -18.270133 5.977328 3.431355 0.609157 5.067699 -2.178740 6.893809 0.824068 -0.000002 -0.000005 0.000001 1.225613 -2.173413 50.949222 3.132014 -4.431397 22.268467 5.995550 -6.056845 38.468722 0.000001 0.000001 0.000001 0.360309 -0.448755 45.372800 1.504244 -5.651205 26.538574 2.337358 -6.683662 32.304329 -0.000002 0.000000 -0.000001 3.668589 -3.851983 45.750861 -0.364140 -2.326323 10.702899 -0.019026 -6.016480 27.920674 0.000002 -0.000000 -0.000001 4.893083 -4.918302 53.315323 -1.114556 -2.853663 12.047780 -1.839047 -8.229202 38.267112 0.000000 0.000000 -0.000002 -37.280463 -2.828941 5.677165 60.162970 -6.626585 8.842404 -23.271052 -1.522045 -5.362277 -0.797362 0.000012 0.000003 -0.000000 -0.000001 -0.000000 -12.312250 -13.546967 -7.298116 55.235965 -5.050507 -5.768032 -2.369355 -0.565666 8.539384 -35.705736 -1.794035 8.468871 -0.000000 0.000001 -0.000000 
12.885390 91.628822 7.763807 -0.309222 -11.151237 -6.815406 4.461615 3.235141 -5.155107 7.988521 6.125259 -8.200438 8.091983 6.089432 -8.120220 -2.377264 -3.447069 -5.141486 -6.155139 -26.728692 13.706933 -0.000000 0.000001 0.000001 1.613186 -6.999730 -5.591222 11.084857 22.997817 -60.639396 -185.678638 -99.857195 -185.762267 -19.829545 -10.914155 -0.659805 4.707181 11.733970 -5.916974 2.281146 -1.579058 -4.162777 1.862559 12.747529 -3.582928 0.000002 0.000003 -0.000000 12.196600 9.356510 -66.902591 16.470928 8.785467 -84.257152 10.104439 8.802839 -57.687081 0.000000 -0.000001 0.000002 9.570826 7.886354 -77.149309 8.251123 12.594260 -69.547274 4.414639 9.823039 -52.676488 0.000000 0.000000 0.000001 8.033263 7.829903 -89.511501 2.424762 13.662821 -61.283510 0.191459 9.455877 -40.603415 0.000000 -0.000001 -0.000001 8.125114 7.469254 -76.330479 2.889017 11.991373 -70.415214 -0.511238 11.451208 -48.742269 -0.000000 -0.000001 0.000001 0.649601 1.494210 -3.409903 -42.163625 17.780763 48.866797 1.215183 128.967181 -1.581761 28.228323 -12.358695 -19.033878 -0.199740 -18.508984 7.206496 3.431354 0.609165 5.067702 -2.195829 6.989009 0.830204 -0.000000 0.000000 0.000001 1.390736 -2.325430 51.065120 2.908760 -4.221806 20.980244 5.918844 -6.015509 38.094308 0.000002 0.000002 0.000001 0.549277 -0.664785 45.481461 1.398467 -5.455693 25.488900 2.327414 -6.670088 32.224552 0.000004 0.000002 0.000001 4.032387 -4.239447 45.862722 -0.350231 -2.132581 9.804784 -0.025522 -5.990051 27.793940 -0.000000 -0.000003 -0.000002 5.054012 -5.050224 53.331350 -1.095571 -2.791873 11.773778 -1.840647 -8.216324 38.212839 0.000002 0.000002 0.000002 -37.019140 -1.997805 6.632880 61.721906 -6.268217 8.755774 -24.294045 0.585270 -5.125587 -0.756285 -0.000007 0.000003 0.000000 0.000000 -0.000000 -13.079326 -12.881701 -7.872999 56.130351 -3.911450 -6.508261 -4.289767 -0.667478 8.445952 -34.547510 -1.249173 7.022841 -0.000001 0.000001 -0.000000 
13.379652 91.341064 7.792562 -1.149616 -15.108903 -7.448426 4.573431 3.128913 -5.201089 8.046887 5.936462 -8.245836 8.149041 5.909693 -8.159546 -2.573279 -3.207139 -4.966449 -7.111292 -25.365692 13.524053 0.000000 0.000002 0.000000 1.667384 -7.393497 -5.681056 11.780211 24.921323 -61.048886 -182.589944 -110.801692 -182.773267 -23.099782 -8.692846 -1.691296 4.682083 11.705692 -5.894801 2.278755 -1.600139 -4.160520 1.960316 13.155721 -3.635530 -0.000000 -0.000002 -0.000003 12.183664 9.345081 -66.969506 16.421948 8.797809 -84.047226 10.062752 8.793757 -57.509503 0.000001 -0.000005 0.000001 9.683046 7.917881 -77.978938 8.360974 12.634662 -70.076498 4.398240 9.808935 -52.579281 0.000000 0.000002 0.000001 8.065513 7.844535 -89.687405 2.402102 13.637478 -61.134175 0.180871 9.429319 -40.478365 -0.000001 0.000004 -0.000001 8.152076 7.479664 -76.440342 2.909913 12.011714 -70.535398 -0.534875 11.392922 -48.488804 0.000000 0.000002 -0.000000 0.639148 1.508553 -4.179518 -43.962735 19.656910 50.096036 1.322833 126.630683 -1.666106 29.795088 -13.291855 -18.393588 0.138355 -18.644219 8.230325 3.431357 0.609157 5.067699 -2.193478 6.975922 0.829361 -0.000001 -0.000003 -0.000001 1.546211 -2.469148 51.195850 2.733838 -4.050744 19.951666 5.857112 -5.981812 37.792034 -0.000001 0.000004 0.000000 0.735810 -0.879037 45.617799 1.314545 -5.294163 24.629753 2.320697 -6.660903 32.170625 0.000001 -0.000000 -0.000001 4.300730 -4.519626 46.051468 -0.338190 -1.991584 9.150443 -0.029911 -5.972042 27.707760 -0.000000 -0.000001 0.000002 5.181250 -5.153943 53.368527 -1.075672 -2.728195 11.491267 -1.842662 -8.200051 38.144151 0.000003 0.000000 0.000002 -36.348030 -0.867427 7.763887 62.476758 -3.900069 8.711758 -25.173654 0.844174 -5.777966 -0.740195 0.000003 0.000002 0.000000 0.000000 0.000000 -13.519482 -12.089023 -8.162038 56.513282 -2.216435 -7.439242 -5.922907 -0.749613 8.304316 -33.278864 -0.874975 5.862380 -0.000000 0.000004 -0.000000 
13.843763 91.260780 7.874902 -2.091422 -19.264907 -8.259030 4.606420 3.012586 -5.230755 7.987872 5.731517 -8.271151 8.087621 5.713164 -8.182085 -2.806359 -2.928413 -4.814994 -7.870602 -23.877877 13.615915 0.000001 -0.000001 0.000000 1.785995 -8.206799 -6.062922 12.964743 25.755824 -60.495969 -181.695695 -120.067650 -181.966034 -26.729940 -6.817520 -1.149121 4.674302 11.689593 -5.920332 2.278248 -1.604751 -4.160014 2.055513 13.548175 -3.686392 0.000002 0.000003 -0.000000 12.117896 9.334556 -66.766452 16.355562 8.814223 -83.763056 9.999201 8.779670 -57.238782 0.000002 0.000000 -0.000002 9.766215 7.940787 -78.597548 8.407712 12.651503 -70.301129 4.377376 9.790956 -52.455446 0.000001 -0.000002 -0.000001 8.028797 7.831689 -89.547735 2.370725 13.602170 -60.926715 0.165503 9.390368 -40.295299 0.000000 0.000002 0.000001 8.139526 7.473613 -76.351645 2.898324 12.000424 -70.468783 -0.561963 11.325202 -48.195020 0.000000 -0.000001 0.000000 0.622492 1.480188 -4.988999 -45.880881 21.724566 51.308422 1.450292 124.159124 -1.769283 31.504575 -14.270412 -17.668299 0.333043 -18.680806 8.982313 3.431354 0.609155 5.067698 -2.170198 6.846273 0.820991 -0.000000 0.000001 0.000000 1.686132 -2.599641 51.341979 2.602848 -3.918491 19.169551 5.807727 -5.954531 37.549668 -0.000002 0.000001 0.000000 0.899339 -1.069794 45.787006 1.248985 -5.163623 23.940529 2.314230 -6.652029 32.118510 -0.000001 -0.000002 -0.000002 4.473029 -4.692816 46.314126 -0.328523 -1.890161 8.679439 -0.032958 -5.959468 27.647489 -0.000002 -0.000001 -0.000003 5.279832 -5.233605 53.425436 -1.057808 -2.671963 11.241311 -1.845397 -8.177604 38.049567 0.000003 -0.000002 -0.000000 -35.296160 0.551776 9.095637 62.633238 -1.634324 8.701390 -25.832453 1.121577 -6.491020 -0.739945 -0.000007 -0.000003 0.000000 0.000000 0.000000 -13.685353 -11.280647 -8.257186 56.360412 0.158623 -8.500444 -7.018600 -0.800680 8.138023 -32.066352 -0.645758 5.043820 -0.000000 0.000001 -0.000000 
14.255630 91.402832 8.022849 -3.097768 -23.539624 -9.204275 4.542085 2.898746 -5.284326 7.791486 5.521557 -8.291654 7.889232 5.508800 -8.203394 -3.076574 -2.632894 -4.661125 -8.429632 -22.324651 13.901798 0.000001 0.000001 0.000000 1.919377 -9.193522 -6.545264 14.732663 26.115244 -59.538315 -181.306634 -126.855259 -181.643048 -30.004362 -6.279862 0.266070 4.677045 11.681549 -5.971785 2.279155 -1.596638 -4.160897 2.139913 13.892127 -3.731177 0.000002 0.000003 0.000000 12.056121 9.331408 -66.495136 16.293070 8.829335 -83.495873 9.928719 8.763691 -56.938178 0.000000 -0.000007 0.000004 9.843150 7.961162 -79.056557 8.414778 12.654027 -70.335020 4.358122 9.774259 -52.340890 0.000001 0.000001 -0.000001 7.951456 7.801504 -89.209538 2.345987 13.574135 -60.762476 0.146590 9.341953 -40.068103 -0.000001 0.000004 0.000001 8.098598 7.456253 -76.138461 2.859290 11.962253 -70.243837 -0.589104 11.256247 -47.896599 0.000001 0.000001 0.000000 0.585027 1.333736 -5.630783 -47.725356 23.965418 52.452212 1.588324 121.794936 -1.884370 32.922174 -15.040126 -17.208948 0.406792 -18.649195 9.462758 3.431358 0.609158 5.067698 -2.128855 6.616219 0.806115 -0.000001 -0.000003 -0.000000 1.811390 -2.717601 51.502205 2.510320 -3.822848 18.610597 5.767258 -5.931988 37.350685 -0.000001 0.000004 0.000003 1.028921 -1.225646 45.990464 1.200679 -5.064832 23.421871 2.305555 -6.640134 32.048713 -0.000002 0.000001 -0.000000 4.571089 -4.783937 46.642925 -0.321319 -1.819889 8.352861 -0.035537 -5.948782 27.596326 -0.000002 0.000002 0.000002 5.355120 -5.293593 53.500571 -1.048810 -2.643972 11.116739 -1.848999 -8.147529 37.922737 -0.000002 0.000000 0.000001 -33.913399 2.272250 10.531283 62.142161 0.494582 8.727249 -26.242973 1.405111 -7.238101 -0.742208 0.000003 0.000003 0.000000 0.000000 -0.000000 -13.725131 -10.370858 -8.687231 55.774085 3.391996 -8.942262 -7.386844 -0.778212 7.714192 -31.036007 -0.529818 4.593164 0.000000 -0.000000 0.000001 
14.596759 91.748512 8.224602 -4.134956 -27.836974 -10.260582 4.364228 2.789512 -5.344970 7.440800 5.313055 -8.295893 7.537395 5.301910 -8.212208 -3.379510 -2.336000 -4.480838 -8.792309 -20.707636 14.178803 -0.000000 0.000001 0.000001 2.012461 -9.991030 -6.856812 16.631594 26.991492 -58.572431 -181.138434 -130.661860 -181.513042 -31.871298 -7.355123 1.843998 4.686883 11.679888 -6.036868 2.280743 -1.582582 -4.162442 2.204727 14.153824 -3.765355 0.000000 -0.000001 -0.000000 12.065510 9.345983 -66.376243 16.260638 8.837086 -83.357254 9.853095 8.746095 -56.615144 -0.000000 -0.000001 0.000000 9.925388 7.981792 -79.390861 8.408526 12.651795 -70.305002 4.343201 9.761293 -52.252033 0.000000 -0.000000 -0.000001 7.854072 7.760251 -88.743951 2.340068 13.567379 -60.723086 0.126048 9.288727 -39.818767 -0.000000 -0.000003 0.000000 8.033339 7.429589 -75.840160 2.795029 11.898720 -69.871572 -0.612716 11.195349 -47.633630 0.000001 -0.000001 -0.000001 0.530637 1.089967 -5.932549 -49.315178 26.373012 53.384601 1.724951 119.727520 -2.001151 33.701933 -15.470039 -17.241771 0.407382 -18.593124 9.711179 3.431353 0.609164 5.067700 -2.076081 6.322867 0.787062 0.000001 -0.000003 -0.000001 1.925053 -2.825584 51.674585 2.452161 -3.761786 18.256455 5.733425 -5.912971 37.183881 -0.000002 0.000004 0.000006 1.121927 -1.344238 46.226396 1.169600 -5.000009 23.082952 2.293647 -6.623748 31.952667 0.000001 0.000002 0.000002 4.627524 -4.829059 47.027423 -0.316753 -1.777181 8.154249 -0.038584 -5.936102 27.535628 0.000002 0.000001 0.000001 5.409996 -5.336367 53.592635 -1.055947 -2.666152 11.215440 -1.853412 -8.109809 37.763812 0.000003 0.000000 -0.000002 -32.292171 4.235042 11.977231 61.035971 2.468933 8.786460 -26.396647 1.683688 -8.000940 -0.732699 -0.000000 0.000006 -0.000000 0.000000 -0.000000 -13.796800 -9.589977 -9.312420 54.450063 5.155674 -8.985013 -6.776216 1.328878 7.493839 -30.248715 -0.522124 4.601214 -0.000001 0.000005 -0.000000 
14.868747 92.297798 8.475440 -5.177237 -32.058302 -11.394104 4.067700 2.687005 -5.382271 6.930222 5.111342 -8.247231 7.025673 5.098358 -8.171702 -3.700932 -2.045863 -4.253257 -8.976252 -18.987747 14.204211 0.000000 0.000002 0.000003 2.032878 -10.265841 -6.761776 17.841031 29.261654 -57.657062 -181.108422 -131.411064 -181.490625 -31.539512 -9.509681 3.226689 4.708665 11.687762 -6.129762 2.282268 -1.569236 -4.163852 2.242141 14.303906 -3.785023 0.000003 0.000001 -0.000001 12.191859 9.384899 -66.560658 16.281023 8.832223 -83.444366 9.762711 8.724499 -56.228631 -0.000002 -0.000003 0.000001 9.998944 7.999325 -79.557422 8.409192 12.652037 -70.308185 4.332030 9.751556 -52.185418 -0.000001 0.000001 -0.000001 7.745274 7.709759 -88.169566 2.359250 13.589171 -60.850579 0.106053 9.236186 -39.573092 -0.000000 -0.000001 -0.000000 7.934051 7.389291 -75.417897 2.705548 11.808847 -69.349288 -0.629894 11.150505 -47.440342 -0.000000 -0.000003 -0.000001 0.484950 0.853015 -5.786641 -50.462148 28.915363 53.874685 1.844595 118.108260 -2.105397 33.707817 -15.567830 -17.751242 0.384540 -18.554911 9.771954 3.431351 0.609158 5.067706 -2.020662 6.014977 0.766968 -0.000001 0.000003 -0.000001 2.030127 -2.926035 51.857241 2.426657 -3.734772 18.100486 5.706075 -5.897533 37.048964 0.000003 0.000002 0.000003 1.182208 -1.429996 46.491100 1.155497 -4.970325 22.927857 2.279184 -6.603694 31.835433 -0.000001 0.000003 0.000004 4.672245 -4.860338 47.457531 -0.315119 -1.762190 8.084470 -0.042972 -5.917721 27.447810 0.000000 0.000004 0.000003 5.443751 -5.361481 53.700829 -1.083216 -2.752177 11.597800 -1.858393 -8.066222 37.580179 0.000000 -0.000002 -0.000003 -30.457849 6.377909 13.310466 59.289464 4.289483 8.878939 -26.267914 1.941102 -8.751271 -0.698848 -0.000000 0.000004 0.000000 -0.000002 -0.000000 -13.960494 -9.175017 -9.846669 52.437937 5.422945 -9.049797 -5.120451 4.945319 7.667864 -29.736151 -0.597074 4.973561 0.000000 -0.000000 0.000000 
15.085936 93.063652 8.778232 -6.193112 -36.096734 -12.555579 3.662966 2.593840 -5.367013 6.271279 4.920612 -8.099818 6.364059 4.904224 -8.035397 -4.015544 -1.765645 -3.964195 -9.013190 -17.125729 13.797348 0.000000 0.000002 -0.000001 1.969078 -9.822136 -6.150421 17.480348 33.095873 -56.421727 -181.186532 -129.508774 -181.549447 -28.946444 -11.729827 4.331268 4.756761 11.713329 -6.297459 2.283177 -1.561159 -4.164736 2.246580 14.321688 -3.787353 0.000003 -0.000003 -0.000000 12.423933 9.441374 -67.039796 16.358873 8.813407 -83.777202 9.641934 8.694614 -55.711186 -0.000001 -0.000001 0.000000 10.017459 8.003168 -79.405320 8.422783 12.656895 -70.373447 4.320513 9.741496 -52.116672 0.000001 0.000000 -0.000001 7.622299 7.648300 -87.470572 2.400995 13.636220 -61.126826 0.088160 9.188640 -39.351165 0.000001 0.000002 0.000001 7.774316 7.322189 -74.728465 2.591089 11.691387 -68.674110 -0.639344 11.125700 -47.333484 0.000003 -0.000002 -0.000001 0.477867 0.743279 -5.176351 -50.992130 31.507570 53.665537 1.930121 117.047026 -2.180875 33.025187 -15.452550 -18.473881 0.370382 -18.562554 9.670295 3.431357 0.609156 5.067697 -1.971113 5.740123 0.748926 0.000003 0.000001 -0.000000 2.128762 -3.020764 52.048511 2.433726 -3.742250 18.143658 5.687256 -5.886878 36.956060 -0.000004 -0.000000 -0.000004 1.218333 -1.492154 46.779638 1.157212 -4.973915 22.946676 2.264238 -6.582959 31.714218 0.000001 0.000004 0.000002 4.722767 -4.896008 47.925474 -0.316711 -1.776646 8.151846 -0.049235 -5.891309 27.321394 -0.000002 0.000001 -0.000000 5.453236 -5.366645 53.824551 -1.128998 -2.901488 12.259398 -1.863515 -8.019991 37.385597 -0.000002 -0.000002 -0.000000 -28.384449 8.613956 14.436761 56.840182 5.942120 8.925266 -25.819831 2.134093 -9.419341 -0.633547 -0.000016 0.000001 -0.000000 0.000000 0.000000 -14.179672 -9.173782 -10.255205 50.007329 5.773021 -9.108000 -2.356079 8.031857 7.986812 -29.474005 -0.767863 5.705348 -0.000000 0.000001 0.000000 
15.261288 94.028275 9.114997 -7.117759 -39.821956 -13.674859 3.175251 2.507126 -5.271339 5.493750 4.740304 -7.822007 5.580920 4.721137 -7.770537 -4.291916 -1.497099 -3.613590 -8.941305 -15.125041 12.910879 -0.000000 0.000001 0.000000 1.817514 -8.649701 -5.071738 14.804502 37.676314 -54.080622 -181.363898 -125.694960 -181.688824 -24.762067 -12.980865 5.017271 4.851958 11.767347 -6.610832 2.283251 -1.560425 -4.164800 2.215898 14.198701 -3.771248 -0.000000 0.000003 0.000003 12.666661 9.493101 -67.582161 16.465137 8.786942 -84.232270 9.475901 8.651663 -54.997892 -0.000002 -0.000003 -0.000000 9.908616 7.976000 -78.699659 8.436417 12.661736 -70.438969 4.301096 9.724479 -52.000559 0.000002 0.000000 -0.000000 7.474242 7.572369 -86.626060 2.451446 13.692490 -61.458821 0.072701 9.147071 -39.157454 -0.000002 0.000001 -0.000001 7.513578 7.205020 -73.529466 2.454544 11.547502 -67.857854 -0.641991 11.118657 -47.303213 0.000000 -0.000000 -0.000000 0.517830 0.814241 -4.187587 -50.824558 34.010763 52.595090 1.969094 116.587641 -2.215523 31.875810 -15.302491 -19.006332 0.370293 -18.622180 9.408008 3.431354 0.609158 5.067701 -1.933720 5.532785 0.735273 0.000001 -0.000004 -0.000003 2.221056 -3.109753 52.247402 2.472781 -3.783501 18.382204 5.679800 -5.882618 36.919235 -0.000002 -0.000000 -0.000002 1.241641 -1.542359 47.086631 1.172402 -5.005911 23.113707 2.251925 -6.565813 31.614036 0.000002 -0.000003 -0.000002 4.781081 -4.937967 48.426823 -0.321469 -1.821205 8.359005 -0.057320 -5.856799 27.156465 -0.000000 -0.000001 -0.000004 5.435439 -5.349704 53.963211 -1.186436 -3.097939 13.126523 -1.868303 -7.975313 37.197565 0.000001 -0.000001 -0.000002 -26.097753 10.817479 15.276015 53.702489 7.413284 8.857277 -25.030683 2.228241 -9.936763 -0.540171 -0.000014 0.000004 0.000000 0.000000 0.000000 -14.393169 -9.585400 -10.449570 47.183169 6.209295 -9.145041 1.484776 10.108261 8.467025 -29.392312 -1.055397 6.766796 0.000000 0.000003 -0.000000 
15.405566 95.145386 9.455526 -7.837017 -43.081804 -14.625645 2.639706 2.420342 -5.099425 4.641579 4.560346 -7.415816 4.720047 4.540154 -7.377779 -4.502774 -1.242793 -3.223314 -8.790789 -13.054827 11.642787 0.000000 -0.000000 0.000000 1.582352 -6.938726 -3.715656 9.431026 41.519040 -49.770287 -181.649564 -120.752444 -181.926460 -19.960485 -12.600271 5.024389 5.014975 11.858938 -7.141165 2.282500 -1.566890 -4.164109 2.151960 13.940890 -3.737534 0.000001 0.000001 -0.000000 12.738515 9.509287 -67.725724 16.529386 8.770502 -84.507936 9.256512 8.591532 -54.051949 0.000002 -0.000004 -0.000000 9.595443 7.893126 -77.198152 8.418932 12.655511 -70.354937 4.263427 9.691211 -51.774726 0.000001 -0.000000 0.000001 7.286466 7.478150 -85.633422 2.485334 13.729905 -61.680467 0.058386 9.108116 -38.976164 -0.000001 0.000001 -0.000000 7.107123 7.004349 -71.523467 2.302651 11.382401 -66.934823 -0.641409 11.120195 -47.309848 0.000001 0.000003 0.000000 0.581019 1.000445 -3.001556 -50.074832 36.272857 50.739969 1.961794 116.672335 -2.209018 30.519027 -15.283057 -18.983350 0.365336 -18.717891 8.975777 3.431354 0.609163 5.067699 -1.911062 5.407182 0.726982 0.000001 -0.000001 -0.000000 2.303069 -3.189961 52.453886 2.540548 -3.854302 18.793723 5.685702 -5.885979 36.948427 0.000002 -0.000001 -0.000001 1.263899 -1.592363 47.406933 1.197901 -5.059058 23.391615 2.245437 -6.556687 31.561194 -0.000001 -0.000003 -0.000002 4.837219 -4.976497 48.959807 -0.328773 -1.892617 8.690840 -0.066435 -5.817335 26.968013 -0.000006 0.000001 0.000000 5.390197 -5.310889 54.115831 -1.245837 -3.313741 14.074612 -1.872360 -7.936366 37.033764 0.000001 -0.000002 -0.000004 -23.670591 12.908786 15.644258 49.901932 8.727635 8.864257 -23.876412 2.248330 -10.336762 -0.437096 -0.000000 0.000004 0.000000 0.000000 -0.000000 -14.508532 -10.343994 -10.373358 44.002729 6.742992 -9.142065 6.162389 10.798684 9.224025 -30.378458 -1.416402 7.062802 0.000000 0.000004 0.000000 
15.512569 96.331894 9.748268 -8.200887 -45.706963 -15.267018 2.092012 2.318660 -4.859689 3.766387 4.358721 -6.922847 3.834309 4.338980 -6.897522 -4.636357 -1.006228 -2.840329 -8.567329 -11.043858 10.195668 0.000000 0.000000 -0.000001 1.295494 -5.080391 -2.364333 1.386847 42.999009 -42.984105 -182.081929 -115.273103 -182.306833 -15.261866 -10.501631 4.250315 5.258507 11.991203 -7.930119 2.281184 -1.578481 -4.162871 2.060574 13.568877 -3.689095 0.000002 -0.000000 -0.000002 12.405559 9.451009 -66.850190 16.446978 8.791517 -84.154488 8.985835 8.511993 -52.879072 0.000001 0.000004 0.000004 9.027118 7.721255 -74.755492 8.327697 12.622524 -69.916323 4.196171 9.631219 -51.369692 -0.000001 0.000001 0.000002 7.045087 7.362246 -84.517348 2.469485 13.712448 -61.576963 0.042615 9.064834 -38.774953 -0.000002 0.000001 0.000000 6.522718 6.678644 -68.437403 2.144781 11.204880 -65.958105 -0.643262 11.115331 -47.288900 0.000002 0.000002 0.000001 0.624079 1.122262 -1.871356 -49.107090 38.208259 48.510995 1.924592 117.113470 -2.175976 29.197307 -15.470146 -18.263781 0.323219 -18.817704 8.371455 3.431351 0.609158 5.067700 -1.901975 5.356862 0.723665 0.000003 -0.000001 0.000001 2.366120 -3.254669 52.668863 2.629414 -3.945599 19.328969 5.704801 -5.896809 37.042681 0.000001 -0.000000 -0.000003 1.294961 -1.651574 47.736117 1.230079 -5.125214 23.738649 2.247350 -6.559373 31.576668 0.000001 0.000001 -0.000000 4.876664 -4.998303 49.523677 -0.337339 -1.982321 9.107436 -0.075188 -5.778865 26.784551 -0.000000 -0.000001 -0.000004 5.321871 -5.254135 54.280565 -1.298216 -3.516731 14.962658 -1.875392 -7.906531 36.908297 -0.000001 0.000002 -0.000001 -21.256874 14.722162 15.566771 45.625496 9.783431 8.953920 -22.395290 2.209006 -10.583680 -0.356499 -0.000012 0.000001 -0.000000 -0.000000 0.000000 -14.678158 -11.265154 -10.039073 41.077113 7.046468 -9.148707 10.395161 9.912082 10.701345 -29.880787 -1.403421 6.312495 0.000000 0.000001 -0.000000 
15.575062 97.527397 9.947595 -8.084611 -47.544404 -15.456394 1.565240 2.187399 -4.602292 2.921494 4.103585 -6.413756 2.979239 4.084487 -6.399445 -4.704315 -0.789558 -2.531281 -8.241416 -9.247354 8.811578 0.000000 0.000001 0.000000 1.040186 -3.619180 -1.326428 -8.243812 41.239084 -34.295637 -182.756505 -109.648278 -182.929200 -10.936691 -7.234832 2.954483 5.580792 12.158780 -8.965488 2.279762 -1.591289 -4.161473 1.950616 13.115444 -3.630333 0.000003 -0.000001 -0.000000 11.455124 9.243879 -64.333210 16.101712 8.873797 -82.679324 8.675723 8.413418 -51.526438 -0.000002 -0.000001 -0.000001 8.207516 7.422574 -71.413842 8.121636 12.545133 -68.921021 4.090050 9.534760 -50.725319 -0.000002 -0.000001 0.000001 6.740870 7.221977 -83.322741 2.371522 13.603065 -60.931954 0.022599 9.009077 -38.516301 -0.000004 0.000001 0.000000 5.759580 6.184960 -64.120764 1.990678 11.025431 -64.986012 -0.654228 11.086229 -47.163740 0.000003 0.000000 -0.000001 0.605584 0.941054 -1.089140 -48.478593 39.867503 46.619572 1.885888 117.586802 -2.141741 28.102101 -15.798012 -17.063269 0.212204 -18.883009 7.614001 3.431350 0.609162 5.067700 -1.902631 5.360521 0.723905 -0.000000 -0.000001 -0.000000 2.399000 -3.295385 52.893880 2.727366 -4.044304 19.913323 5.734401 -5.913549 37.188843 0.000001 -0.000000 -0.000001 1.341279 -1.725685 48.070970 1.265494 -5.196877 24.115726 2.258919 -6.575522 31.670839 0.000001 -0.000001 0.000001 4.887532 -4.993572 50.117264 -0.345657 -2.076755 9.545759 -0.081910 -5.748900 26.641674 -0.000000 -0.000000 0.000002 5.238657 -5.186221 54.455193 -1.337768 -3.679338 15.671584 -1.877266 -7.887742 36.829323 -0.000000 -0.000001 0.000002 -18.965765 16.177061 15.146843 41.049782 10.345525 9.073240 -20.644470 2.161103 -10.574764 -1.763592 -0.000011 0.000004 -0.000000 -0.000002 -0.000000 -14.822668 -12.231985 -9.455293 38.500779 7.145129 -9.175470 13.845336 7.585274 12.802012 -27.174551 -1.177374 5.670174 -0.000001 0.000002 0.000000 
15.591323 98.658279 10.026121 -7.466198 -48.488408 -15.137239 1.089407 2.010070 -4.393030 2.157534 3.759607 -5.965916 2.207472 3.740414 -5.960178 -4.742285 -0.590629 -2.368328 -7.752126 -7.798654 7.707707 -0.000000 0.000001 -0.000000 0.935985 -3.108656 -0.851051 -17.970264 36.332546 -24.806665 -183.873036 -104.273800 -183.996608 -7.114797 -3.930778 1.703016 5.962919 12.348308 -10.173299 2.278783 -1.599921 -4.160518 1.832302 12.620057 -3.566542 0.000002 0.000003 0.000001 9.796376 8.737129 -59.763657 15.400471 9.012648 -79.707037 8.343657 8.298856 -50.066779 0.000004 -0.000002 0.000001 7.207305 6.971806 -67.438044 7.776444 12.406338 -67.238889 3.941133 9.395620 -49.809861 0.000002 -0.000000 0.000001 6.372900 7.055676 -82.099420 2.171161 13.371129 -59.586222 -0.003703 8.934673 -38.171800 0.000001 0.000001 0.000000 4.861865 5.493345 -58.631710 1.847566 10.852926 -64.065460 -0.680233 11.016370 -46.863789 0.000001 0.000000 -0.000000 0.495693 0.238775 -0.944891 -48.805421 41.419961 45.910681 1.880587 117.652754 -2.137065 27.311433 -16.053952 -15.972607 0.013422 -18.879340 6.746021 3.431354 0.609160 5.067699 -1.908176 5.391209 0.725928 0.000002 -0.000001 -0.000002 2.394054 -3.306784 53.129497 2.819726 -4.135500 20.458875 5.770236 -5.933649 37.365270 -0.000002 0.000000 -0.000001 1.405529 -1.816556 48.409181 1.301246 -5.267940 24.491021 2.279736 -6.604492 31.840112 -0.000001 0.000000 -0.000000 4.864735 -4.959640 50.738077 -0.352359 -2.159612 9.930102 -0.085221 -5.734028 26.570898 -0.000002 -0.000000 0.000002 5.150179 -5.115102 54.637036 -1.362518 -3.785698 16.134133 -1.878010 -7.880222 36.797678 0.000001 -0.000002 -0.000000 -17.611846 17.022805 14.671386 37.391857 10.297373 9.317518 -17.917908 2.027287 -10.473345 -3.248653 0.000002 0.000001 0.000000 -0.000001 0.000000 -14.774760 -13.068144 -8.937309 36.107993 7.273908 -8.698580 16.688953 4.195323 14.888317 -24.203812 -0.971726 5.088855 -0.000000 0.000000 -0.000000 
15.564824 99.656982 9.977355 -6.473578 -48.523037 -14.411172 0.692884 1.771253 -4.270777 1.517951 3.297782 -5.638233 1.562857 3.277755 -5.638116 -4.803296 -0.400411 -2.409543 -7.028933 -6.761175 7.023601 -0.000000 -0.000000 -0.000001 1.062767 -3.886800 -1.032867 -26.854820 28.713931 -15.243111 -185.730165 -99.770684 -185.813001 -4.128370 -1.962846 1.154878 6.371465 12.542554 -11.431992 2.278937 -1.598672 -4.160678 1.715024 12.121176 -3.502666 -0.000001 0.000002 -0.000003 7.556166 7.715383 -53.150445 14.312696 9.155320 -75.143296 8.007306 8.173103 -48.575158 -0.000001 0.000000 0.000000 6.147519 6.381300 -63.272557 7.297107 12.193788 -64.868485 3.753444 9.213623 -48.635970 0.000003 0.000001 0.000000 5.950781 6.863967 -80.887390 1.870113 13.000149 -57.489907 -0.036472 8.839841 -37.733855 0.000003 -0.000001 -0.000000 3.916208 4.608435 -52.280385 1.718374 10.692154 -63.218817 -0.724581 10.894557 -46.342396 0.000001 -0.000001 -0.000002 0.266734 -1.102964 -1.666619 -50.654889 43.026200 47.156456 1.950265 116.807819 -2.198765 26.723219 -15.940714 -15.818691 -0.272351 -18.786029 5.826058 3.431356 0.609167 5.067697 -1.914390 5.425702 0.728214 -0.000000 -0.000001 -0.000001 2.355650 -3.292837 53.373765 2.892090 -4.205755 20.882931 5.807517 -5.954407 37.548603 -0.000003 0.000000 0.000001 1.488445 -1.924078 48.749058 1.335026 -5.334114 24.841663 2.307753 -6.643156 32.066423 0.000002 0.000000 0.000001 4.810204 -4.900366 51.382325 -0.356556 -2.215552 10.189467 -0.084415 -5.737659 26.588104 0.000001 -0.000002 -0.000001 5.064183 -5.046826 54.823917 -1.373569 -3.834557 16.346326 -1.877781 -7.882522 36.807353 -0.000003 0.000004 0.000001 -16.729094 17.513256 14.293130 34.206772 9.391158 9.479268 -15.122338 1.880692 -10.281220 -3.806266 -0.000003 0.000003 -0.000000 -0.000001 0.000000 -14.517919 -13.699930 -8.489757 33.806213 6.190935 -7.828917 18.776813 1.350684 16.300228 -21.216359 -0.817842 4.744001 -0.000002 0.000002 -0.000000 
15.514786 100.477417 9.823446 -5.352032 -47.762782 -13.503303 0.401824 1.463132 -4.238650 1.032658 2.706420 -5.452401 1.073668 2.685924 -5.454779 -4.946689 -0.203451 -2.678929 -6.025193 -6.099426 6.780455 -0.000000 -0.000001 -0.000002 1.387726 -5.882013 -1.756778 -34.279948 18.754823 -6.207449 -188.097850 -96.960696 -188.155387 -2.374262 -2.344594 1.635767 6.766202 12.724768 -12.604623 2.280616 -1.583778 -4.162261 1.605603 11.648349 -3.442433 -0.000000 0.000004 -0.000003 5.101882 6.021659 -45.029286 12.904134 9.212413 -69.276560 7.679387 8.040761 -47.106725 -0.000002 0.000001 -0.000002 5.159129 5.713731 -59.429196 6.721356 11.906266 -61.959836 3.539275 8.996435 -47.267160 0.000001 0.000000 0.000001 5.494672 6.650405 -79.708724 1.494967 12.494390 -54.729978 -0.073988 8.728218 -37.220030 -0.000004 -0.000001 -0.000002 3.029059 3.587830 -45.605856 1.601795 10.542679 -62.440982 -0.786677 10.717690 -45.588825 -0.000000 -0.000001 -0.000003 -0.119939 -3.044460 -3.339314 -54.500832 44.675735 50.889356 2.156446 114.567114 -2.383909 26.084496 -15.197039 -17.371772 -0.623981 -18.603362 4.916973 3.431351 0.609166 5.067703 -1.918774 5.449935 0.729813 -0.000001 0.000002 0.000001 2.306138 -3.271183 53.620940 2.934161 -4.246162 21.128202 5.842658 -5.973838 37.721075 -0.000003 -0.000003 -0.000003 1.591092 -2.048574 49.088713 1.365430 -5.392803 25.153592 2.339341 -6.686344 32.320097 0.000001 -0.000002 0.000001 4.729618 -4.822786 52.045379 -0.357911 -2.234326 10.276517 -0.079858 -5.758047 26.685377 -0.000002 0.000002 -0.000002 4.983366 -4.983576 55.014401 -1.374216 -3.837466 16.358853 -1.876853 -7.891875 36.846722 -0.000001 0.000000 0.000001 -16.272652 17.747318 14.067782 31.696408 7.641383 9.542882 -12.585038 1.760421 -9.887530 -4.635327 -0.000001 0.000010 0.000000 -0.000001 -0.000000 -14.046223 -14.179894 -7.806198 31.445641 1.789941 -7.285165 20.102152 1.506051 16.266469 -18.399688 -0.722906 4.741772 -0.000003 -0.000000 0.000000 
15.470380 101.104523 9.617134 -4.363300 -46.466696 -12.626744 0.234394 1.095775 -4.301170 0.711372 2.001539 -5.387006 0.746666 1.982098 -5.389372 -5.226874 0.018167 -3.151520 -4.747282 -5.682778 6.859480 -0.000000 0.000002 0.000002 1.786617 -8.585011 -2.734972 -39.692285 6.964406 1.582788 -188.670507 -96.508456 -188.723973 -1.907872 -5.189077 2.650627 7.109649 12.882010 -13.576288 2.283697 -1.556466 -4.165234 1.507344 11.217354 -3.387801 0.000002 -0.000000 -0.000000 2.913106 3.735051 -36.385196 11.342157 9.108909 -62.761536 7.365171 7.904670 -45.685503 0.000003 0.000001 0.000001 4.339347 5.065798 -56.346872 6.111232 11.560096 -58.790389 3.317066 8.759480 -45.810318 0.000001 -0.000001 0.000000 5.032113 6.421693 -78.567857 1.090325 11.883018 -51.521620 -0.113083 8.608143 -36.669192 -0.000003 0.000000 0.000002 2.292021 2.542640 -39.289372 1.493424 10.399795 -61.705507 -0.862277 10.491353 -44.630211 0.000001 0.000000 -0.000002 -0.700810 -5.373572 -5.844515 -60.629875 46.107113 57.245543 2.437900 112.023982 -2.641701 25.155477 -13.710438 -20.984139 -1.004128 -18.355256 4.076063 3.431355 0.609164 5.067701 -1.920603 5.460095 0.730480 -0.000000 -0.000003 0.000002 2.285945 -3.272383 53.861373 2.942915 -4.254470 21.179001 5.874102 -5.991129 37.875270 0.000005 0.000001 -0.000001 1.717173 -2.192484 49.425609 1.391691 -5.442886 25.420426 2.370007 -6.727930 32.565232 -0.000000 0.000003 -0.000001 4.628700 -4.733302 52.722664 -0.356461 -2.214206 10.183269 -0.072987 -5.788530 26.830619 -0.000001 0.000000 -0.000001 4.904768 -4.922972 55.208190 -1.368761 -3.813270 16.253847 -1.875574 -7.904747 36.900722 0.000000 0.000002 0.000002 -16.042402 17.832666 13.942107 29.837135 5.236852 9.536309 -10.487154 1.692558 -9.430136 -5.488494 0.000005 -0.000001 0.000000 0.000002 0.000000 -13.381650 -14.477740 -7.077979 29.536033 -2.062353 -7.079701 20.763206 1.535726 15.898167 -16.131624 -0.679063 5.071322 -0.000001 0.000000 0.000000 
15.460011 101.528786 9.414932 -3.685947 -44.990582 -11.947254 0.189153 0.694617 -4.416551 0.540183 1.232699 -5.386726 0.565572 1.216238 -5.387856 -5.683674 0.277553 -3.749874 -3.262927 -5.324525 7.018360 0.000001 0.000001 -0.000001 2.137465 -11.238103 -3.627753 -42.801350 -5.687710 7.585759 -186.610385 -98.495720 -186.681679 -2.486206 -9.518023 3.013440 7.374999 13.005717 -14.281460 2.287244 -1.525218 -4.168598 1.420067 10.829466 -3.338809 -0.000001 0.000001 0.000001 1.339458 1.228053 -28.412836 9.853046 8.843079 -56.469197 7.063654 7.765256 -44.307219 0.000003 -0.000000 -0.000001 3.729180 4.528614 -54.275528 5.534981 11.190120 -55.698219 3.106997 8.523803 -44.395454 -0.000001 -0.000001 -0.000001 4.592235 6.186644 -77.456367 0.704780 11.218566 -48.166252 -0.150149 8.490449 -36.131298 -0.000002 -0.000001 -0.000000 1.754648 1.614253 -34.026831 1.387966 10.256916 -60.977579 -0.944757 10.228284 -43.523581 0.000000 0.000001 0.000000 -1.462488 -7.757574 -8.846216 -68.910298 46.897438 65.788321 2.984702 108.292280 -3.154138 23.879552 -11.566452 -26.343741 -1.366731 -18.085340 3.350094 3.431354 0.609167 5.067701 -1.920367 5.458825 0.730396 0.000004 -0.000004 -0.000003 2.344990 -3.333051 54.083576 2.924060 -4.236459 21.069361 5.902526 -6.006657 38.014548 0.000002 -0.000001 0.000002 1.872713 -2.360382 49.756641 1.413766 -5.484492 25.642899 2.395469 -6.762150 32.767498 -0.000000 0.000001 -0.000000 4.510577 -4.635764 53.410023 -0.352679 -2.163738 9.949268 -0.066050 -5.818951 26.975817 0.000003 0.000000 -0.000001 4.821011 -4.859404 55.405637 -1.361648 -3.781927 16.117684 -1.874304 -7.917330 36.953635 0.000001 0.000000 0.000002 -16.144252 17.689746 14.025898 29.099113 2.649495 9.638166 -9.222111 1.784134 -10.459486 -6.256980 0.000008 0.000000 0.000000 0.000000 -0.000000 -12.608364 -14.640248 -6.433570 28.073353 -4.923509 -7.145589 20.939847 1.486870 15.395757 -14.594099 -0.664794 5.558490 0.000003 0.000000 0.000001 
15.508533 101.767563 9.269073 -3.382971 -43.705318 -11.549373 0.240307 0.300514 -4.518249 0.484465 0.479739 -5.383327 0.495827 0.467705 -5.383534 -6.333560 0.575672 -4.356808 -1.683948 -4.842452 6.961003 -0.000001 -0.000002 -0.000000 2.376105 -13.142334 -4.173569 -43.846635 -17.917664 11.579364 -184.548583 -102.229347 -184.653672 -3.911260 -13.624607 1.753424 7.549044 13.090726 -14.708937 2.289491 -1.505462 -4.170757 1.341630 10.476554 -3.294388 0.000003 0.000000 -0.000003 0.435694 -0.987638 -22.240373 8.644645 8.500537 -51.249389 6.770989 7.621347 -42.954670 0.000003 -0.000001 -0.000001 3.317631 4.150568 -53.224864 5.047835 10.841193 -52.994321 2.926573 8.311486 -43.147579 -0.000001 -0.000000 0.000001 4.198809 5.954080 -76.359650 0.376467 10.567691 -44.989049 -0.182056 8.385871 -35.654749 0.000000 -0.000001 0.000000 1.420959 0.935101 -30.396135 1.281145 10.108135 -60.227071 -1.027179 9.945244 -42.341480 0.000002 0.000000 0.000000 -2.301780 -9.854307 -11.858044 -78.602193 46.715864 75.471828 4.108542 103.512917 -4.234449 22.389428 -9.042474 -32.536159 -1.666189 -17.846839 2.773436 3.431353 0.609166 5.067693 -1.918782 5.450016 0.729815 0.000003 -0.000004 -0.000007 2.527704 -3.484630 54.277714 2.891710 -4.205401 20.880745 5.930275 -6.021699 38.150059 -0.000000 0.000002 -0.000000 2.063080 -2.555988 50.078851 1.432361 -5.519268 25.829120 2.412420 -6.784788 32.901670 -0.000001 0.000001 -0.000001 4.376201 -4.531883 54.103677 -0.347704 -2.101301 9.659703 -0.061441 -5.838987 27.071492 0.000003 0.000001 0.000002 4.724145 -4.786943 55.607278 -1.356524 -3.759611 16.020753 -1.873370 -7.926403 36.991857 -0.000002 -0.000001 0.000001 -16.106406 17.537001 14.051602 28.744984 0.272678 9.783290 -8.636221 1.889389 -11.318019 -6.851470 0.000001 0.000003 -0.000000 -0.000001 -0.000001 -11.787485 -14.757705 -5.959778 26.980972 -6.595457 -7.367594 20.784952 1.403489 14.924800 -14.160092 -0.660245 5.589120 0.000001 -0.000001 0.000000 
15.626462 101.859131 9.212134 -3.424574 -42.905988 -11.448073 0.342645 -0.037638 -4.541661 0.497561 -0.161487 -5.320918 0.493699 -0.168742 -5.321305 -7.160589 0.898037 -4.844881 -0.134245 -4.116783 6.449133 0.000003 -0.000000 0.000001 2.478568 -13.896763 -4.271840 -43.691737 -28.591664 13.381499 -183.341812 -106.420522 -183.484931 -5.888110 -15.927322 -1.049663 7.629806 13.133850 -14.884686 2.288404 -1.514910 -4.169725 1.269728 10.149294 -3.253367 -0.000000 0.000005 0.000000 0.015267 -2.497265 -18.698932 7.842408 8.205598 -47.701003 6.485091 7.472362 -41.618310 -0.000001 -0.000002 -0.000001 3.060429 3.925110 -52.991125 4.679525 10.553060 -50.885705 2.787050 8.140603 -42.160162 0.000001 -0.000000 0.000000 3.865009 5.730533 -75.262578 0.125189 9.996558 -42.275125 -0.206809 8.302460 -35.275588 -0.000002 -0.000000 0.000001 1.268370 0.594004 -28.752965 1.170806 9.949898 -59.437030 -1.103817 9.659683 -41.157091 0.000002 0.000001 -0.000002 -3.051980 -11.426362 -14.386525 -88.539489 45.567392 84.990694 6.980798 98.064660 -7.057458 20.874103 -6.541916 -38.414401 -1.867098 -17.687984 2.365851 3.431351 0.609162 5.067700 -1.915943 5.434236 0.728773 0.000004 0.000001 -0.000001 2.856611 -3.741703 54.439517 2.865544 -4.180116 20.727703 5.959830 -6.037649 38.294528 0.000002 -0.000001 -0.000002 2.288666 -2.778566 50.390615 1.448982 -5.550123 25.994573 2.419503 -6.794222 32.957640 0.000001 0.000001 0.000001 4.226892 -4.423467 54.799854 -0.343578 -2.052376 9.432723 -0.060935 -5.841279 27.082299 -0.000002 -0.000001 -0.000003 4.609746 -4.702445 55.813038 -1.356005 -3.757306 16.010657 -1.873018 -7.929902 37.006590 0.000001 0.000001 0.000002 -15.841131 17.427105 14.076691 28.611601 -1.569106 9.834935 -8.679358 2.002659 -11.859992 -7.232420 0.000003 0.000009 -0.000000 0.000001 0.000000 -10.964896 -14.920045 -5.682017 26.123534 -7.174851 -7.625325 20.427436 1.315987 14.582853 -14.052458 -0.665624 5.604066 0.000002 0.000001 0.000000 
15.801011 101.853165 9.247907 -3.723967 -42.747176 -11.584739 0.444460 -0.273586 -4.468939 0.531002 -0.603259 -5.175990 0.515094 -0.606495 -5.177397 -8.109205 1.217822 -5.115318 1.278630 -3.122403 5.410669 -0.000001 -0.000001 -0.000000 2.434695 -13.458933 -3.988927 -43.655369 -36.996324 12.601417 -182.746670 -109.713226 -182.919952 -7.740037 -15.790846 -4.284229 7.620817 13.133750 -14.842015 2.282723 -1.565146 -4.164288 1.203650 9.845409 -3.215345 0.000003 0.000001 0.000001 -0.152643 -3.115792 -18.151004 7.472504 8.050245 -46.036756 6.208991 7.320261 -40.312210 -0.000002 -0.000003 0.000001 2.900267 3.805821 -53.246673 4.432208 10.346741 -49.434303 2.692461 8.021177 -41.478513 -0.000003 0.000001 0.000000 3.591537 5.518932 -74.153861 -0.046698 9.555761 -40.220802 -0.223752 8.244208 -35.011304 -0.000005 -0.000001 -0.000001 1.272372 0.618694 -29.177544 1.057068 9.781645 -58.605817 -1.171003 9.387122 -40.033552 0.000000 -0.000000 -0.000000 -3.568390 -12.389156 -16.095459 -97.581485 43.804083 93.322493 22.162331 92.613772 -22.188956 19.523792 -4.450150 -43.027275 -1.952790 -17.637295 2.128889 3.431356 0.609160 5.067701 -1.911182 5.407947 0.727037 -0.000001 -0.000001 -0.000001 3.321243 -4.094589 54.572255 2.866467 -4.181019 20.733137 5.992925 -6.055412 38.455884 0.000004 0.000001 -0.000001 2.540591 -3.019312 50.692418 1.465809 -5.581125 26.161115 2.417542 -6.791607 32.942153 -0.000001 0.000001 0.000004 4.067792 -4.314958 55.494064 -0.342902 -2.044538 9.396259 -0.065015 -5.823520 26.997588 0.000004 -0.000001 0.000002 4.479861 -4.607733 56.021642 -1.361684 -3.782101 16.118461 -1.873283 -7.927251 36.995364 0.000001 0.000001 0.000001 -15.337147 17.440333 14.064492 28.517546 -2.668969 9.818775 -9.162391 2.111185 -12.101396 -7.404449 -0.000006 0.000007 -0.000000 0.000002 -0.000000 -10.204969 -15.176363 -5.598752 25.358329 -7.008767 -7.817258 19.983860 1.239144 14.381633 -13.996595 -0.668936 5.614775 0.000001 0.000001 -0.000000 
16.002043 101.794823 9.356494 -4.158433 -43.213309 -11.856367 0.501402 -0.378989 -4.318183 0.542115 -0.792748 -4.965038 0.520770 -0.793105 -4.967359 -9.084887 1.504617 -5.131112 2.475554 -1.926502 3.987251 0.000000 -0.000002 0.000002 2.254016 -12.063080 -3.498285 -44.973657 -42.748334 8.824415 -182.536450 -111.200145 -182.723461 -8.777109 -13.754122 -6.626174 7.526740 13.091726 -14.595911 2.273038 -1.650980 -4.155028 1.145285 9.574347 -3.181512 0.000000 -0.000002 -0.000001 -0.186704 -2.880980 -20.421007 7.482026 8.054396 -46.079851 5.951391 7.170796 -39.078880 -0.000001 0.000000 0.000001 2.785318 3.735826 -53.657597 4.286637 10.220190 -48.565353 2.640093 7.953735 -41.096596 -0.000002 -0.000000 -0.000000 3.369299 5.318818 -73.029790 -0.148094 9.270809 -38.909084 -0.233315 8.210762 -34.859807 -0.000000 -0.000001 0.000000 1.419994 0.977197 -31.480451 0.941736 9.605376 -57.744086 -1.226974 9.139713 -39.019249 0.000001 0.000001 0.000001 -3.796058 -12.777937 -16.900482 -104.863853 41.931262 99.948918 -20.984250 87.247245 21.002278 18.622058 -2.985463 -45.868613 -1.930496 -17.693721 2.042274 3.431354 0.609157 5.067699 -1.903678 5.366320 0.724274 0.000005 -0.000003 0.000000 3.877647 -4.509768 54.686063 2.911555 -4.224480 20.996539 6.029147 -6.074686 38.632216 0.000007 0.000001 0.000001 2.799248 -3.260725 50.987099 1.485293 -5.616802 26.353144 2.409241 -6.780548 32.876501 -0.000000 -0.000002 0.000000 3.909495 -4.214476 56.180898 -0.347682 -2.100812 9.657421 -0.072874 -5.789077 26.833240 -0.000001 0.000002 0.000002 4.343092 -4.509409 56.230598 -1.374875 -3.840434 16.371784 -1.874107 -7.919293 36.962033 -0.000004 0.000000 -0.000005 -14.673663 17.626838 13.958104 28.352137 -2.995840 9.805638 -9.854542 2.201328 -12.142124 -7.421338 0.000014 0.000006 0.000000 -0.000003 -0.000000 -9.594049 -15.531036 -5.682011 24.591350 -6.570645 -7.869315 19.546818 1.174612 14.257079 -13.895984 -0.665108 5.600262 -0.000002 0.000001 -0.000000 
16.192043 101.713806 9.501970 -4.578976 -44.128254 -12.133475 0.485860 -0.354468 -4.127822 0.498686 -0.730433 -4.737735 0.479273 -0.728968 -4.740084 -9.967598 1.733838 -4.927693 3.400211 -0.659188 2.488710 -0.000002 0.000001 -0.000000 1.979160 -10.097910 -3.002122 -48.057699 -45.614831 2.173697 -182.609192 -110.661974 -182.791230 -8.834723 -11.081918 -7.320212 7.352452 13.012935 -14.135041 2.262762 -1.742338 -4.145168 1.098731 9.356290 -3.154337 0.000001 0.000003 -0.000001 -0.077937 -1.985038 -24.876394 7.769479 8.175970 -47.374435 5.724823 7.033087 -37.981388 0.000001 0.000001 -0.000001 2.684620 3.675043 -53.987021 4.212305 10.154032 -48.117190 2.622518 7.930887 -40.967727 0.000000 -0.000000 0.000001 3.184866 5.128205 -71.898348 -0.192038 9.140225 -38.312041 -0.236836 8.198372 -34.803687 -0.000002 -0.000002 0.000000 1.706826 1.592247 -35.259062 0.827419 9.424615 -56.869675 -1.271526 8.926232 -38.147891 0.000002 -0.000002 -0.000000 -3.765728 -12.678475 -16.939346 -109.777368 40.422214 104.703200 -8.924025 83.667317 8.974764 18.558112 -2.125314 -46.927433 -1.831480 -17.825819 2.063855 3.431357 0.609163 5.067699 -1.893369 5.309232 0.720495 -0.000000 -0.000000 -0.000003 4.459163 -4.938069 54.794202 3.009233 -4.317323 21.563305 6.065615 -6.093959 38.809504 -0.000002 -0.000002 -0.000003 3.037248 -3.479492 51.279049 1.509609 -5.660865 26.590905 2.398287 -6.765926 32.789867 -0.000001 -0.000002 -0.000001 3.766863 -4.132321 56.854368 -0.357852 -2.233188 10.271188 -0.082720 -5.745261 26.624332 -0.000002 0.000000 -0.000002 4.211554 -4.416460 56.436784 -1.396869 -3.940387 16.805479 -1.875222 -7.908182 36.915263 -0.000000 0.000000 0.000001 -14.013964 17.957442 13.768394 28.118992 -2.709623 9.796083 -10.573284 2.268820 -12.080511 -7.352021 0.000013 0.000014 0.000000 -0.000003 -0.000000 -9.219138 -15.949637 -5.873094 23.816164 -6.325874 -7.749965 19.150085 1.114632 14.113445 -13.745765 -0.655482 5.564944 -0.000000 -0.000001 0.000000 
16.336069 101.626175 9.640068 -4.824995 -45.201372 -12.272831 0.390811 -0.229175 -3.950153 0.383889 -0.472120 -4.559324 0.371824 -0.469513 -4.560862 -10.637400 1.891899 -4.593898 4.005067 0.525294 1.270964 0.000001 0.000003 0.000002 1.679895 -8.007125 -2.668834 -52.127959 -45.534778 -6.269122 -182.946795 -108.472734 -183.108684 -8.234277 -9.078607 -6.380668 7.106259 12.907180 -13.435329 2.258183 -1.783248 -4.140773 1.068875 9.215621 -3.136837 0.000002 0.000004 0.000002 0.226768 -0.697508 -30.629174 8.214330 8.349327 -49.355736 5.541840 6.917448 -37.085748 -0.000001 -0.000001 0.000002 2.596769 3.615156 -54.151154 4.178295 10.123408 -47.911083 2.630067 7.940722 -41.023151 0.000000 -0.000001 -0.000000 3.026753 4.946283 -70.782309 -0.191844 9.140830 -38.314721 -0.236022 8.201267 -34.816773 -0.000000 -0.000001 0.000000 2.124547 2.362085 -39.984429 0.716961 9.243783 -56.003952 -1.305297 8.752344 -37.440539 0.000002 -0.000000 -0.000000 -3.542619 -12.171055 -16.450085 -111.936125 39.621405 107.573444 -6.908072 81.855548 6.975177 19.599023 -1.628108 -46.612954 -1.705112 -17.980555 2.135995 3.431356 0.609160 5.067701 -1.882028 5.246466 0.716330 0.000002 0.000000 0.000001 4.995245 -5.328369 54.908697 3.155911 -4.453284 22.404837 6.097315 -6.110620 38.963446 -0.000000 0.000000 0.000001 3.226175 -3.652376 51.572621 1.539684 -5.714825 26.882656 2.388416 -6.752671 32.711456 0.000000 0.000001 0.000003 3.654941 -4.077768 57.508472 -0.370759 -2.437689 11.218716 -0.092551 -5.700738 26.412309 -0.000001 -0.000001 -0.000000 4.095699 -4.336388 56.637322 -1.428789 -4.092372 17.463245 -1.876400 -7.896420 36.865840 0.000000 0.000000 0.000002 -13.529044 18.344698 13.543813 27.864486 -2.103411 9.766897 -11.214999 2.318128 -11.991415 -7.240816 0.000012 0.000011 -0.000000 -0.000001 -0.000000 -9.122405 -16.367070 -6.091733 23.089041 -6.627912 -7.476074 18.763833 1.048214 13.873966 -13.584603 -0.644372 5.524180 0.000001 0.000000 0.000000 
16.411663 101.539230 9.728098 -4.758668 -46.096800 -12.161454 0.231423 -0.051934 -3.832414 0.203491 -0.112308 -4.489471 0.200940 -0.109059 -4.489982 -11.004847 1.974467 -4.232291 4.242473 1.480045 0.597906 0.000000 0.000000 -0.000001 1.430075 -6.212477 -2.594204 -55.760503 -42.770771 -14.817119 -183.604050 -105.287332 -183.736870 -7.436560 -8.557128 -4.413263 6.804361 12.788990 -12.487290 2.267375 -1.701211 -4.149609 1.059580 9.171680 -3.131370 0.000002 0.000002 -0.000003 0.742153 0.712552 -36.766905 8.705290 8.520577 -51.514608 5.411455 6.832556 -36.442222 -0.000001 -0.000001 0.000001 2.547401 3.579755 -54.213790 4.162130 10.108768 -47.812899 2.653090 7.970570 -41.191747 0.000000 0.000001 0.000000 2.890114 4.776169 -69.720788 -0.159754 9.236554 -38.752233 -0.232639 8.213202 -34.870810 -0.000001 -0.000000 -0.000000 2.650108 3.182428 -45.095351 0.613283 9.068128 -55.171085 -1.329321 8.620809 -36.906866 -0.000001 -0.000000 0.000000 -3.251850 -11.290863 -15.991351 -111.058357 39.386928 108.424192 -7.137916 82.113026 7.202695 21.609834 -1.190460 -45.564711 -1.606839 -18.098458 2.197981 3.431354 0.609158 5.067703 -1.873604 5.199854 0.713254 -0.000001 0.000000 0.000001 5.431376 -5.642192 55.036657 3.335074 -4.614069 23.418195 6.118262 -6.121538 39.064953 -0.000002 0.000002 0.000000 3.345338 -3.763663 51.870308 1.574627 -5.776682 27.218324 2.382288 -6.744443 32.662849 0.000005 0.000001 -0.000000 3.583907 -4.055810 58.138345 -0.382163 -2.693922 12.404935 -0.100830 -5.662724 26.231348 0.000006 0.000001 0.000001 3.999542 -4.271786 56.830483 -1.470667 -4.306500 18.387733 -1.877389 -7.886461 36.823954 0.000000 0.000000 -0.000001 -13.362743 18.636345 13.525009 27.668717 -1.561500 9.398214 -11.786567 2.331333 -11.757718 -6.906270 -0.000008 0.000010 -0.000000 -0.000001 -0.000000 -9.269061 -16.707597 -6.240823 22.479172 -7.653252 -7.110194 18.332269 0.969110 13.521717 -13.459571 -0.636135 5.494302 -0.000001 0.000001 0.000000 
16.413801 101.441566 9.731711 -4.316146 -46.509507 -11.764470 0.045854 0.124997 -3.809900 -0.007396 0.244698 -4.564783 -0.001215 0.248294 -4.564697 -11.036033 1.980661 -3.920853 4.071477 2.083236 0.557190 -0.000001 -0.000002 -0.000003 1.281680 -5.038984 -2.788197 -57.901365 -37.929304 -22.081520 -184.753489 -101.718947 -184.853934 -6.923898 -9.571988 -2.278201 6.472811 12.676452 -11.322444 2.298466 -1.426491 -4.179226 1.071950 9.230151 -3.138659 0.000001 -0.000000 -0.000001 1.422541 2.041459 -42.536055 9.162942 8.661934 -53.504150 5.336709 6.782958 -36.071267 -0.000001 0.000001 0.000001 2.576020 3.611000 -54.330053 4.154279 10.101653 -47.765179 2.683721 8.009956 -41.414917 0.000000 0.000000 0.000000 2.777969 4.625897 -68.766235 -0.107187 9.388292 -39.448464 -0.228199 8.228615 -34.940727 -0.000000 0.000000 -0.000000 3.243231 3.965022 -50.082079 0.519423 8.903793 -54.398721 -1.344923 8.531487 -36.545036 0.000001 -0.000000 -0.000000 -2.862800 -10.098170 -15.407090 -107.503803 39.867999 107.602793 -9.896983 84.280102 9.942209 24.031187 -0.674676 -44.373249 -1.583372 -18.129960 2.201473 3.431356 0.609159 5.067708 -1.873509 5.199271 0.713226 0.000003 -0.000001 0.000001 5.743847 -5.863906 55.179145 3.520238 -4.774315 24.449581 6.122874 -6.123943 39.087332 -0.000001 0.000002 0.000000 3.389293 -3.810736 52.171328 1.611500 -5.841037 27.568822 2.381154 -6.742951 32.653891 -0.000001 0.000001 -0.000001 3.555824 -4.065398 58.740563 -0.388509 -2.969737 13.681017 -0.106737 -5.635055 26.099811 0.000002 0.000001 0.000001 3.918434 -4.218870 57.016298 -1.520511 -4.589149 19.603954 -1.877999 -7.880114 36.797272 -0.000002 -0.000000 -0.000003 -13.549045 18.773675 13.573921 27.527696 -1.305328 9.042665 -12.310409 2.327846 -11.522886 -6.238628 -0.000006 0.000009 -0.000000 -0.000000 -0.000000 -9.599429 -16.896986 -6.247203 22.105433 -9.387949 -6.733457 17.795843 0.879583 13.112839 -13.451494 -0.636125 5.496834 -0.000000 -0.000002 0.000000 
16.353754 101.313950 9.628945 -3.543447 -46.225525 -11.174821 -0.108114 0.259206 -3.881091 -0.184792 0.516008 -4.789699 -0.172426 0.519544 -4.789552 -10.763742 1.909097 -3.696369 3.477821 2.242664 1.066175 0.000000 -0.000003 -0.000000 1.249773 -4.646585 -3.188098 -58.309694 -31.801152 -27.474530 -186.875191 -98.174708 -186.943603 -7.257961 -11.433815 -0.699290 6.144899 12.588581 -10.024188 2.357323 -0.916426 -4.234227 1.103578 9.379075 -3.157189 0.000003 -0.000001 0.000000 2.190365 3.179118 -47.443085 9.548854 8.767912 -55.166994 5.314226 6.767885 -35.959310 0.000001 -0.000001 0.000001 2.718784 3.747954 -54.665545 4.157043 10.104143 -47.781992 2.716580 8.051906 -41.653301 0.000001 -0.000000 0.000001 2.699276 4.507395 -67.976741 -0.044579 9.561515 -40.247340 -0.224018 8.243223 -35.006868 -0.000000 -0.000000 0.000001 3.852704 4.648964 -54.547247 0.438714 8.758121 -53.719455 -1.353465 8.480930 -36.340558 0.000001 -0.000000 -0.000001 -2.390991 -8.647581 -14.695292 -101.815895 40.841171 105.421327 -23.927609 87.569015 23.942605 26.159759 -0.183365 -43.355159 -1.659327 -18.048283 2.122791 3.431356 0.609163 5.067698 -1.886980 5.273846 0.718155 0.000003 -0.000001 0.000000 5.944624 -6.003771 55.331216 3.681704 -4.909337 25.336631 6.107793 -6.116098 39.014245 -0.000003 0.000001 -0.000000 3.371836 -3.806830 52.470510 1.645933 -5.900332 27.892865 2.384694 -6.747697 32.682015 -0.000001 0.000002 0.000002 3.564862 -4.100357 59.312980 -0.388830 -3.230500 14.887367 -0.110365 -5.617994 26.018747 0.000001 -0.000000 -0.000001 3.841025 -4.169273 57.196021 -1.573645 -4.938844 21.103230 -1.878166 -7.878521 36.790616 -0.000001 -0.000001 -0.000005 -14.096932 18.677858 13.697408 27.483080 -1.491883 8.817938 -12.854714 2.315024 -11.255971 -5.427754 -0.000005 -0.000004 -0.000000 -0.000003 -0.000001 -10.038088 -16.895236 -6.054114 22.113243 -11.470557 -6.410104 17.130027 0.608568 12.797014 -13.646481 -0.649302 5.552034 0.000000 -0.000000 0.000000 
16.251572 101.139938 9.410351 -2.577945 -45.164889 -10.559382 -0.164745 0.331088 -4.032649 -0.249261 0.662025 -5.136804 -0.233677 0.665509 -5.136761 -10.280312 1.758592 -3.564464 2.491624 1.895754 1.952265 0.000000 -0.000002 0.000001 1.315639 -4.995317 -3.693641 -57.305478 -25.194118 -31.094511 -191.612392 -94.884093 -191.651024 -8.897654 -12.977951 0.069552 5.854687 12.541238 -8.716214 2.445454 -0.176081 -4.314013 1.148686 9.590181 -3.183471 0.000003 0.000002 0.000002 2.973162 4.097658 -51.270941 9.859138 8.844526 -56.495213 5.335072 6.781867 -36.063119 -0.000001 0.000000 -0.000000 2.993651 4.005379 -55.322459 4.178983 10.124043 -47.915358 2.748801 8.092654 -41.885684 0.000000 0.000000 0.000001 2.664761 4.433140 -67.403975 0.019212 9.730469 -41.031125 -0.220931 8.253946 -35.055481 0.000000 -0.000000 0.000000 4.427431 5.203588 -58.239322 0.374590 8.639346 -53.169106 -1.356534 8.462598 -36.266440 -0.000000 0.000001 -0.000001 -1.859773 -7.018614 -13.824509 -94.742046 42.028889 102.265711 26.901463 92.179646 -26.923697 27.481667 0.093756 -42.538521 -1.830268 -17.856049 1.968182 3.431354 0.609161 5.067700 -1.917038 5.440424 0.729158 0.000000 -0.000001 0.000000 6.075354 -6.092771 55.483744 3.795791 -5.002229 25.956759 6.072848 -6.097784 38.844693 0.000004 0.000003 0.000001 3.324713 -3.778949 52.758563 1.673537 -5.947304 28.150389 2.391445 -6.756751 32.735608 0.000002 -0.000001 0.000004 3.601251 -4.152379 59.853815 -0.384846 -3.449811 15.902593 -0.112211 -5.609400 25.977670 -0.000001 -0.000002 -0.000002 3.754778 -4.113958 57.371171 -1.623618 -5.344446 22.836154 -1.877777 -7.882410 36.806909 0.000001 0.000000 -0.000001 -14.971597 18.298693 13.876595 27.580148 -2.137391 8.821328 -13.451046 2.285488 -10.908342 -4.443575 0.000004 0.000007 0.000000 0.000001 0.000000 -10.512290 -16.707423 -5.645638 22.859748 -11.454247 -6.128897 16.325059 -1.933352 13.269950 -14.140048 -0.681354 5.679789 0.000000 -0.000001 0.000000 
16.129612 100.896545 9.075150 -1.566545 -43.388558 -10.086117 -0.070441 0.344778 -4.225828 -0.131066 0.693775 -5.554944 -0.114587 0.697983 -5.554684 -9.713751 1.533300 -3.523730 1.186247 1.012890 3.052088 -0.000000 -0.000001 -0.000002 1.442185 -5.867168 -4.212939 -55.377360 -18.854899 -33.416093 -208.432348 -92.069393 -208.444710 -11.793031 -13.048583 0.421890 5.629471 12.542608 -7.533016 2.558102 0.733254 -4.412054 1.199355 9.825488 -3.212860 0.000003 -0.000001 -0.000004 3.721439 4.818999 -54.030051 10.108606 8.900659 -57.558079 5.386817 6.816300 -36.320135 0.000000 -0.000002 -0.000000 3.391149 4.363286 -56.298425 4.227942 10.168042 -48.211802 2.779091 8.130664 -42.103127 0.000001 -0.000001 0.000001 2.681943 4.411648 -67.080005 0.077613 9.879239 -41.725185 -0.219489 8.258903 -35.077970 -0.000001 -0.000001 0.000001 4.926910 5.624182 -61.057732 0.330152 8.555398 -52.781919 -1.355730 8.467362 -36.285684 0.000001 -0.000000 -0.000001 -1.300904 -5.312539 -12.773238 -87.096639 43.215635 98.553264 8.910091 96.344463 -8.971190 27.833516 0.077136 -41.816331 -2.064777 -17.584679 1.769711 3.431355 0.609164 5.067705 -1.962958 5.694954 0.745967 0.000001 0.000003 -0.000001 6.193058 -6.171944 55.625757 3.852969 -5.048002 26.265656 6.021409 -6.070600 38.594599 0.000001 0.000000 -0.000003 3.291268 -3.762219 53.022933 1.691666 -5.977873 28.318562 2.399499 -6.767547 32.799429 -0.000002 0.000001 0.000003 3.656458 -4.214719 60.360745 -0.379171 -3.617744 16.680304 -0.112787 -5.606500 25.964040 -0.000001 0.000001 -0.000002 3.652360 -4.047729 57.542329 -1.663906 -5.786088 24.717626 -1.876805 -7.892392 36.848853 0.000001 0.000002 0.000004 -16.171181 17.581334 14.092965 27.951262 -3.123090 9.101720 -14.116589 2.228807 -10.425076 -3.328704 0.000008 0.000008 0.000000 0.000001 -0.000000 -11.078551 -16.367483 -5.088383 24.189970 -11.481158 -5.868960 15.426225 -4.410123 13.727490 -14.890550 -0.731922 5.871855 -0.000000 -0.000000 -0.000000 
16.007648 100.568314 8.633380 -0.578252 -41.070009 -9.816070 0.195200 0.324829 -4.421358 0.202307 0.663187 -5.982730 0.218702 0.669631 -5.981627 -9.194971 1.247177 -3.584093 -0.343624 -0.393013 4.273949 -0.000000 -0.000000 0.000000 1.588755 -6.942763 -4.695903 -52.946988 -13.432720 -35.023550 -123.056226 -88.823960 -123.047087 -15.296330 -11.073564 1.171397 5.483810 12.589998 -6.583944 2.683632 1.703353 -4.516780 1.247291 10.046437 -3.240467 0.000001 -0.000003 -0.000000 4.406751 5.382916 -55.873908 10.314779 8.943446 -58.433443 5.455605 6.861545 -36.660654 0.000000 0.000002 -0.000001 3.872175 4.772279 -57.487441 4.305620 10.236923 -48.679349 2.806877 8.165278 -42.301786 0.000001 -0.000002 -0.000000 2.751336 4.443570 -67.006642 0.126746 10.000336 -42.292917 -0.219996 8.257174 -35.070132 -0.000001 0.000001 0.000001 5.327548 5.923545 -63.033425 0.307464 8.511970 -52.582310 -1.352800 8.484913 -36.356697 0.000001 -0.000002 -0.000002 -0.748388 -3.632552 -11.560773 -79.609577 44.291086 94.668293 5.423452 100.325411 -5.520519 27.364747 -0.138773 -41.080043 -2.314394 -17.286830 1.573933 3.431350 0.609161 5.067699 -2.019761 6.009982 0.766635 0.000001 -0.000001 -0.000001 6.351991 -6.279527 55.747587 3.861316 -5.054659 26.310638 5.959847 -6.037667 38.294572 0.000000 0.000002 0.000002 3.316416 -3.791596 53.250501 1.700892 -5.993370 28.403729 2.407207 -6.777801 32.860313 0.000002 -0.000002 -0.000002 3.727533 -4.284561 60.830389 -0.373468 -3.742609 17.258887 -0.112477 -5.608092 25.971531 -0.000002 0.000001 -0.000000 3.536076 -3.972314 57.708132 -1.690039 -6.238851 26.642958 -1.875104 -7.909397 36.920308 -0.000000 0.000001 0.000001 -18.265922 16.277427 14.360939 29.600018 -4.223801 9.765487 -14.442778 2.104734 -9.827333 -2.193228 0.000003 0.000005 -0.000000 -0.000001 -0.000000 -11.827662 -15.944400 -4.484626 26.156440 -11.553546 -5.544809 14.380939 -6.574863 13.963599 -15.813496 -0.799434 6.112091 -0.000000 -0.000002 0.000000 
15.898184 100.146996 8.104677 0.424250 -38.432303 -9.692424 0.607626 0.306009 -4.573515 0.729782 0.640858 -6.364041 0.746680 0.651438 -6.361257 -8.828326 0.923661 -3.766691 -2.009557 -2.258246 5.598051 0.000001 -0.000002 0.000000 1.719362 -7.905523 -5.141187 -50.290785 -9.413146 -36.415912 -158.249473 -87.341413 -158.223327 -18.593631 -7.347765 2.864174 5.416815 12.670281 -5.925289 2.805204 2.604951 -4.614350 1.285688 10.222187 -3.262481 -0.000000 -0.000004 -0.000000 5.011927 5.826181 -57.014068 10.488255 8.976936 -59.167934 5.528155 6.908623 -37.018365 -0.000001 -0.000000 -0.000003 4.374618 5.171717 -58.718597 4.405601 10.323916 -49.276267 2.831681 8.195938 -42.478330 0.000000 -0.000007 0.000001 2.864277 4.519993 -67.150779 0.165058 10.092382 -42.726166 -0.222403 8.248870 -35.032409 0.000000 -0.000001 0.000000 5.623157 6.123195 -64.291690 0.306781 8.510652 -52.576245 -1.349321 8.505571 -36.440196 -0.000001 0.000008 0.000002 -0.230835 -2.061799 -10.257101 -72.816906 45.224971 90.913670 4.046763 103.710829 -4.174445 26.388750 -0.362765 -40.253430 -2.527807 -17.022754 1.427241 3.431354 0.609161 5.067699 -2.079358 6.341037 0.788242 -0.000002 0.000001 0.000000 6.587399 -6.439837 55.843606 3.843533 -5.040489 26.214765 5.896314 -6.003265 37.984086 0.000003 -0.000003 -0.000005 3.435113 -3.893327 53.430866 1.705270 -6.000705 28.444060 2.413635 -6.786395 32.911226 -0.000000 0.000001 0.000001 3.817415 -4.363055 61.258744 -0.367752 -3.846377 17.740125 -0.111026 -5.614880 26.003852 0.000000 -0.000001 -0.000007 3.417982 -3.896187 57.865301 -1.700765 -6.677920 28.508964 -1.872555 -7.934579 37.026196 0.000002 0.000000 0.000000 -20.782027 14.419320 14.926586 31.816227 -5.315617 9.867850 -14.733439 1.849079 -8.747960 -1.163992 -0.000001 0.000009 -0.000000 -0.000002 -0.000000 -12.869715 -15.523741 -3.950763 28.702425 -11.666199 -5.071394 13.104522 -8.289791 13.746406 -16.750472 -0.877698 6.368471 -0.000001 0.000001 -0.000000 
15.803984 99.618500 7.519031 1.540493 -35.682592 -9.549252 1.102407 0.323468 -4.675670 1.380715 0.690645 -6.661520 1.399937 0.706488 -6.655918 -8.676001 0.589826 -4.087116 -3.742573 -4.469675 7.030572 -0.000000 0.000000 -0.000001 1.808320 -8.534186 -5.578621 -47.553027 -7.023720 -37.893241 -164.722784 -86.263479 -164.686516 -21.128944 -2.794292 5.288158 5.413477 12.764180 -5.550710 2.905339 3.321995 -4.692203 1.310410 10.334861 -3.276641 0.000000 0.000004 0.000002 5.524006 6.173875 -57.657233 10.630631 9.002720 -59.769572 5.593268 6.950345 -37.338295 -0.000002 0.000001 -0.000002 4.829206 5.509753 -59.814050 4.514930 10.416955 -49.923103 2.852775 8.221851 -42.627839 -0.000003 0.000003 -0.000000 3.003610 4.623861 -67.448589 0.192799 10.157856 -43.035246 -0.226365 8.235074 -34.969988 -0.000000 0.000005 0.000004 5.821666 6.246648 -65.007275 0.325938 8.547323 -52.744828 -1.346550 8.521857 -36.506118 -0.000001 -0.000000 -0.000000 0.233283 -0.650948 -8.965389 -67.027720 46.010343 87.502653 3.364808 106.346715 -3.516466 25.215508 -0.426829 -39.290182 -2.664515 -16.843938 1.362170 3.431356 0.609158 5.067706 -2.133006 6.639268 0.807620 -0.000000 -0.000000 0.000004 6.905683 -6.656896 55.913872 3.829013 -5.028879 26.136380 5.839291 -5.971987 37.704635 -0.000002 0.000003 -0.000001 3.662552 -4.077992 53.559854 1.711403 -6.010934 28.500527 2.418886 -6.793393 32.952716 0.000002 0.000000 -0.000002 3.931973 -4.453101 61.641986 -0.360817 -3.955374 18.245807 -0.107978 -5.629217 26.072024 -0.000002 -0.000000 -0.000003 3.315675 -3.831416 58.009302 -1.697864 -7.083368 30.233125 -1.868954 -7.969109 37.171450 0.000003 -0.000001 -0.000003 -23.513199 12.181278 15.282833 34.258245 -6.165546 9.876010 -15.052058 1.550218 -7.544355 -0.347821 0.000011 0.000006 -0.000000 0.000002 -0.000000 -14.330570 -15.166582 -3.653592 31.721185 -11.807583 -4.400455 11.482031 -9.558643 12.940148 -17.518397 -0.956772 6.601812 -0.000000 -0.000000 0.000000 
15.719599 98.980782 6.916895 2.856486 -32.964320 -9.222611 1.595520 0.400683 -4.726866 2.058396 0.851452 -6.863764 2.082389 0.871896 -6.853903 -8.758777 0.267439 -4.533286 -5.483159 -6.880447 8.550657 -0.000000 -0.000002 0.000001 1.845336 -8.747845 -6.035534 -44.780291 -6.180926 -39.536471 -166.596756 -85.754507 -166.555748 -22.672951 1.508790 7.720192 5.449790 12.852576 -5.402089 2.971331 3.783045 -4.742409 1.320304 10.379850 -3.282268 -0.000000 0.000005 -0.000000 5.931839 6.439234 -57.972112 10.738258 9.021207 -60.223615 5.642849 6.981765 -37.581142 -0.000001 -0.000002 -0.000001 5.178915 5.755460 -60.642989 4.618118 10.502833 -50.528257 2.869315 8.242116 -42.744891 0.000003 0.000000 -0.000000 3.146110 4.733857 -67.816818 0.211422 10.201159 -43.240206 -0.231284 8.217912 -34.892131 0.000000 -0.000000 0.000003 5.938968 6.315120 -65.360129 0.360000 8.611989 -53.042679 -1.345221 8.529637 -36.537605 -0.000000 0.000002 0.000001 0.635978 0.581110 -7.788923 -62.362899 46.613869 84.588403 3.000274 108.203727 -3.168905 24.025540 -0.253645 -38.189114 -2.705261 -16.777952 1.388581 3.431355 0.609161 5.067698 -2.173859 6.866647 0.822330 0.000001 -0.000004 -0.000001 7.282816 -6.913836 55.963746 3.844312 -5.041117 26.218987 5.796138 -5.948097 37.492657 -0.000005 0.000003 0.000003 3.987832 -4.336427 53.641574 1.726441 -6.035972 28.638590 2.423785 -6.799909 32.991405 0.000002 0.000001 0.000002 4.074389 -4.556052 61.977703 -0.350903 -4.089878 18.870554 -0.102816 -5.653397 26.187017 0.000001 0.000001 0.000001 3.245111 -3.788720 58.135934 -1.684992 -7.443065 31.764976 -1.864201 -8.013498 37.358229 -0.000001 -0.000000 -0.000003 -26.644394 9.568133 15.404281 37.224978 -6.838743 9.830956 -15.558730 1.377397 -7.380618 -0.029040 0.000006 0.000007 -0.000000 -0.000000 -0.000000 -16.285963 -14.913361 -3.731906 35.105198 -12.012064 -3.566496 9.253473 -10.508412 11.595540 -17.588540 -0.944825 6.512269 0.000000 0.000000 -0.000000 
15.631761 98.242554 6.348487 4.382873 -30.350123 -8.595569 2.011454 0.545143 -4.745073 2.672392 1.132688 -6.982840 2.703581 1.155127 -6.967223 -9.066441 -0.034771 -5.052961 -7.158867 -9.336120 10.086771 -0.000000 0.000000 0.000000 1.835614 -8.589057 -6.504165 -41.937788 -6.541358 -41.270240 -167.060526 -85.605595 -167.018165 -23.263652 4.714917 9.559248 5.500340 12.922064 -5.395629 2.999585 3.977749 -4.763648 1.316402 10.362236 -3.280065 0.000002 0.000002 0.000003 6.226682 6.627548 -58.079954 10.807071 9.032572 -60.513673 5.672154 7.000213 -37.724480 -0.000002 0.000001 0.000001 5.393399 5.900425 -61.151660 4.701635 10.570966 -51.013993 2.880694 8.255989 -42.825303 0.000001 -0.000001 0.000000 3.266889 4.828770 -68.167672 0.222623 10.227095 -43.362993 -0.236399 8.199897 -34.810619 -0.000001 0.000001 -0.000001 5.993135 6.345494 -65.499561 0.401449 8.689448 -53.400827 -1.345514 8.528017 -36.531048 -0.000000 -0.000000 0.000000 0.978101 1.638589 -6.780605 -58.827538 46.959169 82.299613 2.813600 109.321761 -2.992468 22.811720 0.150493 -37.001327 -2.656616 -16.819954 1.491247 3.431354 0.609163 5.067698 -2.199147 7.007437 0.831384 -0.000001 -0.000002 -0.000003 7.671623 -7.178017 56.001370 3.905516 -5.089630 26.548353 5.772032 -5.934652 37.374116 0.000001 0.000001 -0.000000 4.374298 -4.640069 53.687705 1.755854 -6.084550 28.907164 2.429530 -6.807539 33.036638 0.000007 -0.000000 -0.000000 4.240491 -4.668997 62.265289 -0.336525 -4.257211 19.648591 -0.095339 -5.687962 26.351493 0.000001 0.000001 0.000002 3.213924 -3.772892 58.242614 -1.666073 -7.753020 33.087663 -1.858293 -8.067066 37.583717 -0.000002 0.000001 0.000001 -29.892412 6.943884 15.006175 40.115969 -6.876323 9.715902 -16.099577 0.791766 -7.346024 -0.050369 0.000013 0.000005 0.000000 -0.000002 -0.000000 -18.569756 -14.786354 -4.274729 38.434735 -12.190359 -2.657539 6.606363 -11.232559 9.940370 -17.165449 -0.918842 6.381093 -0.000000 0.000000 -0.000000 
15.536367 97.430618 5.856823 6.031224 -27.866315 -7.629349 2.306837 0.751121 -4.758042 3.165635 1.522435 -7.042416 3.206055 1.543092 -7.020066 -9.567894 -0.323960 -5.558689 -8.670841 -11.705071 11.534544 0.000000 -0.000002 -0.000001 1.791501 -8.158897 -6.924759 -38.931528 -7.649161 -42.972490 -167.330277 -85.514023 -167.287042 -23.159915 6.444593 10.715471 5.545871 12.967532 -5.452380 2.996129 3.954005 -4.761061 1.300717 10.290740 -3.271099 0.000003 0.000002 -0.000002 6.402161 6.739505 -58.056465 10.835805 9.037213 -60.634731 5.679583 7.004870 -37.760714 -0.000001 -0.000002 -0.000001 5.471017 5.952403 -61.360507 4.756480 10.615088 -51.331221 2.886689 8.263246 -42.867428 -0.000001 -0.000000 0.000002 3.343603 4.890837 -68.421304 0.227853 10.239073 -43.419806 -0.241090 8.183438 -34.736129 -0.000000 -0.000001 0.000001 5.999403 6.349139 -65.519717 0.440360 8.761134 -53.733412 -1.347138 8.518433 -36.492239 -0.000000 -0.000000 0.000001 1.267213 2.538635 -5.922530 -56.364452 46.952230 80.742706 2.754854 109.701936 -2.937220 21.394073 0.735138 -35.801502 -2.549508 -16.934315 1.633978 3.431352 0.609158 5.067700 -2.210795 7.072322 0.835566 -0.000000 0.000000 0.000001 8.014707 -7.410078 56.034179 4.014304 -5.174487 27.130311 5.769392 -5.933177 37.361121 0.000004 0.000002 0.000000 4.766003 -4.945836 53.714004 1.801700 -6.159231 29.321480 2.437102 -6.817555 33.096313 0.000001 -0.000000 -0.000000 4.416835 -4.783946 62.505438 -0.317089 -4.449868 20.545942 -0.085968 -5.730683 26.554812 -0.000001 0.000002 -0.000001 3.217914 -3.780627 58.329488 -1.644373 -8.015490 34.210246 -1.851331 -8.127590 37.838702 0.000003 -0.000001 0.000001 -33.225144 4.574932 14.036487 42.897143 -6.797360 9.601002 -16.599455 0.244186 -7.308461 -0.067797 0.000010 0.000003 0.000000 0.000002 -0.000000 -20.988263 -14.764422 -5.326553 41.449713 -12.326751 -1.806442 3.561695 -11.762792 8.304579 -16.170066 -0.870216 6.188025 0.000000 0.000001 -0.000000 
15.436096 96.590698 5.478806 7.630804 -25.526072 -6.393003 2.479751 1.004815 -4.762234 3.525332 2.000326 -7.061507 3.576550 2.015863 -7.032181 -10.215268 -0.619800 -5.949994 -9.905653 -13.901731 12.799202 0.000001 0.000001 -0.000000 1.722258 -7.545067 -7.194691 -35.670431 -9.103946 -44.577762 -168.094835 -85.231704 -168.049045 -22.725139 6.826398 11.533825 5.578317 12.991728 -5.522155 2.973362 3.797162 -4.743965 1.274766 10.172330 -3.256262 0.000001 0.000001 -0.000002 6.452558 6.772841 -57.935003 10.825758 9.035562 -60.592309 5.665583 6.996089 -37.692382 0.000000 -0.000000 -0.000001 5.428956 5.926250 -61.332592 4.778687 10.632827 -51.459397 2.887426 8.264158 -42.872623 0.000000 0.000002 -0.000001 3.359254 4.906621 -68.511401 0.227322 10.237835 -43.413980 -0.244879 8.169959 -34.675043 0.000000 0.000001 0.000001 5.967286 6.331561 -65.448116 0.465427 8.806812 -53.945930 -1.349743 8.503140 -36.430354 -0.000000 -0.000002 0.000001 1.515010 3.302359 -5.120734 -54.860510 46.535930 79.958525 2.779424 109.541222 -2.960317 19.498590 1.431174 -34.654720 -2.431161 -17.065446 1.769732 3.431349 0.609162 5.067699 -2.214598 7.093475 0.836920 0.000002 0.000002 0.000002 8.259586 -7.574529 56.065717 4.158442 -5.284189 27.894619 5.787687 -5.943383 37.451105 0.000002 -0.000000 -0.000001 5.099754 -5.205230 53.734225 1.861610 -6.254996 29.855952 2.446998 -6.830615 33.174007 -0.000003 -0.000000 -0.000001 4.582617 -4.889043 62.698418 -0.293749 -4.649394 21.477115 -0.075683 -5.776622 26.773870 0.000001 0.000001 -0.000000 3.241977 -3.801362 58.399060 -1.622074 -8.235968 35.155359 -1.843692 -8.191517 38.108173 0.000004 -0.000002 0.000000 -36.456818 2.718586 12.605762 45.473415 -6.688062 9.488372 -17.078188 -0.303080 -7.230155 -0.089547 -0.000009 0.000003 0.000000 0.000000 -0.000000 -23.251055 -14.822965 -6.821862 43.910692 -12.428233 -1.150004 0.180415 -12.006273 7.005353 -14.612676 -0.783590 5.875251 0.000000 0.000002 -0.000001 
15.342031 95.765106 5.228716 8.974920 -23.354264 -5.003208 2.561848 1.291367 -4.747313 3.775261 2.546890 -7.040614 3.838143 2.555762 -7.004615 -10.944261 -0.945747 -6.143612 -10.768792 -15.891986 13.832989 -0.000000 0.000000 -0.000000 1.630246 -6.785342 -7.199220 -32.138215 -10.662990 -46.120641 -169.370482 -84.670276 -169.319597 -22.260756 6.318586 12.459394 5.601031 13.002549 -5.593203 2.945102 3.600904 -4.722597 1.239129 10.009004 -3.235794 0.000001 0.000001 -0.000002 6.369940 6.722008 -57.706103 10.777974 9.027819 -60.391091 5.631533 6.974619 -37.525848 -0.000000 0.000001 -0.000000 5.287697 5.835244 -61.128349 4.767512 10.623910 -51.394954 2.883478 8.259352 -42.844800 0.000001 0.000000 0.000004 3.302736 4.865966 -68.381873 0.219736 10.220348 -43.331140 -0.247872 8.159303 -34.626884 -0.000001 -0.000001 0.000002 5.899839 6.292606 -65.247438 0.465244 8.806491 -53.944407 -1.352996 8.483788 -36.352063 0.000000 -0.000000 -0.000000 1.733344 3.948065 -4.239538 -54.124550 45.744861 79.867089 2.914980 108.698909 -3.088168 16.874993 2.154599 -33.638897 -2.351762 -17.154508 1.854446 3.431355 0.609162 5.067701 -2.218027 7.112615 0.838150 0.000001 -0.000005 0.000001 8.371649 -7.648562 56.093762 4.315897 -5.400584 28.721140 5.823762 -5.963421 37.628424 -0.000002 0.000002 -0.000003 5.318859 -5.374897 53.753691 1.929187 -6.360660 30.449533 2.458948 -6.846372 33.267775 -0.000002 0.000001 -0.000001 4.714433 -4.971210 62.842282 -0.269296 -4.833202 22.337002 -0.065879 -5.819710 26.979406 0.000001 0.000000 -0.000000 3.265085 -3.820600 58.455320 -1.600575 -8.420200 35.946917 -1.835856 -8.254484 38.373861 -0.000001 -0.000001 -0.000000 -39.375894 1.529430 10.886860 47.796557 -6.550318 9.382534 -17.546891 -0.932791 -7.095255 -0.080762 0.000009 0.000003 0.000000 0.000001 0.000000 -25.077716 -14.934507 -8.631424 45.679513 -12.516540 -0.803433 -3.417459 -11.792757 6.303744 -12.661171 -0.653841 5.392457 0.000001 -0.000005 0.000000 
15.268779 94.986282 5.102315 9.878084 -21.386856 -3.585419 2.597803 1.597416 -4.690609 3.954499 3.145284 -6.956227 4.028737 3.148202 -6.913812 -11.676545 -1.318028 -6.098681 -11.218683 -17.677161 14.643465 0.000000 0.000001 0.000000 1.514003 -5.884953 -6.852891 -28.418764 -12.237807 -47.694777 -170.711002 -83.914878 -170.653260 -21.918091 5.441394 13.745663 5.625395 13.009491 -5.686146 2.922190 3.440550 -4.705114 1.193606 9.798922 -3.209534 0.000002 0.000002 -0.000003 6.142999 6.577369 -57.316386 10.690580 9.013127 -60.022528 5.578451 6.940907 -37.265632 0.000000 -0.000002 0.000001 5.058599 5.683908 -60.764327 4.722820 10.588082 -51.136752 2.875636 8.249808 -42.789469 0.000001 -0.000000 0.000002 3.167868 4.759578 -67.978202 0.202227 10.179870 -43.139369 -0.250536 8.149790 -34.583884 -0.000001 -0.000002 -0.000002 5.794675 6.227197 -64.829533 0.430055 8.742270 -53.645754 -1.356869 8.460508 -36.257916 0.000001 -0.000001 -0.000001 1.930634 4.488098 -3.158894 -53.885347 44.727217 80.257093 3.133868 107.477541 -3.295842 13.412654 2.818764 -32.929537 -2.349241 -17.156491 1.860096 3.431352 0.609165 5.067701 -2.227586 7.165872 0.841546 -0.000001 0.000001 -0.000001 8.342098 -7.627275 56.109963 4.461440 -5.505082 29.477836 5.872634 -5.990329 37.868174 -0.000003 -0.000002 -0.000000 5.385512 -5.426353 53.764080 1.995343 -6.461807 31.021592 2.472199 -6.863742 33.371444 0.000001 0.000001 -0.000000 4.792332 -5.019489 62.930761 -0.247464 -4.981823 23.033884 -0.057862 -5.854468 27.145311 -0.000000 -0.000000 0.000001 3.267295 -3.824760 58.501957 -1.580854 -8.572354 36.602048 -1.828394 -8.312345 38.618105 -0.000000 -0.000001 0.000001 -41.767590 1.030253 9.064950 49.868721 -6.390474 9.285080 -18.022892 -1.667850 -6.891662 -0.059969 -0.000001 0.000010 0.000000 0.000001 -0.000000 -26.249320 -15.084816 -10.592078 46.716735 -12.615292 -0.844049 -7.051778 -10.981963 6.381547 -10.597301 -0.492167 4.714140 0.000000 -0.000002 0.000000 
15.230047 94.274475 5.086142 10.222320 -19.655538 -2.229029 2.622831 1.909220 -4.567943 4.093361 3.777837 -6.764973 4.176884 3.777180 -6.716108 -12.327522 -1.736150 -5.826141 -11.278700 -19.265363 15.269202 -0.000000 0.000001 0.000001 1.373507 -4.869237 -6.135130 -24.657285 -13.806647 -49.362989 -171.759354 -83.153776 -171.694727 -21.705935 4.589454 15.344310 5.664692 13.020717 -5.836062 2.910443 3.357909 -4.696124 1.138043 9.540461 -3.177271 0.000001 0.000004 -0.000003 5.759921 6.324569 -56.672460 10.557186 8.989608 -59.459399 5.506290 6.894517 -36.910745 -0.000001 -0.000002 0.000003 4.740125 5.465117 -60.191466 4.643634 10.523772 -50.676961 2.864738 8.236505 -42.712492 0.000000 0.000001 0.000004 2.952263 4.576988 -67.240562 0.171259 10.107098 -42.795541 -0.253687 8.138514 -34.532914 -0.000001 -0.000002 -0.000000 5.646623 6.127031 -64.080486 0.354006 8.600650 -52.990421 -1.361600 8.431799 -36.141936 0.000000 -0.000001 -0.000000 2.110851 4.932411 -1.832375 -53.829175 43.709782 80.839865 3.394873 106.209694 -3.545279 9.209657 3.388891 -32.855713 -2.437780 -17.052284 1.783432 3.431351 0.609159 5.067701 -2.246445 7.270992 0.848329 -0.000003 -0.000003 0.000000 8.188710 -7.523771 56.101296 4.573727 -5.583728 30.056896 5.928418 -6.020700 38.141057 0.000001 0.000002 0.000001 5.287812 -5.350993 53.741103 2.050625 -6.544645 31.493097 2.485688 -6.881396 33.476902 -0.000002 -0.000000 0.000001 4.804599 -5.027323 62.952344 -0.231414 -5.083731 23.512504 -0.052450 -5.877718 27.256423 -0.000002 0.000002 -0.000003 3.235672 -3.805071 58.540691 -1.563664 -8.694634 37.129513 -1.821818 -8.361910 38.827491 0.000001 -0.000003 0.000001 -43.466921 1.130110 7.273005 51.714829 -6.202396 9.196772 -18.522177 -2.485510 -6.622606 -0.000052 -0.000008 -0.000002 0.000000 -0.000001 -0.000000 -26.653131 -15.267010 -12.560806 47.071697 -12.741686 -1.301891 -10.515231 -9.561580 7.301174 -8.719449 -0.323863 3.856981 -0.000000 0.000003 -0.000000 
15.241792 93.622032 5.165190 9.976416 -18.188063 -1.011157 2.647866 2.223653 -4.319651 4.197657 4.422722 -6.414741 4.286216 4.421379 -6.359251 -12.817737 -2.179182 -5.380110 -11.020946 -20.645013 15.738692 -0.000000 0.000002 -0.000000 1.215431 -3.831058 -5.103073 -20.987570 -15.313627 -51.090481 -172.407362 -82.579637 -172.337544 -21.516650 3.976910 16.970353 5.728415 13.040831 -6.070864 2.910739 3.359991 -4.696310 1.073652 9.238201 -3.139643 0.000002 0.000002 -0.000004 5.215918 5.945765 -55.656671 10.368981 8.954165 -58.663054 5.414034 6.834241 -36.454892 -0.000000 -0.000003 0.000000 4.324044 5.161217 -59.301437 4.528241 10.428148 -50.001503 2.851427 8.220211 -42.618362 0.000000 0.000001 0.000000 2.657797 4.306039 -66.105631 0.123665 9.992833 -42.257574 -0.258222 8.122172 -34.459076 -0.000001 -0.000001 0.000000 5.450885 5.983086 -62.893871 0.237432 8.375493 -51.957382 -1.367576 8.395087 -35.993570 -0.000001 0.000000 -0.000002 2.275642 5.296517 -0.318072 -53.648721 42.909205 81.330232 3.629796 105.212821 -3.771134 4.568384 3.952715 -33.791463 -2.603860 -16.853174 1.646906 3.431355 0.609164 5.067695 -2.273296 7.420730 0.857898 0.000002 -0.000004 0.000001 7.950338 -7.365024 56.052053 4.640419 -5.629664 30.399061 5.985197 -6.051293 38.418185 -0.000004 -0.000002 0.000001 5.040625 -5.159809 53.646129 2.087706 -6.599391 31.806302 2.498581 -6.898162 33.577217 -0.000001 0.000002 -0.000002 4.750321 -4.993771 62.890449 -0.222734 -5.136673 23.761417 -0.049685 -5.889381 27.312246 -0.000003 -0.000001 0.000001 3.167589 -3.759711 58.570115 -1.549753 -8.788096 37.533194 -1.816393 -8.401656 38.995483 0.000005 -0.000005 -0.000002 -44.456998 1.465681 5.997964 53.398743 -6.077206 8.413430 -19.053112 -3.537999 -6.033527 -0.000000 -0.000001 0.000007 -0.000000 -0.000000 -0.000000 -26.318411 -15.481308 -14.416161 46.912441 -12.893210 -2.159206 -13.641827 -7.680760 8.949950 -7.247670 -0.178360 2.884857 0.000000 0.000005 -0.000000 
15.315057 93.025024 5.322206 9.187402 -16.996470 0.064162 2.662649 2.529365 -3.921668 4.248301 5.054369 -5.857643 4.335558 5.054713 -5.795732 -13.084294 -2.609838 -4.836733 -10.534225 -21.773878 16.035071 -0.000000 -0.000000 -0.000000 1.058291 -2.936527 -3.878166 -17.466571 -16.632025 -52.747942 -172.664928 -82.323587 -172.592760 -21.149491 3.665923 18.273244 5.818003 13.070451 -6.394316 2.920486 3.428609 -4.703827 1.003913 8.907117 -3.098487 0.000002 0.000004 -0.000003 4.523800 5.423279 -54.156362 10.118563 8.902826 -57.600529 5.300331 6.758549 -35.890066 0.000002 -0.000002 0.000002 3.807892 4.749844 -57.960862 4.375765 10.298146 -49.098723 2.835844 8.201056 -42.507860 0.000002 -0.000001 0.000001 2.292630 3.935263 -64.521327 0.058344 9.830772 -41.498768 -0.264940 8.097898 -34.349336 -0.000001 -0.000001 0.000001 5.206265 5.788501 -61.206090 0.087977 8.071030 -50.576776 -1.375158 8.347451 -35.801215 0.000001 -0.000000 0.000000 2.426195 5.606223 1.236952 -53.074275 42.430177 81.503623 3.688846 104.980732 -3.828059 -0.074775 4.693667 -35.860628 -2.811831 -16.596736 1.491434 3.431353 0.609165 5.067702 -2.302693 7.584718 0.868385 -0.000001 -0.000005 -0.000000 7.676601 -7.184640 55.947111 4.660107 -5.643092 30.499715 6.037983 -6.079398 38.675219 -0.000001 -0.000000 0.000002 4.680014 -4.877759 53.432218 2.103239 -6.622123 31.936626 2.510278 -6.913348 33.668239 -0.000003 0.000003 -0.000004 4.638690 -4.922834 62.724865 -0.221149 -5.146161 23.806117 -0.049054 -5.892108 27.325208 -0.000002 -0.000002 0.000002 3.070083 -3.693155 58.585237 -1.539564 -8.853885 37.817692 -1.812210 -8.431781 39.122828 0.000001 -0.000001 0.000000 -44.736083 1.920644 5.073783 54.946983 -5.996491 7.211170 -19.617717 -4.653293 -5.239354 0.000006 0.000016 -0.000002 0.000000 -0.000000 0.000000 -25.384470 -15.696920 -16.106735 46.446789 -13.075290 -3.363011 -16.314807 -5.604013 11.037216 -6.280958 -0.075667 1.890125 -0.000001 -0.000001 -0.000000 
15.458454 92.487473 5.537527 7.950345 -16.092327 1.026125 2.648461 2.812703 -3.366943 4.215589 5.646969 -5.061016 4.293632 5.650393 -4.993523 -13.091418 -2.985290 -4.270934 -9.894501 -22.587533 16.082551 -0.000000 -0.000001 0.000000 0.932634 -2.378696 -2.611234 -14.056794 -17.618230 -54.176053 -172.542955 -82.446954 -172.471948 -20.373117 3.619857 19.011184 5.926289 13.106745 -6.780445 2.935515 3.533945 -4.715263 0.934477 8.573673 -3.057182 0.000002 0.000001 -0.000001 3.721777 4.746785 -52.102671 9.805169 8.831738 -56.264711 5.164854 6.666184 -35.212313 -0.000001 0.000002 -0.000003 3.207631 4.212991 -56.063784 4.188246 10.132400 -47.971519 2.817287 8.178151 -42.375849 0.000001 -0.000001 0.000002 1.873967 3.458588 -62.471765 -0.022599 9.620530 -40.520637 -0.274262 8.063830 -34.195636 0.000000 0.000000 -0.000003 4.917158 5.541229 -59.025525 -0.080060 7.704101 -48.935672 -1.384615 8.286660 -35.555974 0.000001 0.000001 0.000001 2.562809 5.891149 2.650650 -51.895166 42.212389 81.215157 3.701586 104.931739 -3.840355 -4.267439 5.702036 -38.652700 -3.015919 -16.335543 1.363705 3.431360 0.609159 5.067703 -2.326782 7.719193 0.876954 0.000000 -0.000005 0.000001 7.415625 -7.015114 55.774341 4.640460 -5.629664 30.399157 6.083084 -6.103170 38.894410 -0.000004 0.000003 -0.000002 4.253671 -4.536361 53.053682 2.098115 -6.614636 31.893719 2.520638 -6.926745 33.748569 -0.000001 -0.000000 0.000001 4.485674 -4.821810 62.434766 -0.225111 -5.122321 23.693901 -0.049534 -5.889979 27.315105 -0.000000 -0.000001 -0.000001 2.955917 -3.613677 58.578305 -1.533129 -8.894330 37.992797 -1.809096 -8.453745 39.215804 -0.000000 -0.000001 -0.000001 -44.342578 2.486994 4.143531 56.363312 -5.913711 6.130870 -20.223330 -5.541867 -4.451811 -0.000155 -0.000001 0.000008 0.000000 -0.000000 -0.000000 -24.052226 -15.866640 -17.620623 45.885016 -13.298474 -4.839260 -18.461294 -3.618806 13.177354 -5.814376 -0.019647 0.965927 -0.000000 -0.000001 -0.000001 
15.684546 92.020042 5.796148 6.373861 -15.498150 1.905259 2.593428 3.065247 -2.651012 4.080134 6.177782 -4.014716 4.140176 6.184693 -3.942985 -12.840260 -3.270395 -3.739722 -9.149518 -23.022034 15.756550 0.000000 -0.000001 0.000000 0.870670 -2.300256 -1.442211 -10.670364 -18.211398 -55.264061 -171.978685 -82.969716 -171.912392 -19.037855 3.757147 19.135682 6.039987 13.145254 -7.180905 2.951598 3.646098 -4.727468 0.872197 8.271398 -3.019791 0.000001 -0.000000 -0.000002 2.873690 3.923662 -49.507953 9.437660 8.738590 -54.689144 5.009365 6.557255 -34.427736 0.000001 0.000002 -0.000002 2.562804 3.548392 -53.586065 3.971896 9.932640 -46.645834 2.794041 8.149327 -42.210234 0.000001 -0.000002 0.000002 1.429056 2.882097 -60.003342 -0.114079 9.368772 -39.358613 -0.286205 8.019671 -33.996447 -0.000001 0.000002 -0.000001 4.594561 5.245985 -56.447077 -0.249071 7.303443 -47.169532 -1.395832 8.212008 -35.255118 -0.000001 0.000000 -0.000001 2.683138 6.168192 3.773371 -49.998310 42.065629 80.401913 3.672060 105.045933 -3.811885 -7.694582 6.777057 -41.230796 -3.173905 -16.121878 1.302846 3.431354 0.609155 5.067698 -2.337828 7.780839 0.880887 -0.000002 -0.000001 0.000001 7.203277 -6.880800 55.527225 4.594191 -5.597882 30.161979 6.118267 -6.121548 39.065048 -0.000000 -0.000001 -0.000000 3.809829 -4.166476 52.477457 2.076649 -6.583124 31.713077 2.529589 -6.938318 33.817981 -0.000000 0.000001 -0.000000 4.309306 -4.698926 62.002360 -0.232611 -5.076373 23.477944 -0.050215 -5.887143 27.301523 -0.000007 -0.000002 0.000003 2.838369 -3.529645 58.540500 -1.530085 -8.913219 38.074531 -1.806833 -8.469702 39.283317 0.000002 0.000002 0.000001 -43.356518 3.082493 3.130276 57.609668 -5.834082 5.203286 -20.851838 -6.093479 -3.683775 -0.000064 0.000010 0.000003 -0.000000 -0.000002 -0.000000 -22.519837 -15.954946 -18.967106 45.541147 -12.416313 -6.489175 -20.075314 -3.038654 14.637457 -5.784065 -0.000662 0.177459 0.000000 0.000003 0.000001 
16.000856 91.628983 6.077238 4.555619 -15.237863 2.734422 2.502096 3.279698 -1.780158 3.848573 6.627791 -2.735294 3.881799 6.637838 -2.660747 -12.375676 -3.447512 -3.275377 -8.318055 -23.038339 14.911083 0.000000 -0.000003 0.000001 0.888970 -2.726018 -0.469173 -7.240589 -18.503841 -55.989492 -170.730100 -83.902447 -170.672221 -17.177270 4.005082 18.754605 6.144603 13.181757 -7.541854 2.965231 3.740927 -4.737826 0.823433 8.032281 -2.990226 0.000003 0.000003 0.000000 2.056725 2.988462 -46.488084 9.034892 8.624135 -52.949505 4.838460 6.433738 -33.556603 -0.000003 -0.000000 0.000003 1.929954 2.779409 -50.621483 3.736827 9.704558 -45.172074 2.763824 8.111545 -41.993690 0.000000 0.000001 -0.000005 0.991628 2.229427 -57.239191 -0.208815 9.089172 -38.079172 -0.300402 7.966507 -33.756953 -0.000001 0.000000 -0.000003 4.254880 4.914526 -53.644791 -0.402669 6.905300 -45.438626 -1.408434 8.124961 -34.904514 0.000003 -0.000003 -0.000001 2.781600 6.426210 4.535552 -47.425463 41.778648 79.089499 3.607212 105.303315 -3.749365 -10.281480 7.475096 -42.504684 -3.257438 -15.993535 1.330395 3.431354 0.609163 5.067699 -2.330569 7.740266 0.878312 -0.000000 -0.000005 -0.000000 7.056456 -6.793708 55.205926 4.534514 -5.556452 29.855081 6.142545 -6.134151 39.182606 0.000004 0.000002 0.000003 3.388214 -3.793839 51.693959 2.044707 -6.535856 31.442988 2.536971 -6.947814 33.875057 0.000000 0.000001 -0.000000 4.125054 -4.561342 61.417969 -0.241807 -5.018410 23.205566 -0.050373 -5.886427 27.298096 -0.000000 -0.000001 0.000002 2.726907 -3.446871 58.464398 -1.529738 -8.915279 38.083424 -1.805120 -8.481555 39.333512 -0.000001 0.000001 0.000001 -41.870590 3.662874 1.979554 58.648171 -5.766226 4.420574 -21.477550 -6.231051 -2.930461 -0.000011 -0.000004 -0.000002 0.000000 -0.000002 -0.000000 -20.972951 -15.941641 -20.198813 45.514786 -11.066520 -8.237989 -21.105834 -3.344083 15.374536 -6.644917 0.000012 0.000005 0.000000 0.000003 0.000000 
16.406851 91.320457 6.361454 2.577914 -15.327715 3.563674 2.394034 3.450099 -0.783980 3.555287 6.980466 -1.267738 3.553789 6.992810 -1.191512 -11.782572 -3.518818 -2.886505 -7.398937 -22.636085 13.413805 0.000000 0.000001 -0.000001 0.977475 -3.542815 0.265679 -3.764398 -18.732537 -56.395410 -168.031178 -85.256580 -167.985566 -15.021724 4.334832 18.013890 6.229392 13.213601 -7.823280 2.974064 3.802002 -4.744494 0.791796 7.876175 -2.970993 0.000004 0.000002 -0.000002 1.340499 2.004465 -43.259208 8.622150 8.493023 -51.150809 4.659477 6.300086 -32.634258 -0.000003 -0.000002 0.000003 1.365975 1.958211 -47.384748 3.495376 9.457447 -43.618524 2.724238 8.061602 -41.708543 0.000003 -0.000001 0.000001 0.594923 1.542730 -54.372448 -0.299363 8.800137 -36.767625 -0.315991 7.906803 -33.488431 -0.000002 -0.000002 0.000004 3.917751 4.564843 -50.842408 -0.529590 6.545528 -43.892875 -1.421630 8.029387 -34.520100 0.000000 0.000004 0.000001 2.850565 6.625983 4.960480 -44.403538 41.236174 77.387218 3.515135 105.683954 -3.660735 -12.126618 7.408735 -41.757847 -3.257635 -15.964701 1.446104 3.431352 0.609153 5.067696 -2.303739 7.590567 0.868753 -0.000003 0.000000 0.000002 6.971477 -6.752179 54.817278 4.471714 -5.512355 29.530951 6.155869 -6.141059 39.247097 0.000002 -0.000002 -0.000002 3.014437 -3.437064 50.724031 2.008316 -6.481392 31.132822 2.542220 -6.954546 33.915605 0.000002 0.000001 0.000003 3.942746 -4.413949 60.684892 -0.251318 -4.956341 22.914313 -0.049843 -5.888747 27.309219 -0.000002 0.000002 0.000003 2.624964 -3.367200 58.346317 -1.531301 -8.905613 38.041582 -1.803830 -8.490472 39.371328 -0.000002 0.000001 0.000002 -39.964256 4.219665 0.639115 59.425917 -5.719597 3.746232 -22.065239 -5.911412 -2.174643 -0.000051 -0.000001 0.000000 0.000000 -0.000000 -0.000000 -19.551698 -15.691096 -21.734210 45.801855 -10.210054 -9.474557 -21.601409 -3.389400 15.538170 -7.805229 0.000019 0.000017 -0.000001 0.000001 0.000001 
16.894838 91.107712 6.641863 0.519900 -15.772802 4.466482 2.292856 3.572675 0.283124 3.248690 7.221600 0.316536 3.206782 7.235302 0.393529 -11.166227 -3.500867 -2.562954 -6.383347 -21.850808 11.183126 -0.000001 0.000001 -0.000000 1.104022 -4.539831 0.771628 -0.290288 -19.190624 -56.538766 -160.710690 -87.018160 -160.681430 -12.899786 4.744756 16.987889 6.290566 13.239888 -8.012048 2.976704 3.820298 -4.746478 0.776885 7.802285 -2.961879 -0.000001 0.000002 -0.000004 0.766193 1.050997 -40.105143 8.225406 8.353408 -49.404807 4.481871 6.162904 -31.708019 0.000001 0.000000 -0.000003 0.909509 1.156547 -44.176198 3.259916 9.202739 -42.059765 2.673981 7.997468 -41.344084 -0.000001 0.000001 -0.000001 0.263054 0.876333 -51.634912 -0.379881 8.521011 -35.510799 -0.332066 7.844121 -33.206836 -0.000001 -0.000000 0.000000 3.602818 4.218839 -48.268622 -0.625592 6.250288 -42.636216 -1.434430 7.931545 -34.127068 0.000001 -0.000002 -0.000001 2.883519 6.722029 5.145811 -41.295310 40.474571 75.443148 3.404127 106.168064 -3.554191 -13.348732 6.521455 -39.006008 -3.184964 -16.024612 1.629772 3.431351 0.609164 5.067701 -2.260353 7.348554 0.853292 -0.000002 -0.000001 0.000001 6.928016 -6.742641 54.374047 4.411865 -5.469808 29.220908 6.158878 -6.142619 39.261669 0.000000 0.000004 -0.000000 2.699302 -3.107891 49.620283 1.972765 -6.427534 30.827273 2.544390 -6.957357 33.932479 -0.000002 0.000002 0.000000 3.765911 -4.259129 59.823885 -0.260213 -4.896615 22.634183 -0.048780 -5.893236 27.330640 -0.000002 0.000000 -0.000001 2.530808 -3.289428 58.188185 -1.533949 -8.889248 37.970719 -1.802930 -8.496751 39.397805 0.000003 -0.000001 0.000001 -37.699202 4.763961 -0.951665 59.893765 -5.705375 3.126448 -22.702408 -5.117119 -1.400357 0.223226 0.000001 0.000001 0.000000 -0.000002 0.000000 -18.334640 -15.039242 -24.101796 46.466364 -9.560358 -9.439792 -21.709782 -3.055287 14.938274 -9.009116 0.000008 0.000010 -0.000001 0.000003 0.000000 
17.436756 90.966743 6.899476 -1.525819 -16.568055 5.514770 2.211420 3.642373 1.368379 2.969576 7.342393 1.928393 2.885147 7.356851 2.005058 -10.619347 -3.414584 -2.282618 -5.265936 -20.737602 8.223008 0.000000 0.000000 -0.000000 1.231095 -5.490468 1.094501 3.128813 -20.103909 -56.468726 -118.974246 -88.873294 -118.965749 -11.077139 5.203317 15.663710 6.331552 13.261103 -8.123865 2.972906 3.793932 -4.743618 0.773617 7.786078 -2.959865 0.000003 -0.000001 -0.000005 0.337159 0.200113 -37.321728 7.865827 8.215028 -47.805768 4.315702 6.030286 -30.830972 0.000001 0.000002 -0.000001 0.571233 0.446202 -41.316385 3.040521 8.952182 -40.564422 2.613807 7.919545 -40.903664 0.000002 0.000001 0.000005 0.006133 0.284755 -49.249366 -0.447077 8.268034 -34.379354 -0.347513 7.782616 -32.930944 -0.000002 0.000001 -0.000000 3.326498 3.899104 -46.109036 -0.692689 6.029548 -41.703011 -1.445883 7.839230 -33.756704 0.000001 0.000001 -0.000002 2.881109 6.697161 5.228932 -38.472034 39.645888 73.373635 3.281901 106.735674 -3.437098 -14.061409 5.110646 -34.969575 -3.064764 -16.143388 1.847811 3.431357 0.609157 5.067697 -2.206656 7.049134 0.834087 -0.000003 0.000000 0.000001 6.896547 -6.744066 53.893488 4.357662 -5.430858 28.938948 6.152658 -6.139405 39.231517 0.000001 0.000001 -0.000001 2.442062 -2.812587 48.461374 1.942796 -6.381653 30.567917 2.542477 -6.954887 33.917640 0.000002 -0.000000 0.000000 3.593701 -4.097904 58.875070 -0.267568 -4.845399 22.394172 -0.047722 -5.897744 27.352235 0.000003 -0.000001 0.000000 2.440866 -3.211419 57.997923 -1.536839 -8.871177 37.892582 -1.802471 -8.499896 39.411134 0.000000 -0.000002 0.000002 -35.211585 5.289891 -2.824529 60.027459 -5.732774 2.493476 -23.261580 -3.871662 -0.583623 0.190730 0.000003 0.000005 0.000000 0.000002 -0.000000 -17.446841 -14.300975 -26.707421 47.117882 -9.115769 -9.406872 -21.422458 -2.654460 14.165122 -10.206440 -0.000026 0.000011 -0.000002 0.000003 0.000001 
17.993822 90.879288 7.131537 -3.444016 -17.722507 6.810883 2.147544 3.666535 2.382657 2.733837 7.344909 3.476948 2.609047 7.360126 3.551683 -10.190460 -3.275977 -2.020294 -4.052378 -19.351724 4.649003 -0.000001 -0.000000 -0.000000 1.332349 -6.235527 1.295489 6.473034 -21.537724 -56.255210 -24.778861 -87.649448 -24.793940 -9.631916 5.615318 14.023201 6.360280 13.278042 -8.193780 2.963435 3.728353 -4.736446 0.773234 7.784127 -2.959652 0.000002 0.000001 -0.000000 0.025408 -0.505390 -35.152713 7.555957 8.086397 -46.413922 4.170058 5.910569 -30.053488 0.000000 -0.000003 0.000001 0.336608 -0.121888 -39.070728 2.844217 8.716109 -39.186779 2.546792 7.831279 -40.408147 0.000002 0.000002 0.000004 -0.179506 -0.190951 -47.380373 -0.500300 8.051374 -33.415533 -0.361291 7.726552 -32.679846 -0.000002 0.000003 -0.000001 3.099294 3.625090 -44.470805 -0.737106 5.875713 -41.055717 -1.455174 7.760349 -33.440500 -0.000001 -0.000001 -0.000001 2.857683 6.589387 5.349586 -36.177876 38.917533 71.226715 3.155153 107.366844 -3.316100 -14.462615 3.613273 -30.708223 -2.930155 -16.281931 2.061879 3.431355 0.609153 5.067697 -2.150344 6.735756 0.813864 -0.000000 -0.000004 -0.000002 6.847391 -6.733569 53.396616 4.310341 -5.396537 28.692122 6.138542 -6.132082 39.163198 0.000002 0.000001 -0.000000 2.235458 -2.554094 47.340362 1.923411 -6.351717 30.399031 2.535681 -6.946133 33.865075 -0.000000 0.000001 -0.000000 3.423852 -3.931375 57.896003 -0.272542 -4.810033 22.228550 -0.047205 -5.899863 27.362308 -0.000000 -0.000001 0.000000 2.353148 -3.132679 57.788421 -1.539107 -8.856860 37.830567 -1.802527 -8.499399 39.409047 0.000002 -0.000001 0.000000 -32.661927 5.799310 -4.985690 59.792904 -5.834906 1.783289 -23.503314 -2.186480 0.095990 0.168517 -0.000004 0.000003 -0.000000 0.000002 -0.000000 -16.969514 -13.451912 -29.650620 47.689962 -8.629697 -9.380246 -20.913290 -2.251215 13.325678 -11.342247 -0.000010 0.000012 -0.000002 0.000006 0.000000 
18.529196 90.836288 7.349242 -5.108491 -19.239654 8.384639 2.082771 3.646935 3.292478 2.529904 7.246015 4.889338 2.370645 7.262409 4.960139 -9.870894 -3.091875 -1.757359 -2.763807 -17.736697 0.691296 -0.000001 0.000001 -0.000000 1.399966 -6.730054 1.431780 9.743377 -23.376672 -56.031949 -10.749366 -84.731106 -10.791478 -8.443088 5.850349 12.138756 6.384710 13.290777 -8.259535 2.949945 3.634681 -4.726234 0.765560 7.745987 -2.954959 0.000003 -0.000001 0.000001 -0.212814 -1.061622 -33.734482 7.299416 7.973167 -45.251110 4.051585 5.810694 -29.414756 0.000002 0.000000 -0.000001 0.177302 -0.529973 -37.586473 2.674638 8.502383 -37.963356 2.478034 7.738954 -39.893656 -0.000001 -0.000000 0.000003 -0.306696 -0.533069 -46.099375 -0.540966 7.873972 -32.629863 -0.372647 7.679634 -32.469872 0.000000 0.000000 -0.000001 2.924701 3.408977 -43.368706 -0.766997 5.768236 -40.604870 -1.461870 7.701007 -33.202854 0.000000 0.000001 0.000001 2.841534 6.489205 5.617949 -34.465008 38.370886 69.007785 3.029171 108.041626 -3.196331 -14.845298 2.349400 -27.164282 -2.813618 -16.402679 2.237577 3.431352 0.609160 5.067699 -2.098956 6.449893 0.795340 0.000000 0.000001 -0.000000 6.758280 -6.692172 52.906710 4.272205 -5.368643 28.492672 6.118089 -6.121452 39.064119 0.000001 0.000002 0.000002 2.070766 -2.334065 46.349350 1.920380 -6.347044 30.372728 2.523908 -6.930960 33.773923 0.000001 0.000002 0.000000 3.255769 -3.762452 56.955230 -0.273985 -4.799545 22.179427 -0.047736 -5.897613 27.351564 0.000004 -0.000001 0.000001 2.269883 -3.055941 57.575086 -1.539775 -8.852482 37.811630 -1.803153 -8.495184 39.391173 -0.000002 0.000002 0.000003 -30.177036 6.300318 -7.382646 59.175031 -5.988144 0.938648 -23.544255 -0.164765 0.789357 0.041157 0.000012 0.000002 -0.000000 -0.000001 -0.000000 -16.908861 -12.477054 -32.918489 48.067484 -7.903016 -9.341828 -20.354549 -1.880489 12.503291 -11.570159 -0.000012 0.000025 0.000000 0.000004 -0.000002 
18.995209 90.816513 7.552536 -6.402615 -21.124056 10.244025 1.999464 3.596729 4.056761 2.331941 7.075646 6.125306 2.146184 7.093437 6.190314 -9.609784 -2.862240 -1.488716 -1.442330 -15.926741 -3.335171 0.000000 -0.000001 0.000002 1.442167 -7.036790 1.543247 12.894309 -25.377903 -56.009259 -6.538062 -81.412255 -6.610235 -7.294801 5.804101 10.202452 6.409036 13.298047 -8.345791 2.934328 3.525592 -4.714353 0.742103 7.629190 -2.940558 0.000001 0.000004 -0.000005 -0.420780 -1.495794 -33.069239 7.093230 7.877594 -44.308977 3.963576 5.734986 -28.936366 -0.000000 -0.000001 0.000000 0.063158 -0.792963 -36.864829 2.532925 8.316158 -36.914604 2.413318 7.650471 -39.403788 -0.000000 -0.000001 0.000003 -0.391979 -0.749458 -45.376925 -0.571490 7.732908 -32.006960 -0.381072 7.644226 -32.311716 -0.000000 0.000001 0.000004 2.799605 3.253254 -42.736975 -0.790330 5.681918 -40.243649 -1.465929 7.664020 -33.054721 0.000000 -0.000000 0.000004 2.863997 6.502172 6.091137 -33.230274 37.954777 66.731501 2.908015 108.740102 -3.081549 -15.488665 1.413972 -24.850895 -2.739842 -16.477949 2.350658 3.431356 0.609160 5.067699 -2.058138 6.223108 0.780559 -0.000001 0.000002 0.000002 6.619290 -6.609211 52.448527 4.247877 -5.350726 28.365166 6.092923 -6.108306 38.942071 -0.000001 0.000002 0.000003 1.941085 -2.154535 45.564117 1.940534 -6.378155 30.548100 2.507946 -6.910326 33.650119 0.000001 0.000003 0.000002 3.092168 -3.596906 56.121687 -0.270614 -4.823880 22.293369 -0.049512 -5.890119 27.315735 -0.000003 -0.000002 -0.000000 2.197579 -2.987214 57.372783 -1.537833 -8.864905 37.865391 -1.804189 -8.487930 39.360516 -0.000004 -0.000000 0.000001 -27.868557 6.839435 -9.936698 58.182249 -3.737630 -0.083534 -23.576599 -0.160664 0.749723 -0.000517 0.000012 0.000005 0.000000 0.000000 0.000000 -17.257899 -11.290607 -36.395349 48.252370 -6.825884 -9.299782 -19.886828 -1.568380 11.775106 -11.448726 0.000007 0.000008 -0.000001 0.000006 -0.000001 
19.349392 90.803299 7.728992 -7.248696 -23.344028 12.309278 1.889066 3.528437 4.690254 2.119492 6.868231 7.181059 1.915247 6.886885 7.239344 -9.349219 -2.586914 -1.222541 -0.158393 -13.959476 -7.095349 -0.000003 0.000001 0.000001 1.475552 -7.277613 1.649170 15.767101 -27.263719 -56.441094 -4.558861 -77.797139 -4.663692 -6.020581 5.447965 8.468980 6.431732 13.297227 -8.455942 2.917750 3.409436 -4.701730 0.698821 7.412231 -2.913848 0.000004 0.000006 -0.000005 -0.630877 -1.849211 -33.034111 6.931170 7.799547 -43.563548 3.905562 5.684382 -28.619237 -0.000002 0.000000 -0.000002 -0.031208 -0.948721 -36.774633 2.418418 8.160268 -36.048263 2.357808 7.573254 -38.978834 0.000002 -0.000001 0.000003 -0.452092 -0.868498 -45.101891 -0.594389 7.621681 -31.517061 -0.386521 7.621146 -32.208495 0.000000 -0.000000 -0.000002 2.715375 3.150632 -42.458884 -0.813174 5.595424 -39.882246 -1.467656 7.647986 -32.990579 0.000001 0.000001 0.000001 2.942251 6.695042 6.762791 -32.315134 37.513223 64.447746 2.794743 109.442361 -2.974749 -16.552781 0.731657 -23.790249 -2.721097 -16.494253 2.390490 3.431357 0.609164 5.067701 -2.031004 6.072509 0.770727 0.000002 -0.000001 0.000000 6.433635 -6.484175 52.045813 4.244252 -5.348072 28.346130 6.064674 -6.093480 38.804986 -0.000001 0.000003 0.000001 1.842250 -2.018030 45.032957 1.990683 -6.454745 30.981547 2.489402 -6.886242 33.505872 -0.000001 -0.000002 -0.000001 2.938642 -3.443025 55.452711 -0.260907 -4.891786 22.611541 -0.052426 -5.877743 27.256546 0.000002 0.000002 0.000001 2.144668 -2.933936 57.193142 -1.532119 -8.900584 38.019790 -1.805464 -8.479180 39.323475 0.000001 -0.000000 0.000002 -25.891902 7.404115 -12.368040 57.043387 -1.452943 -1.292262 -23.548657 -0.152662 0.705399 0.000050 0.000011 0.000007 0.000000 -0.000001 0.000000 -17.932814 -9.834319 -39.832587 48.268032 -5.412339 -9.256931 -19.616117 -1.314270 11.189276 -11.018302 0.000006 0.000013 -0.000001 0.000005 -0.000002 
19.559948 90.777260 7.858945 -7.630476 -25.809091 14.466834 1.758850 3.451029 5.216206 1.891523 6.650983 8.079753 1.675349 6.669301 8.131378 -9.059723 -2.272341 -0.973351 0.983343 -11.889837 -10.311134 -0.000001 -0.000000 -0.000000 1.516665 -7.570464 1.751597 18.096417 -28.798991 -57.554145 -3.420011 -73.934202 -3.559899 -4.599969 4.838196 7.150452 6.446863 13.285306 -8.574149 2.900051 3.284636 -4.688162 0.637274 7.100762 -2.875574 -0.000000 0.000001 -0.000000 -0.859651 -2.160640 -33.421994 6.807054 7.738014 -42.989487 3.873864 5.656474 -28.445233 -0.000002 0.000001 -0.000005 -0.124186 -1.044791 -37.100812 2.329409 8.035519 -35.362174 2.314726 7.512494 -38.646170 0.000000 -0.000000 0.000001 -0.502124 -0.929367 -45.119342 -0.611910 7.533177 -31.128041 -0.389297 7.609293 -32.155571 0.000000 -0.000000 0.000002 2.659958 3.086505 -42.402368 -0.838582 5.496385 -39.469320 -1.467649 7.647946 -32.990442 0.000000 -0.000000 -0.000003 3.069047 7.058696 7.570583 -31.599693 36.867141 62.230147 2.691413 110.128331 -2.877735 -18.048187 0.168458 -23.661401 -2.756274 -16.452677 2.359967 3.431353 0.609162 5.067701 -2.017980 6.000106 0.765987 0.000001 -0.000001 -0.000001 6.215482 -6.326157 51.718896 4.268896 -5.366209 28.475352 6.035089 -6.077860 38.661114 0.000002 0.000001 -0.000001 1.772234 -1.926501 44.771870 2.076286 -6.582598 31.710055 2.470378 -6.861361 33.357237 0.000001 -0.000001 -0.000001 2.802339 -3.309870 54.983668 -0.243443 -5.007868 23.156127 -0.056119 -5.861914 27.180927 -0.000002 0.000001 -0.000001 2.118399 -2.902273 57.043090 -1.521777 -8.963814 38.293729 -1.806649 -8.470878 39.288293 -0.000001 -0.000000 -0.000003 -24.327068 8.022845 -14.442047 55.916969 0.688068 -2.657920 -23.487130 -0.131205 0.613097 0.000111 0.000007 0.000283 0.000000 -0.000001 0.000000 -18.792709 -8.088955 -42.950091 48.189396 -3.803610 -9.208653 -19.618445 -1.103484 10.768459 -10.323236 0.000030 0.000023 0.000000 0.000001 -0.000002 
19.601633 90.706512 7.899873 -7.602736 -28.364560 16.584476 1.626287 3.366479 5.664337 1.667479 6.435792 8.853865 1.444085 6.452646 8.899659 -8.756198 -1.934081 -0.753500 1.851878 -9.794247 -12.823678 0.000000 0.000001 -0.000002 1.575379 -7.980367 1.839896 19.617019 -29.821337 -59.456940 -2.690614 -69.910476 -2.867378 -3.164238 4.080350 6.329148 6.447423 13.260100 -8.676281 2.879461 3.138746 -4.672292 0.563838 6.724524 -2.829396 0.000003 -0.000003 0.000001 -1.107992 -2.458493 -33.998411 6.716110 7.691937 -42.567122 3.862413 5.646374 -28.382376 0.000000 -0.000000 -0.000002 -0.227609 -1.127042 -37.606762 2.263257 7.940704 -34.844678 2.285071 7.470188 -38.415426 0.000001 -0.000000 0.000004 -0.554626 -0.971544 -45.271228 -0.625645 7.461372 -30.812851 -0.389992 7.606302 -32.142283 -0.000001 -0.000001 0.000003 2.619925 3.043089 -42.448465 -0.866962 5.381926 -38.993222 -1.466698 7.656886 -33.026198 -0.000000 -0.000000 0.000003 3.217585 7.512367 8.419761 -31.033436 35.898952 60.140690 2.599479 110.778128 -2.791773 -19.856618 -0.382833 -24.020734 -2.833416 -16.366120 2.273086 3.431353 0.609159 5.067700 -2.017063 5.995078 0.765646 -0.000003 0.000001 0.000000 5.985083 -6.150914 51.481571 4.327595 -5.409088 28.782223 6.006091 -6.062446 38.520057 -0.000001 -0.000001 -0.000000 1.729438 -1.879635 44.766286 2.199209 -6.760187 32.733156 2.452906 -6.838415 33.220486 0.000002 0.000001 -0.000000 2.689696 -3.205153 54.722506 -0.217173 -5.169780 23.917197 -0.060110 -5.844771 27.099052 0.000003 0.000002 -0.000001 2.121469 -2.894832 56.924750 -1.506304 -9.054833 38.688568 -1.807522 -8.464818 39.262687 0.000004 -0.000001 0.000002 -23.214802 8.715531 -15.973844 54.992920 2.525412 -4.108495 -23.449161 -0.094940 0.452187 0.000263 0.000003 0.000232 0.000000 0.000000 0.000000 -19.709667 -6.076020 -45.503229 48.199760 -2.235033 -9.152448 -19.952767 -0.916625 10.495473 -9.441944 0.000012 0.000014 -0.000001 0.000004 0.000000 
19.492880 90.598640 7.844362 -7.282307 -30.817373 18.535008 1.510170 3.271364 6.058060 1.476918 6.220404 9.527914 1.249674 6.235535 9.568900 -8.487983 -1.593897 -0.569057 2.319663 -7.762919 -14.615573 -0.000000 -0.000003 0.000002 1.651768 -8.500931 1.893667 20.210748 -30.241953 -62.053163 -2.200199 -65.921714 -2.413951 -1.925579 3.274658 5.947025 6.429465 13.221750 -8.743503 2.853413 2.952877 -4.652113 0.487176 6.326035 -2.780563 0.000002 0.000000 -0.000004 -1.366346 -2.761538 -34.555003 6.654772 7.660385 -42.281405 3.864171 5.647925 -28.392133 -0.000001 -0.000000 0.000000 -0.347740 -1.231923 -38.089342 2.216339 7.872316 -34.473594 2.267711 7.445255 -38.279727 0.000000 -0.000001 0.000004 -0.618339 -1.026519 -45.427448 -0.636775 7.401622 -30.550873 -0.389319 7.609200 -32.155185 -0.000001 -0.000001 0.000001 2.583180 3.003923 -42.506668 -0.897284 5.254964 -38.466341 -1.465506 7.667906 -33.070301 0.000000 0.000001 -0.000002 3.356340 7.945841 9.214017 -30.611829 34.593289 58.204365 2.520235 111.371760 -2.718018 -21.769073 -0.964805 -24.472032 -2.934305 -16.254288 2.150632 3.431356 0.609160 5.067700 -2.024769 6.037909 0.768451 -0.000003 -0.000004 0.000001 5.763544 -5.976528 51.338321 4.421811 -5.476923 29.272418 5.980198 -6.048595 38.393808 0.000002 0.000004 0.000001 1.711129 -1.873245 44.977250 2.355810 -6.976911 34.000446 2.438703 -6.819669 33.108874 0.000000 0.000001 -0.000000 2.605105 -3.133213 54.650369 -0.182224 -5.366705 24.845669 -0.063836 -5.828620 27.021880 -0.000001 -0.000002 0.000002 2.150828 -2.909488 56.836866 -1.486068 -9.168497 39.182367 -1.807887 -8.462261 39.251837 0.000001 -0.000001 -0.000002 -22.470463 9.466780 -16.924066 54.320655 3.943241 -5.533973 -23.448948 -0.046967 0.236233 0.000193 0.000008 0.000326 0.000000 -0.000000 -0.000000 -20.527655 -3.950857 -47.373263 48.334571 -0.928112 -9.097348 -20.559790 -0.734321 10.331739 -8.473341 0.000013 0.000008 -0.000001 0.000001 -0.000001 
19.263201 90.454193 7.680932 -6.823149 -32.984551 20.212188 1.423457 3.162074 6.406179 1.344842 5.997897 10.109845 1.116514 6.012209 10.146810 -8.312087 -1.272953 -0.422218 2.309786 -5.883381 -15.791705 -0.000000 -0.000001 0.000002 1.736914 -9.067002 1.887010 19.990032 -30.061794 -65.006510 -1.871358 -62.304303 -2.119095 -1.073373 2.490210 5.873120 6.394801 13.173212 -8.772490 2.819816 2.710893 -4.625858 0.415189 5.946544 -2.734109 0.000002 -0.000001 -0.000000 -1.623587 -3.085249 -34.944829 6.619044 7.641818 -42.114663 3.872366 5.655167 -28.437144 -0.000000 0.000002 -0.000002 -0.486446 -1.383435 -38.411929 2.183952 7.824506 -34.215194 2.260271 7.434560 -38.221619 0.000000 -0.000001 0.000003 -0.697185 -1.113686 -45.500569 -0.646167 7.349926 -30.324421 -0.387933 7.615138 -32.181638 -0.000002 0.000001 -0.000003 2.541019 2.956982 -42.516469 -0.928416 5.118843 -37.902916 -1.464612 7.676156 -33.103345 -0.000000 0.000001 -0.000001 3.462249 8.270621 9.880025 -30.342668 33.022039 56.418636 2.454543 111.889277 -2.657088 -23.536967 -1.558219 -24.745647 -3.039254 -16.138600 2.016277 3.431354 0.609159 5.067698 -2.036881 6.105179 0.772861 -0.000001 0.000000 0.000002 5.568232 -5.818953 51.282713 4.546999 -5.565167 29.919435 5.960505 -6.038037 38.297769 -0.000001 0.000001 -0.000000 1.712543 -1.898885 45.348908 2.535750 -7.213922 35.411812 2.428723 -6.806453 33.030242 0.000000 0.000000 -0.000000 2.550098 -3.094120 54.727201 -0.140541 -5.580301 25.856332 -0.066853 -5.815432 26.958934 0.000002 0.000002 -0.000000 2.198570 -2.940155 56.776528 -1.462497 -9.294187 39.729585 -1.807701 -8.463541 39.257281 -0.000001 -0.000000 0.000002 -22.004100 10.230235 -17.376797 53.901732 4.887178 -6.795549 -23.474614 0.000708 0.062468 -0.284752 0.000005 0.000002 -0.000000 0.000001 -0.000000 -21.178187 -1.863254 -48.565152 48.679219 -0.061392 -9.044976 -21.369797 -0.545977 10.216949 -7.514239 -0.000001 0.000014 -0.000002 0.000003 0.000000 
18.942484 90.269768 7.404736 -6.382843 -34.739848 21.540047 1.370166 3.041517 6.700845 1.280084 5.767843 10.592816 1.053311 5.782899 10.626320 -8.266160 -0.985151 -0.316673 1.837460 -4.222430 -16.531556 0.000000 0.000000 0.000001 1.817188 -9.588425 1.796975 19.247774 -29.403527 -67.818943 -1.665459 -59.487328 -1.940046 -0.682605 1.781835 5.991090 6.351148 13.119988 -8.777345 2.778318 2.408652 -4.593090 0.352877 5.613601 -2.693406 0.000003 0.000004 -0.000003 -1.874843 -3.446432 -35.094697 6.603015 7.633454 -42.039794 3.881414 5.663148 -28.486851 0.000001 -0.000000 -0.000000 -0.642090 -1.592510 -38.511694 2.160481 7.789633 -34.027166 2.260185 7.434430 -38.220834 0.000001 -0.000001 0.000000 -0.789981 -1.240001 -45.446006 -0.654676 7.302006 -30.114577 -0.386308 7.622026 -32.212501 -0.000002 0.000000 -0.000001 2.489616 2.896271 -42.442232 -0.960078 4.973535 -37.303017 -1.464214 7.679722 -33.117559 -0.000001 0.000001 -0.000001 3.525526 8.448661 10.374895 -30.226698 31.296453 54.791538 2.403167 112.310692 -2.609624 -24.936155 -2.110729 -24.710709 -3.130930 -16.038193 1.892591 3.431353 0.609164 5.067699 -2.049284 6.173939 0.777351 -0.000003 -0.000001 0.000000 5.409660 -5.688868 51.296623 4.692348 -5.664987 30.664425 5.950629 -6.032718 38.249561 -0.000001 -0.000001 -0.000001 1.726860 -1.944647 45.814747 2.722491 -7.447537 36.831266 2.423214 -6.799149 32.986887 0.000001 -0.000001 0.000001 2.523612 -3.084256 54.900576 -0.096270 -5.787659 26.841489 -0.068884 -5.806614 26.916930 -0.000001 -0.000001 -0.000001 2.254546 -2.979035 56.740728 -1.438120 -9.417461 40.267472 -1.807033 -8.468244 39.277197 -0.000000 -0.000001 -0.000001 -21.770907 10.939940 -17.447073 53.758216 5.404610 -7.796117 -23.518947 0.054674 -0.118207 -0.652333 0.000008 -0.000001 -0.000000 -0.000000 -0.000000 -21.661072 0.078487 -49.170341 49.328903 0.285095 -8.993989 -22.302989 -0.352092 10.099381 -6.659726 -0.000030 0.000001 -0.000000 0.000007 0.000001 
18.555706 90.043221 7.023937 -6.095061 -36.031184 22.470831 1.344535 2.919911 6.926981 1.270840 5.541040 10.964042 1.047956 5.558088 10.994629 -8.353492 -0.733708 -0.260237 1.019955 -2.812828 -17.033810 -0.000001 -0.000003 0.000003 1.880350 -9.988472 1.616212 18.310892 -28.504012 -70.016112 -1.561691 -57.862979 -1.851910 -0.666561 1.215921 6.246886 6.309556 13.068933 -8.783485 2.731027 2.059070 -4.555257 0.301435 5.335605 -2.659445 0.000005 0.000001 -0.000006 -2.124168 -3.863662 -34.997971 6.598405 7.631044 -42.018190 3.887551 5.668546 -28.520452 0.000001 0.000000 -0.000001 -0.810210 -1.858088 -38.388358 2.140337 7.759413 -33.864734 2.265184 7.441650 -38.260063 0.000001 -0.000001 0.000002 -0.891552 -1.402317 -45.254808 -0.663188 7.253005 -29.900369 -0.384700 7.628834 -32.242861 0.000000 -0.000001 -0.000001 2.429779 2.821482 -42.267656 -0.992757 4.815277 -36.651430 -1.464271 7.679220 -33.115537 0.000003 -0.000000 -0.000003 3.547557 8.488570 10.681210 -30.246386 29.518479 53.373533 2.367020 112.615988 -2.576316 -25.826830 -2.573288 -24.358217 -3.195909 -15.967941 1.798944 3.431357 0.609160 5.067699 -2.058454 6.224821 0.780669 -0.000001 -0.000001 0.000001 5.290792 -5.590344 51.351804 4.842000 -5.764892 31.424881 5.953966 -6.034509 38.265875 0.000000 -0.000000 -0.000003 1.746082 -1.997129 46.302932 2.895973 -7.654246 38.112910 2.421877 -6.797382 32.976338 0.000000 0.000001 -0.000001 2.522504 -3.097422 55.114688 -0.055142 -5.966128 27.692826 -0.069733 -5.802894 26.899126 0.000000 0.000001 -0.000002 2.309798 -3.019125 56.726910 -1.416304 -9.522927 40.728691 -1.806007 -8.475399 39.307500 0.000004 0.000000 0.000000 -21.734929 11.533927 -17.247735 53.903225 5.630232 -8.495633 -23.574278 0.125362 -0.379744 -0.849377 0.000009 -0.000001 0.000000 0.000001 -0.000000 -22.005328 1.798703 -49.317142 50.332689 0.146295 -8.942141 -23.276612 -0.163056 9.959580 -5.990910 0.000001 0.000007 -0.000001 0.000008 -0.000001 
18.117474 89.776131 6.560164 -6.055475 -36.865017 22.979352 1.331557 2.810852 7.073344 1.287568 5.334890 11.213818 1.070176 5.354456 11.241964 -8.542929 -0.512598 -0.262390 0.045562 -1.650112 -17.468098 0.000000 0.000003 -0.000000 1.920418 -10.231267 1.360857 17.407523 -27.630675 -71.323834 -1.548048 -57.638088 -1.840436 -0.791204 0.864386 6.640186 6.280594 13.026241 -8.817014 2.681859 1.690139 -4.515342 0.258939 5.103529 -2.631127 0.000001 -0.000000 -0.000002 -2.380205 -4.351337 -34.696920 6.595620 7.629583 -42.005158 3.888784 5.669634 -28.527246 -0.000001 0.000002 -0.000005 -0.984000 -2.168670 -38.085285 2.118734 7.726881 -33.690120 2.273770 7.453986 -38.327132 0.000002 0.000001 -0.000004 -0.994806 -1.590492 -44.944783 -0.672435 7.198518 -29.662258 -0.383189 7.635280 -32.271677 0.000000 0.000000 -0.000002 2.365561 2.736669 -41.994233 -1.026791 4.639666 -35.930401 -1.464551 7.676639 -33.105271 0.000002 0.000000 0.000001 3.535754 8.422724 10.798550 -30.357643 27.758867 52.254772 2.347463 112.785261 -2.558314 -26.183933 -2.926307 -23.771384 -3.224432 -15.938817 1.750010 3.431354 0.609164 5.067701 -2.061742 6.243218 0.781865 0.000000 -0.000003 -0.000001 5.208471 -5.521807 51.413064 4.977797 -5.853084 32.109477 5.972845 -6.044658 38.357946 0.000000 0.000000 -0.000001 1.762604 -2.043551 46.741611 3.036872 -7.815372 39.129805 2.424043 -6.800240 32.993304 -0.000000 -0.000000 -0.000000 2.542333 -3.126350 55.317989 -0.022971 -6.097958 28.323857 -0.069423 -5.804238 26.905587 0.000001 0.000000 0.000001 2.359153 -3.056332 56.732729 -1.400293 -9.597673 41.056137 -1.804791 -8.483895 39.343430 -0.000001 -0.000002 -0.000001 -21.842072 11.973966 -16.873579 54.330634 5.775450 -8.893312 -23.631012 0.219258 -0.760301 -0.834626 0.000005 0.000005 0.000000 0.000000 0.000000 -22.235647 3.229266 -49.133331 51.670180 -0.356558 -8.888016 -24.227132 0.004525 9.814124 -5.553219 0.000008 0.000011 0.000001 -0.000000 0.000002 
17.631390 89.477325 6.047540 -6.319233 -37.275552 23.059190 1.309126 2.725230 7.138406 1.291185 5.163928 11.339592 1.079856 5.185907 11.365408 -8.780084 -0.311353 -0.328961 -0.882704 -0.701834 -17.942992 -0.000002 -0.000003 -0.000001 1.939096 -10.328407 1.067805 16.619276 -26.968807 -71.726979 -1.617371 -58.752987 -1.898993 -0.753972 0.772511 7.179909 6.270719 12.995655 -8.894581 2.635388 1.335621 -4.477059 0.221717 4.898741 -2.606118 -0.000001 0.000001 0.000001 -2.648859 -4.910668 -34.263002 6.586096 7.624586 -41.960581 3.884668 5.666019 -28.504690 -0.000001 -0.000000 0.000001 -1.155257 -2.504297 -37.670959 2.093015 7.687797 -33.480897 2.284878 7.469907 -38.413882 0.000001 -0.000001 0.000004 -1.092998 -1.790496 -44.554167 -0.682767 7.135870 -29.388651 -0.381698 7.641559 -32.299691 -0.000002 -0.000001 0.000002 2.302054 2.648129 -41.642997 -1.061560 4.446502 -35.139595 -1.464871 7.673733 -33.093581 0.000001 -0.000001 0.000003 3.499164 8.286184 10.739829 -30.491231 26.069338 51.528521 2.345901 112.798559 -2.556892 -26.081907 -3.184959 -23.084139 -3.209367 -15.959157 1.755300 3.431353 0.609161 5.067703 -2.057406 6.219077 0.780301 0.000001 -0.000001 0.000000 5.155960 -5.478394 51.443158 5.082924 -5.919780 32.635983 6.007603 -6.063255 38.527359 0.000002 -0.000000 -0.000001 1.770451 -2.073427 47.065143 3.131040 -7.919881 39.798443 2.428873 -6.806660 33.031471 0.000001 0.000000 -0.000000 2.577643 -3.163751 55.468267 -0.003792 -6.173537 28.686497 -0.068050 -5.810225 26.934159 -0.000002 0.000001 -0.000000 2.402110 -3.089957 56.755074 -1.392376 -9.633910 41.215025 -1.803509 -8.492736 39.380880 -0.000001 -0.000001 -0.000001 -22.008743 12.247898 -16.381915 55.012901 6.105100 -9.021812 -23.675568 0.342145 -1.296568 -0.665262 -0.000012 0.000001 0.000000 0.000000 -0.000000 -22.344885 4.284138 -48.729828 53.240502 -1.068535 -8.831861 -25.129547 0.132393 9.701701 -5.337566 0.000005 0.000004 0.000000 -0.000004 0.000000 
17.095066 89.164001 5.527484 -6.901917 -37.301340 22.723073 1.252589 2.666710 7.130706 1.243589 5.032517 11.344529 1.037886 5.056688 11.367628 -9.004103 -0.120849 -0.457675 -1.600225 0.074024 -18.495671 -0.000002 -0.000003 0.000003 1.943117 -10.325818 0.780878 15.911586 -26.560883 -71.408829 -1.765794 -60.921879 -2.026665 -0.303770 0.931186 7.840928 6.280492 12.977382 -9.018373 2.595038 1.023224 -4.443322 0.186231 4.701867 -2.582095 0.000001 0.000003 -0.000001 -2.927658 -5.521770 -33.780661 6.564530 7.613254 -41.859723 3.875793 5.658178 -28.455898 0.000001 0.000001 -0.000001 -1.315683 -2.839112 -37.225593 2.062895 7.641600 -33.234283 2.297569 7.488069 -38.512865 0.000000 0.000000 0.000001 -1.181566 -1.987010 -44.136717 -0.694040 7.065423 -29.081422 -0.380233 7.647803 -32.327603 -0.000001 -0.000001 0.000004 2.243448 2.562283 -41.255285 -1.095164 4.243559 -34.311005 -1.465190 7.670808 -33.081956 0.000000 0.000001 -0.000001 3.446286 8.108279 10.531236 -30.568508 24.513023 51.246257 2.364744 112.635823 -2.574217 -25.640163 -3.383270 -22.429860 -3.144977 -16.035930 1.818861 3.431353 0.609160 5.067696 -2.044238 6.145929 0.775523 -0.000001 -0.000001 0.000000 5.126250 -5.454763 51.409417 5.145314 -5.958727 32.947033 6.056403 -6.089129 38.764745 -0.000000 -0.000000 0.000002 1.765787 -2.079475 47.221677 3.172588 -7.965201 40.090717 2.435667 -6.815664 33.084996 0.000001 -0.000000 0.000001 2.622337 -3.202760 55.534953 0.000998 -6.192132 28.775826 -0.065792 -5.820113 26.981365 -0.000001 -0.000000 -0.000000 2.441856 -3.122009 56.789478 -1.393198 -9.630138 41.198502 -1.802262 -8.501342 39.417329 0.000000 -0.000001 0.000001 -22.124817 12.366858 -15.794572 55.890250 6.879402 -8.931508 -23.683988 0.494921 -2.005419 -0.512041 0.000003 0.000005 -0.000000 -0.000003 -0.000000 -22.290239 4.863814 -48.193624 54.883439 -1.851824 -8.776255 -26.004619 0.206907 9.661951 -5.274345 0.000009 0.000012 -0.000001 -0.000001 0.000000 
16.501154 88.852219 5.035092 -7.782084 -36.978969 22.004508 1.140259 2.630897 7.063922 1.116731 4.934006 11.233966 0.915653 4.960701 11.253247 -9.163226 0.062910 -0.638054 -2.011169 0.710840 -19.103279 -0.000001 -0.000000 -0.000002 1.940448 -10.280963 0.533501 15.200796 -26.330724 -70.641006 -1.994241 -63.767794 -2.228168 0.649660 1.276787 8.554955 6.304866 12.968228 -9.176836 2.562087 0.764596 -4.415417 0.150097 4.499925 -2.557477 0.000003 0.000003 -0.000002 -3.205323 -6.142298 -33.335158 6.530290 7.595140 -41.699316 3.863357 5.647194 -28.387562 -0.000002 -0.000000 0.000001 -1.458715 -3.145370 -36.830969 2.030306 7.591171 -32.965802 2.310726 7.506805 -38.615106 0.000000 -0.000000 -0.000002 -1.259076 -2.165424 -43.755865 -0.705488 6.991055 -28.757453 -0.378793 7.653872 -32.354753 -0.000000 0.000000 -0.000003 2.191657 2.484355 -40.889368 -1.124808 4.046923 -33.510459 -1.465653 7.666612 -33.065127 0.000000 -0.000000 -0.000004 3.385018 7.914559 10.206674 -30.523941 23.182868 51.393209 2.407117 112.277204 -2.613262 -24.954754 -3.548793 -21.897079 -3.027020 -16.174805 1.939000 3.431355 0.609164 5.067698 -2.021584 6.020186 0.767304 -0.000002 0.000000 0.000001 5.114202 -5.447043 51.289560 5.159980 -5.967807 33.020010 6.115694 -6.120216 39.052559 0.000003 -0.000000 0.000000 1.746562 -2.057337 47.179583 3.164136 -7.956030 40.031431 2.443890 -6.826525 33.149691 0.000002 0.000000 -0.000000 2.669712 -3.237213 55.498982 -0.007216 -6.160176 28.622348 -0.062800 -5.833131 27.043502 -0.000001 0.000001 -0.000001 2.482969 -3.155445 56.829950 -1.401851 -9.590488 41.024650 -1.801069 -8.509561 39.452098 0.000001 0.000001 0.000002 -22.085219 12.358928 -15.093885 56.885186 8.268212 -8.675454 -23.625524 0.672053 -2.875940 -0.621299 0.000006 0.000011 0.000000 -0.000002 0.000000 -22.016741 4.893493 -47.575269 56.443707 -2.623549 -8.724808 -26.923159 0.223877 9.714321 -5.249981 -0.000029 0.000003 0.000000 0.000001 -0.000001 
15.846166 88.556915 4.600878 -8.907612 -36.349410 20.966427 0.958438 2.611119 6.940666 0.896852 4.855937 11.013138 0.699356 4.886051 11.026925 -9.224406 0.237886 -0.854706 -2.093196 1.224204 -19.710010 -0.000001 0.000002 0.000001 1.938145 -10.244275 0.338107 14.423801 -26.154319 -69.686549 -2.313032 -66.966337 -2.517058 1.994571 1.713885 9.242516 6.335314 12.962821 -9.349821 2.535302 0.552346 -4.392518 0.112710 4.289129 -2.531781 0.000001 -0.000001 0.000002 -3.466206 -6.715109 -33.003863 6.486978 7.572066 -41.496094 3.849013 5.634484 -28.308530 0.000001 -0.000001 -0.000003 -1.580893 -3.397881 -36.561979 1.998585 7.541566 -32.702604 2.322923 7.524098 -38.709691 0.000002 0.000001 0.000002 -1.326940 -2.313488 -43.476493 -0.716147 6.919197 -28.444652 -0.377487 7.659313 -32.379021 -0.000001 -0.000000 -0.000002 2.146328 2.417244 -40.611396 -1.148049 3.877902 -32.823765 -1.466491 7.658841 -33.033971 0.000001 -0.000000 -0.000001 3.323170 7.731106 9.796097 -30.317905 22.186917 51.893841 2.485510 111.642154 -2.685777 -24.049238 -3.686220 -21.510036 -2.853473 -16.378739 2.108299 3.431352 0.609157 5.067696 -1.989382 5.841413 0.755586 0.000002 -0.000004 0.000002 5.117526 -5.453722 51.076394 5.129688 -5.949007 32.869244 6.181469 -6.154269 39.370949 0.000002 0.000000 0.000001 1.711599 -2.004852 46.930773 3.114762 -7.902000 39.683556 2.453265 -6.838886 33.223232 0.000001 -0.000000 -0.000000 2.712946 -3.261644 55.350982 -0.025491 -6.087773 28.275018 -0.059220 -5.848635 27.117533 0.000002 -0.000001 0.000002 2.529014 -3.192370 56.869490 -1.416380 -9.522526 40.726960 -1.799881 -8.517627 39.486263 0.000000 -0.000001 0.000000 -21.864749 12.240418 -14.160013 58.014397 10.212283 -8.299992 -23.517296 0.927299 -4.392506 -0.453314 -0.000008 0.000008 -0.000000 -0.000001 0.000000 -21.466175 4.345073 -46.899917 57.780163 -3.358845 -8.680925 -27.968776 0.188623 9.854267 -5.136226 -0.000013 -0.000000 0.000000 0.000004 0.000000 
15.146562 88.295357 4.267826 -10.210838 -35.456185 19.667362 0.700849 2.598981 6.774156 0.582123 4.787108 10.688515 0.387476 4.821812 10.694640 -9.173469 0.397696 -1.091923 -1.884618 1.614937 -20.258628 0.000003 -0.000000 -0.000004 1.941487 -10.251794 0.187940 13.579765 -25.926418 -68.746762 -2.751217 -70.316757 -2.924236 3.468698 2.145282 9.860167 6.362499 12.955675 -9.514490 2.511880 0.364714 -4.372292 0.074876 4.074251 -2.505564 0.000000 0.000004 -0.000003 -3.696106 -7.182179 -32.848893 6.440734 7.547203 -41.278757 3.834603 5.621712 -28.229288 -0.000000 -0.000001 -0.000001 -1.681763 -3.577658 -36.477797 1.971283 7.498472 -32.474578 2.332791 7.538032 -38.785868 0.000002 -0.000001 -0.000000 -1.388243 -2.422361 -43.354534 -0.725043 6.857042 -28.174452 -0.376488 7.663480 -32.397694 -0.000000 0.000001 -0.000002 2.105417 2.361866 -40.483262 -1.163389 3.756992 -32.333368 -1.467944 7.645372 -32.980132 0.000001 0.000000 -0.000004 3.268429 7.586558 9.309009 -29.927888 21.607602 52.637867 2.610770 110.696125 -2.802279 -22.870101 -3.783176 -21.240312 -2.626285 -16.645922 2.314091 3.431353 0.609162 5.067700 -1.948324 5.613784 0.740626 -0.000002 -0.000003 -0.000003 5.136279 -5.475270 50.779885 5.063495 -5.907538 32.538806 6.250548 -6.189508 39.704398 -0.000003 0.000000 -0.000000 1.660134 -1.921578 46.490516 3.036532 -7.814998 39.127446 2.463737 -6.852661 33.305283 0.000000 -0.000000 0.000000 2.745863 -3.271577 55.089365 -0.050664 -5.984895 27.782558 -0.055116 -5.866217 27.201507 0.000002 -0.000001 0.000002 2.580861 -3.232926 56.901449 -1.434621 -9.434728 40.342915 -1.798627 -8.526083 39.522080 0.000006 -0.000001 0.000000 -21.343182 12.044095 -12.996524 58.977017 11.562438 -7.795536 -23.364491 2.082659 -5.803523 -0.486974 0.000003 0.000003 0.000000 -0.000000 -0.000000 -20.581891 3.214825 -46.164753 58.748520 -4.063054 -8.650445 -29.187803 0.110216 10.064003 -4.829503 0.000008 0.000010 -0.000002 -0.000001 -0.000001 
14.406629 88.069160 4.052140 -11.619335 -34.339842 18.152099 0.365570 2.586034 6.589549 0.174999 4.722752 10.270292 -0.017255 4.762730 10.266588 -9.008240 0.534528 -1.337332 -1.462120 1.878822 -20.713727 0.000001 -0.000003 0.000001 1.954129 -10.326005 0.067940 12.731092 -25.595494 -67.949003 -3.373941 -73.726920 -3.515759 4.779994 2.491969 10.428680 6.378641 12.942807 -9.649252 2.488599 0.176794 -4.352032 0.038485 3.865641 -2.480134 0.000003 0.000001 0.000001 -3.886278 -7.499915 -32.910850 6.398068 7.524063 -41.077741 3.822383 5.610821 -28.161860 0.000002 -0.000001 -0.000000 -1.762533 -3.673883 -36.614380 1.951282 7.466652 -32.306713 2.339322 7.547262 -38.836374 0.000000 -0.000001 0.000000 -1.446217 -2.486858 -43.427979 -0.731445 6.810886 -27.973789 -0.375915 7.665929 -32.408650 -0.000002 0.000000 -0.000001 2.066232 2.317827 -40.551000 -1.170472 3.698265 -32.095366 -1.470035 7.625620 -32.901069 -0.000000 -0.000001 0.000001 3.227416 7.509910 8.728185 -29.324150 21.463738 53.509898 2.787654 109.487782 -2.968054 -21.333116 -3.833622 -21.039689 -2.352802 -16.967926 2.539778 3.431354 0.609161 5.067699 -1.900349 5.347816 0.723063 -0.000000 0.000000 0.000001 5.171826 -5.513120 50.426078 4.973790 -5.850509 32.089291 6.321288 -6.225095 40.044890 0.000001 0.000000 -0.000000 1.592450 -1.809243 45.894814 2.941098 -7.706476 38.440714 2.475423 -6.867964 33.396712 -0.000000 -0.000000 -0.000001 2.763906 -3.264159 54.720286 -0.080206 -5.858872 27.180733 -0.050572 -5.885607 27.294194 0.000000 0.000000 0.000001 2.636464 -3.275313 56.921017 -1.454658 -9.334528 39.905483 -1.797233 -8.535548 39.562115 0.000004 -0.000000 0.000000 -21.128840 12.067519 -11.666106 60.623857 11.735926 -7.241232 -23.608035 4.222997 -4.117084 -0.442275 -0.000004 0.000004 -0.000000 -0.000001 0.000000 -19.364577 1.556735 -45.310334 59.316436 -4.771142 -8.636804 -30.602055 -0.001195 10.298508 -4.286501 -0.000011 0.000011 0.000000 -0.000002 -0.000001 
13.625376 87.908249 3.956698 -13.054732 -33.039698 16.486548 -0.048100 2.571800 6.389076 -0.325568 4.665969 9.772781 -0.515736 4.710780 9.756927 -8.731285 0.641602 -1.583635 -0.912884 2.013862 -21.069042 0.000002 0.000000 -0.000000 1.977619 -10.476424 -0.033693 11.975731 -25.168602 -67.358103 -4.323563 -77.157013 -4.434172 5.735922 2.692154 11.022400 6.378730 12.922930 -9.734995 2.463480 -0.028079 -4.329969 0.005808 3.676820 -2.457112 0.000002 -0.000001 0.000001 -4.033952 -7.648331 -33.204531 6.364097 7.505496 -40.917457 3.814685 5.603942 -28.119348 0.000001 -0.000000 0.000001 -1.823741 -3.682619 -36.981492 1.940487 7.449364 -32.215619 2.342385 7.551595 -38.860136 0.000000 0.000001 -0.000000 -1.502591 -2.504554 -43.712282 -0.735010 6.784694 -27.860149 -0.375771 7.666605 -32.411638 -0.000002 -0.000003 -0.000001 2.026419 2.284654 -40.838381 -1.169537 3.706133 -32.127239 -1.472584 7.601135 -32.803076 -0.000001 0.000001 -0.000001 3.204247 7.524311 8.018902 -28.451045 21.702108 54.410363 3.024752 108.066147 -3.192116 -19.399919 -3.858461 -20.871417 -2.046619 -17.328817 2.766996 3.431353 0.609162 5.067701 -1.848634 5.061619 0.704058 -0.000001 0.000002 0.000002 5.225907 -5.568731 50.053737 4.873101 -5.785300 31.582139 6.393089 -6.260675 40.389480 -0.000001 0.000000 -0.000000 1.511557 -1.673419 45.197547 2.837518 -7.585630 37.684640 2.488411 -6.884942 33.498130 0.000000 0.000000 -0.000000 2.765313 -3.238927 54.260515 -0.112472 -5.713799 26.490122 -0.045628 -5.906488 27.394000 -0.000002 0.000000 -0.000001 2.691828 -3.316535 56.926669 -1.475055 -9.227985 39.441207 -1.795635 -8.546375 39.607980 0.000000 -0.000000 -0.000000 -20.744811 12.095495 -10.203004 62.212204 12.093394 -6.460665 -23.899957 5.831928 -1.958659 -0.424073 -0.000003 0.000002 -0.000000 -0.000001 0.000000 -17.835600 -0.450911 -44.367133 59.526335 -5.132676 -8.636414 -31.711667 -0.246653 11.059862 -3.538385 0.000005 0.000000 0.000001 0.000003 0.000001 
12.809499 87.821808 3.982469 -14.434531 -31.587586 14.736055 -0.542035 2.560429 6.171286 -0.926465 4.625482 9.210654 -1.114732 4.673011 9.180296 -8.348690 0.714982 -1.829966 -0.305513 2.018694 -21.339097 -0.000001 0.000000 0.000002 2.010395 -10.693536 -0.121578 11.410859 -24.697144 -66.987285 -5.945812 -80.575701 -6.025539 6.316659 2.683788 11.722074 6.360323 12.897153 -9.754431 2.436464 -0.250439 -4.305985 -0.020774 3.522146 -2.438274 0.000002 0.000002 -0.000003 -4.140520 -7.632029 -33.718318 6.342192 7.493455 -40.813987 3.813884 5.603226 -28.114918 -0.000006 -0.000000 -0.000001 -1.863626 -3.604344 -37.566443 1.939848 7.448319 -32.210192 2.342763 7.552127 -38.863035 0.000003 0.000001 0.000003 -1.556618 -2.474432 -44.202259 -0.735597 6.780391 -27.841335 -0.375927 7.665916 -32.408578 0.000000 -0.000000 0.000000 1.984624 2.262626 -41.346735 -1.161055 3.776038 -32.410525 -1.475207 7.575647 -32.701194 -0.000001 -0.000000 -0.000001 3.199130 7.636803 7.149408 -27.232132 22.223897 55.265475 3.335867 106.480006 -3.488748 -17.136639 -3.902292 -20.716423 -1.727156 -17.705945 2.978125 3.431354 0.609165 5.067700 -1.797745 4.780123 0.685324 -0.000002 -0.000001 0.000001 5.300192 -5.642859 49.708775 4.771309 -5.718069 31.066494 6.464906 -6.295724 40.733100 -0.000001 0.000000 -0.000000 1.424863 -1.525887 44.468001 2.731620 -7.458659 36.899537 2.502504 -6.903270 33.607854 0.000001 -0.000000 -0.000000 2.751711 -3.198811 53.742705 -0.146182 -5.552515 25.724610 -0.040474 -5.928156 27.497633 0.000001 0.000001 0.000000 2.742705 -3.353639 56.920870 -1.494716 -9.120617 38.974197 -1.793829 -8.558359 39.658821 0.000002 0.000001 -0.000003 -20.102845 12.064574 -8.658447 63.452191 12.677845 -5.376148 -24.185008 6.590116 -0.018642 -0.562796 -0.000002 0.000001 0.000000 0.000000 0.000000 -16.047043 -2.744192 -43.239356 59.364002 -5.348224 -8.653770 -32.602064 -0.577171 12.034961 -2.699776 0.000007 0.000010 0.000001 0.000002 0.000000 
11.971129 87.814903 4.124179 -15.679695 -30.007367 12.966692 -1.115741 2.559127 5.926189 -1.634175 4.611438 8.593582 -1.820412 4.657832 8.546313 -7.876502 0.754428 -2.083141 0.331842 1.883769 -21.542632 0.000000 0.000001 -0.000000 2.046615 -10.938662 -0.197605 11.102560 -24.258382 -66.803212 -9.319582 -83.937554 -9.368954 6.656998 2.394479 12.555045 6.322406 12.867922 -9.691463 2.409379 -0.476081 -4.281691 -0.039023 3.415456 -2.425258 -0.000000 0.000003 0.000000 -4.208823 -7.473651 -34.417672 6.334584 7.489267 -40.778033 3.822078 5.610546 -28.160166 -0.000002 -0.000002 0.000001 -1.877980 -3.441542 -38.343155 1.949939 7.464497 -32.295344 2.341911 7.550904 -38.856325 0.000002 0.000000 0.000001 -1.604643 -2.395182 -44.878991 -0.733172 6.798260 -27.919004 -0.376200 7.664741 -32.403312 -0.000002 -0.000002 -0.000001 1.940882 2.253254 -42.060407 -1.145379 3.898127 -32.905758 -1.477359 7.554338 -32.615970 0.000002 0.000001 0.000001 3.207087 7.827316 6.112653 -25.598275 22.927803 56.029633 3.741840 104.778374 -3.879206 -14.709077 -4.002402 -20.552946 -1.417963 -18.071892 3.158530 3.431355 0.609164 5.067701 -1.752925 4.532368 0.668731 -0.000000 -0.000003 -0.000001 5.396046 -5.735318 49.437029 4.674395 -5.652814 30.572702 6.533418 -6.328664 41.060109 -0.000001 0.000001 -0.000000 1.344918 -1.386209 43.788018 2.626637 -7.329132 36.108222 2.516945 -6.921991 33.719930 0.000002 -0.000001 -0.000000 2.728363 -3.150645 53.219769 -0.179850 -5.379414 24.905761 -0.035396 -5.949342 27.598935 0.000001 -0.000000 0.000001 2.786155 -3.384956 56.910130 -1.512501 -9.018786 38.532157 -1.791994 -8.570557 39.710447 -0.000004 0.000001 -0.000001 -19.253190 11.856509 -6.940171 64.181034 13.149037 -3.962616 -24.026608 6.484370 0.400244 -0.908660 0.000002 -0.000004 -0.000000 -0.000000 0.000000 -14.062701 -5.251931 -41.842377 58.835202 -5.640882 -8.688283 -33.380378 -0.930096 12.892726 -1.911222 -0.000004 0.000005 0.000000 -0.000001 0.000000 
11.128489 87.885696 4.371329 -16.733023 -28.313231 11.235114 -1.759847 2.574349 5.640112 -2.442898 4.632059 7.921602 -2.626457 4.671957 7.855115 -7.348798 0.763830 -2.358637 1.016342 1.583474 -21.688357 0.000002 0.000000 0.000000 2.075854 -11.137157 -0.270181 11.067753 -23.940228 -66.725996 -20.213542 -87.149655 -20.233464 6.951221 1.764471 13.465363 6.264104 12.836982 -9.532492 2.384516 -0.685189 -4.259138 -0.047039 3.368452 -2.419541 0.000002 0.000004 0.000003 -4.241526 -7.204951 -35.252850 6.343399 7.494145 -40.819686 3.840686 5.627100 -28.262741 -0.000000 -0.000000 0.000001 -1.861870 -3.198539 -39.283625 1.971402 7.498655 -32.475617 2.341529 7.550388 -38.853497 0.000003 0.000001 0.000001 -1.640560 -2.264548 -45.718783 -0.727667 6.838324 -28.093014 -0.376353 7.664119 -32.400543 -0.000003 -0.000001 -0.000001 1.896807 2.259396 -42.955152 -1.122630 4.062046 -33.571920 -1.478565 7.542281 -32.567752 0.000004 -0.000001 -0.000001 3.217147 8.045211 4.932320 -23.519762 23.744845 56.686243 4.273545 103.010222 -4.394887 -12.307322 -4.153061 -20.339380 -1.143775 -18.398018 3.298111 3.431355 0.609158 5.067699 -1.719244 4.346346 0.656222 -0.000000 0.000000 0.000001 5.514147 -5.844684 49.276526 4.584893 -5.591459 30.114226 6.592262 -6.356583 41.340287 0.000001 -0.000000 -0.000000 1.288127 -1.280580 43.245011 2.524412 -7.199341 35.324191 2.530264 -6.939179 33.823192 0.000004 -0.000000 -0.000000 2.703571 -3.104991 52.764318 -0.211499 -5.203100 24.074103 -0.030852 -5.968158 27.689160 0.000001 0.000001 0.000001 2.821578 -3.410678 56.904048 -1.527267 -8.930471 38.149277 -1.790400 -8.581141 39.755324 0.000000 -0.000001 -0.000001 -18.166480 11.478116 -5.128381 64.249725 13.373714 -2.261100 -23.759967 5.561029 -0.643792 -1.397204 -0.000004 0.000005 0.000000 -0.000000 0.000000 -11.938659 -7.869855 -40.147845 57.989419 -6.092585 -8.735154 -34.028327 -1.278906 13.525830 -1.288958 0.000001 -0.000001 -0.000001 -0.000001 -0.000001 
10.303119 88.024231 4.709302 -17.576449 -26.510461 9.584632 -2.450822 2.609665 5.298445 -3.323931 4.693204 7.183582 -3.503490 4.720817 7.095787 -6.819672 0.750948 -2.679365 1.793336 1.078657 -21.771074 0.000002 -0.000001 0.000001 2.083997 -11.184753 -0.361282 11.271450 -23.829960 -66.629725 62.608000 -91.110168 62.616244 7.333078 0.794773 14.343308 6.183634 12.804058 -9.268798 2.363135 -0.866742 -4.239573 -0.043499 3.389238 -2.422062 0.000001 -0.000002 -0.000003 -4.241246 -6.859746 -36.168690 6.371246 7.509422 -40.951174 3.870111 5.653167 -28.424696 -0.000000 -0.000001 -0.000001 -1.812848 -2.883815 -40.365298 2.005065 7.551767 -32.756600 2.343229 7.552737 -38.866403 0.000001 -0.000001 0.000000 -1.656830 -2.079669 -46.699045 -0.718839 6.900633 -28.363894 -0.376141 7.665021 -32.404562 -0.000007 0.000000 0.000001 1.855383 2.284758 -44.005690 -1.092438 4.260681 -34.380853 -1.478510 7.542972 -32.570488 0.000000 -0.000000 -0.000000 3.213523 8.219741 3.655940 -21.021543 24.648314 57.244860 4.977630 101.224831 -5.082816 -10.048003 -4.301477 -20.027795 -0.926618 -18.658663 3.392188 3.431353 0.609158 5.067698 -1.700540 4.243058 0.649286 0.000000 -0.000001 -0.000001 5.653628 -5.967985 49.249595 4.503643 -5.534855 29.695952 6.632856 -6.375631 41.533175 -0.000002 0.000000 0.000001 1.272039 -1.237295 42.919201 2.426541 -7.071547 34.560699 2.540489 -6.952329 33.902265 0.000000 -0.000001 0.000001 2.687509 -3.074863 52.459043 -0.238931 -5.036700 23.291461 -0.027328 -5.982642 27.758510 -0.000001 0.000000 -0.000000 2.850859 -3.432818 56.913340 -1.537923 -8.864263 37.862604 -1.789368 -8.587916 39.784124 0.000004 0.000000 0.000000 -16.809546 11.019019 -3.338548 63.545539 13.549032 -0.350344 -23.821039 3.813765 -2.710056 -1.899905 0.000002 0.000003 0.000000 -0.000000 -0.000002 -9.701006 -10.511278 -38.161729 56.872745 -6.753478 -8.794202 -34.536913 -1.604281 13.893144 -0.898243 -0.000003 -0.000006 0.000000 -0.000003 0.000001 
9.514897 88.211693 5.121115 -18.233909 -24.601681 8.046704 -3.150400 2.666316 4.887443 -4.223223 4.802142 6.359295 -4.396934 4.812226 6.248596 -6.353672 0.726702 -3.071339 2.702227 0.332018 -21.779110 -0.000001 -0.000001 0.000000 2.056085 -10.971020 -0.508430 11.637069 -23.998133 -66.349072 15.499226 -93.684357 15.535074 7.799198 -0.419792 15.097532 6.078541 12.766050 -8.899625 2.344193 -1.029050 -4.222092 -0.027799 3.481147 -2.433272 0.000004 0.000003 0.000001 -4.212255 -6.470315 -37.114691 6.420806 7.536413 -41.184852 3.909689 5.687992 -28.641859 -0.000000 -0.000000 -0.000001 -1.733703 -2.512170 -41.571530 2.051765 7.624458 -33.142892 2.347915 7.559363 -38.902640 -0.000002 0.000001 -0.000000 -1.645864 -1.838790 -47.800075 -0.706386 6.985100 -28.731498 -0.375393 7.668085 -32.418284 0.000001 0.000000 0.000001 1.820873 2.333819 -45.190748 -1.053880 4.490607 -35.319902 -1.477089 7.557065 -32.626892 0.000002 0.000001 0.000000 3.180113 8.284285 2.336418 -18.173632 25.639367 57.733841 5.924600 99.471480 -6.013939 -7.921465 -4.390338 -19.604827 -0.781428 -18.835987 3.441419 3.431354 0.609158 5.067697 -1.698411 4.231222 0.648478 -0.000000 -0.000002 0.000002 5.810863 -6.100308 49.357242 4.431961 -5.484160 29.325154 6.647133 -6.382302 41.600964 0.000001 0.000001 0.000001 1.311546 -1.279283 42.865434 2.335356 -6.949192 33.837201 2.545480 -6.958731 33.940740 0.000001 -0.000001 -0.000001 2.690620 -3.073269 52.378586 -0.260315 -4.895882 22.630761 -0.025262 -5.991122 27.799088 0.000003 -0.000001 0.000000 2.877440 -3.454486 56.947092 -1.543761 -8.827154 37.702002 -1.789209 -8.588927 39.788352 -0.000000 -0.000000 0.000000 -15.231185 10.572069 -1.612438 62.084323 13.651320 1.676295 -24.303092 1.539385 -5.524573 -2.343306 0.000005 -0.000000 -0.000000 -0.000000 0.000001 -7.342525 -13.107373 -35.921963 55.525319 -7.637932 -8.865500 -34.906283 -1.896351 14.024024 -0.737713 0.000020 -0.000003 -0.000001 -0.000001 0.000000 
8.770056 88.447723 5.582433 -18.752156 -22.595371 6.637085 -3.812091 2.741889 4.405087 -5.070363 4.972234 5.427016 -5.236102 4.961069 5.292297 -6.007564 0.703408 -3.555419 3.740524 -0.668764 -21.708564 0.000002 0.000001 0.000000 1.981411 -10.417542 -0.761352 12.065651 -24.470268 -65.703223 8.666156 -96.515286 8.727839 8.218785 -1.704578 15.713550 5.946905 12.717933 -8.433950 2.324414 -1.200039 -4.203660 0.000033 3.643293 -2.453036 0.000000 0.000005 0.000000 -4.162206 -6.065828 -38.053173 6.493626 7.575606 -41.527325 3.957733 5.729913 -28.904534 -0.000002 -0.000000 0.000000 -1.633071 -2.105022 -42.885388 2.111757 7.716270 -33.633340 2.355900 7.570602 -38.964255 -0.000002 -0.000000 0.000000 -1.601583 -1.543608 -49.001765 -0.690078 7.090445 -29.190562 -0.374095 7.673537 -32.442685 0.000002 -0.000001 0.000001 1.798530 2.411129 -46.494313 -1.005694 4.749817 -36.382461 -1.474559 7.582153 -32.727152 0.000005 -0.000001 0.000000 3.106826 8.201168 1.018852 -15.067288 26.721821 58.189715 7.222026 97.799942 -7.296291 -5.821121 -4.416192 -19.127139 -0.712499 -18.924134 3.451259 3.431354 0.609164 5.067701 -1.711642 4.304348 0.653424 -0.000001 0.000003 -0.000001 5.978758 -6.234851 49.577167 4.373125 -5.442019 29.019524 6.631129 -6.374820 41.524979 -0.000001 0.000001 0.000001 1.415324 -1.416359 43.095792 2.254067 -6.837271 33.181431 2.543561 -6.956278 33.925983 0.000001 0.000000 -0.000001 2.721653 -3.109954 52.566881 -0.274628 -4.794812 22.157257 -0.024825 -5.992947 27.807855 -0.000003 0.000001 0.000002 2.905199 -3.478741 57.010202 -1.544602 -8.821730 37.678605 -1.790110 -8.583110 39.763726 0.000002 0.000003 -0.000002 -13.505689 10.202865 0.046883 60.230937 10.741111 3.682938 -25.174168 1.744883 -7.551562 -2.551539 0.000003 -0.000001 0.000000 -0.000000 0.000001 -4.824079 -15.626824 -33.459560 53.931283 -8.726970 -8.951306 -35.121072 -2.145077 13.975142 -0.753728 0.000014 0.000004 0.000000 0.000003 0.000000 
8.072214 88.706253 6.067181 -19.166083 -20.533203 5.387286 -4.390783 2.848150 3.836005 -5.796759 5.224293 4.374995 -5.952329 5.189907 4.215302 -5.812164 0.692472 -4.137995 4.844270 -1.891117 -21.574973 -0.000001 0.000000 0.000000 1.860290 -9.518482 -1.172993 12.460329 -25.191833 -64.545103 6.068729 -99.244868 6.155119 8.412420 -2.870861 16.255867 5.789683 12.655705 -7.890070 2.299980 -1.413061 -4.180679 0.039776 3.872977 -2.481046 0.000000 -0.000000 -0.000001 -4.101972 -5.670029 -38.964887 6.588697 7.625966 -41.972790 4.012001 5.776765 -29.199933 -0.000002 -0.000000 0.000000 -1.522384 -1.685963 -44.281281 2.184087 7.824722 -34.216352 2.366799 7.585834 -39.048000 -0.000001 0.000001 0.000001 -1.520531 -1.200724 -50.279044 -0.670000 7.212991 -29.725455 -0.372231 7.681266 -32.477259 -0.000002 -0.000001 0.000000 1.794283 2.520873 -47.903593 -0.947142 5.033720 -37.551270 -1.471324 7.613357 -32.851963 0.000004 -0.000001 0.000001 2.993330 7.971151 -0.265985 -11.794310 27.881650 58.650916 9.031645 96.260390 -9.091991 -3.632850 -4.450497 -18.720019 -0.711819 -18.931346 3.431012 3.431356 0.609157 5.067699 -1.736485 4.441502 0.662635 0.000002 -0.000001 0.000000 6.146979 -6.363732 49.867273 4.332586 -5.412698 28.808256 6.587656 -6.354395 41.318359 0.000005 -0.000000 0.000000 1.582947 -1.640323 43.569715 2.186352 -6.741925 32.627414 2.534210 -6.944260 33.853648 -0.000001 0.000000 0.000001 2.785725 -3.188206 53.018667 -0.281818 -4.741834 21.909351 -0.025805 -5.988848 27.788179 0.000002 0.000001 0.000000 2.936700 -3.507376 57.101071 -1.541025 -8.844600 37.777489 -1.791934 -8.571005 39.712352 -0.000000 -0.000003 0.000002 -11.899634 9.857128 1.758157 58.276841 7.022288 5.578271 -25.361795 2.480074 -10.499089 -2.669542 -0.000002 0.000006 0.000000 0.000000 -0.000001 -2.154965 -17.971336 -30.827885 52.152753 -10.004111 -9.049061 -35.198144 -2.352597 13.828233 -0.868233 -0.000020 0.000002 0.000000 -0.000003 -0.000001 
7.422821 88.962494 6.547753 -19.474404 -18.489259 4.309912 -4.857254 3.000362 3.183702 -6.355819 5.580617 3.212661 -6.499199 5.522329 3.026685 -5.763511 0.701955 -4.804102 5.896983 -3.250792 -21.413497 -0.000003 -0.000001 -0.000001 1.708940 -8.363163 -1.784644 12.746975 -26.009087 -62.826518 4.705115 -101.847649 4.814947 8.233701 -3.804102 16.816472 5.612989 12.579702 -7.293390 2.269735 -1.680264 -4.151871 0.091487 4.168866 -2.517098 0.000003 0.000003 0.000000 -4.042447 -5.297135 -39.850547 6.701625 7.684523 -42.499725 4.070205 5.826521 -29.515518 -0.000002 0.000002 -0.000003 -1.409109 -1.272973 -45.719688 2.266088 7.944808 -34.866934 2.379729 7.603887 -39.147137 0.000002 0.000000 0.000001 -1.402402 -0.821951 -51.598179 -0.646854 7.346061 -30.307438 -0.369904 7.691032 -32.520853 0.000000 0.000001 -0.000000 1.814442 2.665904 -49.404370 -0.879238 5.331166 -38.782439 -1.467950 7.645218 -32.979449 0.000002 -0.000000 -0.000000 2.846800 7.620755 -1.501754 -8.445669 29.082208 59.161432 11.579645 94.903614 -11.627610 -1.327388 -4.596595 -18.530853 -0.760658 -18.878819 3.392068 3.431357 0.609159 5.067702 -1.767314 4.611892 0.674070 0.000001 -0.000001 0.000005 6.303255 -6.479025 50.174631 4.316662 -5.401139 28.725126 6.526711 -6.325466 41.028137 0.000002 -0.000001 -0.000000 1.802475 -1.925270 44.198793 2.136030 -6.669770 32.210527 2.518298 -6.923744 33.730500 -0.000000 -0.000002 0.000001 2.882325 -3.302812 53.673508 -0.282427 -4.737135 21.887307 -0.027787 -5.980778 27.749534 -0.000002 0.000001 0.000001 2.972113 -3.539855 57.211048 -1.534348 -8.886710 37.959709 -1.794393 -8.554694 39.643282 0.000002 -0.000001 0.000001 -10.528408 9.583331 3.402130 56.373704 3.502279 7.270285 -25.045153 3.208180 -13.762225 -2.714277 0.000000 0.000007 -0.000000 0.000000 0.000000 0.587924 -20.011708 -28.077507 50.300416 -11.274849 -9.153163 -35.154932 -2.663512 13.607735 -0.966865 -0.000019 0.000008 -0.000001 0.000005 0.000001 
6.826096 89.193314 6.982914 -19.634482 -16.568683 3.392458 -5.206065 3.217468 2.468567 -6.735968 6.052306 1.974439 -6.865507 5.969849 1.760080 -5.828071 0.734891 -5.516716 6.765894 -4.623612 -21.265668 0.000000 0.000001 0.000001 1.556816 -7.121162 -2.605437 12.872746 -26.688520 -60.643037 3.875722 -104.281771 4.007654 7.599385 -4.520766 17.446649 5.429525 12.497942 -6.673394 2.238005 -1.964636 -4.121202 0.156022 4.533123 -2.561529 0.000002 0.000004 0.000004 -3.989125 -4.946936 -40.728018 6.825188 7.747106 -43.073536 4.130664 5.877599 -29.841790 -0.000005 -0.000000 -0.000002 -1.288837 -0.870397 -47.148806 2.353367 8.069408 -35.547863 2.393614 7.623198 -39.253435 -0.000001 -0.000001 0.000001 -1.249672 -0.422535 -52.916744 -0.622035 7.480490 -30.896699 -0.367103 7.702613 -32.572749 -0.000001 0.000001 0.000000 1.865054 2.846782 -50.975519 -0.805886 5.623274 -39.998513 -1.464875 7.673668 -33.093370 -0.000000 0.000001 -0.000001 2.675198 7.176468 -2.683783 -5.134512 30.279963 59.782194 15.106305 93.780594 -15.143959 0.996256 -4.907048 -18.661492 -0.834328 -18.795294 3.346239 3.431357 0.609161 5.067702 -1.798184 4.782466 0.685465 -0.000000 -0.000004 -0.000001 6.435520 -6.574031 50.447893 4.330283 -5.411031 28.796228 6.463181 -6.294879 40.724897 0.000005 0.000001 -0.000002 2.050516 -2.233243 44.866833 2.106117 -6.626332 31.960784 2.498126 -6.897573 33.573768 -0.000004 -0.000001 0.000002 3.004206 -3.440403 54.426700 -0.277616 -4.772951 22.054963 -0.030061 -5.971431 27.704798 -0.000000 -0.000001 0.000001 3.008491 -3.573159 57.325928 -1.526345 -8.936083 38.173613 -1.796935 -8.537539 39.570554 -0.000003 0.000003 -0.000001 -9.543780 9.383068 4.874011 54.741261 0.628745 8.699373 -24.609624 3.798973 -16.508724 -2.748425 0.000001 0.000005 0.000000 0.000000 -0.000000 3.222025 -21.548137 -25.329379 48.696472 -10.888510 -9.244642 -34.972560 -4.410993 12.955026 -0.735246 -0.000017 0.000003 -0.000001 -0.000002 -0.000000 
6.274126 89.402390 7.362935 -19.581350 -14.864706 2.569031 -5.454679 3.491138 1.742580 -6.959174 6.625226 0.712505 -7.073470 6.518065 0.467159 -5.959429 0.789087 -6.223530 7.350310 -5.874105 -21.158509 0.000000 0.000000 -0.000000 1.433812 -5.986088 -3.594282 12.781739 -26.980390 -58.225040 3.338163 -106.460663 3.489933 6.466184 -5.149915 18.116153 5.258263 12.427191 -6.060772 2.216028 -2.164009 -4.099669 0.234740 4.970662 -2.614885 0.000003 -0.000003 0.000001 -3.936831 -4.602745 -41.624180 6.950823 7.809158 -43.654177 4.192553 5.929284 -30.174184 -0.000001 -0.000000 0.000001 -1.139913 -0.465607 -48.511818 2.440263 8.190389 -36.214889 2.407472 7.642387 -39.359167 0.000003 0.000001 -0.000001 -1.066388 -0.018388 -54.186387 -0.597496 7.606222 -31.449039 -0.363810 7.716197 -32.633507 -0.000002 0.000001 -0.000002 1.951321 3.060931 -52.583434 -0.734470 5.884952 -41.094533 -1.462251 7.697689 -33.189522 0.000004 0.000001 -0.000001 2.481583 6.646008 -3.815312 -2.029264 31.449500 60.595451 19.590285 92.940194 -19.620116 3.138887 -5.318761 -19.123630 -0.909339 -18.708802 3.303446 3.431357 0.609164 5.067701 -1.824154 4.926153 0.695045 -0.000001 0.000000 0.000002 6.533731 -6.643541 50.649616 4.374661 -5.443121 29.027515 6.412639 -6.270262 40.483081 -0.000002 0.000003 -0.000002 2.294839 -2.522565 45.460069 2.098357 -6.615011 31.895720 2.476798 -6.869756 33.407470 -0.000000 -0.000002 0.000001 3.137401 -3.582182 55.155092 -0.268831 -4.836544 22.352740 -0.031982 -5.963512 27.666800 0.000002 -0.000001 -0.000002 3.040230 -3.602246 57.429453 -1.518778 -8.981731 38.371405 -1.799071 -8.523168 39.509636 0.000002 0.000001 0.000000 -9.623083 8.991429 6.438405 54.393878 -1.181849 9.149525 -24.583896 3.714161 -16.409973 -2.814821 -0.000001 0.000002 -0.000000 0.000001 0.000000 5.581242 -22.627397 -22.431477 47.338125 -10.744869 -9.340197 -34.913875 -6.053671 11.893934 -0.722985 0.000007 -0.000003 -0.000000 -0.000000 0.000000 
5.777781 89.581902 7.665236 -19.255777 -13.444233 1.769658 -5.628840 3.800873 1.036138 -7.065641 7.252381 -0.518578 -7.163373 7.119682 -0.796712 -6.117015 0.858467 -6.869416 7.618614 -6.892107 -21.089495 -0.000002 -0.000001 0.000001 1.355089 -5.100727 -4.657293 12.399012 -26.705876 -55.871955 2.988644 -108.260192 3.156863 4.791616 -5.848868 18.725218 5.121542 12.390836 -5.485091 2.220797 -2.120531 -4.104396 0.328932 5.484562 -2.677628 0.000001 0.000005 0.000000 -3.868310 -4.235673 -42.562812 7.070748 7.866918 -44.205818 4.255830 5.981484 -30.512395 -0.000000 0.000002 -0.000001 -0.925390 -0.032925 -49.756791 2.520912 8.300024 -36.824490 2.420488 7.660341 -39.458259 0.000001 0.000000 -0.000001 -0.856857 0.376470 -55.357686 -0.575319 7.714605 -31.926227 -0.359930 7.732146 -32.704896 -0.000002 -0.000001 0.000001 2.076446 3.301858 -54.179335 -0.674776 6.089703 -41.956889 -1.459810 7.719645 -33.277447 0.000000 -0.000000 -0.000001 2.264182 6.022046 -4.899736 0.637551 32.590446 61.689196 24.020464 92.422452 -24.045258 4.888798 -5.658605 -19.839061 -0.970504 -18.637587 3.269956 3.431353 0.609168 5.067704 -1.842580 5.028118 0.701852 -0.000002 -0.000002 0.000001 6.590878 -6.683757 50.764152 4.445955 -5.494106 29.397636 6.387037 -6.257691 40.360465 0.000001 0.000002 0.000000 2.500535 -2.756092 45.896378 2.112516 -6.635637 32.014217 2.457560 -6.844524 33.256857 -0.000002 -0.000000 -0.000001 3.263615 -3.708496 55.749158 -0.257643 -4.914094 22.716115 -0.033087 -5.958967 27.645112 0.000000 -0.000004 0.000003 3.060394 -3.621405 57.507741 -1.512813 -9.016890 38.523944 -1.800328 -8.514542 39.473180 0.000001 -0.000001 0.000001 -10.078333 8.493633 8.116873 54.145263 -2.553045 9.186586 -24.496251 3.534625 -16.283009 -2.927034 0.000001 0.000004 -0.000000 0.000000 -0.000000 7.496030 -23.142158 -19.494268 46.243574 -10.607140 -9.425320 -34.884617 -7.727470 10.771908 -0.693237 -0.000018 0.000000 -0.000002 0.000003 0.000000 
5.326655 89.736267 7.870659 -18.630871 -12.320326 0.913836 -5.748346 4.110830 0.370656 -7.091581 7.858593 -1.677486 -7.171533 7.700020 -1.987298 -6.277013 0.935165 -7.410875 7.616482 -7.623736 -21.027064 -0.000001 0.000001 0.000003 1.316005 -4.504583 -5.673142 11.647320 -25.826970 -53.856219 2.777126 -109.546050 2.957148 2.516511 -6.704086 19.159837 5.040701 12.413293 -4.972960 2.272110 -1.659239 -4.154149 0.438443 6.069741 -2.749195 0.000002 0.000000 0.000003 -3.757716 -3.815108 -43.551902 7.179529 7.918075 -44.704121 4.320766 6.034423 -30.857917 0.000001 -0.000001 0.000001 -0.603510 0.455711 -50.844372 2.590316 8.392438 -37.342318 2.432140 7.676362 -39.546795 0.000001 0.000000 0.000001 -0.624468 0.751760 -56.385906 -0.557061 7.800519 -32.305200 -0.355323 7.750945 -32.789102 0.000001 -0.000003 0.000003 2.240632 3.559322 -55.700691 -0.636341 6.215787 -42.490040 -1.457029 7.744255 -33.376016 0.000003 -0.000000 -0.000000 2.022580 5.304848 -5.927984 2.609465 33.700481 63.121521 25.945867 92.253965 -25.968914 6.120598 -5.726341 -20.670183 -1.015645 -18.584275 3.247337 3.431354 0.609159 5.067703 -1.853480 5.088404 0.705843 -0.000000 -0.000005 -0.000000 6.603104 -6.691672 50.799112 4.535417 -5.557063 29.859726 6.391941 -6.260125 40.383968 0.000007 -0.000000 -0.000001 2.637711 -2.906929 46.144352 2.145983 -6.684113 32.293319 2.442977 -6.825342 33.142482 0.000002 0.000001 0.000000 3.364424 -3.803386 56.140859 -0.245567 -4.994180 23.091784 -0.033103 -5.958863 27.644627 -0.000001 0.000001 -0.000001 3.062485 -3.625589 57.553442 -1.508740 -9.040773 38.627486 -1.800505 -8.513319 39.468057 0.000003 0.000000 0.000000 -10.909224 8.007626 9.829547 53.940391 -3.588047 9.190483 -24.341797 3.373062 -16.284276 -3.070355 0.000003 0.000000 -0.000000 -0.000000 -0.000000 8.875646 -23.111758 -16.514916 45.432195 -10.474295 -9.497259 -34.887647 -9.419013 9.646899 -0.646559 0.000001 0.000002 -0.000001 0.000000 0.000000 
4.905007 89.858360 7.960443 -17.722452 -11.436467 -0.072147 -5.814839 4.368975 -0.242201 -7.049420 8.357400 -2.744254 -7.110216 8.174491 -3.079767 -6.431398 1.011315 -7.827959 7.442687 -8.084503 -20.926180 0.000002 0.000001 -0.000001 1.300481 -4.137527 -6.537110 10.468355 -24.461045 -52.338309 2.677825 -110.211844 2.863953 -0.405724 -7.665152 19.354400 5.030493 12.512184 -4.546011 2.389086 -0.646623 -4.263303 0.560543 6.707509 -2.827286 -0.000002 0.000003 -0.000001 -3.579790 -3.322560 -44.575051 7.274656 7.961893 -45.138360 4.387279 6.087944 -31.210061 0.000001 -0.000000 -0.000000 -0.144774 1.017431 -51.752039 2.645472 8.464613 -37.749393 2.442157 7.690108 -39.622802 0.000001 0.000000 0.000001 -0.372272 1.101162 -57.236582 -0.543293 7.863499 -32.583534 -0.349917 7.772889 -32.887327 -0.000005 0.000003 -0.000004 2.439640 3.820302 -57.077992 -0.625081 6.251894 -42.643033 -1.453322 7.776418 -33.504923 0.000002 0.000000 -0.000002 1.765061 4.525541 -6.872279 3.683218 34.732765 64.884031 23.695834 92.453680 -23.720907 6.844157 -5.404880 -21.459771 -1.056004 -18.534977 3.232157 3.431355 0.609160 5.067701 -1.859201 5.120095 0.707977 -0.000001 -0.000001 -0.000001 6.569320 -6.664972 50.779916 4.631127 -5.623284 30.351359 6.426035 -6.276818 40.547220 0.000002 0.000001 -0.000001 2.688232 -2.961548 46.225429 2.193904 -6.752640 32.689504 2.434568 -6.814227 33.076403 -0.000002 -0.000001 0.000000 3.426261 -3.857892 56.317570 -0.233695 -5.069544 23.445873 -0.032041 -5.963280 27.665806 -0.000009 0.000000 0.000000 3.042227 -3.611886 57.567703 -1.505812 -9.057629 38.700658 -1.799604 -8.519476 39.494100 0.000001 0.000001 0.000001 -12.164206 7.533096 11.708699 53.827058 -4.491965 9.176696 -24.133835 3.230511 -16.359667 -3.211162 0.000004 0.000006 0.000000 0.000000 0.000000 9.706010 -22.617070 -13.442310 44.924073 -10.377896 -9.555321 -34.942657 -11.128436 8.525876 -0.609766 -0.000016 0.000003 -0.000000 0.000003 0.000001 
4.496181 89.932495 7.913460 -16.579680 -10.688198 -1.223339 -5.806781 4.529328 -0.811479 -6.918584 8.674367 -3.718892 -6.958994 8.471599 -4.068498 -6.576573 1.079707 -8.130001 7.208389 -8.351380 -20.746449 0.000001 0.000002 -0.000000 1.293524 -3.896915 -7.205620 8.812886 -22.833565 -51.329657 2.677183 -110.216235 2.863378 -3.939018 -8.539260 19.337611 5.094816 12.691233 -4.218158 2.585864 0.951529 -4.435591 0.689416 7.364840 -2.908029 -0.000003 -0.000000 -0.000002 -3.320583 -2.762356 -45.591140 7.356017 7.998671 -45.508519 4.454129 6.141063 -31.562342 -0.000001 0.000000 -0.000003 0.452273 1.647831 -52.474393 2.685793 8.516716 -38.044755 2.450452 7.701454 -39.685557 0.000001 -0.000002 0.000001 -0.103937 1.421641 -57.891263 -0.533440 7.907698 -32.778921 -0.343750 7.797678 -32.998461 0.000000 -0.000003 0.000002 2.664345 4.070792 -58.246733 -0.640918 6.200998 -42.427376 -1.448315 7.818871 -33.675063 -0.000000 0.000002 -0.000002 1.511236 3.749750 -7.691187 3.787433 35.578988 66.885194 19.131893 93.007772 -19.162408 7.177600 -4.720635 -22.075528 -1.112213 -18.464469 3.216913 3.431353 0.609162 5.067700 -1.863526 5.143980 0.709547 0.000002 -0.000001 0.000001 6.491032 -6.602602 50.740721 4.721009 -5.684371 30.810546 6.482825 -6.304382 40.818658 -0.000002 0.000001 -0.000001 2.649392 -2.920891 46.200721 2.249682 -6.831161 33.145843 2.432640 -6.811651 33.061162 -0.000002 0.000000 0.000000 3.444175 -3.871372 56.319230 -0.222643 -5.137115 23.763632 -0.029978 -5.971810 27.706592 -0.000002 0.000001 0.000000 2.998694 -3.580146 57.559800 -1.502892 -9.074318 38.773188 -1.797828 -8.531544 39.545190 0.000002 -0.000001 -0.000002 -13.880975 7.030434 13.836279 53.867909 -5.441506 9.152870 -23.870145 3.097725 -16.453823 -3.311324 0.000003 -0.000003 0.000000 0.000000 -0.000000 10.008059 -21.771245 -10.226529 44.749507 -10.356949 -9.597742 -35.072260 -12.885982 7.385355 -0.618296 -0.000035 -0.000010 -0.000001 0.000002 0.000001 
4.091699 89.936127 7.708267 -15.261764 -9.949858 -2.540971 -5.687462 4.560546 -1.345907 -6.652442 8.766313 -4.612345 -6.671475 8.551136 -4.960032 -6.701195 1.133430 -8.351876 7.002947 -8.538859 -20.458903 0.000000 0.000001 0.000002 1.288429 -3.710534 -7.710604 6.615000 -21.196707 -50.719714 2.768421 -109.602598 2.948933 -7.889627 -9.050679 19.250045 5.224332 12.936475 -3.993594 2.865280 3.037837 -4.661327 0.816761 7.999434 -2.986200 0.000003 0.000006 -0.000000 -2.986801 -2.164088 -46.543730 7.424592 8.029184 -45.819778 4.518697 6.191741 -31.901006 0.000002 0.000002 -0.000004 1.152595 2.317507 -53.021659 2.713133 8.551703 -38.243834 2.457030 7.710395 -39.735227 0.000003 0.000001 -0.000001 0.174032 1.711912 -58.352055 -0.526106 7.940130 -32.922468 -0.337050 7.824360 -33.118197 0.000001 -0.000002 0.000001 2.900746 4.297976 -59.160899 -0.677430 6.080855 -41.919548 -1.442071 7.870549 -33.882294 0.000000 -0.000001 0.000002 1.286415 3.058005 -8.349301 3.017168 36.101897 68.962473 14.675846 93.888579 -14.714423 7.267826 -3.814280 -22.447388 -1.207366 -18.344973 3.190683 3.431355 0.609162 5.067700 -1.870507 5.182663 0.712108 0.000001 -0.000001 0.000000 6.372492 -6.505921 50.714581 4.795815 -5.734364 31.190827 6.553631 -6.338293 41.156418 -0.000002 -0.000000 -0.000001 2.533744 -2.800202 46.148586 2.306303 -6.909518 33.604008 2.436460 -6.816706 33.091245 0.000004 0.000002 0.000001 3.423097 -3.851169 56.220769 -0.212618 -5.196571 24.043318 -0.027048 -5.983805 27.764058 -0.000001 0.000002 -0.000001 2.934296 -3.532851 57.543879 -1.498913 -9.097007 38.871716 -1.795500 -8.547283 39.611812 0.000005 -0.000001 -0.000001 -16.079625 6.399606 16.214763 54.127221 -6.536092 9.119115 -23.540203 2.961466 -16.527680 -3.340698 0.000002 0.000005 -0.000000 0.000000 -0.000000 9.784811 -20.718388 -6.845309 44.967172 -10.456161 -9.621989 -35.302345 -14.726209 6.165827 -0.717202 0.000007 -0.000006 -0.000002 -0.000000 -0.000002 
3.690717 89.851608 7.330499 -13.812108 -9.112226 -3.986151 -5.417817 4.458061 -1.853660 -6.196443 8.628867 -5.437064 -6.193832 8.410572 -5.765388 -6.780666 1.164873 -8.540374 6.881367 -8.768778 -20.037827 0.000000 -0.000001 -0.000000 1.288151 -3.577879 -8.138627 3.793421 -19.757251 -50.345034 2.948158 -108.493457 3.118503 -11.889547 -8.946914 19.312474 5.397717 13.218492 -3.865245 3.211863 5.394163 -4.918883 0.933683 8.569970 -3.056725 0.000001 0.000001 0.000001 -2.607557 -1.574500 -47.376921 7.481539 8.054185 -46.077614 4.577220 6.237124 -32.206692 0.000001 0.000001 -0.000000 1.889908 2.977745 -53.417188 2.731023 8.574491 -38.373645 2.461933 7.717111 -39.772376 0.000001 0.000002 -0.000001 0.451353 1.971326 -58.643458 -0.519579 7.968679 -33.048915 -0.330208 7.851433 -33.239611 -0.000001 -0.000002 -0.000000 3.132206 4.492501 -59.804911 -0.724227 5.920977 -41.245945 -1.435060 7.926602 -34.107304 -0.000000 -0.000001 0.000002 1.111230 2.516266 -8.839771 1.595567 36.198268 70.928748 11.228123 95.054220 -11.277520 7.210130 -2.851281 -22.574176 -1.359953 -18.155020 3.140617 3.431354 0.609162 5.067700 -1.883638 5.255376 0.716961 -0.000000 0.000000 0.000001 6.220500 -6.379196 50.726920 4.851247 -5.770994 31.471746 6.630703 -6.374611 41.522861 0.000002 -0.000002 0.000000 2.365226 -2.626488 46.142507 2.357966 -6.979839 34.017754 2.444795 -6.827728 33.156737 0.000003 0.000000 0.000000 3.376005 -3.810607 56.107945 -0.203565 -5.248684 24.288875 -0.023387 -5.998792 27.835855 0.000004 -0.000001 -0.000000 2.854006 -3.474501 57.534624 -1.493288 -9.128624 39.009017 -1.792931 -8.564314 39.684017 0.000001 -0.000002 -0.000003 -18.705890 5.532228 18.729683 54.545997 -7.289442 9.073584 -23.146201 2.354562 -16.753822 -3.283754 0.000003 0.000003 -0.000000 0.000000 -0.000000 9.000603 -19.629783 -3.330916 45.637804 -10.725376 -9.622775 -35.648356 -16.658246 4.774059 -0.968705 0.000023 -0.000001 -0.000000 0.000000 -0.000000 
3.300431 89.700417 6.790998 -12.244443 -8.120936 -5.459357 -4.966605 4.253958 -2.366561 -5.508169 8.290605 -6.203078 -5.484677 8.078621 -6.496508 -6.782718 1.165184 -8.734532 6.871457 -9.141795 -19.445096 0.000002 0.000001 0.000000 1.302135 -3.557967 -8.583673 0.287893 -18.646497 -50.059150 3.213534 -107.061077 3.370762 -15.475908 -8.100807 19.728322 5.586467 13.499579 -3.816253 3.589250 7.735227 -5.179215 1.033448 9.047784 -3.115979 -0.000000 -0.000001 0.000001 -2.226904 -1.043149 -48.052539 7.527793 8.074265 -46.286724 4.625770 6.274406 -32.459378 0.000000 -0.000000 0.000001 2.584159 3.573403 -53.695061 2.743786 8.590685 -38.466205 2.465372 7.721767 -39.798245 -0.000000 -0.000001 0.000002 0.714903 2.199114 -58.809991 -0.512380 7.999866 -33.187090 -0.323669 7.877078 -33.354819 -0.000004 0.000001 0.000000 3.342962 4.649811 -60.198863 -0.770281 5.756242 -40.554559 -1.428164 7.979958 -34.321564 0.000001 0.000000 0.000002 0.993199 2.154150 -9.192546 -0.225730 35.847828 72.637054 8.755578 96.454593 -8.817668 7.008217 -1.938087 -22.495947 -1.578768 -17.885677 3.052606 3.431351 0.609161 5.067701 -1.905346 5.375528 0.724880 -0.000003 0.000005 0.000003 6.044075 -6.229664 50.792767 4.888750 -5.795506 31.661137 6.709010 -6.410911 41.894287 0.000002 -0.000001 -0.000000 2.173887 -2.433950 46.235552 2.401556 -7.038323 34.363600 2.456256 -6.842813 33.246646 -0.000004 -0.000001 -0.000001 3.320231 -3.766040 56.055134 -0.195416 -5.294512 24.504933 -0.019055 -6.016396 27.920244 -0.000004 0.000001 -0.000000 2.764035 -3.410263 57.543388 -1.486188 -9.167896 39.179690 -1.790452 -8.580797 39.753917 0.000005 -0.000001 0.000003 -21.627458 4.386915 21.149285 54.968724 -7.324651 9.023023 -22.664586 0.983043 -17.240417 -3.139111 0.000003 0.000007 -0.000000 0.000001 0.000000 7.557997 -18.463974 -0.388652 46.964203 -11.403678 -8.572366 -36.229017 -18.065955 2.644320 -1.667679 0.000009 0.000013 -0.000001 0.000002 0.000000 
2.936286 89.447617 6.062767 -10.543235 -6.974325 -6.867879 -4.321772 3.981168 -2.888668 -4.570598 7.799175 -6.921867 -4.527770 7.601627 -7.169114 -6.680071 1.124648 -8.948925 6.985696 -9.716598 -18.618746 -0.000001 0.000000 -0.000000 1.339033 -3.717253 -9.100494 -3.900469 -17.931675 -49.770226 3.560030 -105.487149 3.702898 -18.242206 -6.557911 20.557981 5.761833 13.744396 -3.823341 3.947874 9.787736 -5.412653 1.113356 9.424944 -3.162875 0.000001 -0.000002 -0.000001 -1.889179 -0.606775 -48.562652 7.564728 8.090148 -46.453561 4.661535 6.301651 -32.644954 -0.000002 0.000001 -0.000000 3.164987 4.058877 -53.897562 2.755699 8.605717 -38.552122 2.467601 7.724804 -39.815092 -0.000001 0.000000 0.000000 0.951642 2.395121 -58.909002 -0.503563 8.037476 -33.353880 -0.317790 7.899865 -33.457200 -0.000004 -0.000000 -0.000002 3.522310 4.770906 -60.395838 -0.807005 5.619046 -39.980799 -1.422356 8.023743 -34.497513 0.000000 0.000000 0.000001 0.925828 1.959624 -9.461067 -2.269846 35.118719 74.033021 7.004488 98.037844 -7.080870 6.590943 -1.089149 -22.264342 -1.861334 -17.541927 2.912505 3.431354 0.609161 5.067699 -1.936870 5.550243 0.736419 -0.000002 -0.000003 -0.000001 5.853083 -6.066126 50.917646 4.914196 -5.812069 31.789466 6.786989 -6.446444 42.263015 -0.000001 0.000000 0.000000 1.989981 -2.257317 46.454859 2.437292 -7.085759 34.645209 2.469673 -6.860445 33.351762 0.000005 -0.000001 -0.000001 3.273082 -3.733074 56.110936 -0.188076 -5.334942 24.695741 -0.014144 -6.036189 28.015208 0.000000 0.000000 -0.000000 2.670375 -3.344999 57.575783 -1.478370 -9.210182 39.363784 -1.788192 -8.595610 39.816653 0.000002 -0.000002 0.000001 -24.972565 2.820540 23.252109 55.551855 -7.334021 8.975861 -21.950821 -0.382085 -17.700013 -2.916129 0.000005 0.000006 0.000000 0.000001 -0.000000 5.283861 -17.427818 1.875152 49.095622 -12.315465 -6.516318 -37.100481 -18.993272 -0.077962 -2.836462 0.000003 0.000006 -0.000001 0.000005 -0.000001 
2.606645 89.117249 5.146752 -8.677960 -5.734758 -8.109444 -3.490635 3.671449 -3.427393 -3.395660 7.207151 -7.612509 -3.335206 7.030020 -7.807454 -6.462806 1.034512 -9.168950 7.223179 -10.502383 -17.472840 -0.000000 0.000001 -0.000001 1.399132 -4.075217 -9.685848 -8.693538 -17.643509 -49.447158 3.979026 -103.926301 4.107711 -19.972272 -4.519565 21.660195 5.902290 13.929279 -3.862389 4.241553 11.365230 -5.596174 1.175746 9.716140 -3.199200 0.000000 0.000003 -0.000000 -1.622999 -0.278491 -48.932612 7.595199 8.103178 -46.590991 4.684055 6.318716 -32.761586 -0.000004 -0.000000 0.000001 3.593138 4.411899 -54.071507 2.770142 8.623915 -38.656347 2.469104 7.726871 -39.826440 -0.000002 0.000001 -0.000000 1.153057 2.561252 -59.000021 -0.492879 8.082522 -33.553755 -0.312801 7.919112 -33.543708 0.000000 -0.000001 0.000001 3.667808 4.862152 -60.471551 -0.829446 5.532291 -39.618922 -1.418308 8.053754 -34.618179 -0.000002 0.000001 0.000002 0.893779 1.888043 -9.694606 -4.481950 34.133898 75.158807 5.750089 99.752461 -5.842002 5.871141 -0.248780 -21.936775 -2.195579 -17.140307 2.708072 3.431354 0.609162 5.067699 -1.978429 5.780655 0.751604 -0.000000 -0.000002 0.000001 5.656864 -5.897545 51.100180 4.935965 -5.826180 31.899145 6.865352 -6.481536 42.632501 0.000005 -0.000001 -0.000002 1.838969 -2.125219 46.804947 2.468526 -7.126797 34.889911 2.484231 -6.879496 33.465499 0.000001 -0.000001 -0.000001 3.248222 -3.723389 56.294716 -0.181370 -5.371248 24.867074 -0.008796 -6.057574 28.117748 -0.000002 0.000000 -0.000001 2.578010 -3.282451 57.631859 -1.470948 -9.249876 39.536516 -1.786254 -8.608217 39.870133 -0.000000 0.000002 0.000002 -28.572420 0.940904 24.828685 56.201409 -7.328304 8.929141 -21.060926 -1.609329 -18.088067 -2.631648 0.000001 0.000003 -0.000000 0.000000 -0.000000 2.168546 -16.793736 3.605680 51.784233 -13.570888 -4.156588 -37.943856 -19.528028 -3.127140 -4.405905 0.000006 -0.000005 0.000000 0.000002 -0.000002 
2.323549 88.729111 4.047786 -6.624214 -4.526567 -9.066212 -2.496052 3.357784 -4.010874 -2.018127 6.562700 -8.302565 -1.941384 6.409440 -8.443952 -6.143082 0.889439 -9.361504 7.558024 -11.467127 -15.910099 0.000000 -0.000000 -0.000001 1.473233 -4.581541 -10.287423 -13.953497 -17.796282 -49.112895 4.457347 -102.484325 4.572957 -20.681750 -2.289975 22.759097 5.998438 14.047557 -3.913222 4.445164 12.411515 -5.720198 1.226947 9.952953 -3.228780 0.000002 -0.000000 -0.000001 -1.431511 -0.044272 -49.213647 7.624207 8.115486 -46.721711 4.695859 6.327622 -32.822635 0.000002 0.000000 0.000001 3.870670 4.640562 -54.262595 2.789531 8.648232 -38.795737 2.470547 7.728810 -39.837287 -0.000001 -0.000000 0.000002 1.318628 2.703355 -59.133797 -0.480466 8.133954 -33.782307 -0.308619 7.935158 -33.615831 0.000001 0.000000 0.000000 3.785861 4.934201 -60.509254 -0.836280 5.505394 -39.506815 -1.416110 8.069837 -34.682833 -0.000004 -0.000001 -0.000001 0.879693 1.879232 -9.912446 -6.909099 33.023063 76.105629 4.834477 101.547489 -4.942553 4.809674 0.656874 -21.588814 -2.563018 -16.704155 2.431822 3.431352 0.609159 5.067698 -2.029117 6.061906 0.770030 -0.000002 -0.000003 0.000000 5.463072 -5.731498 51.335005 4.962494 -5.843271 32.032559 6.945421 -6.516787 43.009063 0.000005 0.000000 -0.000001 1.737746 -2.055182 47.275503 2.500437 -7.168382 35.138479 2.499438 -6.899303 33.584040 -0.000002 0.000002 0.000001 3.253488 -3.742692 56.601631 -0.174929 -5.405565 25.029242 -0.003270 -6.079522 28.223124 -0.000000 0.000001 -0.000000 2.490633 -3.225143 57.707367 -1.464708 -9.282628 39.679192 -1.784655 -8.618561 39.914034 -0.000002 0.000002 0.000001 -32.368915 -1.068340 25.720793 56.826849 -7.342077 8.882769 -19.962442 -2.542151 -18.372171 -2.307453 -0.000001 0.000005 0.000000 -0.000000 0.000000 -2.136979 -16.414070 4.156262 55.598269 -13.795367 -1.589492 -37.496748 -20.289676 -4.177250 -6.325883 -0.000009 -0.000001 -0.000001 0.000007 0.000004 
2.102458 88.300613 2.776374 -4.381414 -3.499452 -9.637402 -1.369625 3.061111 -4.663486 -0.481905 5.905178 -9.020623 -0.389726 5.776668 -9.110923 -5.750598 0.689712 -9.495292 7.923911 -12.558955 -13.843725 0.000001 0.000000 -0.000000 1.548027 -5.135682 -10.835401 -19.525207 -18.389977 -48.837683 4.980461 -101.211253 5.084546 -20.563150 -0.200629 23.587049 6.053989 14.109025 -3.962732 4.562904 13.000351 -5.790899 1.274888 10.172948 -3.256314 0.000003 -0.000004 -0.000003 -1.292346 0.132272 -49.467720 7.658922 8.130104 -46.877900 4.702169 6.332404 -32.855324 -0.000002 0.000001 0.000001 4.037847 4.780655 -54.508325 2.815166 8.680171 -38.979446 2.472674 7.731703 -39.853382 0.000001 0.000000 -0.000000 1.457174 2.831716 -59.344208 -0.466655 8.190086 -34.032049 -0.304918 7.949297 -33.679530 0.000000 0.000000 0.000002 3.889506 4.999912 -60.584816 -0.828931 5.534317 -39.627364 -1.415306 8.075746 -34.706551 -0.000003 0.000000 0.000001 0.869791 1.878512 -10.096445 -9.645749 31.880963 76.951882 4.153426 103.372441 -4.278056 3.449265 1.673740 -21.317244 -2.942369 -16.259064 2.084625 3.431354 0.609157 5.067699 -2.086771 6.382212 0.790935 0.000001 0.000001 0.000000 5.277566 -5.573876 51.614329 5.000354 -5.867504 32.222657 7.027508 -6.552267 43.393992 -0.000002 0.000000 0.000001 1.693254 -2.052202 47.849823 2.538442 -7.217405 35.432747 2.515030 -6.919523 33.705262 -0.000001 0.000001 -0.000000 3.290348 -3.790687 57.012675 -0.168090 -5.441391 25.198608 0.002133 -6.100831 28.325457 -0.000001 0.000001 0.000001 2.411018 -3.174761 57.796535 -1.459910 -9.307495 39.787607 -1.783385 -8.626730 39.948673 -0.000004 0.000003 0.000000 -36.325323 -2.964767 25.869072 57.358201 -7.370142 8.840585 -18.644402 -3.081180 -18.542517 -1.967403 -0.000002 -0.000000 0.000000 0.000000 0.000000 -7.312883 -16.384794 3.759193 59.776197 -14.064270 0.984275 -36.643746 -20.610449 -5.023952 -8.513401 -0.000006 0.000019 -0.000001 0.000000 0.000003 
1.962396 87.846329 1.352104 -1.986081 -2.788463 -9.755616 -0.141554 2.789927 -5.395689 1.174736 5.263761 -9.782440 1.281680 5.158715 -9.826278 -5.321344 0.441636 -9.557821 8.209771 -13.730360 -11.225169 -0.000000 0.000000 -0.000002 1.612214 -5.631707 -11.267711 -25.279056 -19.398350 -48.737238 5.540773 -100.105322 5.634855 -19.881726 1.482406 24.000796 6.082024 14.134327 -4.004960 4.622477 13.293935 -5.826413 1.326504 10.407998 -3.285806 0.000003 0.000000 -0.000003 -1.167382 0.298065 -49.749848 7.707170 8.150254 -47.094807 4.709770 6.338095 -32.894526 0.000004 0.000001 0.000001 4.157610 4.883876 -54.831184 2.847458 8.720084 -39.209695 2.476222 7.736522 -39.880146 -0.000001 0.000000 0.000001 1.584309 2.959273 -59.644443 -0.451730 8.249613 -34.297197 -0.301199 7.963413 -33.743071 -0.000002 -0.000000 0.000001 3.993204 5.071058 -60.754341 -0.810559 5.605399 -39.923876 -1.415056 8.077535 -34.713764 -0.000001 -0.000000 -0.000000 0.858440 1.857667 -10.202307 -12.777418 30.744526 77.721119 3.638736 105.177175 -3.779736 1.903488 2.800747 -21.215237 -3.312190 -15.829894 1.678451 3.431359 0.609155 5.067699 -2.147873 6.721942 0.812963 -0.000002 0.000002 0.000001 5.105102 -5.429325 51.928610 5.053322 -5.901140 32.487989 7.109958 -6.587230 43.779457 0.000000 0.000002 -0.000000 1.703229 -2.110482 48.510111 2.586818 -7.279015 35.804463 2.530966 -6.940054 33.828496 0.000001 0.000001 0.000003 3.354876 -3.862441 57.504455 -0.159955 -5.483320 25.396930 0.007128 -6.120317 28.419125 -0.000000 -0.000003 0.000000 2.341654 -3.132692 57.893783 -1.456043 -9.327445 39.874627 -1.782439 -8.632855 39.974628 0.000001 0.000001 0.000004 -40.391509 -4.512618 25.327233 57.754830 -7.397231 8.805707 -17.124251 -3.175709 -18.602097 -1.633726 -0.000000 0.000002 0.000000 0.000000 -0.000000 -13.248338 -16.517095 2.426327 64.123626 -14.337262 3.326220 -35.363052 -20.524609 -5.642354 -10.759979 0.000002 0.000022 0.000000 0.000005 0.000002 
1.928333 87.372894 -0.193441 0.485362 -2.476624 -9.404638 1.166449 2.541612 -6.195306 2.927995 4.657474 -10.576868 3.048823 4.573258 -10.579487 -4.886197 0.156287 -9.558238 8.278226 -14.952269 -8.071321 -0.000000 -0.000001 -0.000001 1.658339 -5.996734 -11.537405 -31.129810 -20.749254 -48.973194 6.148868 -99.126973 6.234142 -18.872866 2.636774 24.010517 6.098929 14.146701 -4.039126 4.660433 13.479528 -5.848962 1.385543 10.674649 -3.319333 0.000000 0.000005 -0.000002 -1.017369 0.494664 -50.093335 7.775317 8.178356 -47.400601 4.725045 6.349573 -32.973367 0.000001 -0.000000 0.000001 4.294529 5.000583 -55.234360 2.885930 8.767274 -39.482834 2.481697 7.743936 -39.921301 0.000001 -0.000000 0.000000 1.717490 3.097810 -60.028183 -0.435792 8.311911 -34.575094 -0.297013 7.979286 -33.814429 -0.000000 -0.000001 -0.000001 4.107581 5.154876 -61.046100 -0.785305 5.700801 -40.322544 -1.414537 8.081301 -34.728893 0.000003 0.000001 0.000001 0.851410 1.829538 -10.182740 -16.344305 29.595705 78.373573 3.245657 106.911790 -3.402451 0.310834 3.993431 -21.326945 -3.652487 -15.439204 1.237292 3.431356 0.609161 5.067699 -2.207592 7.054466 0.834412 -0.000003 0.000001 -0.000000 4.950502 -5.302108 52.266110 5.122327 -5.944433 32.832559 7.189333 -6.620297 44.149714 0.000001 -0.000000 -0.000000 1.759021 -2.217338 49.238707 2.647834 -7.355572 36.268953 2.547178 -6.960894 33.953850 -0.000002 0.000001 0.000000 3.439991 -3.950785 58.055563 -0.149424 -5.536331 25.648023 0.011448 -6.137193 28.500238 0.000001 -0.000000 0.000002 2.285398 -3.100591 57.994965 -1.451969 -9.348231 39.965202 -1.781762 -8.637181 39.992981 0.000004 -0.000001 -0.000002 -44.486654 -5.554735 24.249776 58.026808 -7.433028 8.774395 -15.451493 -2.804375 -18.553813 -1.322966 -0.000002 0.000011 0.000000 -0.000000 -0.000000 -19.753409 -16.555286 0.324713 68.445052 -14.625436 5.240338 -33.669042 -20.098721 -5.990708 -13.197589 0.000006 0.000016 -0.000000 -0.000002 0.000002 
2.026526 86.862907 -1.822786 2.930141 -2.572753 -8.636182 2.542197 2.302536 -7.020169 4.767888 4.096107 -11.358911 4.901225 4.029821 -11.324915 -4.463321 -0.152729 -9.514440 8.003289 -16.208787 -4.484183 0.000000 0.000000 0.000001 1.681507 -6.198996 -11.600571 -37.021804 -22.304404 -49.745221 6.838509 -98.223550 6.915607 -17.673335 3.302643 23.736028 6.118238 14.164369 -4.067117 4.707360 13.707465 -5.876729 1.451546 10.970053 -3.356548 0.000001 0.000005 0.000000 -0.816601 0.743925 -50.501937 7.865645 8.214943 -47.804849 4.752154 6.369842 -33.113201 0.000002 0.000001 -0.000000 4.494228 5.163623 -55.700807 2.929424 8.820043 -39.789646 2.489140 7.754014 -39.977265 -0.000001 0.000001 0.000001 1.869228 3.253327 -60.472985 -0.418861 8.376705 -34.864591 -0.292069 7.997842 -33.898102 -0.000001 -0.000001 -0.000001 4.234854 5.251688 -61.456949 -0.757218 5.803728 -40.753598 -1.413209 8.090903 -34.767528 0.000000 0.000001 -0.000000 0.865113 1.846964 -10.008009 -20.333828 28.388285 78.824085 2.944197 108.526440 -3.115793 -1.218167 5.175356 -21.613920 -3.946030 -15.106420 0.794609 3.431354 0.609157 5.067697 -2.260519 7.349536 0.853355 0.000002 0.000002 0.000002 4.818926 -5.196221 52.612852 5.205967 -5.996134 33.248493 7.261637 -6.649885 44.486033 0.000000 -0.000004 -0.000001 1.849129 -2.357713 50.015781 2.721571 -7.446423 36.824371 2.563873 -6.982249 34.082401 0.000001 0.000002 -0.000000 3.537562 -4.048248 58.647822 -0.135514 -5.604799 25.972441 0.015099 -6.151277 28.567987 0.000001 -0.000003 -0.000001 2.245593 -3.080544 58.097070 -1.446441 -9.376157 40.087101 -1.781296 -8.640253 40.005968 0.000005 -0.000002 0.000000 -48.529652 -6.067526 22.844520 58.271581 -7.452922 8.747374 -13.723594 -2.029488 -18.419251 -1.043029 0.000002 0.000011 0.000000 0.000000 0.000000 -26.567264 -16.269128 -2.257894 72.574120 -14.675249 6.639036 -31.705492 -19.654687 -6.197216 -15.580102 -0.000001 0.000019 0.000000 -0.000002 0.000001 
2.278234 86.294373 -3.483875 5.243930 -3.021222 -7.583616 3.977297 2.059474 -7.785418 6.688586 3.582782 -12.055100 6.832394 3.532078 -11.987887 -4.056284 -0.471021 -9.433581 7.310415 -17.475398 -0.653624 -0.000001 -0.000001 -0.000001 1.677821 -6.226102 -11.401167 -42.886433 -23.850476 -51.254566 7.654732 -97.361184 7.724061 -16.311730 3.630602 23.337433 6.146647 14.195672 -4.092038 4.778864 14.051583 -5.918878 1.520084 11.273622 -3.394920 0.000000 0.000003 -0.000001 -0.562623 1.040548 -50.949851 7.974551 8.258069 -48.290937 4.791596 6.399176 -33.316153 -0.000002 0.000001 0.000001 4.769698 5.378780 -56.196351 2.975883 8.875728 -40.115057 2.498090 7.766081 -40.044436 -0.000002 -0.000000 0.000001 2.041849 3.423134 -60.945696 -0.401106 8.443271 -35.162326 -0.286417 8.018972 -33.993257 -0.000002 -0.000001 -0.000001 4.367780 5.354545 -61.952848 -0.729699 5.901823 -41.165407 -1.410967 8.106809 -34.831513 0.000001 0.000000 -0.000001 0.920307 1.982519 -9.675314 -24.698872 27.089346 78.972887 2.714413 109.971435 -2.899264 -2.626968 6.250327 -21.969594 -4.179777 -14.846405 0.387391 3.431356 0.609156 5.067704 -2.301742 7.579357 0.868035 0.000000 -0.000002 0.000002 4.715218 -5.114893 52.952578 5.301275 -6.054022 33.720299 7.323573 -6.674863 44.773594 -0.000002 -0.000000 -0.000002 1.962061 -2.517078 50.816017 2.806341 -7.548630 37.454934 2.581191 -7.004304 34.215580 0.000003 0.000002 0.000002 3.640260 -4.148499 59.263817 -0.117379 -5.690993 26.381694 0.018160 -6.163088 28.624819 0.000001 0.000002 0.000000 2.225528 -3.074561 58.197467 -1.438477 -9.415760 40.260017 -1.780880 -8.642829 40.016934 0.000000 0.000000 0.000000 -52.443094 -6.157657 21.339220 58.616683 -7.330208 8.716956 -12.068861 -1.066075 -18.237775 -0.793028 -0.000001 0.000002 0.000000 -0.000000 -0.000000 -33.339977 -15.563409 -4.957055 76.346509 -14.625279 7.544887 -29.661773 -19.212931 -6.212850 -15.688553 0.000013 0.000027 0.000000 0.000004 0.000000 
2.700555 85.694115 -5.127061 7.347945 -3.744102 -6.404415 5.460042 1.825114 -8.406802 8.675565 3.117802 -12.580371 8.827187 3.081100 -12.482261 -3.657302 -0.784041 -9.300941 6.200200 -18.698049 3.167838 -0.000003 -0.000001 -0.000000 1.643909 -6.057349 -10.878038 -48.597076 -25.124072 -53.628934 8.619513 -96.549963 8.681473 -14.762721 3.794075 22.957384 6.183863 14.238698 -4.118333 4.873521 14.501362 -5.974344 1.583758 11.553050 -3.430343 0.000003 -0.000004 -0.000003 -0.277862 1.354977 -51.389886 8.092568 8.303620 -48.815949 4.839718 6.434673 -33.563109 0.000001 -0.000000 0.000001 5.098656 5.625791 -56.676206 3.022395 8.930857 -40.438801 2.507546 7.778781 -40.115197 0.000002 0.000000 0.000001 2.225804 3.596019 -61.408339 -0.382993 8.509645 -35.459835 -0.280436 8.041151 -34.093255 -0.000001 -0.000000 0.000002 4.491615 5.451738 -62.474928 -0.704758 5.988382 -41.529589 -1.408255 8.126141 -34.909278 0.000000 -0.000000 -0.000001 1.032802 2.297560 -9.203706 -29.383184 25.718987 78.733162 2.543157 111.197010 -2.739303 -3.894111 7.121256 -22.290794 -4.346622 -14.667321 0.048252 3.431354 0.609160 5.067700 -2.328007 7.725956 0.877380 0.000002 -0.000003 -0.000004 4.642187 -5.059382 53.267966 5.404399 -6.115445 34.228226 7.373771 -6.694828 45.006336 0.000001 0.000004 0.000001 2.087549 -2.682606 51.606850 2.899163 -7.657956 38.136132 2.599298 -7.027228 34.354298 0.000002 -0.000002 -0.000003 3.742159 -4.246385 59.882994 -0.094766 -5.794387 26.873533 0.020887 -6.173589 28.675327 -0.000002 -0.000000 -0.000002 2.227405 -3.083746 58.293247 -1.427808 -9.467892 40.487954 -1.780426 -8.645854 40.029741 0.000001 -0.000004 -0.000004 -56.114088 -5.965251 19.911591 59.082987 -7.189531 8.684642 -10.535497 0.096380 -17.995277 -0.566681 -0.000001 0.000005 -0.000000 0.000000 -0.000000 -39.705706 -14.470237 -7.447788 79.610629 -14.617747 8.068174 -27.636585 -18.711419 -5.980300 -15.573036 0.000005 0.000021 -0.000000 0.000004 0.000000 
3.289701 85.070099 -6.707589 9.214618 -4.631851 -5.204909 6.970316 1.598882 -8.845092 10.697995 2.702626 -12.861553 10.854089 2.678373 -12.734244 -3.254375 -1.077046 -9.085765 4.746341 -19.793122 6.720715 0.000000 -0.000000 -0.000001 1.576735 -5.658986 -9.998067 -53.953379 -25.889709 -56.829001 9.675634 -95.845955 9.731218 -13.030210 3.913578 22.690051 6.224711 14.284168 -4.152247 4.976550 14.983506 -6.034334 1.634497 11.773808 -3.458388 0.000002 0.000004 0.000001 -0.001708 1.645217 -51.767725 8.206333 8.346371 -49.320328 4.889632 6.471130 -33.818415 -0.000001 0.000001 0.000001 5.432455 5.868214 -57.095023 3.065607 8.981515 -40.737656 2.516107 7.790295 -40.179360 0.000001 0.000000 0.000001 2.402456 3.755792 -61.824830 -0.365453 8.572845 -35.743466 -0.274773 8.061974 -34.187228 -0.000003 -0.000001 0.000000 4.589385 5.530655 -62.952214 -0.683132 6.061783 -41.838942 -1.405731 8.143987 -34.981142 -0.000001 -0.000000 0.000001 1.207268 2.817902 -8.620162 -34.335580 24.373977 78.050525 2.422091 112.153707 -2.627078 -4.987039 7.730272 -22.570111 -4.447067 -14.567996 -0.201974 3.431356 0.609163 5.067698 -2.338874 7.786672 0.881256 0.000001 -0.000001 -0.000001 4.598771 -5.027753 53.542727 5.510957 -6.177659 34.750568 7.413054 -6.710278 45.188050 -0.000001 -0.000001 -0.000002 2.215949 -2.843009 52.350494 2.996376 -7.769675 38.839652 2.618074 -7.050898 34.497629 -0.000001 0.000000 0.000001 3.838460 -4.337705 60.479884 -0.068117 -5.911146 27.430229 0.023562 -6.183804 28.724425 0.000001 -0.000001 -0.000000 2.251140 -3.107665 58.380885 -1.414887 -9.529576 40.757822 -1.779782 -8.650004 40.047400 -0.000001 0.000001 0.000001 -59.630885 -5.671778 18.543374 59.888909 -6.972636 8.653132 -9.235896 1.350016 -17.237724 -0.489380 0.000001 0.000006 0.000000 0.000000 -0.000000 -45.442963 -13.105109 -9.566571 82.317795 -14.649774 8.322533 -25.814229 -18.205912 -5.526550 -15.346192 -0.000001 0.000036 0.000001 0.000000 -0.000000 
4.046314 84.399780 -8.169143 10.864049 -5.594104 -4.047368 8.478659 1.392585 -9.076004 12.710949 2.342318 -12.859323 12.867907 2.327817 -12.704324 -2.839979 -1.335644 -8.761322 3.070603 -20.673173 9.808395 0.000001 0.000000 0.000001 1.473547 -5.012235 -8.801854 -58.718392 -26.053217 -60.591052 10.635329 -95.326826 10.686212 -11.201131 4.020530 22.577233 6.262809 14.320410 -4.201888 5.066785 15.399831 -6.086548 1.665637 11.908730 -3.475561 0.000002 0.000002 -0.000001 0.224256 1.872673 -52.039857 8.302413 8.381580 -49.745098 4.933170 6.502653 -34.040437 -0.000001 -0.000001 -0.000003 5.714342 6.067538 -57.418894 3.102409 9.024201 -40.990656 2.522435 7.798742 -40.226573 0.000001 -0.000000 0.000002 2.550759 3.886767 -62.169324 -0.349422 8.629388 -35.997686 -0.270168 8.078886 -34.263460 -0.000000 -0.000000 0.000002 4.647998 5.581835 -63.320184 -0.664458 6.123987 -42.101617 -1.404090 8.155401 -35.027075 0.000001 -0.000001 0.000004 1.437725 3.530033 -7.947746 -39.503789 23.220780 76.919657 2.346672 112.791777 -2.557590 -5.840263 8.120853 -22.938477 -4.489657 -14.536861 -0.358659 3.431351 0.609158 5.067700 -2.336861 7.775541 0.880540 0.000002 -0.000002 0.000004 4.579556 -5.014912 53.763971 5.616538 -6.238012 35.265322 7.443663 -6.722205 45.329531 -0.000001 -0.000001 -0.000001 2.337549 -2.988030 53.009501 3.094107 -7.879175 39.537213 2.636973 -7.074634 34.641688 0.000001 0.000000 0.000001 3.924785 -4.418632 61.025691 -0.038604 -6.034657 28.020578 0.026331 -6.194330 28.775143 -0.000002 0.000001 0.000002 2.293642 -3.143651 58.456946 -1.400863 -9.595041 41.044683 -1.778922 -8.655475 40.070592 0.000002 -0.000002 0.000001 -62.860389 -5.783174 18.010872 60.692412 -6.208242 7.303531 -8.106742 1.602186 -16.076913 -0.629417 0.000001 0.000003 -0.000000 -0.000000 -0.000000 -50.485476 -11.576306 -11.292674 84.538139 -14.699622 8.387526 -24.348890 -17.717854 -4.834624 -15.051662 0.000003 0.000030 0.000001 0.000001 -0.000002 
4.938853 83.737137 -9.484239 12.349272 -6.566222 -2.938575 9.953022 1.214310 -9.089928 14.665873 2.045233 -12.580155 14.820315 2.035732 -12.398756 -2.417259 -1.548143 -8.324825 1.302451 -21.284837 12.350644 0.000002 -0.000001 -0.000001 1.335196 -4.155312 -7.425356 -62.700358 -25.737379 -64.461727 11.209604 -95.058577 11.258069 -9.428683 4.068105 22.622454 6.293097 14.338150 -4.274588 5.125169 15.666284 -6.120196 1.674186 11.945627 -3.480271 0.000001 -0.000001 -0.000000 0.372804 2.016254 -52.189510 8.371868 8.406539 -50.051452 4.963576 6.524531 -34.195219 0.000001 -0.000000 0.000001 5.900448 6.196646 -57.636708 3.130807 9.056902 -41.185201 2.525454 7.802797 -40.249116 0.000000 0.000000 0.000001 2.654984 3.979261 -62.433380 -0.335795 8.676746 -36.210900 -0.267154 8.089863 -34.313105 -0.000000 -0.000000 0.000002 4.662979 5.601894 -63.540813 -0.647650 6.179085 -42.334735 -1.403851 8.157199 -35.034253 0.000000 0.000000 0.000000 1.712782 4.397333 -7.198725 -44.817799 22.449616 75.400828 2.389986 112.421157 -2.597461 -6.401647 8.478889 -23.602393 -4.489700 -14.553547 -0.432883 3.431356 0.609162 5.067694 -2.326725 7.718879 0.876925 -0.000000 -0.000001 -0.000001 4.576053 -5.013675 53.924733 5.716807 -6.294137 35.751915 7.468291 -6.731746 45.443257 -0.000001 0.000002 0.000002 2.442025 -3.108501 53.554550 3.188663 -7.982643 40.203457 2.655218 -7.097344 34.779911 0.000002 0.000000 -0.000000 3.996700 -4.485687 61.493737 -0.008064 -6.156858 28.606338 0.029156 -6.205153 28.827237 -0.000002 0.000001 -0.000004 2.348875 -3.187241 58.518861 -1.387021 -9.658042 41.320971 -1.777931 -8.661747 40.097213 0.000004 0.000003 0.000000 -65.796401 -5.891760 17.457134 61.532525 -4.870867 6.107463 -7.195717 1.386638 -15.105762 -0.742019 0.000004 0.000003 0.000000 -0.000000 -0.000000 -54.809423 -9.983419 -12.630938 86.230237 -14.776955 8.288531 -23.262622 -17.236759 -3.916176 -14.717323 0.000017 0.000028 -0.000001 0.000001 -0.000002 
5.937836 83.101540 -10.635558 13.734139 -7.535342 -1.802046 11.363789 1.077160 -8.925327 16.518575 1.820553 -12.071810 16.667997 1.809585 -11.864785 -2.000124 -1.709267 -7.802680 -0.462890 -21.635183 14.386059 0.000000 -0.000001 -0.000000 1.174442 -3.204616 -6.069999 -65.816939 -25.241473 -67.918260 11.161635 -95.079922 11.210260 -7.856014 3.980858 22.806463 6.313257 14.333254 -4.373392 5.141316 15.739498 -6.129483 1.661601 11.891291 -3.473341 0.000002 0.000005 -0.000000 0.441995 2.079511 -52.234780 8.413617 8.421330 -50.235293 4.977864 6.534770 -34.267834 -0.000001 0.000000 0.000002 5.975587 6.247992 -57.765867 3.150864 9.079867 -41.322006 2.524815 7.801965 -40.244444 0.000000 -0.000000 0.000004 2.710740 4.032789 -62.630171 -0.324814 8.714424 -36.380712 -0.265915 8.094366 -34.333411 0.000001 0.000000 0.000001 4.640351 5.594476 -63.616833 -0.631287 6.232059 -42.558922 -1.404998 8.149077 -35.001612 0.000000 0.000000 -0.000004 2.021771 5.381819 -6.376765 -50.175034 22.198531 73.628210 2.507704 111.468803 -2.706374 -6.720064 9.083867 -24.689385 -4.465773 -14.593999 -0.445892 3.431354 0.609160 5.067699 -2.313822 7.646783 0.872344 -0.000000 -0.000003 0.000001 4.579390 -5.017115 54.024699 5.808112 -6.344304 36.193152 7.488792 -6.739677 45.537957 -0.000001 -0.000001 -0.000001 2.519891 -3.197328 53.970604 3.276978 -8.077079 40.818269 2.671612 -7.117732 34.904196 0.000001 0.000001 0.000000 4.050023 -4.535973 61.865320 0.021416 -6.270078 29.150677 0.031919 -6.215514 28.877179 -0.000001 0.000001 -0.000000 2.409122 -3.232968 58.565512 -1.374495 -9.713858 41.566113 -1.776954 -8.667793 40.122894 -0.000001 -0.000001 0.000001 -68.457074 -5.986432 16.831803 62.415259 -3.473383 5.039232 -6.477719 1.222315 -14.285914 -0.822157 -0.000003 -0.000002 0.000000 -0.000000 -0.000000 -58.511417 -8.316756 -13.646239 87.453797 -14.879292 8.017767 -22.530082 -16.738383 -2.781380 -14.355960 0.000005 0.000017 0.000000 0.000002 -0.000001 
7.013670 82.502037 -11.617067 15.082803 -8.516753 -0.522190 12.683886 0.984117 -8.638049 18.232165 1.674127 -11.405253 18.375133 1.655353 -11.172882 -1.606115 -1.823369 -7.236915 -2.196092 -21.791992 16.022087 -0.000003 -0.000001 -0.000001 1.019774 -2.331266 -4.931258 -68.093947 -24.891585 -70.514948 10.467259 -95.410919 10.518891 -6.533113 3.719888 23.092146 6.323194 14.307424 -4.493517 5.116079 15.625017 -6.114980 1.633513 11.769507 -3.457835 0.000002 0.000001 -0.000000 0.455554 2.089395 -52.223920 8.435162 8.428923 -50.330158 4.977904 6.534829 -34.268080 -0.000001 0.000000 -0.000000 5.957375 6.235044 -57.848096 3.164800 9.095725 -41.416802 2.521026 7.796913 -40.216232 0.000001 0.000000 0.000002 2.726225 4.056467 -62.791753 -0.315979 8.744407 -36.515906 -0.266182 8.093358 -34.328879 -0.000000 0.000001 -0.000001 4.594279 5.569410 -63.593057 -0.613928 6.287434 -42.793775 -1.407174 8.133822 -34.940219 0.000000 -0.000000 0.000003 2.357392 6.456516 -5.480861 -55.445614 22.480688 71.790097 2.714794 109.968907 -2.899613 -6.989735 10.162044 -26.087831 -4.434477 -14.637126 -0.420313 3.431353 0.609162 5.067700 -2.302300 7.582518 0.868264 0.000001 -0.000001 -0.000001 4.584072 -5.021024 54.069512 5.887953 -6.387417 36.577463 7.505682 -6.746169 45.615900 0.000000 0.000003 -0.000001 2.564758 -3.250980 54.258685 3.356863 -8.160756 41.368598 2.685281 -7.134618 35.007394 0.000000 0.000002 0.000001 4.081491 -4.567737 62.133828 0.048127 -6.368835 29.626878 0.034232 -6.224313 28.919485 0.000001 0.000000 0.000000 2.466792 -3.275548 58.597115 -1.363789 -9.760787 41.772382 -1.776223 -8.672488 40.142774 0.000003 -0.000001 -0.000003 -70.881285 -6.009459 16.106153 63.313033 -1.981558 4.039197 -5.943579 1.101258 -13.591596 -0.894938 -0.000002 0.000003 0.000000 -0.000000 0.000000 -61.735915 -6.508667 -14.407603 88.292039 -15.005675 7.560187 -22.078382 -16.197358 -1.476239 -13.973778 0.000018 0.000028 0.000000 0.000000 -0.000001 
8.140687 81.934494 -12.432843 16.454402 -9.525355 1.006764 13.887748 0.925804 -8.275601 19.775681 1.604560 -10.651511 19.911538 1.574449 -10.394155 -1.247301 -1.904193 -6.662568 -3.940774 -21.856418 17.358072 0.000001 0.000000 -0.000000 0.904513 -1.700185 -4.120597 -69.608835 -24.878051 -71.994927 9.314387 -96.068899 9.372011 -5.391601 3.328207 23.426495 6.323774 14.266390 -4.621519 5.059843 15.367931 -6.082549 1.597799 11.614366 -3.438125 0.000002 0.000001 -0.000001 0.452714 2.086465 -52.219706 8.450393 8.434240 -50.397142 4.969871 6.529058 -34.227246 -0.000000 -0.000001 0.000002 5.887465 6.186676 -57.936260 3.176444 9.108993 -41.496063 2.515341 7.789266 -40.173609 0.000001 -0.000001 0.000001 2.718695 4.065425 -62.959263 -0.308218 8.770573 -36.634027 -0.267359 8.089134 -34.309792 -0.000001 -0.000001 -0.000001 4.542109 5.539548 -63.542807 -0.594463 6.348526 -43.053233 -1.409662 8.116269 -34.869516 0.000001 -0.000000 0.000000 2.714729 7.602348 -4.509001 -60.495040 23.164324 70.079257 3.020813 108.088802 -3.188366 -7.508564 11.721412 -27.390355 -4.405504 -14.671185 -0.371451 3.431355 0.609158 5.067706 -2.293725 7.534692 0.865185 0.000002 -0.000001 0.000001 4.590185 -5.025615 54.068105 5.955154 -6.423149 36.899786 7.518025 -6.750874 45.672836 0.000002 0.000001 -0.000000 2.575386 -3.270396 54.432049 3.427290 -8.233181 41.849160 2.695627 -7.147395 35.085456 -0.000000 0.000000 0.000001 4.089539 -4.580718 62.304111 0.070968 -6.450893 30.023251 0.035860 -6.230404 28.948848 -0.000002 -0.000001 0.000001 2.516175 -3.311190 58.614505 -1.354665 -9.799985 41.944940 -1.775838 -8.674991 40.153425 0.000002 0.000000 0.000001 -73.130699 -5.900527 15.290360 64.228688 -0.378611 3.039336 -5.581269 1.015403 -12.976816 -0.984903 -0.000001 0.000002 0.000000 -0.000000 0.000000 -64.647071 -4.490297 -14.982659 88.841766 -15.155039 6.921683 -21.820014 -15.600734 -0.093086 -13.578388 0.000009 0.000009 0.000000 0.000001 0.000000 
9.294550 81.390541 -13.097178 17.895266 -10.556176 2.843130 14.954134 0.887707 -7.865096 21.125131 1.601505 -9.861703 21.253496 1.561367 -9.580670 -0.926197 -1.969980 -6.092736 -5.790422 -21.920118 18.427791 -0.000001 -0.000000 -0.000001 0.846757 -1.403137 -3.630294 -70.438839 -25.178891 -72.342147 7.978492 -97.067425 8.045155 -4.300791 2.925931 23.755311 6.315596 14.217537 -4.737955 4.987175 15.032792 -6.040503 1.562598 11.460456 -3.418579 0.000002 -0.000000 -0.000000 0.472841 2.110500 -52.277564 8.474738 8.442729 -50.504184 4.962108 6.523476 -34.187696 -0.000002 0.000000 -0.000003 5.814624 6.136655 -58.076115 3.190096 9.124457 -41.588745 2.509349 7.781191 -40.128697 -0.000000 -0.000001 0.000003 2.707503 4.075704 -63.168752 -0.300218 8.797287 -36.754689 -0.268627 8.084499 -34.288977 -0.000002 0.000002 -0.000005 4.498480 5.517003 -63.542910 -0.572484 6.416338 -43.341727 -1.411703 8.101755 -34.811149 0.000000 0.000000 -0.000001 3.087697 8.796742 -3.462161 -65.208595 24.031973 68.632630 3.421344 106.091252 -3.570676 -8.576389 13.474073 -28.027049 -4.378684 -14.697054 -0.302145 3.431353 0.609156 5.067701 -2.286655 7.495215 0.862666 -0.000000 0.000000 0.000001 4.603652 -5.035302 54.029467 6.009717 -6.451826 37.161000 7.524087 -6.753191 45.700704 -0.000002 0.000002 -0.000000 2.556501 -3.260741 54.508379 3.488164 -8.294839 42.261423 2.702714 -7.156066 35.138622 0.000001 -0.000002 0.000001 4.074888 -4.576014 62.387658 0.089829 -6.517019 30.343351 0.036586 -6.233120 28.962014 -0.000001 0.000001 -0.000003 2.554651 -3.338170 58.617858 -1.346540 -9.834538 42.097072 -1.775762 -8.675240 40.154429 0.000001 0.000002 0.000000 -75.268268 -5.620529 14.426014 65.165626 1.318378 1.986828 -5.366527 0.956759 -12.401941 -1.108568 -0.000000 0.000009 0.000000 0.000000 -0.000000 -67.393483 -2.243715 -15.436318 89.186855 -15.322681 6.141544 -21.677697 -14.952662 1.236365 -13.181476 0.000014 0.000013 0.000000 0.000002 0.000000 
10.451720 80.866089 -13.630162 19.422949 -11.579868 4.975194 15.871975 0.857469 -7.410251 22.268819 1.647670 -9.056111 22.388884 1.603546 -8.754536 -0.641973 -2.035267 -5.521794 -7.837416 -22.025629 19.191968 -0.000001 -0.000002 0.000000 0.839548 -1.420741 -3.356995 -70.651805 -25.596486 -71.764921 6.699461 -98.390972 6.778099 -3.168177 2.650666 24.045626 6.298660 14.167273 -4.823077 4.911805 14.681420 -5.996683 1.533641 11.333280 -3.402487 0.000003 -0.000000 -0.000002 0.541653 2.186045 -52.426883 8.520092 8.458419 -50.703448 4.962413 6.523707 -34.189328 0.000000 0.000001 -0.000000 5.777367 6.111507 -58.290897 3.208975 9.145753 -41.716569 2.504609 7.774871 -40.093357 0.000001 -0.000000 0.000001 2.707372 4.098459 -63.438210 -0.291079 8.827671 -36.892010 -0.269301 8.082018 -34.277687 -0.000001 0.000000 -0.000000 4.471140 5.509205 -63.648108 -0.548540 6.489011 -43.651558 -1.412682 8.094616 -34.782390 0.000003 0.000001 -0.000005 3.466379 10.005263 -2.351091 -69.499832 24.890418 67.499174 3.887937 104.247156 -4.020515 -10.347751 14.913518 -27.568520 -4.344925 -14.726873 -0.203391 3.431354 0.609165 5.067699 -2.277414 7.443739 0.859392 -0.000003 0.000000 0.000002 4.633617 -5.057178 53.960035 6.052617 -6.474140 37.365930 7.522121 -6.752453 45.691695 0.000001 0.000001 0.000002 2.517293 -3.230045 54.501587 3.540162 -8.346773 42.611143 2.706992 -7.161336 35.170905 -0.000000 0.000001 0.000001 4.040021 -4.555683 62.396073 0.105269 -6.570163 30.600972 0.036432 -6.232538 28.959189 0.000001 0.000002 -0.000001 2.582787 -3.356822 58.606281 -1.338639 -9.867679 42.243180 -1.776020 -8.673778 40.148234 -0.000001 -0.000001 0.000002 -77.332392 -5.162299 13.575103 66.112912 3.053207 0.858521 -5.265424 0.917825 -11.845329 -1.271701 0.000003 -0.000000 0.000000 0.000000 -0.000000 -70.068780 0.176844 -15.822972 89.380914 -15.497184 5.283263 -21.594044 -14.269988 2.384395 -12.795209 -0.000013 0.000013 -0.000000 -0.000002 -0.000000 
11.594792 80.364517 -14.045935 21.009566 -12.556919 7.312312 16.646727 0.830076 -6.890937 23.214852 1.723739 -8.224688 23.324995 1.683995 -7.907558 -0.401564 -2.103888 -4.943685 -10.114333 -22.148312 19.579881 0.000000 0.000000 -0.000000 0.859248 -1.633435 -3.164118 -70.334023 -25.868080 -70.622933 5.621516 -99.963500 5.714347 -2.013563 2.575673 24.298492 6.272681 14.119365 -4.863085 4.842800 14.356060 -5.956378 1.513312 11.243723 -3.391141 -0.000000 -0.000001 0.000001 0.663686 2.314968 -52.662374 8.591022 8.482550 -51.014529 4.975800 6.533299 -34.257347 -0.000001 0.000002 -0.000001 5.792528 6.122383 -58.574971 3.234232 9.174095 -41.886999 2.502345 7.771798 -40.076265 -0.000001 -0.000003 0.000002 2.723817 4.136588 -63.761387 -0.280488 8.862348 -37.049070 -0.269024 8.083052 -34.282366 0.000001 0.000001 -0.000000 4.459599 5.517039 -63.874413 -0.524001 6.562050 -43.963561 -1.412374 8.096936 -34.791792 -0.000000 -0.000001 0.000001 3.837396 11.183887 -1.205532 -73.308817 25.659255 66.651814 4.368357 102.737882 -4.487244 -12.673237 15.554793 -26.011689 -4.290288 -14.778718 -0.060463 3.431354 0.609161 5.067700 -2.261848 7.356943 0.853837 -0.000002 -0.000000 0.000004 4.688610 -5.097813 53.862759 6.085150 -6.490950 37.521101 7.511311 -6.748326 45.641896 -0.000001 -0.000001 -0.000005 2.468727 -3.186870 54.417288 3.584192 -8.390256 42.905718 2.709316 -7.164199 35.188335 0.000001 -0.000002 -0.000001 3.988761 -4.522138 62.335660 0.118194 -6.613910 30.813374 0.035593 -6.229337 28.943746 0.000001 0.000001 0.000001 2.603514 -3.369113 58.577717 -1.330474 -9.901579 42.392703 -1.776363 -8.671609 40.139092 -0.000000 -0.000000 -0.000004 -79.322402 -4.550616 12.809952 67.061536 4.736912 -0.336113 -5.255110 0.893044 -11.294435 -1.469222 0.000004 0.000002 0.000000 0.000000 0.000000 -72.675098 2.652742 -16.175809 89.436280 -15.673382 4.412095 -21.545253 -13.566910 3.283658 -11.931366 -0.000021 0.000015 0.000001 0.000003 0.000000 
12.708561 79.897064 -14.358137 22.579253 -13.463569 9.714177 17.302047 0.806599 -6.285525 23.993240 1.813738 -7.338726 24.091180 1.785519 -7.012108 -0.225708 -2.167438 -4.369807 -12.559434 -22.207850 19.545788 0.000000 -0.000001 -0.000000 0.880476 -1.877632 -2.942987 -69.614852 -25.783261 -69.315779 4.791146 -101.641247 4.899149 -0.968058 2.659469 24.541397 6.237652 14.074723 -4.854236 4.783255 14.072570 -5.921438 1.500538 11.187420 -3.384015 0.000000 -0.000003 0.000000 0.822942 2.478125 -52.947927 8.683517 8.513431 -51.419505 5.003196 6.552858 -34.396409 -0.000001 0.000003 -0.000001 5.853203 6.163698 -58.897937 3.264619 9.207974 -42.091457 2.503017 7.772678 -40.081241 0.000002 -0.000001 0.000003 2.752578 4.184690 -64.110608 -0.269094 8.899423 -37.216997 -0.267754 8.087702 -34.303385 0.000001 -0.000000 -0.000001 4.456284 5.535375 -64.198061 -0.501012 6.629318 -44.251447 -1.410776 8.108320 -34.837612 -0.000002 -0.000002 0.000002 4.186777 12.289146 -0.079445 -76.599916 26.380535 66.029454 4.810905 101.602349 -4.919494 -15.093422 15.230994 -23.798153 -4.201874 -14.869049 0.138415 3.431356 0.609160 5.067699 -2.237012 7.218428 0.844941 -0.000000 -0.000001 -0.000001 4.772423 -5.160403 53.737975 6.108791 -6.503090 37.633642 7.492122 -6.740948 45.553352 -0.000001 -0.000001 0.000001 2.420181 -3.138043 54.253405 3.621224 -8.426504 43.152374 2.710427 -7.165544 35.196545 0.000000 -0.000001 -0.000004 3.925385 -4.477654 62.206501 0.129366 -6.651237 30.994937 0.034332 -6.224590 28.920923 0.000001 0.000000 0.000002 2.620735 -3.377613 58.530131 -1.321915 -9.936668 42.547564 -1.776646 -8.669761 40.131234 -0.000000 0.000000 0.000000 -81.187863 -3.827235 12.199529 67.995851 6.274534 -1.560541 -5.320048 0.877770 -10.746996 -1.687184 0.000000 0.000005 0.000000 0.000000 0.000000 -75.136773 5.043938 -16.501010 89.346784 -15.816334 3.573879 -21.511577 -12.872350 3.943577 -10.456507 -0.000008 0.000011 0.000000 -0.000001 -0.000000 
13.778397 79.475250 -14.582150 24.029283 -14.305024 12.035533 17.872957 0.785914 -5.587128 24.648382 1.908251 -6.368807 24.731681 1.894614 -6.038678 -0.141310 -2.210192 -3.831218 -15.030796 -22.102268 19.103052 -0.000000 -0.000001 -0.000000 0.886369 -2.022098 -2.648420 -68.656256 -25.250062 -68.159052 4.191552 -103.247175 4.314086 -0.203141 2.763456 24.807689 6.194354 14.032181 -4.803096 4.731451 13.823876 -5.890928 1.491923 11.149161 -3.379189 0.000002 0.000001 0.000001 0.990510 2.644968 -53.230967 8.786894 8.547059 -51.870878 5.041725 6.580203 -34.591654 -0.000000 -0.000001 -0.000001 5.935529 6.218698 -59.217385 3.297172 9.243956 -42.309361 2.506501 7.777369 -40.107438 -0.000001 0.000000 0.000002 2.782765 4.232437 -64.447213 -0.258012 8.935144 -37.378869 -0.265745 8.094945 -34.336010 0.000001 0.000001 -0.000002 4.450302 5.555777 -64.568818 -0.481800 6.684676 -44.488704 -1.408236 8.126309 -34.909995 0.000002 -0.000000 -0.000001 4.503214 13.288017 0.956850 -79.363588 27.153171 65.574474 5.200585 100.756335 -5.301530 -17.095591 14.218553 -21.522408 -4.072987 -15.006588 0.394857 3.431352 0.609167 5.067701 -2.202303 7.024999 0.832514 -0.000000 -0.000001 0.000001 4.881956 -5.243089 53.585484 6.125188 -6.511477 37.711745 7.466352 -6.731015 45.434347 0.000002 0.000000 0.000002 2.377158 -3.087387 54.005619 3.652265 -8.456639 43.358273 2.710777 -7.165968 35.199295 0.000001 -0.000001 0.000002 3.854017 -4.424224 62.005707 0.139267 -6.684027 31.154467 0.032974 -6.219455 28.896085 -0.000000 0.000000 -0.000001 2.638134 -3.384838 58.462751 -1.313222 -9.971871 42.703203 -1.776817 -8.668786 40.127057 -0.000001 0.000001 -0.000001 -82.850454 -3.035851 11.790556 68.903133 7.593939 -2.764006 -5.452201 0.868196 -10.207973 -1.908714 0.000001 0.000002 -0.000000 -0.000000 -0.000000 -77.344325 7.240237 -16.784290 89.120288 -15.766230 2.786669 -21.470416 -12.319838 4.404701 -9.072950 0.000001 0.000006 0.000000 -0.000002 0.000000 
14.794435 79.119522 -14.730813 25.271708 -15.124294 14.151452 18.392835 0.779646 -4.795866 25.222835 2.004469 -5.302177 25.289573 2.003538 -4.973383 -0.162525 -2.217551 -3.362746 -17.367696 -21.747677 18.316757 0.000000 -0.000002 -0.000001 0.872796 -2.028856 -2.289889 -67.607972 -24.288808 -67.289159 3.778351 -104.633519 3.913461 0.161272 2.727678 25.112282 6.144637 13.989731 -4.723387 4.683097 13.589831 -5.862405 1.483041 11.109916 -3.374196 -0.000001 0.000004 0.000003 1.135899 2.785768 -53.461062 8.887349 8.578885 -52.308546 5.086084 6.611405 -34.815701 -0.000002 0.000001 0.000000 6.010568 6.268022 -59.494062 3.328117 9.277948 -42.515858 2.512245 7.785096 -40.150376 0.000004 -0.000001 0.000003 2.801909 4.269040 -64.735194 -0.248486 8.965447 -37.516412 -0.263513 8.103097 -34.372862 -0.000001 -0.000001 0.000002 4.431363 5.569769 -64.930510 -0.468139 6.723627 -44.655992 -1.405239 8.147356 -34.994713 -0.000000 0.000002 -0.000002 4.779805 14.160927 1.838713 -81.616949 28.048073 65.246748 5.567715 100.064252 -5.662437 -18.415834 13.050146 -19.603901 -3.905311 -15.189470 0.697518 3.431353 0.609160 5.067701 -2.159528 6.787007 0.817173 0.000000 -0.000003 -0.000000 5.007915 -5.339327 53.406567 6.136582 -6.517275 37.765844 7.436777 -6.719546 45.297692 -0.000001 -0.000001 -0.000002 2.340900 -3.035882 53.674068 3.678423 -8.481883 43.531316 2.710589 -7.165738 35.197860 0.000002 0.000000 0.000003 3.778643 -4.363913 61.732868 0.148132 -6.713075 31.295910 0.031699 -6.214659 28.873009 -0.000001 0.000001 0.000003 2.658394 -3.392846 58.377265 -1.304836 -10.005485 42.851681 -1.776819 -8.668641 40.126494 -0.000001 0.000000 0.000000 -84.222004 -2.220387 11.609964 69.757685 8.666284 -3.896675 -5.645210 0.861115 -9.681914 -2.116238 -0.000001 0.000004 0.000000 -0.000000 -0.000000 -79.182028 9.154830 -16.993085 88.749006 -15.714305 2.045977 -21.382855 -11.724941 4.844548 -7.819041 -0.000007 0.000007 0.000000 -0.000000 -0.000001 
15.746906 78.842865 -14.815877 26.266425 -15.970756 16.003055 18.879889 0.795809 -3.931410 25.741318 2.103926 -4.151880 25.790702 2.110064 -3.827734 -0.274654 -2.182918 -2.980431 -19.464823 -21.105368 17.267673 0.000002 -0.000000 -0.000001 0.849338 -1.968536 -1.912415 -66.562345 -22.981546 -66.643850 3.500508 -105.737175 3.645656 0.113632 2.457065 25.438184 6.090947 13.945640 -4.630841 4.633775 13.349222 -5.833120 1.470138 11.052695 -3.366988 0.000001 0.000004 0.000004 1.237273 2.881139 -53.606005 8.972352 8.605186 -52.678124 5.130165 6.642169 -35.037931 0.000002 -0.000001 0.000002 6.055559 6.297354 -59.703920 3.354254 9.306486 -42.689820 2.519398 7.794683 -40.203856 -0.000001 -0.000001 0.000001 2.800802 4.287124 -64.951827 -0.241525 8.987539 -37.616758 -0.261426 8.110646 -34.407030 0.000001 0.000000 -0.000000 4.392772 5.571510 -65.239802 -0.460737 6.744541 -44.745850 -1.402269 8.168014 -35.077905 0.000003 0.000001 -0.000002 5.013289 14.898444 2.534250 -83.398556 29.064542 65.017527 5.960781 99.415179 -6.049616 -19.104504 12.177087 -18.173798 -3.707782 -15.407155 1.024802 3.431354 0.609164 5.067701 -2.112136 6.523183 0.800076 0.000002 -0.000002 0.000001 5.138007 -5.440192 53.204807 6.145642 -6.521884 37.809038 7.406525 -6.707734 45.157844 0.000002 0.000002 0.000003 2.309509 -2.982792 53.267689 3.701125 -8.503621 43.681047 2.709777 -7.164749 35.191764 -0.000001 0.000000 -0.000001 3.702932 -4.299103 61.394631 0.156031 -6.738692 31.420762 0.030604 -6.210565 28.853267 -0.000001 0.000001 0.000001 2.683227 -3.403211 58.277968 -1.297247 -10.035558 42.984727 -1.776783 -8.668835 40.127310 -0.000000 -0.000001 -0.000003 -85.253376 -1.412531 11.647932 70.540172 9.512042 -4.924449 -5.892068 0.854397 -9.171867 -2.301403 0.000001 0.000007 -0.000000 0.000000 -0.000000 -80.595857 10.763799 -17.098972 88.236885 -15.666357 1.335559 -21.232975 -11.088191 5.338722 -6.728754 -0.000020 0.000010 0.000000 0.000000 -0.000001 
16.625763 78.648438 -14.846739 27.031438 -16.876574 17.600740 19.330941 0.836987 -3.026976 26.203473 2.209460 -2.954696 26.235909 2.215667 -2.637145 -0.434819 -2.109526 -2.669266 -21.315784 -20.183358 16.017028 0.000000 -0.000000 0.000001 0.835625 -1.979062 -1.562114 -65.538500 -21.424493 -66.034617 3.309962 -106.592854 3.462924 -0.256001 1.964883 25.746781 6.035977 13.899524 -4.538262 4.580736 13.088546 -5.801563 1.450709 10.966203 -3.356074 0.000004 -0.000000 -0.000002 1.287538 2.926166 -53.659479 9.033895 8.623823 -52.945164 5.168954 6.669020 -35.232902 0.000000 -0.000003 -0.000000 6.061151 6.301159 -59.842689 3.373766 9.327656 -42.819153 2.527081 7.804986 -40.261322 0.000002 0.000001 -0.000003 2.776285 4.284517 -65.091983 -0.237335 9.000635 -37.676304 -0.259777 8.116637 -34.434016 -0.000000 -0.000002 0.000001 4.333128 5.559002 -65.475771 -0.459273 6.748686 -44.763779 -1.399707 8.185757 -35.149222 0.000003 0.000001 -0.000002 5.202905 15.496482 3.058984 -84.758112 30.143647 64.860337 6.412408 98.765362 -6.495389 -19.384225 11.760007 -17.147589 -3.492899 -15.645703 1.351624 3.431352 0.609167 5.067701 -2.063514 6.252975 0.782506 0.000001 -0.000007 0.000001 5.261174 -5.537496 52.985592 6.155440 -6.526858 37.855538 7.378506 -6.696665 45.028224 0.000001 0.000002 -0.000002 2.280352 -2.927345 52.803581 3.721879 -8.523437 43.817644 2.708233 -7.162870 35.180221 -0.000000 0.000001 0.000001 3.630429 -4.232619 61.005467 0.163026 -6.761204 31.530458 0.029663 -6.207062 28.836495 0.000000 0.000002 -0.000000 2.713827 -3.417231 58.170904 -1.290875 -10.060513 43.095342 -1.776814 -8.668656 40.126508 -0.000000 0.000000 0.000002 -85.949038 -0.630493 11.864620 71.238791 10.187142 -5.835168 -6.183647 0.847511 -8.680453 -2.467763 0.000002 0.000003 0.000000 0.000000 -0.000000 -81.609518 12.094978 -17.081907 87.603023 -15.626523 0.638968 -21.017363 -10.432774 5.901466 -5.817150 -0.000010 0.000008 0.000000 -0.000003 0.000000 
17.420933 78.530685 -14.830663 27.626288 -17.847443 19.002273 19.725207 0.900089 -2.120959 26.589559 2.322748 -1.760141 26.606718 2.322941 -1.450103 -0.592717 -2.006991 -2.389982 -22.998622 -19.015487 14.598136 0.000000 0.000001 -0.000002 0.850968 -2.187284 -1.269949 -64.501841 -19.707572 -65.274472 3.166721 -107.298030 3.326126 -0.807801 1.350834 26.006454 5.981966 13.852078 -4.452941 4.523784 12.805886 -5.767486 1.423595 10.845315 -3.340836 0.000001 -0.000002 0.000004 1.294033 2.929094 -53.639395 9.069719 8.634541 -53.100500 5.199327 6.689938 -35.385397 0.000000 -0.000001 -0.000001 6.031477 6.282418 -59.922834 3.386275 9.341158 -42.901938 2.534550 7.814915 -40.316858 0.000003 -0.000000 0.000002 2.731101 4.263745 -65.165653 -0.235661 9.005972 -37.700523 -0.258610 8.120748 -34.452618 0.000001 0.000000 0.000001 4.255659 5.533646 -65.639463 -0.462474 6.739669 -44.724953 -1.397728 8.199184 -35.203386 -0.000005 -0.000001 -0.000001 5.349146 15.954217 3.466199 -85.744426 31.211226 64.747905 6.917313 98.137046 -6.994627 -19.490085 11.685241 -16.352141 -3.271650 -15.893357 1.657020 3.431357 0.609160 5.067700 -2.016140 5.989889 0.765319 0.000002 -0.000001 0.000001 5.371016 -5.626217 52.754417 6.168387 -6.533411 37.917068 7.354899 -6.687344 44.918818 0.000001 0.000000 -0.000002 2.251857 -2.869679 52.301812 3.742002 -8.542527 43.949713 2.705981 -7.160115 35.163334 0.000002 0.000001 0.000004 3.564251 -4.167478 60.584290 0.169143 -6.780856 31.626477 0.028878 -6.203986 28.821578 -0.000001 -0.000000 0.000001 2.751187 -3.436112 58.062414 -1.286145 -10.078979 43.177095 -1.777003 -8.667614 40.122109 -0.000000 -0.000000 0.000003 -86.351602 0.103529 12.221511 71.833134 10.739550 -6.632681 -6.421193 0.840086 -8.350915 -2.622448 0.000001 0.000006 -0.000000 -0.000000 0.000000 -82.302912 13.202975 -16.934435 86.874030 -15.594463 -0.054597 -20.753007 -9.797435 6.495907 -5.065515 0.000002 0.000001 -0.000001 0.000001 0.000001 
18.123270 78.480072 -14.773376 28.121863 -18.871408 20.278043 20.035609 0.978361 -1.248733 26.874628 2.442968 -0.616558 26.878620 2.433432 -0.314472 -0.717766 -1.885463 -2.099775 -24.616719 -17.636904 13.034689 -0.000001 0.000001 -0.000000 0.902544 -2.636114 -1.037799 -63.399264 -17.914729 -64.292291 3.043537 -107.952800 3.208911 -1.409478 0.734713 26.214234 5.930385 13.805019 -4.376428 4.464501 12.509064 -5.731863 1.388822 10.689378 -3.321158 -0.000000 -0.000002 0.000001 1.273145 2.906286 -53.578234 9.082760 8.638419 -53.157006 5.220503 6.704423 -35.491367 0.000003 -0.000002 -0.000003 5.979048 6.249212 -59.965045 3.392618 9.348004 -42.943783 2.541040 7.823597 -40.365376 -0.000002 0.000001 0.000001 2.671711 4.230205 -65.190782 -0.235645 9.005948 -37.700482 -0.257911 8.123351 -34.464335 0.000003 0.000001 0.000004 4.166232 5.499048 -65.745236 -0.468716 6.721952 -44.648813 -1.396424 8.208113 -35.239357 0.000001 -0.000000 -0.000001 5.454033 16.275670 3.818626 -86.396244 32.214516 64.653498 7.426512 97.588951 -7.498855 -19.585897 11.714103 -15.636830 -3.050158 -16.144308 1.929276 3.431357 0.609162 5.067700 -1.970838 5.738556 0.748828 -0.000003 -0.000001 -0.000000 5.466580 -5.705517 52.514791 6.185566 -6.542099 37.998661 7.336847 -6.680156 44.835127 0.000001 0.000003 0.000002 2.224148 -2.811130 51.778329 3.762039 -8.561459 44.080876 2.703238 -7.156718 35.142614 0.000001 -0.000000 -0.000005 3.506474 -4.106177 60.148729 0.174459 -6.797825 31.709259 0.028120 -6.201131 28.807877 -0.000000 -0.000000 0.000001 2.796055 -3.460805 57.957386 -1.283458 -10.089397 43.223230 -1.777281 -8.665792 40.114394 -0.000000 -0.000000 -0.000002 -86.515383 0.784634 12.663511 72.316363 11.226519 -7.327943 -6.605047 0.837757 -8.210795 -2.761913 0.000004 0.000006 0.000000 0.000000 -0.000000 -82.767782 14.139263 -16.663066 86.072726 -15.565806 -0.748928 -20.477442 -9.217937 7.069928 -4.427657 -0.000007 -0.000006 0.000000 0.000000 0.000000 
18.725565 78.487885 -14.679949 28.571694 -19.934290 21.479574 20.240118 1.063500 -0.437747 27.041361 2.566849 0.438992 27.034497 2.546409 0.733000 -0.814377 -1.751023 -1.772941 -26.233756 -16.073998 11.365863 0.000002 0.000000 -0.000002 0.980813 -3.259342 -0.848906 -62.183763 -16.128853 -63.173130 2.927982 -108.612056 3.099405 -1.969223 0.194689 26.392111 5.882019 13.760021 -4.306713 4.405444 12.210263 -5.696186 1.346901 10.500315 -3.297413 0.000003 0.000005 -0.000000 1.242952 2.875345 -53.510301 9.078821 8.637257 -53.139961 5.233283 6.713149 -35.555400 0.000005 -0.000002 -0.000002 5.917523 6.210207 -59.988322 3.393988 9.349488 -42.952891 2.546030 7.830244 -40.402478 0.000003 0.000001 0.000002 2.605013 4.189426 -65.184641 -0.236554 9.003093 -37.687471 -0.257454 8.124949 -34.471579 -0.000003 -0.000000 0.000002 4.071185 5.459041 -65.809583 -0.476541 6.699718 -44.553276 -1.395717 8.212882 -35.258587 -0.000001 -0.000000 0.000001 5.521805 16.472972 4.160420 -86.740834 33.135922 64.553463 7.857678 97.179344 -7.926352 -19.746879 11.635563 -14.935243 -2.828688 -16.399061 2.166940 3.431356 0.609155 5.067698 -1.927066 5.495992 0.732833 -0.000004 -0.000003 0.000001 5.550882 -5.777610 52.267425 6.206048 -6.552399 38.095786 7.324487 -6.675217 44.777863 0.000001 0.000001 0.000002 2.198481 -2.753258 51.239970 3.781420 -8.579674 44.207549 2.700374 -7.153186 35.121014 0.000001 -0.000002 -0.000003 3.457663 -4.050000 59.710197 0.178802 -6.811540 31.776308 0.027471 -6.198673 28.796033 -0.000000 0.000000 -0.000001 2.848543 -3.491572 57.858546 -1.283296 -10.090063 43.226177 -1.777579 -8.663773 40.105795 -0.000002 -0.000001 -0.000000 -86.477674 1.420608 13.130081 72.691743 11.702357 -7.927602 -6.844804 0.849155 -8.173814 -2.858170 0.000002 0.000002 0.000000 -0.000000 -0.000000 -83.067374 14.931202 -16.288174 85.212504 -15.533949 -1.440934 -20.242200 -8.708677 7.589903 -3.843332 -0.000005 0.000005 0.000001 -0.000001 0.000001 
19.223440 78.548569 -14.555109 28.996738 -21.031916 22.623478 20.329018 1.147742 0.294202 27.086225 2.689885 1.384996 27.070565 2.659253 1.670939 -0.914852 -1.604911 -1.408951 -27.843073 -14.350648 9.655675 -0.000002 0.000000 -0.000001 1.065116 -3.916724 -0.673649 -60.816722 -14.430434 -62.111070 2.819784 -109.272952 2.997264 -2.442591 -0.254103 26.564624 5.836992 13.717976 -4.241519 4.348580 11.919778 -5.661674 1.298694 10.281550 -3.269925 0.000003 0.000001 -0.000001 1.216203 2.848906 -53.459805 9.063974 8.632837 -53.075604 5.239483 6.717363 -35.586327 0.000003 0.000001 -0.000000 5.855211 6.170670 -60.002126 3.391327 9.346614 -42.935338 2.549007 7.834197 -40.424475 0.000003 0.000000 0.000000 2.535592 4.144954 -65.157177 -0.237901 8.998876 -37.668261 -0.257191 8.125931 -34.476025 -0.000002 0.000000 0.000002 3.975307 5.416419 -65.842033 -0.484912 6.675755 -44.450495 -1.395562 8.213992 -35.263058 0.000001 -0.000000 0.000001 5.559395 16.567901 4.508165 -86.800578 33.990983 64.428929 8.136973 96.936852 -8.203430 -19.979821 11.348002 -14.263171 -2.603472 -16.662040 2.375922 3.431352 0.609158 5.067701 -1.883640 5.255351 0.716940 0.000001 -0.000002 -0.000002 5.628224 -5.845827 52.010371 6.226956 -6.562882 38.194940 7.317009 -6.672228 44.743135 0.000002 -0.000000 0.000000 2.175766 -2.696799 50.684290 3.798461 -8.595636 44.318796 2.697834 -7.150090 35.102016 -0.000001 0.000001 -0.000000 3.416519 -3.998476 59.271965 0.181732 -6.820809 31.821677 0.027029 -6.196995 28.787953 0.000001 -0.000001 -0.000000 2.907436 -3.527588 57.766339 -1.286033 -10.079488 43.179281 -1.777808 -8.662417 40.100047 -0.000001 -0.000001 0.000002 -86.240216 2.004439 13.590096 72.946311 12.184812 -8.425253 -7.181346 0.880893 -8.276978 -2.860149 0.000002 0.000004 0.000000 0.000000 -0.000000 -83.220241 15.672011 -15.921296 84.315086 -15.233200 -2.118968 -19.736400 -8.321085 8.628480 -3.259339 -0.000014 -0.000003 0.000000 0.000003 -0.000000 
19.615793 78.658249 -14.402504 29.385304 -22.172548 23.692596 20.305148 1.225500 0.937507 27.017105 2.808043 2.213312 26.994473 2.768827 2.491490 -1.056529 -1.446136 -1.025431 -29.379437 -12.500837 7.981968 -0.000000 -0.000000 0.000003 1.134424 -4.464195 -0.484010 -59.262628 -12.888023 -61.313522 2.724188 -109.895585 2.907402 -2.823968 -0.639260 26.737494 5.795223 13.678785 -4.180929 4.294704 11.641911 -5.628766 1.245349 10.037526 -3.239372 0.000001 -0.000001 0.000000 1.196159 2.830287 -53.433642 9.042323 8.626368 -52.981695 5.240694 6.718181 -35.592341 0.000003 -0.000001 -0.000002 5.791990 6.130449 -60.002604 3.384728 9.339529 -42.891781 2.549551 7.834899 -40.428532 0.000002 0.000000 -0.000000 2.464466 4.097278 -65.107965 -0.239715 8.993163 -37.642344 -0.257117 8.126185 -34.477190 -0.000001 0.000000 0.000001 3.880893 5.371873 -65.840510 -0.493474 6.651105 -44.344802 -1.395882 8.211709 -35.253857 -0.000003 0.000000 -0.000000 5.575297 16.588156 4.862010 -86.603308 34.819703 64.268597 8.243311 96.848947 -8.308965 -20.257375 10.862497 -13.674404 -2.369954 -16.937725 2.564566 3.431353 0.609162 5.067700 -1.839391 5.010364 0.700667 -0.000001 -0.000001 0.000000 5.701730 -5.912823 51.741183 6.244290 -6.571523 38.277002 7.312755 -6.670517 44.723420 0.000003 0.000001 -0.000000 2.155437 -2.641085 50.104512 3.810731 -8.607080 44.398692 2.696043 -7.147889 35.088495 -0.000000 0.000002 0.000001 3.380123 -3.949847 58.831882 0.182745 -6.823977 31.837158 0.026904 -6.196558 28.785849 -0.000001 -0.000001 -0.000000 2.969743 -3.566719 57.679882 -1.291785 -10.056999 43.079731 -1.777813 -8.662520 40.100454 0.000001 -0.000001 0.000000 -85.783727 2.525949 14.023676 73.069876 12.618918 -8.805047 -7.666545 1.003474 -8.523394 -2.712332 0.000003 -0.000001 -0.000000 0.000000 -0.000000 -83.208964 16.278933 -15.556820 83.372909 -14.830876 -2.766314 -19.209289 -7.958351 9.863127 -2.649543 -0.000011 -0.000004 0.000000 -0.000001 0.000001 
19.906254 78.807144 -14.220809 29.704383 -23.373334 24.648392 20.180824 1.296675 1.489431 26.847855 2.919285 2.924486 26.819644 2.873107 3.195583 -1.259474 -1.275226 -0.643402 -30.758790 -10.574215 6.412705 0.000001 0.000001 -0.000000 1.175913 -4.814997 -0.258154 -57.491587 -11.545222 -60.915466 2.645554 -110.437247 2.833778 -3.133251 -0.994606 26.890805 5.756729 13.641279 -4.129149 4.243223 11.374006 -5.597206 1.188277 9.774218 -3.206449 -0.000002 0.000000 -0.000004 1.175587 2.812585 -53.420269 9.014904 8.618116 -52.862819 5.237691 6.716143 -35.577380 0.000003 -0.000001 -0.000000 5.719941 6.084285 -59.973569 3.373482 9.327333 -42.817244 2.547463 7.832140 -40.413092 -0.000002 -0.000001 -0.000001 2.389095 4.043742 -65.027076 -0.242512 8.984308 -37.602145 -0.257426 8.125132 -34.472354 0.000000 -0.000001 0.000001 3.787673 5.324029 -65.792432 -0.502484 6.625034 -44.233125 -1.396727 8.206097 -35.231205 0.000003 -0.000002 -0.000000 5.576943 16.558528 5.222305 -86.188600 35.673316 64.071682 8.217152 96.870264 -8.283029 -20.544125 10.257637 -13.210933 -2.126055 -17.227392 2.739399 3.431352 0.609160 5.067701 -1.793716 4.757882 0.683824 -0.000001 -0.000001 0.000000 5.772739 -5.979653 51.459554 6.254006 -6.576360 38.323058 7.309571 -6.669258 44.708649 -0.000001 0.000001 0.000000 2.135562 -2.584249 49.497155 3.815585 -8.611613 44.430466 2.695169 -7.146841 35.081976 -0.000001 -0.000000 0.000001 3.344821 -3.901440 58.386889 0.181301 -6.819415 31.814881 0.027197 -6.197695 28.791307 -0.000002 -0.000001 -0.000000 3.031115 -3.605709 57.597927 -1.300287 -10.023543 42.931707 -1.777517 -8.664329 40.108114 -0.000002 0.000000 -0.000001 -85.092129 2.962361 14.433516 73.034789 12.587393 -9.048682 -8.332307 1.635659 -8.859110 -2.383519 0.000001 0.000005 -0.000000 -0.000000 -0.000000 -83.011223 16.695125 -15.209433 82.407667 -14.429186 -3.360625 -18.804202 -7.531162 11.106706 -2.025272 -0.000014 0.000004 0.000000 0.000002 0.000001 
20.094982 79.001320 -14.017874 29.908869 -24.643918 25.454998 19.973358 1.355491 1.947014 26.593562 3.023850 3.522738 26.560785 2.972073 3.787954 -1.517977 -1.096286 -0.275554 -31.917061 -8.630685 4.986395 0.000001 0.000000 0.000001 1.187420 -4.960136 0.018515 -55.489912 -10.414641 -60.944118 2.584592 -110.877466 2.776869 -3.400153 -1.334817 26.987046 5.722142 13.603970 -4.093944 4.192887 11.109702 -5.566152 1.129219 9.499272 -3.172148 0.000003 -0.000003 0.000000 1.139477 2.781323 -53.394806 8.980068 8.607526 -52.711555 5.230211 6.711045 -35.539950 -0.000000 -0.000000 0.000000 5.627337 6.024256 -59.892146 3.356300 9.308708 -42.703343 2.542807 7.825952 -40.378408 -0.000002 0.000000 -0.000000 2.305025 3.980006 -64.899344 -0.247149 8.969685 -37.535656 -0.258340 8.121782 -34.457276 -0.000002 -0.000002 -0.000000 3.693837 5.270359 -65.680055 -0.512552 6.595634 -44.107217 -1.398036 8.197187 -35.195333 -0.000000 -0.000001 -0.000000 5.567951 16.491642 5.593631 -85.604783 36.593087 63.849749 8.124389 96.947548 -8.190953 -20.801672 9.625202 -12.877037 -1.873604 -17.527946 2.902812 3.431352 0.609162 5.067700 -1.746847 4.498786 0.666478 -0.000002 -0.000004 -0.000002 5.841295 -6.046380 51.169475 6.253315 -6.575999 38.319772 7.305159 -6.667487 44.688207 0.000001 0.000000 0.000001 2.113582 -2.524469 48.868269 3.811110 -8.607447 44.401205 2.695204 -7.146843 35.082102 0.000000 0.000000 0.000000 3.307278 -3.851110 57.937974 0.177097 -6.806138 31.749960 0.027928 -6.200377 28.804246 -0.000001 -0.000000 -0.000000 3.086591 -3.640958 57.519721 -1.310726 -9.981887 42.747460 -1.777026 -8.667472 40.121446 -0.000001 -0.000001 -0.000001 -84.313645 3.271187 14.825711 73.048689 12.534869 -9.156266 -8.763473 2.286745 -9.147753 -1.850378 -0.000001 0.000006 -0.000000 0.000000 -0.000000 -82.600374 16.896051 -14.914061 81.432630 -14.059110 -3.878025 -18.526258 -6.975352 12.296742 -1.430274 0.000007 0.000006 0.000001 -0.000005 0.000000 
20.185482 79.236603 -13.794630 29.957418 -25.990671 26.080579 19.700543 1.406252 2.314771 26.268634 3.123577 4.014009 26.232006 3.067510 4.274914 -1.808379 -0.916024 0.075469 -32.830015 -6.726482 3.705971 -0.000001 -0.000000 -0.000002 1.174813 -4.947582 0.352934 -53.267416 -9.482580 -61.335229 2.538259 -111.224146 2.733721 -3.645251 -1.650742 26.989093 5.692711 13.565902 -4.084229 4.142715 10.843788 -5.535057 1.070210 9.221878 -3.137602 -0.000003 -0.000001 -0.000001 1.070327 2.719327 -53.328830 8.934775 8.593631 -52.514763 5.217163 6.702125 -35.474688 0.000002 -0.000002 -0.000001 5.503961 5.942941 -59.736971 3.332088 9.282316 -42.542451 2.535864 7.816703 -40.326728 0.000005 0.000002 -0.000000 2.208087 3.901760 -64.711145 -0.254407 8.946603 -37.430874 -0.260136 8.115294 -34.427948 -0.000002 -0.000001 -0.000001 3.597324 5.208237 -65.488482 -0.524506 6.560598 -43.957250 -1.399753 8.185327 -35.147576 0.000001 -0.000001 -0.000000 5.546788 16.383722 5.972558 -84.897687 37.584895 63.624947 8.003701 97.050520 -8.071238 -20.983193 9.030264 -12.639064 -1.618117 -17.832294 3.053309 3.431350 0.609160 5.067699 -1.699392 4.236711 0.648852 -0.000002 -0.000001 0.000000 5.907730 -6.112869 50.879592 6.241190 -6.569973 38.262412 7.297590 -6.664432 44.653075 -0.000000 0.000001 -0.000001 2.087939 -2.461109 48.235093 3.796339 -8.593650 44.304999 2.695803 -7.147597 35.086736 0.000001 0.000001 0.000000 3.265683 -3.797728 57.492025 0.170154 -6.784048 31.642033 0.028923 -6.204217 28.822763 -0.000000 0.000002 -0.000001 3.131969 -3.669318 57.445320 -1.321993 -9.936237 42.545798 -1.776457 -8.671021 40.136548 0.000001 -0.000001 -0.000002 -83.317366 3.489933 15.177993 73.034106 12.486084 -9.123776 -9.208486 2.994078 -9.472771 -1.211836 -0.000004 0.000004 0.000000 0.000001 -0.000000 -81.976299 16.874163 -14.687565 80.489319 -13.755527 -4.298524 -18.379961 -6.248093 13.335500 -0.923612 -0.000003 -0.000000 0.000000 0.000000 0.000000 
20.180504 79.509171 -13.551235 29.817713 -27.407696 26.506697 19.378893 1.455736 2.603300 25.887061 3.220082 4.406090 25.846959 3.161549 4.664288 -2.104195 -0.740864 0.409654 -33.509994 -4.901520 2.547369 0.000000 0.000002 -0.000002 1.146834 -4.841925 0.742679 -50.857722 -8.722637 -61.976365 2.501949 -111.503549 2.700024 -3.860822 -1.920700 26.879233 5.670082 13.527478 -4.106460 4.092854 10.577169 -5.503982 1.013392 8.952332 -3.104127 -0.000000 -0.000002 -0.000002 0.954711 2.613149 -53.201908 8.876779 8.575563 -52.262483 5.197496 6.688660 -35.376128 0.000002 -0.000001 0.000001 5.346108 5.836923 -59.497313 3.300567 9.247741 -42.332259 2.527196 7.805141 -40.262172 -0.000004 0.000000 -0.000000 2.096641 3.806921 -64.457165 -0.264760 8.913446 -37.280542 -0.262940 8.105199 -34.382315 -0.000001 -0.000001 -0.000001 3.497019 5.136471 -65.214004 -0.538826 6.518064 -43.775567 -1.401797 8.171339 -35.091251 -0.000000 -0.000000 -0.000000 5.508232 16.219321 6.331820 -84.099539 38.605004 63.425424 7.843023 97.192554 -7.911798 -21.033074 8.493171 -12.442901 -1.367210 -18.131681 3.187368 3.431355 0.609157 5.067696 -1.652238 3.976470 0.631278 -0.000002 0.000000 0.000001 5.973387 -6.179764 50.601709 6.218430 -6.558598 38.154523 7.285735 -6.659651 44.598004 -0.000002 0.000003 0.000001 2.058476 -2.395405 47.622128 3.771680 -8.570531 44.144069 2.696576 -7.148569 35.092583 0.000003 -0.000001 -0.000001 3.219897 -3.741676 57.060005 0.160771 -6.753945 31.495177 0.030075 -6.208526 28.843571 -0.000001 -0.000001 -0.000000 3.164464 -3.688840 57.375276 -1.332914 -9.891385 42.347757 -1.776003 -8.673864 40.148695 -0.000001 -0.000001 -0.000001 -82.065064 3.635431 15.494122 72.972150 12.433281 -8.964517 -9.658236 3.772535 -9.910428 -0.666417 0.000002 -0.000000 0.000000 0.000000 -0.000000 -81.152578 16.639405 -14.530983 79.620403 -13.544601 -4.614063 -18.363213 -5.344397 14.121078 -0.560055 0.000001 -0.000005 0.000000 0.000002 -0.000000 
20.080030 79.825653 -13.291392 29.465791 -28.864847 26.739468 19.021947 1.495462 2.819369 25.461788 3.312663 4.709503 25.418303 3.254410 4.966054 -2.387071 -0.573938 0.720254 -33.989965 -3.174732 1.475813 -0.000001 -0.000003 -0.000000 1.110802 -4.691793 1.171717 -48.310560 -8.107777 -62.745683 2.471174 -111.746041 2.671460 -4.002043 -2.124601 26.672910 5.655659 13.490662 -4.161107 4.045012 10.319071 -5.474010 0.960941 8.701244 -3.072977 0.000002 -0.000000 -0.000000 0.789013 2.458272 -53.010758 8.806385 8.553291 -51.955750 5.171027 6.670446 -35.243295 -0.000000 -0.000002 0.000000 5.159250 5.708496 -59.179833 3.262795 9.205924 -42.079057 2.517545 7.792220 -40.190076 -0.000003 0.000000 0.000000 1.972928 3.697033 -64.145537 -0.278031 8.870416 -37.085602 -0.266644 8.091727 -34.321475 -0.000001 0.000001 0.000001 3.393723 5.056083 -64.869394 -0.555607 6.467700 -43.560641 -1.403947 8.156460 -35.031340 -0.000002 -0.000001 -0.000001 5.447175 15.983416 6.617751 -83.222057 39.569851 63.275562 7.589303 97.428858 -7.660173 -20.903041 7.990100 -12.234784 -1.128361 -18.417518 3.301702 3.431353 0.609162 5.067700 -1.606148 3.722344 0.614052 -0.000000 0.000000 0.000002 6.040746 -6.248371 50.347544 6.186933 -6.542782 38.005044 7.269466 -6.653070 44.522482 0.000002 0.000001 -0.000001 2.026750 -2.329966 47.053720 3.738643 -8.539319 43.927498 2.697001 -7.149082 35.095858 0.000001 -0.000003 0.000001 3.171355 -3.684423 56.652939 0.149456 -6.717307 31.316492 0.031115 -6.212536 28.862808 -0.000001 0.000001 0.000001 3.183464 -3.698950 57.309925 -1.342505 -9.851493 42.171726 -1.775810 -8.675078 40.153845 -0.000001 0.000002 0.000001 -80.534986 3.756633 15.761773 72.827718 12.384463 -8.700287 -10.093929 4.604931 -10.434284 -0.143604 -0.000001 0.000005 -0.000000 0.000000 -0.000000 -80.134464 16.224706 -14.446632 78.842083 -13.439275 -4.833666 -18.463618 -4.299110 14.580258 -0.374305 -0.000023 -0.000003 -0.000000 0.000001 -0.000000 
19.884270 80.186638 -13.013453 28.904374 -30.333037 26.781867 18.637850 1.536489 2.984267 25.001515 3.396401 4.936173 24.954771 3.341701 5.191155 -2.647278 -0.414084 0.989306 -34.307391 -1.549896 0.462061 0.000002 -0.000001 -0.000002 1.070854 -4.518792 1.610906 -45.679277 -7.615369 -63.530684 2.442596 -111.975638 2.645032 -4.000416 -2.252310 26.418588 5.649977 13.458516 -4.240803 4.001973 10.084826 -5.446910 0.914817 8.478636 -3.045410 -0.000000 0.000001 -0.000002 0.581817 2.261905 -52.772617 8.727167 8.527757 -51.610217 5.139124 6.648370 -35.082857 0.000001 -0.000001 -0.000001 4.957210 5.566007 -58.810347 3.221115 9.159412 -41.798599 2.507672 7.778955 -40.116150 0.000004 0.000001 0.000001 1.843120 3.577773 -63.798912 -0.293429 8.819836 -36.856725 -0.271009 8.075833 -34.249758 -0.000005 0.000000 -0.000001 3.290127 4.970779 -64.484642 -0.574196 6.411108 -43.319481 -1.406010 8.142079 -34.973454 0.000001 -0.000000 -0.000000 5.362392 15.674960 6.769165 -82.256064 40.387718 63.184250 7.190297 97.833895 -7.264876 -20.576893 7.467246 -11.978217 -0.907359 -18.683410 3.394903 3.431356 0.609160 5.067699 -1.561668 3.477264 0.597359 -0.000002 -0.000004 0.000000 6.112507 -6.320303 50.126000 6.148792 -6.523487 37.823993 7.249620 -6.645010 44.430285 0.000000 0.000001 -0.000001 1.995027 -2.267901 46.547189 3.699185 -8.501743 43.668138 2.696654 -7.148643 35.093095 0.000001 -0.000000 0.000001 3.122216 -3.627873 56.277859 0.136775 -6.675772 31.114271 0.031895 -6.215463 28.876916 -0.000001 0.000000 -0.000000 3.189899 -3.700242 57.248989 -1.350187 -9.819107 42.029204 -1.775937 -8.674227 40.150140 -0.000001 -0.000001 0.000001 -78.739275 3.879794 15.985281 72.587193 12.327026 -8.365007 -10.510399 5.488816 -11.009830 -0.000056 -0.000004 0.000002 -0.000000 -0.000000 0.000000 -78.937022 15.656102 -14.408713 78.163025 -13.438157 -4.982889 -18.674478 -3.177009 14.690176 -0.380128 -0.000014 0.000002 -0.000000 -0.000002 0.000001 
19.594852 80.622337 -12.718880 28.143540 -31.753959 26.669502 18.226877 1.557584 3.096157 24.506811 3.461402 5.096161 24.457080 3.412921 5.348248 -2.875575 -0.257519 1.192036 -34.496376 -0.027952 -0.507166 -0.000002 0.000001 0.000003 1.028877 -4.327663 2.021311 -43.006686 -7.223332 -64.228585 2.414186 -112.208404 2.618788 -3.798978 -2.303460 26.183028 5.652044 13.434097 -4.331178 3.966515 9.890443 -5.424474 0.876571 8.292718 -3.022414 0.000000 0.000001 -0.000000 0.352083 2.042115 -52.520443 8.645671 8.500886 -51.253811 5.104745 6.624428 -34.909776 0.000001 -0.000000 0.000000 4.758087 5.421825 -58.428894 3.179029 9.111923 -41.513576 2.498227 7.766229 -40.045372 -0.000002 -0.000001 0.000003 1.715697 3.457811 -63.450272 -0.309654 8.765755 -36.612324 -0.275599 8.058982 -34.173728 0.000001 0.000001 0.000001 3.190304 4.886113 -64.100622 -0.593333 6.352017 -43.068021 -1.407809 8.129311 -34.922105 -0.000001 -0.000001 -0.000000 5.258844 15.314256 6.747896 -81.173622 40.996199 63.132231 6.641741 98.468385 -6.722007 -20.090759 6.863269 -11.660898 -0.707512 -18.925498 3.468009 3.431357 0.609159 5.067698 -1.519087 3.242767 0.581323 -0.000003 -0.000003 0.000000 6.190705 -6.396869 49.941708 6.105731 -6.501522 37.619094 7.227557 -6.635998 44.327620 -0.000003 0.000001 0.000001 1.965390 -2.211728 46.109706 3.655437 -8.459707 43.379307 2.695170 -7.146798 35.081860 -0.000000 0.000001 -0.000001 3.074652 -3.573750 55.936145 0.123307 -6.631049 30.896658 0.032245 -6.216771 28.883210 -0.000003 0.000001 0.000001 3.185451 -3.693920 57.191582 -1.355809 -9.795121 41.923404 -1.776398 -8.671418 40.138259 0.000002 0.000001 0.000002 -76.659052 4.078231 16.135087 72.149959 12.281026 -7.982751 -10.872112 6.379857 -11.598480 -0.000067 -0.000004 0.000005 0.000000 0.000000 0.000000 -77.536376 14.960455 -14.406515 77.608748 -13.033690 -5.093830 -19.024730 -2.541112 14.234779 -0.625067 -0.000018 0.000011 0.000000 0.000002 -0.000000 
19.208286 81.135834 -12.416724 27.211007 -33.076612 26.432721 17.782136 1.551777 3.155270 23.970252 3.494352 5.194452 23.918467 3.452924 5.441087 -3.055329 -0.101489 1.307284 -34.588150 1.380920 -1.426686 -0.000001 0.000003 0.000003 0.986981 -4.125725 2.364711 -40.319689 -6.902450 -64.743220 2.384643 -112.455964 2.591533 -3.391546 -2.283640 26.026897 5.659301 13.419046 -4.414661 3.940174 9.745194 -5.407745 0.847070 8.148399 -3.004581 0.000001 -0.000000 -0.000001 0.123105 1.822357 -52.291744 8.569202 8.475178 -50.918896 5.071892 6.601437 -34.744011 0.000003 0.000000 0.000001 4.578040 5.288360 -58.078833 3.140045 9.067518 -41.248288 2.489685 7.754727 -39.981311 0.000002 0.000000 0.000003 1.598870 3.346432 -63.134102 -0.325214 8.712985 -36.374224 -0.280021 8.042702 -34.100307 -0.000002 0.000001 -0.000000 3.098312 4.807910 -63.757603 -0.611352 6.295543 -42.828148 -1.409319 8.118652 -34.879170 0.000002 -0.000000 0.000000 5.146301 14.937489 6.561976 -79.940910 41.386531 63.071695 6.002892 99.350456 -6.091149 -19.534191 6.134203 -11.291418 -0.530166 -19.141827 3.523947 3.431356 0.609161 5.067699 -1.478528 3.019582 0.566023 0.000003 -0.000003 -0.000000 6.276369 -6.478539 49.795463 6.058617 -6.477258 37.394616 7.204649 -6.626625 44.221052 -0.000000 -0.000000 -0.000001 1.939466 -2.163081 45.740114 3.609230 -8.414797 43.072454 2.692411 -7.143401 35.061133 -0.000001 -0.000000 -0.000000 3.030483 -3.523351 55.625419 0.109515 -6.584567 30.670951 0.032088 -6.216173 28.880314 0.000002 -0.000001 0.000001 3.171994 -3.681106 57.136544 -1.359688 -9.778463 41.850178 -1.777042 -8.667368 40.121040 -0.000001 -0.000001 -0.000002 -74.328325 4.381298 16.203376 71.471455 12.249623 -7.574118 -11.153395 7.237759 -12.177355 -0.000070 -0.000003 0.000002 0.000000 0.000000 0.000000 -75.918147 14.205963 -14.468888 77.037335 -12.185011 -5.212959 -19.397824 -2.444924 13.504476 -0.918616 0.000010 0.000014 -0.000000 -0.000004 0.000000 
18.727531 81.747673 -12.107718 26.135620 -34.259761 26.094608 17.297302 1.520509 3.161606 23.383824 3.482802 5.231644 23.331622 3.447173 5.469551 -3.162645 0.052020 1.329378 -34.613336 2.651207 -2.279099 -0.000001 0.000001 0.000002 0.950011 -3.938102 2.613250 -37.637505 -6.612249 -64.993976 2.352634 -112.730114 2.562062 -2.842273 -2.201795 25.983201 5.668099 13.412935 -4.475713 3.922276 9.646058 -5.396347 0.826160 8.045708 -2.991915 0.000002 0.000001 -0.000000 -0.085184 1.623759 -52.113992 8.503786 8.452798 -50.631772 5.044353 6.582011 -34.604832 0.000005 -0.000001 -0.000002 4.425738 5.173596 -57.792847 3.106993 9.029511 -41.022157 2.482220 7.744641 -39.925236 -0.000003 0.000001 0.000000 1.497736 3.250286 -62.875054 -0.338967 8.665759 -36.161422 -0.283959 8.028113 -34.034457 0.000003 0.000003 0.000000 3.017162 4.740424 -63.481335 -0.626644 6.247006 -42.622300 -1.410582 8.109720 -34.843247 -0.000002 0.000001 0.000000 5.035418 14.578544 6.265349 -78.538419 41.603533 62.939674 5.360830 100.442972 -5.458964 -19.027736 5.273217 -10.889657 -0.375829 -19.331186 3.566450 3.431355 0.609160 5.067699 -1.440272 2.809241 0.551537 0.000003 -0.000004 -0.000003 6.369110 -6.564808 49.686136 6.007959 -6.450911 37.152626 7.182133 -6.617326 44.116168 0.000002 0.000001 -0.000001 1.918358 -2.122972 45.434166 3.561851 -8.368264 42.756441 2.688510 -7.138625 35.031747 -0.000001 0.000001 -0.000001 2.991119 -3.477763 55.343312 0.095792 -6.537697 30.443659 0.031441 -6.213676 28.868293 0.000000 0.000000 0.000001 3.150834 -3.662746 57.083227 -1.362288 -9.767165 41.800457 -1.777729 -8.663029 40.102609 -0.000000 0.000000 -0.000002 -71.755748 4.809470 16.165815 70.481132 12.235938 -7.148271 -11.331420 8.031342 -12.722362 -0.000034 -0.000002 -0.000000 -0.000000 0.000000 -0.000000 -74.064215 13.383966 -14.578110 76.343169 -11.509590 -5.384904 -19.799841 -2.335928 12.685621 -1.286994 0.000009 0.000006 -0.000000 0.000002 0.000000 
18.164419 82.480133 -11.792997 24.929504 -35.272248 25.663213 16.776261 1.468605 3.117439 22.749545 3.420960 5.207968 22.698715 3.388565 5.433772 -3.176422 0.194395 1.274339 -34.600581 3.745297 -3.046150 -0.000001 -0.000000 -0.000002 0.925248 -3.808947 2.757771 -34.989092 -6.308236 -64.938700 2.317033 -113.042479 2.529356 -2.269826 -2.069908 26.048748 5.674612 13.412840 -4.506034 3.909760 9.576459 -5.388364 0.812614 7.979025 -2.983686 0.000003 0.000003 -0.000000 -0.263181 1.456543 -51.992998 8.451901 8.434775 -50.403791 5.024474 6.567971 -34.504227 -0.000002 -0.000001 0.000001 4.298667 5.077222 -57.580653 3.080974 8.999403 -40.843517 2.475720 7.735816 -39.876229 0.000003 0.000001 0.000000 1.412199 3.170632 -62.678590 -0.350274 8.626428 -35.984339 -0.287327 8.015540 -33.977886 0.000002 0.000002 0.000002 2.947601 4.684496 -63.272352 -0.638075 6.210232 -42.466404 -1.411707 8.101556 -34.810425 0.000004 -0.000001 -0.000000 4.931375 14.247187 5.933503 -76.978445 41.718433 62.680885 4.785260 101.662530 -4.894397 -18.684500 4.319702 -10.477278 -0.245337 -19.491739 3.599012 3.431353 0.609160 5.067699 -1.404992 2.615291 0.538141 -0.000001 0.000000 0.000001 6.467086 -6.653803 49.612455 5.954266 -6.422676 36.895555 7.161025 -6.608573 44.017776 -0.000001 0.000001 -0.000000 1.903078 -2.092508 45.189532 3.514431 -8.321154 42.438291 2.683834 -7.132825 34.996455 -0.000001 -0.000000 -0.000000 2.957888 -3.438272 55.091319 0.082504 -6.491614 30.220240 0.030367 -6.209611 28.848704 0.000002 0.000001 0.000001 3.123011 -3.639576 57.032121 -1.364262 -9.758638 41.762994 -1.778276 -8.659427 40.087364 -0.000002 -0.000001 -0.000000 -68.933295 5.366655 15.981582 69.106174 12.243812 -6.698693 -11.381715 8.739303 -13.214620 -0.073005 -0.000002 0.000005 0.000000 0.000000 -0.000000 -71.930129 12.480473 -14.753982 75.421230 -10.981656 -5.643151 -20.198452 -2.229770 11.891926 -1.663307 0.000029 0.000010 0.000000 -0.000004 0.000000 
17.539520 83.350975 -11.469084 23.586696 -36.101060 25.112353 16.237137 1.417245 3.044398 22.085330 3.313926 5.127939 22.037460 3.282425 5.339266 -3.091847 0.311862 1.177759 -34.569158 4.624547 -3.721613 0.000000 -0.000002 -0.000000 0.920138 -3.787702 2.813083 -32.424762 -5.962953 -64.598324 2.277564 -113.397779 2.493232 -1.802037 -1.902497 26.192368 5.675902 13.414344 -4.506996 3.897835 9.510110 -5.380731 0.804138 7.937189 -2.978524 0.000001 -0.000001 0.000001 -0.415198 1.315309 -51.908256 8.411842 8.420706 -50.227490 5.012248 6.559275 -34.442291 -0.000002 0.000001 -0.000001 4.183500 4.990120 -57.423511 3.061117 8.976281 -40.706701 2.469773 7.727737 -39.831344 0.000003 0.000001 0.000001 1.336676 3.102174 -62.526939 -0.359311 8.594625 -35.841387 -0.290251 8.004621 -33.928637 -0.000004 0.000002 0.000001 2.888076 4.637091 -63.102861 -0.645565 6.185911 -42.363490 -1.412893 8.093030 -34.776065 0.000001 -0.000001 0.000001 4.829404 13.918082 5.629350 -75.304079 41.790427 62.265692 4.308967 102.907236 -4.429361 -18.572323 3.352252 -10.072217 -0.140512 -19.620669 3.624149 3.431353 0.609164 5.067704 -1.373889 2.444348 0.526299 -0.000004 -0.000007 -0.000000 6.566529 -6.742045 49.573325 5.898574 -6.393079 36.628440 7.142517 -6.600865 43.931374 -0.000003 0.000000 -0.000001 1.894566 -2.072808 45.007528 3.467916 -8.274430 42.124652 2.678934 -7.126791 34.959531 -0.000002 -0.000000 -0.000000 2.932214 -3.406437 54.875481 0.069876 -6.447007 30.004454 0.029021 -6.204640 28.824737 -0.000001 0.000001 -0.000000 3.089723 -3.612564 56.984999 -1.366194 -9.750167 41.725714 -1.778611 -8.657505 40.079212 0.000004 -0.000001 0.000000 -66.200523 6.003326 15.547117 67.716101 12.380868 -6.241528 -11.393029 9.292481 -12.341395 -0.714714 0.000009 0.000005 -0.000000 0.000000 -0.000000 -69.470100 11.446199 -15.013205 74.175984 -10.557826 -6.009742 -20.556749 -2.136756 11.205240 -1.984093 -0.000033 0.000001 -0.000000 0.000002 -0.000001 
16.877741 84.393295 -11.135947 22.078602 -36.723574 24.426537 15.709283 1.363631 2.947557 21.422074 3.178165 5.003581 21.378005 3.146629 5.199656 -2.927851 0.389962 1.083348 -34.519810 5.263042 -4.319332 -0.000001 -0.000003 0.000003 0.938504 -3.908735 2.815310 -30.011015 -5.591162 -64.064299 2.236118 -113.782571 2.455348 -1.523673 -1.715446 26.374770 5.670895 13.412934 -4.488612 3.881544 9.419282 -5.370319 0.797802 7.905792 -2.974639 0.000000 0.000002 -0.000004 -0.558403 1.179694 -51.817872 8.378246 8.408801 -50.079548 5.005200 6.554291 -34.406569 -0.000000 -0.000001 0.000000 4.060063 4.896671 -57.278127 3.044689 8.957083 -40.593310 2.463787 7.719619 -39.786251 0.000005 0.000001 0.000000 1.261486 3.034238 -62.382604 -0.366934 8.567486 -35.719383 -0.293025 7.994264 -33.881932 0.000001 -0.000002 -0.000000 2.835420 4.592045 -62.923534 -0.650121 6.171123 -42.300915 -1.414242 8.083310 -34.736997 -0.000000 0.000001 0.000001 4.715847 13.539475 5.378894 -73.566841 41.839703 61.695678 3.933396 104.089494 -4.064526 -18.695129 2.466849 -9.687595 -0.063578 -19.714839 3.643333 3.431354 0.609159 5.067699 -1.348577 2.305421 0.516644 -0.000000 0.000001 0.000000 6.661295 -6.824136 49.566403 5.842678 -6.363041 36.359631 7.128178 -6.594874 43.864551 0.000002 -0.000000 -0.000001 1.893315 -2.064712 44.890069 3.423312 -8.229137 41.822167 2.674543 -7.121348 34.926278 0.000001 -0.000000 -0.000000 2.915336 -3.383788 54.703583 0.057833 -6.404029 29.796717 0.027739 -6.199683 28.800879 0.000001 0.000000 0.000001 3.052975 -3.583288 56.944390 -1.368785 -9.738939 41.676322 -1.778516 -8.657949 40.081145 0.000000 0.000000 0.000000 -63.344909 6.719665 14.822962 66.036666 12.650002 -5.724658 -11.271789 9.731746 -10.628292 -1.677702 -0.000003 0.000004 0.000000 0.000000 0.000000 -66.623065 10.230805 -15.398936 72.490314 -10.197143 -6.493142 -20.816006 -2.055580 10.648421 -2.210998 -0.000012 0.000008 0.000000 -0.000002 0.000000 
16.202427 85.625343 -10.791532 20.394400 -37.129130 23.580878 15.220969 1.321473 2.851965 20.791651 3.037301 4.853979 20.751211 3.006774 5.035770 -2.722371 0.418954 1.026986 -34.430417 5.658063 -4.872589 -0.000001 -0.000001 -0.000001 0.979220 -4.177390 2.806692 -27.808543 -5.262861 -63.475243 2.196947 -114.157801 2.419675 -1.443361 -1.524071 26.566021 5.660585 13.405663 -4.465298 3.857446 9.284146 -5.354845 0.790636 7.870436 -2.970291 -0.000001 0.000002 -0.000003 -0.717159 1.020750 -51.671470 8.344095 8.396604 -49.929052 4.999137 6.549971 -34.375874 -0.000000 -0.000000 -0.000001 3.907654 4.779611 -57.089911 3.028016 8.937473 -40.477757 2.457202 7.710648 -39.736555 -0.000001 0.000001 0.000000 1.175985 2.953975 -62.199152 -0.374495 8.540421 -35.597911 -0.295981 7.983151 -33.831911 0.000002 -0.000002 -0.000002 2.786488 4.542484 -62.678563 -0.653650 6.159575 -42.252117 -1.415763 8.072406 -34.693147 0.000002 -0.000000 -0.000000 4.575032 13.057298 5.167864 -71.793771 41.845916 60.994224 3.643138 105.159860 -3.783973 -18.999652 1.746186 -9.335190 -0.015407 -19.773053 3.657340 3.431356 0.609158 5.067697 -1.330815 2.207930 0.509835 -0.000002 -0.000007 -0.000000 6.743131 -6.893126 49.585394 5.788558 -6.333632 36.098714 7.120194 -6.591522 43.827292 -0.000002 -0.000002 -0.000001 1.898819 -2.067403 44.832819 3.381394 -8.186123 41.536477 2.671304 -7.117351 34.901901 -0.000000 -0.000001 -0.000001 2.907675 -3.370985 54.578802 0.046122 -6.361643 29.592034 0.026725 -6.195843 28.782397 -0.000001 0.000001 0.000001 3.015807 -3.554166 56.912684 -1.372654 -9.721989 41.601839 -1.778008 -8.661229 40.094956 -0.000000 -0.000001 0.000001 -60.288857 7.472919 13.785119 63.944258 13.062289 -5.112282 -10.897438 10.132762 -8.241177 -3.032582 -0.000000 0.000007 -0.000000 -0.000000 -0.000001 -63.379081 8.764316 -15.907949 70.285440 -9.884104 -7.087651 -20.919210 -1.971468 10.161079 -2.356017 0.000019 -0.000003 0.000000 0.000000 -0.000000 
15.540968 87.059982 -10.426042 18.561558 -37.307948 22.582065 14.786333 1.300700 2.782056 20.210718 2.915727 4.700729 20.172933 2.888849 4.870759 -2.518555 0.397948 1.022102 -34.259385 5.833344 -5.424318 0.000000 0.000003 -0.000000 1.037360 -4.568823 2.816547 -25.843911 -5.089241 -62.969030 2.165909 -114.462844 2.391497 -1.493595 -1.341602 26.750065 5.647507 13.392141 -4.450243 3.824795 9.099953 -5.333829 0.780487 7.820186 -2.964098 0.000002 0.000006 -0.000003 -0.914200 0.810567 -51.426028 8.303138 8.381840 -49.748277 4.989522 6.543106 -34.326994 -0.000001 -0.000001 -0.000000 3.711836 4.625219 -56.810481 3.007486 8.913249 -40.335245 2.449584 7.700266 -39.679007 0.000001 0.000001 0.000002 1.072296 2.850491 -61.935035 -0.383227 8.508836 -35.456178 -0.299370 7.970302 -33.774083 -0.000001 -0.000001 0.000001 2.740032 4.483429 -62.322997 -0.658641 6.143182 -42.182787 -1.417307 8.061140 -34.647801 -0.000001 -0.000004 -0.000001 4.397208 12.439485 4.957102 -69.962318 41.766153 60.189772 3.415782 106.115636 -3.565322 -19.400302 1.231311 -9.033179 0.006886 -19.798955 3.666803 3.431355 0.609162 5.067700 -1.321693 2.157739 0.506345 0.000000 -0.000001 0.000000 6.802676 -6.941878 49.617438 5.737603 -6.305637 35.852503 7.120803 -6.591785 43.830058 0.000002 -0.000001 -0.000000 1.908688 -2.077223 44.817584 3.342402 -8.145715 41.269325 2.669769 -7.115457 34.890300 0.000001 0.000001 -0.000003 2.908230 -3.366824 54.492619 0.034123 -6.317431 29.378850 0.026276 -6.194154 28.774317 -0.000000 0.000001 0.000000 2.982104 -3.528083 56.890719 -1.378470 -9.696277 41.488840 -1.777018 -8.667402 40.121218 0.000001 -0.000002 -0.000003 -57.009765 8.022643 12.726723 61.291297 13.088933 -4.367368 -8.741518 10.670516 -7.483032 -4.839063 0.000006 -0.000001 -0.000000 0.000000 -0.000000 -59.775015 6.995767 -16.506749 67.496469 -9.633108 -7.772673 -20.801625 -1.856164 9.598163 -2.505813 -0.000012 0.000000 0.000000 -0.000000 -0.000000 
14.913696 88.678299 -10.025436 16.663906 -37.259163 21.480691 14.394815 1.309195 2.756339 19.668571 2.832846 4.560914 19.631912 2.812868 4.722532 -2.349343 0.335743 1.054414 -33.957976 5.834176 -6.012406 0.000001 0.000002 -0.000002 1.106398 -5.036872 2.847073 -24.094076 -5.185361 -62.634296 2.148914 -114.632690 2.376086 -1.562660 -1.175066 26.916418 5.634851 13.374463 -4.450966 3.785817 8.878848 -5.308600 0.766354 7.749954 -2.955427 0.000002 0.000004 0.000004 -1.161670 0.531513 -51.058874 8.251870 8.363160 -49.521802 4.972829 6.531172 -34.242218 -0.000002 0.000002 -0.000001 3.468946 4.427116 -56.413476 2.980815 8.881589 -40.149512 2.440829 7.688312 -39.612812 0.000002 -0.000001 -0.000001 0.948267 2.718289 -61.565700 -0.393992 8.469491 -35.279781 -0.303328 7.955307 -33.706543 0.000000 0.000002 0.000001 2.698298 4.414131 -61.835670 -0.667417 6.114191 -42.060230 -1.418737 8.050755 -34.606079 -0.000003 -0.000000 0.000000 4.181824 11.685852 4.703242 -68.001152 41.555725 59.304934 3.229268 106.992332 -3.386820 -19.805269 0.907355 -8.813570 0.011735 -19.803278 3.672771 3.431353 0.609160 5.067699 -1.320931 2.153590 0.506070 -0.000002 -0.000003 0.000000 6.831761 -6.964878 49.642474 5.689723 -6.279088 35.620710 7.131563 -6.596287 43.880339 -0.000002 0.000001 0.000000 1.918448 -2.087268 44.808169 3.305475 -8.107098 41.015163 2.670133 -7.115901 34.893077 0.000001 0.000000 0.000002 2.913885 -3.367559 54.420830 0.020793 -6.267697 29.139230 0.026588 -6.195346 28.780044 -0.000002 0.000001 0.000001 2.955884 -3.507946 56.876860 -1.386818 -9.658963 41.325008 -1.775611 -8.676327 40.159081 0.000004 -0.000001 -0.000003 -53.619055 8.508546 11.451003 58.189749 13.097201 -3.528749 -5.865154 11.424857 -6.594021 -7.008110 0.000012 0.000002 0.000000 -0.000000 0.000000 -55.934168 4.921708 -17.112964 64.136282 -9.497570 -8.513423 -20.422327 -1.674788 8.734034 -2.829996 0.000012 0.000003 0.000000 0.000000 0.000001 
14.323866 90.467224 -9.584194 14.830540 -36.987011 20.408950 14.010357 1.325423 2.739436 19.124723 2.800730 4.440145 19.087570 2.790230 4.596996 -2.228825 0.248274 1.088605 -33.486351 5.716361 -6.656743 0.000001 -0.000000 -0.000000 1.179179 -5.524569 2.870938 -22.487821 -5.629140 -62.486238 2.149964 -114.621899 2.377042 -1.542543 -1.018728 27.050244 5.625468 13.356531 -4.467614 3.744989 8.645132 -5.282027 0.748361 7.660385 -2.944398 0.000005 0.000009 0.000003 -1.455863 0.182422 -50.572558 8.190528 8.340497 -49.250367 4.947649 6.513102 -34.114179 0.000005 -0.000000 -0.000001 3.186524 4.187586 -55.901857 2.947654 8.841968 -39.917579 2.431262 7.675161 -39.540191 -0.000002 -0.000002 -0.000003 0.808497 2.558880 -61.089232 -0.406939 8.421505 -35.064952 -0.307760 7.938461 -33.630738 -0.000004 0.000001 0.000002 2.667248 4.338937 -61.222571 -0.681469 6.067332 -41.862441 -1.419857 8.042369 -34.572389 0.000001 -0.000001 0.000000 3.935780 10.822090 4.375979 -65.819432 41.183035 58.358325 3.064892 107.845251 -3.230241 -20.133752 0.707503 -8.721709 0.013170 -19.803818 3.676642 3.431354 0.609162 5.067700 -1.326581 2.184608 0.508230 -0.000000 -0.000004 0.000002 6.825955 -6.960455 49.635364 5.642880 -6.252843 35.393378 7.152548 -6.605067 43.978311 -0.000000 -0.000001 -0.000000 1.921878 -2.087859 44.752492 3.268468 -8.068042 40.759270 2.672186 -7.118442 34.908533 -0.000001 -0.000002 -0.000000 2.919688 -3.367162 54.324681 0.005118 -6.207942 28.851860 0.027681 -6.199519 28.800121 0.000004 0.000001 0.000000 2.940278 -3.495843 56.866772 -1.398032 -9.608076 41.101715 -1.773854 -8.687330 40.205806 0.000002 0.000001 0.000000 -50.108935 8.982678 9.967921 54.490884 13.088030 -2.619717 -2.252960 12.468341 -5.740029 -7.411348 0.000000 0.000010 0.000000 -0.000000 -0.000001 -52.002581 2.822248 -17.996230 60.364802 -9.277343 -8.716009 -19.557007 -1.337313 7.410876 -3.552389 -0.000016 -0.000002 -0.000000 -0.000001 0.000001 
13.774540 92.353470 -9.096960 13.224272 -36.540091 19.454435 13.576811 1.365190 2.738048 18.516853 2.823703 4.329293 18.477847 2.823871 4.484718 -2.151114 0.152293 1.085546 -32.824301 5.524985 -7.351337 -0.000001 0.000000 0.000001 1.247549 -5.971514 2.852598 -20.911242 -6.431924 -62.484906 2.167279 -114.448863 2.392724 -1.374401 -0.848067 27.135139 5.621155 13.342337 -4.495421 3.707057 8.426303 -5.257215 0.727381 7.555592 -2.931479 0.000003 -0.000002 -0.000001 -1.777377 -0.220489 -49.990404 8.122622 8.315025 -48.949329 4.914729 6.489335 -33.946440 0.000003 0.000001 0.000000 2.879824 3.916390 -55.304691 2.909554 8.795992 -39.649661 2.421526 7.661801 -39.466288 0.000001 0.000000 -0.000000 0.662747 2.380288 -60.524321 -0.421547 8.366528 -34.818993 -0.312407 7.920644 -33.550623 0.000001 0.000003 0.000000 2.655298 4.265966 -60.509841 -0.700944 6.001398 -41.584398 -1.420677 8.036253 -34.547794 0.000002 0.000003 0.000002 3.670437 9.890134 3.977946 -63.330088 40.640421 57.356807 2.906733 108.747936 -3.080346 -20.335138 0.535032 -8.805089 0.028495 -19.822597 3.680190 3.431351 0.609157 5.067696 -1.335003 2.230913 0.511452 -0.000001 0.000000 0.000001 6.786840 -6.931804 49.570979 5.593237 -6.224769 35.151866 7.181673 -6.617145 44.114013 0.000002 -0.000001 -0.000000 1.912163 -2.068346 44.592331 3.228138 -8.025091 40.479106 2.675262 -7.122243 34.931800 0.000002 0.000001 -0.000001 2.919444 -3.358285 54.158851 -0.013848 -6.134162 28.497487 0.029397 -6.206017 28.831390 0.000001 0.000000 -0.000001 2.936707 -3.492436 56.854170 -1.411999 -9.543262 40.817740 -1.771917 -8.699371 40.256913 0.000004 -0.000003 0.000001 -46.607059 9.422570 8.412064 50.276172 12.959559 -1.721578 2.070713 13.779434 -5.220965 -7.623764 0.001443 -0.275507 -0.000000 0.000000 -0.000001 -48.309262 0.731764 -18.836547 56.334591 -8.869391 -8.908835 -17.430995 -1.091403 6.661335 -4.959373 -0.000009 0.000004 -0.000000 -0.000000 0.000001 
13.260036 94.266068 -8.567190 11.983948 -35.980163 18.721728 13.041869 1.418677 2.715886 17.785748 2.900931 4.209697 17.743797 2.911781 4.366093 -2.098640 0.061889 1.020306 -31.987337 5.294097 -8.066741 -0.000000 0.000000 0.000000 1.302307 -6.317577 2.766224 -19.244179 -7.544793 -62.560421 2.195503 -114.171639 2.418357 -1.071024 -0.628091 27.157372 5.622607 13.334372 -4.529213 3.675440 8.242437 -5.236412 0.704282 7.439634 -2.917235 -0.000000 0.000000 -0.000002 -2.096655 -0.647876 -49.345098 8.053425 8.288650 -48.642029 4.876301 6.461440 -33.750335 0.000000 0.000002 0.000001 2.566281 3.627071 -54.664357 2.869306 8.746951 -39.365061 2.412553 7.649424 -39.397983 0.000002 -0.000002 -0.000000 0.522749 2.194267 -59.901797 -0.436841 8.307745 -34.556577 -0.316985 7.903001 -33.471349 -0.000002 0.000003 0.000001 2.670627 4.204590 -59.730155 -0.724636 5.919558 -41.239927 -1.421321 8.031526 -34.528744 0.000003 0.000002 0.000003 3.399610 8.941575 3.539386 -60.506242 39.951972 56.314766 2.746876 109.754569 -2.929736 -20.384247 0.288279 -9.088284 0.073814 -19.880099 3.684896 3.431352 0.609157 5.067699 -1.341645 2.267295 0.513995 -0.000002 -0.000001 0.000000 6.722662 -6.887067 49.431015 5.536226 -6.192200 34.873911 7.214515 -6.630676 44.266961 0.000001 0.000001 0.000001 1.883796 -2.019703 44.278228 3.181002 -7.974333 40.149816 2.678389 -7.126107 34.955293 -0.000000 0.000001 0.000002 2.907332 -3.334204 53.883929 -0.036306 -6.044085 28.065731 0.031368 -6.213435 28.867149 0.000001 -0.000000 -0.000000 2.944442 -3.496852 56.832474 -1.428084 -9.466550 40.482005 -1.770047 -8.710999 40.306316 0.000003 -0.000002 0.000004 -43.161881 9.870684 6.875364 45.567532 12.636618 -0.919660 6.935277 15.110136 -5.324561 -8.832794 0.084173 -2.099052 -0.000000 -0.000000 -0.000000 -45.050893 -1.261262 -19.480055 52.216328 -8.525545 -9.114121 -14.287688 -0.910733 6.060396 -7.245915 -0.000010 0.000014 -0.000000 -0.000004 -0.000000 
12.776554 96.133835 -7.998820 11.189579 -35.385038 18.277591 12.379341 1.471247 2.630085 16.901163 3.028075 4.062656 16.855488 3.049220 4.221142 -2.052639 -0.013571 0.893448 -31.032879 5.052406 -8.758480 0.000001 0.000000 0.000001 1.334725 -6.508245 2.610075 -17.401410 -8.883254 -62.641618 2.229049 -113.849418 2.448921 -0.711363 -0.330203 27.109477 5.629840 13.332818 -4.567978 3.650842 8.098688 -5.220181 0.679283 7.313738 -2.901733 0.000003 0.000001 0.000001 -2.382390 -1.065235 -48.666522 7.988173 8.263399 -48.351613 4.835056 6.431272 -33.539231 0.000003 -0.000004 -0.000002 2.260544 3.333126 -54.020817 2.829969 8.698508 -39.085197 2.405257 7.639356 -39.342416 -0.000001 0.000001 0.000002 0.398520 2.012610 -59.254200 -0.451890 8.248983 -34.294393 -0.321236 7.886560 -33.397429 0.000001 0.000002 -0.000001 2.718065 4.162074 -58.909603 -0.750309 5.828625 -40.858014 -1.422014 8.026329 -34.507915 0.000000 -0.000000 0.000000 3.140167 8.037429 3.108996 -57.407829 39.177569 55.257935 2.586352 110.874392 -2.779533 -20.276344 -0.114392 -9.550569 0.158903 -19.988615 3.691722 3.431352 0.609160 5.067699 -1.342030 2.269488 0.514139 -0.000000 0.000003 -0.000000 6.646971 -6.837982 49.210068 5.468209 -6.152861 34.541284 7.245135 -6.643167 44.409364 0.000002 -0.000003 0.000001 1.834482 -1.937292 43.785416 3.124511 -7.912709 39.752319 2.680365 -7.128551 34.970343 0.000001 0.000001 0.000001 2.879500 -3.290561 53.479606 -0.061704 -5.938563 27.561096 0.033092 -6.219935 28.898425 -0.000001 -0.000000 0.000000 2.960918 -3.506890 56.796732 -1.445180 -9.382372 40.114299 -1.768488 -8.720667 40.347328 0.000001 -0.000002 -0.000000 -39.769432 10.384960 5.421803 40.404636 12.075525 -0.305337 12.056084 16.012706 -6.178091 -9.750059 0.378651 -4.453054 0.000000 0.000000 -0.000001 -42.379975 -2.990633 -19.913707 48.204507 -8.302594 -9.331200 -10.079315 -0.808963 5.745657 -10.507916 0.000013 0.000017 0.000001 -0.000003 -0.000001 
12.319093 97.911865 -7.390699 10.835293 -34.830580 18.082866 11.597134 1.526995 2.488286 15.873022 3.195813 3.878023 15.823129 3.226972 4.038207 -2.000351 -0.071749 0.730472 -30.045251 4.816388 -9.376882 -0.000001 -0.000000 -0.000001 1.338293 -6.504101 2.410768 -15.349167 -10.349253 -62.684362 2.261401 -113.546656 2.478448 -0.412416 0.056227 26.993066 5.642464 13.335682 -4.617233 3.631290 7.983728 -5.207224 0.651869 7.175010 -2.884673 0.000000 0.000004 0.000003 -2.609412 -1.442037 -47.973849 7.930334 8.240713 -48.093865 4.793017 6.400225 -33.323455 0.000002 0.000000 0.000000 1.971888 3.044525 -53.399146 2.793935 8.653728 -38.827368 2.400404 7.632595 -39.305126 -0.000000 -0.000002 -0.000001 0.295689 1.843933 -58.607381 -0.465890 8.193176 -34.045781 -0.324975 7.871933 -33.331682 0.000001 0.000004 0.000002 2.796578 4.141165 -58.061157 -0.775415 5.737428 -40.475797 -1.423043 8.018619 -34.476944 -0.000000 -0.000000 -0.000004 2.912156 7.246569 2.756897 -54.139378 38.401813 54.188863 2.428947 112.096853 -2.633400 -20.036792 -0.711110 -10.124593 0.283222 -20.147077 3.701038 3.431354 0.609155 5.067700 -1.333180 2.220715 0.510755 -0.000001 -0.000004 -0.000003 6.575634 -6.797201 48.919174 5.388015 -6.105792 34.147742 7.267250 -6.652179 44.512141 0.000002 -0.000001 -0.000001 1.766396 -1.822729 43.124602 3.058194 -7.839257 39.281938 2.680177 -7.128321 34.968922 0.000001 -0.000001 0.000000 2.835393 -3.226863 52.953698 -0.088567 -5.822101 27.005526 0.034063 -6.223621 28.916238 0.000003 0.000001 -0.000000 2.982487 -3.519810 56.745376 -1.461913 -9.297184 39.742637 -1.767464 -8.726953 40.374013 0.000001 -0.000001 0.000002 -37.030745 10.917994 4.195235 36.233590 11.666213 -0.025274 14.974041 16.162282 -7.338172 -7.144286 0.378941 -4.497383 -0.000001 -0.000001 0.000000 -40.243263 -4.413321 -20.184717 44.279956 -8.277154 -9.457281 -4.975533 -0.723875 5.763753 -11.405669 -0.000012 0.000027 -0.000000 0.000001 0.000001 
11.879137 99.553406 -6.756886 10.819924 -34.354666 18.059427 10.737539 1.576427 2.289581 14.752165 3.388884 3.660090 14.697817 3.429964 3.820167 -1.940806 -0.115672 0.569492 -29.115433 4.594074 -9.879613 0.000000 -0.000002 0.000000 1.310511 -6.289220 2.208497 -13.122244 -11.856651 -62.671651 2.287052 -113.311677 2.501897 -0.286860 0.518066 26.810895 5.660418 13.339646 -4.687336 3.612774 7.874531 -5.194911 0.621092 7.018293 -2.865444 0.000001 0.000001 0.000002 -2.764085 -1.758434 -47.275127 7.881008 8.221097 -47.873585 4.751086 6.369078 -33.107723 0.000003 -0.000002 -0.000001 1.704613 2.766644 -52.805719 2.762470 8.614244 -38.601050 2.398229 7.629611 -39.288710 0.000001 0.000001 0.000001 0.214715 1.691939 -57.977398 -0.478513 8.142009 -33.818097 -0.328213 7.859249 -33.274752 -0.000001 0.000000 -0.000000 2.898472 4.139171 -57.186981 -0.797587 5.654753 -40.130018 -1.424623 8.006974 -34.430092 0.000000 -0.000001 0.000001 2.735047 6.630035 2.552684 -50.822632 37.707053 53.085381 2.278588 113.398578 -2.495136 -19.707235 -1.486121 -10.711632 0.434963 -20.340016 3.712909 3.431352 0.609158 5.067700 -1.314137 2.116309 0.503472 -0.000001 0.000000 0.000002 6.522808 -6.775554 48.584406 5.297952 -6.052018 33.703801 7.275881 -6.655655 44.552255 0.000001 0.000001 0.000000 1.686000 -1.684591 42.342737 2.984365 -7.756011 38.753209 2.677136 -7.124540 34.945864 -0.000001 -0.000002 0.000001 2.778021 -3.147019 52.342875 -0.114935 -5.702375 26.435803 0.033940 -6.223201 28.914195 -0.000000 0.000001 0.000001 3.005481 -3.533102 56.680800 -1.476903 -9.218014 39.397849 -1.767133 -8.729025 40.382831 -0.000001 -0.000001 -0.000003 -34.866039 11.490046 3.224627 33.007804 11.302402 -0.066701 16.166491 15.226162 -8.737028 -2.476146 0.162635 -2.991217 -0.000001 0.000000 0.000000 -38.523209 -5.546758 -20.333794 40.471507 -8.469053 -9.463229 0.787047 -0.612731 6.100203 -13.091314 -0.066845 1.755885 -0.000000 0.000002 -0.000001 
11.442720 101.013252 -6.117977 10.976054 -33.961005 18.073258 9.863685 1.616136 2.058648 13.617240 3.587196 3.427371 13.558574 3.637583 3.584784 -1.886475 -0.150557 0.443268 -28.316842 4.386783 -10.241962 -0.000000 -0.000000 -0.000001 1.253299 -5.877368 2.035948 -10.818296 -13.343400 -62.601750 2.303276 -113.164780 2.516757 -0.402294 1.023502 26.558543 5.683595 13.341516 -4.788837 3.590919 7.745102 -5.180360 0.586258 6.839911 -2.843542 0.000003 -0.000001 0.000002 -2.845808 -2.007823 -46.573346 7.838818 8.204146 -47.684979 4.709275 6.337746 -32.892005 0.000004 -0.000002 -0.000003 1.459946 2.501486 -52.234418 2.735772 8.580505 -38.408052 2.398647 7.630205 -39.291961 -0.000000 -0.000001 0.000001 0.151921 1.555914 -57.372278 -0.489678 8.095871 -33.613109 -0.331030 7.848225 -33.225271 -0.000003 0.000001 0.000001 3.010806 4.149120 -56.287790 -0.815210 5.587581 -39.849489 -1.426695 7.991186 -34.366694 -0.000001 -0.000001 -0.000000 2.619281 6.217635 2.535451 -47.576314 37.143528 51.924235 2.138641 114.746823 -2.367795 -19.324381 -2.373682 -11.209630 0.594222 -20.541283 3.727443 3.431355 0.609155 5.067699 -1.286539 1.964836 0.492880 -0.000001 -0.000003 -0.000000 6.497680 -6.779183 48.241175 5.203480 -5.994599 33.236162 7.268768 -6.652795 44.519224 -0.000002 0.000000 0.000002 1.602524 -1.536701 41.512841 2.907768 -7.667957 38.198779 2.671064 -7.117057 34.900074 0.000001 -0.000002 -0.000002 2.713347 -3.058374 51.703801 -0.138843 -5.588584 25.895631 0.032653 -6.218305 28.890601 0.000002 0.000001 -0.000001 3.027162 -3.545040 56.608625 -1.489246 -9.150984 39.106272 -1.767466 -8.726889 40.373839 0.000003 0.000002 -0.000001 -33.074317 12.081261 2.487269 30.508850 10.902607 -0.326221 16.244961 13.119850 -10.340788 0.562188 0.000001 0.000005 0.000000 -0.000000 0.000000 -37.015715 -6.495439 -20.369330 36.801216 -8.814243 -9.343952 6.758886 -0.436861 6.637795 -15.162144 -0.404697 4.327046 -0.000000 0.000001 -0.000000 
11.007250 102.270103 -5.487028 11.119145 -33.634034 17.953333 9.040823 1.659076 1.853969 12.553019 3.769116 3.206516 12.490553 3.827238 3.358760 -1.858221 -0.180795 0.365089 -27.686898 4.188841 -10.461001 -0.000000 0.000000 0.000001 1.173355 -5.315307 1.904104 -8.568042 -14.765807 -62.477619 2.310580 -113.099873 2.523479 -0.756593 1.535320 26.221192 5.711799 13.339587 -4.926728 3.562510 7.575878 -5.161334 0.547753 6.641370 -2.819198 0.000003 0.000003 -0.000000 -2.865361 -2.194467 -45.875731 7.801104 8.188874 -47.516130 4.667332 6.306056 -32.674983 0.000003 -0.000001 -0.000000 1.238022 2.250041 -51.679609 2.713306 8.551948 -38.245142 2.400986 7.633429 -39.309726 0.000005 0.000000 0.000001 0.101590 1.432804 -56.797196 -0.499518 8.054610 -33.429873 -0.333547 7.838255 -33.180567 -0.000002 -0.000003 -0.000004 3.118559 4.162201 -55.373658 -0.827497 5.539896 -39.650693 -1.429161 7.972530 -34.291658 -0.000002 -0.000000 -0.000001 2.559586 5.991878 2.691058 -44.505175 36.714391 50.715613 2.012065 116.097397 -2.253892 -18.904623 -3.276304 -11.540108 0.738745 -20.721933 3.744958 3.431354 0.609167 5.067701 -1.253815 1.785350 0.480338 -0.000001 -0.000003 0.000000 6.501915 -6.807759 47.924866 5.112089 -5.938022 32.781462 7.247115 -6.643989 44.418585 -0.000001 0.000000 -0.000000 1.525274 -1.394791 40.714963 2.834409 -7.581978 37.661906 2.662499 -7.106412 34.835211 -0.000001 0.000000 -0.000001 2.648633 -2.970103 51.097864 -0.158836 -5.489030 25.423950 0.030378 -6.209714 28.849254 0.000000 0.000001 -0.000000 3.045990 -3.554928 56.535959 -1.498433 -9.099682 38.883259 -1.768350 -8.721546 40.351091 0.000001 -0.000001 0.000001 -31.563738 12.619078 1.963689 28.725798 10.502914 -0.658459 15.464878 10.120369 -12.087764 0.400620 0.000002 0.000003 -0.000001 0.000000 0.000000 -35.664318 -7.326010 -20.230725 33.724124 -9.339321 -9.177308 11.606653 -0.223915 7.327396 -15.493654 -0.784006 6.048337 0.000000 -0.000000 0.000000 
10.573661 103.327316 -4.880809 11.093939 -33.337457 17.578327 8.320629 1.709559 1.712018 11.627435 3.916676 3.022868 11.562104 3.980016 3.168171 -1.874992 -0.208290 0.324689 -27.221714 3.987706 -10.551805 0.000000 -0.000000 -0.000001 1.082274 -4.681423 1.802032 -6.491360 -16.081236 -62.303920 2.311068 -113.095263 2.523906 -1.279111 2.025435 25.777533 5.744112 13.334037 -5.096428 3.526470 7.359683 -5.137100 0.507451 6.431918 -2.793531 0.000004 0.000007 -0.000002 -2.840484 -2.328717 -45.201116 7.765193 8.174213 -47.355225 4.625495 6.274191 -32.457841 0.000001 -0.000003 -0.000001 1.038771 2.014478 -51.149210 2.694499 8.527882 -38.108228 2.404141 7.637763 -39.333700 -0.000000 0.000002 0.000002 0.058178 1.319549 -56.259431 -0.508137 8.018087 -33.267929 -0.335951 7.828672 -33.137513 0.000000 0.000004 0.000000 3.208597 4.170432 -54.470175 -0.834462 5.512518 -39.536557 -1.431665 7.953025 -34.213401 0.000000 -0.000001 0.000002 2.535791 5.891401 2.952740 -41.690635 36.382348 49.523017 1.901472 117.393767 -2.155529 -18.445640 -4.092791 -11.664585 0.850882 -20.859312 3.765557 3.431356 0.609166 5.067701 -1.220389 1.602050 0.467434 -0.000000 0.000001 -0.000001 6.529464 -6.854266 47.661695 5.031026 -5.887021 32.376459 7.215355 -6.631007 44.270810 -0.000001 -0.000001 0.000002 1.460869 -1.271945 40.015841 2.769864 -7.504922 37.184516 2.652443 -7.093919 34.759058 0.000002 0.000000 0.000000 2.590362 -2.890695 50.573880 -0.174351 -5.408666 25.043893 0.027600 -6.199177 28.798492 -0.000001 0.000001 0.000001 3.061574 -3.562839 56.469392 -1.504666 -9.064232 38.729362 -1.769469 -8.714628 40.321619 0.000001 -0.000000 0.000004 -30.179522 13.033499 1.573245 27.450303 10.139925 -0.896664 14.276527 6.731697 -13.942061 0.251943 -0.000001 -0.000002 -0.000000 0.000000 0.000000 -34.670993 -7.979887 -19.841664 32.114798 -10.055532 -9.158345 13.742347 -0.049929 8.312119 -12.205890 -0.586713 5.279486 -0.000000 -0.000003 -0.000000 
10.143860 104.188240 -4.316980 10.815278 -33.029678 16.896278 7.729613 1.766880 1.649529 10.874982 4.020268 2.891903 10.808037 4.085713 3.029671 -1.943912 -0.232812 0.294705 -26.884673 3.766919 -10.538503 -0.000000 -0.000000 -0.000000 0.995240 -4.075080 1.707967 -4.658612 -17.236042 -62.090975 2.307576 -113.126784 2.520701 -1.857635 2.483329 25.210046 5.778823 13.326816 -5.283523 3.484056 7.103012 -5.108391 0.468505 6.228215 -2.768583 0.000001 0.000001 -0.000007 -2.790699 -2.421635 -44.581386 7.729857 8.159668 -47.196706 4.584903 6.243047 -32.246771 0.000003 -0.000002 -0.000000 0.861932 1.799073 -50.670711 2.678983 8.507970 -37.995031 2.406808 7.641481 -39.354160 0.000004 -0.000001 -0.000001 0.018074 1.215060 -55.770595 -0.515402 7.986816 -33.129300 -0.338450 7.818842 -33.093400 0.000001 -0.000000 -0.000004 3.273063 4.168724 -53.616415 -0.836832 5.503260 -39.497983 -1.433991 7.934834 -34.140345 -0.000002 -0.000002 0.000000 2.521511 5.833466 3.225468 -39.179994 36.092065 48.451473 1.808974 118.572863 -2.074204 -17.943527 -4.746367 -11.588379 0.922514 -20.943385 3.788032 3.431357 0.609166 5.067701 -1.190478 1.438230 0.455886 -0.000000 0.000001 -0.000002 6.567940 -6.906344 47.462612 4.965555 -5.845211 32.047914 7.180014 -6.616449 44.106326 -0.000000 -0.000001 -0.000001 1.411611 -1.174638 39.454038 2.717707 -7.441689 36.795377 2.642269 -7.081240 34.681867 0.000003 0.000002 -0.000005 2.542808 -2.825591 50.156483 -0.185750 -5.347682 24.755884 0.024874 -6.188822 28.748601 -0.000003 0.000002 -0.000000 3.073858 -3.568905 56.413288 -1.508576 -9.041615 38.631140 -1.770523 -8.708022 40.293670 -0.000000 0.000001 -0.000002 -28.821295 13.263307 1.238374 26.480128 9.840902 -0.924449 13.109587 3.490544 -15.850163 0.169943 0.000000 0.000005 -0.000002 -0.000001 -0.000000 -33.487728 -8.717687 -19.249054 30.994227 -9.983369 -9.140858 14.576346 0.122864 9.355346 -8.235645 -0.382583 4.310032 -0.000001 -0.000000 0.000000 
9.721858 104.853401 -3.807148 10.283914 -32.679228 15.925769 7.265664 1.828565 1.667204 10.291024 4.080425 2.815551 10.223755 4.144953 2.946102 -2.057258 -0.252960 0.244246 -26.623130 3.511592 -10.445376 -0.000000 0.000001 -0.000001 0.927384 -3.593702 1.603376 -3.072843 -18.170941 -61.859104 2.302222 -113.174759 2.515779 -2.381221 2.914178 24.517907 5.813624 13.320658 -5.467626 3.438209 6.822801 -5.077124 0.434753 6.050290 -2.746801 0.000003 0.000001 0.000001 -2.732747 -2.481579 -44.055031 7.696002 8.145634 -47.044646 4.547667 6.214273 -32.052456 0.000002 -0.000007 -0.000003 0.706816 1.609700 -50.284864 2.666728 8.492146 -37.905323 2.407886 7.642937 -39.362281 0.000004 -0.000002 -0.000001 -0.019845 1.120525 -55.344541 -0.521187 7.961671 -33.017841 -0.341043 7.808429 -33.046733 -0.000002 -0.000000 -0.000003 3.310642 4.156159 -52.855334 -0.835760 5.507487 -39.515588 -1.436005 7.919247 -34.077774 0.000005 -0.000002 -0.000003 2.494122 5.743068 3.423041 -36.978665 35.794306 47.611152 1.735373 119.579633 -2.010157 -17.412042 -5.203935 -11.356210 0.956118 -20.978958 3.808870 3.431354 0.609160 5.067699 -1.167410 1.311823 0.446961 -0.000001 0.000000 0.000002 6.601798 -6.949713 47.323075 4.917450 -5.814185 31.805862 7.148087 -6.603178 43.957387 0.000003 -0.000000 -0.000005 1.375150 -1.101552 39.037215 2.678705 -7.393824 36.502314 2.633387 -7.070135 34.614354 -0.000001 -0.000000 -0.000002 2.507232 -2.776458 49.844258 -0.194144 -5.301617 24.538431 0.022679 -6.180491 28.708525 -0.000001 -0.000000 0.000001 3.082606 -3.573046 56.369350 -1.511165 -9.026617 38.566069 -1.771266 -8.703404 40.274091 -0.000002 -0.000001 -0.000000 -27.459299 13.277351 0.911453 25.672985 9.617192 -0.698505 12.233875 0.779068 -17.736509 0.146144 0.000005 0.000003 -0.000003 -0.000000 -0.000000 -32.023912 -9.572180 -18.452091 30.233808 -8.742050 -9.127937 14.036356 0.246906 10.534333 -3.759571 -0.184232 3.028253 0.000002 -0.000001 0.000000 
9.311102 105.313118 -3.354842 9.575371 -32.275188 14.738116 6.902097 1.891716 1.753751 9.837946 4.106080 2.783606 9.771535 4.167072 2.907835 -2.200109 -0.267317 0.152383 -26.384712 3.214583 -10.290605 0.000000 0.000002 -0.000001 0.888216 -3.301708 1.483532 -1.677747 -18.844738 -61.639541 2.296705 -113.223718 2.510751 -2.781029 3.329001 23.727314 5.846040 13.317966 -5.628700 3.392722 6.542038 -5.045858 0.409343 5.915430 -2.730304 0.000002 -0.000001 0.000002 -2.677850 -2.513631 -43.654345 7.666430 8.133273 -46.911693 4.516072 6.189670 -31.887199 0.000004 0.000001 0.000001 0.572948 1.452279 -50.027205 2.657642 8.480380 -37.838777 2.406711 7.641337 -39.353381 -0.000004 0.000004 0.000004 -0.054664 1.038548 -54.992022 -0.525417 7.943156 -32.935879 -0.343762 7.797660 -32.998341 -0.000001 -0.000002 -0.000002 3.325792 4.135418 -52.220078 -0.832948 5.518539 -39.561589 -1.437595 7.906491 -34.026565 -0.000004 -0.000001 -0.000000 2.440369 5.573163 3.498149 -35.051964 35.462701 47.076000 1.679781 120.383368 -1.962269 -16.888734 -5.479940 -11.043802 0.961808 -20.981385 3.822027 3.431354 0.609169 5.067702 -1.153179 1.233896 0.441477 -0.000000 -0.000001 -0.000001 6.616829 -6.971951 47.229033 4.885020 -5.793083 31.642357 7.125041 -6.593583 43.849958 -0.000001 0.000001 -0.000001 1.346187 -1.045616 38.751263 2.650881 -7.359332 36.291992 2.626998 -7.062116 34.565692 0.000001 0.000001 -0.000002 2.482357 -2.741482 49.618811 -0.201014 -5.263196 24.357296 0.021291 -6.175160 28.682836 -0.000001 0.000001 -0.000000 3.087197 -3.574748 56.337729 -1.513357 -9.013821 38.510529 -1.771569 -8.701535 40.266182 -0.000002 0.000001 -0.000001 -26.137285 13.086172 0.596129 24.989212 9.030108 -0.247243 11.681818 -0.833422 -19.617577 0.147553 -0.000005 -0.000004 0.000000 -0.000000 -0.000002 -30.265869 -10.504681 -17.469201 29.656241 -6.219504 -9.121789 12.229683 0.268253 11.980338 -0.326805 -0.000012 0.000006 0.000000 0.000000 -0.000001 
8.909471 105.549873 -2.957982 8.807719 -31.826110 13.440286 6.598107 1.949926 1.877401 9.460052 4.109362 2.779164 9.395484 4.164908 2.897810 -2.364229 -0.274710 0.016477 -26.128851 2.880463 -10.082771 0.000001 0.000001 -0.000000 0.877501 -3.204414 1.359403 -0.383986 -19.261777 -61.468711 2.293116 -113.255950 2.507463 -3.052514 3.732631 22.893146 5.874153 13.319794 -5.753754 3.351666 6.285741 -5.017418 0.393476 5.830999 -2.719973 0.000004 0.000005 -0.000001 -2.631000 -2.521486 -43.390286 7.644591 8.124099 -46.813423 4.491938 6.170779 -31.760742 0.000004 -0.000001 0.000001 0.462081 1.331312 -49.903736 2.651230 8.472098 -37.791785 2.403629 7.637080 -39.329838 -0.000001 -0.000001 -0.000001 -0.084436 0.971327 -54.713975 -0.528299 7.930590 -32.880240 -0.346330 7.787308 -32.951992 -0.000002 0.000001 0.000000 3.326371 4.111323 -51.722413 -0.830575 5.527892 -39.600576 -1.438912 7.896033 -33.984597 -0.000004 0.000000 0.000000 2.357004 5.309391 3.454859 -33.339011 35.099345 46.858185 1.639680 120.988427 -1.927963 -16.422094 -5.624729 -10.746355 0.951838 -20.969246 3.820197 3.431353 0.609164 5.067700 -1.148713 1.209502 0.439740 0.000001 0.000001 -0.000000 6.605021 -6.966482 47.166295 4.864050 -5.779364 31.536390 7.113811 -6.588865 43.797458 0.000001 -0.000000 0.000001 1.319469 -0.998967 38.577134 2.630422 -7.333850 36.136895 2.623849 -7.058186 34.541776 -0.000000 -0.000000 -0.000000 2.465668 -2.717543 49.460726 -0.207616 -5.225584 24.180026 0.020618 -6.172597 28.670491 0.000006 0.000002 -0.000001 3.087235 -3.573732 56.318502 -1.515813 -8.999301 38.447654 -1.771486 -8.702143 40.268664 -0.000000 0.000002 -0.000003 -24.944098 12.746688 0.322934 24.488718 7.545818 0.345455 11.278757 -0.889049 -21.511034 0.151593 -0.000008 -0.000001 -0.000003 -0.000001 -0.000000 -28.285162 -11.373562 -16.452386 29.119408 -2.613157 -8.928095 9.434365 0.103747 13.719851 -0.382597 -0.000001 0.000010 -0.000000 0.000002 0.000000 
8.503057 105.553688 -2.616844 8.102402 -31.348372 12.162715 6.312733 1.988575 1.974739 9.102258 4.099348 2.784905 9.040217 4.148375 2.898112 -2.559237 -0.273910 -0.147296 -25.832684 2.525569 -9.818863 -0.000000 0.000002 -0.000001 0.885017 -3.241343 1.252663 0.897591 -19.487616 -61.377555 2.294686 -113.242173 2.508896 -3.251286 4.113903 22.089573 5.897141 13.325484 -5.840978 3.318962 6.079913 -4.994621 0.385602 5.789102 -2.714852 -0.000000 0.000004 0.000001 -2.591789 -2.510476 -43.241572 7.632704 8.119064 -46.759946 4.475763 6.158112 -31.676006 0.000002 -0.000001 -0.000000 0.380452 1.249052 -49.871477 2.646182 8.465540 -37.754707 2.400068 7.632135 -39.302729 -0.000001 -0.000001 -0.000001 -0.107187 0.918898 -54.496601 -0.530361 7.921394 -32.839532 -0.348418 7.778968 -32.914613 -0.000006 0.000000 0.000002 3.320716 4.088721 -51.347651 -0.831153 5.525610 -39.591113 -1.439994 7.887293 -33.949568 0.000002 -0.000002 -0.000001 2.248808 4.963712 3.341271 -31.772421 34.729401 46.904374 1.611075 121.432813 -1.903641 -16.046599 -5.701685 -10.560768 0.935379 -20.956101 3.798412 3.431355 0.609153 5.067699 -1.154268 1.239834 0.441881 -0.000000 -0.000001 -0.000002 6.568351 -6.935413 47.129999 4.849441 -5.769801 31.462481 7.114038 -6.588953 43.798510 0.000001 0.000002 -0.000003 1.293214 -0.959026 38.506817 2.613456 -7.312592 36.007822 2.624188 -7.058622 34.544375 0.000001 0.000001 -0.000002 2.455312 -2.702803 49.365500 -0.214494 -5.185549 23.991497 0.020348 -6.171590 28.665631 -0.000002 0.000001 0.000000 3.083799 -3.570871 56.313329 -1.518700 -8.982074 38.372901 -1.771192 -8.703906 40.276280 0.000001 -0.000001 0.000004 -23.949187 12.358597 0.084305 24.172012 6.552067 0.972513 10.827095 -0.903868 -22.984611 0.151508 0.000000 0.000004 -0.000002 -0.000001 -0.000001 -26.195430 -12.058941 -15.328915 28.412687 1.470021 -8.767414 6.144655 -0.226368 15.824553 -0.441888 -0.000025 0.000014 0.000002 0.000003 -0.000000 
8.080504 105.320221 -2.324521 7.551254 -30.861124 10.985001 6.016504 2.001248 2.010730 8.726639 4.077118 2.787903 8.667570 4.119515 2.895059 -2.812659 -0.263850 -0.308970 -25.493234 2.173739 -9.484377 0.000000 -0.000001 -0.000001 0.894680 -3.306463 1.184104 2.225595 -19.640390 -61.376660 2.306888 -113.132583 2.520088 -3.464708 4.440685 21.391611 5.915448 13.332972 -5.900017 3.298739 5.951669 -4.980419 0.381247 5.765711 -2.711998 -0.000002 0.000000 -0.000003 -2.556449 -2.489204 -43.154071 7.630062 8.117980 -46.748062 4.466523 6.150813 -31.627345 0.000003 -0.000005 -0.000003 0.339871 1.205558 -49.835823 2.640423 8.458062 -37.712381 2.398507 7.629973 -39.290742 0.000000 0.000002 -0.000000 -0.121657 0.878547 -54.311164 -0.532637 7.911208 -32.794481 -0.349483 7.774674 -32.895311 -0.000003 -0.000000 0.000002 3.315255 4.070678 -51.058519 -0.837328 5.501262 -39.489633 -1.440846 7.880453 -33.922131 0.000001 -0.000002 -0.000001 2.126103 4.566340 3.232053 -30.292497 34.385580 47.109642 1.589489 121.776016 -1.885376 -15.761645 -5.761254 -10.561869 0.915593 -20.945496 3.758210 3.431354 0.609164 5.067701 -1.169637 1.324029 0.447850 -0.000002 0.000001 0.000004 6.520082 -6.890329 47.129412 4.837111 -5.761693 31.400173 7.122562 -6.592530 43.838326 -0.000002 -0.000001 0.000001 1.271559 -0.932378 38.550073 2.597590 -7.292625 35.886750 2.627630 -7.062931 34.570582 0.000002 -0.000001 0.000002 2.451611 -2.698530 49.351228 -0.221213 -5.145792 23.804314 0.020067 -6.170480 28.660348 0.000002 0.000000 -0.000001 3.080664 -3.569199 56.325910 -1.521725 -8.964106 38.294999 -1.770986 -8.705175 40.281597 -0.000003 0.000001 -0.000002 -23.264884 12.011451 -0.074710 24.176418 5.838693 1.510542 10.049281 -0.818724 -23.861881 0.144421 0.000003 0.000015 0.000001 -0.000002 -0.000000 -24.171351 -12.423671 -14.020719 27.574148 5.303333 -8.786854 2.854874 -0.690386 18.150867 -0.504427 -0.000015 0.000007 -0.000001 0.000004 0.000001 
7.634310 104.861244 -2.073005 7.191496 -30.368029 9.933025 5.700757 1.984177 1.977953 8.322148 4.034064 2.780901 8.266226 4.070747 2.880969 -3.157158 -0.244818 -0.432732 -25.126359 1.848672 -9.057030 -0.000000 -0.000000 -0.000001 0.890842 -3.290149 1.163975 3.608220 -19.856542 -61.443432 2.338337 -112.854225 2.548942 -3.771420 4.663280 20.852622 5.931000 13.339715 -5.948638 3.295215 5.929428 -4.977960 0.373685 5.725350 -2.707062 0.000002 0.000001 -0.000001 -2.519382 -2.468588 -43.054207 7.632204 8.118872 -46.757709 4.461592 6.146928 -31.601479 -0.000000 -0.000001 0.000000 0.355969 1.199925 -49.671154 2.631595 8.446550 -37.647313 2.401792 7.634561 -39.315873 -0.000001 -0.000001 0.000001 -0.127154 0.845423 -54.119721 -0.536298 7.894922 -32.722449 -0.349002 7.776468 -32.903453 -0.000003 -0.000000 0.000001 3.313473 4.057589 -50.806656 -0.851309 5.445563 -39.257786 -1.441303 7.876716 -33.907064 -0.000001 -0.000001 -0.000000 2.003282 4.161663 3.204924 -28.851696 34.086069 47.344785 1.570732 122.078990 -1.869534 -15.526558 -5.821073 -10.778525 0.890458 -20.930491 3.711191 3.431356 0.609162 5.067701 -1.194228 1.458722 0.457354 -0.000000 0.000001 -0.000001 6.482517 -6.850474 47.185163 4.825393 -5.753931 31.340757 7.134456 -6.597515 43.893845 0.000003 0.000004 -0.000004 1.264921 -0.934711 38.728043 2.583058 -7.274250 35.775581 2.633206 -7.069891 34.612947 0.000003 -0.000001 0.000003 2.457567 -2.709411 49.453165 -0.226318 -5.114970 23.659369 0.019448 -6.168029 28.648604 -0.000003 -0.000000 0.000000 3.084701 -3.574117 56.360552 -1.524104 -8.949661 38.232472 -1.771124 -8.704302 40.277854 0.000001 0.000003 -0.000000 -22.979637 11.764126 -0.118251 24.650742 5.293371 1.864411 8.754526 -0.591572 -23.877266 -2.168147 -0.095589 2.391163 0.000001 -0.000001 0.000001 -22.413525 -12.342113 -12.520290 26.876818 8.196318 -8.968564 -0.125146 -1.164071 20.273502 -0.570021 0.000009 -0.000003 0.000001 -0.000002 0.000001 
7.162116 104.194580 -1.857173 6.998462 -29.851362 8.980477 5.378947 1.936378 1.898583 7.904699 3.954503 2.759068 7.851959 3.987122 2.851058 -3.610281 -0.220276 -0.484914 -24.762494 1.565680 -8.514449 0.000000 0.000001 -0.000000 0.864720 -3.126900 1.188656 4.999878 -20.239439 -61.520320 2.400230 -112.324742 2.605918 -4.202425 4.733002 20.484835 5.946811 13.344039 -6.007016 3.312687 6.040242 -4.990219 0.356108 5.630985 -2.695534 0.000004 0.000006 -0.000004 -2.474703 -2.457381 -42.873606 7.631807 8.118703 -46.755848 4.457757 6.143940 -31.581524 -0.000000 -0.000002 0.000001 0.442805 1.232638 -49.262104 2.617775 8.428513 -37.545533 2.412380 7.649182 -39.396627 0.000002 0.000002 0.000002 -0.123595 0.814550 -53.885920 -0.542241 7.868281 -32.604646 -0.346685 7.785874 -32.945595 -0.000003 0.000001 0.000002 3.315595 4.047745 -50.548673 -0.874025 5.352867 -38.872509 -1.441155 7.877861 -33.911722 0.000001 -0.000001 -0.000003 1.897955 3.806914 3.320003 -27.412811 33.813094 47.493054 1.552243 122.383849 -1.853992 -15.274835 -5.862003 -11.183622 0.856224 -20.898016 3.679319 3.431357 0.609157 5.067699 -1.226668 1.636438 0.469862 -0.000001 -0.000001 -0.000001 6.481487 -6.838179 47.320305 4.815221 -5.747239 31.289281 7.144321 -6.601626 43.939884 -0.000001 0.000002 -0.000002 1.287356 -0.985866 39.056473 2.572787 -7.261233 35.696925 2.639452 -7.077684 34.660345 0.000001 0.000001 -0.000000 2.477810 -2.741625 49.706698 -0.227856 -5.105601 23.615316 0.018404 -6.164060 28.629412 0.000000 0.000001 0.000000 3.104914 -3.592495 56.419961 -1.525089 -8.943751 38.206798 -1.771759 -8.700455 40.261506 -0.000000 0.000003 0.000001 -23.143932 11.619197 -0.025218 25.728739 4.911933 1.994044 6.856639 -0.231463 -22.769021 -4.521242 -0.357032 4.587347 0.000000 -0.000001 0.000000 -21.124303 -11.739519 -10.913185 26.508630 8.285300 -9.072100 -2.769142 -0.073628 21.647941 -0.681942 0.000046 -0.042110 0.000000 -0.000004 0.000002 
6.678012 103.369247 -1.681379 6.894574 -29.274860 8.092199 5.079935 1.855352 1.788378 7.507671 3.821924 2.713559 7.458223 3.852186 2.797148 -4.156197 -0.197768 -0.442306 -24.439166 1.325055 -7.843175 0.000000 -0.000001 0.000000 0.818743 -2.830315 1.246173 6.320635 -20.808023 -61.530872 2.504142 -111.486719 2.702066 -4.719716 4.638523 20.249954 5.966484 13.346040 -6.091532 3.354552 6.303849 -5.019423 0.323815 5.456873 -2.674245 0.000002 -0.000000 -0.000001 -2.417214 -2.456864 -42.577736 7.620914 8.114110 -46.706896 4.452259 6.139581 -31.552506 0.000003 -0.000002 0.000001 0.605626 1.307448 -48.551761 2.598455 8.403127 -37.402546 2.431305 7.675253 -39.540573 0.000002 0.000001 0.000002 -0.110806 0.783074 -53.587837 -0.550752 7.829621 -32.433802 -0.342404 7.803090 -33.022749 0.000000 0.000001 -0.000000 3.319541 4.038469 -50.260767 -0.904569 5.223675 -38.336694 -1.440227 7.885454 -33.942185 0.000002 0.000000 0.000000 1.828722 3.566085 3.603055 -25.949550 33.503147 47.491169 1.533369 122.700127 -1.838167 -14.939808 -5.842110 -11.706236 0.811241 -20.835733 3.690265 3.431350 0.609165 5.067702 -1.264416 1.843500 0.484395 -0.000001 -0.000000 0.000004 6.538953 -6.872391 47.548020 4.809692 -5.743559 31.261281 7.147589 -6.602983 43.955078 0.000000 0.000004 -0.000001 1.352250 -1.101286 39.526366 2.571416 -7.259478 35.686355 2.644634 -7.084168 34.699755 -0.000002 0.000002 -0.000000 2.516600 -2.799499 50.124795 -0.223860 -5.129833 23.729225 0.017242 -6.159615 28.608017 -0.000002 -0.000002 -0.000000 3.150091 -3.630681 56.502528 -1.524015 -8.950201 38.234743 -1.772820 -8.693791 40.233192 -0.000001 0.000003 -0.000000 -23.646111 11.534829 0.149246 27.308536 4.742584 1.932436 4.423113 0.176913 -20.405501 -7.296273 -0.485833 5.320739 -0.000001 -0.000001 0.000000 -20.358940 -10.667130 -9.331181 27.052366 8.305957 -8.988111 -5.097325 -0.197053 21.745760 -2.572901 0.057918 -1.779281 -0.000002 -0.000005 0.000001 
6.189713 102.400291 -1.551679 6.774309 -28.603309 7.224874 4.834256 1.746073 1.668087 7.166810 3.627349 2.626977 7.121082 3.656271 2.702613 -4.738220 -0.187329 -0.300583 -24.193787 1.108884 -7.045503 0.000000 -0.000000 -0.000000 0.767311 -2.499757 1.327437 7.493304 -21.469924 -61.414985 2.658008 -110.349602 2.845427 -5.222847 4.441141 20.067917 5.993378 13.347965 -6.210204 3.422268 6.724851 -5.066198 0.276438 5.199408 -2.642823 -0.000000 -0.000003 0.000001 -2.343319 -2.457002 -42.186575 7.594227 8.102767 -46.586603 4.443587 6.132726 -31.506894 0.000000 -0.000002 -0.000000 0.835430 1.430307 -47.577797 2.574803 8.371925 -37.227051 2.457565 7.711132 -39.739280 0.000001 -0.000000 -0.000000 -0.088459 0.752260 -53.229088 -0.561287 7.780934 -32.218883 -0.336472 7.826715 -33.128729 0.000002 -0.000002 0.000000 3.322234 4.027443 -49.948692 -0.940041 5.066274 -37.685699 -1.438462 7.899591 -33.998844 0.000001 -0.000001 -0.000000 1.810010 3.494184 4.037508 -24.449395 33.053659 47.357871 1.515584 123.003265 -1.823302 -14.477785 -5.722553 -12.261142 0.757717 -20.737889 3.768526 3.431359 0.609161 5.067702 -1.303821 2.059689 0.499530 -0.000001 -0.000001 -0.000002 6.665352 -6.961942 47.861031 4.812515 -5.745438 31.275511 7.141482 -6.600430 43.926623 0.000001 0.000000 -0.000002 1.466508 -1.283693 40.092534 2.583358 -7.274637 35.777924 2.647153 -7.087346 34.718958 0.000001 0.000000 0.000000 2.575062 -2.882048 50.681018 -0.212924 -5.194813 24.035033 0.016499 -6.156755 28.594307 0.000000 -0.000001 0.000001 3.225300 -3.691763 56.600835 -1.520648 -8.970488 38.322617 -1.774162 -8.685372 40.197470 0.000001 -0.000002 0.000002 -24.525329 11.465086 0.199034 29.775042 4.778571 1.757533 0.396461 0.720142 -15.556748 -7.686359 -0.251983 3.862868 0.000000 0.000000 0.000001 -20.114120 -9.311923 -7.709370 28.709614 8.234566 -8.888993 -7.389367 -1.380774 20.318373 -4.463162 0.224855 -3.491170 0.000000 0.000002 -0.000002 
5.705170 101.261688 -1.482945 6.536480 -27.818479 6.360045 4.662628 1.618928 1.545469 6.905295 3.377022 2.476055 6.864094 3.404496 2.544863 -5.267179 -0.197394 -0.081622 -24.058771 0.882365 -6.141639 -0.000001 -0.000000 -0.000000 0.732555 -2.292825 1.433698 8.480128 -22.037009 -61.173742 2.861842 -109.010769 3.036926 -5.582066 4.275577 19.844302 6.029854 13.353517 -6.360337 3.514138 7.285234 -5.128778 0.218760 4.882425 -2.604122 0.000001 -0.000001 0.000000 -2.251705 -2.437607 -41.776715 7.551509 8.084503 -46.393896 4.432286 6.123776 -31.447376 0.000001 -0.000000 -0.000001 1.109136 1.604382 -46.478317 2.549763 8.338648 -37.040492 2.487959 7.752377 -39.968211 0.000002 -0.000000 0.000002 -0.055967 0.727954 -52.843415 -0.572549 7.727872 -31.984803 -0.329582 7.853879 -33.250580 -0.000002 -0.000002 -0.000000 3.321066 4.013936 -49.648553 -0.976109 4.896933 -36.987506 -1.436112 7.918252 -34.073782 0.000003 -0.000001 -0.000004 1.844523 3.613093 4.565170 -22.908504 32.341530 47.193633 1.501552 123.245778 -1.811640 -13.875038 -5.488078 -12.778272 0.700845 -20.608282 3.924440 3.431355 0.609170 5.067702 -1.340589 2.261529 0.513594 -0.000001 0.000000 0.000001 6.854525 -7.101493 48.228126 4.826304 -5.754546 31.345415 7.125485 -6.593751 43.852021 -0.000003 0.000000 -0.000000 1.626096 -1.518956 40.677031 2.610929 -7.309434 35.988578 2.645933 -7.085793 34.709683 -0.000000 -0.000003 0.000000 2.649259 -2.981199 51.306288 -0.194582 -5.299163 24.526811 0.016739 -6.157702 28.598875 0.000002 -0.000000 -0.000001 3.328991 -3.773672 56.702386 -1.515173 -9.003058 38.463920 -1.775544 -8.676730 40.160710 0.000001 -0.000001 0.000002 -25.397722 11.315166 0.163564 32.419104 5.085879 1.596246 -4.103669 0.902752 -9.764375 -6.760361 -0.054863 1.827617 -0.000000 0.000001 0.000000 -20.403956 -7.979012 -5.845323 31.590281 6.997614 -8.845909 -11.084252 -2.466606 15.816433 -4.464030 0.099216 -2.337501 -0.000000 0.000001 -0.000000 
5.224073 99.975174 -1.471590 6.115762 -26.929213 5.535389 4.569560 1.485482 1.395796 6.723915 3.096056 2.242602 6.688102 3.121215 2.306173 -5.643844 -0.230507 0.164627 -24.059802 0.600166 -5.168235 -0.000001 -0.000002 -0.000000 0.736306 -2.369569 1.574531 9.301018 -22.280625 -60.900781 3.100872 -107.642135 3.263422 -5.685281 4.299503 19.506248 6.076074 13.366484 -6.528805 3.624105 7.941394 -5.202444 0.159708 4.553732 -2.564029 -0.000002 0.000002 -0.000004 -2.144283 -2.374773 -41.460976 7.498591 8.061614 -46.154775 4.420655 6.114552 -31.386177 -0.000000 -0.000002 -0.000002 1.395437 1.822669 -45.460684 2.527322 8.308644 -36.872646 2.517816 7.792579 -40.192002 -0.000002 -0.000000 0.000002 -0.013118 0.719381 -52.490519 -0.582847 7.678353 -31.766588 -0.322727 7.880680 -33.371030 -0.000002 -0.000003 0.000001 3.314735 3.999055 -49.418755 -1.007967 4.738050 -36.334100 -1.433668 7.937532 -34.151178 -0.000003 0.000000 -0.000004 1.917694 3.889535 5.093343 -21.312909 31.241354 47.151504 1.494064 123.375852 -1.805430 -13.138153 -5.149933 -13.221954 0.645906 -20.459270 4.146316 3.431351 0.609164 5.067701 -1.370880 2.427902 0.525144 0.000002 -0.000001 0.000001 7.082522 -7.271767 48.598982 4.851297 -5.771002 31.471883 7.101281 -6.583593 43.738954 -0.000001 -0.000003 0.000002 1.814006 -1.778030 41.187359 2.652735 -7.361706 36.306239 2.640732 -7.079310 34.670132 -0.000000 -0.000001 -0.000001 2.729840 -3.082884 51.902625 -0.169929 -5.431850 25.153512 0.018334 -6.163813 28.628239 -0.000000 0.000000 -0.000001 3.451721 -3.868462 56.792234 -1.508194 -9.043913 38.641146 -1.776762 -8.669115 40.128413 0.000000 0.000001 0.000003 -26.199209 11.013966 0.124064 35.101715 5.526907 1.525751 -8.263154 0.652349 -4.625767 -5.727467 -0.001504 0.307153 0.000000 -0.000001 -0.000000 -20.970030 -6.884837 -4.148131 34.771868 4.189879 -8.719596 -14.621570 -2.138500 11.094074 -4.314891 0.018384 -1.015863 -0.000000 0.000001 -0.000000 
4.752886 98.623093 -1.499688 5.503426 -25.974564 4.813344 4.539682 1.361155 1.190744 6.597643 2.825686 1.926535 6.567647 2.847545 1.986817 -5.788700 -0.281496 0.368025 -24.213424 0.217931 -4.174989 -0.000001 -0.000000 -0.000001 0.791971 -2.827805 1.757058 10.034646 -22.003408 -60.774900 3.339596 -106.453785 3.491281 -5.482607 4.616228 19.032802 6.129364 13.389063 -6.694849 3.741677 8.625934 -5.279866 0.109985 4.273679 -2.529879 0.000001 0.000000 -0.000003 -2.025916 -2.250822 -41.350945 7.445916 8.038599 -45.916374 4.411921 6.107585 -31.340070 -0.000001 -0.000004 -0.000000 1.663333 2.064797 -44.742008 2.511581 8.287441 -36.754337 2.542193 7.825140 -40.373921 0.000003 0.000003 0.000000 0.039576 0.736427 -52.243530 -0.590583 7.640566 -31.600205 -0.316919 7.903215 -33.472268 0.000001 0.000001 0.000002 3.303911 3.985668 -49.324488 -1.031554 4.613989 -35.825193 -1.431729 7.952534 -34.211373 -0.000002 -0.000004 -0.000001 1.998752 4.229466 5.505011 -19.613628 29.633667 47.403145 1.495211 123.355948 -1.806376 -12.282117 -4.729532 -13.601789 0.595652 -20.307689 4.399334 3.431353 0.609162 5.067700 -1.392491 2.546552 0.533366 -0.000001 -0.000001 -0.000002 7.311800 -7.444023 48.916230 4.884562 -5.792797 31.640052 7.072107 -6.571244 43.602609 0.000001 -0.000003 0.000001 2.002978 -2.024212 41.542525 2.703243 -7.424014 36.687057 2.632303 -7.068788 34.606144 0.000001 -0.000002 0.000001 2.803490 -3.170337 52.369307 -0.141797 -5.574161 25.827268 0.021234 -6.174882 28.681436 0.000002 -0.000001 -0.000000 3.577376 -3.963626 56.856834 -1.500594 -9.087505 38.830384 -1.777697 -8.663168 40.103244 -0.000000 0.000003 -0.000002 -27.204599 10.526727 0.246102 38.356491 5.912183 1.533374 -12.215863 0.267787 -1.755291 -5.427492 -0.000002 0.000005 0.000000 -0.000000 -0.000000 -21.670870 -6.188092 -2.819059 38.061482 1.453903 -8.559871 -17.688817 -1.591842 6.906728 -4.378867 0.000008 0.000010 -0.000000 -0.000000 -0.000000 
4.288979 97.339142 -1.517351 4.749906 -25.014434 4.236473 4.537732 1.266533 0.928052 6.479170 2.613791 1.553502 6.454740 2.631780 1.612764 -5.667834 -0.340308 0.457505 -24.519172 -0.292827 -3.220182 0.000000 -0.000001 0.000000 0.899321 -3.657125 1.975059 10.814985 -21.104231 -61.008021 3.520700 -105.651613 3.665063 -5.012995 5.214233 18.472952 6.183900 13.420281 -6.834067 3.852491 9.256224 -5.351665 0.079218 4.098812 -2.508552 0.000000 -0.000002 -0.000001 -1.903711 -2.062816 -41.516332 7.405348 8.020689 -45.732488 4.408826 6.105131 -31.323808 0.000002 -0.000001 0.000004 1.887695 2.300480 -44.482645 2.505681 8.279496 -36.709958 2.557320 7.845231 -40.486353 0.000003 0.000001 0.000003 0.100311 0.786226 -52.170190 -0.594575 7.620741 -31.512966 -0.313014 7.918292 -33.540006 0.000001 -0.000001 -0.000000 3.290524 3.977701 -49.418539 -1.043934 4.546312 -35.547924 -1.430923 7.958890 -34.236863 0.000001 -0.000001 -0.000001 2.050111 4.500336 5.672590 -17.706039 27.410398 48.120742 1.505856 123.170782 -1.815210 -11.332979 -4.233073 -13.977271 0.549685 -20.170626 4.632505 3.431351 0.609158 5.067698 -1.405474 2.617898 0.538324 0.000001 -0.000003 -0.000003 7.500215 -7.587326 49.131036 4.920295 -5.816019 31.820236 7.041875 -6.558407 43.461166 0.000001 0.000001 -0.000001 2.162313 -2.222278 41.696741 2.753413 -7.485086 37.062263 2.622267 -7.056183 34.529697 0.000004 -0.000000 0.000001 2.856409 -3.228734 52.631088 -0.114609 -5.703917 26.443176 0.024915 -6.188941 28.749181 -0.000001 0.000002 -0.000002 3.686584 -4.044917 56.887382 -1.493359 -9.128225 39.007275 -1.778396 -8.658714 40.084307 0.000000 -0.000004 -0.000000 -28.473257 9.883431 0.639550 42.308948 5.931761 1.584813 -15.977240 0.124329 -2.104601 -4.898227 -0.000001 0.000005 0.000000 -0.000002 -0.000000 -22.702015 -5.814403 -2.176426 42.017234 -0.584805 -8.498243 -20.732479 -1.474416 6.127537 -5.285705 0.000017 0.000010 -0.000000 -0.000000 0.000000 
3.831786 96.289658 -1.487875 3.949229 -24.107911 3.796310 4.514097 1.221812 0.645663 6.309152 2.501380 1.172495 6.289459 2.515336 1.233182 -5.305580 -0.397567 0.385769 -24.945200 -0.931930 -2.363512 -0.000000 0.000001 -0.000000 1.043007 -4.733947 2.207752 11.824921 -19.620842 -61.766398 3.582057 -105.396738 3.724091 -4.402922 5.958271 17.947493 6.231409 13.455962 -6.923550 3.940432 9.746516 -5.407898 0.073443 4.066028 -2.504553 0.000003 0.000001 0.000003 -1.786150 -1.826033 -41.957125 7.386359 8.012232 -45.646260 4.412590 6.108108 -31.343625 0.000003 -0.000002 -0.000000 2.049965 2.498245 -44.737975 2.511220 8.286974 -36.751742 2.561578 7.850896 -40.517997 0.000000 0.000001 0.000000 0.165652 0.870187 -52.313833 -0.594413 7.621622 -31.516900 -0.311508 7.924125 -33.566210 -0.000005 0.000004 -0.000001 3.277212 3.978768 -49.723692 -1.043558 4.548552 -35.557077 -1.431537 7.954126 -34.217759 0.000003 0.000001 -0.000001 2.040537 4.579900 5.482091 -15.417125 24.500660 49.470329 1.526139 122.822115 -1.832129 -10.345957 -3.636258 -14.444136 0.506123 -20.062473 4.793180 3.431355 0.609160 5.067699 -1.412038 2.653970 0.540823 -0.000002 0.000000 0.000001 7.612775 -7.676325 49.216311 4.950716 -5.835680 31.973273 7.014033 -6.546454 43.330792 -0.000002 0.000002 -0.000002 2.266644 -2.346143 41.651204 2.792613 -7.532254 37.353512 2.612543 -7.043971 34.455610 0.000001 0.000002 -0.000002 2.878312 -3.248768 52.657736 -0.093308 -5.800916 26.904549 0.028563 -6.202843 28.816169 0.000002 -0.000000 0.000001 3.761634 -4.099602 56.881973 -1.487320 -9.161624 39.152478 -1.778993 -8.654894 40.068045 -0.000001 0.000005 0.000000 -29.139004 9.357661 0.885131 45.080635 5.759761 1.670438 -19.366383 -0.050157 -1.520431 -2.767394 0.000004 0.000004 0.000000 -0.000001 0.000000 -23.367109 -5.864023 -2.081502 45.224489 -1.794662 -8.341541 -23.382811 -1.471444 5.921547 -5.764446 0.000011 0.000012 -0.000000 -0.000001 0.000000 
3.386821 95.642242 -1.331593 3.212610 -23.293141 3.467396 4.416859 1.237199 0.379997 6.031459 2.509949 0.843170 6.015352 2.519924 0.907459 -4.779244 -0.449288 0.148739 -25.413553 -1.667899 -1.655033 -0.000001 0.000001 0.000000 1.196253 -5.861546 2.427569 13.268248 -17.738563 -63.095450 3.491431 -105.775513 3.636935 -3.829659 6.639082 17.624009 6.262829 13.489319 -6.946848 3.990611 10.022668 -5.439707 0.093810 4.182071 -2.518706 0.000002 0.000001 -0.000001 -1.682600 -1.570795 -42.600259 7.392833 8.015116 -45.675726 4.422183 6.115757 -31.394172 0.000004 0.000000 0.000001 2.136944 2.634312 -45.445138 2.527912 8.309442 -36.877175 2.555880 7.843361 -40.475797 0.000000 -0.000002 0.000002 0.230192 0.982278 -52.678783 -0.590263 7.642034 -31.606724 -0.312427 7.920596 -33.550415 -0.000004 -0.000001 -0.000001 3.265989 3.990838 -50.221695 -1.029902 4.622830 -35.861461 -1.433542 7.938411 -34.154726 0.000005 0.000001 0.000004 1.956043 4.412210 4.871445 -12.510136 20.939335 51.593845 1.555818 122.324808 -1.856981 -9.420009 -2.895180 -15.089093 0.464578 -19.994127 4.842840 3.431355 0.609153 5.067700 -1.415426 2.672665 0.542107 -0.000000 -0.000001 -0.000001 7.631439 -7.696938 49.173489 4.967647 -5.846586 32.058524 6.990457 -6.536338 43.220399 -0.000002 -0.000002 -0.000001 2.302211 -2.383125 41.450297 2.811356 -7.554602 37.491926 2.604857 -7.034271 34.396839 0.000001 0.000003 -0.000003 2.865226 -3.228383 52.468157 -0.081879 -5.851547 27.145822 0.031280 -6.213114 28.865616 -0.000000 0.000000 -0.000001 3.790361 -4.119235 56.845335 -1.482970 -9.185383 39.255775 -1.779649 -8.650712 40.050409 0.000002 0.000000 0.000001 -29.403988 8.936310 1.236365 46.925800 5.056503 1.805334 -20.461015 0.055612 -2.613316 -1.452029 0.000006 0.000004 0.000000 -0.000001 -0.000000 -23.222010 -6.411707 -2.277908 46.947548 -2.441215 -7.854973 -25.913272 -1.169268 4.433693 -4.205366 -0.000000 0.000003 -0.000000 0.000004 0.000000 
2.953559 95.534096 -1.018584 2.641349 -22.578818 3.186536 4.205159 1.310686 0.191217 5.609512 2.634880 0.617151 5.595693 2.641065 0.686206 -4.199647 -0.497304 -0.211929 -25.798864 -2.449008 -1.121362 -0.000001 -0.000001 -0.000001 1.329057 -6.833623 2.611235 15.307238 -15.753413 -64.877891 3.268865 -106.789297 3.423608 -3.451837 7.057077 17.655935 6.270881 13.512917 -6.898291 3.992984 10.035632 -5.441213 0.136160 4.421574 -2.547942 0.000001 0.000001 0.000000 -1.602264 -1.334057 -43.320403 7.421935 8.028021 -45.807675 4.434586 6.125586 -31.459486 0.000003 -0.000003 -0.000000 2.141185 2.696775 -46.447107 2.553629 8.343800 -37.069376 2.543130 7.826384 -40.380898 0.000002 0.000001 0.000001 0.287026 1.109453 -53.224994 -0.583057 7.677350 -31.762176 -0.315398 7.909113 -33.498816 0.000002 -0.000002 0.000001 3.257734 4.012853 -50.851394 -1.003888 4.758984 -36.420105 -1.436610 7.914359 -34.058185 0.000002 0.000001 0.000001 1.804854 4.038688 3.874271 -8.731556 16.960075 54.553698 1.592778 121.722837 -1.888121 -8.682615 -1.981225 -15.923558 0.428810 -19.973234 4.769442 3.431352 0.609160 5.067699 -1.418437 2.689243 0.543247 0.000000 -0.000002 0.000002 7.560284 -7.649817 49.030697 4.964473 -5.844525 32.042565 6.970800 -6.527826 43.128171 -0.000001 0.000004 -0.000004 2.269305 -2.334948 41.165212 2.803661 -7.545457 37.435102 2.600072 -7.028224 34.360274 0.000000 -0.000003 0.000003 2.820111 -3.172532 52.119408 -0.081827 -5.851798 27.147087 0.032284 -6.216936 28.883965 0.000002 0.000001 0.000001 3.768581 -4.101037 56.787029 -1.480335 -9.199681 39.318022 -1.780452 -8.645558 40.028532 0.000002 0.000001 0.000003 -28.880451 8.824930 1.311812 47.409238 4.366772 2.033155 -20.962281 0.043521 -2.509992 -1.611595 0.000001 0.000004 -0.000000 -0.000001 -0.000000 -22.439845 -7.344222 -2.595585 47.235433 -2.286831 -7.508818 -26.715785 -1.005362 3.701451 -3.989661 0.000039 0.000008 0.000000 0.000001 -0.000000 
2.537324 96.037048 -0.551385 2.307208 -21.953283 2.911868 3.862206 1.426851 0.114404 5.038332 2.847669 0.520916 5.025290 2.850557 0.594146 -3.685982 -0.545335 -0.625968 -25.952352 -3.221825 -0.754388 0.000000 0.000001 0.000000 1.417452 -7.488911 2.742007 17.988241 -13.989654 -66.839651 2.969430 -108.370431 3.138636 -3.333909 7.100468 18.106191 6.252268 13.520572 -6.785585 3.944993 9.771807 -5.410811 0.191959 4.733674 -2.585989 0.000003 -0.000002 -0.000003 -1.552380 -1.149882 -43.976142 7.464638 8.046792 -46.001146 4.445628 6.134348 -31.517611 0.000003 -0.000002 0.000002 2.063189 2.684501 -47.541255 2.584623 8.384916 -37.299967 2.527038 7.804913 -40.260936 -0.000000 0.000001 0.000004 0.328189 1.233663 -53.873349 -0.574058 7.720742 -31.953288 -0.319800 7.892036 -33.422035 -0.000004 -0.000000 -0.000000 3.251850 4.040338 -51.517361 -0.967896 4.936412 -37.150034 -1.440145 7.886037 -33.944432 0.000002 -0.000002 0.000002 1.617151 3.578567 2.642461 -3.927098 13.026235 58.238332 1.630547 121.128706 -1.920180 -8.237692 -0.919733 -16.839509 0.407067 -20.004427 4.591247 3.431356 0.609162 5.067700 -1.422074 2.709076 0.544629 -0.000002 -0.000001 -0.000001 7.423309 -7.550036 48.833421 4.937509 -5.827158 31.906815 6.952250 -6.519741 43.041062 0.000001 0.000002 0.000001 2.179578 -2.215964 40.872405 2.768873 -7.503750 37.177297 2.598053 -7.025673 34.344708 0.000001 -0.000001 0.000000 2.751221 -3.091040 51.686978 -0.091846 -5.807510 26.936036 0.031207 -6.212805 28.864103 0.000001 -0.000001 0.000001 3.699822 -4.047846 56.718308 -1.478968 -9.207206 39.350735 -1.781444 -8.639325 40.002024 0.000001 -0.000001 0.000003 -27.673034 8.935818 1.193255 46.476097 3.708767 2.403336 -20.399974 -0.050326 -1.649605 -3.230116 0.000002 0.000004 0.000000 -0.000001 -0.000000 -21.090827 -8.569152 -2.880948 46.058541 -1.485231 -7.288351 -25.515299 -1.004839 3.660303 -5.379077 0.000013 0.000006 -0.000000 0.000001 -0.000000 
2.152663 97.130928 0.031598 2.244440 -21.400504 2.633233 3.400168 1.562834 0.156945 4.347750 3.105573 0.547767 4.333707 3.106291 0.622590 -3.345674 -0.594019 -1.022524 -25.746897 -3.944763 -0.509632 -0.000001 -0.000001 0.000001 1.447913 -7.732951 2.803344 21.202873 -12.698047 -68.604469 2.648666 -110.415499 2.836688 -3.413323 6.786065 18.906653 6.209267 13.509155 -6.629884 3.852605 9.256865 -5.351734 0.250037 5.054735 -2.625161 -0.000001 0.000001 0.000001 -1.536215 -1.041489 -44.447053 7.508322 8.065838 -46.198805 4.451110 6.138669 -31.546403 -0.000003 -0.000001 -0.000000 1.912940 2.603335 -48.533050 2.616162 8.426369 -37.533515 2.511036 7.783508 -40.141425 0.000002 0.000000 -0.000003 0.346216 1.335474 -54.520476 -0.564773 7.764597 -32.146777 -0.324952 7.872037 -33.332129 0.000003 -0.000000 0.000003 3.246585 4.066091 -52.106656 -0.926229 5.128559 -37.943084 -1.443643 7.857603 -33.830467 -0.000002 0.000001 -0.000005 1.436322 3.165716 1.419447 1.805449 9.692265 62.276374 1.654991 120.754808 -1.941039 -8.108525 0.189621 -17.637606 0.409919 -20.088138 4.350942 3.431355 0.609157 5.067697 -1.424924 2.724791 0.545700 -0.000002 -0.000003 0.000000 7.257136 -7.423474 48.631203 4.886891 -5.794307 31.651773 6.930338 -6.510200 42.938169 0.000000 0.000002 0.000003 2.051705 -2.049243 40.634298 2.711631 -7.434263 36.749918 2.597565 -7.025097 34.341119 -0.000000 0.000000 -0.000001 2.669306 -2.996078 51.243590 -0.108449 -5.732319 26.578208 0.028009 -6.200816 28.806299 0.000000 -0.000000 0.000000 3.593866 -3.966907 56.649500 -1.477987 -9.212350 39.373148 -1.782521 -8.632374 39.972569 0.000002 0.000003 0.000001 -26.215268 9.012325 1.222642 44.385875 2.743638 2.937695 -16.980579 0.123655 -2.567298 -6.608743 0.000004 0.000004 -0.000000 -0.000001 0.000000 -19.306184 -9.967850 -3.031834 43.522208 -0.232594 -7.148170 -22.080396 -1.136941 4.313686 -8.610393 -0.000001 0.000013 0.000000 0.000001 -0.000000 
1.832637 98.702255 0.665950 2.449296 -20.909239 2.377109 2.855587 1.695441 0.292863 3.594854 3.363873 0.662058 3.577874 3.364208 0.734341 -3.263827 -0.638760 -1.353928 -25.122124 -4.591243 -0.318971 -0.000001 0.000001 -0.000000 1.416042 -7.529205 2.770847 24.718091 -11.983213 -69.783995 2.342635 -112.816987 2.552862 -3.541713 6.248894 19.889337 6.149700 13.479393 -6.463138 3.728847 8.552137 -5.271487 0.299262 5.323687 -2.657981 0.000005 0.000005 0.000000 -1.551176 -1.017562 -44.659291 7.540122 8.079588 -46.342444 4.447788 6.136041 -31.528956 -0.000002 -0.000000 -0.000000 1.708385 2.462426 -49.278254 2.643269 8.461768 -37.733319 2.497422 7.765162 -40.039354 -0.000003 0.000000 0.000001 0.336244 1.397796 -55.059743 -0.556744 7.802031 -32.311975 -0.330222 7.851426 -33.239611 0.000000 -0.000002 0.000002 3.239813 4.081980 -52.509968 -0.884644 5.308532 -38.688490 -1.446698 7.832455 -33.729568 0.000001 -0.000000 -0.000000 1.299601 2.881117 0.465469 8.058143 7.316680 66.070168 1.645806 120.894048 -1.933186 -8.220404 1.183889 -18.124464 0.446058 -20.218854 4.102163 3.431353 0.609158 5.067699 -1.423886 2.719132 0.545314 -0.000001 -0.000001 -0.000001 7.100216 -7.300028 48.464307 4.816743 -5.748256 31.297047 6.900369 -6.497036 42.797238 -0.000000 0.000002 -0.000000 1.906480 -1.861699 40.487090 2.640461 -7.346388 36.213038 2.596874 -7.024173 34.335805 -0.000000 0.000002 -0.000002 2.584758 -2.899278 50.843634 -0.127360 -5.643903 26.158013 0.023166 -6.182312 28.717233 -0.000001 0.000001 -0.000000 3.464073 -3.868206 56.587827 -1.476536 -9.220082 39.406739 -1.783595 -8.625379 39.942912 0.000000 0.000001 -0.000005 -24.420969 9.210289 0.927625 41.069391 2.042071 3.580379 -12.135555 0.192137 -2.985184 -10.219061 0.000009 0.000008 0.000000 -0.000000 -0.000000 -17.129332 -11.471296 -2.897383 39.687719 1.052608 -6.969293 -17.128060 -1.144109 4.476997 -11.539167 0.000001 0.000015 0.000000 -0.000001 -0.000000 
1.591611 100.578041 1.285129 2.884572 -20.466752 2.179019 2.277729 1.804501 0.483719 2.849528 3.585043 0.812971 2.827981 3.587173 0.878004 -3.499954 -0.671876 -1.603658 -24.105179 -5.146008 -0.115723 0.000000 -0.000000 -0.000000 1.323073 -6.878005 2.613875 28.253298 -11.798169 -70.070801 2.068025 -115.473418 2.303086 -3.574125 5.682708 20.865651 6.085272 13.435596 -6.322713 3.590743 7.744054 -5.180224 0.330898 5.495184 -2.678949 0.000003 -0.000000 -0.000001 -1.589256 -1.072318 -44.593967 7.550223 8.083922 -46.388022 4.433984 6.125116 -31.456382 -0.000000 0.000002 -0.000000 1.471734 2.272903 -49.703276 2.661548 8.485453 -37.867423 2.486961 7.751087 -39.960930 0.000000 0.000001 0.000002 0.297785 1.409469 -55.402738 -0.551177 7.827673 -32.425155 -0.335175 7.831824 -33.151617 0.000004 -0.000000 0.000001 3.230031 4.081397 -52.642399 -0.849146 5.454232 -39.293897 -1.449106 7.812369 -33.648961 -0.000001 -0.000001 -0.000000 1.218888 2.725128 -0.030252 14.250370 5.858706 69.009281 1.586016 121.832202 -1.882409 -8.445694 1.885290 -18.207927 0.517629 -20.383421 3.893318 3.431356 0.609160 5.067701 -1.415348 2.672170 0.542061 -0.000000 0.000001 0.000000 6.983081 -7.205516 48.354737 4.734054 -5.693143 30.876922 6.859147 -6.478775 42.603308 0.000000 0.000003 0.000001 1.763019 -1.678864 40.436397 2.565427 -7.251853 35.640306 2.594119 -7.020710 34.314730 0.000000 -0.000001 0.000001 2.505714 -2.809678 50.515816 -0.144819 -5.559338 25.756954 0.017253 -6.159509 28.607537 -0.000000 0.000000 0.000000 3.325170 -3.762709 56.536645 -1.473869 -9.234253 39.468426 -1.784610 -8.618941 39.915684 -0.000002 0.000001 0.000001 -22.395886 9.464941 0.354925 36.633242 1.630384 4.202003 -6.014043 0.188836 -2.930035 -11.174000 -0.000041 0.032886 -0.000000 -0.000001 -0.000000 -14.766799 -12.921594 -2.575339 34.850552 2.316801 -6.613342 -10.712692 -1.071981 4.255062 -14.005634 0.001493 -0.058506 -0.000000 0.000000 -0.000000 
1.429050 102.570824 1.832304 3.484673 -20.050246 2.069552 1.717301 1.878217 0.684526 2.179642 3.742373 0.950790 2.152793 3.748343 1.004446 -4.083090 -0.687368 -1.778670 -22.800631 -5.603053 0.139762 -0.000001 0.000000 0.000000 1.174332 -5.805089 2.308433 31.552971 -11.995766 -69.302576 1.830658 -118.278741 2.092186 -3.444414 5.260234 21.695628 6.028855 13.384484 -6.244324 3.455482 6.928751 -5.088936 0.340647 5.547760 -2.685379 0.000003 0.000002 -0.000002 -1.638945 -1.188630 -44.280407 7.534310 8.077085 -46.316257 4.409719 6.105838 -31.328479 -0.000001 -0.000002 0.000001 1.224974 2.047809 -49.804558 2.667943 8.493720 -37.914325 2.479253 7.740627 -39.902891 0.000002 0.000002 0.000001 0.235825 1.367588 -55.496305 -0.548812 7.838399 -32.472499 -0.339699 7.813864 -33.071117 -0.000000 -0.000001 0.000000 3.217204 4.061340 -52.459200 -0.824433 5.551839 -39.700345 -1.450840 7.797596 -33.589818 0.000002 0.000002 -0.000002 1.178838 2.638627 -0.002545 19.865247 4.959004 70.729273 1.474276 123.726131 -1.789043 -8.690894 2.173770 -17.915709 0.617622 -20.561842 3.754500 3.431353 0.609160 5.067699 -1.396672 2.569535 0.534955 -0.000001 0.000001 0.000000 6.921613 -7.155164 48.302340 4.647048 -5.634164 30.432820 6.806636 -6.455301 42.355789 -0.000000 -0.000000 -0.000000 1.636491 -1.520362 40.459134 2.495743 -7.162274 35.101899 2.588018 -7.012976 34.267988 0.000001 0.000000 -0.000000 2.437265 -2.732689 50.263065 -0.158401 -5.491248 25.434475 0.010882 -6.135014 28.489709 0.000000 0.000001 0.000000 3.191619 -3.661235 56.495558 -1.469740 -9.256209 39.564096 -1.785423 -8.613524 39.892666 0.000001 0.000001 0.000000 -20.482564 9.652919 -0.157796 31.754601 1.570370 4.684733 1.217103 0.139352 -4.252440 -14.992593 -0.087639 1.257479 -0.000000 0.000000 -0.000000 -12.819130 -14.089336 -2.524293 30.043991 3.277188 -6.118562 -3.061802 -1.045650 6.471680 -17.970607 0.185256 -1.963811 -0.000000 0.000005 0.000000 
1.334430 104.528946 2.266984 4.158987 -19.616071 2.067798 1.221157 1.909186 0.845555 1.642040 3.819360 1.039060 1.610460 3.830592 1.078842 -4.998865 -0.684976 -1.894907 -21.361195 -5.966884 0.447965 -0.000002 -0.000001 0.000000 0.980938 -4.367620 1.855343 34.418529 -12.396183 -67.488047 1.631379 -121.105989 1.919913 -3.186317 5.076050 22.308035 5.991835 13.333553 -6.254778 3.337467 6.196609 -5.007544 0.329080 5.485314 -2.677738 0.000000 0.000003 0.000000 -1.688250 -1.342814 -43.780232 7.494428 8.059794 -46.135933 4.376411 6.079215 -31.152629 0.000001 -0.000001 -0.000000 0.986937 1.802589 -49.632208 2.661425 8.485305 -37.866596 2.473149 7.732341 -39.856886 -0.000001 -0.000003 0.000003 0.160285 1.278156 -55.330697 -0.549891 7.833466 -32.450789 -0.343772 7.797577 -32.998099 -0.000000 -0.000001 0.000001 3.203192 4.023571 -51.962966 -0.812860 5.596621 -39.887205 -1.452028 7.787517 -33.549428 -0.000003 0.000000 -0.000002 1.152809 2.547553 0.488719 24.575437 4.207896 71.196253 1.328451 126.514419 -1.670606 -8.970465 2.044257 -17.338060 0.730263 -20.730384 3.691786 3.431355 0.609162 5.067701 -1.367399 2.408679 0.523827 -0.000001 -0.000001 -0.000001 6.914718 -7.150333 48.287303 4.563576 -5.576690 30.004690 6.746428 -6.428034 42.071353 -0.000001 -0.000001 -0.000000 1.536656 -1.397240 40.509927 2.437932 -7.086632 34.650304 2.578217 -7.000523 34.192671 0.000000 0.000000 0.000000 2.381777 -2.670172 50.068162 -0.167355 -5.445250 25.216883 0.004811 -6.111365 28.376038 -0.000000 0.000002 0.000001 3.076218 -3.573327 56.461486 -1.464462 -9.284004 39.685134 -1.786079 -8.609367 39.875037 -0.000001 0.000001 -0.000004 -19.262855 9.696259 -0.173482 27.478435 2.603672 4.951748 8.682478 -0.460932 -9.306280 -15.628113 -0.585454 5.543423 0.000001 -0.000000 -0.000000 -11.557874 -14.919293 -3.028728 25.687370 3.045684 -5.506494 5.012147 -0.503013 12.008932 -19.016462 0.865481 -6.165780 -0.000000 -0.000002 0.000000 
1.285842 106.348938 2.531853 4.797098 -19.105040 2.167169 0.831329 1.893896 0.927527 1.279186 3.808267 1.059865 1.244695 3.825219 1.085604 -6.172388 -0.671327 -1.966537 -19.955359 -6.254499 0.777400 0.000001 0.000000 0.000001 0.761440 -2.670577 1.292122 36.709671 -12.840075 -64.807608 1.469260 -123.806714 1.783949 -2.901544 5.137259 22.680190 5.981842 13.289939 -6.365940 3.246758 5.619656 -4.943747 0.300910 5.332700 -2.659090 0.000002 0.000001 0.000001 -1.727435 -1.509815 -43.169220 7.437791 8.035019 -45.879641 4.336638 6.047235 -30.942034 -0.000002 0.000002 -0.000002 0.772002 1.554482 -49.266650 2.643083 8.461514 -37.731901 2.467479 7.724649 -39.814180 0.000001 -0.000000 0.000001 0.083757 1.155089 -54.937366 -0.554043 7.814447 -32.366760 -0.347492 7.782626 -32.931023 0.000000 0.000001 -0.000004 3.191294 3.974507 -51.201058 -0.814072 5.591985 -39.867855 -1.452777 7.781092 -33.523627 0.000000 -0.000002 -0.000000 1.119530 2.398203 1.301071 28.218933 3.351166 70.597990 1.174716 129.911154 -1.550811 -9.411940 1.613949 -16.562126 0.834803 -20.866365 3.689931 3.431355 0.609159 5.067700 -1.329508 2.200704 0.509347 -0.000000 -0.000003 -0.000000 6.946688 -7.179915 48.277147 4.489704 -5.525038 29.623944 6.685092 -6.399886 41.780984 -0.000000 -0.000001 0.000002 1.467387 -1.311053 40.531097 2.395017 -7.029607 34.311920 2.565305 -6.984102 34.093620 0.000000 0.000000 -0.000000 2.339519 -2.621139 49.902322 -0.172250 -5.419723 25.096167 -0.000418 -6.090833 28.277441 -0.000000 -0.000001 0.000000 2.989049 -3.506379 56.430125 -1.458929 -9.312482 39.809372 -1.786496 -8.606709 39.863737 -0.000001 0.000001 -0.000002 -18.540127 9.867918 -0.493829 24.468570 4.182204 5.008815 12.987020 -0.955157 -11.386556 -11.294779 -0.464206 5.284676 -0.000001 0.000000 0.000000 -11.545846 -15.580128 -3.280235 23.270282 1.633274 -4.890291 9.769768 0.020396 13.895448 -13.603889 0.642160 -5.881717 -0.000001 -0.000000 0.000000 
1.264169 107.994255 2.663825 5.281860 -18.465560 2.299658 0.582498 1.836035 0.946527 1.117145 3.710217 1.012972 1.082270 3.732271 1.026924 -7.461977 -0.657583 -2.003514 -18.737832 -6.493933 1.084748 0.000001 -0.000002 0.000000 0.540423 -0.877499 0.689155 38.339641 -13.218282 -61.590609 1.342031 -126.230324 1.680505 -2.702804 5.392233 22.807952 6.001677 13.259187 -6.571897 3.188878 5.244618 -4.902456 0.263297 5.127510 -2.634040 -0.000000 0.000001 -0.000001 -1.750713 -1.668027 -42.521162 7.374685 8.007032 -45.593340 4.293631 6.012375 -30.713715 -0.000001 0.000000 0.000002 0.589999 1.320663 -48.794581 2.615737 8.425840 -37.530428 2.461538 7.716522 -39.769210 0.000000 0.000001 0.000000 0.018678 1.016970 -54.377188 -0.560522 7.784434 -32.234238 -0.350939 7.768761 -32.868892 -0.000002 -0.000001 -0.000001 3.185611 3.923419 -50.253947 -0.825783 5.546604 -39.678567 -1.453203 7.777379 -33.508771 0.000000 0.000000 0.000000 1.068736 2.169698 2.260320 30.735605 2.339557 69.193136 1.034748 133.486185 -1.447338 -10.179827 1.072389 -15.654510 0.911085 -20.953110 3.721942 3.431357 0.609163 5.067699 -1.286963 1.967160 0.493040 -0.000000 0.000003 0.000000 6.993069 -7.225280 48.236780 4.428951 -5.482011 29.309479 6.630489 -6.374527 41.521850 -0.000001 0.000003 -0.000002 1.426678 -1.255621 40.465002 2.366606 -6.991477 34.086404 2.550789 -6.965532 33.981714 0.000001 -0.000001 -0.000002 2.309288 -2.583075 49.734279 -0.174556 -5.407517 25.038483 -0.004371 -6.075216 28.202462 0.000000 0.000001 0.000001 2.936336 -3.465020 56.397463 -1.454602 -9.334789 39.906661 -1.786623 -8.605848 39.860055 -0.000002 -0.000001 0.000003 -18.330278 10.036807 -0.690656 22.561257 6.019451 4.845716 15.907065 -1.431299 -13.082434 -5.300006 -0.181929 3.332299 -0.000002 -0.000000 -0.000001 -11.975181 -15.987526 -3.673419 21.898324 -0.555301 -4.367932 12.889937 0.477591 15.292889 -6.207520 0.232576 -3.579915 0.000001 -0.000000 0.000001 
1.253550 109.444206 2.676040 5.514384 -17.673104 2.415119 0.497598 1.742881 0.910509 1.160646 3.536228 0.911525 1.127831 3.561934 0.917774 -8.679817 -0.655118 -2.014786 -17.820324 -6.718565 1.335745 -0.000001 -0.000000 -0.000000 0.343573 0.800435 0.132883 39.278792 -13.474726 -58.259922 1.246605 -128.252279 1.605189 -2.664438 5.771443 22.690959 6.049305 13.244889 -6.849862 3.165474 5.091425 -4.885591 0.223890 4.910709 -2.607581 -0.000000 -0.000002 -0.000003 -1.756942 -1.802846 -41.895940 7.315159 7.980303 -45.322724 4.250880 5.977433 -30.486061 -0.000003 0.000001 0.000000 0.446560 1.115802 -48.289468 2.583208 8.383027 -37.289469 2.455126 7.707806 -39.720852 -0.000001 0.000002 -0.000002 -0.025560 0.882805 -53.723379 -0.568445 7.747391 -32.070825 -0.354042 7.756109 -32.812198 -0.000005 -0.000001 -0.000001 3.189935 3.880225 -49.217568 -0.844809 5.471616 -39.366157 -1.453380 7.775857 -33.502703 -0.000000 0.000001 -0.000003 0.998857 1.870334 3.202661 32.154659 1.281850 67.232981 0.920771 136.789387 -1.367921 -11.365103 0.599566 -14.681611 0.945241 -20.982734 3.760925 3.431355 0.609158 5.067699 -1.244428 1.733862 0.476705 0.000000 0.000000 0.000002 7.028700 -7.266471 48.138453 4.382271 -5.448590 29.067004 6.589412 -6.355227 41.326746 -0.000000 -0.000001 0.000003 1.408364 -1.220059 40.267793 2.349773 -6.968744 33.952348 2.536404 -6.947100 33.870744 0.000001 -0.000001 -0.000001 2.289234 -2.552898 49.538580 -0.176171 -5.398983 24.998170 -0.006786 -6.065592 28.156239 -0.000000 0.000001 0.000000 2.919758 -3.450428 56.360774 -1.452745 -9.344211 39.947714 -1.786445 -8.607147 39.865526 -0.000001 -0.000001 0.000001 -18.375068 10.174582 -0.833197 21.739521 7.706505 4.537458 17.329793 -1.748574 -14.177815 -1.150439 0.000001 0.000003 -0.000001 0.000000 -0.000000 -12.538316 -16.171393 -4.091007 21.377524 -3.133045 -4.028348 14.306428 0.743710 16.144124 -2.106320 -0.000004 0.000001 -0.000000 0.000005 0.000000 
1.244510 110.679741 2.587828 5.444144 -16.742725 2.481413 0.576747 1.625777 0.833807 1.386432 3.307435 0.776353 1.357359 3.334927 0.779588 -9.640413 -0.671705 -2.010815 -17.244252 -6.959208 1.517062 0.000001 0.000000 0.000000 0.192149 2.142499 -0.296045 39.561122 -13.587851 -55.245958 1.179424 -129.792992 1.553447 -2.802044 6.218336 22.336517 6.118804 13.248682 -7.164719 3.175181 5.155069 -4.892570 0.189227 4.718565 -2.584117 0.000001 0.000001 -0.000000 -1.748762 -1.908527 -41.330783 7.266386 7.958117 -45.100620 4.211588 5.945053 -30.276046 -0.000001 -0.000000 0.000000 0.343557 0.949407 -47.798299 2.549242 8.337973 -37.036626 2.448596 7.698937 -39.671610 -0.000001 0.000002 0.000000 -0.044313 0.767796 -53.043164 -0.576864 7.707235 -31.893862 -0.356769 7.745066 -32.762696 0.000001 0.000002 0.000001 3.206733 3.852922 -48.183757 -0.867861 5.378263 -38.977963 -1.453350 7.776181 -33.504011 -0.000000 -0.000001 0.000000 0.914448 1.531123 4.001048 32.623968 0.365265 64.960611 0.837211 139.462614 -1.312941 -12.910612 0.296434 -13.726501 0.933243 -20.956653 3.789474 3.431354 0.609162 5.067700 -1.206074 1.523698 0.461922 -0.000000 -0.000001 -0.000000 7.034895 -7.288085 47.969501 4.348525 -5.424263 28.891369 6.565905 -6.344116 41.214898 -0.000000 -0.000001 0.000001 1.404003 -1.193045 39.921462 2.340349 -6.955946 33.876984 2.523851 -6.930928 33.773571 0.000001 0.000001 -0.000001 2.277138 -2.527903 49.301234 -0.178768 -5.385179 24.932943 -0.007641 -6.062195 28.140007 -0.000000 0.000001 0.000000 2.936207 -3.460325 56.319267 -1.454311 -9.336250 39.913040 -1.785857 -8.610854 39.881259 -0.000001 0.000001 -0.000001 -18.424048 10.228223 -1.013917 21.905663 7.751857 4.212325 17.473956 -0.803366 -14.990385 -1.020679 0.000000 0.000002 0.000000 0.000000 0.000000 -12.997170 -16.184922 -4.441955 21.445431 -5.626253 -3.893735 14.346298 0.798580 16.522516 -2.187191 0.000010 0.000001 0.000001 0.000002 0.000003 
1.231199 111.683670 2.425281 5.089465 -15.726213 2.495057 0.789682 1.498564 0.730712 1.740665 3.052904 0.630301 1.715909 3.080479 0.634487 -10.215514 -0.709980 -2.001609 -16.967810 -7.236545 1.636251 0.000001 0.000003 0.000000 0.099859 2.972070 -0.544433 39.287904 -13.549773 -52.899224 1.137082 -130.818039 1.521489 -3.083478 6.702307 21.772160 6.201951 13.270245 -7.476240 3.214207 5.409427 -4.920558 0.163990 4.577723 -2.566969 -0.000000 0.000004 -0.000003 -1.731217 -1.988072 -40.836366 7.231028 7.941924 -44.939301 4.178035 5.917194 -30.096262 0.000001 0.000001 0.000001 0.279217 0.823853 -47.336718 2.516829 8.294535 -36.793891 2.442459 7.690537 -39.625100 0.000002 -0.000002 -0.000000 -0.038139 0.679776 -52.384313 -0.585159 7.667092 -31.717052 -0.358991 7.736018 -32.722210 -0.000003 0.000002 -0.000002 3.236359 3.845608 -47.223812 -0.892167 5.276712 -38.556466 -1.453147 7.777927 -33.511029 -0.000000 -0.000000 0.000004 0.825493 1.201404 4.581068 32.419623 -0.232721 62.633333 0.783525 141.299907 -1.279271 -14.614918 0.164333 -12.883533 0.880890 -20.884092 3.803393 3.431353 0.609162 5.067700 -1.174594 1.351181 0.449748 -0.000001 -0.000003 -0.000000 7.004203 -7.282556 47.735799 4.325279 -5.407427 28.770201 6.560110 -6.341356 41.187315 0.000000 -0.000001 -0.000001 1.405508 -1.165804 39.440340 2.334073 -6.947402 33.826819 2.514219 -6.918495 33.698914 0.000000 -0.000001 -0.000000 2.270757 -2.506106 49.021815 -0.183387 -5.360370 24.815780 -0.007091 -6.064423 28.150666 -0.000000 0.000002 -0.000000 2.978277 -3.489369 56.273980 -1.459399 -9.310181 39.799256 -1.784933 -8.616945 39.907088 -0.000003 -0.000000 -0.000001 -18.379551 10.153879 -1.281037 22.632482 7.694842 3.965555 16.884957 -0.354993 -15.069211 -1.227349 -0.000001 0.000010 -0.000000 -0.000000 0.000001 -13.247882 -16.091982 -4.690445 21.876056 -7.573006 -3.925991 13.570324 0.709278 16.593820 -2.266514 -0.000008 -0.000001 -0.000000 0.000005 0.000000 
1.210943 112.447998 2.226278 4.535489 -14.698002 2.467721 1.077812 1.376117 0.620394 2.145795 2.805097 0.493297 2.124930 2.831750 0.500769 -10.367606 -0.768610 -1.991956 -16.880681 -7.557473 1.713059 -0.000001 -0.000000 -0.000000 0.072030 3.204941 -0.593175 38.621971 -13.363257 -51.429911 1.116733 -131.326397 1.506329 -3.454843 7.215782 21.050418 6.289526 13.307415 -7.747289 3.276706 5.811473 -4.964935 0.150770 4.503711 -2.557924 0.000001 0.000001 0.000002 -1.709745 -2.050954 -40.397379 7.206993 7.930830 -44.829667 4.151195 5.894818 -29.952220 0.000000 -0.000001 0.000003 0.248206 0.733985 -46.891684 2.487632 8.255105 -36.574027 2.437032 7.683042 -39.583760 0.000001 0.000001 0.000000 -0.011974 0.618493 -51.768521 -0.592924 7.628897 -31.548801 -0.360684 7.729063 -32.691092 -0.000002 0.000003 -0.000002 3.276739 3.857754 -46.378238 -0.915632 5.175572 -38.137516 -1.452861 7.780344 -33.520642 -0.000000 -0.000002 -0.000002 0.746218 0.940601 4.925368 31.892493 -0.418032 60.510517 0.756777 142.252486 -1.263004 -16.209709 0.132111 -12.237541 0.801276 -20.779341 3.809038 3.431354 0.609161 5.067702 -1.150736 1.220448 0.440506 -0.000002 0.000001 0.000000 6.940648 -7.250876 47.459201 4.309523 -5.395951 28.687925 6.568640 -6.345425 41.227906 -0.000001 0.000000 -0.000001 1.407041 -1.134234 38.869514 2.327691 -6.938771 33.775842 2.507905 -6.910281 33.649743 0.000001 -0.000000 -0.000000 2.267984 -2.486344 48.712482 -0.190234 -5.323110 24.639925 -0.005467 -6.070822 28.181378 -0.000001 0.000002 0.000000 3.035771 -3.530015 56.227234 -1.467272 -9.269125 39.620319 -1.783685 -8.624897 39.940925 -0.000000 -0.000000 -0.000002 -18.216560 9.948644 -1.635424 23.637324 7.751423 3.854956 16.058050 -0.791592 -14.613999 -1.703158 -0.000002 -0.000000 -0.000001 0.000000 0.000001 -13.304137 -15.950361 -4.837475 22.515211 -8.596567 -4.052949 12.544063 0.568070 16.565254 -2.344107 -0.000012 0.000005 -0.000003 0.000003 0.000001 
1.183017 112.975273 2.033077 3.907773 -13.734711 2.414591 1.368104 1.271908 0.522415 2.517313 2.593950 0.379095 2.499253 2.619578 0.390428 -10.146774 -0.844382 -1.979219 -16.845514 -7.917428 1.768488 0.000000 -0.000001 -0.000001 0.105268 2.871387 -0.459798 37.760861 -13.055720 -50.886549 1.116240 -131.338145 1.505957 -3.863099 7.763683 20.240893 6.373103 13.356778 -7.950679 3.355039 6.306772 -5.019748 0.150409 4.501579 -2.557676 0.000001 0.000004 -0.000000 -1.688602 -2.109600 -39.979423 7.189013 7.922499 -44.747513 4.130594 5.877534 -29.841346 -0.000003 -0.000000 0.000001 0.242511 0.668669 -46.431646 2.462000 8.220195 -36.380098 2.432246 7.676497 -39.547553 0.000001 -0.000003 0.000006 0.026545 0.576839 -51.193357 -0.600114 7.593200 -31.391836 -0.361986 7.723715 -32.667128 -0.000001 0.000002 -0.000004 3.323610 3.884745 -45.654900 -0.936630 5.081772 -37.749701 -1.452636 7.782196 -33.528039 0.000000 -0.000001 0.000001 0.691335 0.800786 5.069134 31.368142 -0.202046 58.797861 0.752805 142.395032 -1.260619 -17.462849 0.101302 -11.840054 0.710102 -20.659070 3.816437 3.431354 0.609163 5.067699 -1.133572 1.126452 0.433859 -0.000003 0.000000 0.000002 6.856508 -7.200617 47.170950 4.298264 -5.387710 28.629018 6.585750 -6.353531 41.309326 -0.000000 -0.000001 -0.000000 1.406003 -1.098930 38.274273 2.319462 -6.927501 33.709743 2.504498 -6.905876 33.623351 0.000001 -0.000001 -0.000000 2.266993 -2.468112 48.394011 -0.198721 -5.276050 24.417837 -0.003292 -6.079462 28.222857 0.000000 0.000001 -0.000001 3.097490 -3.574065 56.182039 -1.476659 -9.219312 39.403501 -1.782300 -8.633852 39.978805 -0.000001 -0.000001 -0.000002 -17.961801 9.650145 -2.036381 24.732842 7.394627 3.880271 15.334709 -1.600029 -14.138562 -2.297652 0.000001 0.000004 -0.000000 0.000000 0.000000 -13.253830 -15.796617 -4.893114 23.276492 -8.477043 -4.198779 11.650028 0.439684 16.609721 -2.419710 0.000013 -0.000003 -0.000000 0.000003 -0.000001 
1.145817 113.272575 1.881683 3.333254 -12.894770 2.343966 1.593232 1.195691 0.453713 2.784557 2.440997 0.294411 2.768007 2.466254 0.308887 -9.658984 -0.933485 -1.957010 -16.745860 -8.306494 1.817689 0.000000 0.000001 -0.000000 0.187478 2.104258 -0.189806 36.886058 -12.692449 -51.168465 1.134175 -130.889661 1.519308 -4.264902 8.351821 19.413527 6.446300 13.413766 -8.074090 3.440412 6.836387 -5.078638 0.162278 4.568133 -2.565792 -0.000000 0.000002 -0.000004 -1.669930 -2.175161 -39.541779 7.170841 7.914025 -44.664393 4.114366 5.863892 -29.753936 -0.000000 -0.000000 0.000002 0.252296 0.613996 -45.921629 2.439390 8.189178 -36.208110 2.427783 7.670382 -39.513717 -0.000001 -0.000001 0.000002 0.068824 0.544041 -50.641119 -0.606711 7.559711 -31.244649 -0.363152 7.718920 -32.645675 -0.000001 0.000000 -0.000000 3.371454 3.919375 -45.035235 -0.954408 5.000092 -37.412614 -1.452648 7.782176 -33.527961 0.000002 -0.000000 0.000000 0.670207 0.805132 5.081437 31.059828 0.335823 57.590413 0.767249 141.877058 -1.269312 -18.250337 -0.016654 -11.695230 0.621440 -20.539147 3.831699 3.431355 0.609165 5.067700 -1.121222 1.058911 0.429053 -0.000002 0.000002 0.000001 6.767014 -7.142520 46.902755 4.288990 -5.380940 28.580573 6.605076 -6.362595 41.401188 -0.000001 0.000001 -0.000001 1.402365 -1.063600 37.723159 2.309070 -6.913291 33.626179 2.503175 -6.904144 33.613082 0.000001 -0.000000 0.000002 2.266553 -2.451553 48.091256 -0.207826 -5.224350 24.174218 -0.001054 -6.088306 28.265292 0.000001 0.000001 0.000001 3.153355 -3.614065 56.141508 -1.486092 -9.168282 39.181448 -1.780948 -8.642519 40.015599 -0.000001 -0.000002 0.000007 -17.675828 9.310836 -2.425603 25.849773 5.587875 4.009004 14.842344 -1.558877 -14.201502 -2.822064 0.000001 -0.000001 0.000000 -0.000000 -0.000000 -13.196046 -15.648807 -4.832500 24.108758 -7.217618 -4.312806 11.013730 0.343546 16.793581 -2.493166 -0.000015 0.000004 0.000001 0.000001 -0.000001 
1.107808 113.343155 1.792231 2.904569 -12.204876 2.271286 1.709677 1.151056 0.409125 2.907388 2.355075 0.240243 2.891160 2.380910 0.256504 -9.026733 -1.031406 -1.922652 -16.516886 -8.714915 1.869260 -0.000001 -0.000002 -0.000000 0.299359 1.099222 0.153097 36.112122 -12.367861 -52.067355 1.169233 -130.035669 1.545723 -4.625760 8.978004 18.623096 6.505762 13.473650 -8.121384 3.524092 7.345381 -5.135492 0.184746 4.693553 -2.581086 0.000003 0.000004 0.000003 -1.653480 -2.254160 -39.052877 7.147813 7.903294 -44.559007 4.100002 5.851786 -29.676612 -0.000001 -0.000002 0.000005 0.267969 0.557299 -45.338936 2.418759 8.160751 -36.050961 2.423146 7.663983 -39.478405 0.000002 -0.000002 0.000002 0.107581 0.509601 -50.090924 -0.612956 7.527695 -31.104002 -0.364499 7.713447 -32.621178 -0.000000 -0.000001 0.000001 3.414748 3.954150 -44.486006 -0.968731 4.932464 -37.133775 -1.452992 7.779293 -33.516387 0.000000 -0.000003 -0.000000 0.681749 0.934911 5.041270 31.038333 1.108248 56.860304 0.795722 140.874591 -1.286810 -18.568301 -0.276223 -11.762289 0.544106 -20.432128 3.852074 3.431354 0.609160 5.067701 -1.111794 1.007299 0.425398 -0.000001 0.000000 0.000001 6.685181 -7.086528 46.678770 4.280033 -5.374375 28.533677 6.621261 -6.370199 41.478100 -0.000000 -0.000001 0.000003 1.397687 -1.032819 37.270344 2.297325 -6.897127 33.531550 2.502910 -6.903814 33.611009 0.000001 -0.000000 0.000002 2.265998 -2.437240 47.828331 -0.216450 -5.174020 23.937260 0.000795 -6.095627 28.300457 0.000000 0.000002 -0.000000 3.196111 -3.644618 56.108515 -1.494341 -9.122661 38.983124 -1.779810 -8.649788 40.046465 -0.000000 -0.000001 0.000003 -17.431198 8.978445 -2.779393 26.799598 3.656876 4.181272 14.617631 -1.574265 -14.541065 -3.135927 0.000006 0.000008 -0.000002 -0.000000 -0.000001 -13.247446 -15.454239 -4.770438 24.905161 -5.037864 -4.381136 10.683632 0.294714 17.208699 -2.564222 0.000014 -0.000001 -0.000001 -0.000001 0.000001 
1.066391 113.188210 1.768938 2.659814 -11.657906 2.194991 1.705671 1.135664 0.387453 2.882322 2.331061 0.214166 2.865523 2.358239 0.230711 -8.359095 -1.132287 -1.882760 -16.148145 -9.134692 1.928981 0.000000 0.000001 0.000001 0.418264 0.062358 0.500248 35.468988 -12.174404 -53.328925 1.219945 -128.851587 1.584505 -4.917521 9.627963 17.900995 6.551418 13.532040 -8.110574 3.598664 7.790971 -5.185530 0.215203 4.862749 -2.601708 -0.000003 0.000002 0.000003 -1.637700 -2.346341 -38.504013 7.118569 7.889546 -44.425073 4.085313 5.839347 -29.597255 -0.000002 -0.000000 -0.000001 0.281903 0.490854 -44.685655 2.399453 8.133928 -35.902862 2.417895 7.656775 -39.438602 0.000004 -0.000000 -0.000000 0.138129 0.466740 -49.530671 -0.618934 7.496713 -30.967945 -0.366203 7.706350 -32.589459 0.000001 -0.000002 0.000000 3.449362 3.983357 -43.973605 -0.980136 4.877365 -36.906890 -1.453678 7.773350 -33.492618 0.000000 -0.000001 0.000002 0.713875 1.134714 5.013194 31.257763 2.057848 56.495384 0.834548 139.552130 -1.311258 -18.498432 -0.684338 -11.973947 0.480797 -20.345392 3.866283 3.431355 0.609161 5.067700 -1.104094 0.965146 0.422386 -0.000000 -0.000002 0.000003 6.618824 -7.039215 46.510942 4.270653 -5.367498 28.484551 6.631171 -6.374832 41.525153 -0.000001 0.000001 0.000001 1.393616 -1.009924 36.943189 2.285523 -6.880915 33.436522 2.502857 -6.903751 33.610579 0.000001 -0.000001 0.000001 2.265470 -2.426236 47.625065 -0.223809 -5.130092 23.730490 0.002014 -6.100428 28.323516 0.000000 0.000000 0.000001 3.222498 -3.663398 56.085391 -1.500739 -9.086626 38.826562 -1.778999 -8.654934 40.068328 0.000000 -0.000001 0.000001 -17.265448 8.669404 -3.087818 27.523282 1.998292 4.370560 14.594475 -1.630187 -15.046697 -3.213269 0.000004 0.000006 0.000002 0.000001 0.000001 -13.420961 -15.200740 -4.674904 25.589666 -2.347227 -4.419123 10.511412 0.271153 17.779679 -2.632647 -0.000017 0.000006 -0.000003 0.000003 -0.000002 
1.017757 112.807228 1.803305 2.582414 -11.220920 2.109297 1.598490 1.141854 0.384197 2.737009 2.352240 0.212154 2.719113 2.381061 0.227602 -7.736455 -1.229183 -1.852344 -15.666226 -9.558255 2.003702 -0.000003 -0.000002 -0.000001 0.523780 -0.838431 0.787788 34.926025 -12.168525 -54.715836 1.284334 -127.430621 1.634698 -5.120860 10.276896 17.252841 6.585968 13.585325 -8.068379 3.659300 8.148164 -5.225781 0.250282 5.056077 -2.625297 -0.000000 0.000003 0.000002 -1.620654 -2.445179 -37.915268 7.085434 7.873884 -44.273283 4.069140 5.825640 -29.509784 -0.000003 0.000002 -0.000001 0.290164 0.413914 -43.992965 2.381197 8.108488 -35.762717 2.412008 7.648667 -39.393741 0.000001 -0.000001 0.000002 0.159260 0.414319 -48.965599 -0.624509 7.467356 -30.838997 -0.368348 7.697480 -32.549769 -0.000002 -0.000003 0.000001 3.473601 4.004079 -43.477200 -0.989656 4.830626 -36.714589 -1.454615 7.765290 -33.460281 0.000001 -0.000000 -0.000001 0.748541 1.333640 5.035839 31.608500 3.160016 56.355672 0.880878 138.038492 -1.341314 -18.164992 -1.197813 -12.260078 0.428529 -20.280232 3.859535 3.431358 0.609157 5.067697 -1.098147 0.932664 0.420086 -0.000001 -0.000005 0.000001 6.569683 -7.002695 46.398923 4.261170 -5.360526 28.434901 6.634385 -6.376335 41.540401 -0.000001 0.000000 0.000000 1.390958 -0.995648 36.739946 2.275121 -6.866514 33.352275 2.502592 -6.903402 33.608564 0.000001 -0.000001 -0.000001 2.265678 -2.419775 47.494185 -0.229486 -5.095570 23.568150 0.002576 -6.102604 28.334020 -0.000000 0.000000 0.000002 3.233224 -3.670924 56.073644 -1.505176 -9.061262 38.716456 -1.778522 -8.657980 40.081169 -0.000002 -0.000000 0.000000 -17.172135 8.375613 -3.364682 28.005842 0.923765 4.577109 14.681871 -1.701514 -15.540326 -3.143368 0.000003 0.000020 0.000000 0.000001 0.000001 -13.668394 -14.891050 -4.508312 26.093423 0.382554 -4.450535 10.347947 0.248529 18.386709 -2.698249 -0.000001 0.000004 0.000001 -0.000001 -0.000001 
0.958745 112.200279 1.881157 2.617577 -10.848644 2.008138 1.423375 1.158965 0.393398 2.516945 2.395618 0.229125 2.497812 2.425909 0.242328 -7.206277 -1.315549 -1.847662 -15.114217 -9.977092 2.102182 0.000000 -0.000001 0.000000 0.603022 -1.504795 0.972278 34.434228 -12.355543 -56.051538 1.359880 -125.872272 1.694828 -5.231996 10.896224 16.660867 6.613319 13.630946 -8.022617 3.704287 8.410070 -5.255379 0.285954 5.251306 -2.649173 -0.000000 -0.000002 -0.000001 -1.601221 -2.539691 -37.330857 7.053657 7.858766 -44.127335 4.052029 5.811046 -29.417089 0.000001 0.000003 -0.000002 0.292760 0.333139 -43.316459 2.364753 8.085467 -35.636007 2.405764 7.640028 -39.346275 0.000003 -0.000003 0.000002 0.172910 0.357322 -48.420963 -0.629315 7.441816 -30.727051 -0.370730 7.687626 -32.505608 -0.000002 0.000001 -0.000003 3.488281 4.016601 -42.997175 -0.998244 4.787630 -36.537824 -1.455588 7.756972 -33.426990 0.000001 0.000000 -0.000002 0.769200 1.470111 5.121161 31.968758 4.406872 56.315528 0.932985 136.417251 -1.376170 -17.709313 -1.734968 -12.565323 0.381265 -20.232542 3.821057 3.431355 0.609162 5.067700 -1.095175 0.916268 0.418918 -0.000003 0.000000 0.000001 6.534792 -6.975296 46.333865 4.252935 -5.354461 28.391703 6.633004 -6.375701 41.533892 -0.000001 -0.000000 -0.000001 1.389525 -0.988374 36.637773 2.267249 -6.855625 33.288556 2.502249 -6.902922 33.605719 0.000000 -0.000001 0.000000 2.267487 -2.418862 47.439776 -0.233390 -5.071427 23.454656 0.002671 -6.103008 28.335909 -0.000000 -0.000000 0.000002 3.232126 -3.670098 56.073893 -1.507936 -9.045335 38.647369 -1.778241 -8.659648 40.088358 -0.000001 -0.000001 0.000002 -17.107257 8.077506 -3.633469 28.269332 0.580280 4.815561 14.778684 -1.759903 -15.851153 -3.078355 0.000003 0.000012 0.000001 -0.000000 -0.000000 -13.907207 -14.543071 -4.245789 26.382449 2.735699 -4.493529 10.093981 0.207925 18.898816 -2.760760 0.000011 0.000007 -0.000000 0.000003 -0.000001 
0.887740 111.369370 1.988515 2.697103 -10.496665 1.889018 1.220692 1.176098 0.407771 2.270987 2.438088 0.258383 2.250801 2.469390 0.268537 -6.785769 -1.387341 -1.877441 -14.540161 -10.382060 2.232746 -0.000000 -0.000001 0.000000 0.652861 -1.915371 1.033109 33.954926 -12.697628 -57.235059 1.444036 -124.264487 1.763190 -5.267206 11.460911 16.090070 6.636743 13.667236 -7.994106 3.734277 8.583406 -5.275021 0.318232 5.426561 -2.670563 0.000000 -0.000001 0.000002 -1.578967 -2.617753 -36.804884 7.029478 7.847199 -44.016297 4.036086 5.797436 -29.330752 -0.000002 0.000003 -0.000002 0.293192 0.260528 -42.723229 2.351675 8.067023 -35.534800 2.399834 7.631831 -39.300973 -0.000005 -0.000002 0.000001 0.183193 0.305487 -47.938834 -0.632573 7.424342 -30.650433 -0.372942 7.678313 -32.464063 -0.000001 0.000002 -0.000001 3.496177 4.023426 -42.557078 -1.006343 4.746525 -36.368951 -1.456260 7.750818 -33.402395 -0.000001 -0.000000 -0.000003 0.766081 1.508107 5.266427 32.237414 5.791361 56.280605 0.990325 134.729388 -1.415811 -17.280869 -2.199169 -12.855177 0.332768 -20.194535 3.749750 3.431351 0.609162 5.067701 -1.096926 0.925958 0.419588 0.000001 -0.000005 -0.000001 6.508968 -6.953206 46.304270 4.248063 -5.350860 28.366066 6.630906 -6.374701 41.523865 -0.000001 -0.000000 0.000001 1.388518 -0.985400 36.607977 2.262986 -6.849657 33.253746 2.502231 -6.902946 33.605828 0.000000 -0.000000 0.000001 2.271448 -2.423790 47.456947 -0.235683 -5.057248 23.387988 0.002710 -6.103098 28.336339 0.000001 0.000001 -0.000002 3.224330 -3.664798 56.085559 -1.509382 -9.036958 38.610878 -1.777960 -8.661427 40.095932 -0.000001 0.000000 -0.000004 -17.018255 7.759227 -3.912555 28.381868 0.914589 5.096264 14.750535 -1.774738 -15.859238 -3.170907 0.000000 0.000003 0.000001 0.000000 0.000001 -14.059853 -14.175373 -3.880709 26.485768 4.424179 -4.560044 9.684131 0.135535 19.198593 -2.820039 -0.000010 -0.000001 -0.000002 0.000003 0.000000 
0.804559 110.319489 2.113643 2.761409 -10.129289 1.754974 1.026740 1.184490 0.418779 2.041326 2.461069 0.290674 2.020551 2.492836 0.297436 -6.467802 -1.444516 -1.937887 -13.996026 -10.765629 2.400082 -0.000001 0.000001 0.000000 0.678400 -2.111703 0.975880 33.461991 -13.136083 -58.231673 1.535015 -122.662766 1.838591 -5.259682 11.952598 15.499513 6.657399 13.693224 -7.991052 3.751257 8.681100 -5.286113 0.343776 5.564619 -2.687429 -0.000000 0.000005 -0.000002 -1.553710 -2.669103 -36.383031 7.018573 7.841960 -43.966133 4.024406 5.787444 -29.267408 0.000001 -0.000004 -0.000001 0.296907 0.210079 -42.274650 2.344027 8.056223 -35.475569 2.394839 7.624909 -39.262830 -0.000001 -0.000001 0.000003 0.195079 0.270646 -47.568436 -0.633246 7.420628 -30.634160 -0.374607 7.671431 -32.433235 0.000001 0.000000 -0.000000 3.500966 4.028130 -42.196905 -1.013284 4.710671 -36.221692 -1.456466 7.749113 -33.395513 0.000002 -0.000002 -0.000004 0.737344 1.440900 5.465645 32.344532 7.302679 56.187861 1.053415 132.979958 -1.460774 -17.023871 -2.505606 -13.114295 0.278966 -20.157369 3.655538 3.431353 0.609161 5.067699 -1.105184 0.971096 0.422829 -0.000001 -0.000003 0.000005 6.486928 -6.932282 46.301135 4.249008 -5.351555 28.371004 6.632379 -6.375426 41.531034 0.000000 0.000000 -0.000001 1.387211 -0.984674 36.630684 2.263223 -6.850005 33.255836 2.503281 -6.904276 33.613871 0.000000 0.000001 -0.000005 2.277413 -2.433768 47.533236 -0.236469 -5.052245 23.364506 0.003091 -6.104594 28.343613 -0.000001 0.000000 -0.000001 3.214410 -3.658391 56.107081 -1.509687 -9.035154 38.603112 -1.777395 -8.665024 40.111106 -0.000001 -0.000001 0.000004 -16.877059 7.419114 -4.205961 28.471936 1.694398 5.408422 14.400202 -1.712850 -15.498109 -3.530661 0.000001 -0.000003 -0.000001 0.000001 0.000000 -14.087680 -13.788377 -3.417291 26.511699 5.305699 -4.662876 9.032345 0.016317 19.192849 -2.875810 0.000008 0.000003 -0.000000 0.000003 0.000001 
0.709829 109.060974 2.244806 2.770634 -9.721207 1.615660 0.870981 1.178520 0.416284 1.860430 2.452309 0.313659 1.839730 2.483984 0.317287 -6.229263 -1.491018 -2.014326 -13.540394 -11.124731 2.603430 -0.000000 0.000002 0.000000 0.689157 -2.172466 0.828359 32.927321 -13.616204 -59.052204 1.633449 -121.074215 1.921685 -5.245961 12.355952 14.858872 6.674046 13.708842 -8.008181 3.757311 8.715794 -5.290062 0.360868 5.656546 -2.698649 0.000003 0.000001 0.000001 -1.524504 -2.687352 -36.088110 7.024497 7.844803 -43.993337 4.019916 5.783577 -29.242973 -0.000001 0.000005 -0.000000 0.309635 0.193823 -42.010762 2.343942 8.056083 -35.474862 2.391265 7.619908 -39.235339 0.000002 -0.000000 0.000002 0.213172 0.263514 -47.352503 -0.630284 7.436603 -30.704238 -0.375335 7.668380 -32.419571 -0.000003 0.000001 -0.000001 3.506249 4.034139 -41.959754 -1.017537 4.688404 -36.130376 -1.455998 7.753278 -33.412240 -0.000003 0.000002 -0.000004 0.687495 1.285881 5.715843 32.245685 8.932308 56.004105 1.124153 131.145383 -1.512716 -17.045169 -2.602150 -13.340634 0.218644 -20.113632 3.554947 3.431353 0.609158 5.067699 -1.120843 1.056784 0.428902 0.000001 -0.000002 0.000001 6.464825 -6.909286 46.320372 4.257960 -5.358162 28.418040 6.641145 -6.379499 41.572510 -0.000000 -0.000001 -0.000000 1.385503 -0.985820 36.702076 2.268945 -6.857984 33.302353 2.505856 -6.907614 33.633860 0.000001 0.000000 0.000001 2.284445 -2.446968 47.652044 -0.235857 -5.056003 23.382225 0.004218 -6.109021 28.364782 0.000000 -0.000000 -0.000001 3.204928 -3.652696 56.136225 -1.508712 -9.040867 38.628032 -1.776330 -8.671856 40.140096 -0.000002 -0.000000 -0.000003 -16.701165 7.073845 -4.502549 28.731461 2.591379 5.708737 13.466049 -1.543061 -14.725123 -4.194902 0.000001 0.000000 -0.000001 -0.000000 -0.000000 -14.013374 -13.353281 -2.862600 26.651907 5.361429 -4.819210 7.986835 -0.170757 18.808823 -2.927898 0.000011 0.000010 -0.000001 -0.000001 0.000000 
0.604813 107.611000 2.366724 2.703604 -9.255126 1.486546 0.777632 1.155487 0.389083 1.752982 2.405308 0.312628 1.733167 2.436236 0.314019 -6.040284 -1.533316 -2.088217 -13.236063 -11.463193 2.836976 0.000001 -0.000001 0.000000 0.695632 -2.188591 0.635564 32.305760 -14.106076 -59.734574 1.743718 -119.451976 2.016418 -5.244909 12.652655 14.162610 6.684146 13.714825 -8.031402 3.754113 8.697389 -5.287976 0.369551 5.703132 -2.704361 0.000000 -0.000001 -0.000000 -1.489621 -2.670822 -35.915433 7.048099 7.856100 -44.101780 4.024343 5.787397 -29.267128 0.000001 -0.000003 0.000001 0.335736 0.218224 -41.940876 2.352897 8.068728 -35.544175 2.389144 7.616977 -39.219230 -0.000001 -0.000002 0.000003 0.240661 0.290561 -47.314110 -0.622779 7.476545 -30.879374 -0.375017 7.669731 -32.425722 0.000000 0.000001 -0.000002 3.514585 4.043679 -41.875692 -1.017272 4.689931 -36.136519 -1.454786 7.763712 -33.454024 -0.000000 -0.000001 -0.000004 0.625569 1.077578 6.009707 31.911993 10.685759 55.732308 1.205977 129.178575 -1.574652 -17.365216 -2.477555 -13.541014 0.152795 -20.058966 3.464360 3.431355 0.609155 5.067702 -1.143744 1.182221 0.437799 -0.000001 -0.000001 0.000000 6.440673 -6.882353 46.362037 4.276282 -5.371622 28.513986 6.659065 -6.387823 41.657505 0.000000 -0.000000 -0.000001 1.383877 -0.990142 36.831027 2.280859 -6.874444 33.398706 2.510161 -6.913248 33.667478 0.000001 0.000001 -0.000003 2.291159 -2.461164 47.796994 -0.233883 -5.068559 23.441126 0.006292 -6.117135 28.403803 0.000001 0.000001 -0.000003 3.196162 -3.647872 56.170748 -1.506033 -9.056324 38.694996 -1.774592 -8.682729 40.186326 -0.000001 -0.000001 0.000000 -16.561202 6.755697 -4.780878 29.402253 3.306333 5.921972 11.664059 -1.250378 -13.481966 -6.750495 -0.049479 1.718290 -0.000000 -0.000000 -0.000001 -13.912680 -12.819739 -2.227678 27.156071 4.656724 -5.041823 6.329115 -0.446040 17.988463 -3.002474 0.000001 -0.024827 -0.000001 0.000001 0.000002 
0.492021 105.990685 2.453730 2.550393 -8.719250 1.385514 0.767694 1.114978 0.327857 1.738825 2.317986 0.273009 1.720753 2.347373 0.273580 -5.872865 -1.578192 -2.145366 -13.138566 -11.792362 3.091526 0.000000 0.000001 0.000000 0.707367 -2.247148 0.460530 31.532972 -14.603365 -60.336361 1.875336 -117.708311 2.131461 -5.236989 12.819874 13.435651 6.685463 13.712669 -8.045118 3.742988 8.633535 -5.280713 0.371398 5.713036 -2.705569 -0.000002 -0.000003 0.000001 -1.447065 -2.622207 -35.839112 7.087736 7.874980 -44.283801 4.037922 5.799012 -29.340778 0.000002 0.000001 0.000001 0.377293 0.282920 -42.044896 2.371210 8.094517 -35.685850 2.388296 7.615824 -39.212744 0.000000 0.000003 0.000001 0.278964 0.352508 -47.450308 -0.610268 7.541551 -31.164743 -0.373688 7.675266 -32.450403 0.000001 -0.000002 0.000004 3.527156 4.057795 -41.951391 -1.010980 4.722683 -36.271016 -1.452931 7.779746 -33.518245 0.000001 -0.000003 0.000004 0.563330 0.861329 6.322621 31.324320 12.589589 55.423976 1.304137 127.018132 -1.651266 -17.872355 -2.158479 -13.729114 0.083373 -19.992150 3.394158 3.431355 0.609161 5.067697 -1.172810 1.341434 0.449048 0.000001 -0.000001 -0.000000 6.414027 -6.850964 46.427630 4.304010 -5.391926 28.659115 6.686144 -6.400362 41.785991 -0.000000 0.000000 0.000000 1.383200 -0.999513 37.029830 2.299129 -6.899624 33.546133 2.516132 -6.920962 33.713810 0.000001 -0.000001 0.000000 2.296389 -2.474557 47.955540 -0.230428 -5.089817 23.541108 0.009335 -6.129011 28.460879 0.000001 0.000001 0.000001 3.186958 -3.642887 56.208789 -1.501287 -9.083428 38.812673 -1.772174 -8.697723 40.249933 -0.000001 -0.000001 0.000001 -16.571002 6.502200 -5.015348 30.723291 3.683216 5.957894 8.784125 -0.861812 -11.682238 -12.063506 -0.350658 4.548850 0.000001 0.000000 0.000000 -13.974249 -12.139524 -1.532491 28.333563 3.282923 -5.317604 3.867551 -0.805107 16.671245 -8.668191 0.289583 -3.906084 -0.000003 -0.000000 -0.000000 
0.376756 104.223579 2.477920 2.305470 -8.107618 1.321441 0.912370 1.049192 0.209737 1.891716 2.172627 0.153106 1.876616 2.199046 0.155276 -5.704365 -1.634157 -2.180390 -13.395839 -12.152842 3.399240 -0.000000 -0.000001 -0.000000 0.741523 -2.463102 0.422198 30.364402 -15.184224 -60.953715 2.066128 -115.493800 2.301378 -5.104088 12.792983 12.703814 6.677075 13.704287 -8.038479 3.725179 8.530921 -5.269067 0.368660 5.698276 -2.703762 -0.000000 0.000003 -0.000001 -1.395442 -2.546851 -35.824810 7.140292 7.899766 -44.524644 4.059420 5.817352 -29.457209 -0.000000 -0.000002 -0.000002 0.433981 0.381965 -42.284608 2.398209 8.132198 -35.893368 2.388292 7.615796 -39.212724 0.000005 -0.000001 -0.000001 0.327858 0.445049 -47.736373 -0.592810 7.629470 -31.551379 -0.371585 7.684032 -32.489574 -0.000000 -0.000001 0.000001 3.543836 4.076285 -42.170531 -0.997963 4.789023 -36.543537 -1.450547 7.800096 -33.599828 0.000002 0.000003 -0.000003 0.517214 0.697834 6.632317 30.253288 14.810931 55.201951 1.440976 124.329250 -1.761621 -18.297223 -1.640785 -13.984634 0.012039 -19.914625 3.346941 3.431355 0.609160 5.067701 -1.206520 1.526138 0.462091 -0.000002 -0.000001 -0.000001 6.385184 -6.815538 46.517557 4.340178 -5.418222 28.847912 6.720995 -6.416431 41.951111 0.000001 0.000000 0.000002 1.384068 -1.015381 37.305165 2.323362 -6.932837 33.741029 2.523409 -6.930336 33.770149 0.000001 -0.000002 0.000005 2.299411 -2.486088 48.120575 -0.225588 -5.119356 23.680054 0.013206 -6.144060 28.533245 0.000000 0.000000 0.000000 3.175658 -3.636475 56.249173 -1.494293 -9.122902 38.984182 -1.769222 -8.716169 40.328265 -0.000000 -0.000001 -0.000001 -16.850608 6.339215 -5.177810 32.850655 3.749675 5.744164 4.801159 -0.469438 -9.263483 -16.173813 -0.567554 5.782710 -0.000001 -0.000000 -0.000000 -14.360440 -11.307677 -0.809985 30.415396 1.338183 -5.590888 0.509544 -1.198423 14.837980 -13.910401 0.613160 -5.641560 0.000000 0.000002 0.000000 
0.261685 102.343727 2.415025 1.966264 -7.423838 1.307935 1.132375 0.978783 0.076985 2.126207 2.015686 0.005630 2.114206 2.038718 0.010241 -5.524049 -1.700391 -2.198121 -13.779660 -12.529208 3.653057 0.000001 -0.000001 0.000000 0.788567 -2.882039 0.601559 29.024083 -15.801509 -61.706292 2.307764 -113.124824 2.520875 -4.701287 12.628906 12.102037 6.659675 13.691517 -8.007598 3.701860 8.395973 -5.253799 0.363355 5.669944 -2.700305 0.000003 0.000004 -0.000003 -1.334470 -2.451115 -35.842039 7.202272 7.928644 -44.808076 4.086946 5.840725 -29.606001 -0.000001 0.000001 -0.000004 0.503844 0.506765 -42.618417 2.432348 8.179482 -36.154479 2.388732 7.616412 -39.216125 0.000002 0.000003 -0.000003 0.386051 0.561189 -48.137155 -0.570808 7.736126 -32.021115 -0.368946 7.694966 -32.538495 -0.000003 -0.000001 0.000000 3.563726 4.098335 -42.503359 -0.978349 4.886134 -36.942919 -1.447766 7.823424 -33.693350 -0.000000 -0.000001 -0.000003 0.499096 0.651416 6.739245 29.122342 17.184703 55.299677 1.603277 121.555852 -1.897033 -17.918455 -1.152020 -14.252195 -0.060223 -19.828881 3.319150 3.431355 0.609161 5.067702 -1.243391 1.728154 0.476298 -0.000001 -0.000003 -0.000004 6.354866 -6.776994 46.630186 4.383142 -5.449233 29.071635 6.761591 -6.434947 42.143039 -0.000000 -0.000001 0.000003 1.386773 -1.038095 37.654642 2.352768 -6.972797 33.976189 2.531565 -6.940863 33.833359 0.000001 0.000000 -0.000003 2.300153 -2.495607 48.289451 -0.219454 -5.156261 23.853570 0.017737 -6.161444 28.616874 -0.000001 0.000001 -0.000002 3.161159 -3.627756 56.291301 -1.485084 -9.173944 39.206068 -1.765782 -8.737193 40.417515 -0.000001 -0.000000 0.000003 -17.370380 6.360620 -5.530794 35.992706 3.655976 5.276106 -1.634657 -0.113571 -4.156021 -15.967442 -0.230905 3.663526 0.000001 -0.000000 -0.000000 -15.129639 -10.504095 0.253003 33.810792 -1.220439 -5.781361 -5.624400 -1.632964 9.751992 -13.764361 0.211677 -3.361775 -0.000000 -0.000002 -0.000000 
0.154426 100.403519 2.259695 1.536612 -6.686140 1.349965 1.371326 0.910071 -0.053945 2.381464 1.861853 -0.142535 2.372405 1.881483 -0.135382 -5.332943 -1.772056 -2.204800 -14.184779 -12.905354 3.845930 0.000000 -0.000000 -0.000000 0.844024 -3.420518 0.909036 27.649080 -16.396499 -62.569273 2.599058 -110.771393 2.790334 -4.151421 12.394541 11.603325 6.634908 13.675745 -7.954498 3.674086 8.234476 -5.235525 0.356953 5.635499 -2.696093 0.000006 -0.000001 0.000003 -1.265170 -2.340568 -35.871481 7.270793 7.960131 -45.120650 4.118614 5.867459 -29.776872 -0.000002 -0.000001 0.000001 0.584156 0.649050 -43.013075 2.471999 8.233835 -36.455858 2.389338 7.617246 -39.220664 0.000002 0.000000 0.000001 0.451764 0.693910 -48.619223 -0.544792 7.856723 -32.553546 -0.366002 7.707175 -32.593106 -0.000001 0.000001 -0.000001 3.585734 4.122897 -42.918324 -0.952681 5.008080 -37.445508 -1.444757 7.848625 -33.794413 0.000002 -0.000001 -0.000002 0.496607 0.679864 6.689661 28.036426 19.584336 55.661203 1.787852 118.855892 -2.055730 -16.989365 -0.727906 -14.511828 -0.133015 -19.737679 3.304742 3.431351 0.609162 5.067700 -1.282239 1.941285 0.491246 -0.000000 -0.000001 0.000001 6.323617 -6.736298 46.762023 4.431198 -5.483620 29.321155 6.806002 -6.454999 42.352695 -0.000001 -0.000001 0.000004 1.391254 -1.067158 38.067882 2.386323 -7.017988 34.243092 2.540274 -6.952070 33.900742 -0.000000 0.000001 -0.000005 2.298968 -2.503493 48.462009 -0.212182 -5.199184 24.055703 0.022675 -6.180381 28.707992 -0.000000 0.000001 -0.000001 3.143157 -3.616568 56.334864 -1.473807 -9.234635 39.470236 -1.762035 -8.759934 40.514138 0.000002 -0.000001 -0.000002 -18.142364 6.424872 -5.712181 39.562884 3.823277 4.577601 -8.381268 -0.325888 0.440254 -14.908298 -0.002694 0.094359 0.000000 0.000000 -0.000000 -16.034988 -9.735134 1.167887 37.334767 -4.277845 -5.707467 -11.572815 -1.502022 4.764654 -12.467530 0.009502 -0.722958 -0.000000 -0.000001 0.000000 
0.069366 98.370506 2.028742 1.019318 -5.901836 1.451605 1.604963 0.846824 -0.177296 2.631279 1.719192 -0.276372 2.624814 1.735575 -0.266890 -5.127896 -1.848548 -2.197594 -14.566420 -13.268734 3.946948 -0.000000 -0.000001 -0.000000 0.909440 -4.077482 1.338254 26.320394 -16.929464 -63.551632 2.937279 -108.557510 3.108183 -3.480329 12.099447 11.232939 6.604591 13.657746 -7.884466 3.642793 8.051232 -5.214830 0.350001 5.598173 -2.691536 -0.000001 0.000003 -0.000002 -1.189168 -2.219485 -35.905628 7.343870 7.993230 -45.453382 4.153072 5.896373 -29.962271 0.000001 -0.000001 -0.000001 0.672483 0.802756 -43.448531 2.515800 8.293129 -36.786115 2.389953 7.618110 -39.225390 0.000005 -0.000002 0.000002 0.523476 0.837708 -49.157896 -0.515306 7.987213 -33.131089 -0.362882 7.720120 -32.650965 0.000000 0.000002 -0.000002 3.608953 4.149232 -43.390464 -0.921754 5.148366 -38.025022 -1.441522 7.875008 -33.900281 -0.000001 -0.000003 0.000001 0.509214 0.786285 6.448020 27.089727 21.956442 56.284300 1.988492 116.364321 -2.232807 -15.481749 -0.401066 -14.739050 -0.206233 -19.643166 3.298059 3.431355 0.609161 5.067699 -1.322368 2.161472 0.506626 -0.000002 -0.000002 0.000004 6.291872 -6.694300 46.908670 4.482905 -5.520274 29.588902 6.852843 -6.475979 42.573580 -0.000002 -0.000001 0.000004 1.397157 -1.101381 38.530456 2.423111 -7.067007 34.533716 2.549350 -6.963686 33.970557 0.000001 0.000000 0.000003 2.296296 -2.510206 48.638494 -0.203883 -5.246861 24.280199 0.027898 -6.200291 28.803919 0.000000 -0.000000 0.000000 3.122045 -3.603140 56.379718 -1.460818 -9.302760 39.766973 -1.758082 -8.783765 40.615505 -0.000001 -0.000001 0.000001 -20.069729 6.340628 -5.349748 44.863995 4.193053 3.789936 -14.792624 -0.594154 0.662451 -13.145292 0.000011 0.000008 -0.000000 0.000000 -0.000000 -17.910301 -8.896446 1.427470 42.273632 -7.482179 -5.398024 -16.866107 -1.313551 3.147350 -12.129734 -0.000006 0.000020 -0.000000 -0.000000 -0.000000 
0.009322 96.685509 1.853328 0.567671 -5.182774 1.525800 1.806907 0.791536 -0.279640 2.847161 1.594427 -0.381376 2.842807 1.607887 -0.370081 -4.907405 -1.928350 -2.175575 -14.879019 -13.606994 3.936182 0.000001 -0.000000 -0.000000 0.986062 -4.831901 1.859557 25.123440 -17.364404 -64.641948 3.307884 -106.602362 3.460930 -2.738744 11.766610 10.997304 6.570303 13.637917 -7.802993 3.608580 7.849833 -5.192134 0.342581 5.558107 -2.686618 -0.000000 -0.000000 -0.000002 -1.108615 -2.090894 -35.945534 7.420493 8.027367 -45.801159 4.189492 5.926743 -30.157806 -0.000002 0.000000 0.000001 0.766987 0.964108 -43.916412 2.562742 8.355904 -37.137197 2.390556 7.618976 -39.230100 -0.000002 -0.000001 -0.000002 0.600075 0.989114 -49.738889 -0.482719 8.124714 -33.741227 -0.359587 7.733505 -32.710995 -0.000000 0.000001 0.000001 3.632742 4.176816 -43.904299 -0.886299 5.301509 -38.659339 -1.438118 7.902286 -34.009680 -0.000001 0.000002 -0.000002 0.535125 0.960581 6.005912 26.182419 23.984452 57.267919 2.193802 114.198632 -2.417847 -13.467609 -0.185423 -14.909034 -0.279561 -19.546984 3.295692 3.431356 0.609163 5.067699 -1.363281 2.386235 0.522247 0.000001 -0.000001 0.000000 6.259864 -6.651729 47.065659 4.537295 -5.558399 29.869336 6.901354 -6.497471 42.802005 0.000001 0.000000 -0.000001 1.404104 -1.139527 39.027479 2.462352 -7.118709 34.841563 2.558580 -6.975531 34.041919 0.000000 0.000001 -0.000006 2.292466 -2.516160 48.817944 -0.194783 -5.298029 24.521511 0.033351 -6.220915 28.903137 -0.000001 -0.000001 -0.000000 3.098668 -3.588134 56.425439 -1.446409 -9.376228 40.087415 -1.753936 -8.808401 40.720205 -0.000002 0.000000 -0.000002 -21.284620 6.256124 -5.217343 48.741774 4.536502 3.038984 -20.523919 -1.047057 2.159208 -11.698757 0.000010 0.000008 0.000000 0.000000 -0.000000 -19.797032 -8.164396 1.320092 46.934003 -10.037610 -4.922744 -20.800954 -1.399371 3.929193 -12.077970 -0.000002 0.000017 0.000000 0.000000 -0.000000 
-0.037369 95.331490 1.736369 0.183298 -4.534154 1.568289 1.957915 0.746020 -0.353123 3.008094 1.490845 -0.448389 3.005304 1.501804 -0.435986 -4.673483 -2.009328 -2.140644 -15.088451 -13.911674 3.811848 0.000001 -0.000000 -0.000000 1.074077 -5.647413 2.428417 24.123350 -17.684663 -65.804235 3.684803 -104.987575 3.823146 -1.980988 11.425127 10.881422 6.533016 13.616227 -7.714379 3.572048 7.632747 -5.167710 0.334386 5.513922 -2.681259 0.000002 0.000007 0.000000 -1.025521 -1.957154 -35.995818 7.500017 8.062195 -46.161092 4.227552 5.958228 -30.361451 0.000004 -0.000002 0.000002 0.866523 1.131078 -44.415149 2.612138 8.421115 -37.503828 2.391217 7.619882 -39.235103 0.000003 -0.000003 0.000002 0.680866 1.146105 -50.355337 -0.447254 8.267244 -34.375792 -0.356209 7.747350 -32.772894 -0.000002 0.000004 0.000000 3.656819 4.205445 -44.451995 -0.846787 5.463621 -39.332973 -1.434585 7.930285 -34.122037 0.000002 0.000002 -0.000003 0.571940 1.182079 5.384306 25.397903 25.680359 58.504668 2.389268 112.426956 -2.596815 -11.096678 -0.071587 -15.006223 -0.352361 -19.450350 3.296499 3.431351 0.609163 5.067701 -1.404675 2.613505 0.538018 -0.000000 0.000000 0.000001 6.228005 -6.609299 47.228880 4.593516 -5.597426 30.158475 6.951189 -6.519273 43.036076 0.000001 -0.000001 0.000003 1.411874 -1.180442 39.545641 2.503398 -7.172234 35.161483 2.568024 -6.987548 34.114408 0.000002 0.000000 -0.000000 2.287749 -2.521325 48.997643 -0.184985 -5.351726 24.774908 0.038959 -6.242042 29.004989 0.000000 0.000001 -0.000004 3.073960 -3.572203 56.471464 -1.430794 -9.453421 40.424577 -1.749622 -8.833625 40.827575 0.000002 -0.000000 0.000000 -22.100423 6.122148 -5.261279 51.590796 5.056166 2.455379 -25.209299 -1.636097 3.935303 -8.008257 0.000007 0.000008 -0.000000 -0.000000 -0.000000 -21.175024 -7.802580 1.360493 50.567801 -12.268299 -4.354242 -24.388068 -1.214889 3.095441 -10.347899 0.000008 0.000019 -0.000000 0.000000 0.000000 
-0.067853 94.459213 1.670774 -0.123409 -3.988868 1.579222 2.050408 0.709895 -0.400974 3.105251 1.408298 -0.475482 3.103535 1.417188 -0.462696 -4.434088 -2.088793 -2.098019 -15.173538 -14.179281 3.591073 -0.000001 0.000001 0.000001 1.171171 -6.475924 2.990434 23.355680 -17.901716 -66.972225 4.031169 -103.753483 4.158275 -1.244271 11.103711 10.853505 6.493326 13.592707 -7.620984 3.533469 7.401853 -5.141816 0.325228 5.464482 -2.675199 0.000001 0.000004 0.000001 -0.941809 -1.820668 -36.060438 7.581805 8.097445 -46.530479 4.267019 5.990639 -30.572087 0.000004 -0.000002 -0.000000 0.970317 1.302217 -44.944448 2.663520 8.488024 -37.882012 2.391949 7.620896 -39.240659 -0.000002 0.000002 -0.000002 0.765330 1.307283 -51.003171 -0.409084 8.413436 -35.028857 -0.352709 7.761559 -32.836589 0.000000 -0.000000 -0.000002 3.680995 4.235008 -45.029525 -0.803566 5.632129 -40.035543 -1.430915 7.958891 -34.236880 0.000001 -0.000001 0.000001 0.616673 1.423482 4.629630 24.739246 27.019388 59.900131 2.559875 111.070439 -2.754882 -8.560809 -0.034909 -15.031209 -0.423625 -19.354459 3.301042 3.431355 0.609165 5.067700 -1.446020 2.840868 0.553726 -0.000002 -0.000001 0.000001 6.196695 -6.567679 47.394816 4.650940 -5.636848 30.452842 7.001974 -6.541316 43.274422 -0.000001 -0.000000 0.000002 1.420261 -1.223270 40.073738 2.545768 -7.226779 35.489168 2.577535 -6.999711 34.187668 -0.000000 0.000001 0.000000 2.282080 -2.525499 49.173547 -0.174641 -5.407056 25.036354 0.044773 -6.263627 29.109085 0.000001 -0.000002 0.000001 3.048631 -3.555802 56.517005 -1.414166 -9.533134 40.773337 -1.745199 -8.859390 40.937258 -0.000001 0.000000 0.000001 -22.613515 5.875449 -5.397913 53.400031 5.605254 2.149153 -27.977794 -2.025928 4.877045 -6.141817 0.000004 0.000005 0.000000 0.000000 -0.000000 -21.992984 -7.750268 1.468406 52.970531 -12.680312 -3.877167 -27.059227 -2.103828 0.987557 -8.464060 0.000005 0.000016 -0.000000 -0.000002 -0.000000 
-0.084134 94.192871 1.666683 -0.351501 -3.571684 1.555173 2.086688 0.682086 -0.421138 3.140203 1.345155 -0.466472 3.139149 1.352376 -0.453905 -4.205201 -2.163389 -2.056015 -15.117954 -14.409425 3.305000 -0.000001 -0.000000 -0.000000 1.270746 -7.258634 3.484616 22.834262 -18.054079 -68.042515 4.301042 -102.921928 4.420615 -0.539072 10.827491 10.874240 6.451482 13.567408 -7.523718 3.493253 7.158899 -5.114649 0.315051 5.409400 -2.668458 0.000003 0.000006 -0.000005 -0.859470 -1.684309 -36.140488 7.665133 8.132693 -46.905826 4.307685 6.023790 -30.788406 0.000002 -0.000002 -0.000000 1.077399 1.475848 -45.501614 2.716417 8.555918 -38.267808 2.392736 7.622004 -39.246813 -0.000001 -0.000000 0.000001 0.852785 1.471108 -51.677392 -0.368497 8.561963 -35.694558 -0.349111 7.776074 -32.901694 0.000002 -0.000001 0.000001 3.704964 4.265450 -45.632917 -0.756847 5.805077 -40.759260 -1.427135 7.987871 -34.353324 -0.000003 0.000001 -0.000001 0.665237 1.653927 3.806700 24.209797 28.024746 61.320373 2.690270 110.135694 -2.876633 -6.065276 -0.050184 -14.999799 -0.492142 -19.260689 3.310370 3.431352 0.609160 5.067699 -1.486835 3.065297 0.569160 -0.000001 -0.000003 0.000000 6.166366 -6.527557 47.560363 4.708909 -5.676201 30.748846 7.053429 -6.563317 43.515268 0.000001 -0.000001 -0.000002 1.429199 -1.267335 40.602322 2.588903 -7.281646 35.820353 2.587115 -7.011854 34.261103 0.000001 -0.000001 0.000002 2.275251 -2.528319 49.340948 -0.163860 -5.463285 25.302163 0.050697 -6.285583 29.214935 -0.000002 0.000001 -0.000005 3.023119 -3.539317 56.561145 -1.396618 -9.614420 41.129593 -1.740643 -8.885583 41.048761 0.000000 0.000001 -0.000001 -22.641773 5.526396 -5.638524 53.919798 6.096403 2.146485 -28.865602 -2.143765 5.133292 -5.537236 0.000003 0.000006 -0.000000 -0.000000 -0.000000 -22.259402 -7.871633 1.552211 53.970287 -12.706129 -3.645442 -27.812160 -2.793630 -0.408840 -8.029080 -0.000004 0.000007 -0.000000 -0.000001 -0.000000 
